step,t_wall_s,t_task_s,control_dt_s,control_loop_hz_inst,vision_frame_available,vision_frame_id,vision_age_s,camera_dt_s,camera_hz_inst,hand_detected,microrobot_detected,dead_reckoning_used,dead_reckoning_age_s,hand_x_cm,hand_y_cm,robot_x_cm,robot_y_cm,microrobot_x_cm,microrobot_y_cm,distance_cm,in_zpd,virtual_hand_stride_cm,virtual_hand_smoothing_alpha,virtual_hand_delay_frames,virtual_hand_action_x,virtual_hand_action_y,virtual_hand_action_norm,virtual_hand_command_dx_cm,virtual_hand_command_dy_cm,virtual_hand_command_norm_cm,virtual_hand_delayed_dx_cm,virtual_hand_delayed_dy_cm,virtual_hand_delayed_norm_cm,virtual_hand_smoothed_dx_cm,virtual_hand_smoothed_dy_cm,virtual_hand_smoothed_norm_cm,virtual_hand_exec_dx_cm,virtual_hand_exec_dy_cm,virtual_hand_exec_norm_cm,virtual_hand_actual_dx_cm,virtual_hand_actual_dy_cm,virtual_hand_actual_norm_cm,virtual_hand_accel_clipped,virtual_hand_workspace_clipped,virtual_hand_policy_inference_ms,policy_inference_ms,action_x,action_y,action_norm,last_action_x,last_action_y,virtual_target_x_px,virtual_target_y_px,desired_target_x_px,desired_target_y_px,target_clipped,target_step_limited,robot_world_x,robot_world_y,robot_world_z,safety_stop,safety_reason,task_finished,done_reason
0,1787621337.2352219,2.998858690261841e-07,,,False,,,,,False,False,False,,3.5502970218658447,7.158624649047852,7.498825550079346,5.000124454498291,,,4.5,True,0.184075759,0.568147435688,2,1.0,-1.0,1.4142135381698608,0.1840757578611374,-0.1840757578611374,0.2603224217891693,0.0,0.0,0.0,0.0,0.0,0.0,0.0,0.0,0.0,0.0,0.0,0.0,False,False,1.1836998164653778,2.597300335764885,0.38880234956741333,-0.4129389226436615,0.5671735405921936,0.0,0.0,791.7677612304688,498.0474548339844,791.7677612304688,498.0474548339844,False,False,-0.22712570846728397,-0.5227149985753282,0.11301246185672546,False,,False,caught
1,1787621337.2934115,0.05874999985098839,0.05874969996511936,17.021363523451456,False,,,,,False,False,False,,3.5502970218658447,7.158624649047852,7.528550148010254,4.965999603271484,,,4.542477607727051,True,0.184075759,0.568147435688,2,1.0,-1.0,1.4142135381698608,0.1840757578611374,-0.1840757578611374,0.2603224217891693,0.0,0.0,0.0,0.0,0.0,0.0,0.0,0.0,0.0,0.0,0.0,0.0,False,False,1.4758994802832603,1.9776998087763786,-0.1889193058013916,-1.0,1.0176888704299927,0.38880234956741333,-0.4129389226436615,759.3162841796875,457.5567932128906,759.3162841796875,457.5567932128906,False,False,-0.22499088915529034,-0.5221347246627686,0.11294160041310201,False,,False,caught
2,1787621337.3540747,0.12043350003659725,0.061683500185608864,16.211790786692518,False,,,,,False,False,False,,3.5502970218658447,7.158624649047852,7.6321210861206055,4.85377836227417,,,4.687601089477539,True,0.184075759,0.568147435688,2,1.0,-1.0,1.4142135381698608,0.1840757578611374,-0.1840757578611374,0.2603224217891693,0.1840757578611374,-0.1840757578611374,0.2603224217891693,0.10458216816186905,-0.10458216816186905,0.1479015201330185,0.10458216816186905,-0.10458216816186905,0.1479015201330185,0.10458207130432129,-0.10458230972290039,0.14790154993534088,False,False,1.2494996190071106,1.6933996230363846,-0.11541136354207993,-1.0,1.0066378116607666,-0.1889193058013916,-1.0,774.4383544921875,445.7959899902344,774.4383544921875,445.7959899902344,False,False,-0.21773576353677876,-0.5203909348251053,0.11288788847346627,False,,False,caught
3,1787621337.4163036,0.18265789933502674,0.06222439929842949,16.07086627231192,False,,,,,False,False,False,,3.654879093170166,7.054042339324951,7.583574295043945,4.665627479553223,,,4.597735404968262,True,0.184075759,0.568147435688,2,1.0,0.7240605354309082,1.234610676765442,0.1840757578611374,0.13328199088573456,0.22726191580295563,0.1840757578611374,-0.1840757578611374,0.2603224217891693,0.14974620938301086,-0.14974631369113922,0.21177318692207336,0.14974620938301086,-0.14974631369113922,0.21177318692207336,0.14974617958068848,-0.14974641799926758,0.21177324652671814,False,False,1.1708000674843788,1.6015004366636276,0.007595755159854889,-1.0,1.0000288486480713,-0.11541136354207993,-1.0,777.0247192382812,426.0777893066406,777.0247192382812,426.0777893066406,False,False,-0.21401743919565105,-0.5110373312515964,0.11266368085779571,False,,False,caught
4,1787621337.4779935,0.24361189920455217,0.06095399986952543,16.405814255677093,False,,,,,False,False,False,,3.8046252727508545,6.904295921325684,7.541140556335449,4.482545852661133,,,4.452686786651611,True,0.184075759,0.568147435688,2,1.0,-1.0,1.4142135381698608,0.1840757578611374,-0.1840757578611374,0.2603224217891693,0.1840757578611374,-0.1840757578611374,0.2603224217891693,0.16925044357776642,-0.16925054788589478,0.23935635387897491,0.16925044357776642,-0.16925054788589478,0.23935635387897491,0.16925048828125,-0.16925048828125,0.23935633897781372,False,False,1.2194998562335968,1.9441992044448853,0.12900245189666748,-1.0,1.008286476135254,0.007595755159854889,-1.0,780.1387329101562,406.89080810546875,780.1387329101562,406.89080810546875,False,False,-0.21020512717414078,-0.5020484963486868,0.11276170779237675,False,,False,caught
5,1787621337.5392566,0.3049576999619603,0.06134580075740814,16.301034262385752,False,,,,,False,False,False,,3.9738757610321045,6.735045433044434,7.555408000946045,4.293625354766846,,,4.33450174331665,True,0.184075759,0.568147435688,2,1.0,-0.543533444404602,1.1381689310073853,0.1840757578611374,-0.10005132853984833,0.20950931310653687,0.1840757578611374,0.13328199088573456,0.22726191580295563,0.17767342925071716,0.0026325583457946777,0.1776929348707199,0.17767342925071716,0.0026325583457946777,0.1776929348707199,0.1776735782623291,0.002632617950439453,0.17769308388233185,False,False,1.2886002659797668,1.7349999397993088,0.22978714108467102,-1.0,1.0260614156723022,0.12900245189666748,-1.0,787.7919311523438,387.0919494628906,787.7919311523438,387.0919494628906,False,False,-0.20403409208519616,-0.49442210673175263,0.11270786199933305,False,,False,caught
6,1787621337.6000845,0.3664500992745161,0.06149239931255579,16.262172417718876,False,,,,,False,False,False,,4.151549339294434,6.737678050994873,7.587522029876709,4.104428291320801,,,4.3289618492126465,True,0.184075759,0.568147435688,2,1.0,-0.7540725469589233,1.2524477243423462,0.1840757578611374,-0.13880647718906403,0.2305452674627304,0.1840757578611374,-0.1840757578611374,0.2603224217891693,0.18131095170974731,-0.10344526171684265,0.20874525606632233,0.18131095170974731,-0.10344526171684265,0.20874525606632233,0.18131113052368164,-0.10344505310058594,0.2087453156709671,False,False,1.198899932205677,1.6425000503659248,0.24849197268486023,-1.0,1.030411720275879,0.22978714108467102,-1.0,792.2295532226562,367.26409912109375,792.2295532226562,367.26409912109375,False,False,-0.1971473120041151,-0.48727323952232005,0.11278155220253795,False,,False,caught
7,1787621337.6624708,0.4278077995404601,0.061357700265944004,16.297872893959166,False,,,,,False,False,False,,4.332860469818115,6.634232997894287,7.625452518463135,3.936922311782837,,,4.256365776062012,True,0.184075759,0.568147435688,2,1.0,-1.0,1.4142135381698608,0.1840757578611374,-0.1840757578611374,0.2603224217891693,0.1840757578611374,-0.10005132853984833,0.20950931310653687,0.18288184702396393,-0.10151691734790802,0.20916849374771118,0.18288184702396393,-0.10151691734790802,0.20916849374771118,0.18288183212280273,-0.1015167236328125,0.20916837453842163,False,False,1.436999998986721,2.17329990118742,0.3271270990371704,-1.0,1.0521464347839355,0.24849197268486023,-1.0,800.945068359375,349.7094421386719,800.945068359375,349.7094421386719,False,False,-0.19066319171525134,-0.48119698559821056,0.11283277338046961,False,,False,caught
8,1787621337.7234032,0.48979089967906475,0.06198310013860464,16.133429882723384,False,,,,,False,False,False,,4.515742301940918,6.532716274261475,7.674314975738525,3.7427563667297363,,,4.214315891265869,True,0.184075759,0.568147435688,2,0.3484518527984619,-1.0,1.05897057056427,0.06414154171943665,-0.1840757578611374,0.1949308067560196,0.1840757578611374,-0.13880647718906403,0.2305452674627304,0.18356016278266907,-0.12270279973745346,0.22079472243785858,0.18356016278266907,-0.12270279973745346,0.22079472243785858,0.18356037139892578,-0.12270259857177734,0.22079478204250336,False,False,1.311599276959896,1.8056007102131844,0.3633924126625061,-1.0,1.0639803409576416,0.3271270990371704,-1.0,808.1766967773438,329.36090087890625,808.1766967773438,329.36090087890625,False,False,-0.18293110006271948,-0.4742702904532123,0.1128229067856967,False,,False,caught
9,1787621337.7848017,0.5511475000530481,0.06135660037398338,16.298165053225848,False,,,,,False,False,False,,4.699302673339844,6.410013675689697,7.73417329788208,3.5521960258483887,,,4.16864013671875,True,0.184075759,0.568147435688,2,1.0,-1.0,1.4142135381698608,0.1840757578611374,-0.1840757578611374,0.2603224217891693,0.1840757578611374,-0.1840757578611374,0.2603224217891693,0.1838531792163849,-0.15757159888744354,0.24213798344135284,0.1838531792163849,-0.15757159888744354,0.24213798344135284,0.1838531494140625,-0.15757179260253906,0.2421380877494812,False,False,1.3116998597979546,1.607600599527359,0.37954169511795044,-0.9655122756958008,1.037432312965393,0.3633924126625061,-1.0,815.2984008789062,311.5587463378906,815.2984008789062,311.5587463378906,False,False,-0.17485211116362126,-0.4677909505334308,0.11284980224579191,False,,False,caught
10,1787621337.8461933,0.6125520998612046,0.06140459980815649,16.285424921329234,False,,,,,False,False,False,,4.883155822753906,6.252441883087158,7.800265312194824,3.3860630989074707,,,4.089701175689697,True,0.184075759,0.568147435688,2,1.0,-1.0,1.4142135381698608,0.1840757578611374,-0.1840757578611374,0.2603224217891693,0.06414154171943665,-0.1840757578611374,0.1949308067560196,0.11583930253982544,-0.1726299524307251,0.20789383351802826,0.11583930253982544,-0.1726299524307251,0.20789383351802826,0.11583948135375977,-0.17262983322143555,0.20789383351802826,False,False,1.248599961400032,1.8678996711969376,0.3992016017436981,-0.9074808359146118,0.9914047718048096,0.37954169511795044,-0.9655122756958008,823.2741088867188,297.7970275878906,823.2741088867188,297.7970275878906,False,False,-0.16724255897012008,-0.46252481950389135,0.11286686715093083,False,,False,caught
11,1787621337.9067001,0.6731178993359208,0.060565799474716187,16.51096837939802,False,,,,,False,False,False,,4.998995304107666,6.079812049865723,7.871412754058838,3.1971235275268555,,,4.069480895996094,True,0.184075759,0.568147435688,2,1.0,-1.0,1.4142135381698608,0.1840757578611374,-0.1840757578611374,0.2603224217891693,0.1840757578611374,-0.1840757578611374,0.2603224217891693,0.15460774302482605,-0.17913280427455902,0.236626535654068,0.15460774302482605,-0.17913280427455902,0.236626535654068,0.15460777282714844,-0.17913293838500977,0.23662665486335754,False,False,1.1315001174807549,1.698100008070469,0.39077359437942505,-0.8356773853302002,0.9225295186042786,0.3992016017436981,-0.9074808359146118,830.0418090820312,282.51116943359375,830.0418090820312,282.51116943359375,False,False,-0.15871219882021584,-0.4563964247264143,0.11281232601784073,False,,False,caught
12,1787621337.9681368,0.7340532997623086,0.06093540042638779,16.410821837595652,False,,,,,False,False,False,,5.1536030769348145,5.900679111480713,7.948838710784912,3.026630401611328,,,4.009176731109619,True,0.184075759,0.568147435688,2,1.0,-1.0,1.4142135381698608,0.1840757578611374,-0.1840757578611374,0.2603224217891693,0.1840757578611374,-0.1840757578611374,0.2603224217891693,0.17134994268417358,-0.1819411814212799,0.24992677569389343,0.17134994268417358,-0.1819411814212799,0.24992677569389343,0.17135000228881836,-0.18194103240966797,0.24992671608924866,False,False,1.1819005012512207,1.6505001112818718,0.4101725220680237,-0.7659202814102173,0.8688356280326843,0.39077359437942505,-0.8356773853302002,839.162109375,269.02978515625,839.162109375,269.02978515625,False,False,-0.15046853414157604,-0.45122967909905093,0.11285252981137492,False,,False,caught
13,1787621338.0295258,0.7948447000235319,0.060791400261223316,16.44969511646312,False,,,,,False,False,False,,5.324953079223633,5.718738079071045,8.013392448425293,2.888763666152954,,,3.903391122817993,True,0.184075759,0.568147435688,2,1.0,-1.0,1.4142135381698608,0.1840757578611374,-0.1840757578611374,0.2603224217891693,0.1840757578611374,-0.1840757578611374,0.2603224217891693,0.17858010530471802,-0.18315386772155762,0.25580498576164246,0.17858010530471802,-0.18315386772155762,0.25580498576164246,0.17858028411865234,-0.18315362930297852,0.25580495595932007,False,False,1.1820998042821884,2.1823998540639877,0.45999079942703247,-0.7256075739860535,0.8591262698173523,0.4101725220680237,-0.7659202814102173,848.8331909179688,257.1162414550781,848.8331909179688,257.1162414550781,False,False,-0.14370374187279328,-0.447094149332742,0.11285290063738637,False,,False,caught
14,1787621338.0893776,0.8557298993691802,0.06088519934564829,16.424352892776955,False,,,,,False,False,False,,5.503533363342285,5.535584449768066,8.093181610107422,2.740154266357422,,,3.8106045722961426,True,0.184075759,0.568147435688,2,0.9256058931350708,-1.0,1.3626247644424438,0.1703816056251526,-0.1840757578611374,0.2508261799812317,0.1840757578611374,-0.1840757578611374,0.2603224217891693,0.18170252442359924,-0.1836775243282318,0.25836649537086487,0.18170252442359924,-0.1836775243282318,0.25836649537086487,0.1817026138305664,-0.18367767333984375,0.2583666443824768,False,False,1.3273004442453384,1.6353996470570564,0.5189202427864075,-0.6699268817901611,0.847396194934845,0.45999079942703247,-0.7256075739860535,860.6242065429688,245.0431671142578,860.6242065429688,245.0431671142578,False,False,-0.13598803055619718,-0.44291948188676594,0.11290612619576475,False,,False,caught
15,1787621338.1503603,0.9166067996993661,0.06087690033018589,16.426591935137484,False,,,,,False,False,False,,5.685235977172852,5.351906776428223,8.169020652770996,2.6224148273468018,,,3.6904351711273193,True,0.184075759,0.568147435688,2,1.0,-1.0,1.4142135381698608,0.1840757578611374,-0.1840757578611374,0.2603224217891693,0.1840757578611374,-0.1840757578611374,0.2603224217891693,0.18305090069770813,-0.18390384316444397,0.259476900100708,0.18305090069770813,-0.18390384316444397,0.259476900100708,0.18305110931396484,-0.18390369415283203,0.2594769299030304,False,False,1.1748000979423523,1.8084999173879623,0.5868809223175049,-0.6145616769790649,0.849773645401001,0.5189202427864075,-0.6699268817901611,872.5657348632812,236.18545532226562,872.5657348632812,236.18545532226562,False,False,-0.1293598109103088,-0.4399699769702802,0.11292263874594374,False,,False,caught
16,1787621338.2128415,0.9781912993639708,0.061584499664604664,16.237852145362872,False,,,,,False,False,False,,5.868287086486816,5.168003082275391,8.26756477355957,2.495591878890991,,,3.5914225578308105,True,0.184075759,0.568147435688,2,1.0,-1.0,1.4142135381698608,0.1840757578611374,-0.1840757578611374,0.2603224217891693,0.1703816056251526,-0.1840757578611374,0.2508261799812317,0.1758529543876648,-0.18400144577026367,0.2545207142829895,0.1758529543876648,-0.18400144577026367,0.2545207142829895,0.17585277557373047,-0.18400144577026367,0.25452059507369995,False,False,1.2347996234893799,1.9706003367900848,0.6419469714164734,-0.5451494455337524,0.8421899080276489,0.5868809223175049,-0.6145616769790649,886.0398559570312,227.259033203125,886.0398559570312,227.259033203125,False,False,-0.12153466176050702,-0.43727562063005093,0.11292402865485474,False,,False,caught
17,1787621338.2734585,1.0398329999297857,0.06164170056581497,16.222784102659496,False,,,,,False,False,False,,6.044139862060547,4.984001636505127,8.379145622253418,2.380939483642578,,,3.496882200241089,False,0.184075759,0.568147435688,2,1.0,-1.0,1.4142135381698608,0.1840757578611374,-0.1840757578611374,0.2603224217891693,0.1840757578611374,-0.1840757578611374,0.2603224217891693,0.18052464723587036,-0.18404367566108704,0.25780072808265686,0.18052464723587036,-0.18404367566108704,0.25780072808265686,0.1805248260498047,-0.18404388427734375,0.25780102610588074,False,False,1.1192001402378082,1.6067000105977058,0.7017446160316467,-0.4978378415107727,0.8603999018669128,0.6419469714164734,-0.5451494455337524,901.1397094726562,218.21841430664062,901.1397094726562,218.21841430664062,False,False,-0.11354975060753177,-0.4354897259185141,0.11293090743935877,False,,False,caught
18,1787621338.3344889,1.1008558999747038,0.06102290004491806,16.387290660783325,False,,,,,False,False,False,,6.224664688110352,4.799957752227783,8.488044738769531,2.2932562828063965,,,3.3773422241210938,False,0.184075759,0.568147435688,2,1.0,-1.0,1.4142135381698608,0.1840757578611374,-0.1840757578611374,0.2603224217891693,0.1840757578611374,-0.1840757578611374,0.2603224217891693,0.18254227936267853,-0.18406200408935547,0.2592306137084961,0.18254227936267853,-0.18406200408935547,0.2592306137084961,0.1825423240661621,-0.18406200408935547,0.2592306435108185,False,False,1.2251008301973343,1.8413998186588287,0.759209394454956,-0.46929389238357544,0.8925445079803467,0.7017446160316467,-0.4978378415107727,915.8215942382812,210.8240509033203,915.8215942382812,210.8240509033203,False,False,-0.10649286764698943,-0.43480956119408615,0.11296173889881905,False,,False,caught
19,1787621338.3962731,1.1621055994182825,0.06124969944357872,16.326610727635785,False,,,,,False,False,False,,6.407207012176514,4.615895748138428,8.62266731262207,2.1976802349090576,,,3.2796387672424316,False,0.184075759,0.568147435688,2,1.0,-1.0,1.4142135381698608,0.1840757578611374,-0.1840757578611374,0.2603224217891693,0.1840757578611374,-0.1840757578611374,0.2603224217891693,0.1834135353565216,-0.18406981229782104,0.2598503828048706,0.1834135353565216,-0.18406981229782104,0.2598503828048706,0.18341350555419922,-0.18406963348388672,0.25985023379325867,False,False,1.1768992990255356,1.7475998029112816,0.8150230050086975,-0.433384507894516,0.9230843186378479,0.759209394454956,-0.46929389238357544,933.0361328125,203.06565856933594,933.0361328125,203.06565856933594,False,False,-0.09814783839636627,-0.4345326318634423,0.11299315693735808,False,,False,caught
20,1787621338.457692,1.2230187999084592,0.06091320049017668,16.416802794022743,False,,,,,False,False,False,,6.590620517730713,4.431826114654541,8.764742851257324,2.1097917556762695,,,3.180982828140259,False,0.184075759,0.568147435688,2,0.6868138313293457,-1.0,1.213141918182373,0.12642577290534973,-0.1840757578611374,0.22331000864505768,0.1840757578611374,-0.1840757578611374,0.2603224217891693,0.18378975987434387,-0.18407312035560608,0.26011839509010315,0.18378975987434387,-0.18407312035560608,0.26011839509010315,0.18378973007202148,-0.18407297134399414,0.2601182758808136,False,False,1.2834994122385979,1.6895998269319534,0.8602339625358582,-0.4070218801498413,0.9516665935516357,0.8150230050086975,-0.433384507894516,950.3623657226562,195.5126495361328,950.3623657226562,195.5126495361328,False,False,-0.08972466985982892,-0.4348136089172446,0.11297976063120632,False,,False,caught
21,1787621338.5182166,1.2845811992883682,0.06156239937990904,16.243681371625538,False,,,,,False,False,False,,6.774410247802734,4.247753143310547,8.900565147399902,2.039687395095825,,,3.0653040409088135,False,0.184075759,0.568147435688,2,1.0,-1.0,1.4142135381698608,0.1840757578611374,-0.1840757578611374,0.2603224217891693,0.1840757578611374,-0.1840757578611374,0.2603224217891693,0.1839522421360016,-0.1840745508670807,0.2602342665195465,0.1839522421360016,-0.1840745508670807,0.2602342665195465,0.18395233154296875,-0.18407440185546875,0.26023420691490173,False,False,1.106499694287777,1.7753001302480698,0.9034930467605591,-0.3933020234107971,0.985386312007904,0.8602339625358582,-0.4070218801498413,966.9285278320312,189.02841186523438,966.9285278320312,189.02841186523438,False,False,-0.08209118532811258,-0.4356991694171658,0.11302334697824233,False,,False,caught
22,1787621338.5802236,1.3464152999222279,0.061834100633859634,16.172306053601943,False,,,,,False,False,False,,6.958362579345703,4.063678741455078,9.067828178405762,1.9620020389556885,,,2.9777324199676514,False,0.184075759,0.568147435688,2,1.0,-1.0,1.4142135381698608,0.1840757578611374,-0.1840757578611374,0.2603224217891693,0.12642577290534973,-0.1840757578611374,0.22331000864505768,0.15126876533031464,-0.18407517671585083,0.23825597763061523,0.15126876533031464,-0.18407517671585083,0.23825597763061523,0.15126895904541016,-0.18407511711120605,0.2382560521364212,False,False,1.2223999947309494,1.9210996106266975,0.9440432190895081,-0.36958399415016174,1.0138095617294312,0.9034930467605591,-0.3933020234107971,986.5476684570312,182.3783721923828,986.5476684570312,182.3783721923828,False,False,-0.07294003202860572,-0.43717604048020636,0.11303529007877225,False,,False,caught
23,1787621338.751916,1.4327856991440058,0.08637039922177792,11.578040729350414,False,,,,,False,False,False,,7.109631538391113,3.879603624343872,9.299327850341797,1.8636952638626099,,,2.976349353790283,False,0.184075759,0.568147435688,2,1.0,-1.0,1.4142135381698608,0.1840757578611374,-0.1840757578611374,0.2603224217891693,0.1840757578611374,-0.1840757578611374,0.2603224217891693,0.1699080616235733,-0.1840754747390747,0.2505045533180237,0.1699080616235733,-0.1840754747390747,0.2505045533180237,0.1699080467224121,-0.18407559394836426,0.25050461292266846,False,False,1.5636002644896507,85.41940059512854,0.9523175358772278,-0.31358879804611206,1.0026198625564575,0.9440432190895081,-0.36958399415016174,1010.7615356445312,175.5968017578125,1010.7615356445312,175.5968017578125,False,False,-0.060525595360554234,-0.4396362220575386,0.11299556547159242,False,,False,caught
24,1787621338.7662635,1.5282129999250174,0.09542730078101158,10.479181448240052,False,,,,,False,False,False,,7.279539585113525,3.695528030395508,9.521749496459961,1.7785019874572754,,,2.9499988555908203,False,0.184075759,0.568147435688,2,1.0,-1.0,1.4142135381698608,0.1840757578611374,-0.1840757578611374,0.2603224217891693,0.1840757578611374,-0.1840757578611374,0.2603224217891693,0.17795738577842712,-0.18407568335533142,0.2560325860977173,0.17795738577842712,-0.18407568335533142,0.2560325860977173,0.17795753479003906,-0.18407559394836426,0.25603264570236206,False,False,2.6086997240781784,3.1181005761027336,0.9670549035072327,-0.26836687326431274,1.0036015510559082,0.9523175358772278,-0.31358879804611206,1034.4429931640625,169.51210021972656,1034.4429931640625,169.51210021972656,False,False,-0.048850896484706065,-0.44242037789184985,0.11298236647900556,False,,False,caught
25,1787621338.8289099,1.5921802995726466,0.06396729964762926,15.632987565656318,True,1,0.02227760013192892,,,False,False,False,,7.4574971199035645,3.5114524364471436,9.581547737121582,1.7548223733901978,,,2.7563273906707764,False,0.184075759,0.568147435688,2,1.0,-1.0,1.4142135381698608,0.1840757578611374,-0.1840757578611374,0.2603224217891693,0.1840757578611374,-0.1840757578611374,0.2603224217891693,0.18143358826637268,-0.18407568335533142,0.2584608495235443,0.18143358826637268,-0.18407568335533142,0.2584608495235443,0.18143367767333984,-0.18407559394836426,0.2584608197212219,False,False,1.5524998307228088,2.668200060725212,0.9830870032310486,-0.2928135395050049,1.0257679224014282,0.9670549035072327,-0.26836687326431274,1041.5513916015625,165.49325561523438,1041.5513916015625,165.49325561523438,False,False,-0.045680100567706175,-0.4431360870000025,0.11294956453881502,False,,False,caught
26,1787621338.8925352,1.6540454998612404,0.06186520028859377,16.16417623049985,True,2,3.769993782043457e-05,1.5706448005512357,0.6366811895656094,False,False,False,,7.638930797576904,3.3273768424987793,9.707792282104492,1.721631407737732,,,2.618894100189209,False,0.184075759,0.568147435688,2,1.0,-0.8839266300201416,1.3346633911132812,0.1840757578611374,-0.16270945966243744,0.24567916989326477,0.1840757578611374,-0.1840757578611374,0.2603224217891693,0.18293476104736328,-0.18407568335533142,0.2595168352127075,0.18293476104736328,-0.18407568335533142,0.2595168352127075,0.18293476104736328,-0.18407559394836426,0.25951677560806274,False,False,2.4100998416543007,2.421400509774685,1.0,-0.2711150050163269,1.0361000299453735,0.9830870032310486,-0.2928135395050049,1055.5179443359375,163.37924194335938,1055.5179443359375,163.37924194335938,False,False,-0.039518903702536974,-0.4453967103690428,0.11301588179773606,False,,False,caught
27,1787621338.9550598,1.7162155993282795,0.06217009946703911,16.084902687507725,False,,,,,False,False,False,,7.821865558624268,3.143301248550415,9.902548789978027,1.6712381839752197,,,2.548766851425171,False,0.184075759,0.568147435688,2,0.22125244140625,-1.0,1.0241838693618774,0.04072720929980278,-0.1840757578611374,0.1885274201631546,0.1840757578611374,-0.1840757578611374,0.2603224217891693,0.18358302116394043,-0.18407568335533142,0.2599742114543915,0.18358302116394043,-0.18407568335533142,0.2599742114543915,0.18358278274536133,-0.18407559394836426,0.2599739730358124,False,False,2.5597000494599342,3.2083000987768173,1.0,-0.2190932333469391,1.0237196683883667,1.0,-0.2711150050163269,1075.4610595703125,161.3691864013672,1075.4610595703125,161.3691864013672,False,False,-0.0300193642255187,-0.4489279463884151,0.11297360418431211,False,,False,caught
28,1787621339.0062373,1.7673450000584126,0.05112940073013306,19.558218671056146,True,3,0.03776050079613924,0.08409729972481728,11.890988215700082,False,False,False,,8.005448341369629,2.959225654602051,10.09810733795166,1.61836576461792,,,2.485382556915283,False,0.184075759,0.568147435688,2,1.0,-1.0,1.4142135381698608,0.1840757578611374,-0.1840757578611374,0.2603224217891693,0.1840757578611374,-0.16270945966243744,0.24567916989326477,0.1838628649711609,-0.17193648219108582,0.25172942876815796,0.1838628649711609,-0.17193648219108582,0.25172942876815796,0.18386268615722656,-0.1719365119934082,0.2517293095588684,False,False,2.2724997252225876,2.278999425470829,0.9965342879295349,-0.15996381640434265,1.0092912912368774,1.0,-0.2190932333469391,1095.273193359375,159.5462188720703,1095.273193359375,159.5462188720703,False,False,-0.02038119645660126,-0.4523820295176138,0.11293740869467431,False,,False,caught
29,1787621339.0613692,1.8236519992351532,0.056306999176740646,17.75978145915972,True,4,0.018711299635469913,0.07604550011456013,13.150022006476805,False,False,False,,8.189311027526855,2.7872891426086426,10.281570434570312,1.5806362628936768,,,2.415276527404785,False,0.184075759,0.568147435688,2,1.0,-1.0,1.4142135381698608,0.1840757578611374,-0.1840757578611374,0.2603224217891693,0.04072720929980278,-0.1840757578611374,0.1885274201631546,0.10254063457250595,-0.17883339524269104,0.2061454951763153,0.10254063457250595,-0.17883339524269104,0.2061454951763153,0.10254096984863281,-0.1788334846496582,0.2061457335948944,False,False,2.1705999970436096,2.6545999571681023,0.9446302056312561,-0.10424968600273132,0.9503653049468994,0.9965342879295349,-0.15996381640434265,1110.870849609375,159.095458984375,1110.870849609375,159.095458984375,False,False,-0.011703502396992227,-0.4561599907082843,0.11298350605457483,False,,False,caught
30,1787621339.1223912,1.8846829999238253,0.061031000688672066,16.385115575953673,True,5,0.013367900624871254,0.07488929945975542,13.353042520278716,False,False,False,,8.291851997375488,2.6084556579589844,10.499405860900879,1.5500929355621338,,,2.4481472969055176,False,0.184075759,0.568147435688,2,0.2931101322174072,-1.0,1.0420717000961304,0.05395447090268135,-0.1840757578611374,0.1918201446533203,0.1840757578611374,-0.1840757578611374,0.2603224217891693,0.14886474609375,-0.1818118691444397,0.23498141765594482,0.14886474609375,-0.1818118691444397,0.23498141765594482,0.14886474609375,-0.18181180953979492,0.23498137295246124,False,False,1.9645998254418373,2.42569949477911,0.8806740641593933,-0.06145506724715233,0.8828156590461731,0.9446302056312561,-0.10424968600273132,1129.247802734375,158.58543395996094,1129.247802734375,158.58543395996094,False,False,-0.0018415354286332422,-0.46129251861952625,0.11298854621357857,False,,False,caught
31,1787621339.1848862,1.9461595993489027,0.06147659942507744,16.266351902217963,True,6,0.0015730997547507286,0.06637040060013533,15.066957423155301,False,False,False,,8.440716743469238,2.4266438484191895,10.678476333618164,1.5339463949203491,,,2.409248113632202,False,0.184075759,0.568147435688,2,1.0,-1.0,1.4142135381698608,0.1840757578611374,-0.1840757578611374,0.2603224217891693,0.1840757578611374,-0.1840757578611374,0.2603224217891693,0.16886979341506958,-0.18309807777404785,0.24908213317394257,0.16886979341506958,-0.18309807777404785,0.24908213317394257,0.1688699722290039,-0.18309807777404785,0.24908225238323212,False,False,2.083100378513336,1.9259005784988403,0.8310291171073914,-0.01821218803524971,0.8312286734580994,0.8806740641593933,-0.06145506724715233,1144.534423828125,159.61239624023438,1144.534423828125,159.61239624023438,False,False,0.005988955353860137,-0.4659206787137343,0.11295419967726816,False,,False,caught
32,1787621339.2464008,2.0076516000553966,0.061492000706493855,16.262277833064473,False,,,,,False,False,False,,8.609586715698242,2.2435457706451416,10.868081092834473,1.523069143295288,,,2.37062931060791,False,0.184075759,0.568147435688,2,1.0,-1.0,1.4142135381698608,0.1840757578611374,-0.1840757578611374,0.2603224217891693,0.05395447090268135,-0.1840757578611374,0.1918201446533203,0.1035810261964798,-0.1836535483598709,0.2108498364686966,0.1035810261964798,-0.1836535483598709,0.2108498364686966,0.10358142852783203,-0.1836535930633545,0.2108500748872757,False,False,2.4847006425261497,2.7922997251152992,0.8076679706573486,0.03376554325222969,0.8083734512329102,0.8310291171073914,-0.01821218803524971,1162.5145263671875,161.74082946777344,1162.5145263671875,161.74082946777344,False,False,0.014090939928678518,-0.47110783897909253,0.11294011453709077,False,,False,caught
33,1787621339.3106081,2.069761399179697,0.06210979912430048,16.10051898571911,True,7,0.05357789993286133,0.07327239960432053,13.647703711085159,False,False,False,,8.713168144226074,2.059892177581787,11.042702674865723,1.5220756530761719,,,2.3908112049102783,False,0.184075759,0.568147435688,2,1.0,-0.9841951727867126,1.4030823707580566,0.1840757578611374,-0.18116647005081177,0.2582734525203705,0.1840757578611374,-0.1840757578611374,0.2603224217891693,0.14931407570838928,-0.18389344215393066,0.2368786484003067,0.14931407570838928,-0.18389344215393066,0.2368786484003067,0.14931392669677734,-0.18389344215393066,0.23687854409217834,False,False,2.371399663388729,2.970900386571884,0.7631561756134033,0.0684502124786377,0.7662197947502136,0.8076679706573486,0.03376554325222969,1177.6610107421875,163.8176727294922,1177.6610107421875,163.8176727294922,False,False,0.021267414227893324,-0.47629582527637837,0.11288236468923668,False,,False,caught
34,1787621339.3739552,2.1310594994574785,0.061298100277781487,16.313719274632504,True,8,0.04616620019078255,0.07198739983141422,13.891319902397905,False,False,False,,8.862482070922852,1.8759987354278564,11.217896461486816,1.531495451927185,,,2.38047456741333,False,0.184075759,0.568147435688,2,0.9774748086929321,-1.0,1.3983765840530396,0.17992942035198212,-0.1840757578611374,0.25740721821784973,0.1840757578611374,-0.1840757578611374,0.2603224217891693,0.1690637767314911,-0.1839970350265503,0.24987490475177765,0.1690637767314911,-0.1839970350265503,0.24987490475177765,0.16906356811523438,-0.1839970350265503,0.2498747706413269,False,False,2.525399439036846,3.0035004019737244,0.7196940779685974,0.0945112556219101,0.7258732318878174,0.7631561756134033,0.0684502124786377,1192.9305419921875,166.44358825683594,1192.9305419921875,166.44358825683594,False,False,0.028132937137406437,-0.48197288976458424,0.11292229876591067,False,,False,caught
35,1787621339.429109,2.1924134995788336,0.06135400012135506,16.298855788083117,True,9,0.027105899527668953,0.06831810064613819,14.637409274294965,False,False,False,,9.031545639038086,1.6920017004013062,11.360997200012207,1.5453482866287231,,,2.3340632915496826,False,0.184075759,0.568147435688,2,1.0,-1.0,1.4142135381698608,0.1840757578611374,-0.1840757578611374,0.2603224217891693,0.1840757578611374,-0.18116647005081177,0.2582734525203705,0.1775927096605301,-0.18238885700702667,0.2545680105686188,0.1775927096605301,-0.18238885700702667,0.2545680105686188,0.17759227752685547,-0.18238890171051025,0.2545677125453949,False,False,1.6636000946164131,2.3301001638174057,0.6663482189178467,0.12512652575969696,0.6779945492744446,0.7196940779685974,0.0945112556219101,1204.3065185546875,169.82044982910156,1204.3065185546875,169.82044982910156,False,False,0.03354303063182351,-0.48689000654524756,0.11295326369948919,False,,False,caught
36,1787621339.4918666,2.25414829980582,0.06173480022698641,16.198319202835382,True,10,0.017718099988996983,0.08041569963097572,12.435382700007064,False,False,False,,9.209137916564941,1.509612798690796,11.516201972961426,1.5680519342422485,,,2.3078041076660156,False,0.184075759,0.568147435688,2,1.0,0.5537127256393433,1.143065094947815,0.1840757578611374,0.1019250899553299,0.21041056513786316,0.17992942035198212,-0.1840757578611374,0.25740721821784973,0.17892012000083923,-0.18334728479385376,0.25618085265159607,0.17892012000083923,-0.18334728479385376,0.25618085265159607,0.17891979217529297,-0.18334722518920898,0.2561805844306946,False,False,1.4562997967004776,1.8907003104686737,0.61344975233078,0.1491021364927292,0.6313098073005676,0.6663482189178467,0.12512652575969696,1216.949462890625,173.70738220214844,1216.949462890625,173.70738220214844,False,False,0.03916094098837128,-0.49257026551053334,0.11293884504969054,False,,False,caught
37,1787621339.5547893,2.316062499769032,0.06191419996321201,16.151383698637417,True,11,0.011992599815130234,0.07112149987369776,14.060445881707583,False,False,False,,9.388057708740234,1.326265573501587,11.654349327087402,1.59528386592865,,,2.28220272064209,False,0.184075759,0.568147435688,2,1.0,-1.0,1.4142135381698608,0.1840757578611374,-0.1840757578611374,0.2603224217891693,0.1840757578611374,-0.1840757578611374,0.2603224217891693,0.1818491518497467,-0.18376114964485168,0.25852906703948975,0.1818491518497467,-0.18376114964485168,0.25852906703948975,0.18184947967529297,-0.1837611198425293,0.25852927565574646,False,False,1.9057998433709145,2.0702993497252464,0.5401896238327026,0.17929118871688843,0.5691661834716797,0.61344975233078,0.1491021364927292,1226.5946044921875,178.45957946777344,1226.5946044921875,178.45957946777344,False,False,0.043931508406825026,-0.4979430503622437,0.11294952444567598,False,,False,caught
38,1787621339.6167097,2.37796219997108,0.061899700202047825,16.155167096704567,True,12,0.0032148007303476334,0.06763970013707876,14.784216931379024,False,False,False,,9.569907188415527,1.1425044536590576,11.768068313598633,1.6255333423614502,,,2.2506065368652344,False,0.184075759,0.568147435688,2,0.7904599905014038,-1.0,1.2746869325637817,0.14550451934337616,-0.1840757578611374,0.234638974070549,0.1840757578611374,0.1019250899553299,0.21041056513786316,0.18311433494091034,-0.021449238061904907,0.18436630070209503,0.18311433494091034,-0.021449238061904907,0.18436630070209503,0.18311405181884766,-0.02144920825958252,0.18436601758003235,False,False,1.910199411213398,2.2413991391658783,0.5029370784759521,0.21136383712291718,0.5455459356307983,0.5401896238327026,0.17929118871688843,1235.95068359375,183.64645385742188,1235.95068359375,183.64645385742188,False,False,0.04759920016091409,-0.5027165966369587,0.11292132714758585,False,,False,caught
39,1787621339.6771705,2.4394557997584343,0.06149359978735447,16.261854948450097,False,,,,,False,False,False,,9.753021240234375,1.121055245399475,11.882197380065918,1.66624116897583,,,2.197866916656494,False,0.184075759,0.568147435688,2,0.6544578075408936,-0.24704331159591675,0.6995322704315186,0.12046981602907181,-0.04547468572854996,0.12876693904399872,0.1840757578611374,-0.1840757578611374,0.2603224217891693,0.18366044759750366,-0.11384506523609161,0.21608299016952515,0.18366044759750366,-0.11384506523609161,0.21608299016952515,0.18366050720214844,-0.1138451099395752,0.21608306467533112,False,False,2.0688995718955994,2.670399844646454,0.484724760055542,0.24177704751491547,0.5416772365570068,0.5029370784759521,0.21136383712291718,1246.5184326171875,189.8250274658203,1246.5184326171875,189.8250274658203,False,False,0.05093531678066269,-0.5079687300745211,0.11289440159944548,False,,False,caught
40,1787621339.7390585,2.5013157995417714,0.061859999783337116,16.165535135830446,True,13,0.058035699650645256,0.07067780010402203,14.148714285507218,False,False,False,,9.936681747436523,1.0072101354599,11.984015464782715,1.7125320434570312,,,2.1654224395751953,False,0.184075759,0.568147435688,2,1.0,-1.0,1.4142135381698608,0.1840757578611374,-0.1840757578611374,0.2603224217891693,0.14550451934337616,-0.1840757578611374,0.234638974070549,0.16198226809501648,-0.15374647080898285,0.22332987189292908,0.16198226809501648,-0.15374647080898285,0.22332987189292908,0.16198253631591797,-0.15374648571014404,0.2233300805091858,False,False,2.2887997329235077,1.9463002681732178,0.458859384059906,0.2811375856399536,0.5381359457969666,0.484724760055542,0.24177704751491547,1255.35546875,197.1512908935547,1255.35546875,197.1512908935547,False,False,0.053578173930344676,-0.5130975599924893,0.1128807267860627,False,,False,caught
41,1787621339.803985,2.5626222994178534,0.061306499876081944,16.31148413335107,True,14,0.052241699770092964,0.06891299970448017,14.5110502269282,False,False,False,,10.098664283752441,0.8534636497497559,12.090539932250977,1.7687656879425049,,,2.192110061645508,False,0.184075759,0.568147435688,2,1.0,0.5528815984725952,1.142662763595581,0.1840757578611374,0.10177209973335266,0.21033650636672974,0.12046981602907181,-0.04547468572854996,0.12876693904399872,0.1383971869945526,-0.09223214536905289,0.16631460189819336,0.1383971869945526,-0.09223214536905289,0.16631460189819336,0.138397216796875,-0.09223216772079468,0.16631464660167694,False,False,2.666099928319454,2.94290017336607,0.4238176941871643,0.3121422529220581,0.5263593792915344,0.458859384059906,0.2811375856399536,1264.1107177734375,204.99417114257812,1264.1107177734375,204.99417114257812,False,False,0.05608176454178791,-0.5188092764761256,0.1129171475595876,False,,False,caught
42,1787621339.8508687,2.6131907999515533,0.05056850053369999,19.775156262218562,True,15,0.030753500759601593,0.06671890057623386,14.988256571425174,False,False,False,,10.237061500549316,0.7612314820289612,12.165492057800293,1.8177802562713623,,,2.198895215988159,False,0.184075759,0.568147435688,2,1.0,0.21316222846508026,1.0224666595458984,0.1840757578611374,0.03923799842596054,0.1882113367319107,0.1840757578611374,-0.1840757578611374,0.2603224217891693,0.16434936225414276,-0.14441287517547607,0.21878252923488617,0.16434936225414276,-0.14441287517547607,0.21878252923488617,0.16434955596923828,-0.14441287517547607,0.21878266334533691,False,False,1.331700012087822,1.9853003323078156,0.38414427638053894,0.3308248519897461,0.5069633722305298,0.4238176941871643,0.3121422529220581,1269.34814453125,211.30563354492188,1269.34814453125,211.30563354492188,False,False,0.05752636254917493,-0.5232455684771539,0.11289307297117301,False,,False,caught
43,1787621339.9081833,2.6707512997090816,0.057560499757528305,17.37302497741449,True,16,0.008477600291371346,0.07205630000680685,13.878037033618632,False,False,False,,10.401411056518555,0.6168186068534851,12.245820999145508,1.8768728971481323,,,2.2337379455566406,False,0.184075759,0.568147435688,2,1.0,1.0,1.4142135381698608,0.1840757578611374,0.1840757578611374,0.2603224217891693,0.1840757578611374,0.10177209973335266,0.21033650636672974,0.1755569577217102,-0.004543516784906387,0.17561574280261993,0.1755569577217102,-0.004543513059616089,0.17561574280261993,0.17555713653564453,-0.004543483257293701,0.17561592161655426,False,False,2.0799003541469574,2.1150000393390656,0.3627968430519104,0.3575053811073303,0.5093443393707275,0.38414427638053894,0.3308248519897461,1276.26220703125,219.1762237548828,1276.26220703125,219.1762237548828,False,False,0.058854095969356895,-0.5282887632883726,0.11287459545039513,False,,False,caught
44,1787621339.96947,2.7317327996715903,0.06098149996250868,16.39841592310452,False,,,,,False,False,False,,10.5769681930542,0.6122751235961914,12.320292472839355,1.9421100616455078,,,2.1926331520080566,False,0.184075759,0.568147435688,2,0.6452308297157288,1.0,1.1900936365127563,0.11877135187387466,0.1840757578611374,0.21906737983226776,0.1840757578611374,0.03923799842596054,0.1882113367319107,0.18039697408676147,0.020330853760242462,0.18153899908065796,0.18039697408676147,0.020330853760242462,0.18153899908065796,0.18039703369140625,0.020330846309661865,0.18153907358646393,False,False,2.167000435292721,2.2533005103468895,0.37725630402565,0.4085766673088074,0.5561090111732483,0.3627968430519104,0.3575053811073303,1284.776611328125,229.2244415283203,1284.776611328125,229.2244415283203,False,False,0.059733952369463814,-0.5334236452754327,0.11284592087352574,False,,False,caught
45,1787621340.0350945,2.7932679997757077,0.061535200104117393,16.250861268152256,True,17,0.06036570016294718,0.07984109967947006,12.524877588292224,False,False,False,,10.757365226745605,0.6326059699058533,12.399419784545898,2.0239365100860596,,,2.1522417068481445,False,0.184075759,0.568147435688,2,1.0,-0.37306103110313416,1.0673211812973022,0.1840757578611374,-0.06867149472236633,0.19646796584129333,0.1840757578611374,0.1840757578611374,0.2603224217891693,0.1824871003627777,0.11336209625005722,0.21483135223388672,0.1824871003627777,0.11336209625005722,0.21483135223388672,0.18248748779296875,0.11336207389831543,0.2148316651582718,False,False,3.12849972397089,3.231699578464031,0.36997511982917786,0.48418065905570984,0.6093541383743286,0.37725630402565,0.4085766673088074,1292.4317626953125,242.5538330078125,1292.4317626953125,242.5538330078125,False,False,0.06024875553512358,-0.539427431977348,0.11288126022899846,False,,False,caught
46,1787621340.0964115,2.854550799354911,0.06128279957920313,16.31779238002304,True,18,0.0511074997484684,0.07095349952578545,14.093737541959952,False,False,False,,10.939852714538574,0.7459680438041687,12.478262901306152,2.1160385608673096,,,2.0600483417510986,False,0.184075759,0.568147435688,2,0.05923914909362793,-0.34854957461357117,0.3535478413105011,0.010904490947723389,-0.06415952742099762,0.06507959216833115,0.11877135187387466,0.1840757578611374,0.21906737983226776,0.14628732204437256,0.15353786945343018,0.21207040548324585,0.14628732204437256,0.15353786945343018,0.21207040548324585,0.1462869644165039,0.15353786945343018,0.21207016706466675,False,False,2.6281997561454773,4.0063997730612755,0.3641485869884491,0.5978127717971802,0.6999887824058533,0.36997511982917786,0.48418065905570984,1300.1473388671875,259.3512878417969,1300.1473388671875,259.3512878417969,False,False,0.06040696822776489,-0.5458694528645391,0.11293639496385366,False,,False,caught
47,1787621340.1424332,2.904717999510467,0.0501672001555562,19.933342839529512,True,19,0.030101099982857704,0.07021580077707767,14.241808666041097,False,False,False,,11.086139678955078,0.8995059132575989,12.541241645812988,2.1982181072235107,,,1.950378179550171,False,0.184075759,0.568147435688,2,1.0,0.01863721013069153,1.0001736879348755,0.1840757578611374,0.003430658485740423,0.1841077208518982,0.1840757578611374,-0.06867149472236633,0.19646796584129333,0.1677565723657608,0.02729019522666931,0.1699618250131607,0.1677565723657608,0.02729019522666931,0.1699618250131607,0.1677570343017578,0.027290165424346924,0.16996227204799652,False,False,1.3404004275798798,2.747500315308571,0.3655319809913635,0.6786147356033325,0.7707993388175964,0.3641485869884491,0.5978127717971802,1306.6815185546875,273.0445556640625,1306.6815185546875,273.0445556640625,False,False,0.06024483737760346,-0.551388517995535,0.11299053827295409,False,,False,caught
48,1787621340.2017434,2.9619968999177217,0.057278900407254696,17.458435704770345,True,20,0.01473190076649189,0.07117090001702309,14.050686442925604,False,False,False,,11.253896713256836,0.9267960786819458,12.612338066101074,2.3174283504486084,,,1.9440218210220337,False,0.184075759,0.568147435688,2,1.0,0.0190732479095459,1.0001819133758545,0.1840757578611374,0.003510922659188509,0.18410924077033997,0.010904490947723389,-0.06415952742099762,0.06507959216833115,0.07864166796207428,-0.024666741490364075,0.08241941034793854,0.07864166796207428,-0.024666741490364075,0.08241941034793854,0.07864189147949219,-0.02466672658920288,0.08241962641477585,False,False,1.8827002495527267,2.2951001301407814,0.308710515499115,0.7921134233474731,0.850144624710083,0.3655319809913635,0.6786147356033325,1310.4705810546875,292.6745910644531,1310.4705810546875,292.6745910644531,False,False,0.05917702586323008,-0.5587701819913038,0.11298508373386051,False,,False,caught
49,1787621340.261152,3.023386599496007,0.06138969957828522,16.289377645915707,True,21,0.003303299658000469,0.07264279946684837,13.765989297485223,False,False,False,,11.332538604736328,0.9021293520927429,12.689632415771484,2.472095012664795,,,2.075209856033325,False,0.184075759,0.568147435688,2,0.8357516527175903,1.0,1.3032578229904175,0.15384161472320557,0.1840757578611374,0.23989816009998322,0.1840757578611374,0.003430658485740423,0.1841077208518982,0.13854387402534485,-0.008703269995748997,0.1388169676065445,0.13854387402534485,-0.008703269064426422,0.1388169676065445,0.13854408264160156,-0.008703291416168213,0.1388171911239624,False,False,1.6517993062734604,2.437800168991089,0.2483447790145874,0.8229939937591553,0.8596477508544922,0.308710515499115,0.7921134233474731,1314.6766357421875,310.8254089355469,1314.6766357421875,310.8254089355469,False,False,0.05718044276153307,-0.5678765143176904,0.11295862217974846,False,,False,caught
50,1787621340.3243895,3.0856005996465683,0.06221400015056133,16.07355253769159,False,,,,,False,False,False,,11.47108268737793,0.8934260606765747,12.75265121459961,2.6473445892333984,,,2.1722450256347656,False,0.184075759,0.568147435688,2,1.0,1.0,1.4142135381698608,0.1840757578611374,0.1840757578611374,0.2603224217891693,0.1840757578611374,0.003510922659188509,0.18410924077033997,0.16441279649734497,-0.0017638171557337046,0.16442225873470306,0.16441279649734497,-0.001763816922903061,0.16442225873470306,0.1644124984741211,-0.0017638206481933594,0.1644219607114792,False,False,2.206600271165371,3.18790040910244,0.20171260833740234,0.9396002888679504,0.9610081315040588,0.2483447790145874,0.8229939937591553,1318.2647705078125,336.5237731933594,1318.2647705078125,336.5237731933594,False,False,0.05391664449630498,-0.5774252860970608,0.11291513416009738,False,,False,caught
51,1787621340.3878295,3.147072099149227,0.061471499502658844,16.26770142408429,True,22,0.058602399192750454,0.07281749974936247,13.732962590613463,False,False,False,,11.63549518585205,0.8916622400283813,12.800929069519043,2.8359854221343994,,,2.2668545246124268,False,0.184075759,0.568147435688,2,1.0,1.0,1.4142135381698608,0.1840757578611374,0.1840757578611374,0.2603224217891693,0.15384161472320557,0.1840757578611374,0.23989816009998322,0.15840667486190796,0.10382045805454254,0.18939736485481262,0.15840667486190796,0.10382045805454254,0.18939736485481262,0.15840625762939453,0.10382044315338135,0.18939700722694397,False,False,2.784700132906437,2.6444997638463974,0.15404146909713745,1.0,1.0117948055267334,0.20171260833740234,0.9396002888679504,1320.2794189453125,360.0912780761719,1320.2794189453125,360.0912780761719,False,False,0.04961313690733374,-0.5870817428262131,0.11295625939869562,False,,False,caught
52,1787621340.4491618,3.2083373991772532,0.061265300028026104,16.32245332255853,True,23,0.05200999975204468,0.0687225004658103,14.551274956846248,False,False,False,,11.793901443481445,0.9954826831817627,12.840360641479492,3.0263748168945312,,,2.284644365310669,False,0.184075759,0.568147435688,2,1.0,1.0,1.4142135381698608,0.1840757578611374,0.1840757578611374,0.2603224217891693,0.1840757578611374,0.1840757578611374,0.2603224217891693,0.1729903221130371,0.14941729605197906,0.2285851687192917,0.1729903221130371,0.14941729605197906,0.2285851687192917,0.1729907989501953,0.14941728115081787,0.22858551144599915,False,False,2.374899573624134,3.217799589037895,0.10887811332941055,1.0,1.00590980052948,0.15404146909713745,1.0,1321.54248046875,380.0440673828125,1321.54248046875,380.0440673828125,False,False,0.04490359639832952,-0.5965160665055556,0.1129651030499278,False,,False,caught
53,1787621340.5013871,3.2593481997027993,0.051010800525546074,19.603691565263766,True,24,0.03464240022003651,0.0675253001973033,14.809264039968477,False,False,False,,11.96689224243164,1.1448999643325806,12.869612693786621,3.2244863510131836,,,2.2670650482177734,False,0.184075759,0.568147435688,2,1.0,1.0,1.4142135381698608,0.1840757578611374,0.1840757578611374,0.2603224217891693,0.1840757578611374,0.1840757578611374,0.2603224217891693,0.17928868532180786,0.16910840570926666,0.24645909667015076,0.17928868532180786,0.16910840570926666,0.24645909667015076,0.1792888641357422,0.16910839080810547,0.2464592158794403,False,False,2.590300515294075,2.633499912917614,-0.008534781634807587,1.0,1.000036358833313,0.10887811332941055,1.0,1317.323974609375,400.80615234375,1317.323974609375,400.80615234375,False,False,0.03953895011549136,-0.605944356667893,0.11290488044005606,False,,False,caught
54,1787621340.554587,3.315844999626279,0.05649679992347956,17.7001175527538,True,25,0.020931100472807884,0.06837949994951487,14.624266055445098,False,False,False,,12.146181106567383,1.314008355140686,12.88482666015625,3.4145543575286865,,,2.2266318798065186,False,0.184075759,0.568147435688,2,1.0,0.47114992141723633,1.1054331064224243,0.1840757578611374,0.08672727644443512,0.2034834325313568,0.1840757578611374,0.1840757578611374,0.2603224217891693,0.1820085346698761,0.1776120662689209,0.25430917739868164,0.1820085346698761,0.1776120662689209,0.25430917739868164,0.1820087432861328,0.1776120662689209,0.2543093264102936,False,False,1.4629000797867775,1.8548006191849709,-0.15292775630950928,1.0,1.01162588596344,-0.008534781634807587,1.0,1310.0103759765625,420.72528076171875,1310.0103759765625,420.72528076171875,False,False,0.03388686866312641,-0.6145703250572304,0.11286729237590543,False,,False,caught
55,1787621340.6178954,3.377106999978423,0.06126200035214424,16.32333247774856,True,26,0.014715700410306454,0.07021059934049845,14.242863746972548,False,False,False,,12.328189849853516,1.491620421409607,12.876616477966309,3.608283281326294,,,2.1865575313568115,False,0.184075759,0.568147435688,2,1.0,1.0,1.4142135381698608,0.1840757578611374,0.1840757578611374,0.2603224217891693,0.1840757578611374,0.1840757578611374,0.2603224217891693,0.18318310379981995,0.18128439784049988,0.2577209174633026,0.18318310379981995,0.18128439784049988,0.2577209174633026,0.1831827163696289,0.18128442764282227,0.2577206790447235,False,False,2.1091997623443604,2.1598003804683685,-0.3387799859046936,1.0,1.0558276176452637,-0.15292775630950928,1.0,1297.7508544921875,441.02813720703125,1297.7508544921875,441.02813720703125,False,False,0.027183941072123564,-0.6226138861163109,0.11290217438697173,False,,False,caught
56,1787621340.678354,3.438584399409592,0.06147739943116903,16.26614022799735,True,27,0.0018136994913220406,0.0674703000113368,14.821336200253644,False,False,False,,12.511372566223145,1.6729048490524292,12.82685661315918,3.8302371501922607,,,2.1802783012390137,False,0.184075759,0.568147435688,2,0.826520562171936,1.0,1.297357439994812,0.15214240550994873,0.1840757578611374,0.23881204426288605,0.1840757578611374,0.08672727644443512,0.2034834325313568,0.18369010090827942,0.127562016248703,0.2236383706331253,0.18369010090827942,0.127562016248703,0.2236383706331253,0.18369007110595703,0.1275620460510254,0.2236383557319641,False,False,2.1497998386621475,2.3956000804901123,-0.5578690767288208,1.0,1.145084261894226,-0.3387799859046936,1.0,1279.1947021484375,464.28887939453125,1279.1947021484375,464.28887939453125,False,False,0.01790366525383372,-0.6305716342608625,0.11288935031672445,False,,False,caught
57,1787621340.7398968,3.500143399462104,0.06155900005251169,16.244578358111237,False,,,,,False,False,False,,12.695062637329102,1.8004668951034546,12.747515678405762,4.019855976104736,,,2.220008611679077,False,0.184075759,0.568147435688,2,1.0,1.0,1.4142135381698608,0.1840757578611374,0.1840757578611374,0.2603224217891693,0.1840757578611374,0.1840757578611374,0.2603224217891693,0.18390920758247375,0.1596701741218567,0.24355114996433258,0.18390920758247375,0.1596701741218567,0.24355114996433258,0.18390941619873047,0.15967023372650146,0.2435513436794281,False,False,2.3106997832655907,2.9382994398474693,-0.6884889006614685,1.0,1.2140909433364868,-0.5578690767288208,1.0,1263.0447998046875,484.160888671875,1263.0447998046875,484.160888671875,False,False,0.008524766497833921,-0.6362278228829853,0.11293295751961221,False,,False,caught
58,1787621340.8032405,3.5612751999869943,0.06113180052489042,16.358098263322706,True,28,0.052766600623726845,0.07437890022993088,13.444673111711177,False,False,False,,12.878972053527832,1.960137128829956,12.615076065063477,4.24058723449707,,,2.295668601989746,False,0.184075759,0.568147435688,2,-1.0,0.7929729223251343,1.2762469053268433,-0.1840757578611374,0.14596709609031677,0.23492611944675446,0.15214240550994873,0.1840757578611374,0.23881204426288605,0.1658610701560974,0.17353618144989014,0.24005144834518433,0.1658610701560974,0.17353618144989014,0.24005144834518433,0.1658611297607422,0.17353606224060059,0.24005140364170074,False,False,2.202499657869339,2.799099311232567,-0.8079797625541687,1.0,1.2856248617172241,-0.6884889006614685,1.0,1242.1414794921875,507.2935485839844,1242.1414794921875,507.2935485839844,False,False,-0.0039521470964666286,-0.6415724297325028,0.11298607781723098,False,,False,caught
59,1787621340.8655462,3.622563699260354,0.061288499273359776,16.316274861614524,True,29,0.03915979992598295,0.0721271000802517,13.864414330915249,False,False,False,,13.044833183288574,2.1336731910705566,12.455742835998535,4.455158233642578,,,2.395061492919922,False,0.184075759,0.568147435688,2,-0.04267638921737671,1.0,1.0009102821350098,-0.007855689153075218,0.1840757578611374,0.184243306517601,0.1840757578611374,0.1840757578611374,0.2603224217891693,0.1762097179889679,0.17952415347099304,0.2515527606010437,0.1762097179889679,0.17952415347099304,0.2515527606010437,0.1762094497680664,0.17952418327331543,0.2515525817871094,False,False,2.8776004910469055,2.8846003115177155,-0.8807238936424255,1.0,1.3325444459915161,-0.8079797625541687,1.0,1221.3563232421875,529.7805786132812,1221.3563232421875,529.7805786132812,False,False,-0.017241461458250052,-0.6458196536712779,0.11294998066856882,False,,False,caught
60,1787621340.921806,3.6841204995289445,0.06155680026859045,16.245158871752682,True,30,0.02623569965362549,0.07450580038130283,13.421773806633036,False,False,False,,13.22104263305664,2.313197374343872,12.27389144897461,4.67240047454834,,,2.5422301292419434,False,0.184075759,0.568147435688,2,-1.0,1.0,1.4142135381698608,-0.1840757578611374,0.1840757578611374,0.2603224217891693,-0.1840757578611374,0.14596709609031677,0.23492611944675446,-0.02848566323518753,0.16045880317687988,0.16296766698360443,-0.028485655784606934,0.16045880317687988,0.16296766698360443,-0.02848529815673828,0.16045880317687988,0.16296760737895966,False,False,1.3283006846904755,1.905200071632862,-0.9236084222793579,1.0,1.3612687587738037,-0.8807238936424255,1.0,1200.0999755859375,552.5475463867188,1200.0999755859375,552.5475463867188,False,False,-0.031441861124987085,-0.6494796013695628,0.1129384197536312,False,,False,caught
61,1787621340.9842715,3.745575299486518,0.061454799957573414,16.272121961024535,True,31,0.014088000170886517,0.07448259927332401,13.425954649224368,False,False,False,,13.192557334899902,2.473656177520752,12.098883628845215,4.866950035095215,,,2.631345272064209,False,0.184075759,0.568147435688,2,0.40260374546051025,1.0,1.078002691268921,0.07410959154367447,0.1840757578611374,0.19843415915966034,-0.007855689153075218,0.1840757578611374,0.184243306517601,-0.01676463894546032,0.17387671768665314,0.17468304932117462,-0.01676463894546032,0.17387671768665314,0.17468304932117462,-0.01676464080810547,0.17387676239013672,0.174683079123497,False,False,2.1491991356015205,2.209399826824665,-0.9470576047897339,1.0,1.377286434173584,-0.9236084222793579,1.0,1180.738525390625,572.9364013671875,1180.738525390625,572.9364013671875,False,False,-0.04457419027745097,-0.6523756396914683,0.11291918131624232,False,,False,caught
62,1787621341.045651,3.806919699534774,0.06134440004825592,16.301406472528228,True,32,0.005973699502646923,0.07360730040818453,13.585608960722166,False,False,False,,13.175792694091797,2.6475329399108887,11.890936851501465,5.089540481567383,,,2.7593939304351807,False,0.184075759,0.568147435688,2,-1.0,1.0,1.4142135381698608,-0.1840757578611374,0.1840757578611374,0.2603224217891693,-0.1840757578611374,0.1840757578611374,0.2603224217891693,-0.11182202398777008,0.1796712875366211,0.21162687242031097,-0.11182202398777008,0.1796712875366211,0.21162687242031097,-0.11182212829589844,0.1796712875366211,0.21162693202495575,False,False,1.8987003713846207,2.1743997931480408,-0.9170430302619934,1.0,1.3568227291107178,-0.9470576047897339,1.0,1161.288818359375,596.2637939453125,1161.288818359375,596.2637939453125,False,False,-0.05982290793338563,-0.6554403671757416,0.11297471931409946,False,,False,caught
63,1787621341.1060224,3.868296799249947,0.061377099715173244,16.292721628108904,False,,,,,False,False,False,,13.063970565795898,2.8272042274475098,11.713088989257812,5.276123523712158,,,2.796799421310425,False,0.184075759,0.568147435688,2,1.0,1.0,1.4142135381698608,0.1840757578611374,0.1840757578611374,0.2603224217891693,0.07410959154367447,0.1840757578611374,0.19843415915966034,-0.00618550181388855,0.18217366933822632,0.18227864801883698,-0.00618550181388855,0.18217366933822632,0.18227864801883698,-0.0061855316162109375,0.1821737289428711,0.18227870762348175,False,False,1.8337005749344826,2.6162993162870407,-0.9313762784004211,1.0,1.3665510416030884,-0.9170430302619934,1.0,1142.1966552734375,615.8177490234375,1142.1966552734375,615.8177490234375,False,False,-0.07267598517404457,-0.6578900513104209,0.11297454121389279,False,,False,caught
64,1787621341.1696422,3.9298067996278405,0.06151000037789345,16.25751900270509,True,33,0.05983070004731417,0.06945329997688532,14.398163950925428,False,False,False,,13.057785034179688,3.009377956390381,11.512479782104492,5.4984049797058105,,,2.9297139644622803,False,0.184075759,0.568147435688,2,-1.0,1.0,1.4142135381698608,-0.1840757578611374,0.1840757578611374,0.2603224217891693,-0.1840757578611374,0.1840757578611374,0.2603224217891693,-0.10725340247154236,0.18325436115264893,0.21233335137367249,-0.10725340247154236,0.18325436115264893,0.21233335137367249,-0.1072530746459961,0.18325424194335938,0.212333083152771,False,False,2.117699943482876,2.204800024628639,-0.8288094401359558,1.0,1.2988168001174927,-0.9313762784004211,1.0,1127.955810546875,639.1128540039062,1127.955810546875,639.1128540039062,False,False,-0.08746611837916579,-0.6611284245568421,0.11305624640156944,False,,False,caught
65,1787621341.2344246,3.9913287991657853,0.061521999537944794,16.25434816017695,True,34,0.04683039989322424,0.06934280041605234,14.421107800666606,False,False,False,,12.950531959533691,3.1926321983337402,11.318958282470703,5.710069179534912,,,2.999920129776001,False,0.184075759,0.568147435688,2,-0.7642062306404114,1.0,1.2585749626159668,-0.14067183434963226,0.1840757578611374,0.23167315125465393,0.1840757578611374,0.1840757578611374,0.2603224217891693,0.05826465040445328,0.18372097611427307,0.1927386075258255,0.05826464295387268,0.18372097611427307,0.1927385926246643,0.058264732360839844,0.18372106552124023,0.19273869693279266,False,False,2.398800104856491,3.4003006294369698,-0.8149173259735107,1.0,1.2899962663650513,-0.8288094401359558,1.0,1108.99267578125,661.2952880859375,1108.99267578125,661.2952880859375,False,False,-0.1015688418400938,-0.6641208707150874,0.11301092103223648,False,,False,caught
66,1787621341.297211,4.053145599551499,0.06181680038571358,16.176832087076267,True,35,0.045679899863898754,0.07420859951525927,13.475527183266319,False,False,False,,13.008796691894531,3.3763532638549805,11.1429443359375,5.930694103240967,,,3.163236141204834,False,0.184075759,0.568147435688,2,-1.0,1.0,1.4142135381698608,-0.1840757578611374,0.1840757578611374,0.2603224217891693,-0.1840757578611374,0.1840757578611374,0.2603224217891693,-0.07942039519548416,0.18392258882522583,0.2003374993801117,-0.07942038774490356,0.18392258882522583,0.2003374993801117,-0.07942008972167969,0.18392252922058105,0.20033733546733856,False,False,3.5100001841783524,3.1989002600312233,-0.6491411924362183,0.9863566756248474,1.1807979345321655,-0.8149173259735107,1.0,1101.154296875,683.558837890625,1101.154296875,683.558837890625,False,False,-0.1151909460065475,-0.6679849900807744,0.11298659460059299,False,,False,caught
67,1787621341.3404315,4.1037538992241025,0.05060829967260361,19.75960477765946,True,36,0.028900799341499805,0.06296909973025322,15.8808050977987,False,False,False,,12.929376602172852,3.5602757930755615,11.009687423706055,6.095094203948975,,,3.1797029972076416,False,0.184075759,0.568147435688,2,-1.0,1.0,1.4142135381698608,-0.1840757578611374,0.1840757578611374,0.2603224217891693,-0.14067183434963226,0.1840757578611374,0.23167315125465393,-0.11422011256217957,0.1840095818042755,0.21657738089561462,-0.11422011256217957,0.1840095818042755,0.21657738089561462,-0.11421966552734375,0.18400955200195312,0.21657711267471313,False,False,1.3979999348521233,1.9527999684214592,-0.6173728704452515,0.9429692029953003,1.1270936727523804,-0.6491411924362183,0.9863566756248474,1089.460693359375,698.0597534179688,1089.460693359375,698.0597534179688,False,False,-0.1253746846977257,-0.6707885931739174,0.11290252995129454,False,,False,caught
68,1787621341.397723,4.160987499170005,0.057233599945902824,17.472254077066612,True,37,0.01091609988361597,0.06739240046590567,14.83846833005908,False,False,False,,12.815156936645508,3.7442853450775146,10.887493133544922,6.288135051727295,,,3.1917173862457275,False,0.184075759,0.568147435688,2,-1.0,1.0,1.4142135381698608,-0.1840757578611374,0.1840757578611374,0.2603224217891693,-0.1840757578611374,0.1840757578611374,0.2603224217891693,-0.15390822291374207,0.1840471625328064,0.23991894721984863,-0.15390822291374207,0.1840471625328064,0.23991894721984863,-0.15390777587890625,0.18404722213745117,0.23991869390010834,False,False,1.1828001588582993,1.9896002486348152,-0.6012893319129944,0.9220927953720093,1.100819706916809,-0.6173728704452515,0.9429692029953003,1077.93603515625,716.9777221679688,1077.93603515625,716.9777221679688,False,False,-0.13595989009570242,-0.6750795026222547,0.1130122238358481,False,,False,caught
69,1787621341.4592326,4.222533599473536,0.06154610030353069,16.247983138951753,True,38,0.007591400295495987,0.07521250005811453,13.295662279904654,False,False,False,,12.661249160766602,3.928332567214966,10.757201194763184,6.490291595458984,,,3.192026376724243,False,0.184075759,0.568147435688,2,-1.0,1.0,1.4142135381698608,-0.1840757578611374,0.1840757578611374,0.2603224217891693,-0.1840757578611374,0.1840757578611374,0.2603224217891693,-0.1710476279258728,0.18406343460083008,0.251270055770874,-0.1710476279258728,0.18406343460083008,0.251270055770874,-0.17104721069335938,0.18406367301940918,0.2512699365615845,False,False,1.684499904513359,2.013200893998146,-0.6241157054901123,0.9043462872505188,1.098800539970398,-0.6012893319129944,0.9220927953720093,1063.191650390625,737.0478515625,1063.191650390625,737.0478515625,False,False,-0.14708390557427814,-0.6794839503472174,0.11294904929412711,False,,False,caught
70,1787621341.5235944,4.2838402995839715,0.061306700110435486,16.311430858268984,False,,,,,False,False,False,,12.490201950073242,4.112396240234375,10.639477729797363,6.663671493530273,,,3.1518542766571045,False,0.184075759,0.568147435688,2,-1.0,0.8473014831542969,1.3106944561004639,-0.1840757578611374,0.15596766769886017,0.24126707017421722,-0.1840757578611374,0.1840757578611374,0.2603224217891693,-0.178449347615242,0.18407054245471954,0.25637108087539673,-0.178449347615242,0.18407054245471954,0.25637108087539673,-0.1784496307373047,0.18407058715820312,0.25637131929397583,False,False,2.5582006201148033,3.024199977517128,-0.6702199578285217,0.8905954360961914,1.1146098375320435,-0.6241157054901123,0.9043462872505188,1048.30419921875,754.3533935546875,1048.30419921875,754.3533935546875,False,False,-0.1568118894126325,-0.6830688700404227,0.11297465212449107,False,,False,caught
71,1787621341.5869803,4.345157799310982,0.06131749972701073,16.308557988373,True,39,0.05649650003761053,0.06487729959189892,15.413711826638169,False,False,False,,12.311752319335938,4.296466827392578,10.499316215515137,6.8638410568237305,,,3.1426637172698975,False,0.184075759,0.568147435688,2,-0.6119415760040283,0.7871760129928589,0.997054934501648,-0.11264360696077347,0.14490002393722534,0.1835336536169052,-0.1840757578611374,0.1840757578611374,0.2603224217891693,-0.18164610862731934,0.1840735226869583,0.25860852003097534,-0.18164610862731934,0.1840735226869583,0.25860852003097534,-0.18164634704589844,0.18407344818115234,0.2586086392402649,False,False,2.7643004432320595,2.983899787068367,-0.7198723554611206,0.8731073141098022,1.1316062211990356,-0.6702199578285217,0.8905954360961914,1030.9010009765625,774.2315063476562,1030.9010009765625,774.2315063476562,False,False,-0.16815610642144946,-0.6870647016103439,0.11291962571656292,False,,False,caught
72,1787621341.6364186,4.396541399881244,0.05138360057026148,19.46146219614581,True,40,0.03200940042734146,0.07409550063312054,13.49609613883899,False,False,False,,12.130105972290039,4.4805402755737305,10.371260643005371,7.027471542358398,,,3.095221519470215,False,0.184075759,0.568147435688,2,-1.0,0.6355468034744263,1.1848711967468262,-0.1840757578611374,0.11698876321315765,0.21810606122016907,-0.1840757578611374,0.15596766769886017,0.24126707017421722,-0.18302661180496216,0.16810521483421326,0.24851177632808685,-0.18302661180496216,0.16810521483421326,0.24851177632808685,-0.18302631378173828,0.1681051254272461,0.24851149320602417,False,False,1.9396999850869179,2.507799305021763,-0.78282231092453,0.8461111783981323,1.1526989936828613,-0.7198723554611206,0.8731073141098022,1013.9205322265625,789.6824951171875,1013.9205322265625,789.6824951171875,False,False,-0.17790230638458987,-0.6899212615596817,0.11290082996229453,False,,False,caught
73,1787621341.689564,4.452872399240732,0.05633099935948849,17.75221479062147,True,41,0.018709699623286724,0.07549369987100363,13.246138442130983,False,False,False,,11.9470796585083,4.648645401000977,10.230267524719238,7.193321228027344,,,3.0696611404418945,False,0.184075759,0.568147435688,2,-1.0,1.0,1.4142135381698608,-0.1840757578611374,0.1840757578611374,0.2603224217891693,-0.11264360696077347,0.14490002393722534,0.1835336536169052,-0.1430385708808899,0.15492120385169983,0.2108568400144577,-0.1430385708808899,0.15492120385169983,0.2108568400144577,-0.14303874969482422,0.1549210548400879,0.2108568698167801,False,False,1.5177996829152107,1.886500045657158,-0.8446853756904602,0.8059183359146118,1.1674749851226807,-0.78282231092453,0.8461111783981323,995.681884765625,804.5362548828125,995.681884765625,804.5362548828125,False,False,-0.18816588195132689,-0.6924765824378385,0.11301316831086476,False,,False,caught
74,1787621341.7529018,4.514201499521732,0.06132910028100014,16.30547318349951,True,42,0.007441000081598759,0.06962439976632595,14.362780912384295,False,False,False,,11.804040908813477,4.8035664558410645,10.067009925842285,7.3579277992248535,,,3.0890188217163086,False,0.184075759,0.568147435688,2,-1.0,1.0,1.4142135381698608,-0.1840757578611374,0.1840757578611374,0.2603224217891693,-0.1840757578611374,0.11698876321315765,0.21810606122016907,-0.16635382175445557,0.13336992263793945,0.213216170668602,-0.16635382175445557,0.13336992263793945,0.213216170668602,-0.16635417938232422,0.13336992263793945,0.21321643888950348,False,False,1.2999000027775764,1.967799849808216,-0.8477271795272827,0.7538341283798218,1.134419322013855,-0.8446853756904602,0.8059183359146118,978.7774658203125,818.5119018554688,978.7774658203125,818.5119018554688,False,False,-0.1991917424753333,-0.6943197547856409,0.11298257236731063,False,,False,caught
75,1787621341.8128357,4.5750848995521665,0.06088340003043413,16.424838289256584,False,,,,,False,False,False,,11.637686729431152,4.936936378479004,9.877857208251953,7.5307087898254395,,,3.1344306468963623,False,0.184075759,0.568147435688,2,-1.0,1.0,1.4142135381698608,-0.1840757578611374,0.1840757578611374,0.2603224217891693,-0.1840757578611374,0.1840757578611374,0.2603224217891693,-0.17642265558242798,0.16217830777168274,0.2396388053894043,-0.17642265558242798,0.16217830777168274,0.2396388053894043,-0.1764230728149414,0.16217851638793945,0.2396392524242401,False,False,2.201499417424202,2.625599503517151,-0.8664311766624451,0.6831080913543701,1.103331208229065,-0.8477271795272827,0.7538341283798218,958.2590942382812,832.1721801757812,958.2590942382812,832.1721801757812,False,False,-0.21138405165371868,-0.6957263758224272,0.11298409888456167,False,,False,caught
76,1787621341.8774037,4.6365746995434165,0.06148979999125004,16.262859858745667,True,43,0.055622199550271034,0.0726196002215147,13.770387016035022,False,False,False,,11.461263656616211,5.099114894866943,9.689537048339844,7.6872429847717285,,,3.1364665031433105,False,0.184075759,0.568147435688,2,-1.0,1.0,1.4142135381698608,-0.1840757578611374,0.1840757578611374,0.2603224217891693,-0.1840757578611374,0.1840757578611374,0.2603224217891693,-0.18077093362808228,0.1746193766593933,0.25133654475212097,-0.18077093362808228,0.1746193766593933,0.25133654475212097,-0.1807708740234375,0.17461919784545898,0.25133636593818665,False,False,2.1779993548989296,2.8731003403663635,-0.9083625078201294,0.6094805598258972,1.0938870906829834,-0.8664311766624451,0.6831080913543701,936.3988037109375,843.947265625,936.3988037109375,843.947265625,False,False,-0.22301724161036662,-0.696500938709716,0.11288776868508776,False,,False,caught
77,1787621341.9356039,4.697833899408579,0.06125919986516237,16.32407870493085,True,44,0.045766099356114864,0.07445579953491688,13.430787208604736,False,False,False,,11.280492782592773,5.273734092712402,9.521273612976074,7.815139293670654,,,3.090888738632202,False,0.184075759,0.568147435688,2,-1.0,1.0,1.4142135381698608,-0.1840757578611374,0.1840757578611374,0.2603224217891693,-0.1840757578611374,0.1840757578611374,0.2603224217891693,-0.18264853954315186,0.1799919158220291,0.2564324140548706,-0.18264853954315186,0.1799919158220291,0.2564324140548706,-0.1826486587524414,0.1799917221069336,0.25643235445022583,False,False,1.5708999708294868,2.4477001279592514,-0.9452568888664246,0.5490109324455261,1.093125581741333,-0.9083625078201294,0.6094805598258972,916.9017944335938,853.54833984375,916.9017944335938,853.54833984375,False,False,-0.23302318035223388,-0.6967124145476372,0.1128974959039591,False,,False,caught
78,1787621341.997111,4.759378799237311,0.061544899828732014,16.24830006682623,True,45,0.03646319918334484,0.07083560060709715,14.117195187582107,False,False,False,,11.097844123840332,5.453725814819336,9.310282707214355,7.943117141723633,,,3.0647096633911133,False,0.184075759,0.568147435688,2,-1.0,1.0,1.4142135381698608,-0.1840757578611374,0.1840757578611374,0.2603224217891693,-0.1840757578611374,0.1840757578611374,0.2603224217891693,-0.18345946073532104,0.18231205642223358,0.25864076614379883,-0.18345946073532104,0.18231205642223358,0.25864076614379883,-0.18345928192138672,0.18231201171875,0.2586406469345093,False,False,1.6387999057769775,2.367100678384304,-0.9897769689559937,0.4790039360523224,1.0995923280715942,-0.9452568888664246,0.5490109324455261,892.5610961914062,862.5584106445312,892.5610961914062,862.5584106445312,False,False,-0.24458726847690865,-0.6956855507611972,0.11289815581414414,False,,False,caught
79,1787621342.0569336,4.821239899843931,0.06186110060662031,16.165247468826653,True,46,0.021333499811589718,0.07084819953888655,14.114684727466203,False,False,False,,10.914384841918945,5.636037826538086,9.100874900817871,8.054533958435059,,,3.022902727127075,False,0.184075759,0.568147435688,2,-0.4342982769012451,1.0,1.0902361869812012,-0.07994378358125687,0.1840757578611374,0.20068605244159698,-0.1840757578611374,0.1840757578611374,0.2603224217891693,-0.1838095337152481,0.18331408500671387,0.2595958411693573,-0.1838095337152481,0.18331408500671387,0.2595958411693573,-0.1838092803955078,0.18331432342529297,0.2595958411693573,False,False,1.41920056194067,1.6544992104172707,-1.0,0.431058406829834,1.0889496803283691,-0.9897769689559937,0.4790039360523224,870.4895629882812,871.2200927734375,870.4895629882812,871.2200927734375,False,False,-0.25557280781236624,-0.6940495522382925,0.11291646985502934,False,,False,caught
80,1787621342.1223202,4.882504999637604,0.06126509979367256,16.32250666966643,True,47,0.007836000062525272,0.07699070032685995,12.988581682651967,False,False,False,,10.730575561523438,5.819352149963379,8.904682159423828,8.143272399902344,,,2.9554173946380615,False,0.184075759,0.568147435688,2,-1.0,1.0,1.4142135381698608,-0.1840757578611374,0.1840757578611374,0.2603224217891693,-0.1840757578611374,0.1840757578611374,0.2603224217891693,-0.1839606761932373,0.18374693393707275,0.2600086033344269,-0.1839606761932373,0.18374693393707275,0.2600086033344269,-0.1839609146118164,0.1837468147277832,0.26000866293907166,False,False,2.1150996908545494,2.0520007237792015,-1.0,0.38558605313301086,1.071763277053833,-1.0,0.431058406829834,850.3994140625,877.66064453125,850.3994140625,877.66064453125,False,False,-0.2653828500530403,-0.6919002528958391,0.11291866141490625,False,,False,caught
81,1787621342.1818216,4.9441283997148275,0.06162340007722378,16.2276018322073,True,48,0.0010162005200982094,0.07475659996271133,13.376745337519376,False,False,False,,10.546614646911621,6.003098964691162,8.680638313293457,8.235456466674805,,,2.9095168113708496,False,0.184075759,0.568147435688,2,-1.0,1.0,1.4142135381698608,-0.1840757578611374,0.1840757578611374,0.2603224217891693,-0.07994378358125687,0.1840757578611374,0.20068605244159698,-0.12486384809017181,0.18393370509147644,0.22231191396713257,-0.12486384809017181,0.18393370509147644,0.22231191396713257,-0.1248636245727539,0.18393373489379883,0.2223118096590042,False,False,1.5397006645798683,2.7174996212124825,-1.0,0.3330485224723816,1.0540025234222412,-1.0,0.38558605313301086,827.457275390625,884.0179443359375,827.457275390625,884.0179443359375,False,False,-0.2762881427042414,-0.6890907461316788,0.11294063375820629,False,,False,caught
82,1787621342.2445383,5.005761599168181,0.06163319945335388,16.225021723184017,False,,,,,False,False,False,,10.421751022338867,6.187032699584961,8.462364196777344,8.312241554260254,,,2.8906242847442627,False,0.184075759,0.568147435688,2,-1.0,0.39241182804107666,1.0742379426956177,-0.1840757578611374,0.07223350554704666,0.19774115085601807,-0.1840757578611374,0.1840757578611374,0.2603224217891693,-0.15850484371185303,0.1840144246816635,0.24286846816539764,-0.15850484371185303,0.1840144246816635,0.24286846816539764,-0.15850448608398438,0.18401432037353516,0.24286815524101257,False,False,2.1900003775954247,2.9012998566031456,-0.9468187689781189,0.2839300334453583,0.9884746074676514,-1.0,0.3330485224723816,808.3735961914062,888.9763793945312,808.3735961914062,888.9763793945312,False,False,-0.28650902039484494,-0.6858461367558175,0.11289806724330838,False,,False,caught
83,1787621342.3064046,5.067143699154258,0.061382099986076355,16.29139440043328,True,49,0.05124589987099171,0.0684425001963973,14.61080464814227,False,False,False,,10.263246536254883,6.371047019958496,8.244482040405273,8.381559371948242,,,2.849134922027588,False,0.184075759,0.568147435688,2,-1.0,0.3483467102050781,1.0589359998703003,-0.1840757578611374,0.06412218511104584,0.19492444396018982,-0.1840757578611374,0.1840757578611374,0.2603224217891693,-0.1730327308177948,0.18404921889305115,0.25261521339416504,-0.1730327308177948,0.18404921889305115,0.25261521339416504,-0.1730327606201172,0.18404912948608398,0.25261515378952026,False,False,2.2825999185442924,2.7859993278980255,-0.9194843769073486,0.2450396865606308,0.951575517654419,-0.9468187689781189,0.2839300334453583,787.7418823242188,893.7955322265625,787.7418823242188,893.7955322265625,False,False,-0.2964736826564364,-0.682326979500322,0.11293293057838982,False,,False,caught
84,1787621342.3696494,5.128843899816275,0.06170020066201687,16.207402719447035,True,50,0.037667800672352314,0.0733211999759078,13.638620212552226,False,False,False,,10.090213775634766,6.55509614944458,8.057714462280273,8.43070125579834,,,2.7656731605529785,False,0.184075759,0.568147435688,2,-1.0,1.0,1.4142135381698608,-0.1840757578611374,0.1840757578611374,0.2603224217891693,-0.1840757578611374,0.07223350554704666,0.19774115085601807,-0.17930680513381958,0.12052137404680252,0.21604706346988678,-0.17930680513381958,0.12052137404680252,0.21604706346988678,-0.1793069839477539,0.12052154541015625,0.21604730188846588,False,False,1.7806999385356903,2.7496004477143288,-0.9009882807731628,0.21455375850200653,0.9261820316314697,-0.9194843769073486,0.2450396865606308,769.7532348632812,897.0286865234375,769.7532348632812,897.0286865234375,False,False,-0.3047040406957536,-0.6789115522388868,0.11300868166729675,False,,False,caught
85,1787621342.4280193,5.19028199929744,0.06143809948116541,16.276545147796476,True,51,0.023820200003683567,0.07474499940872192,13.378821431675748,False,False,False,,9.910906791687012,6.675617694854736,7.850681304931641,8.481147766113281,,,2.7394285202026367,False,0.184075759,0.568147435688,2,-1.0,1.0,1.4142135381698608,-0.1840757578611374,0.1840757578611374,0.2603224217891693,-0.1840757578611374,0.06412218511104584,0.19492444396018982,-0.18201634287834167,0.08847839385271072,0.20238175988197327,-0.18201634287834167,0.08847839385271072,0.20238175988197327,-0.18201637268066406,0.08847856521606445,0.20238184928894043,False,False,1.6596000641584396,1.7103999853134155,-0.8639352321624756,0.1837477833032608,0.8832594752311707,-0.9009882807731628,0.21455375850200653,750.8295288085938,900.3782958984375,750.8295288085938,900.3782958984375,False,False,-0.31369219447087077,-0.6749756037317276,0.11300819551693332,False,,False,caught
86,1787621342.491473,5.25221879966557,0.06193680036813021,16.145490145702674,True,52,0.006135100498795509,0.0752913998439908,13.281729414940775,False,False,False,,9.728890419006348,6.764096260070801,7.654952526092529,8.524961471557617,,,2.7206368446350098,False,0.184075759,0.568147435688,2,-1.0,1.0,1.4142135381698608,-0.1840757578611374,0.1840757578611374,0.2603224217891693,-0.1840757578611374,0.1840757578611374,0.2603224217891693,-0.18318641185760498,0.14279186725616455,0.2322644591331482,-0.18318641185760498,0.14279186725616455,0.2322644591331482,-0.18318653106689453,0.142791748046875,0.2322644740343094,False,False,2.1824007853865623,1.7128996551036835,-0.8217958807945251,0.15457476675510406,0.8362067937850952,-0.8639352321624756,0.1837477833032608,733.3759765625,903.1356201171875,733.3759765625,903.1356201171875,False,False,-0.3220605056036324,-0.6711102995231314,0.11300473132524093,False,,False,caught
87,1787621342.5518217,5.313110299408436,0.06089149974286556,16.422653477461218,False,,,,,False,False,False,,9.545703887939453,6.906888008117676,7.484348297119141,8.559107780456543,,,2.6417829990386963,False,0.184075759,0.568147435688,2,-1.0,1.0,1.4142135381698608,-0.1840757578611374,0.1840757578611374,0.2603224217891693,-0.1840757578611374,0.1840757578611374,0.2603224217891693,-0.18369174003601074,0.16624715924263,0.24775142967700958,-0.18369174003601074,0.16624715924263,0.24775142967700958,-0.18369197845458984,0.16624736785888672,0.24775175750255585,False,False,2.067999914288521,2.604500390589237,-0.796830952167511,0.11575698852539062,0.805195152759552,-0.8217958807945251,0.15457476675510406,717.4400024414062,904.2733154296875,717.4400024414062,904.2733154296875,False,False,-0.32922655464058903,-0.6675885679052076,0.11298296972833419,False,,False,caught
88,1787621342.6142488,5.374412899836898,0.06130260042846203,16.312521703984885,True,53,0.051848700270056725,0.07962349988520145,12.559106312103426,False,False,False,,9.362011909484863,7.0731353759765625,7.303561210632324,8.590861320495605,,,2.557481527328491,False,0.184075759,0.568147435688,2,-1.0,1.0,1.4142135381698608,-0.1840757578611374,0.1840757578611374,0.2603224217891693,-0.1840757578611374,0.1840757578611374,0.2603224217891693,-0.18391001224517822,0.17637652158737183,0.2548167407512665,-0.18391001224517822,0.17637652158737183,0.2548167407512665,-0.18391036987304688,0.1763763427734375,0.25481685996055603,False,False,2.6815999299287796,2.9099006205797195,-0.7787137627601624,0.07314278185367584,0.7821412682533264,-0.796830952167511,0.11575698852539062,700.0404663085938,904.9215087890625,700.0404663085938,904.9215087890625,False,False,-0.3366824648729456,-0.66368902586368,0.11296348610944461,False,,False,caught
89,1787621342.674515,5.435639400035143,0.06122650019824505,16.332797020278864,True,54,0.04074980039149523,0.07684710063040257,13.01285268795653,False,False,False,,9.178101539611816,7.24951171875,7.130000591278076,8.61067008972168,,,2.459160327911377,False,0.184075759,0.568147435688,2,-1.0,0.1656421422958374,1.0136258602142334,-0.1840757578611374,0.030490702018141747,0.18658393621444702,-0.1840757578611374,0.1840757578611374,0.2603224217891693,-0.18400433659553528,0.1807507574558258,0.25793105363845825,-0.18400433659553528,0.1807507574558258,0.25793105363845825,-0.1840047836303711,0.18075084686279297,0.2579314410686493,False,False,2.4512996897101402,1.921599730849266,-0.758466362953186,0.02779184654355049,0.7589753866195679,-0.7787137627601624,0.07314278185367584,683.5118408203125,904.1458129882812,683.5118408203125,904.1458129882812,False,False,-0.34353249271621855,-0.6595302864401753,0.11287503594548078,False,,False,caught
90,1787621342.7338343,5.497104799374938,0.06146539933979511,16.269315919868443,True,55,0.02372029982507229,0.07195790018886328,13.897014745780021,False,False,False,,8.994096755981445,7.430262565612793,6.976753234863281,8.619217872619629,,,2.3416426181793213,False,0.184075759,0.568147435688,2,-0.9581283330917358,1.0,1.3849223852157593,-0.17636819183826447,0.1840757578611374,0.25493064522743225,-0.1840757578611374,0.1840757578611374,0.2603224217891693,-0.18404510617256165,0.18263989686965942,0.25928735733032227,-0.18404510617256165,0.18263989686965942,0.25928735733032227,-0.18404483795166016,0.18264007568359375,0.2592872977256775,False,False,1.270899549126625,2.4323994293808937,-0.732733428478241,-0.017206426709890366,0.7329354286193848,-0.758466362953186,0.02779184654355049,669.400390625,902.2120971679688,669.400390625,902.2120971679688,False,False,-0.3493254495108755,-0.655510476824886,0.11288931876932318,False,,False,caught
91,1787621342.798371,5.558622299693525,0.061517500318586826,16.25553695812086,True,56,0.012027599848806858,0.07848759926855564,12.740866191847307,False,False,False,,8.810051918029785,7.612902641296387,6.805880069732666,8.623064041137695,,,2.2443552017211914,False,0.184075759,0.568147435688,2,-1.0,1.0,1.4142135381698608,-0.1840757578611374,0.1840757578611374,0.2603224217891693,-0.1840757578611374,0.030490702018141747,0.18658393621444702,-0.1840624064207077,0.09619680047035217,0.20768436789512634,-0.1840624064207077,0.09619680047035217,0.20768436789512634,-0.18406200408935547,0.09619665145874023,0.20768393576145172,False,False,2.1795006468892097,1.913200132548809,-0.7249574065208435,-0.06402729451656342,0.7277793288230896,-0.732733428478241,-0.017206426709890366,652.3807373046875,899.6710815429688,652.3807373046875,899.6710815429688,False,False,-0.3556194767173032,-0.650809921739821,0.11294471885962187,False,,False,caught
92,1787621342.8567777,5.6201051995158195,0.06148289982229471,16.26468502445917,True,57,0.004369200207293034,0.0732155004516244,13.658309973046336,False,False,False,,8.62598991394043,7.709099292755127,6.647774696350098,8.613470077514648,,,2.1751372814178467,False,0.184075759,0.568147435688,2,-1.0,1.0,1.4142135381698608,-0.1840757578611374,0.1840757578611374,0.2603224217891693,-0.17636819183826447,0.1840757578611374,0.25493064522743225,-0.17969077825546265,0.1461249440908432,0.23160585761070251,-0.17969077825546265,0.1461249440908432,0.23160585761070251,-0.17969036102294922,0.14612483978271484,0.23160547018051147,False,False,1.4065997675061226,2.5822995230555534,-0.6948330402374268,-0.1080426275730133,0.7031828761100769,-0.7249574065208435,-0.06402729451656342,638.0416259765625,895.8978271484375,638.0416259765625,895.8978271484375,False,False,-0.36107599426764364,-0.6459458689388545,0.11299888297981435,False,,False,caught
93,1787621342.919652,5.681935899890959,0.06183070037513971,16.173195418017137,False,,,,,False,False,False,,8.44629955291748,7.855224132537842,6.504472732543945,8.595145225524902,,,2.078021764755249,False,0.184075759,0.568147435688,2,-1.0,1.0,1.4142135381698608,-0.1840757578611374,0.1840757578611374,0.2603224217891693,-0.1840757578611374,0.1840757578611374,0.2603224217891693,-0.1821819245815277,0.1676865518093109,0.24760660529136658,-0.1821819245815277,0.1676865518093109,0.24760660529136658,-0.18218231201171875,0.16768693923950195,0.24760717153549194,False,False,1.8692994490265846,3.219599835574627,-0.6760090589523315,-0.1496736705303192,0.6923802495002747,-0.6948330402374268,-0.1080426275730133,624.5240478515625,891.3596801757812,624.5240478515625,891.3596801757812,False,False,-0.3657539286709921,-0.6411603498217768,0.11297986913287913,False,,False,caught
94,1787621342.9830496,5.743281699717045,0.06134579982608557,16.301034509860255,True,58,0.05891080014407635,0.06913520023226738,14.464411712707694,False,False,False,,8.264117240905762,8.022911071777344,6.348902225494385,8.564519882202148,,,1.990323781967163,False,0.184075759,0.568147435688,2,-1.0,-0.2771618962287903,1.037698745727539,-0.1840757578611374,-0.05101878568530083,0.19101518392562866,-0.1840757578611374,0.1840757578611374,0.2603224217891693,-0.1832580715417862,0.17699819803237915,0.254778116941452,-0.1832580715417862,0.17699819803237915,0.254778116941452,-0.183258056640625,0.17699813842773438,0.25477805733680725,False,False,1.864899881184101,2.795499749481678,-0.6788051128387451,-0.21728073060512543,0.7127323150634766,-0.6760090589523315,-0.1496736705303192,608.4217529296875,883.8991088867188,608.4217529296875,883.8991088867188,False,False,-0.3705359177015185,-0.635544255999051,0.11296646550829889,False,,False,caught
95,1787621343.0457451,5.8047935999929905,0.06151190027594566,16.257016862004697,True,59,0.05198829993605614,0.06895709969103336,14.501770005997397,False,False,False,,8.080859184265137,8.199909210205078,6.202061653137207,8.52552604675293,,,1.9068052768707275,False,0.184075759,0.568147435688,2,-1.0,1.0,1.4142135381698608,-0.1840757578611374,0.1840757578611374,0.2603224217891693,-0.1840757578611374,0.1840757578611374,0.2603224217891693,-0.1837226301431656,0.18101927638053894,0.2579185664653778,-0.1837226301431656,0.18101927638053894,0.2579185664653778,-0.18372249603271484,0.18101882934570312,0.2579181492328644,False,False,1.4593005180358887,2.8258003294467926,-0.6847322583198547,-0.3328818082809448,0.761359691619873,-0.6788051128387451,-0.21728073060512543,593.0211791992188,872.5435791015625,593.0211791992188,872.5435791015625,False,False,-0.3747723943539396,-0.6298467691585471,0.11292846764964168,False,,False,caught
96,1787621343.1066756,5.866368799470365,0.061575199477374554,16.24030467603185,True,60,0.048724899999797344,0.06811099965125322,14.68191635888874,False,False,False,,7.897136688232422,8.380928039550781,6.068056583404541,8.472623825073242,,,1.8313771486282349,False,0.184075759,0.568147435688,2,-0.2810697555541992,-1.0,1.03874933719635,-0.05173812806606293,-0.1840757578611374,0.19120857119560242,-0.1840757578611374,-0.05101878568530083,0.19101518392562866,-0.18392319977283478,0.04918725788593292,0.1903867870569229,-0.18392319977283478,0.04918725788593292,0.1903867870569229,-0.18392324447631836,0.049187660217285156,0.19038693606853485,False,False,2.0496994256973267,3.3250004053115845,-0.6886223554611206,-0.5296401381492615,0.8687459230422974,-0.6847322583198547,-0.3328818082809448,579.0599975585938,854.6271362304688,579.0599975585938,854.6271362304688,False,False,-0.37816704768482695,-0.6239617523663866,0.11293169207443615,False,,False,caught
97,1787621343.1712272,5.928226399235427,0.06185759976506233,16.166162343803194,True,61,0.044802699238061905,0.0648383004590869,15.422982911635726,False,False,False,,7.7132134437561035,8.430115699768066,5.9110107421875,8.383939743041992,,,1.802794098854065,False,0.184075759,0.568147435688,2,-1.0,-0.558226466178894,1.1452584266662598,-0.1840757578611374,-0.10275595635175705,0.21081431210041046,-0.1840757578611374,0.1840757578611374,0.2603224217891693,-0.18400989472866058,0.1258239895105362,0.22291550040245056,-0.18400989472866058,0.1258239895105362,0.22291550040245056,-0.18401002883911133,0.125823974609375,0.22291560471057892,False,False,2.3597003892064095,2.7480004355311394,-0.6583297848701477,-0.7614802122116089,1.0066033601760864,-0.6886223554611206,-0.5296401381492615,564.8397216796875,830.7550048828125,564.8397216796875,830.7550048828125,False,False,-0.38142165781370296,-0.6160039199018675,0.11298105199913622,False,,False,caught
98,1787621343.2316606,5.989705599844456,0.06147920060902834,16.26566367314067,True,62,0.03775980044156313,0.06579140014946461,15.199554922500578,False,False,False,,7.529203414916992,8.555939674377441,5.762644290924072,8.244099617004395,,,1.7938716411590576,False,0.184075759,0.568147435688,2,-0.898857593536377,-0.6919139623641968,1.1343234777450562,-0.16545788943767548,-0.12736459076404572,0.20880146324634552,-0.05173812806606293,-0.1840757578611374,0.19120857119560242,-0.1088600903749466,-0.050244759768247604,0.11989601701498032,-0.1088600903749466,-0.0502447634935379,0.11989601701498032,-0.10886001586914062,-0.05024433135986328,0.11989577114582062,False,False,2.75300070643425,2.9092002660036087,-0.6271504163742065,-1.0,1.1803888082504272,-0.6583297848701477,-0.7614802122116089,551.5626220703125,801.1016845703125,551.5626220703125,801.1016845703125,False,False,-0.3829790684975055,-0.6062471901798843,0.11290003613535991,False,,False,caught
99,1787621343.2889445,6.051268300041556,0.06156270019710064,16.243601999236155,True,63,0.02515760064125061,0.06851209979504347,14.595961924850322,False,False,False,,7.420343399047852,8.505695343017578,5.615110874176025,8.049196243286133,,,1.862056851387024,False,0.184075759,0.568147435688,2,-1.0,0.6782491207122803,1.2083135843276978,-0.1840757578611374,0.12484922260046005,0.22242125868797302,-0.1840757578611374,-0.10275595635175705,0.21081431210041046,-0.1515936553478241,-0.08007867634296417,0.17144453525543213,-0.1515936553478241,-0.08007867634296417,0.17144453525543213,-0.15159368515014648,-0.0800790786743164,0.17144475877285004,False,False,1.430499367415905,2.6131998747587204,-0.5032494068145752,-1.0,1.1194908618927002,-0.6271504163742065,-1.0,544.0676879882812,780.67578125,544.0676879882812,780.67578125,False,False,-0.38301566669455145,-0.5942973134457651,0.11283460278326596,False,,False,caught
100,1787621343.3528676,6.113117999397218,0.06184969935566187,16.168227338496475,True,64,0.0026489999145269394,0.07417130004614592,13.482303793756437,False,False,False,,7.268749713897705,8.425616264343262,5.494623184204102,7.841339588165283,,,1.8678607940673828,False,0.184075759,0.568147435688,2,-1.0,-1.0,1.4142135381698608,-0.1840757578611374,-0.1840757578611374,0.2603224217891693,-0.16545788943767548,-0.12736459076404572,0.20880146324634552,-0.1594705879688263,-0.10694421827793121,0.19201025366783142,-0.1594705879688263,-0.10694421827793121,0.19201025366783142,-0.1594705581665039,-0.10694408416748047,0.19201013445854187,False,False,2.111499197781086,3.1405994668602943,-0.3880748152732849,-1.0,1.072661280632019,-0.5032494068145752,-1.0,538.8060913085938,758.8923950195312,538.8060913085938,758.8923950195312,False,False,-0.3817237166523042,-0.5825621936004273,0.11278665730070671,False,,False,caught
101,1787621343.4137812,6.1750559993088245,0.06193799991160631,16.145177458541312,False,,,,,False,False,False,,7.109279155731201,8.318672180175781,5.393306732177734,7.615294933319092,,,1.8545352220535278,False,0.184075759,0.568147435688,2,-1.0,-1.0,1.4142135381698608,-0.1840757578611374,-0.1840757578611374,0.2603224217891693,-0.1840757578611374,0.12484922260046005,0.22242125868797302,-0.17344993352890015,0.024748682975769043,0.17520667612552643,-0.17344993352890015,0.024748682975769043,0.17520667612552643,-0.17344999313354492,0.024748802185058594,0.1752067506313324,False,False,2.4612993001937866,2.5277994573116302,-0.2970903813838959,-1.0,1.0431983470916748,-0.3880748152732849,-1.0,534.0213623046875,735.2029418945312,534.0213623046875,735.2029418945312,False,False,-0.3792397382173614,-0.5706020999146676,0.11282981969746796,False,,False,caught
102,1787621343.478111,6.2362516997382045,0.06119570042937994,16.34101730977005,True,65,0.057596100494265556,0.08435899950563908,11.854099809862655,False,False,False,,6.935829162597656,8.34342098236084,5.315081596374512,7.39518404006958,,,1.877758264541626,False,0.184075759,0.568147435688,2,-1.0,-0.6056420207023621,1.1691031455993652,-0.1840757578611374,-0.11148401349782944,0.21520355343818665,-0.1840757578611374,-0.1840757578611374,0.2603224217891693,-0.17948698997497559,-0.09389433264732361,0.20256289839744568,-0.17948698997497559,-0.09389433264732361,0.20256289839744568,-0.1794872283935547,-0.09389400482177734,0.20256294310092926,False,False,2.4368995800614357,3.024199977517128,-0.23170205950737,-1.0,1.0264919996261597,-0.2970903813838959,-1.0,530.028564453125,712.1353149414062,530.028564453125,712.1353149414062,False,False,-0.3760730585440621,-0.559495964642446,0.11288524704042097,False,,False,caught
103,1787621343.5415053,6.297536299563944,0.06128459982573986,16.317313041831998,True,66,0.04604679998010397,0.0685681002214551,14.584041219900941,False,False,False,,6.756341934204102,8.249526977539062,5.256152629852295,7.168567657470703,,,1.849064826965332,False,0.184075759,0.568147435688,2,-1.0,-1.0,1.4142135381698608,-0.1840757578611374,-0.1840757578611374,0.2603224217891693,-0.1840757578611374,-0.1840757578611374,0.2603224217891693,-0.18209418654441833,-0.14513054490089417,0.23285439610481262,-0.18209418654441833,-0.14513054490089417,0.23285439610481262,-0.18209409713745117,-0.14513015747070312,0.23285408318042755,False,False,2.4404004216194153,2.9186997562646866,-0.220445454120636,-1.0,1.0240098237991333,-0.23170205950737,-1.0,524.6858520507812,688.3858642578125,524.6858520507812,688.3858642578125,False,False,-0.3720173998347925,-0.548633223862241,0.11283394628974654,False,,False,caught
104,1787621343.5966837,6.358916400000453,0.061380100436508656,16.291925117235614,True,67,0.03367440029978752,0.07245010044425726,13.802603362425907,False,False,False,,6.57424783706665,8.10439682006836,5.212726593017578,6.970180034637451,,,1.7720575332641602,False,0.184075759,0.568147435688,2,-1.0,-0.8325459957122803,1.3012044429779053,-0.1840757578611374,-0.1532515287399292,0.23952017724514008,-0.1840757578611374,-0.11148401349782944,0.21520355343818665,-0.18321996927261353,-0.12601418793201447,0.22237160801887512,-0.18321996927261353,-0.12601418793201447,0.22237160801887512,-0.18321990966796875,-0.12601423263549805,0.22237159311771393,False,False,1.6916999593377113,2.5335000827908516,-0.22418323159217834,-1.0,1.0248210430145264,-0.220445454120636,-1.0,520.0093994140625,667.5948486328125,520.0093994140625,667.5948486328125,False,False,-0.3681585816564834,-0.5393230347716044,0.1128515206628288,False,,False,caught
105,1787621343.658144,6.41940169967711,0.06048529967665672,16.532942803388856,True,68,0.016234800219535828,0.07375360000878572,13.558660185819775,False,False,False,,6.391027927398682,7.978382587432861,5.159494400024414,6.740517616271973,,,1.7461341619491577,False,0.184075759,0.568147435688,2,-1.0,-1.0,1.4142135381698608,-0.1840757578611374,-0.1840757578611374,0.2603224217891693,-0.1840757578611374,-0.1840757578611374,0.2603224217891693,-0.1837061643600464,-0.15900173783302307,0.2429598867893219,-0.1837061643600464,-0.15900173783302307,0.2429598867893219,-0.18370628356933594,-0.15900182723999023,0.24296003580093384,False,False,1.331099309027195,1.823199912905693,-0.22524043917655945,-1.0,1.025052785873413,-0.22418323159217834,-1.0,514.4934692382812,643.5262451171875,514.4934692382812,643.5262451171875,False,False,-0.3637848091383855,-0.5284266292424039,0.11284856883351266,False,,False,caught
106,1787621343.719956,6.4812590992078185,0.06185739953070879,16.166214674180654,True,69,0.014222899451851845,0.07791859935969114,12.833906258809371,False,False,False,,6.207321643829346,7.819380760192871,5.1152567863464355,6.544200420379639,,,1.6788955926895142,False,0.184075759,0.568147435688,2,-1.0,-1.0,1.4142135381698608,-0.1840757578611374,-0.1840757578611374,0.2603224217891693,-0.1840757578611374,-0.1532515287399292,0.23952017724514008,-0.18391621112823486,-0.1557348072528839,0.24099482595920563,-0.18391621112823486,-0.1557348072528839,0.24099482595920563,-0.1839160919189453,-0.15573501586914062,0.24099485576152802,False,False,1.424199901521206,2.3712003603577614,-0.20006829500198364,-1.0,1.0198173522949219,-0.22524043917655945,-1.0,511.5101013183594,622.9522094726562,511.5101013183594,622.9522094726562,False,False,-0.35998773802085504,-0.5191178343081593,0.11287279060218493,False,,False,caught
107,1787621343.7824104,6.542699199169874,0.06144009996205568,16.27601518580833,True,70,0.002489399164915085,0.06387630011886358,15.65525865053486,False,False,False,,6.0234055519104,7.6636457443237305,5.064990997314453,6.317564487457275,,,1.6524204015731812,False,0.184075759,0.568147435688,2,-0.9760669469833374,-0.8108131885528564,1.2689069509506226,-0.17967025935649872,-0.1492510586977005,0.2335750013589859,-0.1840757578611374,-0.1840757578611374,0.2603224217891693,-0.18400681018829346,-0.1718367338180542,0.25176650285720825,-0.18400681018829346,-0.1718367338180542,0.25176650285720825,-0.1840066909790039,-0.17183685302734375,0.25176650285720825,False,False,2.1255994215607643,3.2246001064777374,-0.21084976196289062,-1.0,1.0219870805740356,-0.20006829500198364,-1.0,505.70050048828125,599.2008056640625,505.70050048828125,599.2008056640625,False,False,-0.3555606352762819,-0.5083592996561792,0.11287505445683202,False,,False,caught
108,1787621343.8427618,6.603993899188936,0.061294700019061565,16.31462426097228,False,,,,,False,False,False,,5.8393988609313965,7.491808891296387,5.024784564971924,6.12506628036499,,,1.5910946130752563,False,0.184075759,0.568147435688,2,-1.0,-0.6656339168548584,1.2012778520584106,-0.1840757578611374,-0.12252707034349442,0.22112613916397095,-0.1840757578611374,-0.1840757578611374,0.2603224217891693,-0.1840459406375885,-0.1787903606891632,0.25659093260765076,-0.1840459406375885,-0.1787903606891632,0.25659093260765076,-0.18404579162597656,-0.17879056930541992,0.25659096240997314,False,False,2.490200102329254,2.5217998772859573,-0.22207239270210266,-1.0,1.0243613719940186,-0.21084976196289062,-1.0,500.8938293457031,579.0269775390625,500.8938293457031,579.0269775390625,False,False,-0.35169698246854986,-0.49926201073508353,0.11292222435556763,False,,False,caught
109,1787621343.9059856,6.665140499360859,0.06114660017192364,16.35413902307466,True,71,0.0472138999029994,0.07317300047725439,13.666242923998272,False,False,False,,5.65535306930542,7.313018321990967,4.975081920623779,5.901681423187256,,,1.5667293071746826,False,0.184075759,0.568147435688,2,-1.0,-0.5431122183799744,1.137967824935913,-0.1840757578611374,-0.09997379034757614,0.20947229862213135,-0.17967025935649872,-0.1492510586977005,0.2335750013589859,-0.18155984580516815,-0.16200777888298035,0.24333205819129944,-0.18155984580516815,-0.16200777888298035,0.24333205819129944,-0.18156003952026367,-0.16200780868530273,0.24333223700523376,False,False,2.794399857521057,2.650199458003044,-0.23205560445785522,-1.0,1.0265718698501587,-0.22207239270210266,-1.0,495.1908874511719,555.6162109375,495.1908874511719,555.6162109375,False,False,-0.347311011826626,-0.48858541837649666,0.11284900161707215,False,,False,caught
110,1787621343.9674318,6.7264990992844105,0.06135859992355108,16.297633929814832,True,72,0.03182209935039282,0.07806799933314323,12.809345808039131,False,False,False,,5.473793029785156,7.151010513305664,4.923773288726807,5.687299728393555,,,1.5636403560638428,False,0.184075759,0.568147435688,2,-1.0,-1.0,1.4142135381698608,-0.1840757578611374,-0.1840757578611374,0.2603224217891693,-0.1840757578611374,-0.12252707034349442,0.22112613916397095,-0.18298932909965515,-0.13957694172859192,0.23014521598815918,-0.18298932909965515,-0.13957694172859192,0.23014521598815918,-0.18298912048339844,-0.13957691192626953,0.23014502227306366,False,False,2.6145996525883675,3.5625994205474854,-0.18462473154067993,-1.0,1.0169004201889038,-0.23205560445785522,-1.0,492.8510437011719,533.1490478515625,492.8510437011719,533.1490478515625,False,False,-0.343220759192558,-0.4782031009016793,0.11285429299646016,False,,False,caught
111,1787621344.0257204,6.787897199392319,0.06139810010790825,16.287148922238348,True,73,0.02689570002257824,0.07639560010284185,13.089759078452488,False,False,False,,5.290803909301758,7.0114336013793945,4.873476505279541,5.4637932777404785,,,1.6029200553894043,False,0.184075759,0.568147435688,2,-1.0,-1.0,1.4142135381698608,-0.1840757578611374,-0.1840757578611374,0.2603224217891693,-0.1840757578611374,-0.09997379034757614,0.20947229862213135,-0.18360649049282074,-0.11707650125026703,0.21775732934474945,-0.18360649049282074,-0.11707650125026703,0.21775732934474945,-0.18360662460327148,-0.11707639694213867,0.21775737404823303,False,False,1.8352996557950974,2.273600548505783,-0.09290874749422073,-1.0,1.0043067932128906,-0.18462473154067993,-1.0,493.3356628417969,509.72552490234375,493.3356628417969,509.72552490234375,False,False,-0.3388240881086484,-0.4674326673557521,0.11286190385420777,False,,False,caught
112,1787621344.0860128,6.849306399933994,0.06140920054167509,16.28420482890596,True,74,0.023680200800299644,0.0663222000002861,15.077907548237034,False,False,False,,5.107197284698486,6.894357204437256,4.840406894683838,5.26630973815918,,,1.6497622728347778,False,0.184075759,0.568147435688,2,-0.3849583864212036,-1.0,1.071537733078003,-0.07086150348186493,-0.1840757578611374,0.19724410772323608,-0.1840757578611374,-0.1840757578611374,0.2603224217891693,-0.18387316167354584,-0.1551419198513031,0.24057920277118683,-0.18387316167354584,-0.1551419198513031,0.24057920277118683,-0.18387317657470703,-0.15514183044433594,0.24057915806770325,False,False,2.041400410234928,1.681099645793438,0.025193162262439728,-1.0,1.0003173351287842,-0.09290874749422073,-1.0,497.2055358886719,489.02923583984375,497.2055358886719,489.02923583984375,False,False,-0.33450567589539637,-0.45820552514109925,0.11283828494961734,False,,False,caught
113,1787621344.149914,6.91120579931885,0.061899399384856224,16.15524560719165,True,75,0.0192951001226902,0.06462439987808466,15.474031509561742,False,False,False,,4.923324108123779,6.73921537399292,4.828097820281982,5.039278507232666,,,1.7026019096374512,False,0.184075759,0.568147435688,2,-1.0,-1.0,1.4142135381698608,-0.1840757578611374,-0.1840757578611374,0.2603224217891693,-0.1840757578611374,-0.1840757578611374,0.2603224217891693,-0.1839882731437683,-0.17158056795597076,0.251578152179718,-0.1839882731437683,-0.17158056795597076,0.251578152179718,-0.18398809432983398,-0.17158079147338867,0.2515781819820404,False,False,1.608099788427353,2.075599506497383,0.20169803500175476,-1.0,1.0201382637023926,0.025193162262439728,-1.0,506.78955078125,465.23638916015625,506.78955078125,465.23638916015625,False,False,-0.3285700321693398,-0.44828590597651113,0.11282991803658757,False,,False,caught
114,1787621344.2109256,6.973138299770653,0.06193250045180321,16.146611112177116,True,76,0.006927000358700752,0.06629190035164356,15.084799118678564,False,False,False,,4.739336013793945,6.567634582519531,4.849379539489746,4.822179794311523,,,1.748920202255249,False,0.184075759,0.568147435688,2,-1.0,-1.0,1.4142135381698608,-0.1840757578611374,-0.1840757578611374,0.2603224217891693,-0.07086150348186493,-0.1840757578611374,0.19724410772323608,-0.11971551179885864,-0.17867977917194366,0.21507735550403595,-0.11971551179885864,-0.17867977917194366,0.21507735550403595,-0.11971569061279297,-0.1786799430847168,0.21507759392261505,False,False,2.041100524365902,1.7047002911567688,0.42550915479660034,-1.0,1.086764931678772,0.20169803500175476,-1.0,522.7197265625,442.4844665527344,522.7197265625,442.4844665527344,False,False,-0.3216424141356029,-0.4396959788377781,0.11277880906839602,False,,False,caught
115,1787621344.2713752,7.034675299189985,0.06153699941933155,16.25038610000628,True,77,0.0003938991576433182,0.07430050056427717,13.458859528609805,False,False,False,,4.619620323181152,6.3889546394348145,4.90247917175293,4.623614311218262,,,1.7878578901290894,False,0.184075759,0.568147435688,2,-0.1877298653125763,0.8088793754577637,0.8303784132003784,-0.034556515514850616,0.14889508485794067,0.15285253524780273,-0.1840757578611374,-0.1840757578611374,0.2603224217891693,-0.15628169476985931,-0.18174555897712708,0.239698588848114,-0.15628169476985931,-0.18174555897712708,0.239698588848114,-0.1562814712524414,-0.1817455291748047,0.23969843983650208,False,False,1.5005003660917282,2.035900019109249,0.6152192950248718,-1.0,1.1740931272506714,0.42550915479660034,-1.0,539.8129272460938,421.6748046875,539.8129272460938,421.6748046875,False,False,-0.31402664100088357,-0.43275817338874983,0.1127312384283437,False,,False,caught
116,1787621344.3347762,7.096040099859238,0.06136480066925287,16.29598709836688,False,,,,,False,False,False,,4.463338851928711,6.20720911026001,5.012704849243164,4.40001916885376,,,1.8888458013534546,False,0.184075759,0.568147435688,2,0.19025537371635437,-0.3516281247138977,0.39979925751686096,0.035021401941776276,-0.06472621113061905,0.07359334826469421,-0.1840757578611374,-0.1840757578611374,0.2603224217891693,-0.17207272350788116,-0.18306943774223328,0.25124379992485046,-0.17207272350788116,-0.18306943774223328,0.25124379992485046,-0.1720728874206543,-0.18306922912597656,0.2512437403202057,False,False,2.143699675798416,2.79999990016222,0.8032469749450684,-1.0,1.2826557159423828,0.6152192950248718,-1.0,562.6524658203125,398.24200439453125,562.6524658203125,398.24200439453125,False,False,-0.30352588116092233,-0.42633762458490176,0.11278950793231181,False,,False,caught
117,1787621344.400132,7.157247799448669,0.061207699589431286,16.33781381603614,True,78,0.0534060001373291,0.06806329917162657,14.692205816800433,False,False,False,,4.291265964508057,6.024139881134033,5.164418697357178,4.181207656860352,,,2.0393123626708984,False,0.184075759,0.568147435688,2,-1.0,-0.10647463798522949,1.0056524276733398,-0.1840757578611374,-0.019599400460720062,0.1851162314414978,-0.034556515514850616,0.14889508485794067,0.15285253524780273,-0.09394332021474838,0.005535446107387543,0.0941062644124031,-0.09394332021474838,0.00553545355796814,0.0941062644124031,-0.09394311904907227,0.005535602569580078,0.09410607069730759,False,False,2.642599865794182,2.6316996663808823,0.942622721195221,-1.0,1.374240756034851,0.8032469749450684,-1.0,586.751220703125,375.3105773925781,586.751220703125,375.3105773925781,False,False,-0.2915513539928029,-0.42126478386703586,0.11279398314912115,False,,False,caught
118,1787621344.4594107,7.218541000038385,0.061293200589716434,16.31502336929321,True,79,0.038923900574445724,0.06985280010849237,14.315818384471958,False,False,False,,4.197322845458984,6.029675483703613,5.332840919494629,3.9851088523864746,,,2.3387291431427,False,0.184075759,0.568147435688,2,1.0,-0.3481541872024536,1.0588726997375488,0.1840757578611374,-0.06408674269914627,0.19491279125213623,0.035021401941776276,-0.06472621113061905,0.07359334826469421,-0.020672257989645004,-0.034383464604616165,0.04011938348412514,-0.020672261714935303,-0.034383464604616165,0.04011938348412514,-0.020672321319580078,-0.034383296966552734,0.040119271725416183,False,False,2.7438001707196236,2.8136996552348137,1.0,-0.9822640419006348,1.4017285108566284,0.942622721195221,-1.0,607.5228881835938,355.8746643066406,607.5228881835938,355.8746643066406,False,False,-0.2795421213670509,-0.4176164540558311,0.11278692640314661,False,,False,caught
119,1787621344.5156643,7.279996899887919,0.061455899849534035,16.271830734695232,True,80,0.028665000572800636,0.07548729982227087,13.247261491064382,False,False,False,,4.176650524139404,5.9952921867370605,5.551854133605957,3.7629659175872803,,,2.621920108795166,False,0.184075759,0.568147435688,2,1.0,-1.0,1.4142135381698608,0.1840757578611374,-0.1840757578611374,0.2603224217891693,-0.1840757578611374,-0.019599400460720062,0.1851162314414978,-0.11350956559181213,-0.025983864441514015,0.1164456233382225,-0.11350956559181213,-0.025983864441514015,0.1164456233382225,-0.1135096549987793,-0.025983810424804688,0.11644569784402847,False,False,1.168999820947647,1.5703998506069183,1.0,-0.9257381558418274,1.3627146482467651,1.0,-0.9822640419006348,629.9498901367188,336.14837646484375,629.9498901367188,336.14837646484375,False,False,-0.26479641906209944,-0.41426392278841184,0.11279138273090449,False,,False,caught
120,1787621344.577964,7.341295499354601,0.06129859946668148,16.31358642286019,True,81,0.016679199412465096,0.07171630021184683,13.943831416930928,False,False,False,,4.063140869140625,5.969308376312256,5.7698469161987305,3.5516855716705322,,,2.9593489170074463,False,0.184075759,0.568147435688,2,0.41054797172546387,-1.0,1.080994725227356,0.0755719318985939,-0.1840757578611374,0.19898492097854614,0.1840757578611374,-0.06408674269914627,0.19491279125213623,0.05556273087859154,-0.047631893306970596,0.0731847956776619,0.055562734603881836,-0.047631893306970596,0.0731847956776619,0.05556297302246094,-0.04763174057006836,0.07318487763404846,False,False,1.3851001858711243,2.1879998967051506,1.0,-0.8973879814147949,1.3436164855957031,1.0,-0.9257381558418274,652.2723388671875,315.78887939453125,652.2723388671875,315.78887939453125,False,False,-0.2503230885505899,-0.41133328271078884,0.11274661919866621,False,,False,caught
121,1787621344.6414206,7.402708400040865,0.06141290068626404,16.283223700971767,True,82,0.0030313003808259964,0.07328420039266348,13.645506052353824,False,False,False,,4.118703842163086,5.9216766357421875,5.9629740715026855,3.3759305477142334,,,3.143589496612549,False,0.184075759,0.568147435688,2,1.0,-1.0,1.4142135381698608,0.1840757578611374,-0.1840757578611374,0.2603224217891693,0.1840757578611374,-0.1840757578611374,0.2603224217891693,0.12857718765735626,-0.12515205144882202,0.1794300079345703,0.12857718765735626,-0.12515205144882202,0.1794300079345703,0.12857723236083984,-0.1251521110534668,0.17943008244037628,False,False,1.8596993759274483,2.055100165307522,1.0,-0.8591363430023193,1.318376064300537,1.0,-0.8973879814147949,672.048583984375,299.7750549316406,672.048583984375,299.7750549316406,False,False,-0.23777051878789318,-0.4092193315696009,0.11281417967991064,False,,False,caught
122,1787621344.7036507,7.463879299350083,0.06117089930921793,16.347642609356058,False,,,,,False,False,False,,4.247281074523926,5.796524524688721,6.189216613769531,3.1745355129241943,,,3.2628116607666016,False,0.184075759,0.568147435688,2,1.0,-1.0,1.4142135381698608,0.1840757578611374,-0.1840757578611374,0.2603224217891693,0.0755719318985939,-0.1840757578611374,0.19898492097854614,0.09846240282058716,-0.1586294323205948,0.18670335412025452,0.09846240282058716,-0.1586294323205948,0.18670335412025452,0.09846258163452148,-0.1586294174194336,0.18670344352722168,False,False,2.327900379896164,3.2072998583316803,1.0,-0.8213863372802734,1.2940925359725952,1.0,-0.8591363430023193,695.2157592773438,281.04254150390625,695.2157592773438,281.04254150390625,False,False,-0.22312292205193004,-0.4069259227424565,0.11281261040960704,False,,False,caught
123,1787621344.7668276,7.524991499260068,0.061112199909985065,16.363344822685903,True,83,0.04592449963092804,0.0750605994835496,13.322568789490706,False,False,False,,4.345743656158447,5.637895107269287,6.407284259796143,2.9927279949188232,,,3.3536336421966553,False,0.184075759,0.568147435688,2,1.0,-1.0,1.4142135381698608,0.1840757578611374,-0.1840757578611374,0.2603224217891693,0.1840757578611374,-0.1840757578611374,0.2603224217891693,0.14710348844528198,-0.17308668792247772,0.22715289890766144,0.14710348844528198,-0.17308668792247772,0.22715289890766144,0.14710330963134766,-0.17308664321899414,0.2271527498960495,False,False,2.256600186228752,3.155999816954136,1.0,-0.7823634743690491,1.2696820497512817,1.0,-0.8213863372802734,717.5458984375,264.44287109375,717.5458984375,264.44287109375,False,False,-0.20929670359511035,-0.40524123420025315,0.11284691473325856,False,,False,caught
124,1787621344.8217309,7.586066999472678,0.06107550021260977,16.373177403687283,True,84,0.03649070020765066,0.07979010045528412,12.532883080657593,False,False,False,,4.492846965789795,5.464808464050293,6.601761817932129,2.835430860519409,,,3.3706302642822266,False,0.184075759,0.568147435688,2,1.0,-1.0,1.4142135381698608,0.1840757578611374,-0.1840757578611374,0.2603224217891693,0.1840757578611374,-0.1840757578611374,0.2603224217891693,0.16810911893844604,-0.17933008074760437,0.24580471217632294,0.16810911893844604,-0.17933008074760437,0.24580471217632294,0.16810894012451172,-0.17932987213134766,0.24580442905426025,False,False,1.309400424361229,1.674099825322628,1.0,-0.7386280298233032,1.2432100772857666,1.0,-0.7823634743690491,737.4603881835938,250.70822143554688,737.4603881835938,250.70822143554688,False,False,-0.19705223766097496,-0.40394358831016863,0.11286119284675522,False,,False,caught
125,1787621344.8880668,7.647365999408066,0.061298999935388565,16.31347984557721,True,85,0.014040099456906319,0.07010919973254204,14.263463337406172,False,False,False,,4.660955905914307,5.285478591918945,6.827136039733887,2.6637792587280273,,,3.400829792022705,False,0.184075759,0.568147435688,2,1.0,-1.0,1.4142135381698608,0.1840757578611374,-0.1840757578611374,0.2603224217891693,0.1840757578611374,-0.1840757578611374,0.2603224217891693,0.1771804392337799,-0.1820262372493744,0.2540206015110016,0.1771804392337799,-0.1820262372493744,0.2540206015110016,0.17718029022216797,-0.18202638626098633,0.2540205717086792,False,False,2.1340008825063705,2.3794006556272507,1.0,-0.6742315888404846,1.2060630321502686,1.0,-0.7386280298233032,760.5387573242188,236.7683868408203,760.5387573242188,236.7683868408203,False,False,-0.18311622511858752,-0.4028996565771639,0.11285675773250844,False,,False,caught
126,1787621344.9474065,7.708706299774349,0.06134030036628246,16.302495977826677,True,86,0.010937800630927086,0.08375110011547804,11.94014166525784,False,False,False,,4.838136196136475,5.103452205657959,7.04191255569458,2.5073602199554443,,,3.4053375720977783,False,0.184075759,0.568147435688,2,1.0,-1.0,1.4142135381698608,0.1840757578611374,-0.1840757578611374,0.2603224217891693,0.1840757578611374,-0.1840757578611374,0.2603224217891693,0.18109792470932007,-0.1831907331943512,0.2575952410697937,0.18109792470932007,-0.1831907331943512,0.2575952410697937,0.18109798431396484,-0.18319082260131836,0.25759536027908325,False,False,1.6203001141548157,2.4351999163627625,1.0,-0.5962240695953369,1.1642521619796753,1.0,-0.6742315888404846,782.5318603515625,225.28079223632812,782.5318603515625,225.28079223632812,False,False,-0.16998873446638213,-0.40221522265264503,0.112896001481115,False,,False,caught
127,1787621345.0078075,7.770047299563885,0.061340999789536,16.30231009326632,False,,,,,False,False,False,,5.0192341804504395,4.920261383056641,7.237916946411133,2.380693197250366,,,3.3722336292266846,False,0.184075759,0.568147435688,2,0.7141371965408325,0.5195547342300415,0.8831359148025513,0.13145534694194794,0.09563743323087692,0.16256392002105713,0.1840757578611374,-0.1840757578611374,0.2603224217891693,0.18278980255126953,-0.18369358777999878,0.2591436803340912,0.18278980255126953,-0.18369358777999878,0.2591436803340912,0.18278980255126953,-0.18369340896606445,0.25914353132247925,False,False,1.6978997737169266,3.573499619960785,1.0,-0.5469235181808472,1.13979172706604,1.0,-0.5962240695953369,802.6026611328125,215.10610961914062,802.6026611328125,215.10610961914062,False,False,-0.15844869359085495,-0.4022973016265388,0.11287164194458194,False,,False,caught
128,1787621345.0724142,7.831596699543297,0.061549399979412556,16.247112081262962,True,87,0.05827439948916435,0.06443709973245859,15.519010075747943,False,False,False,,5.202023983001709,4.736567974090576,7.460812568664551,2.2537877559661865,,,3.356534481048584,False,0.184075759,0.568147435688,2,0.6678118705749512,-0.4437837600708008,0.8018208742141724,0.12292797863483429,-0.08168983459472656,0.14759579300880432,0.1840757578611374,-0.1840757578611374,0.2603224217891693,0.18352040648460388,-0.18391063809394836,0.259813129901886,0.18352040648460388,-0.18391063809394836,0.259813129901886,0.18352031707763672,-0.18391084671020508,0.25981318950653076,False,False,2.169099636375904,2.549099735915661,1.0,-0.4871124029159546,1.1123301982879639,1.0,-0.5469235181808472,825.4271850585938,205.5673370361328,825.4271850585938,205.5673370361328,False,False,-0.14579864296625372,-0.40314878327799086,0.11290908215974373,False,,False,caught
129,1787621345.1339047,7.893063499592245,0.061466800048947334,16.268945173714567,True,88,0.05155279953032732,0.07596310041844845,13.164286271774385,False,False,False,,5.385544300079346,4.552657127380371,7.6780805587768555,2.140777587890625,,,3.327594518661499,False,0.184075759,0.568147435688,2,1.0,-0.9192658066749573,1.3583260774612427,0.1840757578611374,-0.16921454668045044,0.250034898519516,0.13145534694194794,0.09563743323087692,0.16256392002105713,0.15393973886966705,-0.025086216628551483,0.15597039461135864,0.15393973886966705,-0.02508622407913208,0.15597039461135864,0.15393972396850586,-0.025086402893066406,0.15597039461135864,False,False,2.6033995673060417,3.5517001524567604,1.0,-0.4305570125579834,1.0887513160705566,1.0,-0.4871124029159546,847.675537109375,197.28005981445312,847.675537109375,197.28005981445312,False,False,-0.13374822466212805,-0.40445565270519224,0.11297455258145325,False,,False,caught
130,1787621345.193129,7.95432909950614,0.06126559991389513,16.32237342661193,True,89,0.03963700029999018,0.06778240017592907,14.75309220984359,False,False,False,,5.539484024047852,4.527570724487305,7.87229585647583,2.0492897033691406,,,3.4035110473632812,False,0.184075759,0.568147435688,2,1.0,-1.0,1.4142135381698608,0.1840757578611374,-0.1840757578611374,0.2603224217891693,0.12292797863483429,-0.08168983459472656,0.14759579300880432,0.13632047176361084,-0.05724549666047096,0.1478523463010788,0.13632047176361084,-0.05724549666047096,0.1478523463010788,0.1363205909729004,-0.057245731353759766,0.1478525549173355,False,False,1.7087999731302261,2.06959992647171,1.0,-0.34641772508621216,1.0583029985427856,1.0,-0.4305570125579834,867.5631103515625,192.98281860351562,867.5631103515625,192.98281860351562,False,False,-0.12323339063804195,-0.40605093438154416,0.11299722207600892,False,,False,caught
131,1787621345.2569473,8.015081099234521,0.060751999728381634,16.46036351841811,True,90,0.029138699173927307,0.07318369951099157,13.664244998297859,False,False,False,,5.675804615020752,4.470324993133545,8.095765113830566,1.9597402811050415,,,3.4870107173919678,False,0.184075759,0.568147435688,2,1.0,-1.0,1.4142135381698608,0.1840757578611374,-0.1840757578611374,0.2603224217891693,0.1840757578611374,-0.16921454668045044,0.250034898519516,0.16345256567001343,-0.1208605244755745,0.20328307151794434,0.16345256567001343,-0.1208605244755745,0.20328307151794434,0.1634526252746582,-0.12086057662963867,0.2032831609249115,False,False,2.308400347828865,2.453700639307499,1.0,-0.2689690589904785,1.0355405807495117,1.0,-0.34641772508621216,890.4463500976562,188.46800231933594,890.4463500976562,188.46800231933594,False,False,-0.11158389377953365,-0.4085910514097625,0.112998725297052,False,,False,caught
132,1787621345.3141878,8.076546899974346,0.06146580073982477,16.26920967373134,True,91,0.020133400335907936,0.07124819979071617,14.035442340120749,False,False,False,,5.83925724029541,4.349464416503906,8.311424255371094,1.8915061950683594,,,3.4861395359039307,False,0.184075759,0.568147435688,2,1.0,-1.0,1.4142135381698608,0.1840757578611374,-0.1840757578611374,0.2603224217891693,0.1840757578611374,-0.1840757578611374,0.2603224217891693,0.17516961693763733,-0.15677611529827118,0.23508115112781525,0.17516961693763733,-0.15677611529827118,0.23508115112781525,0.1751694679260254,-0.15677595138549805,0.23508092761039734,False,False,1.3504000380635262,2.032499760389328,1.0,-0.2295432686805725,1.0260069370269775,1.0,-0.2689690589904785,912.5299072265625,183.79617309570312,912.5299072265625,183.79617309570312,False,False,-0.1008748124776343,-0.4118593071374418,0.11299946174831846,False,,False,caught
133,1787621345.3735733,8.13788539916277,0.06133849918842316,16.302974693400014,False,,,,,False,False,False,,6.0144267082214355,4.192688465118408,8.505661964416504,1.8430943489074707,,,3.424448251724243,False,0.184075759,0.568147435688,2,1.0,-1.0,1.4142135381698608,0.1840757578611374,-0.1840757578611374,0.2603224217891693,0.1840757578611374,-0.1840757578611374,0.2603224217891693,0.1802295446395874,-0.1722862720489502,0.2493295967578888,0.1802295446395874,-0.1722862720489502,0.2493295967578888,0.18022966384887695,-0.1722865104675293,0.2493298500776291,False,False,1.4090994372963905,2.6711998507380486,0.9829494953155518,-0.219514861702919,1.0071625709533691,1.0,-0.2295432686805725,931.3721313476562,179.3531951904297,931.3721313476562,179.3531951904297,False,False,-0.09161323306408649,-0.4153917727360169,0.1130040194848177,False,,False,caught
134,1787621345.4391718,8.199430499225855,0.061545100063085556,16.248247203676172,True,92,0.0597463995218277,0.0704727005213499,14.18989186737703,False,False,False,,6.1946563720703125,4.020401954650879,8.72779655456543,1.7929093837738037,,,3.373206615447998,False,0.184075759,0.568147435688,2,1.0,-1.0,1.4142135381698608,0.1840757578611374,-0.1840757578611374,0.2603224217891693,0.1840757578611374,-0.1840757578611374,0.2603224217891693,0.18241481482982635,-0.17898455262184143,0.25555944442749023,0.18241481482982635,-0.17898455262184143,0.25555944442749023,0.18241500854492188,-0.1789846420288086,0.25555965304374695,False,False,2.6190998032689095,2.7872007340192795,0.9613040089607239,-0.21013467013835907,0.9840030074119568,0.9829494953155518,-0.219514861702919,952.7888793945312,174.6836395263672,952.7888793945312,174.6836395263672,False,False,-0.08115645192721119,-0.4196733331577076,0.11298715946521888,False,,False,caught
135,1787621345.5034785,8.260653999634087,0.06122350040823221,16.333597284247052,True,93,0.051441400311887264,0.08364409953355789,11.955415929832581,False,False,False,,6.377071380615234,3.8414173126220703,8.937374114990234,1.746544361114502,,,3.308117628097534,False,0.184075759,0.568147435688,2,1.0,-1.0,1.4142135381698608,0.1840757578611374,-0.1840757578611374,0.2603224217891693,0.1840757578611374,-0.1840757578611374,0.2603224217891693,0.1833585500717163,-0.18187715113162994,0.2582627534866333,0.1833585500717163,-0.18187715113162994,0.2582627534866333,0.18335866928100586,-0.18187713623046875,0.25826284289360046,False,False,2.491599880158901,2.853500656783581,0.9480566382408142,-0.21004106104373932,0.9710451364517212,0.9613040089607239,-0.21013467013835907,973.4357299804688,169.83047485351562,973.4357299804688,169.83047485351562,False,False,-0.07129447266187418,-0.4237679336929535,0.11297254272286847,False,,False,caught
136,1787621345.5627058,8.321860999800265,0.06120700016617775,16.338000511134148,True,94,0.039503199979662895,0.06915040034800768,14.46123225559621,False,False,False,,6.56043004989624,3.6595401763916016,9.121103286743164,1.7040454149246216,,,3.221956968307495,False,0.184075759,0.568147435688,2,1.0,-1.0,1.4142135381698608,0.1840757578611374,-0.1840757578611374,0.2603224217891693,0.1840757578611374,-0.1840757578611374,0.2603224217891693,0.18376608192920685,-0.1831262707710266,0.25943246483802795,0.18376608192920685,-0.1831262707710266,0.25943246483802795,0.18376588821411133,-0.18312621116638184,0.25943228602409363,False,False,2.149200066924095,3.014099784195423,0.929245114326477,-0.21664954721927643,0.9541664123535156,0.9480566382408142,-0.21004106104373932,991.09375,164.96102905273438,991.09375,164.96102905273438,False,False,-0.06256749012267256,-0.42728418414519936,0.11295392569196237,False,,False,caught
137,1787621345.6189115,8.383217699825764,0.06135670002549887,16.298138582818435,True,95,0.026490400545299053,0.07314770016819239,13.670969800836485,False,False,False,,6.744195938110352,3.4764139652252197,9.332246780395508,1.6562387943267822,,,3.1640233993530273,False,0.184075759,0.568147435688,2,1.0,-1.0,1.4142135381698608,0.1840757578611374,-0.1840757578611374,0.2603224217891693,0.1840757578611374,-0.1840757578611374,0.2603224217891693,0.18394193053245544,-0.1836656928062439,0.25993791222572327,0.18394193053245544,-0.1836656928062439,0.25993791222572327,0.18394184112548828,-0.18366575241088867,0.2599378824234009,False,False,1.4364998787641525,1.7126994207501411,0.9260153770446777,-0.21048803627490997,0.9496366381645203,0.929245114326477,-0.21664954721927643,1012.5164184570312,160.33834838867188,1012.5164184570312,160.33834838867188,False,False,-0.05254557836641897,-0.4313816186533707,0.11294944849142072,False,,False,caught
138,1787621345.682415,8.444738999940455,0.06152130011469126,16.254532952583045,True,96,0.008845500648021698,0.07436530012637377,13.447131905615056,False,False,False,,6.92813777923584,3.292748212814331,9.53291130065918,1.6073956489562988,,,3.1024601459503174,False,0.184075759,0.568147435688,2,1.0,-1.0,1.4142135381698608,0.1840757578611374,-0.1840757578611374,0.2603224217891693,0.1840757578611374,-0.1840757578611374,0.2603224217891693,0.18401792645454407,-0.1838986873626709,0.2601563632488251,0.18401792645454407,-0.1838986873626709,0.2601563632488251,0.18401813507080078,-0.1838986873626709,0.2601564824581146,False,False,1.8850993365049362,2.376600168645382,0.9336743950843811,-0.20048478245735168,0.9549565315246582,0.9260153770446777,-0.21048803627490997,1033.5350341796875,155.8485870361328,1033.5350341796875,155.8485870361328,False,False,-0.04288530332158263,-0.4351342421462796,0.11294949153212122,False,,False,caught
139,1787621345.7453554,8.506623699329793,0.06188469938933849,16.159083099178474,True,97,0.00294290017336607,0.07916510012000799,12.63182890546566,False,False,False,,7.112155914306641,3.10884952545166,9.738299369812012,1.561414122581482,,,3.048144578933716,False,0.184075759,0.568147435688,2,1.0,-0.78685462474823,1.2724543809890747,0.1840757578611374,-0.14484086632728577,0.2342280149459839,0.1840757578611374,-0.1840757578611374,0.2603224217891693,0.18405087292194366,-0.18399930000305176,0.2602507770061493,0.18405087292194366,-0.18399930000305176,0.2602507770061493,0.1840510368347168,-0.18399930000305176,0.26025089621543884,False,False,1.4483993873000145,2.446599304676056,0.9357913136482239,-0.1776363104581833,0.9525019526481628,0.9336743950843811,-0.20048478245735168,1054.6968994140625,152.4664306640625,1054.6968994140625,152.4664306640625,False,False,-0.03310085208545536,-0.43916453416364687,0.11299078056647005,False,,False,caught
140,1787621345.805112,8.567929199896753,0.06130550056695938,16.311750018381716,False,,,,,False,False,False,,7.296206951141357,2.9248502254486084,9.922194480895996,1.5217196941375732,,,2.9773454666137695,False,0.184075759,0.568147435688,2,1.0,-1.0,1.4142135381698608,0.1840757578611374,-0.1840757578611374,0.2603224217891693,0.1840757578611374,-0.1840757578611374,0.2603224217891693,0.1840650737285614,-0.18404273688793182,0.26029151678085327,0.1840650737285614,-0.18404273688793182,0.26029151678085327,0.1840648651123047,-0.18404269218444824,0.26029133796691895,False,False,1.4219004660844803,2.5581996887922287,0.9244084358215332,-0.1501959264278412,0.9365307092666626,0.9357913136482239,-0.1776363104581833,1072.828369140625,150.03189086914062,1072.828369140625,150.03189086914062,False,False,-0.02436598974208188,-0.44284808149124383,0.1129970198761156,False,,False,caught
141,1787621345.869528,8.629625999368727,0.06169679947197437,16.20829619296942,True,98,0.051630799658596516,0.06778839975595474,14.751786494446005,False,False,False,,7.480271816253662,2.74080753326416,10.130718231201172,1.484447956085205,,,2.9331393241882324,False,0.184075759,0.568147435688,2,1.0,-1.0,1.4142135381698608,0.1840757578611374,-0.1840757578611374,0.2603224217891693,0.1840757578611374,-0.14484086632728577,0.2342280149459839,0.18407106399536133,-0.1617702841758728,0.24505464732646942,0.18407106399536133,-0.1617702841758728,0.24505464732646942,0.18407106399536133,-0.16177034378051758,0.245054692029953,False,False,2.449600026011467,2.607399597764015,0.9081503748893738,-0.11523573100566864,0.915432333946228,0.9244084358215332,-0.1501959264278412,1093.1822509765625,148.32412719726562,1093.1822509765625,148.32412719726562,False,False,-0.014689034618065824,-0.44738104583349647,0.11297062549142844,False,,False,caught
142,1787621345.9318643,8.69097579922527,0.06134979985654354,16.299971676164162,True,99,0.039765999652445316,0.0745952995494008,13.40567041141445,False,False,False,,7.664342880249023,2.5790371894836426,10.330328941345215,1.4566175937652588,,,2.892629861831665,False,0.184075759,0.568147435688,2,1.0,-1.0,1.4142135381698608,0.1840757578611374,-0.1840757578611374,0.2603224217891693,0.1840757578611374,-0.1840757578611374,0.2603224217891693,0.18407373130321503,-0.1744431108236313,0.2536011338233948,0.18407373130321503,-0.1744431108236313,0.2536011338233948,0.18407392501831055,-0.17444300651550293,0.25360122323036194,False,False,2.4348003789782524,3.2106004655361176,0.8842243552207947,-0.0815671980381012,0.8879785537719727,0.9081503748893738,-0.11523573100566864,1112.1524658203125,147.5245819091797,1112.1524658203125,147.5245819091797,False,False,-0.005659894986072597,-0.45208153424303693,0.11292880569156845,False,,False,caught
143,1787621345.9912446,8.753059899434447,0.06208410020917654,16.10718358856382,True,100,0.032283700071275234,0.07293689996004105,13.710481259113788,False,False,False,,7.848416805267334,2.4045941829681396,10.508951187133789,1.4362146854400635,,,2.831289768218994,False,0.184075759,0.568147435688,2,1.0,-1.0,1.4142135381698608,0.1840757578611374,-0.1840757578611374,0.2603224217891693,0.1840757578611374,-0.1840757578611374,0.2603224217891693,0.18407496809959412,-0.17991583049297333,0.2573971748352051,0.18407496809959412,-0.17991583049297333,0.2573971748352051,0.18407487869262695,-0.1799159049987793,0.2573971450328827,False,False,1.8836995586752892,2.3555001243948936,0.852936327457428,-0.044277872890233994,0.854084849357605,0.8842243552207947,-0.0815671980381012,1128.52099609375,147.73110961914062,1128.52099609375,147.73110961914062,False,False,0.0022894610237480482,-0.45649796850761887,0.11295395166662503,False,,False,caught
144,1787621346.0498633,8.813178299926221,0.06011840049177408,16.63384241463358,True,101,0.022223600186407566,0.06956240069121122,14.37558206823566,False,False,False,,8.032491683959961,2.2246782779693604,10.703951835632324,1.419493556022644,,,2.7901651859283447,False,0.184075759,0.568147435688,2,1.0,-1.0,1.4142135381698608,0.1840757578611374,-0.1840757578611374,0.2603224217891693,0.1840757578611374,-0.1840757578611374,0.2603224217891693,0.18407538533210754,-0.1822793185710907,0.2590550184249878,0.18407538533210754,-0.1822793185710907,0.2590550184249878,0.18407535552978516,-0.18227934837341309,0.2590550184249878,False,False,1.4691008254885674,2.0257998257875443,0.8157274127006531,0.000977981835603714,0.8157280087471008,0.852936327457428,-0.044277872890233994,1146.202880859375,148.8244171142578,1146.202880859375,148.8244171142578,False,False,0.010802392231835302,-0.46157727476824884,0.11295663384080895,False,,False,caught
145,1787621346.1132426,8.87449499964714,0.06131669972091913,16.308770768020228,True,102,0.005900200456380844,0.07017889991402626,14.249297170874229,False,False,False,,8.216567039489746,2.0423989295959473,10.861947059631348,1.4131832122802734,,,2.719181537628174,False,0.184075759,0.568147435688,2,1.0,-1.0,1.4142135381698608,0.1840757578611374,-0.1840757578611374,0.2603224217891693,0.1840757578611374,-0.1840757578611374,0.2603224217891693,0.18407559394836426,-0.1832999736070633,0.2597743570804596,0.18407559394836426,-0.1832999736070633,0.2597743570804596,0.18407535552978516,-0.18330001831054688,0.25977420806884766,False,False,1.57180055975914,2.5054002180695534,0.7809289693832397,0.043722230941057205,0.7821519374847412,0.8157274127006531,0.000977981835603714,1160.24365234375,150.85086059570312,1160.24365234375,150.85086059570312,False,False,0.017473190484091863,-0.46602349437402124,0.11297276637581966,False,,False,caught
146,1787621346.1745672,8.935949499718845,0.06145450007170439,16.272201365778123,True,103,3.380049020051956e-05,0.07764519937336445,12.879096300486053,False,False,False,,8.400642395019531,1.8590989112854004,11.042802810668945,1.4146523475646973,,,2.6792805194854736,False,0.184075759,0.568147435688,2,1.0,-0.9958951473236084,1.4113140106201172,0.1840757578611374,-0.18332014977931976,0.2597886919975281,0.1840757578611374,-0.1840757578611374,0.2603224217891693,0.18407559394836426,-0.1837407648563385,0.2600855529308319,0.18407559394836426,-0.1837407648563385,0.2600855529308319,0.18407535552978516,-0.1837407350540161,0.2600853741168976,False,False,1.963900402188301,2.47110053896904,0.7650108933448792,0.08719293773174286,0.7699638605117798,0.7809289693832397,0.043722230941057205,1177.7852783203125,153.73825073242188,1177.7852783203125,153.73825073242188,False,False,0.0248332643819725,-0.47150942228380904,0.11295309785206356,False,,False,caught
147,1787621346.2340722,8.997353599406779,0.06140409968793392,16.285557561826817,False,,,,,False,False,False,,8.584717750549316,1.6753581762313843,11.206295013427734,1.4258909225463867,,,2.633419990539551,False,0.184075759,0.568147435688,2,1.0,-1.0,1.4142135381698608,0.1840757578611374,-0.1840757578611374,0.2603224217891693,0.1840757578611374,-0.1840757578611374,0.2603224217891693,0.18407559394836426,-0.18393108248710632,0.2602200508117676,0.18407559394836426,-0.18393108248710632,0.2602200508117676,0.18407535552978516,-0.1839311122894287,0.26021990180015564,False,False,2.370700240135193,2.939099445939064,0.7228524088859558,0.12378072738647461,0.7333738803863525,0.7650108933448792,0.08719293773174286,1191.9366455078125,157.21670532226562,1191.9366455078125,157.21670532226562,False,False,0.031167170453153595,-0.47691836447134867,0.11288840047823287,False,,False,caught
148,1787621346.2904325,9.04846639931202,0.051112799905240536,19.564570946102116,True,104,0.03867589961737394,0.06731730047613382,14.85502230373205,False,False,False,,8.768793106079102,1.4914270639419556,11.328816413879395,1.4412943124771118,,,2.560514211654663,False,0.184075759,0.568147435688,2,-0.007682323455810547,-1.0,1.000029444694519,-0.0014141295105218887,-0.1840757578611374,0.18408119678497314,0.1840757578611374,-0.18332014977931976,0.2597886919975281,0.18407559394836426,-0.18358400464057922,0.2599748373031616,0.18407559394836426,-0.18358400464057922,0.2599748373031616,0.18407535552978516,-0.18358397483825684,0.2599746286869049,False,False,2.5150999426841736,2.8435997664928436,0.6597091555595398,0.15781086683273315,0.6783217787742615,0.7228524088859558,0.12378072738647461,1200.6033935546875,160.97079467773438,1200.6033935546875,160.97079467773438,False,False,0.03568639683520723,-0.48128759502576113,0.1129360078628098,False,,False,caught
149,1787621346.3455672,9.105365699157119,0.05689929984509945,17.57490870225755,True,105,0.02842330001294613,0.07413689978420734,13.488559717370595,False,False,False,,8.952868461608887,1.3078430891036987,11.467523574829102,1.466496467590332,,,2.5196549892425537,False,0.184075759,0.568147435688,2,1.0,-0.8547428846359253,1.3155171871185303,0.1840757578611374,-0.15733744204044342,0.2421548068523407,0.1840757578611374,-0.1840757578611374,0.2603224217891693,0.18407559394836426,-0.18386337161064148,0.26017218828201294,0.18407559394836426,-0.18386337161064148,0.26017218828201294,0.18407535552978516,-0.18386340141296387,0.260172039270401,False,False,1.7429003491997719,2.059299498796463,0.6060442328453064,0.18878404796123505,0.6347668766975403,0.6597091555595398,0.15781086683273315,1211.509765625,165.5595703125,1211.509765625,165.5595703125,False,False,0.04054798682502486,-0.4865843443766016,0.11297536757337298,False,,False,caught
150,1787621346.4028857,9.167241499759257,0.06187580060213804,16.16140704877516,True,106,0.025144699960947037,0.0668884003534913,14.950275305063474,False,False,False,,9.136943817138672,1.1239796876907349,11.603970527648926,1.4994064569473267,,,2.495429039001465,False,0.184075759,0.568147435688,2,1.0,-1.0,1.4142135381698608,0.1840757578611374,-0.1840757578611374,0.2603224217891693,-0.0014141295105218887,-0.1840757578611374,0.18408119678497314,0.07868998497724533,-0.18398404121398926,0.20010557770729065,0.07868998497724533,-0.18398404121398926,0.20010557770729065,0.0786895751953125,-0.18398404121398926,0.20010541379451752,False,False,1.483200117945671,1.77800003439188,0.5270302891731262,0.21998503804206848,0.5710992217063904,0.6060442328453064,0.18878404796123505,1220.6273193359375,170.970458984375,1220.6273193359375,170.970458984375,False,False,0.04506263052523886,-0.492160254235249,0.11294717016004348,False,,False,caught
151,1787621346.4647665,9.229090799577534,0.06184929981827736,16.16833178286823,True,107,0.017002999782562256,0.06515350006520748,15.348369604076089,False,False,False,,9.215633392333984,0.9399956464767456,11.728286743164062,1.5427438020706177,,,2.583937406539917,False,0.184075759,0.568147435688,2,1.0,-1.0,1.4142135381698608,0.1840757578611374,-0.1840757578611374,0.2603224217891693,0.1840757578611374,-0.15733744204044342,0.2421548068523407,0.13856446743011475,-0.16884484887123108,0.21842320263385773,0.13856446743011475,-0.16884484887123108,0.21842320263385773,0.1385641098022461,-0.1688448190689087,0.21842294931411743,False,False,1.4374004676938057,1.7281994223594666,0.45521754026412964,0.22755034267902374,0.5089225769042969,0.5270302891731262,0.21998503804206848,1228.945068359375,175.9879150390625,1228.945068359375,175.9879150390625,False,False,0.048731320914681485,-0.4978373963517817,0.11296573998009132,False,,False,caught
152,1787621346.5290875,9.29035839997232,0.061267600394785404,16.321840476146864,True,108,0.010512400418519974,0.06999169941991568,14.28740848254724,False,False,False,,9.35419750213623,0.7711508274078369,11.837082862854004,1.58962881565094,,,2.614311695098877,False,0.184075759,0.568147435688,2,1.0,0.6390524506568909,1.1867552995681763,0.1840757578611374,0.11763406544923782,0.21845287084579468,0.1840757578611374,-0.1840757578611374,0.2603224217891693,0.1644214391708374,-0.1774982362985611,0.24195048213005066,0.1644214391708374,-0.1774982362985611,0.24195048213005066,0.16442108154296875,-0.1774982213973999,0.24195022881031036,False,False,1.7250003293156624,2.4383999407291412,0.4164721965789795,0.24651651084423065,0.4839622676372528,0.45521754026412964,0.22755034267902374,1237.705322265625,182.09405517578125,1237.705322265625,182.09405517578125,False,False,0.05164286418659819,-0.5032052967297456,0.11292245394636506,False,,False,caught
153,1787621346.5892987,9.35158779937774,0.061229399405419827,16.332023663643568,True,109,0.002201000228524208,0.06775800045579672,14.758404812319837,False,False,False,,9.5186185836792,0.593652606010437,11.917203903198242,1.6330480575561523,,,2.6141068935394287,False,0.184075759,0.568147435688,2,1.0,-0.5695701241493225,1.1508302688598633,0.1840757578611374,-0.10484404861927032,0.2118399292230606,0.1840757578611374,-0.1840757578611374,0.2603224217891693,0.17558783292770386,-0.18123522400856018,0.2523435950279236,0.17558783292770386,-0.18123522400856018,0.2523435950279236,0.17558765411376953,-0.18123522400856018,0.25234347581863403,False,False,1.5901001170277596,3.097100183367729,0.38455623388290405,0.2763976454734802,0.4735811948776245,0.4164721965789795,0.24651651084423065,1243.9488525390625,188.52333068847656,1243.9488525390625,188.52333068847656,False,False,0.053489186823891394,-0.5075534357091658,0.11291513803470796,False,,False,caught
154,1787621346.6505482,9.412856199778616,0.061268400400877,16.321627355325667,False,,,,,False,False,False,,9.694206237792969,0.41241738200187683,12.006394386291504,1.6904393434524536,,,2.6418845653533936,False,0.184075759,0.568147435688,2,1.0,1.0,1.4142135381698608,0.1840757578611374,0.1840757578611374,0.2603224217891693,0.1840757578611374,0.11763406544923782,0.21845287084579468,0.18041014671325684,-0.011433407664299011,0.1807720810174942,0.18041014671325684,-0.011433407664299011,0.1807720810174942,0.18041038513183594,-0.011433392763137817,0.1807723194360733,False,False,2.398899756371975,2.028600312769413,0.36131614446640015,0.31333693861961365,0.47825661301612854,0.38455623388290405,0.2763976454734802,1251.654052734375,196.86068725585938,1251.654052734375,196.86068725585938,False,False,0.05524064556191075,-0.5127949892035205,0.1129144737950018,False,,False,caught
155,1787621346.7146723,9.474359099753201,0.06150289997458458,16.259395905123814,True,110,0.054254899732768536,0.06954909954220057,14.378331374272161,False,False,False,,9.874616622924805,0.400983989238739,12.077544212341309,1.7443735599517822,,,2.5802297592163086,False,0.184075759,0.568147435688,2,1.0,0.7704353332519531,1.2623670101165771,0.1840757578611374,0.14181846380233765,0.23237116634845734,0.1840757578611374,-0.10484404861927032,0.2118399292230606,0.18249285221099854,-0.06450441479682922,0.19355738162994385,0.18249285221099854,-0.06450441479682922,0.19355738162994385,0.1824932098388672,-0.06450441479682922,0.1935577094554901,False,False,2.7531003579497337,1.8706005066633224,0.37116703391075134,0.36860552430152893,0.5231013298034668,0.36131614446640015,0.31333693861961365,1259.5450439453125,205.98825073242188,1259.5450439453125,205.98825073242188,False,False,0.05636416919042254,-0.5173363295896981,0.11292644492643286,False,,False,caught
156,1787621346.7749033,9.535090499557555,0.060731399804353714,16.465946828518714,True,111,0.04138460010290146,0.07107309997081757,14.070020871618059,False,False,False,,10.057109832763672,0.3364795744419098,12.154852867126465,1.815790057182312,,,2.566882371902466,False,0.184075759,0.568147435688,2,1.0,-1.0,1.4142135381698608,0.1840757578611374,-0.1840757578611374,0.2603224217891693,0.1840757578611374,0.1840757578611374,0.2603224217891693,0.18339233100414276,0.07672576606273651,0.198795348405838,0.18339233100414276,0.07672576606273651,0.198795348405838,0.18339252471923828,0.07672575116157532,0.19879552721977234,False,False,2.6436997577548027,3.015299327671528,0.3644697070121765,0.41447684168815613,0.5519322752952576,0.37116703391075134,0.36860552430152893,1267.050048828125,216.3571014404297,1267.050048828125,216.3571014404297,False,False,0.05715476779071081,-0.5228355617346236,0.11293477283880521,False,,False,caught
157,1787621346.8384395,9.596488199196756,0.061397699639201164,16.287255155753762,True,112,0.03049009945243597,0.07324500009417534,13.652809047911012,False,False,False,,10.24050235748291,0.4132053256034851,12.235443115234375,1.8968044519424438,,,2.4861323833465576,False,0.184075759,0.568147435688,2,1.0,1.0,1.4142135381698608,0.1840757578611374,0.1840757578611374,0.2603224217891693,0.1840757578611374,0.14181846380233765,0.23237116634845734,0.183780699968338,0.1137080118060112,0.21611307561397552,0.183780699968338,0.1137080118060112,0.21611307561397552,0.18378067016601562,0.1137080192565918,0.21611304581165314,False,False,2.5059999898076057,2.8152000159025192,0.39000946283340454,0.4976847171783447,0.6322953701019287,0.3644697070121765,0.41447684168815613,1276.87158203125,230.0795135498047,1276.87158203125,230.0795135498047,False,False,0.05775826465955008,-0.528854460805422,0.11287152263693269,False,,False,caught
158,1787621346.8976953,9.657955300062895,0.061467100866138935,16.268865554237994,True,113,0.025034500285983086,0.0722881006076932,13.833535417218805,False,False,False,,10.424283027648926,0.5269133448600769,12.308558464050293,1.982917308807373,,,2.3812689781188965,False,0.184075759,0.568147435688,2,1.0,1.0,1.4142135381698608,0.1840757578611374,0.1840757578611374,0.2603224217891693,0.1840757578611374,-0.1840757578611374,0.2603224217891693,0.1839483231306076,-0.055477067828178406,0.19213196635246277,0.1839483231306076,-0.055477067828178406,0.19213196635246277,0.18394851684570312,-0.0554770827293396,0.1921321600675583,False,False,1.4094999060034752,2.4825995787978172,0.4123203158378601,0.5930252075195312,0.7222790122032166,0.39000946283340454,0.4976847171783447,1285.7293701171875,245.0991668701172,1285.7293701171875,245.0991668701172,False,False,0.057882694570857776,-0.534867074899301,0.11284950296353045,False,,False,caught
159,1787621346.9572694,9.719560999423265,0.061605699360370636,16.232264390837745,True,114,0.006395899690687656,0.06692569982260466,14.94194311976761,False,False,False,,10.608231544494629,0.4714362621307373,12.395919799804688,2.101020336151123,,,2.4189612865448,False,0.184075759,0.568147435688,2,1.0,0.738784670829773,1.2433031797409058,0.1840757578611374,0.13599234819412231,0.2288619726896286,0.1840757578611374,0.1840757578611374,0.2603224217891693,0.18402081727981567,0.08062424510717392,0.20090776681900024,0.18402081727981567,0.08062425255775452,0.20090776681900024,0.18402099609375,0.08062422275543213,0.20090791583061218,False,False,1.975400373339653,2.3374995216727257,0.3696678578853607,0.6773398518562317,0.7716498970985413,0.4123203158378601,0.5930252075195312,1292.0545654296875,262.778076171875,1292.0545654296875,262.778076171875,False,False,0.057521840533898944,-0.5427127156818784,0.11287442469386999,False,,False,caught
160,1787621347.0173683,9.780686399899423,0.061125400476157665,16.35981101489971,False,,,,,False,False,False,,10.792252540588379,0.5520604848861694,12.483738899230957,2.2367751598358154,,,2.3873393535614014,False,0.184075759,0.568147435688,2,1.0,0.06410682201385498,1.0020527839660645,0.1840757578611374,0.011800511740148067,0.18445362150669098,0.1840757578611374,0.1840757578611374,0.2603224217891693,0.18405210971832275,0.1393999457359314,0.23088422417640686,0.18405210971832275,0.1393999457359314,0.23088422417640686,0.1840524673461914,0.1393999457359314,0.23088450729846954,False,False,1.5682000666856766,1.870499923825264,0.35558509826660156,0.7833040952682495,0.8602360486984253,0.3696678578853607,0.6773398518562317,1300.1820068359375,283.6681823730469,1300.1820068359375,283.6681823730469,False,False,0.056589786219510496,-0.551335476941024,0.11293682612001688,False,,False,caught
161,1787621347.0817838,9.842047999612987,0.06136159971356392,16.29683718592739,True,115,0.060891199856996536,0.08023709990084171,12.463062613626564,False,False,False,,10.97630500793457,0.6914604306221008,12.554999351501465,2.373181104660034,,,2.306612253189087,False,0.184075759,0.568147435688,2,0.6316254138946533,0.1893000602722168,0.6593824028968811,0.11626692861318588,0.03484555333852768,0.12137632071971893,0.1840757578611374,0.13599234819412231,0.2288619726896286,0.18406569957733154,0.13746392726898193,0.22973139584064484,0.18406569957733154,0.13746392726898193,0.22973139584064484,0.1840658187866211,0.13746392726898193,0.2297315001487732,False,False,2.0837001502513885,3.1001996248960495,0.34179240465164185,0.9401521682739258,1.0003539323806763,0.35558509826660156,0.7833040952682495,1306.631591796875,307.826171875,1306.631591796875,307.826171875,False,False,0.054957787666260596,-0.5594697772108311,0.11296143394304896,False,,False,caught
162,1787621347.1430287,9.903211999684572,0.06116400007158518,16.34948660698481,True,116,0.056355600245296955,0.0684140995144844,14.616870017974634,False,False,False,,11.160370826721191,0.8289243578910828,12.636351585388184,2.555408000946045,,,2.2714014053344727,False,0.184075759,0.568147435688,2,1.0,1.0,1.4142135381698608,0.1840757578611374,0.1840757578611374,0.2603224217891693,0.1840757578611374,0.011800511740148067,0.18445362150669098,0.18407146632671356,0.06606858223676682,0.19556932151317596,0.18407146632671356,0.06606858223676682,0.19556932151317596,0.18407154083251953,0.06606858968734741,0.19556941092014313,False,False,2.271500416100025,2.6714997366070747,0.29093867540359497,1.0,1.041463017463684,0.34179240465164185,0.9401521682739258,1311.8377685546875,330.6867370605469,1311.8377685546875,330.6867370605469,False,False,0.05221480702918048,-0.5698928360044008,0.11293703119955716,False,,False,caught
163,1787621347.2053456,9.964504200033844,0.0612922003492713,16.315289617627325,True,117,0.04602090083062649,0.06527900043874979,15.318862011961771,False,False,False,,11.344442367553711,0.8949929475784302,12.704316139221191,2.765805244445801,,,2.312832832336426,False,0.184075759,0.568147435688,2,0.7470495104789734,1.0,1.2482320070266724,0.13751371204853058,0.1840757578611374,0.2297692447900772,0.11626692861318588,0.03484555333852768,0.12137632071971893,0.1455485224723816,0.04832930117845535,0.15336261689662933,0.1455485224723816,0.04832930117845535,0.15336261689662933,0.14554882049560547,0.048329293727874756,0.15336290001869202,False,False,1.6871001571416855,2.2148005664348602,0.24631863832473755,1.0,1.029889702796936,0.29093867540359497,1.0,1316.0557861328125,352.73638916015625,1316.0557861328125,352.73638916015625,False,False,0.04799457675486177,-0.581105547313049,0.11289697313788848,False,,False,caught
164,1787621347.2637186,10.026005799882114,0.061501599848270416,16.259739624124958,True,118,0.028076600283384323,0.07163059990853071,13.960514099797548,False,False,False,,11.489991188049316,0.9433222413063049,12.757719039916992,2.960533618927002,,,2.382493495941162,False,0.184075759,0.568147435688,2,0.7834327220916748,1.0,1.2703412771224976,0.14421097934246063,0.1840757578611374,0.2338390201330185,0.1840757578611374,0.1840757578611374,0.2603224217891693,0.16743779182434082,0.12545329332351685,0.2092222273349762,0.16743779182434082,0.12545329332351685,0.2092222273349762,0.16743755340576172,0.12545329332351685,0.20922203361988068,False,False,2.2779004648327827,2.458999864757061,0.20398348569869995,1.0,1.0205925703048706,0.24631863832473755,1.0,1318.9232177734375,373.1439208984375,1318.9232177734375,373.1439208984375,False,False,0.04371304153585861,-0.5911626764179415,0.11294877162329206,False,,False,caught
165,1787621347.3267958,10.088029399514198,0.06202359963208437,16.12289525167622,True,119,0.020062699913978577,0.07944170013070107,12.587847419614068,False,False,False,,11.657428741455078,1.0687755346298218,12.810735702514648,3.17854905128479,,,2.4044253826141357,False,0.184075759,0.568147435688,2,1.0,1.0,1.4142135381698608,0.1840757578611374,0.1840757578611374,0.2603224217891693,0.13751371204853058,0.1840757578611374,0.2297692447900772,0.1504364013671875,0.15875950455665588,0.21871373057365417,0.1504364013671875,0.15875950455665588,0.21871373057365417,0.1504364013671875,0.1587594747543335,0.2187137007713318,False,False,2.5269994512200356,2.3819999769330025,0.1303483545780182,1.0,1.0084595680236816,0.20398348569869995,1.0,1319.827880859375,395.991943359375,1319.827880859375,395.991943359375,False,False,0.03865925869292439,-0.6021803505656856,0.1129065827492017,False,,False,caught
166,1787621347.389218,10.149500199593604,0.06147080007940531,16.26788652023796,True,120,0.014387399889528751,0.07011239975690842,14.262812333726554,False,False,False,,11.807865142822266,1.2275350093841553,12.846817970275879,3.3941447734832764,,,2.4028358459472656,False,0.184075759,0.568147435688,2,0.3387404680252075,1.0,1.0558148622512817,0.06235390901565552,0.1840757578611374,0.19434992969036102,0.14421097934246063,0.1840757578611374,0.2338390201330185,0.14689944684505463,0.17314285039901733,0.2270636409521103,0.14689944684505463,0.17314285039901733,0.2270636409521103,0.14689922332763672,0.1731429100036621,0.22706353664398193,False,False,2.217399887740612,2.5015007704496384,0.03512454777956009,1.0,1.0006166696548462,0.1303483545780182,1.0,1317.672119140625,418.58636474609375,1317.672119140625,418.58636474609375,False,False,0.03301486964845081,-0.6125421242799491,0.11282176244016415,False,,False,caught
167,1787621347.44753,10.210840599611402,0.06134040001779795,16.3024694933494,True,121,0.005769999697804451,0.06707859970629215,14.907884248904459,False,False,False,,11.954764366149902,1.4006779193878174,12.866138458251953,3.6110799312591553,,,2.390916109085083,False,0.184075759,0.568147435688,2,0.15317857265472412,1.0,1.011663794517517,0.028196461498737335,0.1840757578611374,0.18622277677059174,0.1840757578611374,0.1840757578611374,0.2603224217891693,0.16802097856998444,0.17935436964035034,0.2457621693611145,0.16802097856998444,0.17935436964035034,0.2457621693611145,0.16802120208740234,0.17935442924499512,0.24576236307621002,False,False,1.7750002443790436,2.141200006008148,-0.10321348160505295,1.0,1.005312442779541,0.03512454777956009,1.0,1311.151123046875,441.3211975097656,1311.151123046875,441.3211975097656,False,False,0.026667564482333542,-0.6224158042149244,0.11293601546678553,False,,False,caught
168,1787621347.5106015,10.272401499561965,0.06156089995056391,16.24407701646733,False,,,,,False,False,False,,12.122785568237305,1.5800323486328125,12.863120079040527,3.8055574893951416,,,2.345433235168457,False,0.184075759,0.568147435688,2,-0.2451397180557251,1.0,1.0296084880828857,-0.04512428119778633,0.1840757578611374,0.18952594697475433,0.06235390901565552,0.1840757578611374,0.19434992969036102,0.10798660665750504,0.1820368468761444,0.2116566151380539,0.10798660665750504,0.1820368468761444,0.2116566151380539,0.1079864501953125,0.1820368766784668,0.2116565704345703,False,False,2.5294004008173943,2.9234997928142548,-0.2775881290435791,1.0,1.0378127098083496,-0.10321348160505295,1.0,1300.1285400390625,461.70245361328125,1300.1285400390625,461.70245361328125,False,False,0.02017544155655107,-0.6306194115479092,0.11288573493668894,False,,False,caught
169,1787621347.575808,10.333930899389088,0.06152939982712269,16.252393210557393,True,122,0.05676039960235357,0.06995020061731339,14.295884660443559,False,False,False,,12.230772018432617,1.7620692253112793,12.828568458557129,4.029083728790283,,,2.3445074558258057,False,0.184075759,0.568147435688,2,1.0,1.0,1.4142135381698608,0.1840757578611374,0.1840757578611374,0.2603224217891693,0.028196461498737335,0.1840757578611374,0.18622277677059174,0.06265397369861603,0.18319526314735413,0.19361308217048645,0.06265397369861603,0.18319526314735413,0.19361308217048645,0.0626535415649414,0.18319523334503174,0.19361290335655212,False,False,2.333899959921837,2.606600522994995,-0.44311395287513733,1.0,1.0937778949737549,-0.2775881290435791,1.0,1286.4205322265625,485.12799072265625,1286.4205322265625,485.12799072265625,False,False,0.01148951593090313,-0.6390715856454514,0.112972890354519,False,,False,caught
170,1787621347.6323082,10.395606499165297,0.0616755997762084,16.213867455339344,True,123,0.03519639931619167,0.07249389961361885,13.79426414263605,False,False,False,,12.293425559997559,1.945264458656311,12.750906944274902,4.244781017303467,,,2.3445823192596436,False,0.184075759,0.568147435688,2,1.0,1.0,1.4142135381698608,0.1840757578611374,0.1840757578611374,0.2603224217891693,-0.04512428119778633,0.1840757578611374,0.18952594697475433,0.0014198478311300278,0.1836954951286316,0.18370097875595093,0.001419849693775177,0.1836954951286316,0.18370097875595093,0.0014200210571289062,0.18369543552398682,0.18370091915130615,False,False,1.2942999601364136,1.616399735212326,-0.5887282490730286,1.0,1.1604313850402832,-0.44311395287513733,1.0,1269.5213623046875,507.7330627441406,1269.5213623046875,507.7330627441406,False,False,0.0013635132511772338,-0.6458529828881315,0.11292401164933202,False,,False,caught
171,1787621347.6958702,10.457164799794555,0.061558300629258156,16.244762928441013,True,124,0.016189600341022015,0.082850799895823,12.069889503268584,False,False,False,,12.294845581054688,2.128959894180298,12.65308666229248,4.440880298614502,,,2.3395111560821533,False,0.184075759,0.568147435688,2,1.0,1.0,1.4142135381698608,0.1840757578611374,0.1840757578611374,0.2603224217891693,0.1840757578611374,0.1840757578611374,0.2603224217891693,0.10519541054964066,0.1839115172624588,0.21187147498130798,0.10519541054964066,0.1839115172624588,0.21187147498130798,0.1051950454711914,0.18391156196594238,0.21187132596969604,False,False,1.6464004293084145,2.0597996190190315,-0.6898605227470398,1.0,1.2148693799972534,-0.5887282490730286,1.0,1253.291015625,528.2842407226562,1253.291015625,528.2842407226562,False,False,-0.008891602912362415,-0.651169733144877,0.11289216201407518,False,,False,caught
172,1787621347.7583337,10.518589399755001,0.06142459996044636,16.28012230676208,True,125,0.005617800168693066,0.08056560065597296,12.412245323784626,False,False,False,,12.400040626525879,2.3128714561462402,12.51130199432373,4.662017822265625,,,2.3517796993255615,False,0.184075759,0.568147435688,2,1.0,1.0,1.4142135381698608,0.1840757578611374,0.1840757578611374,0.2603224217891693,0.1840757578611374,0.1840757578611374,0.2603224217891693,0.15001091361045837,0.18400484323501587,0.23740483820438385,0.15001091361045837,0.18400484323501587,0.23740483820438385,0.1500110626220703,0.1840047836303711,0.23740488290786743,False,False,2.0744996145367622,1.7809998244047165,-0.8237560391426086,1.0,1.2955979108810425,-0.6898605227470398,1.0,1230.545654296875,551.45947265625,1230.545654296875,551.45947265625,False,False,-0.021656963691097535,-0.656188974672346,0.11287285731829996,False,,False,caught
173,1787621347.817087,10.580398599617183,0.06180919986218214,16.17882131187154,False,,,,,False,False,False,,12.55005168914795,2.4968762397766113,12.37413501739502,4.852112770080566,,,2.3617970943450928,False,0.184075759,0.568147435688,2,1.0,1.0,1.4142135381698608,0.1840757578611374,0.1840757578611374,0.2603224217891693,0.1840757578611374,0.1840757578611374,0.2603224217891693,0.1693648397922516,0.18404510617256165,0.2501140832901001,0.1693648397922516,0.18404510617256165,0.2501140832901001,0.16936492919921875,0.18404507637023926,0.2501141130924225,False,False,2.0406004041433334,3.108600154519081,-0.9322392344474792,1.0,1.3671393394470215,-0.8237560391426086,1.0,1209.8345947265625,571.3814086914062,1209.8345947265625,571.3814086914062,False,False,-0.033184285076885006,-0.6600229945817191,0.1129681106735648,False,,False,caught
174,1787621347.8815496,10.641764499247074,0.06136589962989092,16.29569526449029,True,126,0.06026989966630936,0.07199869956821203,13.88913974831717,False,False,False,,12.719416618347168,2.6809213161468506,12.183403968811035,5.073208808898926,,,2.451601266860962,False,0.184075759,0.568147435688,2,1.0,1.0,1.4142135381698608,0.1840757578611374,0.1840757578611374,0.2603224217891693,0.1840757578611374,0.1840757578611374,0.2603224217891693,0.17772284150123596,0.18406251072883606,0.2558601498603821,0.17772284150123596,0.18406251072883606,0.2558601498603821,0.17772293090820312,0.18406248092651367,0.25586017966270447,False,False,2.3427996784448624,2.888699993491173,-1.0,1.0,1.4142135381698608,-0.9322392344474792,1.0,1186.1405029296875,594.5523071289062,1186.1405029296875,594.5523071289062,False,False,-0.047758542304869735,-0.6635238679838604,0.11296388084229708,False,,False,caught
175,1787621347.9407794,10.703013299964368,0.061248800717294216,16.326850294027714,True,127,0.0530476002022624,0.06880259979516268,14.534334501562066,False,False,False,,12.897139549255371,2.8649837970733643,11.975790977478027,5.2854838371276855,,,2.58992338180542,False,0.184075759,0.568147435688,2,0.1527692675590515,1.0,1.0116019248962402,0.028121119365096092,0.1840757578611374,0.18621139228343964,0.1840757578611374,0.1840757578611374,0.2603224217891693,0.1813322752714157,0.18407002091407776,0.25838568806648254,0.1813322752714157,0.18407002091407776,0.25838568806648254,0.18133258819580078,0.18407011032104492,0.2583859860897064,False,False,1.468299888074398,2.228899858891964,-1.0,1.0,1.4142135381698608,-1.0,1.0,1164.8809814453125,616.7987060546875,1164.8809814453125,616.7987060546875,False,False,-0.06263860626957785,-0.666133488228282,0.11298592627625509,False,,False,caught
176,1787621348.0031328,10.76431979984045,0.061306499876081944,16.31148413335107,True,128,0.03266429994255304,0.06818340066820383,14.666326264162606,False,False,False,,13.078472137451172,3.049053907394409,11.75854778289795,5.50426721572876,,,2.7875208854675293,False,0.184075759,0.568147435688,2,-0.4322463274002075,1.0,1.0894204378128052,-0.07956606894731522,0.1840757578611374,0.20053589344024658,0.1840757578611374,0.1840757578611374,0.2603224217891693,0.1828911155462265,0.1840733289718628,0.2594843804836273,0.1828911155462265,0.1840733289718628,0.2594843804836273,0.1828908920288086,0.18407320976257324,0.2594841718673706,False,False,1.4477996155619621,1.765499822795391,-1.0,1.0,1.4142135381698608,-1.0,1.0,1142.63525390625,639.7271728515625,1142.63525390625,639.7271728515625,False,False,-0.07801590746962342,-0.6687102697496085,0.11299410603820695,False,,False,caught
177,1787621348.0635962,10.825823799706995,0.0615039998665452,16.259105134135268,True,129,0.028071300126612186,0.081696099601686,12.240486447646303,False,False,False,,13.26136302947998,3.2331271171569824,11.56118392944336,5.6986823081970215,,,2.994924306869507,False,0.184075759,0.568147435688,2,-0.3706691265106201,1.0,1.0664875507354736,-0.06823120266199112,0.1840757578611374,0.1963144987821579,0.028121119365096092,0.1840757578611374,0.18621139228343964,0.0949588492512703,0.18407465517520905,0.2071247547864914,0.0949588492512703,0.18407465517520905,0.2071247547864914,0.09495925903320312,0.18407464027404785,0.20712491869926453,False,False,2.0341994240880013,2.6827994734048843,-0.881890058517456,1.0,1.333315372467041,-1.0,1.0,1129.681884765625,660.1019287109375,1129.681884765625,660.1019287109375,False,False,-0.09177446735583004,-0.6708590428700307,0.11293365463347972,False,,False,caught
178,1787621348.1258368,10.887102699838579,0.061278900131583214,16.318830753370506,True,130,0.01763209979981184,0.06610010005533695,15.128570140783918,False,False,False,,13.356322288513184,3.4172017574310303,11.344871520996094,5.920147895812988,,,3.2110238075256348,False,0.184075759,0.568147435688,2,-1.0,1.0,1.4142135381698608,-0.1840757578611374,0.1840757578611374,0.2603224217891693,-0.07956606894731522,0.1840757578611374,0.20053589344024658,-0.0041968561708927155,0.184075266122818,0.18412309885025024,-0.004196852445602417,0.184075266122818,0.18412309885025024,-0.004197120666503906,0.18407535552978516,0.1841232031583786,False,False,1.8143001943826675,2.382200211286545,-0.7116754651069641,0.8951547145843506,1.1435837745666504,-0.881890058517456,1.0,1117.989501953125,676.7188110351562,1117.989501953125,676.7188110351562,False,False,-0.10703042416226848,-0.6735462205782109,0.1129426169888219,False,,False,caught
179,1787621348.1871572,10.949002499692142,0.06189979985356331,16.155141088754817,True,131,0.007721500471234322,0.07172190025448799,13.942742683221434,False,False,False,,13.35212516784668,3.6012771129608154,11.170129776000977,6.1317548751831055,,,3.341320514678955,False,0.184075759,0.568147435688,2,-0.34087860584259033,1.0,1.0565028190612793,-0.06274748593568802,0.1840757578611374,0.19447655975818634,-0.06823120266199112,0.1840757578611374,0.1963144987821579,-0.04057791829109192,0.18407559394836426,0.18849506974220276,-0.04057791829109192,0.18407559394836426,0.18849506974220276,-0.04057788848876953,0.18407559394836426,0.18849505484104156,False,False,1.4990000054240227,1.722400076687336,-0.598648190498352,0.823557436466217,1.01814866065979,-0.7116754651069641,0.8951547145843506,1107.0404052734375,694.3931884765625,1107.0404052734375,694.3931884765625,False,False,-0.12028933218844845,-0.6770462366194274,0.1129542819514289,False,,False,caught
180,1787621348.247485,11.0098069999367,0.06080450024455786,16.44615112332088,False,,,,,False,False,False,,13.31154727935791,3.7853527069091797,11.040351867675781,6.29683256149292,,,3.386127471923828,False,0.184075759,0.568147435688,2,-1.0,0.44090092182159424,1.0928832292556763,-0.1840757578611374,0.08115917444229126,0.2011733055114746,-0.1840757578611374,0.1840757578611374,0.2603224217891693,-0.12210583686828613,0.18407568335533142,0.22089295089244843,-0.12210583686828613,0.18407568335533142,0.22089295089244843,-0.12210559844970703,0.18407559394836426,0.2208927422761917,False,False,1.6372008249163628,2.6044007390737534,-0.5273960828781128,0.7651710510253906,0.9293187260627747,-0.598648190498352,0.823557436466217,1098.1287841796875,708.0220336914062,1098.1287841796875,708.0220336914062,False,False,-0.13033236213310598,-0.6799576313825111,0.11296074157927022,False,,False,caught
181,1787621348.3115084,11.071245599538088,0.06143859960138798,16.276412654063957,True,132,0.06004909984767437,0.0718022994697094,13.927130570823309,False,False,False,,13.189441680908203,3.969428300857544,10.915838241577148,6.474484443664551,,,3.382983684539795,False,0.184075759,0.568147435688,2,-1.0,1.0,1.4142135381698608,-0.1840757578611374,0.1840757578611374,0.2603224217891693,-0.06274748593568802,0.1840757578611374,0.19447655975818634,-0.08838143944740295,0.18407568335533142,0.2041938751935959,-0.08838143944740295,0.18407568335533142,0.2041938751935959,-0.08838176727294922,0.18407559394836426,0.20419393479824066,False,False,2.2352999076247215,2.7553001418709755,-0.5182794332504272,0.7459802031517029,0.9083501696586609,-0.5273960828781128,0.7651710510253906,1085.9388427734375,725.4332275390625,1085.9388427734375,725.4332275390625,False,False,-0.14051299317498345,-0.6835254310076471,0.11302401683747851,False,,False,caught
182,1787621348.3738766,11.132034499198198,0.060788899660110474,16.450371788127587,True,133,0.05162569973617792,0.07026560045778751,14.231714999728155,False,False,False,,13.101059913635254,4.153503894805908,10.805697441101074,6.636821746826172,,,3.381649971008301,False,0.184075759,0.568147435688,2,-1.0,1.0,1.4142135381698608,-0.1840757578611374,0.1840757578611374,0.2603224217891693,-0.1840757578611374,0.08115917444229126,0.2011733055114746,-0.14275005459785461,0.12560389935970306,0.19014184176921844,-0.14275005459785461,0.12560389935970306,0.19014184176921844,-0.14274978637695312,0.12560367584228516,0.1901414841413498,False,False,2.2376999258995056,2.6757000014185905,-0.4943090081214905,0.7143832445144653,0.8687259554862976,-0.5182794332504272,0.7459802031517029,1076.133056640625,740.4593505859375,1076.133056640625,740.4593505859375,False,False,-0.1496392718812322,-0.6868800548537771,0.11294312427839898,False,,False,caught
183,1787621348.4321089,11.193279599770904,0.06124510057270527,16.32783668650981,True,134,0.03866109997034073,0.06886240001767874,14.521712861347767,False,False,False,,12.9583101272583,4.279107570648193,10.70103645324707,6.780246257781982,,,3.3691213130950928,False,0.184075759,0.568147435688,2,-1.0,0.28920984268188477,1.040981411933899,-0.1840757578611374,0.053236521780490875,0.19161944091320038,-0.1840757578611374,0.1840757578611374,0.2603224217891693,-0.1662290394306183,0.15882444381713867,0.22990714013576508,-0.1662290394306183,0.15882444381713867,0.22990714013576508,-0.166229248046875,0.15882444381713867,0.2299073040485382,False,False,2.4345004931092262,2.894800156354904,-0.491748571395874,0.7208132743835449,0.8725757598876953,-0.4943090081214905,0.7143832445144653,1065.5731201171875,755.89453125,1065.5731201171875,755.89453125,False,False,-0.1579545973343569,-0.689616537021854,0.11297870166576246,False,,False,caught
184,1787621348.4955552,11.254823599942029,0.061544000171124935,16.24853758643361,True,135,0.02980130072683096,0.07420409936457872,13.476344414434728,False,False,False,,12.792080879211426,4.437932014465332,10.592010498046875,6.936967372894287,,,3.3294875621795654,False,0.184075759,0.568147435688,2,-1.0,1.0,1.4142135381698608,-0.1840757578611374,0.1840757578611374,0.2603224217891693,-0.1840757578611374,0.1840757578611374,0.2603224217891693,-0.17636869847774506,0.17317092418670654,0.24717217683792114,-0.17636869847774506,0.17317092418670654,0.24717217683792114,-0.17636871337890625,0.1731710433959961,0.2471722811460495,False,False,2.780299633741379,2.560599707067013,-0.5249019861221313,0.7328236103057861,0.9014169573783875,-0.491748571395874,0.7208132743835449,1052.371826171875,773.0741577148438,1052.371826171875,773.0741577148438,False,False,-0.1668050301441735,-0.6927531863967411,0.11293935026494209,False,,False,caught
185,1787621348.5544887,11.316689799539745,0.06186619959771633,16.16391513463699,True,136,0.02307800017297268,0.0704115005210042,14.202225383645866,False,False,False,,12.61571216583252,4.611103057861328,10.482414245605469,7.093464374542236,,,3.2730836868286133,False,0.184075759,0.568147435688,2,-1.0,1.0,1.4142135381698608,-0.1840757578611374,0.1840757578611374,0.2603224217891693,-0.1840757578611374,0.053236521780490875,0.19161944091320038,-0.18074744939804077,0.10503055155277252,0.20904798805713654,-0.18074744939804077,0.10503055155277252,0.20904798805713654,-0.18074703216552734,0.10503053665161133,0.2090476155281067,False,False,1.4129998162388802,2.474299632012844,-0.5803741812705994,0.7291157841682434,0.9319034218788147,-0.5249019861221313,0.7328236103057861,1037.740966796875,789.2418212890625,1037.740966796875,789.2418212890625,False,False,-0.17563800160054407,-0.6958525639970776,0.11299336137905944,False,,False,caught
186,1787621348.6173942,11.378273000009358,0.061583200469613075,16.238194708529786,True,137,0.016606700606644154,0.06858870014548302,14.579661050273689,False,False,False,,12.434965133666992,4.7161335945129395,10.375784873962402,7.238012313842773,,,3.2557787895202637,False,0.184075759,0.568147435688,2,-1.0,0.42213964462280273,1.0854500532150269,-0.1840757578611374,0.07770567387342453,0.19980503618717194,-0.1840757578611374,0.1840757578611374,0.2603224217891693,-0.1826382428407669,0.1499398797750473,0.23630212247371674,-0.1826382428407669,0.1499398797750473,0.23630212247371674,-0.18263816833496094,0.14994001388549805,0.23630215227603912,False,False,1.9725998863577843,2.649500034749508,-0.61074298620224,0.7203301191329956,0.9443953037261963,-0.5803741812705994,0.7291157841682434,1024.9564208984375,803.8380126953125,1024.9564208984375,803.8380126953125,False,False,-0.18397261644117568,-0.6985466567468086,0.11300138093361876,False,,False,caught
187,1787621348.6767306,11.440048699267209,0.06177569925785065,16.187594993073542,True,138,0.012361499480903149,0.06804759986698627,14.695595464861595,False,False,False,,12.252326965332031,4.8660736083984375,10.239859580993652,7.3989458084106445,,,3.235037326812744,False,0.184075759,0.568147435688,2,-1.0,1.0,1.4142135381698608,-0.1840757578611374,0.1840757578611374,0.2603224217891693,-0.1840757578611374,0.1840757578611374,0.2603224217891693,-0.18345493078231812,0.16933414340019226,0.24965928494930267,-0.18345493078231812,0.16933414340019226,0.24965928494930267,-0.1834545135498047,0.16933393478393555,0.24965883791446686,False,False,1.5297001227736473,2.149200066924095,-0.6588489413261414,0.6938796043395996,0.9568442106246948,-0.61074298620224,0.7203301191329956,1008.0819091796875,819.0406494140625,1008.0819091796875,819.0406494140625,False,False,-0.19386890157921402,-0.7010308672091561,0.11298383255795402,False,,False,caught
188,1787621348.7402825,11.501466199755669,0.061417500488460064,16.28200418523859,True,139,0.004625500179827213,0.06602289993315935,15.146259873655744,False,False,False,,12.068872451782227,5.035407543182373,10.103965759277344,7.550174236297607,,,3.191380500793457,False,0.184075759,0.568147435688,2,-0.9149415493011475,1.0,1.3554033041000366,-0.16841855645179749,0.1840757578611374,0.24949687719345093,-0.1840757578611374,0.07770567387342453,0.19980503618717194,-0.18380746245384216,0.11727558076381683,0.2180338203907013,-0.18380746245384216,0.11727558076381683,0.2180338203907013,-0.183807373046875,0.11727571487426758,0.2180338054895401,False,False,1.544899307191372,2.0308000966906548,-0.7159094214439392,0.641502857208252,0.9612763524055481,-0.6588489413261414,0.6938796043395996,990.6607055664062,831.5958862304688,990.6607055664062,831.5958862304688,False,False,-0.20344054488910895,-0.7031172887518031,0.11293068394385912,False,,False,caught
189,1787621348.7996578,11.562965800054371,0.06149960029870272,16.260268280493104,False,,,,,False,False,False,,11.885065078735352,5.152683258056641,9.972807884216309,7.683421611785889,,,3.1719653606414795,False,0.184075759,0.568147435688,2,-1.0,1.0,1.4142135381698608,-0.1840757578611374,0.1840757578611374,0.2603224217891693,-0.1840757578611374,0.1840757578611374,0.2603224217891693,-0.18395985662937164,0.15522798895835876,0.24070097506046295,-0.18395985662937164,0.15522798895835876,0.24070097506046295,-0.1839599609375,0.1552281379699707,0.24070113897323608,False,False,1.975799910724163,2.997000701725483,-0.7388098835945129,0.5869836807250977,0.9436047077178955,-0.7159094214439392,0.641502857208252,975.8230590820312,842.1321411132812,975.8230590820312,842.1321411132812,False,False,-0.21227345496336916,-0.7046154120106373,0.11294400667848284,False,,False,caught
190,1787621348.8650649,11.624296799302101,0.06133099924772978,16.304968323779853,True,140,0.056856799870729446,0.06915279943495989,14.460730558573085,False,False,False,,11.701105117797852,5.307911396026611,9.807196617126465,7.81979513168335,,,3.145862102508545,False,0.184075759,0.568147435688,2,-1.0,0.6157810688018799,1.1743876934051514,-0.1840757578611374,0.11335036903619766,0.21617630124092102,-0.16841855645179749,0.1840757578611374,0.24949687719345093,-0.17513015866279602,0.17161783576011658,0.24520044028759003,-0.17513015866279602,0.17161783576011658,0.24520044028759003,-0.17512989044189453,0.17161798477172852,0.24520035088062286,False,False,2.5765998288989067,2.9865996912121773,-0.776366114616394,0.5239831805229187,0.9366443753242493,-0.7388098835945129,0.5869836807250977,956.5570068359375,852.4625854492188,956.5570068359375,852.4625854492188,False,False,-0.22245808254246552,-0.7052281049879502,0.11292238880024243,False,,False,caught
191,1787621348.925345,11.685505599714816,0.06120880041271448,16.337519984990212,True,141,0.04873079992830753,0.07097530085593462,14.089408398983696,False,False,False,,11.525975227355957,5.47952938079834,9.645578384399414,7.9402031898498535,,,3.096902847290039,False,0.184075759,0.568147435688,2,-1.0,1.0,1.4142135381698608,-0.1840757578611374,0.1840757578611374,0.2603224217891693,-0.1840757578611374,0.1840757578611374,0.2603224217891693,-0.18021246790885925,0.17869582772254944,0.2537887692451477,-0.18021246790885925,0.17869582772254944,0.2537887692451477,-0.18021202087402344,0.1786956787109375,0.2537883222103119,False,False,2.2355997934937477,2.8748000040650368,-0.8069108128547668,0.4720514714717865,0.9348462820053101,-0.776366114616394,0.5239831805229187,938.1306762695312,861.81591796875,938.1306762695312,861.81591796875,False,False,-0.2319938310494807,-0.7053187825398626,0.11294675100456072,False,,False,caught
192,1787621348.9875858,11.746772999875247,0.06126740016043186,16.32189381924887,True,142,0.037425899878144264,0.0689565995708108,14.501875182709824,False,False,False,,11.345763206481934,5.658225059509277,9.490256309509277,8.03618335723877,,,3.016221284866333,False,0.184075759,0.568147435688,2,-1.0,1.0,1.4142135381698608,-0.1840757578611374,0.1840757578611374,0.2603224217891693,-0.1840757578611374,0.11335036903619766,0.21617630124092102,-0.1824072003364563,0.14156991243362427,0.2308991700410843,-0.1824072003364563,0.14156991243362427,0.2308991700410843,-0.18240737915039062,0.1415700912475586,0.23089942336082458,False,False,2.536100335419178,2.5825006887316704,-0.8490270376205444,0.43503642082214355,0.9539934992790222,-0.8069108128547668,0.4720514714717865,919.6380004882812,869.5470581054688,919.6380004882812,869.5470581054688,False,False,-0.2405590322895982,-0.7046205750635202,0.11286427503554913,False,,False,caught
193,1787621349.0479572,11.808194499462843,0.06142149958759546,16.280944078447046,True,143,0.028152099810540676,0.072579899802804,13.777919268515811,False,False,False,,11.163355827331543,5.799795150756836,9.306697845458984,8.136412620544434,,,2.984452962875366,False,0.184075759,0.568147435688,2,-1.0,1.0,1.4142135381698608,-0.1840757578611374,0.1840757578611374,0.2603224217891693,-0.1840757578611374,0.1840757578611374,0.2603224217891693,-0.18335527181625366,0.16571956872940063,0.24714799225330353,-0.18335527181625366,0.16571956872940063,0.24714799225330353,-0.18335533142089844,0.16571950912475586,0.24714799225330353,False,False,1.510700210928917,2.1703997626900673,-0.8792746663093567,0.40046024322509766,0.9661740660667419,-0.8490270376205444,0.43503642082214355,898.9832153320312,877.8770751953125,898.9832153320312,877.8770751953125,False,False,-0.2502703276212872,-0.7032737760055342,0.11292649894589256,False,,False,caught
194,1787621349.1055045,11.868812299333513,0.06061779987066984,16.496804604151492,True,144,0.018480999395251274,0.07069579977542162,14.145111918624393,False,False,False,,10.980000495910645,5.965514659881592,9.119452476501465,8.224493026733398,,,2.9265377521514893,False,0.184075759,0.568147435688,2,-1.0,1.0,1.4142135381698608,-0.1840757578611374,0.1840757578611374,0.2603224217891693,-0.1840757578611374,0.1840757578611374,0.2603224217891693,-0.18376463651657104,0.17614856362342834,0.25455403327941895,-0.18376463651657104,0.17614856362342834,0.25455403327941895,-0.18376445770263672,0.1761484146118164,0.25455379486083984,False,False,1.1859992519021034,2.240600064396858,-0.9107860326766968,0.3611171245574951,0.9797636270523071,-0.8792746663093567,0.40046024322509766,877.8732299804688,884.6339111328125,877.8732299804688,884.6339111328125,False,False,-0.25973995372357844,-0.701342519682794,0.11284899365962828,False,,False,caught
195,1787621349.1693654,11.93064589984715,0.061833600513637066,16.172436857844875,True,145,0.013712500222027302,0.07028820086270571,14.22713894688107,False,False,False,,10.796236038208008,6.141663074493408,8.916096687316895,8.307781219482422,,,2.8682732582092285,False,0.184075759,0.568147435688,2,-1.0,1.0,1.4142135381698608,-0.1840757578611374,0.1840757578611374,0.2603224217891693,-0.1840757578611374,0.1840757578611374,0.2603224217891693,-0.1839413195848465,0.18065232038497925,0.2578171193599701,-0.1839413195848465,0.18065232038497925,0.2578171193599701,-0.18394088745117188,0.18065214157104492,0.25781670212745667,False,False,1.5303995460271835,2.0994003862142563,-0.928283154964447,0.31622201204299927,0.9806660413742065,-0.9107860326766968,0.3611171245574951,855.974609375,890.53955078125,855.974609375,890.53955078125,False,False,-0.26963984629580934,-0.6987614750968683,0.11288235388009712,False,,False,caught
196,1787621349.2317402,11.992027799598873,0.06138189975172281,16.291447544712607,False,,,,,False,False,False,,10.612295150756836,6.322315216064453,8.732048034667969,8.374130249023438,,,2.7830331325531006,False,0.184075759,0.568147435688,2,-1.0,0.9087910056114197,1.3512591123580933,-0.1840757578611374,0.16728639602661133,0.24873404204845428,-0.1840757578611374,0.1840757578611374,0.2603224217891693,-0.18401750922203064,0.18259726464748383,0.25923773646354675,-0.18401750922203064,0.18259726464748383,0.25923773646354675,-0.18401718139648438,0.18259716033935547,0.2592374384403229,False,False,2.234499901533127,3.654399886727333,-0.9355311393737793,0.2763025164604187,0.9754801988601685,-0.928283154964447,0.31622201204299927,836.6826782226562,894.9827880859375,836.6826782226562,894.9827880859375,False,False,-0.2783175877142264,-0.6960746448271029,0.11295114640469012,False,,False,caught
197,1787621349.2931817,12.053332099691033,0.0613043000921607,16.31206943879415,True,146,0.058176600374281406,0.06660269945859909,15.014406444916096,False,False,False,,10.428277969360352,6.504912376403809,8.518662452697754,8.440506935119629,,,2.719036102294922,False,0.184075759,0.568147435688,2,-1.0,1.0,1.4142135381698608,-0.1840757578611374,0.1840757578611374,0.2603224217891693,-0.1840757578611374,0.1840757578611374,0.2603224217891693,-0.18405047059059143,0.18343722820281982,0.25985339283943176,-0.18405047059059143,0.18343722820281982,0.25985339283943176,-0.1840505599975586,0.18343734741210938,0.2598535418510437,False,False,1.8480001017451286,3.181799314916134,-0.924982488155365,0.235500305891037,0.9544909596443176,-0.9355311393737793,0.2763025164604187,815.4801635742188,899.3733520507812,815.4801635742188,899.3733520507812,False,False,-0.288052281391459,-0.6925510814998818,0.11302757582078496,False,,False,caught
198,1787621349.3432453,12.103347199968994,0.0500151002779603,19.9939617124123,True,147,0.033482400700449944,0.07856629975140095,12.728103565577028,False,False,False,,10.244227409362793,6.688349723815918,8.363641738891602,8.480406761169434,,,2.5977048873901367,False,0.184075759,0.568147435688,2,-1.0,0.9341284036636353,1.3684282302856445,-0.1840757578611374,0.17195039987564087,0.251894474029541,-0.1840757578611374,0.16728639602661133,0.24873404204845428,-0.18406488001346588,0.174261212348938,0.2534696161746979,-0.18406488001346588,0.174261212348938,0.2534696161746979,-0.1840648651123047,0.17426109313964844,0.2534695267677307,False,False,1.9324999302625656,1.9155992195010185,-0.9067873358726501,0.1940409392118454,0.9273161292076111,-0.924982488155365,0.235500305891037,800.723876953125,900.9479370117188,800.723876953125,900.9479370117188,False,False,-0.29487289037845676,-0.689668434113272,0.11303064948170743,False,,False,caught
199,1787621349.3995183,12.160786199383438,0.05743899941444397,17.409774024519894,True,148,0.018431699834764004,0.07436020020395517,13.448054164152326,False,False,False,,10.060162544250488,6.862610816955566,8.1813383102417,8.52514362335205,,,2.5087838172912598,False,0.184075759,0.568147435688,2,-1.0,1.0,1.4142135381698608,-0.1840757578611374,0.1840757578611374,0.2603224217891693,-0.1840757578611374,0.1840757578611374,0.2603224217891693,-0.18407106399536133,0.17983727157115936,0.2573394477367401,-0.18407106399536133,0.17983727157115936,0.2573394477367401,-0.18407154083251953,0.17983722686767578,0.2573397755622864,False,False,1.3354001566767693,1.9904999062418938,-0.8873431086540222,0.15409208834171295,0.9006232023239136,-0.9067873358726501,0.1940409392118454,783.2506713867188,903.1243286132812,783.2506713867188,903.1243286132812,False,False,-0.3028154819415809,-0.6861993347195756,0.11303250308683291,False,,False,caught
200,1787621349.460866,12.222146699205041,0.0613604998216033,16.297129308062257,True,149,0.007995699532330036,0.07248760014772415,13.795462920031522,False,False,False,,9.876091003417969,7.042448043823242,7.979930400848389,8.561905860900879,,,2.4298512935638428,False,0.184075759,0.568147435688,2,-1.0,1.0,1.4142135381698608,-0.1840757578611374,0.1840757578611374,0.2603224217891693,-0.1840757578611374,0.17195039987564087,0.251894474029541,-0.18407393991947174,0.17535634338855743,0.2542303204536438,-0.18407393991947174,0.17535634338855743,0.2542303204536438,-0.18407440185546875,0.17535638809204102,0.25423070788383484,False,False,1.832599751651287,2.0753005519509315,-0.8623974919319153,0.11614325642585754,0.8701831102371216,-0.8873431086540222,0.15409208834171295,764.1591796875,904.5908203125,764.1591796875,904.5908203125,False,False,-0.31121628743278584,-0.6818751025797356,0.11291378437369183,False,,False,caught
201,1787621349.5222564,12.283524699509144,0.0613780003041029,16.292482567783388,True,150,0.0008405996486544609,0.07179800048470497,13.927964473231098,False,False,False,,9.6920166015625,7.217804431915283,7.787773609161377,8.592438697814941,,,2.3485655784606934,False,0.184075759,0.568147435688,2,-1.0,1.0,1.4142135381698608,-0.1840757578611374,0.1840757578611374,0.2603224217891693,-0.1840757578611374,0.1840757578611374,0.2603224217891693,-0.18407517671585083,0.18031027913093567,0.2576731741428375,-0.18407517671585083,0.18031027913093567,0.2576731741428375,-0.18407535552978516,0.18031024932861328,0.2576732933521271,False,False,1.8528997898101807,2.447599545121193,-0.8386500477790833,0.08353424072265625,0.8428000211715698,-0.8623974919319153,0.11614325642585754,745.9413452148438,905.740234375,745.9413452148438,905.740234375,False,False,-0.3190870006331792,-0.677579269404076,0.11288289236330579,False,,False,caught
202,1787621349.5844803,12.34474470000714,0.06122000049799681,16.334531066080622,False,,,,,False,False,False,,9.507941246032715,7.3981146812438965,7.619433879852295,8.61083984375,,,2.2443623542785645,False,0.184075759,0.568147435688,2,-1.0,0.9311519265174866,1.3663982152938843,-0.1840757578611374,0.17140249907970428,0.2515207827091217,-0.1840757578611374,0.1840757578611374,0.2603224217891693,-0.18407559394836426,0.182449609041214,0.25917500257492065,-0.18407559394836426,0.182449609041214,0.25917500257492065,-0.18407535552978516,0.1824498176574707,0.25917497277259827,False,False,2.337000332772732,2.7984008193016052,-0.8137208819389343,0.048657942563295364,0.815174400806427,-0.8386500477790833,0.08353424072265625,730.2350463867188,905.4755859375,730.2350463867188,905.4755859375,False,False,-0.32573723028384793,-0.6734934143339141,0.11288633871597191,False,,False,caught
203,1787621349.6478064,12.405956199392676,0.06121149938553572,16.336799621613256,True,151,0.05299049988389015,0.06854099966585636,14.589807631564923,False,False,False,,9.32386589050293,7.580564498901367,7.428389549255371,8.625116348266602,,,2.164236307144165,False,0.184075759,0.568147435688,2,-1.0,0.29722946882247925,1.0432379245758057,-0.1840757578611374,0.05471273884177208,0.19203481078147888,-0.1840757578611374,0.1840757578611374,0.2603224217891693,-0.18407559394836426,0.1833736002445221,0.25982630252838135,-0.18407559394836426,0.1833736002445221,0.25982630252838135,-0.18407535552978516,0.18337345123291016,0.25982603430747986,False,False,2.853499725461006,3.2930998131632805,-0.7921491861343384,0.005880925804376602,0.7921710014343262,-0.8137208819389343,0.048657942563295364,711.9974365234375,904.2820434570312,711.9974365234375,904.2820434570312,False,False,-0.33308815892156723,-0.6686036214983895,0.11290630276129798,False,,False,caught
204,1787621349.7097938,12.467428899370134,0.06147269997745752,16.26738373890698,True,152,0.04617779981344938,0.07064170017838478,14.155944682458022,False,False,False,,9.139790534973145,7.763937950134277,7.251957416534424,8.631096839904785,,,2.0774691104888916,False,0.184075759,0.568147435688,2,-1.0,0.9803497791290283,1.4003876447677612,-0.1840757578611374,0.18045863509178162,0.2577774226665497,-0.1840757578611374,0.17140249907970428,0.2515207827091217,-0.18407559394836426,0.17657218873500824,0.2550716698169708,-0.18407559394836426,0.17657218873500824,0.2550716698169708,-0.18407535552978516,0.17657232284545898,0.25507161021232605,False,False,2.74019967764616,2.8895996510982513,-0.7792806029319763,-0.027761172503232956,0.7797749638557434,-0.7921491861343384,0.005880925804376602,694.721435546875,902.7932739257812,694.721435546875,902.7932739257812,False,False,-0.3396664869201267,-0.6638107990903642,0.1129554927970689,False,,False,caught
205,1787621349.7567341,12.518006699159741,0.050577799789607525,19.77152039352797,True,153,0.030194099992513657,0.06792099960148335,14.722987085987478,False,False,False,,8.95571517944336,7.940510272979736,7.117956161499023,8.629223823547363,,,1.9625709056854248,False,0.184075759,0.568147435688,2,-1.0,1.0,1.4142135381698608,-0.1840757578611374,0.1840757578611374,0.2603224217891693,-0.1840757578611374,0.05471273884177208,0.19203481078147888,-0.18407559394836426,0.10733811557292938,0.21308517456054688,-0.18407559394836426,0.10733811557292938,0.21308517456054688,-0.18407535552978516,0.10733842849731445,0.2130851298570633,False,False,1.3195006176829338,1.820400357246399,-0.764204204082489,-0.07737815380096436,0.7681115865707397,-0.7792806029319763,-0.027761172503232956,681.926025390625,899.4771728515625,681.926025390625,899.4771728515625,False,False,-0.3444795781525571,-0.6599218175788774,0.11295770323698659,False,,False,caught
206,1787621349.814001,12.575299799442291,0.05729310028254986,17.454108698400752,True,154,0.010417399927973747,0.06656230054795742,15.02351919581732,False,False,False,,8.771639823913574,8.04784870147705,6.958625316619873,8.619624137878418,,,1.9010388851165771,False,0.184075759,0.568147435688,2,-1.0,0.10460740327835083,1.0054564476013184,-0.1840757578611374,0.019255686551332474,0.1850801557302475,-0.1840757578611374,0.18045863509178162,0.2577774226665497,-0.18407559394836426,0.14888149499893188,0.23674781620502472,-0.18407559394836426,0.14888149499893188,0.23674781620502472,-0.18407535552978516,0.1488819122314453,0.2367478758096695,False,False,1.9658999517560005,2.342500723898411,-0.7421739101409912,-0.14276805520057678,0.7557809352874756,-0.764204204082489,-0.07737815380096436,666.9640502929688,894.359375,666.9640502929688,894.359375,False,False,-0.34999358020777743,-0.6550114327316124,0.11297929103110173,False,,False,caught
207,1787621349.8736353,12.636944499798119,0.06164470035582781,16.221994660169702,False,,,,,False,False,False,,8.587564468383789,8.196730613708496,6.786162853240967,8.597112655639648,,,1.8453600406646729,False,0.184075759,0.568147435688,2,-1.0,1.0,1.4142135381698608,-0.1840757578611374,0.1840757578611374,0.2603224217891693,-0.1840757578611374,0.1840757578611374,0.2603224217891693,-0.18407559394836426,0.16887721419334412,0.24980659782886505,-0.18407559394836426,0.16887721419334412,0.24980659782886505,-0.18407535552978516,0.16887760162353516,0.24980668723583221,False,False,1.827799715101719,3.452099859714508,-0.7434391975402832,-0.23843562602996826,0.7807390093803406,-0.7421739101409912,-0.14276805520057678,649.2261962890625,885.9845581054688,649.2261962890625,885.9845581054688,False,False,-0.3556232232726744,-0.649222576316485,0.1130010562389154,False,,False,caught
208,1787621349.9389637,12.698158700019121,0.0612142002210021,16.33607882467944,True,155,0.05842979997396469,0.07706569973379374,12.975941352044773,False,False,False,,8.403489112854004,8.365608215332031,6.6217041015625,8.552752494812012,,,1.7915860414505005,False,0.184075759,0.568147435688,2,-1.0,-0.22882524132728577,1.0258464813232422,-0.1840757578611374,-0.04212117940187454,0.18883346021175385,-0.1840757578611374,0.019255686551332474,0.1850801557302475,-0.18407559394836426,0.0838702917098999,0.20228211581707,-0.18407559394836426,0.0838702917098999,0.20228211581707,-0.18407535552978516,0.08386993408203125,0.20228174328804016,False,False,2.4690991267561913,2.073099836707115,-0.7481629252433777,-0.38969558477401733,0.8435700535774231,-0.7434391975402832,-0.23843562602996826,632.0953979492188,871.8244018554688,632.0953979492188,871.8244018554688,False,False,-0.36036104579687295,-0.642800266061211,0.11297372074100052,False,,False,caught
209,1787621349.9948337,12.759137299843132,0.060978599824011326,16.39919583076805,True,156,0.045797000639140606,0.07524519972503185,13.289884320252918,False,False,False,,8.219413757324219,8.449478149414062,6.471044063568115,8.492460250854492,,,1.748897910118103,False,0.184075759,0.568147435688,2,-1.0,0.01729889214038849,1.0001496076583862,-0.1840757578611374,0.0031843066681176424,0.18410329520702362,-0.1840757578611374,0.1840757578611374,0.2603224217891693,-0.18407559394836426,0.14080160856246948,0.23175184428691864,-0.18407559394836426,0.14080160856246948,0.23175184428691864,-0.18407535552978516,0.14080142974853516,0.23175154626369476,False,False,1.3349000364542007,1.9491994753479958,-0.7288780212402344,-0.5714322328567505,0.9261738657951355,-0.7481629252433777,-0.38969558477401733,617.8526000976562,854.0782470703125,617.8526000976562,854.0782470703125,False,False,-0.36416284118790965,-0.6361400076433591,0.11297647598646385,False,,False,caught
210,1787621350.060027,12.820278999395669,0.06114169955253601,16.35544983732011,False,,,,,False,False,False,,8.035338401794434,8.590279579162598,6.320054054260254,8.402256965637207,,,1.7255587577819824,False,0.184075759,0.568147435688,2,-1.0,-1.0,1.4142135381698608,-0.1840757578611374,-0.1840757578611374,0.2603224217891693,-0.1840757578611374,-0.04212117940187454,0.18883346021175385,-0.18407559394836426,0.03687442094087601,0.18773265182971954,-0.18407559394836426,0.03687442094087601,0.18773265182971954,-0.18407535552978516,0.03687477111816406,0.1877324879169464,False,False,3.4769000485539436,2.840300090610981,-0.7075561285018921,-0.8160314559936523,1.080066204071045,-0.7288780212402344,-0.5714322328567505,603.7012939453125,829.2444458007812,603.7012939453125,829.2444458007812,False,False,-0.36716073715063985,-0.6282822516592859,0.11296118018704253,False,,False,caught
211,1787621350.1226737,12.881904399953783,0.06162540055811405,16.227075052550433,True,157,0.056205300614237785,0.07321619987487793,13.658179497282564,False,False,False,,7.851263046264648,8.627154350280762,6.159585475921631,8.259809494018555,,,1.7311023473739624,False,0.184075759,0.568147435688,2,-1.0,0.16208866238594055,1.0130512714385986,-0.1840757578611374,0.029836593195796013,0.1864781677722931,-0.1840757578611374,0.0031843066681176424,0.18410329520702362,-0.18407559394836426,0.01773362047970295,0.184927836060524,-0.18407559394836426,0.01773362047970295,0.184927836060524,-0.18407535552978516,0.01773357391357422,0.1849275827407837,False,False,2.3942003026604652,2.8627999126911163,-0.6672654747962952,-1.0,1.202182650566101,-0.7075561285018921,-0.8160314559936523,589.7448120117188,802.748046875,589.7448120117188,802.748046875,False,False,-0.3690788783712803,-0.6180714649750308,0.11293695006652724,False,,False,caught
212,1787621350.1798215,12.943139699287713,0.061235299333930016,16.330450097855692,True,158,0.03152679931372404,0.11270100064575672,8.873035680873972,False,False,False,,7.667187690734863,8.644887924194336,6.006433486938477,8.062312126159668,,,1.7599713802337646,False,0.184075759,0.568147435688,2,-1.0,-0.7783274054527283,1.2671990394592285,-0.1840757578611374,-0.14327120780944824,0.2332606315612793,-0.1840757578611374,-0.1840757578611374,0.2603224217891693,-0.18407559394836426,-0.09692388027906418,0.20803380012512207,-0.18407559394836426,-0.09692388027906418,0.20803380012512207,-0.18407535552978516,-0.096923828125,0.20803356170654297,False,False,1.5735998749732971,2.1841004490852356,-0.5931990146636963,-1.0,1.162705898284912,-0.6672654747962952,-1.0,578.6126098632812,782.0503540039062,578.6126098632812,782.0503540039062,False,False,-0.36923364165095846,-0.6058532237293607,0.11286582180502172,False,,False,caught
213,1787621350.243041,13.00433149933815,0.06119180005043745,16.34205888984714,True,159,0.01947839930653572,0.08556919917464256,11.68644804024692,False,False,False,,7.483112335205078,8.547964096069336,5.863015651702881,7.833775043487549,,,1.7705308198928833,False,0.184075759,0.568147435688,2,-1.0,-1.0,1.4142135381698608,-0.1840757578611374,-0.1840757578611374,0.2603224217891693,-0.1840757578611374,0.029836593195796013,0.1864781677722931,-0.18407559394836426,-0.02490522339940071,0.1857527792453766,-0.18407559394836426,-0.024905219674110413,0.1857527792453766,-0.18407535552978516,-0.02490520477294922,0.18575254082679749,False,False,1.6350997611880302,1.7735008150339127,-0.49176642298698425,-1.0,1.114376187324524,-0.5931990146636963,-1.0,570.1587524414062,758.0996704101562,570.1587524414062,758.0996704101562,False,False,-0.3681882110465391,-0.592636662812946,0.11282085695309998,False,,False,caught
214,1787621350.3059287,13.066205099225044,0.061873599886894226,16.16198187640631,True,160,0.015646299347281456,0.07323670014739037,13.654356326643327,False,False,False,,7.299036979675293,8.523058891296387,5.7519097328186035,7.641499996185303,,,1.7806596755981445,False,0.184075759,0.568147435688,2,-1.0,-0.9527425169944763,1.3812017440795898,-0.1840757578611374,-0.1753768026828766,0.2542457580566406,-0.1840757578611374,-0.14327120780944824,0.2332606315612793,-0.18407559394836426,-0.09215454012155533,0.20585501194000244,-0.18407559394836426,-0.09215454012155533,0.20585501194000244,-0.18407535552978516,-0.09215450286865234,0.20585477352142334,False,False,1.885799691081047,2.415199764072895,-0.4030647575855255,-1.0,1.0781749486923218,-0.49176642298698425,-1.0,564.2312622070312,737.94921875,564.2312622070312,737.94921875,False,False,-0.36695971564740176,-0.5817590754812799,0.11285261266980601,False,,False,caught
215,1787621350.3653662,13.128672399558127,0.062467300333082676,16.008375496746098,True,161,0.005085700191557407,0.06570630054920912,15.21924064574408,False,False,False,,7.114961624145508,8.430904388427734,5.646292209625244,7.416205406188965,,,1.7851060628890991,False,0.184075759,0.568147435688,2,-1.0,-0.9553823471069336,1.3830240964889526,-0.1840757578611374,-0.17586272954940796,0.2545812129974365,-0.1840757578611374,-0.1840757578611374,0.2603224217891693,-0.18407559394836426,-0.14437933266162872,0.23394276201725006,-0.18407559394836426,-0.14437933266162872,0.23394276201725006,-0.18407535552978516,-0.1443796157836914,0.23394274711608887,False,False,1.349099911749363,2.3173000663518906,-0.3601698875427246,-1.0,1.062883973121643,-0.4030647575855255,-1.0,556.0514526367188,714.3383178710938,556.0514526367188,714.3383178710938,False,False,-0.3646236045472726,-0.5696737357968664,0.11286625727203423,False,,False,caught
216,1787621350.4287634,13.190025500021875,0.06135310046374798,16.29909478806006,False,,,,,False,False,False,,6.930886268615723,8.286524772644043,5.565398216247559,7.195598602294922,,,1.7477635145187378,False,0.184075759,0.568147435688,2,-1.0,-1.0,1.4142135381698608,-0.1840757578611374,-0.1840757578611374,0.2603224217891693,-0.1840757578611374,-0.1753768026828766,0.2542457580566406,-0.18407559394836426,-0.16199058294296265,0.24520353972911835,-0.18407559394836426,-0.16199058294296265,0.24520353972911835,-0.18407535552978516,-0.16199016571044922,0.24520307779312134,False,False,1.941099762916565,3.5047996789216995,-0.35772228240966797,-1.0,1.0620570182800293,-0.3601698875427246,-1.0,547.9182739257812,691.21875,547.9182739257812,691.21875,False,False,-0.36150907411106165,-0.5584400662459765,0.11290578294246867,False,,False,caught
217,1787621350.4890668,13.251342899166048,0.06131739914417267,16.30858474034014,True,162,0.06017739977687597,0.07302839960902929,13.693302952737296,False,False,False,,6.7468109130859375,8.124534606933594,5.485450267791748,6.973857879638672,,,1.7073627710342407,False,0.184075759,0.568147435688,2,-1.0,-1.0,1.4142135381698608,-0.1840757578611374,-0.1840757578611374,0.2603224217891693,-0.1840757578611374,-0.17586272954940796,0.2545812129974365,-0.18407559394836426,-0.16987183690071106,0.2504800856113434,-0.18407559394836426,-0.16987183690071106,0.2504800856113434,-0.18407535552978516,-0.16987180709838867,0.25047987699508667,False,False,1.7264997586607933,2.7032000944018364,-0.368396520614624,-1.0,1.0656996965408325,-0.35772228240966797,-1.0,539.0758666992188,667.9803466796875,539.0758666992188,667.9803466796875,False,False,-0.35831915370447565,-0.547152125303723,0.11287741099346543,False,,False,caught
218,1787621350.5544233,13.312535199336708,0.06119230017066002,16.34192532738738,True,163,0.04967870004475117,0.06798440031707287,14.709256760905351,False,False,False,,6.562735557556152,7.954662799835205,5.41058874130249,6.775784015655518,,,1.6483923196792603,False,0.184075759,0.568147435688,2,-1.0,-1.0,1.4142135381698608,-0.1840757578611374,-0.1840757578611374,0.2603224217891693,-0.1840757578611374,-0.1840757578611374,0.2603224217891693,-0.18407559394836426,-0.17794173955917358,0.256021648645401,-0.18407559394836426,-0.17794173955917358,0.256021648645401,-0.18407535552978516,-0.17794179916381836,0.25602152943611145,False,False,2.14570015668869,2.332400530576706,-0.37746942043304443,-1.0,1.0688700675964355,-0.368396520614624,-1.0,530.8526000976562,647.22216796875,530.8526000976562,647.22216796875,False,False,-0.3555872523564124,-0.5369419487228588,0.1128713939304963,False,,False,caught
219,1787621350.616609,13.373714899644256,0.061179700307548046,16.345290921221217,True,164,0.038163499906659126,0.0712901996448636,14.027173510265925,False,False,False,,6.378660202026367,7.776721000671387,5.3262786865234375,6.544833660125732,,,1.6202017068862915,False,0.184075759,0.568147435688,2,-1.0,0.3160916566848755,1.0487678050994873,-0.1840757578611374,0.05818480998277664,0.193052738904953,-0.1840757578611374,-0.1840757578611374,0.2603224217891693,-0.18407559394836426,-0.1814267933368683,0.2584559917449951,-0.18407559394836426,-0.1814267933368683,0.2584559917449951,-0.18407535552978516,-0.181427001953125,0.25845596194267273,False,False,2.972799353301525,2.859099768102169,-0.3622745871543884,-1.0,1.0635989904403687,-0.37746942043304443,-1.0,523.1527709960938,623.0185546875,523.1527709960938,623.0185546875,False,False,-0.35228332055697825,-0.5250853201570637,0.11287542305286144,False,,False,caught
220,1787621350.6727872,13.43510799948126,0.06139309983700514,16.288475458234522,True,165,0.0325486995279789,0.07268949970602989,13.75714517288177,False,False,False,,6.194584846496582,7.595293998718262,5.251589775085449,6.356338977813721,,,1.5570000410079956,False,0.184075759,0.568147435688,2,-1.0,-0.12885212898254395,1.0082672834396362,-0.1840757578611374,-0.02371855266392231,0.18559756875038147,-0.1840757578611374,-0.1840757578611374,0.2603224217891693,-0.18407559394836426,-0.18293188512325287,0.2595147490501404,-0.18407559394836426,-0.18293188512325287,0.2595147490501404,-0.18407535552978516,-0.18293190002441406,0.25951457023620605,False,False,1.5056999400258064,1.7322003841400146,-0.35886409878730774,-1.0,1.0624421834945679,-0.3622745871543884,-1.0,515.7141723632812,603.2643432617188,515.7141723632812,603.2643432617188,False,False,-0.34979442809344163,-0.5152140819869363,0.1129511975362021,False,,False,caught
221,1787621350.7349362,13.497250099666417,0.06214210018515587,16.092150040317982,True,166,0.017125300131738186,0.06701390072703362,14.9222771566944,False,False,False,,6.010509490966797,7.412362098693848,5.169654846191406,6.131041049957275,,,1.5325860977172852,False,0.184075759,0.568147435688,2,-1.0,-0.6600881814956665,1.198213815689087,-0.1840757578611374,-0.1215062290430069,0.22056211531162262,-0.1840757578611374,0.05818480998277664,0.193052738904953,-0.18407559394836426,-0.045942068099975586,0.18972216546535492,-0.18407559394836426,-0.045942068099975586,0.18972216546535492,-0.18407535552978516,-0.04594230651855469,0.1897219866514206,False,False,1.688099466264248,1.819400116801262,-0.38422083854675293,-1.0,1.0712729692459106,-0.35886409878730774,-1.0,505.76611328125,579.6531372070312,505.76611328125,579.6531372070312,False,False,-0.34654135497321187,-0.5035883579591958,0.11286240549805601,False,,False,caught
222,1787621350.7962425,13.558512900024652,0.061262800358235836,16.32311931796251,True,167,0.009726200252771378,0.07756679970771074,12.892113684826837,False,False,False,,5.826434135437012,7.366419792175293,5.088310718536377,5.9137420654296875,,,1.6294474601745605,False,0.184075759,0.568147435688,2,-1.0,0.058774471282958984,1.0017257928848267,-0.1840757578611374,0.01081895548850298,0.18439342081546783,-0.1840757578611374,-0.02371855266392231,0.18559756875038147,-0.18407559394836426,-0.03331593796610832,0.1870662271976471,-0.18407559394836426,-0.03331593796610832,0.1870662271976471,-0.18407535552978516,-0.03331613540649414,0.18706603348255157,False,False,1.8402999266982079,1.9777994602918625,-0.39793407917022705,-1.0,1.0762673616409302,-0.38422083854675293,-1.0,496.59393310546875,556.8801879882812,496.59393310546875,556.8801879882812,False,False,-0.34347929215998657,-0.4922750169324072,0.11282999520844625,False,,False,caught
223,1787621350.859751,13.620012099854648,0.06149919982999563,16.26037416363684,True,168,0.007947600446641445,0.06866089999675751,14.56432991771481,False,False,False,,5.642358779907227,7.333103656768799,4.997229099273682,5.6895432472229,,,1.7656395435333252,False,0.184075759,0.568147435688,2,-0.8813797235488892,-1.0,1.3329778909683228,-0.1622406393289566,-0.1840757578611374,0.24536892771720886,-0.1840757578611374,-0.1215062290430069,0.22056211531162262,-0.18407559394836426,-0.08342111110687256,0.20209628343582153,-0.18407559394836426,-0.08342111110687256,0.20209628343582153,-0.18407535552978516,-0.08342123031616211,0.2020961195230484,False,False,2.2547999396920204,2.487199380993843,-0.35538238286972046,-1.0,1.0612711906433105,-0.39793407917022705,-1.0,489.88153076171875,533.3841552734375,489.88153076171875,533.3841552734375,False,False,-0.34057419434752106,-0.4803646811115532,0.11282335839168858,False,,False,caught
224,1787621350.9180245,13.680812599137425,0.06080049928277731,16.447233358217925,False,,,,,False,False,False,,5.458283424377441,7.249682426452637,4.917806625366211,5.490876197814941,,,1.8399767875671387,False,0.184075759,0.568147435688,2,-1.0,-1.0,1.4142135381698608,-0.1840757578611374,-0.1840757578611374,0.2603224217891693,-0.1840757578611374,0.01081895548850298,0.18439342081546783,-0.18407559394836426,-0.02987891063094139,0.18648478388786316,-0.18407559394836426,-0.02987891063094139,0.18648478388786316,-0.18407535552978516,-0.029879093170166016,0.18648456037044525,False,False,1.7887996509671211,2.8165997937321663,-0.23976749181747437,-1.0,1.028342604637146,-0.35538238286972046,-1.0,488.8520812988281,512.5638427734375,488.8520812988281,512.5638427734375,False,False,-0.3379448356758992,-0.4698160414951115,0.112795912794306,False,,False,caught
225,1787621350.9823344,13.742516699247062,0.061704100109636784,16.20637847765683,True,169,0.06062749959528446,0.06327840033918619,15.803180779535818,False,False,False,,5.274208068847656,7.219803333282471,4.843567848205566,5.265458583831787,,,2.001228094100952,False,0.184075759,0.568147435688,2,-0.5119203329086304,-0.8571401238441467,0.9983744621276855,-0.09423211961984634,-0.15777872502803802,0.18377654254436493,-0.1622406393289566,-0.1840757578611374,0.24536892771720886,-0.17167001962661743,-0.11748553067445755,0.20802269876003265,-0.17167001962661743,-0.11748553067445755,0.20802269876003265,-0.17166996002197266,-0.11748552322387695,0.20802265405654907,False,False,2.1345997229218483,2.969999797642231,-0.12518468499183655,-1.0,1.0078051090240479,-0.23976749181747437,-1.0,488.28997802734375,488.9400939941406,488.28997802734375,488.9400939941406,False,False,-0.33436470661659,-0.45825867944848586,0.11281681755637538,False,,False,caught
226,1787621351.0280828,13.792418499477208,0.049901800230145454,20.039357205311894,True,170,0.031029099598526955,0.07017739955335855,14.249601814322883,False,False,False,,5.102538108825684,7.102317810058594,4.809004306793213,5.101038455963135,,,2.022691488265991,False,0.184075759,0.568147435688,2,-1.0,-1.0,1.4142135381698608,-0.1840757578611374,-0.1840757578611374,0.2603224217891693,-0.1840757578611374,-0.1840757578611374,0.2603224217891693,-0.17871828377246857,-0.15531858801841736,0.23677857220172882,-0.17871828377246857,-0.15531858801841736,0.23677857220172882,-0.17871809005737305,-0.1553187370300293,0.23677851259708405,False,False,1.279899850487709,1.5433002263307571,-0.025191225111484528,-1.0,1.0003172159194946,-0.12518468499183655,-1.0,490.8942565917969,471.7088317871094,490.8942565917969,471.7088317871094,False,False,-0.33101947614238614,-0.4503562317630054,0.11283083372630248,False,,False,caught
227,1787621351.0862982,13.849606299772859,0.05718780029565096,17.486246976281205,True,171,0.009662900120019913,0.07914960011839867,12.634302618132187,False,False,False,,4.9238200187683105,6.9469990730285645,4.787942409515381,4.901127338409424,,,2.0503790378570557,False,0.184075759,0.568147435688,2,-1.0,-1.0,1.4142135381698608,-0.1840757578611374,-0.1840757578611374,0.2603224217891693,-0.09423211961984634,-0.15777872502803802,0.18377654254436493,-0.13071760535240173,-0.15671637654304504,0.20407624542713165,-0.13071760535240173,-0.15671637654304504,0.20407624542713165,-0.13071775436401367,-0.15671634674072266,0.20407631993293762,False,False,1.7689000815153122,1.9724005833268166,0.09549936652183533,-1.0,1.0045497417449951,-0.025191225111484528,-1.0,496.1528015136719,450.7581481933594,496.1528015136719,450.7581481933594,False,False,-0.32616147039897403,-0.4413110761594357,0.11275859329418308,False,,False,caught
228,1787621351.1466868,13.91100989934057,0.06140359956771135,16.28569020448506,False,,,,,False,False,False,,4.793102264404297,6.790282726287842,4.789696216583252,4.680124759674072,,,2.1101605892181396,False,0.184075759,0.568147435688,2,-1.0,-1.0,1.4142135381698608,-0.1840757578611374,-0.1840757578611374,0.2603224217891693,-0.1840757578611374,-0.1840757578611374,0.2603224217891693,-0.16103297472000122,-0.17226052284240723,0.23580777645111084,-0.16103297472000122,-0.17226052284240723,0.23580777645111084,-0.16103315353393555,-0.17226076126098633,0.23580807447433472,False,False,1.5388000756502151,2.569800242781639,0.21540537476539612,-1.0,1.0229367017745972,0.09549936652183533,-1.0,503.69940185546875,427.5970764160156,503.69940185546875,427.5970764160156,False,False,-0.3198391296877745,-0.4319822935427751,0.11274472243352823,False,,False,caught
229,1787621351.2137346,13.97245809994638,0.06144820060580969,16.273869537938168,True,172,0.06041110027581453,0.07854510005563498,12.731538941215698,False,False,False,,4.632069110870361,6.6180219650268555,4.824419021606445,4.457808017730713,,,2.1687605381011963,False,0.184075759,0.568147435688,2,0.9238020777702332,-0.3338245153427124,0.9822673201560974,0.17004956305027008,-0.06144900247454643,0.18081159889698029,-0.1840757578611374,-0.1840757578611374,0.2603224217891693,-0.17412474751472473,-0.17897342145442963,0.24970164895057678,-0.17412474751472473,-0.17897342145442963,0.24970164895057678,-0.17412471771240234,-0.17897319793701172,0.24970147013664246,False,False,2.3266002535820007,2.8902003541588783,0.3721931576728821,-1.0,1.0670181512832642,0.21540537476539612,-1.0,516.8880004882812,404.29827880859375,516.8880004882812,404.29827880859375,False,False,-0.3122225907908658,-0.42349088275215924,0.11274927233506132,False,,False,caught
230,1787621351.2761967,14.034312199801207,0.06185409985482693,16.167077078916744,True,173,0.051927500404417515,0.07239140011370182,13.813795539654521,False,False,False,,4.457944393157959,6.439048767089844,4.885881423950195,4.2320990562438965,,,2.248056411743164,False,0.184075759,0.568147435688,2,-1.0,-1.0,1.4142135381698608,-0.1840757578611374,-0.1840757578611374,0.2603224217891693,-0.1840757578611374,-0.1840757578611374,0.2603224217891693,-0.17977836728096008,-0.1818722039461136,0.2557298541069031,-0.17977836728096008,-0.1818722039461136,0.2557298541069031,-0.1797785758972168,-0.18187236785888672,0.25573012232780457,False,False,2.67690047621727,2.9363995417952538,0.5859365463256836,-1.0,1.159017562866211,0.3721931576728821,-1.0,536.314208984375,380.64398193359375,536.314208984375,380.64398193359375,False,False,-0.303474434619975,-0.4155734074651501,0.1127711174431256,False,,False,caught
231,1787621351.337535,14.095723699778318,0.061411499977111816,16.283595098193366,True,174,0.039522199891507626,0.07005400024354458,14.274702322829155,False,False,False,,4.278165817260742,6.257176399230957,4.9771199226379395,4.033015251159668,,,2.3314008712768555,False,0.184075759,0.568147435688,2,1.0,-1.0,1.4142135381698608,0.1840757578611374,-0.1840757578611374,0.2603224217891693,0.17004956305027008,-0.06144900247454643,0.18081159889698029,0.018975377082824707,-0.11345414817333221,0.11503003537654877,0.018975377082824707,-0.11345414817333221,0.11503003537654877,0.018975257873535156,-0.11345434188842773,0.1150302067399025,False,False,1.7676996067166328,2.7681998908519745,0.7729914784431458,-1.0,1.263928771018982,0.5859365463256836,-1.0,557.149658203125,359.7799987792969,557.149658203125,359.7799987792969,False,False,-0.29433286459901,-0.4096067551156961,0.11280588299899447,False,,False,caught
232,1787621351.394633,14.156918099150062,0.0611943993717432,16.341364737076816,True,175,0.03375349938869476,0.07381099928170443,13.5481162662957,False,False,False,,4.297141075134277,6.143722057342529,5.1306562423706055,3.803593158721924,,,2.484139919281006,False,0.184075759,0.568147435688,2,1.0,-0.416648268699646,1.0833262205123901,0.1840757578611374,-0.07669484615325928,0.19941410422325134,-0.1840757578611374,-0.1840757578611374,0.2603224217891693,-0.09638765454292297,-0.15357771515846252,0.18131931126117706,-0.09638765454292297,-0.15357771515846252,0.18131931126117706,-0.09638786315917969,-0.1535778045654297,0.18131950497627258,False,False,1.3694996014237404,1.940700225532055,0.9897754192352295,-1.0,1.4070022106170654,0.7729914784431458,-1.0,586.1910400390625,335.736572265625,586.1910400390625,335.736572265625,False,False,-0.28192191256599197,-0.4040691687427545,0.11274154041655193,False,,False,caught
233,1787621351.45502,14.218297999352217,0.06137990020215511,16.291978264977512,True,176,0.01802380010485649,0.06697060074657202,14.931925185861296,False,False,False,,4.200753211975098,5.9901442527771,5.300979137420654,3.608530282974243,,,2.6234676837921143,False,0.184075759,0.568147435688,2,1.0,-1.0,1.4142135381698608,0.1840757578611374,-0.1840757578611374,0.2603224217891693,0.1840757578611374,-0.1840757578611374,0.2603224217891693,0.06295682489871979,-0.17090514302253723,0.18213218450546265,0.06295682489871979,-0.17090514302253723,0.18213218450546265,0.0629568099975586,-0.17090511322021484,0.18213213980197906,False,False,1.3762004673480988,1.7982004210352898,1.0,-0.9820762872695923,1.4015969038009644,0.9897754192352295,-1.0,604.2603149414062,316.4210205078125,604.2603149414062,316.4210205078125,False,False,-0.26980905934184074,-0.4004658408789325,0.1127319791308407,False,,False,caught
234,1787621351.5152361,14.27953329961747,0.06123530026525259,16.330449849487238,True,177,0.011183399707078934,0.07711119949817657,12.968284847178998,False,False,False,,4.263710021972656,5.819239139556885,5.534377574920654,3.38401460647583,,,2.746800661087036,False,0.184075759,0.568147435688,2,1.0,-0.35021328926086426,1.059551477432251,0.1840757578611374,-0.06446577608585358,0.19503773748874664,0.1840757578611374,-0.07669484615325928,0.19941410422325134,0.13177022337913513,-0.1173797994852066,0.17646928131580353,0.13177022337913513,-0.1173797994852066,0.17646928131580353,0.13177013397216797,-0.11737966537475586,0.1764691323041916,False,False,1.4444002881646156,1.739799976348877,1.0,-0.9065486192703247,1.3497519493103027,1.0,-0.9820762872695923,628.1602783203125,297.6409606933594,628.1602783203125,297.6409606933594,False,False,-0.2543703866655236,-0.3973588251536433,0.11275329238874962,False,,False,caught
235,1787621351.578727,14.341058599762619,0.06152530014514923,16.25347617388002,True,178,0.0033459002152085304,0.06806860025972128,14.691061608207288,False,False,False,,4.395480155944824,5.701859474182129,5.754403591156006,3.1746320724487305,,,2.8694164752960205,False,0.184075759,0.568147435688,2,0.5463176965713501,-0.5475256443023682,0.7734645009040833,0.10056384652853012,-0.10078619420528412,0.14237606525421143,0.1840757578611374,-0.1840757578611374,0.2603224217891693,0.16148744523525238,-0.15527287125587463,0.22402647137641907,0.16148744523525238,-0.15527287125587463,0.22402647137641907,0.16148757934570312,-0.1552729606628418,0.2240266352891922,False,False,1.879899762570858,2.3187994956970215,1.0,-0.823894739151001,1.29568612575531,1.0,-0.9065486192703247,650.6908569335938,280.89495849609375,650.6908569335938,280.89495849609375,False,False,-0.23979865378561888,-0.394511702982558,0.11276139582292977,False,,False,caught
236,1787621351.6390808,14.402402799576521,0.06134419981390238,16.301459682148643,False,,,,,False,False,False,,4.556967735290527,5.546586513519287,5.9528326988220215,3.0031633377075195,,,2.901282548904419,False,0.184075759,0.568147435688,2,1.0,-1.0,1.4142135381698608,0.1840757578611374,-0.1840757578611374,0.2603224217891693,0.1840757578611374,-0.06446577608585358,0.19503773748874664,0.1743209958076477,-0.10368109494447708,0.20282401144504547,0.1743209958076477,-0.10368109494447708,0.20282401144504547,0.17432117462158203,-0.10368108749389648,0.2028241604566574,False,False,2.196500077843666,2.7524996548891068,1.0,-0.7515681982040405,1.250941514968872,1.0,-0.823894739151001,671.010009765625,267.4729309082031,671.010009765625,267.4729309082031,False,False,-0.2271035664618688,-0.3926893313987901,0.1128016719557658,False,,False,caught
237,1787621351.7044165,14.463531299494207,0.061128499917685986,16.358981511841016,True,179,0.06006720010191202,0.06936939992010593,14.415578066866935,False,False,False,,4.731288909912109,5.442905426025391,6.178194046020508,2.8230557441711426,,,2.992849349975586,False,0.184075759,0.568147435688,2,1.0,-1.0,1.4142135381698608,0.1840757578611374,-0.1840757578611374,0.2603224217891693,0.10056384652853012,-0.10078619420528412,0.14237606525421143,0.13241612911224365,-0.10203635692596436,0.16716891527175903,0.13241612911224365,-0.10203635692596436,0.16716891527175903,0.1324162483215332,-0.1020364761352539,0.16716909408569336,False,False,2.397899515926838,3.0282000079751015,1.0,-0.6727859973907471,1.2052556276321411,1.0,-0.7515681982040405,694.0870361328125,253.5514373779297,694.0870361328125,253.5514373779297,False,False,-0.21305027063075088,-0.39125064323451797,0.1128151220046725,False,,False,caught
238,1787621351.7657802,14.524795799516141,0.06126450002193451,16.32266646495067,True,180,0.04652249999344349,0.06603039987385273,15.144539513776113,False,False,False,,4.863705158233643,5.340868949890137,6.4000043869018555,2.66879940032959,,,3.0822346210479736,False,0.184075759,0.568147435688,2,1.0,-1.0,1.4142135381698608,0.1840757578611374,-0.1840757578611374,0.2603224217891693,0.1840757578611374,-0.1840757578611374,0.2603224217891693,0.16176646947860718,-0.14864689111709595,0.21969135105609894,0.16176646947860718,-0.14864689111709595,0.21969135105609894,0.16176652908325195,-0.14864683151245117,0.21969135105609894,False,False,2.461499534547329,3.131500445306301,1.0,-0.6093406081199646,1.1710234880447388,1.0,-0.6727859973907471,716.8004760742188,241.3748321533203,716.8004760742188,241.3748321533203,False,False,-0.19984123438152662,-0.39083884516997947,0.11285932899957025,False,,False,caught
239,1787621351.8228502,14.586202199570835,0.06140640005469322,16.284947482824652,True,181,0.03127119969576597,0.07452190015465021,13.418874155446497,False,False,False,,5.0254716873168945,5.1922221183776855,6.595273017883301,2.5403990745544434,,,3.081629753112793,False,0.184075759,0.568147435688,2,-0.28230905532836914,-1.0,1.0390853881835938,-0.05196625366806984,-0.1840757578611374,0.19127042591571808,0.1840757578611374,-0.1840757578611374,0.2603224217891693,0.17444145679473877,-0.16877567768096924,0.2427242249250412,0.17444145679473877,-0.16877567768096924,0.2427242249250412,0.17444133758544922,-0.1687755584716797,0.24272406101226807,False,False,1.190999522805214,1.729399897158146,1.0,-0.5814767479896545,1.1567692756652832,1.0,-0.6093406081199646,736.7959594726562,229.67056274414062,736.7959594726562,229.67056274414062,False,False,-0.18838562010296553,-0.39080048193603983,0.11285604131483265,False,,False,caught
240,1787621351.8862684,14.647521499544382,0.06131929997354746,16.308079192544437,True,182,0.018284600228071213,0.07665979955345392,13.04464668346429,False,False,False,,5.199913024902344,5.023446559906006,6.8207879066467285,2.408226490020752,,,3.0767860412597656,False,0.184075759,0.568147435688,2,1.0,-1.0,1.4142135381698608,0.1840757578611374,-0.1840757578611374,0.2603224217891693,0.1840757578611374,-0.1840757578611374,0.2603224217891693,0.17991510033607483,-0.17746832966804504,0.2527141869068146,0.17991510033607483,-0.17746832966804504,0.2527141869068146,0.1799149513244629,-0.17746829986572266,0.25271403789520264,False,False,1.5743998810648918,2.2583995014429092,1.0,-0.5460888147354126,1.139391541481018,1.0,-0.5814767479896545,759.888671875,218.0440673828125,759.888671875,218.0440673828125,False,False,-0.17558984102207625,-0.3914671556782697,0.11288186578186177,False,,False,caught
241,1787621351.9466136,14.708914299495518,0.06139279995113611,16.2885550226724,True,183,0.009670699946582317,0.07431310042738914,13.456577565043105,False,False,False,,5.379827976226807,4.845978260040283,7.035953998565674,2.284119129180908,,,3.050553321838379,False,0.184075759,0.568147435688,2,1.0,-1.0,1.4142135381698608,0.1840757578611374,-0.1840757578611374,0.2603224217891693,-0.05196625366806984,-0.1840757578611374,0.19127042591571808,0.0481722429394722,-0.1812223196029663,0.18751558661460876,0.0481722354888916,-0.1812223196029663,0.18751558661460876,0.0481724739074707,-0.18122243881225586,0.1875157505273819,False,False,1.8647005781531334,1.9558006897568703,1.0,-0.4935421943664551,1.1151609420776367,1.0,-0.5460888147354126,781.9216918945312,208.3417510986328,781.9216918945312,208.3417510986328,False,False,-0.1633906729337615,-0.3921943724456824,0.11293480665656874,False,,False,caught
242,1787621352.0091205,14.770393599756062,0.06147930026054382,16.265637308201114,False,,,,,False,False,False,,5.428000450134277,4.664755821228027,7.231107234954834,2.182098627090454,,,3.0683515071868896,False,0.184075759,0.568147435688,2,0.26524877548217773,-0.5107214450836182,0.5754939317703247,0.04882587119936943,-0.09401143342256546,0.10593448579311371,0.1840757578611374,-0.1840757578611374,0.2603224217891693,0.125385582447052,-0.18284353613853455,0.22170543670654297,0.125385582447052,-0.18284353613853455,0.22170543670654297,0.12538576126098633,-0.18284368515014648,0.22170566022396088,False,False,1.81489996612072,3.5211006179451942,1.0,-0.46412140130996704,1.102455735206604,1.0,-0.4935421943664551,801.9053344726562,199.49996948242188,801.9053344726562,199.49996948242188,False,False,-0.15260751064217773,-0.3933233737854732,0.11295679579166856,False,,False,caught
243,1787621352.0723705,14.831616799347103,0.06122319959104061,16.333677538577057,True,184,0.059968799352645874,0.07000190019607544,14.285326501123517,False,False,False,,5.553386211395264,4.481912136077881,7.4548540115356445,2.075716495513916,,,3.0668156147003174,False,0.184075759,0.568147435688,2,1.0,-1.0,1.4142135381698608,0.1840757578611374,-0.1840757578611374,0.2603224217891693,0.1840757578611374,-0.1840757578611374,0.2603224217891693,0.15873032808303833,-0.18354368209838867,0.24265943467617035,0.15873032808303833,-0.18354368209838867,0.24265943467617035,0.15873050689697266,-0.18354368209838867,0.2426595538854599,False,False,2.3715998977422714,2.890000119805336,1.0,-0.4171992242336273,1.083538293838501,1.0,-0.46412140130996704,824.8170776367188,191.30160522460938,824.8170776367188,191.30160522460938,False,False,-0.14052519835301883,-0.3950922327919199,0.1129491150337917,False,,False,caught
244,1787621352.1335568,14.89274249970913,0.06112570036202669,16.35973075281495,True,185,0.04967179987579584,0.07280369941145182,13.735565748499626,False,False,False,,5.712116718292236,4.298368453979492,7.668370246887207,1.9772852659225464,,,3.035515546798706,False,0.184075759,0.568147435688,2,1.0,-1.0,1.4142135381698608,0.1840757578611374,-0.1840757578611374,0.2603224217891693,0.04882587119936943,-0.09401143342256546,0.10593448579311371,0.09628847241401672,-0.1326761692762375,0.16393423080444336,0.09628847241401672,-0.1326761692762375,0.16393423080444336,0.09628868103027344,-0.1326761245727539,0.16393433511257172,False,False,2.399999648332596,3.2027000561356544,1.0,-0.374115914106369,1.067690372467041,1.0,-0.4171992242336273,846.6810913085938,183.69509887695312,846.6810913085938,183.69509887695312,False,False,-0.12904755232316129,-0.39692369592215415,0.11298940998344618,False,,False,caught
245,1787621352.1917253,14.953956199809909,0.06121370010077953,16.336212291589042,True,186,0.033010900020599365,0.07102179992944002,14.080183844868722,False,False,False,,5.80840539932251,4.165692329406738,7.863554954528809,1.8999896049499512,,,3.058929204940796,False,0.184075759,0.568147435688,2,1.0,-1.0,1.4142135381698608,0.1840757578611374,-0.1840757578611374,0.2603224217891693,0.1840757578611374,-0.1840757578611374,0.2603224217891693,0.1461646854877472,-0.16187869012355804,0.21810279786586761,0.1461646854877472,-0.16187869012355804,0.21810279786586761,0.1461648941040039,-0.1618785858154297,0.2181028574705124,False,False,2.3747002705931664,2.076399512588978,1.0,-0.3394021987915039,1.0560274124145508,1.0,-0.374115914106369,866.6680908203125,177.77731323242188,866.6680908203125,177.77731323242188,False,False,-0.11891531313780172,-0.3991678092881647,0.11298954814384142,False,,False,caught
246,1787621352.252157,15.01547999959439,0.061523799784481525,16.253872542057053,True,187,0.022579899989068508,0.07787920068949461,12.840398863196004,False,False,False,,5.954570293426514,4.003813743591309,8.087431907653809,1.8184490203857422,,,3.0536727905273438,False,0.184075759,0.568147435688,2,0.2877236604690552,-0.6730363368988037,0.7319582104682922,0.052962951362133026,-0.12388967722654343,0.13473576307296753,0.1840757578611374,-0.1840757578611374,0.2603224217891693,0.16770385205745697,-0.1744898557662964,0.2420150637626648,0.16770385205745697,-0.1744898557662964,0.2420150637626648,0.16770362854003906,-0.17448997497558594,0.24201498925685883,False,False,1.5310002490878105,1.9576996564865112,1.0,-0.29571881890296936,1.0428085327148438,1.0,-0.3394021987915039,889.5930786132812,171.97865295410156,889.5930786132812,171.97865295410156,False,False,-0.10747834047030949,-0.40206728215249865,0.11301297613889656,False,,False,caught
247,1787621352.3156993,15.076994000002742,0.06151400040835142,16.256461835706517,True,188,0.004402900114655495,0.07195459958165884,13.897652211449442,False,False,False,,6.122273921966553,3.8293237686157227,8.302196502685547,1.7478415966033936,,,3.0140721797943115,False,0.184075759,0.568147435688,2,1.0,-0.35923516750335693,1.0625675916671753,0.1840757578611374,-0.06612648814916611,0.1955929398536682,0.1840757578611374,-0.1840757578611374,0.2603224217891693,0.17700541019439697,-0.17993611097335815,0.25240427255630493,0.17700541019439697,-0.17993611097335815,0.25240427255630493,0.17700529098510742,-0.17993617057800293,0.25240424275398254,False,False,2.1310998126864433,2.42799986153841,1.0,-0.26390790939331055,1.0342376232147217,1.0,-0.29571881890296936,911.5849609375,166.5792694091797,911.5849609375,166.5792694091797,False,False,-0.09671014519814045,-0.405197415783224,0.11300440694853607,False,,False,caught
248,1787621352.3782518,15.138421799987555,0.061427799984812737,16.2792742088637,False,,,,,False,False,False,,6.29927921295166,3.6493875980377197,8.498106002807617,1.6910278797149658,,,2.944488525390625,False,0.184075759,0.568147435688,2,1.0,-0.35686194896698,1.061767578125,0.1840757578611374,-0.06568963080644608,0.19544567167758942,0.052962951362133026,-0.12388967722654343,0.13473576307296753,0.10653095692396164,-0.14809349179267883,0.1824295073747635,0.10653095692396164,-0.14809349179267883,0.1824295073747635,0.10653114318847656,-0.14809346199035645,0.18242959678173065,False,False,2.3055998608469963,3.5194996744394302,1.0,-0.24983324110507965,1.030735969543457,1.0,-0.26390790939331055,931.6461181640625,161.5102081298828,931.6461181640625,161.5102081298828,False,False,-0.0870982768862661,-0.4084000579041534,0.11300045626093375,False,,False,caught
249,1787621352.430904,15.188903299160302,0.050481499172747135,19.809237371854014,True,189,0.03601429983973503,0.07978050038218498,12.534391175908198,False,False,False,,6.405810356140137,3.5012941360473633,8.69242000579834,1.6407266855239868,,,2.9479305744171143,False,0.184075759,0.568147435688,2,1.0,-1.0,1.4142135381698608,0.1840757578611374,-0.1840757578611374,0.2603224217891693,0.1840757578611374,-0.06612648814916611,0.1955929398536682,0.15058791637420654,-0.10152414441108704,0.18161462247371674,0.15058791637420654,-0.10152414441108704,0.18161462247371674,0.1505880355834961,-0.10152411460876465,0.1816147118806839,False,False,3.709699958562851,2.7119992300868034,1.0,-0.23620431125164032,1.027517557144165,1.0,-0.24983324110507965,951.5438842773438,157.0956268310547,951.5438842773438,157.0956268310547,False,False,-0.07773094150206177,-0.4118553377301955,0.11300375161951426,False,,False,caught
250,1787621352.4839058,15.24618689995259,0.05728360079228878,17.45700315917666,True,190,0.024662400595843792,0.080570999532938,12.411413607835321,False,False,False,,6.556398391723633,3.3997700214385986,8.88007640838623,1.5947299003601074,,,2.9423882961273193,False,0.184075759,0.568147435688,2,1.0,-0.6537796258926392,1.1947500705718994,0.1840757578611374,-0.12034498155117035,0.21992453932762146,0.1840757578611374,-0.06568963080644608,0.19544567167758942,0.1696140021085739,-0.08116485178470612,0.18803362548351288,0.1696140021085739,-0.08116485178470612,0.18803362548351288,0.16961383819580078,-0.08116483688354492,0.18803346157073975,False,False,1.7649997025728226,2.5349995121359825,1.0,-0.21317842602729797,1.0224701166152954,1.0,-0.23620431125164032,970.7598876953125,153.72303771972656,970.7598876953125,153.72303771972656,False,False,-0.06874349573833823,-0.41531614953005774,0.11300025994589902,False,,False,caught
251,1787621352.5436203,15.307931900024414,0.0617450000718236,16.1956433530937,True,191,0.02200510073453188,0.06826649978756905,14.648473308457136,False,False,False,,6.726012229919434,3.3186051845550537,9.104901313781738,1.5434930324554443,,,2.9681875705718994,False,0.184075759,0.568147435688,2,1.0,-0.8337358236312866,1.3019659519195557,0.1840757578611374,-0.15347056090831757,0.239660382270813,0.1840757578611374,-0.1840757578611374,0.2603224217891693,0.17783033847808838,-0.1396334171295166,0.22609980404376984,0.17783033847808838,-0.1396334171295166,0.22609980404376984,0.17783021926879883,-0.1396334171295166,0.22609971463680267,False,False,1.7360998317599297,2.0431000739336014,1.0,-0.1773330569267273,1.0156018733978271,1.0,-0.21317842602729797,993.7819213867188,150.60736083984375,993.7819213867188,150.60736083984375,False,False,-0.058070486306704465,-0.41964670493627504,0.1129733798999367,False,,False,caught
252,1787621352.605049,15.36937789991498,0.06144599989056587,16.27445239366241,True,192,0.015823700465261936,0.0644027004018426,15.527299224418694,False,False,False,,6.903842449188232,3.178971767425537,9.297679901123047,1.5029901266098022,,,2.922220468521118,False,0.184075759,0.568147435688,2,1.0,-0.711350679397583,1.2272000312805176,0.1840757578611374,-0.1309424191713333,0.22589777410030365,0.1840757578611374,-0.12034498155117035,0.21992453932762146,0.18137860298156738,-0.12867474555969238,0.22238567471504211,0.18137860298156738,-0.12867474555969238,0.22238567471504211,0.18137884140014648,-0.12867474555969238,0.22238586843013763,False,False,1.5179002657532692,1.837099902331829,1.0,-0.1664133220911026,1.0137521028518677,1.0,-0.1773330569267273,1013.5224609375,147.04928588867188,1013.5224609375,147.04928588867188,False,False,-0.049004338062589775,-0.4235234510241673,0.11297227617855933,False,,False,caught
253,1787621352.6674857,15.430919099599123,0.061541199684143066,16.24927699057618,False,,,,,False,False,False,,7.085221290588379,3.0502970218658447,9.520360946655273,1.465964674949646,,,2.905170202255249,False,0.184075759,0.568147435688,2,1.0,-0.8419386148452759,1.3072339296340942,0.1840757578611374,-0.15498049557209015,0.24063009023666382,0.1840757578611374,-0.15347056090831757,0.239660382270813,0.18291109800338745,-0.1427624225616455,0.2320292741060257,0.18291109800338745,-0.1427624225616455,0.2320292741060257,0.18291091918945312,-0.1427624225616455,0.23202912509441376,False,False,1.6801999881863594,2.888900227844715,1.0,-0.14961262047290802,1.0111299753189087,1.0,-0.1664133220911026,1036.324951171875,144.22544860839844,1036.324951171875,144.22544860839844,False,False,-0.038819988153714825,-0.4284497077384503,0.11297577953245463,False,,False,caught
254,1787621352.73367,15.492525699548423,0.06160659994930029,16.232027101365098,True,193,0.05912469979375601,0.06762740015983582,14.786905864139724,False,False,False,,7.268132209777832,2.907534599304199,9.738313674926758,1.4314780235290527,,,2.8775925636291504,False,0.184075759,0.568147435688,2,1.0,-1.0,1.4142135381698608,0.1840757578611374,-0.1840757578611374,0.2603224217891693,0.1840757578611374,-0.1309424191713333,0.22589777410030365,0.1835727095603943,-0.13604691624641418,0.22849003970623016,0.1835727095603943,-0.13604691624641418,0.22849003970623016,0.18357276916503906,-0.1360468864440918,0.22849008440971375,False,False,2.4330997839570045,3.032499924302101,1.0,-0.12611384689807892,1.0079209804534912,1.0,-0.14961262047290802,1058.643310546875,142.08885192871094,1058.643310546875,142.08885192871094,False,False,-0.028882507027995052,-0.4333624701664819,0.11293183281795181,False,,False,caught
255,1787621352.7950835,15.553244699724019,0.060719000175595284,16.46930939422696,True,194,0.04679749999195337,0.08017629943788052,12.472513785383498,False,False,False,,7.451704978942871,2.7714877128601074,9.933452606201172,1.404571533203125,,,2.833289861679077,False,0.184075759,0.568147435688,2,1.0,0.04115891456604004,1.0008466243743896,0.1840757578611374,0.007576358504593372,0.18423160910606384,0.1840757578611374,-0.15498049557209015,0.24063009023666382,0.18385854363441467,-0.14680396020412445,0.2352772206068039,0.18385854363441467,-0.14680396020412445,0.2352772206068039,0.18385839462280273,-0.1468038558959961,0.23527702689170837,False,False,2.4870997294783592,2.900799736380577,0.9715610146522522,-0.09847868978977203,0.9765391945838928,1.0,-0.12611384689807892,1076.8782958984375,141.00674438476562,1076.8782958984375,141.00674438476562,False,False,-0.02009287751752226,-0.43794935025422005,0.11295412315633009,False,,False,caught
256,1787621352.8518336,15.61510149948299,0.06185679975897074,16.166371423943183,True,195,0.03796819970011711,0.07272090017795563,13.751204915683052,False,False,False,,7.635563373565674,2.6246838569641113,10.152766227722168,1.3794834613800049,,,2.8083508014678955,False,0.184075759,0.568147435688,2,1.0,-1.0,1.4142135381698608,0.1840757578611374,-0.1840757578611374,0.2603224217891693,0.1840757578611374,-0.1840757578611374,0.2603224217891693,0.18398189544677734,-0.16797979176044464,0.24913159012794495,0.18398189544677734,-0.16797979176044464,0.24913159012794495,0.18398189544677734,-0.16797971725463867,0.24913153052330017,False,False,1.4928998425602913,1.975799910724163,0.9342923760414124,-0.06406234204769135,0.9364860653877258,0.9715610146522522,-0.09847868978977203,1097.0462646484375,140.5416259765625,1097.0462646484375,140.5416259765625,False,False,-0.010359516413710725,-0.4433471495475754,0.11297165024819955,False,,False,caught
257,1787621352.9121232,15.6764105996117,0.06130910012871027,16.310792327739822,True,196,0.028846500441432,0.07068090047687292,14.148093661132743,False,False,False,,7.819545269012451,2.4567041397094727,10.359387397766113,1.3615366220474243,,,2.765897750854492,False,0.184075759,0.568147435688,2,1.0,-1.0,1.4142135381698608,0.1840757578611374,-0.1840757578611374,0.2603224217891693,0.1840757578611374,0.007576358504593372,0.18423160910606384,0.18403522670269012,-0.06823798269033432,0.19627885520458221,0.18403522670269012,-0.06823798269033432,0.19627885520458221,0.1840348243713379,-0.0682380199432373,0.19627848267555237,False,False,1.2459997087717056,1.8229000270366669,0.8926457762718201,-0.027534406632184982,0.8930703401565552,0.9342923760414124,-0.06406234204769135,1115.6453857421875,140.95767211914062,1115.6453857421875,140.95767211914062,False,False,-0.0013547372898558838,-0.4486990490069386,0.1129386360915356,False,,False,caught
258,1787621352.9762888,15.737593099474907,0.06118249986320734,16.34454300226067,True,197,0.015414400026202202,0.07043179962784052,14.198132168764245,False,False,False,,8.003580093383789,2.3884661197662354,10.539233207702637,1.350197434425354,,,2.7399888038635254,False,0.184075759,0.568147435688,2,1.0,-1.0,1.4142135381698608,0.1840757578611374,-0.1840757578611374,0.2603224217891693,0.1840757578611374,-0.1840757578611374,0.2603224217891693,0.1840580850839615,-0.13405093550682068,0.2276994287967682,0.1840580850839615,-0.13405093550682068,0.2276994287967682,0.18405818939208984,-0.13405084609985352,0.22769947350025177,False,False,1.744699664413929,2.570600248873234,0.8433874249458313,0.009051788598299026,0.8434360027313232,0.8926457762718201,-0.027534406632184982,1131.03515625,142.06985473632812,1131.03515625,142.06985473632812,False,False,0.006358023073104485,-0.45355845840718345,0.11295022713888479,False,,False,caught
259,1787621353.0379243,15.799238599836826,0.0616455003619194,16.221784138810158,True,198,0.007886400446295738,0.07461460027843714,13.402202736037305,False,False,False,,8.187638282775879,2.254415273666382,10.732722282409668,1.3452287912368774,,,2.7026047706604004,False,0.184075759,0.568147435688,2,1.0,-1.0,1.4142135381698608,0.1840757578611374,-0.1840757578611374,0.2603224217891693,0.1840757578611374,-0.1840757578611374,0.2603224217891693,0.18406817317008972,-0.16247236728668213,0.24551652371883392,0.18406817317008972,-0.16247236728668213,0.24551652371883392,0.1840677261352539,-0.16247248649597168,0.24551627039909363,False,False,2.027999609708786,2.3217005655169487,0.8039930462837219,0.0475737638771534,0.8053992986679077,0.8433874249458313,0.009051788598299026,1148.4281005859375,143.97142028808594,1148.4281005859375,143.97142028808594,False,False,0.014432531792813435,-0.45911970335572005,0.11296624473787241,False,,False,caught
260,1787621353.099377,15.860643499530852,0.061404899694025517,16.28534538746745,False,,,,,False,False,False,,8.371706008911133,2.09194278717041,10.91218090057373,1.351173758506775,,,2.646271228790283,False,0.184075759,0.568147435688,2,1.0,-1.0,1.4142135381698608,0.1840757578611374,-0.1840757578611374,0.2603224217891693,0.1840757578611374,-0.1840757578611374,0.2603224217891693,0.18407228589057922,-0.1747463345527649,0.25380876660346985,0.18407228589057922,-0.1747463345527649,0.25380876660346985,0.18407249450683594,-0.17474627494812012,0.253808856010437,False,False,3.0368007719516754,2.615700475871563,0.760192334651947,0.08721502125263214,0.765178918838501,0.8039930462837219,0.0475737638771534,1164.113525390625,147.08709716796875,1164.113525390625,147.08709716796875,False,False,0.021584824199790145,-0.4647585271337154,0.11294620308861932,False,,False,caught
261,1787621353.1610563,15.922260799445212,0.061617299914360046,16.2292083780021,True,199,0.056308699771761894,0.0691753001883626,14.456026895105987,False,False,False,,8.555778503417969,1.91719651222229,11.064774513244629,1.3607696294784546,,,2.569955587387085,False,0.184075759,0.568147435688,2,1.0,-0.6169003248214722,1.1749749183654785,0.1840757578611374,-0.1135563924908638,0.2162843942642212,0.1840757578611374,-0.1840757578611374,0.2603224217891693,0.18407434225082397,-0.18004679679870605,0.25748828053474426,0.18407434225082397,-0.18004679679870605,0.25748828053474426,0.18407440185546875,-0.18004679679870605,0.25748831033706665,False,False,2.2467998787760735,2.864699810743332,0.7241683006286621,0.13019251823425293,0.7357783317565918,0.760192334651947,0.08721502125263214,1177.5257568359375,150.79515075683594,1177.5257568359375,150.79515075683594,False,False,0.027523956798521484,-0.4697627041019242,0.11291211088850228,False,,False,caught
262,1787621353.2250357,15.984077199362218,0.06181639991700649,16.17693688636965,True,200,0.05223799962550402,0.07489149924367666,13.352650302089303,False,False,False,,8.739852905273438,1.737149715423584,11.23094367980957,1.3839876651763916,,,2.5160000324249268,False,0.184075759,0.568147435688,2,1.0,1.0,1.4142135381698608,0.1840757578611374,0.1840757578611374,0.2603224217891693,0.1840757578611374,-0.1840757578611374,0.2603224217891693,0.18407517671585083,-0.18233583867549896,0.25909462571144104,0.18407517671585083,-0.18233583867549896,0.25909462571144104,0.18407535552978516,-0.18233585357666016,0.259094774723053,False,False,2.903500571846962,1.918099820613861,0.7071778178215027,0.17454460263252258,0.7283998727798462,0.7241683006286621,0.13019251823425293,1193.4976806640625,156.01727294921875,1193.4976806640625,156.01727294921875,False,False,0.03357431270483226,-0.475789049301316,0.112897985357265,False,,False,caught
263,1787621353.2750533,16.03417979925871,0.050102599896490574,19.959044082860952,True,201,0.030863999389111996,0.06559920031577349,15.244088269160617,False,False,False,,8.923928260803223,1.5548138618469238,11.3436861038208,1.4044972658157349,,,2.424422264099121,False,0.184075759,0.568147435688,2,1.0,-0.7819104790687561,1.2694029808044434,0.1840757578611374,-0.14393076300621033,0.2336663156747818,0.1840757578611374,-0.1135563924908638,0.2162843942642212,0.18407559394836426,-0.1432589739561081,0.23325298726558685,0.18407559394836426,-0.1432589739561081,0.23325298726558685,0.18407535552978516,-0.1432589292526245,0.23325277864933014,False,False,2.605699934065342,1.9990000873804092,0.6464676856994629,0.20677216351032257,0.6787306070327759,0.7071778178215027,0.17454460263252258,1201.3123779296875,160.19314575195312,1201.3123779296875,160.19314575195312,False,False,0.037524351873526686,-0.48009365311995267,0.11292344390596651,False,,False,caught
264,1787621353.328736,16.092018299736083,0.0578385004773736,17.28952154268245,True,202,0.022778600454330444,0.07147330045700073,13.991238596874549,False,False,False,,9.108003616333008,1.4115549325942993,11.498220443725586,1.4463483095169067,,,2.390470027923584,False,0.184075759,0.568147435688,2,1.0,-1.0,1.4142135381698608,0.1840757578611374,-0.1840757578611374,0.2603224217891693,0.1840757578611374,0.1840757578611374,0.2603224217891693,0.18407559394836426,0.04271543025970459,0.1889667510986328,0.18407559394836426,0.04271543025970459,0.1889667510986328,0.18407535552978516,0.04271543025970459,0.1889665126800537,False,False,1.8202997744083405,2.1910006180405617,0.6065278053283691,0.2310057133436203,0.6490297913551331,0.6464676856994629,0.20677216351032257,1214.682861328125,166.10293579101562,1214.682861328125,166.10293579101562,False,False,0.04248369902880368,-0.48661083330038424,0.11296418373196707,False,,False,caught
265,1787621353.3902051,16.153507199138403,0.061488899402320385,16.263098050544443,True,203,0.01791209913790226,0.06592289917171001,15.169235767305839,False,False,False,,9.292078971862793,1.454270362854004,11.615711212158203,1.4866561889648438,,,2.3238580226898193,False,0.184075759,0.568147435688,2,1.0,-0.6180800199508667,1.175594687461853,0.1840757578611374,-0.11377354711294174,0.2163984775543213,0.1840757578611374,-0.14393076300621033,0.2336663156747818,0.18407559394836426,-0.0633271187543869,0.19466419517993927,0.18407559394836426,-0.0633271187543869,0.19466419517993927,0.18407535552978516,-0.06332707405090332,0.19466395676136017,False,False,1.336200162768364,1.7018998041749,0.6066960692405701,0.246163472533226,0.6547339558601379,0.6065278053283691,0.2310057133436203,1226.7242431640625,171.2803192138672,1226.7242431640625,171.2803192138672,False,False,0.045972321117908915,-0.49194649737801777,0.11293694108808472,False,,False,caught
266,1787621353.4537659,16.21504949964583,0.06154230050742626,16.248986335493434,True,204,0.006107499822974205,0.06636180076748133,15.06890995173267,False,False,False,,9.476154327392578,1.3909432888031006,11.74813461303711,1.5402930974960327,,,2.276883840560913,False,0.184075759,0.568147435688,2,1.0,-0.5121963024139404,1.1235413551330566,0.1840757578611374,-0.09428292512893677,0.20681671798229218,0.1840757578611374,-0.1840757578611374,0.2603224217891693,0.18407559394836426,-0.1319301277399063,0.22647158801555634,0.18407559394836426,-0.1319301277399063,0.22647158801555634,0.18407535552978516,-0.13193011283874512,0.22647139430046082,False,False,1.5150997787714005,1.89139973372221,0.584817111492157,0.27223002910614014,0.6450738310813904,0.6066960692405701,0.246163472533226,1238.9400634765625,178.54055786132812,1238.9400634765625,178.54055786132812,False,False,0.049630895201895946,-0.49832731125967156,0.11298046116312044,False,,False,caught
267,1787621353.5147834,16.276611299254,0.061561799608170986,16.24383962724949,False,,,,,False,False,False,,9.660229682922363,1.2590131759643555,11.87902545928955,1.5950437784194946,,,2.2440969944000244,False,0.184075759,0.568147435688,2,1.0,-1.0,1.4142135381698608,0.1840757578611374,-0.1840757578611374,0.2603224217891693,0.1840757578611374,-0.11377354711294174,0.2163984775543213,0.18407559394836426,-0.12161450833082199,0.22062164545059204,0.18407559394836426,-0.12161450833082199,0.22062164545059204,0.18407535552978516,-0.12161445617675781,0.22062142193317413,False,False,2.294200472533703,2.6638004928827286,0.5144510269165039,0.3192741870880127,0.6054716110229492,0.584817111492157,0.27223002910614014,1248.02001953125,187.23654174804688,1248.02001953125,187.23654174804688,False,False,0.05318974084822791,-0.5047126654689402,0.11290343258985619,False,,False,caught
268,1787621353.576113,16.337281899526715,0.06067060027271509,16.482447767205002,True,205,0.05321559961885214,0.07334630005061626,13.633952896191087,False,False,False,,9.844305038452148,1.1373987197875977,11.985629081726074,1.6492934226989746,,,2.201659679412842,False,0.184075759,0.568147435688,2,1.0,-1.0,1.4142135381698608,0.1840757578611374,-0.1840757578611374,0.2603224217891693,0.1840757578611374,-0.09428292512893677,0.20681671798229218,0.18407559394836426,-0.1060861200094223,0.21245726943016052,0.18407559394836426,-0.1060861200094223,0.21245726943016052,0.18407535552978516,-0.1060861349105835,0.2124570608139038,False,False,2.7564000338315964,2.569800242781639,0.42592352628707886,0.35378217697143555,0.5536900758743286,0.5144510269165039,0.3192741870880127,1253.4971923828125,195.09176635742188,1253.4971923828125,195.09176635742188,False,False,0.05576467939900338,-0.5103424667215481,0.11288253883762903,False,,False,caught
269,1787621353.6372645,16.399174799211323,0.06189289968460798,16.15694215484766,True,206,0.04366989992558956,0.07549069914966822,13.246664970175932,False,False,False,,10.028380393981934,1.0313125848770142,12.094388008117676,1.7238904237747192,,,2.179002285003662,False,0.184075759,0.568147435688,2,1.0,-0.5091359615325928,1.1221494674682617,0.1840757578611374,-0.09371958673000336,0.20656052231788635,0.1840757578611374,-0.1840757578611374,0.2603224217891693,0.18407559394836426,-0.1503957360982895,0.23770296573638916,0.18407559394836426,-0.1503957360982895,0.23770296573638916,0.18407535552978516,-0.15039575099945068,0.23770278692245483,False,False,2.206699922680855,2.62410007417202,0.38904958963394165,0.39132994413375854,0.5518140196800232,0.42592352628707886,0.35378217697143555,1262.3685302734375,205.27053833007812,1262.3685302734375,205.27053833007812,False,False,0.05774546672101028,-0.5169387181077507,0.11291725110693374,False,,False,caught
270,1787621353.6956499,16.45992839988321,0.0607536006718874,16.45992976450417,True,207,0.023420500569045544,0.07107100076973438,14.070436453258027,False,False,False,,10.212455749511719,0.8809168338775635,12.179715156555176,1.8038781881332397,,,2.173008680343628,False,0.184075759,0.568147435688,2,1.0,-0.04837171733379364,1.001169204711914,0.1840757578611374,-0.00890406034886837,0.18429097533226013,0.1840757578611374,-0.1840757578611374,0.2603224217891693,0.18407559394836426,-0.1695309579372406,0.2502490282058716,0.18407559394836426,-0.1695309579372406,0.2502490282058716,0.18407535552978516,-0.169530987739563,0.25024884939193726,False,False,1.2409994378685951,1.6687996685504913,0.3458397686481476,0.4387508034706116,0.5586657524108887,0.38904958963394165,0.39132994413375854,1268.4512939453125,216.6350860595703,1268.4512939453125,216.6350860595703,False,False,0.05857876173568418,-0.523061390076698,0.11288722439436263,False,,False,caught
271,1787621353.7590907,16.521381999365985,0.061453599482774734,16.27243983129576,True,208,0.013266799971461296,0.08100380003452301,12.345099854251405,False,False,False,,10.396531105041504,0.7113858461380005,12.250428199768066,1.8821643590927124,,,2.1926369667053223,False,0.184075759,0.568147435688,2,1.0,1.0,1.4142135381698608,0.1840757578611374,0.1840757578611374,0.2603224217891693,0.1840757578611374,-0.09371958673000336,0.20656052231788635,0.18407559394836426,-0.12645894289016724,0.22332866489887238,0.18407559394836426,-0.12645894289016724,0.22332866489887238,0.18407535552978516,-0.12645894289016724,0.22332845628261566,False,False,1.7899004742503166,2.413799986243248,0.3018319606781006,0.4675460159778595,0.5565086007118225,0.3458397686481476,0.4387508034706116,1272.9884033203125,226.65011596679688,1272.9884033203125,226.65011596679688,False,False,0.05886642395770664,-0.5286619573647995,0.11288400454555059,False,,False,caught
272,1787621353.8210816,16.5829363996163,0.061554400250315666,16.245792273719243,True,209,0.0036281999200582504,0.07160559948533773,13.96538828230555,False,False,False,,10.580606460571289,0.5849269032478333,12.325309753417969,1.9807469844818115,,,2.234346389770508,False,0.184075759,0.568147435688,2,1.0,-1.0,1.4142135381698608,0.1840757578611374,-0.1840757578611374,0.2603224217891693,0.1840757578611374,-0.00890406034886837,0.18429097533226013,0.18407559394836426,-0.05967043712735176,0.19350552558898926,0.18407559394836426,-0.05967043340206146,0.19350552558898926,0.18407535552978516,-0.059670448303222656,0.19350528717041016,False,False,1.5898002311587334,2.3427996784448624,0.2854551672935486,0.512351393699646,0.5865054130554199,0.3018319606781006,0.4675460159778595,1279.650146484375,239.7989501953125,1279.650146484375,239.7989501953125,False,False,0.05864507404057556,-0.5352788908356001,0.11283361341573037,False,,False,caught
273,1787621353.8824623,16.644737599417567,0.06180119980126619,16.18091563296012,True,210,0.0012825001031160355,0.07119360007345676,14.046206386082613,False,False,False,,10.764681816101074,0.5252564549446106,12.383898735046387,2.083172082901001,,,2.246990203857422,False,0.184075759,0.568147435688,2,1.0,-1.0,1.4142135381698608,0.1840757578611374,-0.1840757578611374,0.2603224217891693,0.1840757578611374,0.1840757578611374,0.2603224217891693,0.18407559394836426,0.0788133293390274,0.20023827254772186,0.18407559394836426,0.0788133293390274,0.20023827254772186,0.18407535552978516,0.07881331443786621,0.20023804903030396,False,False,1.5193000435829163,1.9797999411821365,0.27024662494659424,0.5660568475723267,0.6272587776184082,0.2854551672935486,0.512351393699646,1284.715087890625,253.9101104736328,1284.715087890625,253.9101104736328,False,False,0.05762493223266888,-0.5415634879913555,0.11286200474743703,False,,False,caught
274,1787621353.943726,16.705966499634087,0.06122890021651983,16.332156815878843,False,,,,,False,False,False,,10.94875717163086,0.6040697693824768,12.437088012695312,2.1841485500335693,,,2.1706628799438477,False,0.184075759,0.568147435688,2,1.0,1.0,1.4142135381698608,0.1840757578611374,0.1840757578611374,0.2603224217891693,0.1840757578611374,-0.1840757578611374,0.2603224217891693,0.18407559394836426,-0.07054643332958221,0.1971309781074524,0.18407559394836426,-0.07054643332958221,0.1971309781074524,0.18407535552978516,-0.07054644823074341,0.19713075459003448,False,False,2.210400067269802,3.337899222970009,0.2707120180130005,0.6863728165626526,0.7378296852111816,0.27024662494659424,0.5660568475723267,1290.1903076171875,272.0578918457031,1290.1903076171875,272.0578918457031,False,False,0.05643262567778005,-0.5476123034591279,0.11295986520003184,False,,False,caught
275,1787621354.0079231,16.767136599868536,0.06117010023444891,16.34785616121705,True,211,0.04689950030297041,0.06414119992405176,15.590603250080742,False,False,False,,11.132832527160645,0.5335233211517334,12.496753692626953,2.3152856826782227,,,2.2438712120056152,False,0.184075759,0.568147435688,2,1.0,0.9383710622787476,1.3713278770446777,0.1840757578611374,0.17273136973381042,0.25242823362350464,0.1840757578611374,-0.1840757578611374,0.2603224217891693,0.18407559394836426,-0.13504783809185028,0.22830186784267426,0.18407559394836426,-0.13504783809185028,0.22830186784267426,0.18407535552978516,-0.13504785299301147,0.22830168902873993,False,False,1.5121996402740479,2.7834996581077576,0.22470343112945557,0.7903175950050354,0.8216407299041748,0.2707120180130005,0.6863728165626526,1293.4732666015625,292.33709716796875,1293.4732666015625,292.33709716796875,False,False,0.05450022957332028,-0.5551700321251031,0.11293223998838611,False,,False,caught
276,1787621354.0682347,16.828424099832773,0.06128749996423721,16.316540902851724,True,212,0.03778850007802248,0.07717270031571388,12.957950102937895,False,False,False,,11.31690788269043,0.3984754681587219,12.553241729736328,2.474828004837036,,,2.416559934616089,False,0.184075759,0.568147435688,2,1.0,1.0,1.4142135381698608,0.1840757578611374,0.1840757578611374,0.2603224217891693,0.1840757578611374,0.1840757578611374,0.2603224217891693,0.18407559394836426,0.04626140370965004,0.1897997409105301,0.18407559394836426,0.04626139998435974,0.1897997409105301,0.18407535552978516,0.04626139998435974,0.189799502491951,False,False,2.611200325191021,2.7938997372984886,0.16654503345489502,0.8979192972183228,0.9132339954376221,0.22470343112945557,0.7903175950050354,1295.6844482421875,315.8231506347656,1295.6844482421875,315.8231506347656,False,False,0.051493968089692324,-0.5638575733837402,0.11296324563167615,False,,False,caught
277,1787621354.1274114,16.889676899649203,0.061252799816429615,16.325784339604564,True,213,0.02999140042811632,0.07001150026917458,14.283367677528414,False,False,False,,11.500983238220215,0.44473686814308167,12.59326457977295,2.636129140853882,,,2.4485256671905518,False,0.184075759,0.568147435688,2,1.0,1.0,1.4142135381698608,0.1840757578611374,0.1840757578611374,0.2603224217891693,0.1840757578611374,0.17273136973381042,0.25242823362350464,0.18407559394836426,0.11811498552560806,0.21871207654476166,0.18407559394836426,0.11811498552560806,0.21871207654476166,0.18407535552978516,0.11811497807502747,0.21871186792850494,False,False,2.2315997630357742,2.4071000516414642,0.14803263545036316,1.0,1.0108973979949951,0.16654503345489502,0.8979192972183228,1298.6453857421875,339.1463317871094,1298.6453857421875,339.1463317871094,False,False,0.047762515893886755,-0.5721013753285963,0.11290903782636436,False,,False,caught
278,1787621354.1896825,16.950981099158525,0.06130419950932264,16.312096202282653,True,214,0.018080499954521656,0.06905789952725172,14.480602608038762,False,False,False,,11.68505859375,0.5628518462181091,12.625078201293945,2.8422048091888428,,,2.465580463409424,False,0.184075759,0.568147435688,2,0.590670108795166,1.0,1.1614177227020264,0.10872805118560791,0.1840757578611374,0.21378885209560394,0.1840757578611374,0.1840757578611374,0.2603224217891693,0.18407559394836426,0.15559042990207672,0.2410232424736023,0.18407559394836426,0.15559042990207672,0.2410232424736023,0.18407535552978516,0.15559041500091553,0.24102304875850677,False,False,2.0920997485518456,2.555900253355503,0.11811793595552444,1.0,1.0069518089294434,0.14803263545036316,1.0,1300.0650634765625,360.74310302734375,1300.0650634765625,360.74310302734375,False,False,0.04222042815264586,-0.5820167440394327,0.11294386363647813,False,,False,caught
279,1787621354.246797,17.012156299315393,0.061175200156867504,16.346493308330277,False,,,,,False,False,False,,11.869133949279785,0.7184422612190247,12.658227920532227,3.0638015270233154,,,2.474546432495117,False,0.184075759,0.568147435688,2,1.0,1.0,1.4142135381698608,0.1840757578611374,0.1840757578611374,0.2603224217891693,0.1840757578611374,0.1840757578611374,0.2603224217891693,0.18407559394836426,0.17177429795265198,0.2517741620540619,0.18407559394836426,0.17177429795265198,0.2517741620540619,0.18407535552978516,0.17177432775497437,0.25177401304244995,False,False,1.1830003932118416,2.2919001057744026,0.023426510393619537,1.0,1.000274419784546,0.11811793595552444,1.0,1297.6419677734375,383.9664001464844,1297.6419677734375,383.9664001464844,False,False,0.036239233278313694,-0.5926083992761002,0.11295522494031758,False,,False,caught
280,1787621354.3132472,17.07366140000522,0.061505100689828396,16.258814127352178,True,215,0.0602225000038743,0.07321199961006641,13.65896308427701,False,False,False,,12.05320930480957,0.890216588973999,12.676342010498047,3.254373550415039,,,2.444899320602417,False,0.184075759,0.568147435688,2,1.0,1.0,1.4142135381698608,0.1840757578611374,0.1840757578611374,0.2603224217891693,0.10872805118560791,0.1840757578611374,0.21378885209560394,0.14126697182655334,0.17876335978507996,0.22784358263015747,0.14126697182655334,0.17876335978507996,0.22784358263015747,0.1412668228149414,0.17876338958740234,0.2278435081243515,False,False,2.301100641489029,2.9646996408700943,-0.13025060296058655,1.0,1.0084469318389893,0.023426510393619537,1.0,1290.0548095703125,403.9383239746094,1290.0548095703125,403.9383239746094,False,False,0.030690960000269284,-0.6013705975611343,0.11288000176560682,False,,False,caught
281,1787621354.3745925,17.134749699383974,0.06108829937875271,16.369746910122903,True,216,0.04831309989094734,0.08096100017428398,12.351626064985727,False,False,False,,12.194476127624512,1.0689799785614014,12.671609878540039,3.4743618965148926,,,2.4522476196289062,False,0.184075759,0.568147435688,2,1.0,1.0,1.4142135381698608,0.1840757578611374,0.1840757578611374,0.2603224217891693,0.1840757578611374,0.1840757578611374,0.2603224217891693,0.1655886173248291,0.1817815899848938,0.24589456617832184,0.1655886173248291,0.1817815899848938,0.24589456617832184,0.16558837890625,0.18178153038024902,0.24589435756206512,False,False,2.748800441622734,2.924799919128418,-0.2787947356700897,1.0,1.0381360054016113,-0.13025060296058655,1.0,1280.4437255859375,426.99310302734375,1280.4437255859375,426.99310302734375,False,False,0.02326985850737091,-0.6106729269921413,0.112879460384333,False,,False,caught
282,1787621354.4373837,17.196537099778652,0.061787400394678116,16.184529428529448,True,217,0.041753499768674374,0.07257100008428097,13.779608918695363,False,False,False,,12.360064506530762,1.2507615089416504,12.627198219299316,3.6885149478912354,,,2.4523463249206543,False,0.184075759,0.568147435688,2,-0.9429347515106201,1.0,1.3744547367095947,-0.1735714226961136,0.1840757578611374,0.2530038058757782,0.1840757578611374,0.1840757578611374,0.2603224217891693,0.17609193921089172,0.18308499455451965,0.25402456521987915,0.17609193921089172,0.18308499455451965,0.25402456521987915,0.17609214782714844,0.18308496475219727,0.2540246844291687,False,False,2.067800611257553,2.8953999280929565,-0.44452157616615295,1.0,1.0943489074707031,-0.2787947356700897,1.0,1265.713623046875,449.4363708496094,1265.713623046875,449.4363708496094,False,False,0.014466160492332954,-0.6184885343759045,0.112849780139253,False,,False,caught
283,1787621354.4968116,17.25804049987346,0.06150340009480715,16.259263690438342,True,218,0.033363000489771366,0.06834260001778603,14.63216207372491,False,False,False,,12.53615665435791,1.4338464736938477,12.562689781188965,3.881622314453125,,,2.4479196071624756,False,0.184075759,0.568147435688,2,0.8268519043922424,1.0,1.2975685596466064,0.15220339596271515,0.1840757578611374,0.2388509064912796,0.1840757578611374,0.1840757578611374,0.2603224217891693,0.18062801659107208,0.18364788591861725,0.25759080052375793,0.18062801659107208,0.18364788591861725,0.25759080052375793,0.18062782287597656,0.18364787101745605,0.257590651512146,False,False,1.9519003108143806,2.768700011074543,-0.5840479135513306,1.0,1.1580638885498047,-0.44452157616615295,1.0,1250.5355224609375,469.67401123046875,1250.5355224609375,469.67401123046875,False,False,0.005574643372949317,-0.6247684110094237,0.1129372498413473,False,,False,caught
284,1787621354.5566046,17.318909999914467,0.060869500041007996,16.428589019563105,True,219,0.019787699915468693,0.06990069989115,14.306008402737154,False,False,False,,12.716784477233887,1.6174943447113037,12.449162483215332,4.102865695953369,,,2.4997384548187256,False,0.184075759,0.568147435688,2,0.136195570230484,1.0,1.0092320442199707,0.025070302188396454,0.1840757578611374,0.18577514588832855,-0.1735714226961136,0.1840757578611374,0.2530038058757782,-0.02060956507921219,0.18389096856117249,0.18504226207733154,-0.020609557628631592,0.18389096856117249,0.18504226207733154,-0.02060985565185547,0.1838909387588501,0.18504226207733154,False,False,1.6245003789663315,2.0819995552301407,-0.6996471285820007,1.0,1.2204532623291016,-0.5840479135513306,1.0,1231.8079833984375,492.86029052734375,1231.8079833984375,492.86029052734375,False,False,-0.006157873360443741,-0.6307369076765824,0.11288018833689564,False,,False,caught
285,1787621354.6179755,17.380234899930656,0.06132490001618862,16.306589977904878,True,220,0.00958890002220869,0.07444659993052483,13.432446893924256,False,False,False,,12.696174621582031,1.8013852834701538,12.309571266174316,4.318498611450195,,,2.5466294288635254,False,0.184075759,0.568147435688,2,-1.0,1.0,1.4142135381698608,-0.1840757578611374,0.1840757578611374,0.2603224217891693,0.15220339596271515,0.1840757578611374,0.2388509064912796,0.07757354527711868,0.18399594724178314,0.1996801495552063,0.07757354527711868,0.18399594724178314,0.1996801495552063,0.07757377624511719,0.18399596214294434,0.19968025386333466,False,False,1.3673994690179825,1.888900063931942,-0.8265824913978577,1.0,1.2973968982696533,-0.6996471285820007,1.0,1209.71484375,515.4586181640625,1209.71484375,515.4586181640625,False,False,-0.018693293051885523,-0.6356539635931769,0.1129564237595396,False,,False,caught
286,1787621354.680482,17.441760499961674,0.06152560003101826,16.253396951770448,True,221,0.0014944002032279968,0.07152240071445704,13.981633586271203,False,False,False,,12.773748397827148,1.9853812456130981,12.164710998535156,4.512069225311279,,,2.5990536212921143,False,0.184075759,0.568147435688,2,-0.2742830514907837,1.0,1.0369335412979126,-0.05048885941505432,0.1840757578611374,0.19087433815002441,0.025070302188396454,0.1840757578611374,0.18577514588832855,0.04774406552314758,0.18404129147529602,0.19013336300849915,0.04774406552314758,0.18404129147529602,0.19013336300849915,0.047743797302246094,0.18404138088226318,0.19013337790966034,False,False,2.0343000069260597,2.827799879014492,-0.8900267481803894,1.0,1.338711142539978,-0.8265824913978577,1.0,1190.983154296875,535.7448120117188,1190.983154296875,535.7448120117188,False,False,-0.03067018860427648,-0.6394590291526657,0.11298525708537459,False,,False,caught
287,1787621354.7408547,17.503159599378705,0.06139909941703081,16.28688383860271,False,,,,,False,False,False,,12.821492195129395,2.1694226264953613,11.970717430114746,4.7353515625,,,2.703295946121216,False,0.184075759,0.568147435688,2,-0.5273721218109131,1.0,1.1305402517318726,-0.0970764234662056,0.1840757578611374,0.20810505747795105,-0.1840757578611374,0.1840757578611374,0.2603224217891693,-0.08396388590335846,0.18406091630458832,0.2023075670003891,-0.08396388590335846,0.18406091630458832,0.2023075670003891,-0.08396434783935547,0.18406081199645996,0.20230767130851746,False,False,2.217399887740612,2.94329971075058,-0.9351849555969238,1.0,1.3691496849060059,-0.8900267481803894,1.0,1168.34375,559.1448364257812,1168.34375,559.1448364257812,False,False,-0.04548114093815936,-0.6430192757706277,0.11294631485451156,False,,False,caught
288,1787621354.798831,17.564148299396038,0.06098870001733303,16.39647999901292,True,222,0.05658289976418018,0.06961119920015335,14.365504566653078,False,False,False,,12.737527847290039,2.3534834384918213,11.771618843078613,4.949834823608398,,,2.770202398300171,False,0.184075759,0.568147435688,2,-0.4180273413658142,1.0,1.0838574171066284,-0.07694870233535767,0.1840757578611374,0.19951187074184418,-0.05048885941505432,0.1840757578611374,0.19087433815002441,-0.06494534015655518,0.18406930565834045,0.1951906830072403,-0.06494534015655518,0.18406930565834045,0.1951906830072403,-0.06494522094726562,0.18406939506530762,0.19519072771072388,False,False,1.1264998465776443,1.713399775326252,-0.9866650700569153,1.0,1.404815912246704,-0.9351849555969238,1.0,1144.7930908203125,581.6226806640625,1144.7930908203125,581.6226806640625,False,False,-0.06013223083829361,-0.646038770047271,0.11292167303681669,False,,False,caught
289,1787621354.863264,17.625523099675775,0.06137480027973652,16.293332042502136,True,223,0.013612300157546997,0.06767350062727928,14.776832744439092,False,False,False,,12.672582626342773,2.537552833557129,11.588489532470703,5.147346019744873,,,2.826000452041626,False,0.184075759,0.568147435688,2,0.0034935474395751953,1.0,1.000006079673767,0.0006430773646570742,0.1840757578611374,0.18407687544822693,-0.0970764234662056,0.1840757578611374,0.20810505747795105,-0.08320048451423645,0.18407300114631653,0.20200294256210327,-0.08320048451423645,0.18407300114631653,0.20200294256210327,-0.08320045471191406,0.18407297134399414,0.20200291275978088,False,False,2.0729005336761475,2.5196000933647156,-0.9843773245811462,1.0,1.403210163116455,-0.9866650700569153,1.0,1126.18115234375,602.3218994140625,1126.18115234375,602.3218994140625,False,False,-0.07354343257901169,-0.6488109302703833,0.11297086141654003,False,,False,caught
290,1787621354.9267569,17.686903899535537,0.06138079985976219,16.291739473658176,False,,,,,False,False,False,,12.58938217163086,2.721625804901123,11.362462043762207,5.369898319244385,,,2.918677806854248,False,0.184075759,0.568147435688,2,-1.0,1.0,1.4142135381698608,-0.1840757578611374,0.1840757578611374,0.2603224217891693,-0.07694870233535767,0.1840757578611374,0.19951187074184418,-0.07964853942394257,0.1840745508670807,0.20056752860546112,-0.07964853942394257,0.1840745508670807,0.20056752860546112,-0.07964897155761719,0.18407464027404785,0.20056778192520142,False,False,2.888999879360199,2.8491001576185226,-0.9976885914802551,1.0,1.412580132484436,-0.9843773245811462,1.0,1102.21826171875,625.6453247070312,1102.21826171875,625.6453247070312,False,False,-0.08934278787521793,-0.6513316748908532,0.11290625758686401,False,,False,caught
291,1787621354.989019,17.748173899948597,0.06127000041306019,16.321201130379656,True,224,0.05010350048542023,0.10398659948259592,9.616623728208062,False,False,False,,12.509733200073242,2.905700445175171,11.152230262756348,5.586284160614014,,,3.0047202110290527,False,0.184075759,0.568147435688,2,-0.8704745769500732,1.0,1.3257925510406494,-0.160233274102211,0.1840757578611374,0.24404627084732056,0.0006430773646570742,0.1840757578611374,0.18407687544822693,-0.034031253308057785,0.184075266122818,0.18719463050365448,-0.034031253308057785,0.184075266122818,0.18719463050365448,-0.034030914306640625,0.18407535552978516,0.18719466030597687,False,False,1.7361994832754135,2.8106002137064934,-0.9911811351776123,1.0,1.4079915285110474,-0.9976885914802551,1.0,1081.0902099609375,648.3225708007812,1081.0902099609375,648.3225708007812,False,False,-0.10424368807344164,-0.6540513796715436,0.11296295703190626,False,,False,caught
292,1787621355.0502565,17.80939759965986,0.06122369971126318,16.333544113081953,True,225,0.04071850050240755,0.08655299991369247,11.553614559832287,False,False,False,,12.475702285766602,3.089775800704956,10.958751678466797,5.782723903656006,,,3.0908102989196777,False,0.184075759,0.568147435688,2,-0.579386830329895,1.0,1.1557201147079468,-0.10665106773376465,0.1840757578611374,0.21274006366729736,-0.1840757578611374,0.1840757578611374,0.2603224217891693,-0.11927850544452667,0.18407559394836426,0.21934261918067932,-0.11927850544452667,0.18407559394836426,0.21934261918067932,-0.1192789077758789,0.18407559394836426,0.21934284269809723,False,False,1.8613999709486961,2.7966005727648735,-0.9073546528816223,1.0,1.350293517112732,-0.9911811351776123,1.0,1066.4283447265625,668.9094848632812,1066.4283447265625,668.9094848632812,False,False,-0.11779995296905119,-0.6564293157098146,0.11300846307236384,False,,False,caught
293,1787621355.1094925,17.871293399482965,0.061895799823105335,16.156185118504695,True,226,0.029313200153410435,0.07020230032503605,14.244547477361975,False,False,False,,12.356423377990723,3.2738513946533203,10.740250587463379,6.006551265716553,,,3.1748485565185547,False,0.184075759,0.568147435688,2,-0.5073257684707642,1.0,1.1213293075561523,-0.09338637441396713,0.1840757578611374,0.2064095437526703,-0.160233274102211,0.1840757578611374,0.24404627084732056,-0.14254702627658844,0.18407568335533142,0.23281648755073547,-0.14254702627658844,0.18407568335533142,0.23281648755073547,-0.1425466537475586,0.18407559394836426,0.2328161895275116,False,False,2.2560004144906998,2.694600261747837,-0.8967573046684265,1.0,1.3431953191757202,-0.9073546528816223,1.0,1044.704833984375,692.3665771484375,1044.704833984375,692.3665771484375,False,False,-0.13308606834339196,-0.6591815601053304,0.1130054935649592,False,,False,caught
294,1787621355.1689966,17.932167099788785,0.06087370030581951,16.42745545245588,True,227,0.02331050019711256,0.07330649998039007,13.641355135867979,False,False,False,,12.213876724243164,3.4579269886016846,10.550905227661133,6.2206549644470215,,,3.2246146202087402,False,0.184075759,0.568147435688,2,-1.0,1.0,1.4142135381698608,-0.1840757578611374,0.1840757578611374,0.2603224217891693,-0.10665106773376465,0.1840757578611374,0.21274006366729736,-0.1221526712179184,0.18407568335533142,0.22091883420944214,-0.1221526712179184,0.18407568335533142,0.22091883420944214,-0.12215232849121094,0.18407559394836426,0.22091858088970184,False,False,1.3317996636033058,1.8250001594424248,-0.8911107182502747,1.0,1.3394321203231812,-0.8967573046684265,1.0,1025.662841796875,714.8046264648438,1025.662841796875,714.8046264648438,False,False,-0.14686912437426503,-0.662378969513058,0.11292362362722054,False,,False,caught
295,1787621355.2318537,17.99414709955454,0.061979999765753746,16.13423691157445,True,228,0.01723789982497692,0.06687690038233995,14.95284611402337,False,False,False,,12.091724395751953,3.642002582550049,10.37596321105957,6.4160356521606445,,,3.261762857437134,False,0.184075759,0.568147435688,2,-1.0,1.0,1.4142135381698608,-0.1840757578611374,0.1840757578611374,0.2603224217891693,-0.09338637441396713,0.1840757578611374,0.2064095437526703,-0.10580902546644211,0.18407568335533142,0.21231912076473236,-0.10580902546644211,0.18407568335533142,0.21231912076473236,-0.10580921173095703,0.18407559394836426,0.21231913566589355,False,False,1.531999558210373,2.6086997240781784,-0.8653809428215027,0.9861042499542236,1.3119778633117676,-0.8911107182502747,1.0,1009.3295288085938,734.40673828125,1009.3295288085938,734.40673828125,False,False,-0.15946463192659346,-0.6652184167565357,0.11289429303833955,False,,False,caught
296,1787621355.2943645,18.055609999224544,0.061462899670004845,16.269977585974853,True,229,0.009223499335348606,0.068045599386096,14.6960275024682,False,False,False,,11.985915184020996,3.826078176498413,10.17531967163086,6.6386237144470215,,,3.3449466228485107,False,0.184075759,0.568147435688,2,-1.0,1.0,1.4142135381698608,-0.1840757578611374,0.1840757578611374,0.2603224217891693,-0.1840757578611374,0.1840757578611374,0.2603224217891693,-0.15027615427970886,0.18407568335533142,0.23762740194797516,-0.15027615427970886,0.18407568335533142,0.23762740194797516,-0.15027618408203125,0.18407559394836426,0.23762735724449158,False,False,2.2286996245384216,2.7633998543024063,-0.8397649526596069,0.9315117001533508,1.254160761833191,-0.8653809428215027,0.9861042499542236,990.3576049804688,754.3012084960938,990.3576049804688,754.3012084960938,False,False,-0.1737897114524493,-0.6683968730487422,0.11290795627399514,False,,False,caught
297,1787621355.3537126,18.117028799839318,0.06141880061477423,16.281659524289882,False,,,,,False,False,False,,11.835638999938965,4.010153770446777,9.99534797668457,6.846669673919678,,,3.381196975708008,False,0.184075759,0.568147435688,2,-0.892324686050415,1.0,1.3402401208877563,-0.16425533592700958,0.1840757578611374,0.24670569598674774,-0.1840757578611374,0.1840757578611374,0.2603224217891693,-0.16947932541370392,0.18407568335533142,0.2502140998840332,-0.16947932541370392,0.18407568335533142,0.2502140998840332,-0.1694793701171875,0.18407583236694336,0.25021424889564514,False,False,2.684500068426132,2.1834997460246086,-0.8542913794517517,0.8818339109420776,1.2277804613113403,-0.8397649526596069,0.9315117001533508,971.0359497070312,772.980712890625,971.0359497070312,772.980712890625,False,False,-0.18681925860536772,-0.6715731551490951,0.11293476316463696,False,,False,caught
298,1787621355.4159505,18.1780745992437,0.061045799404382706,16.38114349810949,True,230,0.05674099922180176,0.0694853002205491,14.391533127524243,False,False,False,,11.666159629821777,4.194229602813721,9.83285140991211,7.024006366729736,,,3.371743679046631,False,0.184075759,0.568147435688,2,-0.8671181201934814,1.0,1.3235912322998047,-0.1596154272556305,0.1840757578611374,0.24364106357097626,-0.1840757578611374,0.1840757578611374,0.2603224217891693,-0.17777226865291595,0.18407578766345978,0.25590404868125916,-0.17777226865291595,0.18407578766345978,0.25590404868125916,-0.17777252197265625,0.18407583236694336,0.25590425729751587,False,False,2.0596999675035477,2.128399908542633,-0.8786014914512634,0.8358569741249084,1.2126818895339966,-0.8542913794517517,0.8818339109420776,952.9027099609375,788.6744995117188,952.9027099609375,788.6744995117188,False,False,-0.19821645173413444,-0.6740018806246175,0.11292394778685665,False,,False,caught
299,1787621355.4783645,18.239445699378848,0.06137110013514757,16.294314388985416,True,231,0.03648060001432896,0.07525820005685091,13.28758858495936,False,False,False,,11.488387107849121,4.378305435180664,9.6392240524292,7.213783264160156,,,3.385164499282837,False,0.184075759,0.568147435688,2,-1.0,1.0,1.4142135381698608,-0.1840757578611374,0.1840757578611374,0.2603224217891693,-0.16425533592700958,0.1840757578611374,0.24670569598674774,-0.17009276151657104,0.18407578766345978,0.25063008069992065,-0.17009276151657104,0.18407578766345978,0.25063008069992065,-0.17009258270263672,0.18407583236694336,0.2506299912929535,False,False,2.376699820160866,2.088400535285473,-0.9105177521705627,0.772009551525116,1.1937509775161743,-0.8786014914512634,0.8358569741249084,931.1143188476562,804.5484619140625,931.1143188476562,804.5484619140625,False,False,-0.21110044768700825,-0.6760132292168302,0.11294454194560213,False,,False,caught
300,1787621355.5381281,18.301440599374473,0.06199489999562502,16.13035911132319,True,232,0.02744149975478649,0.08132020011544228,12.297067623793332,False,False,False,,11.318294525146484,4.562381267547607,9.445470809936523,7.387291431427002,,,3.389334201812744,False,0.184075759,0.568147435688,2,-1.0,1.0,1.4142135381698608,-0.1840757578611374,0.1840757578611374,0.2603224217891693,-0.1596154272556305,0.1840757578611374,0.24364106357097626,-0.1641400158405304,0.18407578766345978,0.24662895500659943,-0.1641400158405304,0.18407578766345978,0.24662895500659943,-0.1641397476196289,0.18407583236694336,0.2466288059949875,False,False,1.4482997357845306,1.741199754178524,-0.9314919710159302,0.6973556280136108,1.1636073589324951,-0.9105177521705627,0.772009551525116,909.9853515625,818.0379028320312,909.9853515625,818.0379028320312,False,False,-0.22345237585388475,-0.6773564888346707,0.11291470153840713,False,,False,caught
301,1787621355.5985188,18.362875099293888,0.06143449991941452,16.277498820886148,True,233,0.02014969941228628,0.0710327997803688,14.078003444774367,False,False,False,,11.154154777526855,4.746457099914551,9.24170970916748,7.552498817443848,,,3.3957791328430176,False,0.184075759,0.568147435688,2,-0.35833775997161865,1.0,1.0622645616531372,-0.06596129387617111,0.1840757578611374,0.19553714990615845,-0.1840757578611374,0.1840757578611374,0.2603224217891693,-0.17546634376049042,0.18407578766345978,0.2543075680732727,-0.17546634376049042,0.18407578766345978,0.2543075680732727,-0.17546653747558594,0.18407583236694336,0.25430771708488464,False,False,1.191500574350357,1.7935996875166893,-0.9317193627357483,0.6173036694526672,1.117660403251648,-0.9314919710159302,0.6973556280136108,889.1062622070312,830.3179931640625,889.1062622070312,830.3179931640625,False,False,-0.23588125589742484,-0.6780696225435706,0.1130053834787566,False,,False,caught
302,1787621355.6628597,18.42413509916514,0.06125999987125397,16.323865525655126,True,234,0.013536299578845501,0.06872150022536516,14.551486750443484,False,False,False,,10.97868824005127,4.930532932281494,9.052261352539062,7.683797359466553,,,3.360295534133911,False,0.184075759,0.568147435688,2,-1.0,0.46032583713531494,1.1008632183074951,-0.1840757578611374,0.08473482728004456,0.20264223217964172,-0.1840757578611374,0.1840757578611374,0.2603224217891693,-0.18035784363746643,0.18407578766345978,0.2577069103717804,-0.18035784363746643,0.18407578766345978,0.2577069103717804,-0.1803579330444336,0.18407583236694336,0.25770699977874756,False,False,1.9530002027750015,2.1898001432418823,-0.9581934809684753,0.540571391582489,1.1001601219177246,-0.9317193627357483,0.6173036694526672,868.0802001953125,839.2531127929688,868.0802001953125,839.2531127929688,False,False,-0.24674447979355507,-0.6778364420399331,0.1129510558601055,False,,False,caught
303,1787621355.7242956,18.485532699152827,0.06139759998768568,16.287281590820598,True,235,0.0021905992180109024,0.06787229981273413,14.733551135869734,False,False,False,,10.798330307006836,5.1146087646484375,8.845220565795898,7.815321922302246,,,3.332940101623535,False,0.184075759,0.568147435688,2,-1.0,1.0,1.4142135381698608,-0.1840757578611374,0.1840757578611374,0.2603224217891693,-0.06596129387617111,0.1840757578611374,0.19553714990615845,-0.11536377668380737,0.18407578766345978,0.21723879873752594,-0.11536377668380737,0.18407578766345978,0.21723879873752594,-0.11536407470703125,0.18407583236694336,0.21723899245262146,False,False,1.6747992485761642,2.328699454665184,-0.981881320476532,0.47268956899642944,1.089736819267273,-0.9581934809684753,0.540571391582489,845.423828125,848.7684326171875,845.423828125,848.7684326171875,False,False,-0.2582261167157886,-0.6771040947902293,0.11297386467660747,False,,False,caught
304,1787621355.7837384,18.547038099728525,0.06150540057569742,16.258734853198064,False,,,,,False,False,False,,10.682966232299805,5.298684597015381,8.65772533416748,7.912980556488037,,,3.3069841861724854,False,0.184075759,0.568147435688,2,-1.0,1.0,1.4142135381698608,-0.1840757578611374,0.1840757578611374,0.2603224217891693,-0.1840757578611374,0.08473482728004456,0.20264223217964172,-0.15440243482589722,0.12763549387454987,0.200327068567276,-0.15440243482589722,0.12763549387454987,0.200327068567276,-0.1544027328491211,0.12763547897338867,0.20032727718353271,False,False,2.0986003801226616,2.886100672185421,-0.9137259125709534,0.43440499901771545,1.011732578277588,-0.981881320476532,0.47268956899642944,830.4117431640625,856.5958251953125,830.4117431640625,856.5958251953125,False,False,-0.2679732999913951,-0.6755870683306106,0.1129179753044014,False,,False,caught
305,1787621355.851156,18.60817499924451,0.06113689951598644,16.35673395145781,True,236,0.056811499409377575,0.07274980004876852,13.74574224712151,False,False,False,,10.528563499450684,5.4263200759887695,8.439881324768066,8.012713432312012,,,3.324458360671997,False,0.184075759,0.568147435688,2,-1.0,1.0,1.4142135381698608,-0.1840757578611374,0.1840757578611374,0.2603224217891693,-0.1840757578611374,0.1840757578611374,0.2603224217891693,-0.17126138508319855,0.1597018837928772,0.23416908085346222,-0.17126138508319855,0.1597018837928772,0.23416908085346222,-0.17126178741455078,0.15970182418823242,0.23416933417320251,False,False,2.697499468922615,3.204500302672386,-0.8820450901985168,0.38562846183776855,0.9626592397689819,-0.9137259125709534,0.43440499901771545,810.0509643554688,863.9806518554688,810.0509643554688,863.9806518554688,False,False,-0.27886917000737865,-0.6732829153721298,0.1129202051183461,False,,False,caught
306,1787621355.9051206,18.669446099549532,0.06127110030502081,16.320908144651938,True,237,0.03549970034509897,0.06839190050959587,14.621614438974289,False,False,False,,10.357301712036133,5.586021900177002,8.247620582580566,8.099924087524414,,,3.2818377017974854,False,0.184075759,0.568147435688,2,-1.0,1.0,1.4142135381698608,-0.1840757578611374,0.1840757578611374,0.2603224217891693,-0.1840757578611374,0.1840757578611374,0.2603224217891693,-0.17854201793670654,0.1735498160123825,0.24899154901504517,-0.17854201793670654,0.1735498160123825,0.24899154901504517,-0.1785421371459961,0.17354965209960938,0.24899151921272278,False,False,1.3176007196307182,1.547900028526783,-0.8730363845825195,0.34403151273727417,0.9383763670921326,-0.8820450901985168,0.38562846183776855,790.9169921875,870.5047607421875,790.9169921875,870.5047607421875,False,False,-0.28843060071847176,-0.6712239464576043,0.11290954750664164,False,,False,caught
307,1787621355.9694817,18.730752899311483,0.06130679976195097,16.311404344753175,True,238,0.016675999388098717,0.08220569975674152,12.164606626537378,False,False,False,,10.178759574890137,5.759571552276611,8.054461479187012,8.178583145141602,,,3.2193570137023926,False,0.184075759,0.568147435688,2,-1.0,1.0,1.4142135381698608,-0.1840757578611374,0.1840757578611374,0.2603224217891693,-0.1840757578611374,0.1840757578611374,0.2603224217891693,-0.18168604373931885,0.17953002452850342,0.2554228603839874,-0.18168604373931885,0.17953002452850342,0.2554228603839874,-0.1816864013671875,0.17953014373779297,0.2554232180118561,False,False,1.4128992334008217,2.4407003074884415,-0.870069682598114,0.29705747961997986,0.919382631778717,-0.8730363845825195,0.34403151273727417,771.3197631835938,875.79443359375,771.3197631835938,875.79443359375,False,False,-0.29775513687330396,-0.668805189639488,0.11289691157053135,False,,False,caught
308,1787621356.0308766,18.792144899256527,0.06139199994504452,16.288767280674307,True,239,0.012072199955582619,0.080133399926126,12.479190960596801,False,False,False,,9.99707317352295,5.939101696014404,7.87688684463501,8.24262809753418,,,3.1307225227355957,False,0.184075759,0.568147435688,2,-1.0,1.0,1.4142135381698608,-0.1840757578611374,0.1840757578611374,0.2603224217891693,-0.1840757578611374,0.1840757578611374,0.2603224217891693,-0.18304391205310822,0.18211272358894348,0.2582055628299713,-0.18304391205310822,0.18211272358894348,0.2582055628299713,-0.1830434799194336,0.1821126937866211,0.25820523500442505,False,False,1.9135000184178352,2.3231003433465958,-0.8701691031455994,0.2579771876335144,0.9076048135757446,-0.870069682598114,0.29705747961997986,753.1300048828125,880.0490112304688,753.1300048828125,880.0490112304688,False,False,-0.3060715994387026,-0.6662590979311169,0.11292319950382168,False,,False,caught
309,1787621356.0903306,18.85358399990946,0.06143910065293312,16.276279915765006,False,,,,,False,False,False,,9.814029693603516,6.121214389801025,7.6831512451171875,8.303897857666016,,,3.0503687858581543,False,0.184075759,0.568147435688,2,-1.0,1.0,1.4142135381698608,-0.1840757578611374,0.1840757578611374,0.2603224217891693,-0.1840757578611374,0.1840757578611374,0.2603224217891693,-0.18362995982170105,0.183228000998497,0.2594079077243805,-0.18362995982170105,0.183228000998497,0.2594079077243805,-0.18362998962402344,0.1832280158996582,0.2594079375267029,False,False,1.7021000385284424,2.0758006721735,-0.8595125079154968,0.2177208811044693,0.8866589665412903,-0.8701691031455994,0.2579771876335144,733.9462280273438,883.9387817382812,733.9462280273438,883.9387817382812,False,False,-0.314880697739038,-0.6631468790752769,0.11295660876455552,False,,False,caught
310,1787621356.1556802,18.91483849938959,0.06125449948012829,16.32533133871108,True,240,0.05656129959970713,0.06599610019475222,15.152410476513529,False,False,False,,9.630399703979492,6.304442405700684,7.4920454025268555,8.356689453125,,,2.9638280868530273,False,0.184075759,0.568147435688,2,-1.0,0.8471002578735352,1.310564398765564,-0.1840757578611374,0.15593062341213226,0.2412431240081787,-0.1840757578611374,0.1840757578611374,0.2603224217891693,-0.18388324975967407,0.18370965123176575,0.2599274516105652,-0.18388324975967407,0.18370965123176575,0.2599274516105652,-0.1838836669921875,0.18370962142944336,0.25992774963378906,False,False,2.493400126695633,3.093799576163292,-0.8442114591598511,0.17956501245498657,0.863097071647644,-0.8595125079154968,0.2177208811044693,715.3170776367188,887.0721435546875,715.3170776367188,887.0721435546875,False,False,-0.32333491718813423,-0.6597812367116171,0.11302248013137209,False,,False,caught
311,1787621356.2173026,18.9761621998623,0.06132370047271252,16.30690894860421,True,241,0.0450592003762722,0.07851209957152605,12.736890306811635,False,False,False,,9.446516036987305,6.488152027130127,7.318619251251221,8.393353462219238,,,2.856175184249878,False,0.184075759,0.568147435688,2,-1.0,1.0,1.4142135381698608,-0.1840757578611374,0.1840757578611374,0.2603224217891693,-0.1840757578611374,0.1840757578611374,0.2603224217891693,-0.18399280309677124,0.18391764163970947,0.2601519823074341,-0.18399280309677124,0.18391764163970947,0.2601519823074341,-0.1839923858642578,0.18391752243041992,0.26015159487724304,False,False,2.4434998631477356,2.6743998751044273,-0.8312557339668274,0.14583967626094818,0.8439521789550781,-0.8442114591598511,0.17956501245498657,698.354248046875,888.7938232421875,698.354248046875,888.7938232421875,False,False,-0.33067755487590217,-0.65628771961611,0.11300216901270527,False,,False,caught
312,1787621356.2766206,19.03780009970069,0.061637899838387966,16.223784434933034,True,242,0.04002679977566004,0.07252109982073307,13.789090381584503,False,False,False,,9.262523651123047,6.672069549560547,7.1305341720581055,8.430537223815918,,,2.7636184692382812,False,0.184075759,0.568147435688,2,-1.0,0.6591997146606445,1.19772469997406,-0.1840757578611374,0.12134268879890442,0.2204720675945282,-0.1840757578611374,0.15593062341213226,0.2412431240081787,-0.18403975665569305,0.16801683604717255,0.2491993010044098,-0.18403975665569305,0.16801683604717255,0.2491993010044098,-0.18404006958007812,0.16801691055297852,0.24919956922531128,False,False,1.5326999127864838,2.6980992406606674,-0.817141592502594,0.10855148732662201,0.8243201971054077,-0.8312557339668274,0.14583967626094818,679.9615478515625,890.3460693359375,679.9615478515625,890.3460693359375,False,False,-0.33855259922574565,-0.6524047299356894,0.1130360329020087,False,,False,caught
313,1787621356.3410826,19.100011599250138,0.06221149954944849,16.074198616690715,True,243,0.03131090011447668,0.06667069997638464,14.999092560213242,False,False,False,,9.078483581542969,6.840086460113525,6.946946620941162,8.456531524658203,,,2.6751344203948975,False,0.184075759,0.568147435688,2,-1.0,-0.05258762836456299,1.001381754875183,-0.1840757578611374,-0.009680107235908508,0.18433010578155518,-0.1840757578611374,0.1840757578611374,0.2603224217891693,-0.18406035006046295,0.1771407127380371,0.25545457005500793,-0.18406035006046295,0.1771407127380371,0.25545457005500793,-0.18406009674072266,0.1771407127380371,0.2554543912410736,False,False,2.4643000215291977,2.679400146007538,-0.794547438621521,0.057729605585336685,0.7966419458389282,-0.817141592502594,0.10855148732662201,662.5503540039062,889.87451171875,662.5503540039062,889.87451171875,False,False,-0.3459394867587984,-0.648213950005253,0.11294671512808624,False,,False,caught
314,1787621356.3992758,19.16054159961641,0.06053000036627054,16.520733420600397,True,244,0.016609800048172474,0.07092180009931326,14.100036922352215,False,False,False,,8.894423484802246,7.0172271728515625,6.7836594581604,8.474442481994629,,,2.5649173259735107,False,0.184075759,0.568147435688,2,-1.0,1.0,1.4142135381698608,-0.1840757578611374,0.1840757578611374,0.2603224217891693,-0.1840757578611374,0.12134268879890442,0.2204720675945282,-0.18406899273395538,0.14543920755386353,0.23459316790103912,-0.18406899273395538,0.14543920755386353,0.23459316790103912,-0.1840686798095703,0.14543914794921875,0.23459289968013763,False,False,1.9923001527786255,2.555600367486477,-0.7720916271209717,0.006058547645807266,0.7721154093742371,-0.794547438621521,0.057729605585336685,647.2094116210938,888.5025634765625,647.2094116210938,888.5025634765625,False,False,-0.3523545648397066,-0.6442866781748142,0.1129219578720026,False,,False,caught
315,1787621356.460866,19.222114199772477,0.0615726001560688,16.240990269458948,True,245,0.006551800295710564,0.07523270044475794,13.292092322729829,False,False,False,,8.710354804992676,7.162666320800781,6.608034133911133,8.47970962524414,,,2.480797290802002,False,0.184075759,0.568147435688,2,-1.0,0.6278557777404785,1.1807637214660645,-0.1840757578611374,0.11557302623987198,0.21734997630119324,-0.1840757578611374,-0.009680107235908508,0.18433010578155518,-0.18407270312309265,0.057308539748191833,0.1927875131368637,-0.18407270312309265,0.057308539748191833,0.1927875131368637,-0.18407249450683594,0.05730867385864258,0.19278736412525177,False,False,1.8488001078367233,2.6593999937176704,-0.7439063191413879,-0.047578778117895126,0.7454262375831604,-0.7720916271209717,0.006058547645807266,630.9570922851562,885.6818237304688,630.9570922851562,885.6818237304688,False,False,-0.35885986764190164,-0.6395142056682491,0.11292147875595449,False,,False,caught
316,1787621356.5227594,19.283553199842572,0.06143900007009506,16.276306561941297,False,,,,,False,False,False,,8.52628231048584,7.219974994659424,6.4609808921813965,8.476408958435059,,,2.41745662689209,False,0.184075759,0.568147435688,2,-1.0,-0.4370739459991455,1.0913448333740234,-0.1840757578611374,-0.08045471459627151,0.20089012384414673,-0.1840757578611374,0.1840757578611374,0.2603224217891693,-0.18407434225082397,0.1293310672044754,0.2249664068222046,-0.18407434225082397,0.1293310672044754,0.2249664068222046,-0.18407440185546875,0.12933111190795898,0.22496649622917175,False,False,2.1768994629383087,3.178199753165245,-0.708343505859375,-0.08971957862377167,0.7140029072761536,-0.7439063191413879,-0.047578778117895126,618.0838623046875,882.68603515625,618.0838623046875,882.68603515625,False,False,-0.3640887909746865,-0.6352176149683804,0.11294752742779332,False,,False,caught
317,1787621356.5861878,19.345378099940717,0.06182490009814501,16.174712751861026,True,246,0.05954920034855604,0.07163510005921125,13.959637093735227,False,False,False,,8.342207908630371,7.349306106567383,6.293262004852295,8.458770751953125,,,2.33004093170166,False,0.184075759,0.568147435688,2,-1.0,1.0,1.4142135381698608,-0.1840757578611374,0.1840757578611374,0.2603224217891693,-0.1840757578611374,0.11557302623987198,0.21734997630119324,-0.18407517671585083,0.12151449173688889,0.22056619822978973,-0.18407517671585083,0.12151449173688889,0.22056619822978973,-0.18407535552978516,0.12151432037353516,0.22056624293327332,False,False,2.37909983843565,2.8718002140522003,-0.6912289261817932,-0.13944803178310394,0.7051547169685364,-0.708343505859375,-0.08971957862377167,601.9609375,877.7107543945312,601.9609375,877.7107543945312,False,False,-0.36966756701287945,-0.6297718706092745,0.11287735211322365,False,,False,caught
318,1787621356.6475606,19.40666879992932,0.06129069998860359,16.315689006422513,True,247,0.04889590013772249,0.07055689953267574,14.17295837293542,False,False,False,,8.158132553100586,7.470820426940918,6.144354343414307,8.43433952331543,,,2.2324137687683105,False,0.184075759,0.568147435688,2,-1.0,1.0,1.4142135381698608,-0.1840757578611374,0.1840757578611374,0.2603224217891693,-0.1840757578611374,-0.08045471459627151,0.20089012384414673,-0.18407559394836426,0.006766133010387421,0.18419989943504333,-0.18407559394836426,0.006766133010387421,0.18419989943504333,-0.18407535552978516,0.006766319274902344,0.18419967591762543,False,False,2.9174992814660072,2.740800380706787,-0.6702438592910767,-0.18058857321739197,0.6941462755203247,-0.6912289261817932,-0.13944803178310394,588.0020751953125,872.5632934570312,588.0020751953125,872.5632934570312,False,False,-0.3743773106762788,-0.6245931109387989,0.1129848940248539,False,,False,caught
319,1787621356.7026882,19.468024499714375,0.06135569978505373,16.298404280340396,True,248,0.04123719967901707,0.07165569998323917,13.955623910364531,False,False,False,,7.974057197570801,7.47758674621582,5.992532253265381,8.397216796875,,,2.184527635574341,False,0.184075759,0.568147435688,2,-1.0,1.0,1.4142135381698608,-0.1840757578611374,0.1840757578611374,0.2603224217891693,-0.1840757578611374,0.1840757578611374,0.2603224217891693,-0.18407559394836426,0.1075042188167572,0.2131689041852951,-0.18407559394836426,0.1075042188167572,0.2131689041852951,-0.18407535552978516,0.10750436782836914,0.21316877007484436,False,False,1.1440999805927277,1.5966994687914848,-0.6512914299964905,-0.22400769591331482,0.6887379884719849,-0.6702438592910767,-0.18058857321739197,573.6199951171875,865.9427490234375,573.6199951171875,865.9427490234375,False,False,-0.37884404006853756,-0.6188312029643072,0.1129737916752038,False,,False,caught
320,1787621356.7673373,19.529660999774933,0.06163650006055832,16.224152880476545,True,249,0.016441100277006626,0.06901360023766756,14.489897593463049,False,False,False,,7.789981842041016,7.5850911140441895,5.859594821929932,8.356121063232422,,,2.0786728858947754,False,0.184075759,0.568147435688,2,-1.0,0.9353052377700806,1.3692318201065063,-0.1840757578611374,0.17216701805591583,0.25204238295555115,-0.1840757578611374,0.1840757578611374,0.2603224217891693,-0.18407559394836426,0.15100820362567902,0.23809096217155457,-0.18407559394836426,0.15100820362567902,0.23809096217155457,-0.18407535552978516,0.15100812911987305,0.23809072375297546,False,False,2.1762996912002563,2.272500656545162,-0.6465135216712952,-0.25979357957839966,0.696758508682251,-0.6512914299964905,-0.22400769591331482,560.3007202148438,859.3856201171875,560.3007202148438,859.3856201171875,False,False,-0.3825202844587917,-0.6134467101639947,0.11294121309757614,False,,False,caught
321,1787621356.830099,19.591375599615276,0.061714599840343,16.2036212271816,True,250,0.008047799579799175,0.08642780035734177,11.570351158602097,False,False,False,,7.6059064865112305,7.7360992431640625,5.711814880371094,8.300122261047363,,,1.976285696029663,False,0.184075759,0.568147435688,2,-1.0,1.0,1.4142135381698608,-0.1840757578611374,0.1840757578611374,0.2603224217891693,-0.1840757578611374,0.1840757578611374,0.2603224217891693,-0.18407559394836426,0.169795423746109,0.2504282593727112,-0.18407559394836426,0.169795423746109,0.2504282593727112,-0.18407535552978516,0.16979551315307617,0.25042814016342163,False,False,2.064099535346031,2.7891993522644043,-0.6657502055168152,-0.3335948586463928,0.7446535229682922,-0.6465135216712952,-0.25979357957839966,543.9861450195312,848.8763427734375,543.9861450195312,848.8763427734375,False,False,-0.38632628189164175,-0.6070521697531599,0.11292418802935285,False,,False,caught
322,1787621356.892629,19.65289399959147,0.061518399976193905,16.255299233838578,True,251,0.00254760030657053,0.07011059951037169,14.263178563350706,False,False,False,,7.421831130981445,7.905894756317139,5.5718994140625,8.237147331237793,,,1.8793551921844482,False,0.184075759,0.568147435688,2,-1.0,0.5179540514945984,1.1261777877807617,-0.1840757578611374,0.09534278512001038,0.2073020190000534,-0.1840757578611374,0.17216701805591583,0.25204238295555115,-0.18407559394836426,0.17114287614822388,0.25134381651878357,-0.18407559394836426,0.17114287614822388,0.25134381651878357,-0.18407535552978516,0.1711430549621582,0.2513437569141388,False,False,2.04590056091547,3.2426007091999054,-0.6753542423248291,-0.44684308767318726,0.8097975850105286,-0.6657502055168152,-0.3335948586463928,529.0687255859375,835.1555786132812,529.0687255859375,835.1555786132812,False,False,-0.38965978172942545,-0.6006017851733103,0.11299584314381034,False,,False,caught
323,1787621356.953045,19.71426499914378,0.06137099955230951,16.29434109424356,False,,,,,False,False,False,,7.23775577545166,8.077037811279297,5.434536457061768,8.162276268005371,,,1.8052328824996948,False,0.184075759,0.568147435688,2,-1.0,0.9928137063980103,1.409141182899475,-0.1840757578611374,0.18275293707847595,0.2593887448310852,-0.1840757578611374,0.1840757578611374,0.2603224217891693,-0.18407559394836426,0.17849072813987732,0.25640350580215454,-0.18407559394836426,0.17849072813987732,0.25640350580215454,-0.18407535552978516,0.17849063873291016,0.25640326738357544,False,False,2.4003004655241966,2.918899990618229,-0.6738119721412659,-0.6302122473716736,0.9225996136665344,-0.6753542423248291,-0.44684308767318726,515.0975341796875,815.7787475585938,515.0975341796875,815.7787475585938,False,False,-0.39258011878503046,-0.5937478390657831,0.11293464562126816,False,,False,caught
324,1787621357.016451,19.77553359977901,0.06126860063523054,16.321574013965353,True,252,0.04923600051552057,0.06701389979571104,14.922277364076058,False,False,False,,7.053680419921875,8.255528450012207,5.284062385559082,8.049798011779785,,,1.7815366983413696,False,0.184075759,0.568147435688,2,-1.0,-1.0,1.4142135381698608,-0.1840757578611374,-0.1840757578611374,0.2603224217891693,-0.1840757578611374,0.09534278512001038,0.2073020190000534,-0.18407559394836426,0.13125039637088776,0.22607629001140594,-0.18407559394836426,0.13125039637088776,0.22607629001140594,-0.18407535552978516,0.13125038146972656,0.22607609629631042,False,False,2.5808997452259064,3.1372997909784317,-0.6588321924209595,-0.9059092998504639,1.120147943496704,-0.6738119721412659,-0.6302122473716736,500.60931396484375,786.6552124023438,500.60931396484375,786.6552124023438,False,False,-0.3949579462330186,-0.5850176153503845,0.11297895945944023,False,,False,caught
325,1787621357.0766659,19.83687139954418,0.06133779976516962,16.303160593116765,True,253,0.037938499823212624,0.07634290028363466,13.09879499317851,False,False,False,,6.86960506439209,8.386778831481934,5.1369524002075195,7.885081768035889,,,1.8038251399993896,False,0.184075759,0.568147435688,2,-1.0,-1.0,1.4142135381698608,-0.1840757578611374,-0.1840757578611374,0.2603224217891693,-0.1840757578611374,0.18275293707847595,0.2593887448310852,-0.18407559394836426,0.16051143407821655,0.24422888457775116,-0.18407559394836426,0.16051143407821655,0.24422888457775116,-0.18407535552978516,0.16051101684570312,0.24422842264175415,False,False,1.5783999115228653,2.9224995523691177,-0.5977361798286438,-1.0,1.1650272607803345,-0.6588321924209595,-0.9059092998504639,489.29901123046875,763.4765625,489.29901123046875,763.4765625,False,False,-0.3958068291957926,-0.5742760171657431,0.11286576318431445,False,,False,caught
326,1787621357.1328197,19.898173899389803,0.06130249984562397,16.312548468957488,True,254,0.031590099446475506,0.07224749960005283,13.84130946449071,False,False,False,,6.685529708862305,8.547289848327637,5.0074462890625,7.691499710083008,,,1.8837040662765503,False,0.184075759,0.568147435688,2,-1.0,0.05736672878265381,1.0016441345214844,-0.1840757578611374,0.010559824295341969,0.18437840044498444,-0.1840757578611374,-0.1840757578611374,0.2603224217891693,-0.18407559394836426,-0.03526507318019867,0.18742318451404572,-0.18407559394836426,-0.03526507318019867,0.18742318451404572,-0.18407535552978516,-0.03526496887207031,0.18742293119430542,False,False,1.2475000694394112,1.6932003200054169,-0.48172467947006226,-1.0,1.1099814176559448,-0.5977361798286438,-1.0,483.16534423828125,743.1891479492188,483.16534423828125,743.1891479492188,False,False,-0.39524273998768406,-0.5628461135481283,0.11280099873054458,False,,False,caught
327,1787621357.1982853,19.95955039933324,0.06137649994343519,16.29288084073878,True,255,0.013758399523794651,0.0676528001204133,14.781354182238257,False,False,False,,6.5014543533325195,8.512024879455566,4.880825519561768,7.465877056121826,,,1.928954005241394,False,0.184075759,0.568147435688,2,-1.0,-1.0,1.4142135381698608,-0.1840757578611374,-0.1840757578611374,0.2603224217891693,-0.1840757578611374,-0.1840757578611374,0.2603224217891693,-0.18407559394836426,-0.11981143802404404,0.21963289380073547,-0.18407559394836426,-0.11981143802404404,0.21963289380073547,-0.18407535552978516,-0.1198110580444336,0.21963247656822205,False,False,2.1593002602458,2.3691998794674873,-0.3358340263366699,-1.0,1.054885983467102,-0.48172467947006226,-1.0,479.16290283203125,719.5439453125,479.16290283203125,719.5439453125,False,False,-0.3937058946744098,-0.5501737502598224,0.11289756720728308,False,,False,caught
328,1787621357.2585907,20.020886999554932,0.061336600221693516,16.303479429665554,False,,,,,False,False,False,,6.317378997802734,8.392213821411133,4.789412021636963,7.247477054595947,,,1.9092159271240234,False,0.184075759,0.568147435688,2,-1.0,-1.0,1.4142135381698608,-0.1840757578611374,-0.1840757578611374,0.2603224217891693,-0.1840757578611374,0.010559824295341969,0.18437840044498444,-0.18407559394836426,-0.04574117809534073,0.18967361748218536,-0.18407559394836426,-0.04574117809534073,0.18967361748218536,-0.18407535552978516,-0.04574108123779297,0.18967334926128387,False,False,2.2098999470472336,2.218799665570259,-0.21848592162132263,-1.0,1.0235897302627563,-0.3358340263366699,-1.0,477.01202392578125,696.6556396484375,477.01202392578125,696.6556396484375,False,False,-0.3910877043030989,-0.5387458825730733,0.11285353003359841,False,,False,caught
329,1787621357.32111,20.082146199420094,0.06125919986516237,16.32407870493085,True,256,0.05370349995791912,0.079207600094378,12.625051116413992,False,False,False,,6.133303642272949,8.34647274017334,4.733577728271484,7.050426006317139,,,1.9076083898544312,False,0.184075759,0.568147435688,2,-1.0,-1.0,1.4142135381698608,-0.1840757578611374,-0.1840757578611374,0.2603224217891693,-0.1840757578611374,-0.1840757578611374,0.2603224217891693,-0.18407559394836426,-0.12433557212352753,0.22213320434093475,-0.18407559394836426,-0.12433557212352753,0.22213320434093475,-0.18407535552978516,-0.12433528900146484,0.2221328318119049,False,False,2.4859998375177383,3.2847998663783073,-0.10827615857124329,-1.0,1.0058448314666748,-0.21848592162132263,-1.0,478.0658874511719,676.004638671875,478.0658874511719,676.004638671875,False,False,-0.38775366309315956,-0.5291522073159425,0.11288674109820279,False,,False,caught
330,1787621357.372324,20.132486899383366,0.05034069996327162,19.864642341675744,True,257,0.032980299554765224,0.0829642005264759,12.0533916274029,False,False,False,,5.949228286743164,8.222137451171875,4.697322368621826,6.851987361907959,,,1.8559578657150269,False,0.184075759,0.568147435688,2,-1.0,-1.0,1.4142135381698608,-0.1840757578611374,-0.1840757578611374,0.2603224217891693,-0.1840757578611374,-0.1840757578611374,0.2603224217891693,-0.18407559394836426,-0.15827667713165283,0.24276599287986755,-0.18407559394836426,-0.15827667713165283,0.24276599287986755,-0.18407535552978516,-0.15827655792236328,0.24276573956012726,False,False,2.3997994139790535,2.6044994592666626,-0.038186684250831604,-1.0,1.0007288455963135,-0.10827615857124329,-1.0,478.6596374511719,655.2083129882812,478.6596374511719,655.2083129882812,False,False,-0.38366141433865003,-0.5200223253025067,0.11283165265549983,False,,False,caught
331,1787621357.4292662,20.190521999262273,0.058035099878907204,17.230951649717912,True,258,0.017608599737286568,0.0708155995234847,14.121182433375688,False,False,False,,5.765152931213379,8.063860893249512,4.680423259735107,6.661931991577148,,,1.772580862045288,False,0.184075759,0.568147435688,2,-1.0,-1.0,1.4142135381698608,-0.1840757578611374,-0.1840757578611374,0.2603224217891693,-0.1840757578611374,-0.1840757578611374,0.2603224217891693,-0.18407559394836426,-0.17293430864810944,0.25256702303886414,-0.18407559394836426,-0.17293430864810944,0.25256702303886414,-0.18407535552978516,-0.17293453216552734,0.25256699323654175,False,False,1.5877000987529755,2.743200398981571,-0.01650255173444748,-1.0,1.000136137008667,-0.038186684250831604,-1.0,478.26141357421875,635.2904663085938,478.26141357421875,635.2904663085938,False,False,-0.3790818682843505,-0.5117511600843221,0.11282478042775043,False,,False,caught
332,1787621357.4886446,20.251965699717402,0.06144370045512915,16.275061439866825,True,259,0.009243200533092022,0.07334230002015829,13.634696481091373,False,False,False,,5.581077575683594,7.890926361083984,4.673190593719482,6.43536376953125,,,1.7154943943023682,False,0.184075759,0.568147435688,2,-0.8972387313842773,-1.0,1.3435167074203491,-0.1651598960161209,-0.1840757578611374,0.2473088651895523,-0.1840757578611374,-0.1840757578611374,0.2603224217891693,-0.18407559394836426,-0.1792643964290619,0.2569426894187927,-0.18407559394836426,-0.1792643964290619,0.2569426894187927,-0.18407535552978516,-0.17926454544067383,0.25694262981414795,False,False,1.4406004920601845,2.0372001454234123,-0.02633613348007202,-1.0,1.0003466606140137,-0.01650255173444748,-1.0,476.9165954589844,611.546142578125,476.9165954589844,611.546142578125,False,False,-0.3731329471412637,-0.5022193440400644,0.11287547049084878,False,,False,caught
333,1787621357.55103,20.313316899351776,0.06135119963437319,16.299599778970432,False,,,,,False,False,False,,5.397002220153809,7.7116618156433105,4.668676853179932,6.241189956665039,,,1.6409586668014526,False,0.184075759,0.568147435688,2,-1.0,-1.0,1.4142135381698608,-0.1840757578611374,-0.1840757578611374,0.2603224217891693,-0.1840757578611374,-0.1840757578611374,0.2603224217891693,-0.18407559394836426,-0.18199801445007324,0.2588573098182678,-0.18407559394836426,-0.18199801445007324,0.2588573098182678,-0.18407535552978516,-0.18199777603149414,0.25885698199272156,False,False,2.0363004878163338,2.3802006617188454,-0.10063206404447556,-1.0,1.0050506591796875,-0.02633613348007202,-1.0,471.88970947265625,591.1967163085938,471.88970947265625,591.1967163085938,False,False,-0.36795490229284733,-0.4940685980381026,0.11291113022054919,False,,False,caught
334,1787621357.6163564,20.37448180001229,0.06116490066051483,16.349245877964005,True,260,0.05575350020080805,0.06980730034410954,14.325149304880428,False,False,False,,5.212926864624023,7.529664039611816,4.655383110046387,6.013020992279053,,,1.6158778667449951,False,0.184075759,0.568147435688,2,-1.0,-0.06341111660003662,1.0020084381103516,-0.1840757578611374,-0.011672449298202991,0.18444547057151794,-0.1651598960161209,-0.1840757578611374,0.2473088651895523,-0.17332857847213745,-0.1831783801317215,0.2521846890449524,-0.17332857847213745,-0.1831783801317215,0.2521846890449524,-0.17332839965820312,-0.18317842483520508,0.25218459963798523,False,False,2.1347999572753906,2.761700190603733,-0.15871548652648926,-1.0,1.012516975402832,-0.10063206404447556,-1.0,466.95977783203125,567.2846069335938,466.95977783203125,567.2846069335938,False,False,-0.36214135448469786,-0.48423234211256194,0.11283519520636315,False,,False,caught
335,1787621357.6738784,20.43571819923818,0.061236399225890636,16.330156779976083,True,261,0.037694199942052364,0.07636670023202896,13.094712708047453,False,False,False,,5.03959846496582,7.346485614776611,4.62384557723999,5.795701503753662,,,1.6055471897125244,False,0.184075759,0.568147435688,2,-0.47477269172668457,-1.0,1.1069819927215576,-0.08739414066076279,-0.1840757578611374,0.2037685513496399,-0.1840757578611374,-0.1840757578611374,0.2603224217891693,-0.17943447828292847,-0.18368825316429138,0.2567841410636902,-0.17943447828292847,-0.18368825316429138,0.2567841410636902,-0.17943429946899414,-0.18368816375732422,0.25678396224975586,False,False,2.341900020837784,1.8748994916677475,-0.1142641082406044,-1.0,1.0065069198608398,-0.15871548652648926,-1.0,466.4613952636719,544.509521484375,466.4613952636719,544.509521484375,False,False,-0.35727698948610104,-0.4742991465576413,0.11285053513568566,False,,False,caught
336,1787621357.7378664,20.497925099916756,0.06220690067857504,16.07538696015464,True,262,0.02914960030466318,0.07893859967589378,12.668073719394586,False,False,False,,4.860164165496826,7.162797451019287,4.589013576507568,5.596591472625732,,,1.5895042419433594,False,0.184075759,0.568147435688,2,-1.0,-1.0,1.4142135381698608,-0.1840757578611374,-0.1840757578611374,0.2603224217891693,-0.1840757578611374,-0.011672449298202991,0.18444547057151794,-0.18207132816314697,-0.08595787733793259,0.20134229958057404,-0.18207132816314697,-0.08595787733793259,0.20134229958057404,-0.18207120895385742,-0.08595800399780273,0.20134225487709045,False,False,2.2004004567861557,2.245199866592884,-0.04588962718844414,-1.0,1.0010523796081543,-0.1142641082406044,-1.0,467.09552001953125,523.6427612304688,467.09552001953125,523.6427612304688,False,False,-0.3530238941668734,-0.4650012672362613,0.11280582039200558,False,,False,caught
337,1787621357.795276,20.559582700021565,0.06165760010480881,16.218600761303517,True,263,0.023407400585711002,0.07074469979852438,14.135334560015455,False,False,False,,4.678092956542969,7.076839447021484,4.568551063537598,5.36991024017334,,,1.7104405164718628,False,0.184075759,0.568147435688,2,-0.9206071496009827,-0.6139299273490906,1.1065385341644287,-0.1694614589214325,-0.11300961673259735,0.20368692278862,-0.08739414066076279,-0.1840757578611374,0.2037685513496399,-0.1282806694507599,-0.14170335233211517,0.19114331901073456,-0.1282806694507599,-0.14170335233211517,0.19114331901073456,-0.1282806396484375,-0.14170312881469727,0.19114314019680023,False,False,1.528399996459484,2.0142002031207085,0.09786004573106766,-1.0,1.0047768354415894,-0.04588962718844414,-1.0,473.8321228027344,499.8866271972656,473.8321228027344,499.8866271972656,False,False,-0.34745743063345963,-0.4549192225775599,0.1128502085361805,False,,False,caught
338,1787621357.8601987,20.62146579939872,0.061883099377155304,16.159500898708362,True,264,0.014737499877810478,0.06739899981766939,14.837015426122672,False,False,False,,4.549812316894531,6.935136318206787,4.57051420211792,5.1512227058410645,,,1.7840337753295898,False,0.184075759,0.568147435688,2,-0.2463390827178955,-1.0,1.0298945903778076,-0.04534505307674408,-0.1840757578611374,0.18957863748073578,-0.1840757578611374,-0.1840757578611374,0.2603224217891693,-0.15998049080371857,-0.1657770276069641,0.2303818166255951,-0.15998049080371857,-0.1657770276069641,0.2303818166255951,-0.15998029708862305,-0.16577720642089844,0.2303818166255951,False,False,2.117999829351902,2.709600143134594,0.2787363529205322,-1.0,1.0381203889846802,0.09786004573106766,-1.0,485.14617919921875,476.9681701660156,485.14617919921875,476.9681701660156,False,False,-0.34126465014028073,-0.44576655781025676,0.11280149609123197,False,,False,caught
339,1787621357.9205391,20.68279160000384,0.061325800605118275,16.30635051043328,True,265,0.0008064005523920059,0.07055320031940937,14.173701483033893,False,False,False,,4.389832019805908,6.769359111785889,4.608070373535156,4.923530578613281,,,1.8586852550506592,False,0.184075759,0.568147435688,2,-0.2610281705856323,-0.9884699583053589,1.0223544836044312,-0.0480489581823349,-0.18195335566997528,0.18819066882133484,-0.1694614589214325,-0.11300961673259735,0.20368692278862,-0.165366992354393,-0.1357974410057068,0.21397940814495087,-0.165366992354393,-0.1357974410057068,0.21397940814495087,-0.16536712646484375,-0.13579750061035156,0.2139795571565628,False,False,1.3783005997538567,2.1255994215607643,0.4667884409427643,-1.0,1.103581190109253,0.2787363529205322,-1.0,500.5458984375,453.10601806640625,500.5458984375,453.10601806640625,False,False,-0.3334742249112289,-0.43719839999554405,0.11273845516902847,False,,False,caught
340,1787621357.9830184,20.74423989932984,0.0614482993260026,16.27384339303981,False,,,,,False,False,False,,4.2244648933410645,6.633561611175537,4.679266929626465,4.725364685058594,,,1.961647391319275,False,0.184075759,0.568147435688,2,-0.84425950050354,0.9519480466842651,1.2723912000656128,-0.15540771186351776,0.17523056268692017,0.2342163622379303,-0.04534505307674408,-0.1840757578611374,0.18957863748073578,-0.09717689454555511,-0.1632266640663147,0.1899639368057251,-0.09717689454555511,-0.1632266640663147,0.1899639368057251,-0.09717702865600586,-0.16322660446166992,0.1899639368057251,False,False,2.92309932410717,3.365500830113888,0.6704620122909546,-1.0,1.2039598226547241,0.4667884409427643,-1.0,520.35009765625,432.3382263183594,520.35009765625,432.3382263183594,False,False,-0.3252338549629952,-0.43079527225118,0.11277233636612438,False,,False,caught
341,1787621358.0475526,20.805616999976337,0.06137710064649582,16.292721380886743,True,266,0.05525360070168972,0.07526209950447083,13.28690013411859,False,False,False,,4.127287864685059,6.470335006713867,4.803200721740723,4.498619079589844,,,2.0843517780303955,False,0.184075759,0.568147435688,2,0.28089073300361633,-0.26892638206481934,0.3888714611530304,0.05170517414808273,-0.04950282722711563,0.07158181071281433,-0.0480489581823349,-0.18195335566997528,0.18819066882133484,-0.06926504522562027,-0.1738661527633667,0.18715524673461914,-0.06926504522562027,-0.1738661527633667,0.18715524673461914,-0.06926488876342773,-0.17386627197265625,0.18715529143810272,False,False,2.865300513803959,3.1171003356575966,0.8624612092971802,-1.0,1.3205450773239136,0.6704620122909546,-1.0,544.8373413085938,408.5752868652344,544.8373413085938,408.5752868652344,False,False,-0.3141777495284587,-0.42463384567963064,0.11274262481210628,False,,False,caught
342,1787621358.1091833,20.867390299215913,0.06177329923957586,16.188223914052127,True,267,0.04575349949300289,0.06870160065591335,14.555701620525882,False,False,False,,4.058022975921631,6.296468734741211,4.9723801612854,4.277998924255371,,,2.2159128189086914,False,0.184075759,0.568147435688,2,1.0,-0.5392770767211914,1.1361424922943115,0.1840757578611374,-0.09926783293485641,0.20913627743721008,-0.15540771186351776,0.17523056268692017,0.2342163622379303,-0.11820670962333679,0.0244721919298172,0.12071335315704346,-0.11820670962333679,0.0244721919298172,0.12071335315704346,-0.11820673942565918,0.02447223663330078,0.12071339786052704,False,False,2.5586001574993134,2.850799821317196,1.0,-1.0,1.4142135381698608,0.8624612092971802,-1.0,570.6116943359375,385.45428466796875,570.6116943359375,385.45428466796875,False,False,-0.30154459237196585,-0.4199814173432887,0.11277469378713435,False,,False,caught
343,1787621358.1647666,20.928066699765623,0.0606764005497098,16.480872150297365,True,268,0.029955100268125534,0.07094739936292171,14.094949342464785,False,False,False,,3.9398162364959717,6.320940971374512,5.1572585105896,4.0801167488098145,,,2.5501880645751953,False,0.184075759,0.568147435688,2,1.0,-1.0,1.4142135381698608,0.1840757578611374,-0.1840757578611374,0.2603224217891693,0.05170517414808273,-0.04950282722711563,0.07158181071281433,-0.0216717217117548,-0.017556507140398026,0.027890760451555252,-0.02167171984910965,-0.017556507140398026,0.027890758588910103,-0.021671772003173828,-0.01755666732788086,0.027890900149941444,False,False,1.3923998922109604,1.8253996968269348,1.0,-0.9825015664100647,1.4018949270248413,1.0,-1.0,589.543212890625,365.8165588378906,589.543212890625,365.8165588378906,False,False,-0.28890868809890474,-0.4167251736274278,0.11276894450867994,False,,False,caught
344,1787621358.2280402,20.9893192993477,0.06125259958207607,16.325837708488425,True,269,0.011243799701333046,0.07647860050201416,13.075553075447083,False,False,False,,3.918144464492798,6.303384304046631,5.388880729675293,3.8540492057800293,,,2.8569753170013428,False,0.184075759,0.568147435688,2,1.0,-1.0,1.4142135381698608,0.1840757578611374,-0.1840757578611374,0.2603224217891693,0.1840757578611374,-0.09926783293485641,0.20913627743721008,0.09522315859794617,-0.06398065388202667,0.11472129076719284,0.09522315859794617,-0.06398065388202667,0.11472129076719284,0.09522318840026855,-0.0639805793762207,0.11472126841545105,False,False,1.8408996984362602,2.524999901652336,1.0,-0.9287885427474976,1.3647886514663696,1.0,-0.9825015664100647,613.2614135742188,345.50213623046875,613.2614135742188,345.50213623046875,False,False,-0.2736224124756222,-0.4135640187118121,0.11274741703734378,False,,False,caught
345,1787621358.287657,21.050911999307573,0.06159269995987415,16.235690279066688,True,270,0.0019477000460028648,0.07996200025081635,12.505940282425474,False,False,False,,4.013367652893066,6.23940372467041,5.6104607582092285,3.640076160430908,,,3.050771951675415,False,0.184075759,0.568147435688,2,1.0,-1.0,1.4142135381698608,0.1840757578611374,-0.1840757578611374,0.2603224217891693,0.1840757578611374,-0.1840757578611374,0.2603224217891693,0.14570455253124237,-0.1322123408317566,0.19674836099147797,0.14570455253124237,-0.1322123408317566,0.19674836099147797,0.1457047462463379,-0.13221216201782227,0.19674839079380035,False,False,1.5724003314971924,1.5602996572852135,1.0,-0.887498140335083,1.337031364440918,1.0,-0.9287885427474976,635.951171875,325.6741027832031,635.951171875,325.6741027832031,False,False,-0.25898047960161336,-0.41062139170129686,0.11273067009021913,False,,False,caught
346,1787621358.3504934,21.112554299645126,0.061642300337553024,16.22262625703459,False,,,,,False,False,False,,4.159072399139404,6.107191562652588,5.809362411499023,3.4589297771453857,,,3.1203761100769043,False,0.184075759,0.568147435688,2,1.0,-1.0,1.4142135381698608,0.1840757578611374,-0.1840757578611374,0.2603224217891693,0.1840757578611374,-0.1840757578611374,0.2603224217891693,0.167505145072937,-0.16167832911014557,0.2328043282032013,0.167505145072937,-0.16167832911014557,0.2328043282032013,0.16750526428222656,-0.16167831420898438,0.23280440270900726,False,False,2.6722000911831856,2.7879001572728157,1.0,-0.8570014238357544,1.3169857263565063,1.0,-0.887498140335083,656.3186645507812,308.60760498046875,656.3186645507812,308.60760498046875,False,False,-0.24608790495883295,-0.4084396503623475,0.11276693475364649,False,,False,caught
347,1787621358.4148183,21.17396429926157,0.06140999961644411,16.283992936750064,True,271,0.05208529997617006,0.07088209968060255,14.107934224663747,False,False,False,,4.326577663421631,5.9455132484436035,6.037012100219727,3.259897232055664,,,3.1840415000915527,False,0.184075759,0.568147435688,2,1.0,-1.0,1.4142135381698608,0.1840757578611374,-0.1840757578611374,0.2603224217891693,0.1840757578611374,-0.1840757578611374,0.2603224217891693,0.17691975831985474,-0.1744033694267273,0.2484293431043625,0.17691975831985474,-0.1744033694267273,0.2484293431043625,0.17691993713378906,-0.17440319061279297,0.2484293431043625,False,False,3.1011998653411865,3.0048005282878876,1.0,-0.8067305088043213,1.2848401069641113,1.0,-0.8570014238357544,679.6300048828125,290.9100036621094,679.6300048828125,290.9100036621094,False,False,-0.2314999750640956,-0.40629026344810826,0.11278263165469157,False,,False,caught
348,1787621358.4744515,21.234630899503827,0.06066660024225712,16.483534531467832,True,272,0.04020239971578121,0.07320280000567436,13.660679645074838,False,False,False,,4.50349760055542,5.7711100578308105,6.257991313934326,3.075162410736084,,,3.2165791988372803,False,0.184075759,0.568147435688,2,1.0,-1.0,1.4142135381698608,0.1840757578611374,-0.1840757578611374,0.2603224217891693,0.1840757578611374,-0.1840757578611374,0.2603224217891693,0.18098551034927368,-0.17989863455295563,0.25518476963043213,0.18098551034927368,-0.17989863455295563,0.25518476963043213,0.1809854507446289,-0.17989873886108398,0.2551847994327545,False,False,1.8707001581788063,1.9524004310369492,1.0,-0.7474449276924133,1.2484686374664307,1.0,-0.8067305088043213,702.2583618164062,275.2776794433594,702.2583618164062,275.2776794433594,False,False,-0.21751536012588782,-0.40456199719222086,0.11281537028811228,False,,False,caught
349,1787621358.533568,21.295879799872637,0.0612489003688097,16.32682373036102,True,273,0.03143610060214996,0.07226360030472279,13.83822554900638,False,False,False,,4.684483051300049,5.591211318969727,6.456812858581543,2.9184062480926514,,,3.2070298194885254,False,0.184075759,0.568147435688,2,1.0,-1.0,1.4142135381698608,0.1840757578611374,-0.1840757578611374,0.2603224217891693,0.1840757578611374,-0.1840757578611374,0.2603224217891693,0.1827411949634552,-0.18227189779281616,0.2581034302711487,0.1827411949634552,-0.18227189779281616,0.2581034302711487,0.1827411651611328,-0.18227195739746094,0.25810346007347107,False,False,1.436999998986721,2.568100579082966,1.0,-0.7062432169914246,1.2242465019226074,1.0,-0.7474449276924133,722.6176147460938,261.4403991699219,722.6176147460938,261.4403991699219,False,False,-0.20515474499332573,-0.4034129788433967,0.11284019450594872,False,,False,caught
350,1787621358.5960195,21.35730359982699,0.06142379995435476,16.2803343450441,True,274,0.01206630002707243,0.07002029940485954,14.28157275103851,False,False,False,,4.867224216461182,5.408939361572266,6.684792995452881,2.7546591758728027,,,3.2169487476348877,False,0.184075759,0.568147435688,2,1.0,-1.0,1.4142135381698608,0.1840757578611374,-0.1840757578611374,0.2603224217891693,0.1840757578611374,-0.1840757578611374,0.2603224217891693,0.18349941074848175,-0.1832967847585678,0.2593640983104706,0.18349941074848175,-0.1832967847585678,0.2593640983104706,0.18349933624267578,-0.18329668045043945,0.2593640089035034,False,False,1.8642991781234741,2.328900620341301,1.0,-0.6614113450050354,1.1989432573318481,1.0,-0.7062432169914246,745.9627685546875,247.09872436523438,745.9627685546875,247.09872436523438,False,False,-0.19139615670287455,-0.4027907869234052,0.1128431405740471,False,,False,caught
351,1787621358.6567578,21.418662199750543,0.06135859992355108,16.297633929814832,True,275,0.0012143999338150024,0.08078770060092211,12.378121825001987,False,False,False,,5.050723552703857,5.225642681121826,6.905518531799316,2.6039481163024902,,,3.2114710807800293,False,0.184075759,0.568147435688,2,1.0,-0.9098634123802185,1.3519805669784546,0.1840757578611374,-0.16748379170894623,0.24886684119701385,0.1840757578611374,-0.1840757578611374,0.2603224217891693,0.18382683396339417,-0.1837393045425415,0.2599084973335266,0.18382683396339417,-0.1837393045425415,0.2599084973335266,0.18382692337036133,-0.18373918533325195,0.2599084973335266,False,False,1.8245000392198563,2.0388001576066017,1.0,-0.6176111698150635,1.1753482818603516,1.0,-0.6614113450050354,768.5651245117188,234.058349609375,768.5651245117188,234.058349609375,False,False,-0.17824894100068986,-0.4025294997197625,0.11290191529078022,False,,False,caught
352,1787621358.7149773,21.480294299311936,0.06163209956139326,16.225311276372715,False,,,,,False,False,False,,5.234550476074219,5.041903495788574,7.10121488571167,2.477342128753662,,,3.1719727516174316,False,0.184075759,0.568147435688,2,1.0,-1.0,1.4142135381698608,0.1840757578611374,-0.1840757578611374,0.2603224217891693,0.1840757578611374,-0.1840757578611374,0.2603224217891693,0.18396830558776855,-0.1839304119348526,0.2601436674594879,0.18396830558776855,-0.1839304119348526,0.2601436674594879,0.18396854400634766,-0.1839303970336914,0.26014384627342224,False,False,1.4720000326633453,2.2871000692248344,1.0,-0.5694021582603455,1.1507470607757568,1.0,-0.6176111698150635,788.6044311523438,223.82144165039062,788.6044311523438,223.82144165039062,False,False,-0.16675614233105635,-0.40260588017278226,0.11289707252186276,False,,False,caught
353,1787621358.7828677,21.541995899751782,0.061701600439846516,16.207035034284235,True,276,0.0602911002933979,0.07220890000462532,13.848708399323979,False,False,False,,5.418519020080566,4.857973098754883,7.328612327575684,2.3422107696533203,,,3.1587207317352295,False,0.184075759,0.568147435688,2,1.0,-1.0,1.4142135381698608,0.1840757578611374,-0.1840757578611374,0.2603224217891693,0.1840757578611374,-0.16748379170894623,0.24886684119701385,0.1840294599533081,-0.17458629608154297,0.25366753339767456,0.1840294599533081,-0.17458629608154297,0.25366753339767456,0.18402957916259766,-0.17458629608154297,0.2536676228046417,False,False,2.6016999036073685,2.5224005803465843,1.0,-0.504547655582428,1.1200751066207886,1.0,-0.5694021582603455,811.889892578125,213.7377166748047,811.889892578125,213.7377166748047,False,False,-0.15371272540444464,-0.4032240616090484,0.11290620088211807,False,,False,caught
354,1787621358.8286774,21.59200629964471,0.050010399892926216,19.995840907911763,True,277,0.03156790044158697,0.06465299986302853,15.467186396896714,False,False,False,,5.602548599243164,4.68338680267334,7.489945411682129,2.2500600814819336,,,3.0795042514801025,False,0.184075759,0.568147435688,2,1.0,-1.0,1.4142135381698608,0.1840757578611374,-0.1840757578611374,0.2603224217891693,0.1840757578611374,-0.1840757578611374,0.2603224217891693,0.18405582010746002,-0.17997771501541138,0.25742673873901367,0.18405582010746002,-0.17997771501541138,0.25742673873901367,0.18405580520629883,-0.1799778938293457,0.25742682814598083,False,False,1.3888999819755554,2.1807001903653145,1.0,-0.48360931873321533,1.1108006238937378,1.0,-0.504547655582428,828.410400390625,205.3969268798828,828.410400390625,205.3969268798828,False,False,-0.14453866735037077,-0.40382880803402055,0.11292451243518573,False,,False,caught
355,1787621358.8868506,21.649148799479008,0.05714249983429909,17.500109426430136,True,278,0.010052099823951721,0.07833749987185001,12.765278463518369,False,False,False,,5.786604404449463,4.503408908843994,7.6858415603637695,2.1530470848083496,,,3.0218045711517334,False,0.184075759,0.568147435688,2,1.0,-1.0,1.4142135381698608,0.1840757578611374,-0.1840757578611374,0.2603224217891693,0.1840757578611374,-0.1840757578611374,0.2603224217891693,0.18406714498996735,-0.18230608105659485,0.25906798243522644,0.18406714498996735,-0.18230608105659485,0.25906798243522644,0.1840672492980957,-0.18230628967285156,0.25906819105148315,False,False,1.7408998683094978,2.191200852394104,1.0,-0.4432130455970764,1.093817949295044,1.0,-0.48360931873321533,848.4701538085938,197.77011108398438,848.4701538085938,197.77011108398438,False,False,-0.13382326719077262,-0.4052243923078525,0.11295983934563394,False,,False,caught
356,1787621358.9494884,21.71075249928981,0.06160369981080294,16.23279126207024,True,279,0.004994199611246586,0.07866130024194717,12.712731634541896,False,False,False,,5.970671653747559,4.321102619171143,7.904845714569092,2.0489983558654785,,,2.9838712215423584,False,0.184075759,0.568147435688,2,1.0,-1.0,1.4142135381698608,0.1840757578611374,-0.1840757578611374,0.2603224217891693,0.1840757578611374,-0.1840757578611374,0.2603224217891693,0.1840720772743225,-0.1833116114139557,0.25978004932403564,0.1840720772743225,-0.1833116114139557,0.25978004932403564,0.18407201766967773,-0.18331146240234375,0.2597799003124237,False,False,1.895199529826641,3.002000041306019,1.0,-0.3918416202068329,1.074029803276062,1.0,-0.4432130455970764,870.896240234375,190.0960235595703,870.896240234375,190.0960235595703,False,False,-0.12193727086390968,-0.4069857917541127,0.11299133795746452,False,,False,caught
357,1787621359.0090985,21.772432999685407,0.06168050039559603,16.21257923632863,True,280,3.8700178265571594e-05,0.06666080001741648,15.001320112250825,False,False,False,,6.154743671417236,4.137791156768799,8.12345027923584,1.955384612083435,,,2.939167022705078,False,0.184075759,0.568147435688,2,1.0,-1.0,1.4142135381698608,0.1840757578611374,-0.1840757578611374,0.2603224217891693,0.1840757578611374,-0.1840757578611374,0.2603224217891693,0.18407413363456726,-0.18374569714069366,0.2600879967212677,0.18407413363456726,-0.18374569714069366,0.2600879967212677,0.18407392501831055,-0.1837456226348877,0.2600878179073334,False,False,1.3220999389886856,1.670999452471733,1.0,-0.35080069303512573,1.0597457885742188,1.0,-0.3918416202068329,893.2813720703125,182.86595153808594,893.2813720703125,182.86595153808594,False,False,-0.11034919709577926,-0.40920557001243985,0.11302021947782409,False,,False,caught
358,1787621359.0728228,21.8340662997216,0.06163330003619194,16.224995244661343,False,,,,,False,False,False,,6.338817596435547,3.954045534133911,8.318970680236816,1.8844616413116455,,,2.8642945289611816,False,0.184075759,0.568147435688,2,1.0,-1.0,1.4142135381698608,0.1840757578611374,-0.1840757578611374,0.2603224217891693,0.1840757578611374,-0.1840757578611374,0.2603224217891693,0.18407496809959412,-0.18393319845199585,0.26022109389305115,0.18407496809959412,-0.18393319845199585,0.26022109389305115,0.18407487869262695,-0.18393325805664062,0.26022106409072876,False,False,2.2627003490924835,3.0747000128030777,1.0,-0.3265729546546936,1.0519742965698242,1.0,-0.35080069303512573,913.3026123046875,176.9566650390625,913.3026123046875,176.9566650390625,False,False,-0.10035270557888232,-0.4117669035764855,0.11301082893909623,False,,False,caught
359,1787621359.136448,21.895646099932492,0.061579800210893154,16.239091334744295,True,281,0.04941760003566742,0.06663860008120537,15.006317641448147,False,False,False,,6.522892475128174,3.7701122760772705,8.542590141296387,1.8062137365341187,,,2.8171041011810303,False,0.184075759,0.568147435688,2,1.0,-1.0,1.4142135381698608,0.1840757578611374,-0.1840757578611374,0.2603224217891693,0.1840757578611374,-0.1840757578611374,0.2603224217891693,0.18407538533210754,-0.184014230966568,0.2602786719799042,0.18407538533210754,-0.184014230966568,0.2602786719799042,0.18407535552978516,-0.18401432037353516,0.26027870178222656,False,False,2.2429004311561584,2.9050996527075768,1.0,-0.28724491596221924,1.0404372215270996,1.0,-0.3265729546546936,936.2012939453125,171.22923278808594,936.2012939453125,171.22923278808594,False,False,-0.08897338504274156,-0.41483343650013926,0.11298302756737306,False,,False,caught
360,1787621359.1822152,21.94657599925995,0.05092989932745695,19.63483166480338,True,282,0.032442099414765835,0.07421779911965132,13.473856835714507,False,False,False,,6.706967830657959,3.5860979557037354,8.730692863464355,1.745443344116211,,,2.735593557357788,False,0.184075759,0.568147435688,2,-0.5836124420166016,-1.0,1.1578443050384521,-0.1074289008975029,-0.1840757578611374,0.21313107013702393,0.1840757578611374,-0.1840757578611374,0.2603224217891693,0.18407559394836426,-0.18404921889305115,0.2603035569190979,0.18407559394836426,-0.18404921889305115,0.2603035569190979,0.18407583236694336,-0.18404912948608398,0.26030364632606506,False,False,1.3770004734396935,1.7804000526666641,1.0,-0.268772155046463,1.0354894399642944,1.0,-0.28724491596221924,955.4630126953125,166.02206420898438,955.4630126953125,166.02206420898438,False,False,-0.07953189266692354,-0.41764587586332347,0.11301521537479306,False,,False,caught
361,1787621359.2411177,22.004016999155283,0.057440999895334244,17.409167699415814,True,283,0.00606909953057766,0.06751810014247894,14.810843283353156,False,False,False,,6.891043663024902,3.4020488262176514,8.925390243530273,1.6934956312179565,,,2.656636953353882,False,0.184075759,0.568147435688,2,1.0,-1.0,1.4142135381698608,0.1840757578611374,-0.1840757578611374,0.2603224217891693,0.1840757578611374,-0.1840757578611374,0.2603224217891693,0.18407578766345978,-0.18406426906585693,0.26031434535980225,0.18407578766345978,-0.18406426906585693,0.26031434535980225,0.18407583236694336,-0.18406414985656738,0.26031428575515747,False,False,1.454000361263752,1.9129998981952667,1.0,-0.24915945529937744,1.0305728912353516,1.0,-0.268772155046463,975.4000244140625,161.81118774414062,975.4000244140625,161.81118774414062,False,False,-0.07008152952109899,-0.421053170289471,0.11300883917648566,False,,False,caught
362,1787621359.301578,22.06480829976499,0.06079130060970783,16.44972208145698,False,,,,,False,False,False,,7.075119495391846,3.217984676361084,9.125176429748535,1.6421563625335693,,,2.585723876953125,False,0.184075759,0.568147435688,2,1.0,-1.0,1.4142135381698608,0.1840757578611374,-0.1840757578611374,0.2603224217891693,-0.1074289008975029,-0.1840757578611374,0.21313107013702393,0.018458165228366852,-0.18407073616981506,0.1849938929080963,0.018458157777786255,-0.18407073616981506,0.1849938929080963,0.01845836639404297,-0.18407082557678223,0.18499399721622467,False,False,1.756700687110424,3.2641999423503876,1.0,-0.22329048812389374,1.0246261358261108,1.0,-0.24915945529937744,995.8580932617188,158.05747985839844,995.8580932617188,158.05747985839844,False,False,-0.060420872770628097,-0.4246466787278234,0.11301062751467757,False,,False,caught
363,1787621359.3503888,22.114737999625504,0.04992969986051321,20.02815964833884,True,284,0.03767890017479658,0.08382169995456934,11.930084936740625,False,False,False,,7.093577861785889,3.0339138507843018,9.291102409362793,1.5999526977539062,,,2.6239967346191406,False,0.184075759,0.568147435688,2,1.0,-1.0,1.4142135381698608,0.1840757578611374,-0.1840757578611374,0.2603224217891693,0.1840757578611374,-0.1840757578611374,0.2603224217891693,0.11255346238613129,-0.18407362699508667,0.21575768291950226,0.11255346238613129,-0.18407362699508667,0.21575768291950226,0.11255359649658203,-0.18407368659973145,0.215757817029953,False,False,1.164100132882595,1.6641002148389816,1.0,-0.2313011735677719,1.0264015197753906,1.0,-0.22329048812389374,1012.8489379882812,153.13082885742188,1012.8489379882812,153.13082885742188,False,False,-0.05239151821741195,-0.4276579517991338,0.11298695281733745,False,,False,caught
364,1787621359.408675,22.171973699703813,0.05723570007830858,17.471612972879214,True,285,0.015289699658751488,0.07952830009162426,12.574140260107455,False,False,False,,7.206131458282471,2.8498401641845703,9.507369995117188,1.5535889863967896,,,2.641205310821533,False,0.184075759,0.568147435688,2,1.0,-1.0,1.4142135381698608,0.1840757578611374,-0.1840757578611374,0.2603224217891693,0.1840757578611374,-0.1840757578611374,0.2603224217891693,0.15318873524665833,-0.18407486379146576,0.23947931826114655,0.15318873524665833,-0.18407486379146576,0.23947931826114655,0.15318870544433594,-0.18407487869262695,0.23947930335998535,False,False,1.711900345981121,1.9043004140257835,1.0,-0.21337230503559113,1.0225105285644531,1.0,-0.2313011735677719,1034.9947509765625,149.39927673339844,1034.9947509765625,149.39927673339844,False,False,-0.04217817478452181,-0.43197887308471433,0.1129863723572991,False,,False,caught
365,1787621359.4690957,22.23344269953668,0.061468999832868576,16.268362958872842,True,286,0.006195800378918648,0.07920670043677092,12.625194516192218,False,False,False,,7.359320163726807,2.6657652854919434,9.695931434631348,1.5106867551803589,,,2.60652232170105,False,0.184075759,0.568147435688,2,1.0,-1.0,1.4142135381698608,0.1840757578611374,-0.1840757578611374,0.2603224217891693,0.1840757578611374,-0.1840757578611374,0.2603224217891693,0.1707371026277542,-0.18407538533210754,0.25106754899024963,0.1707371026277542,-0.18407538533210754,0.25106754899024963,0.17073726654052734,-0.18407535552978516,0.2510676383972168,False,False,1.361900009214878,2.211000770330429,1.0,-0.17617005109786987,1.0153993368148804,1.0,-0.21337230503559113,1054.3033447265625,147.24240112304688,1054.3033447265625,147.24240112304688,False,False,-0.03316971948982389,-0.43564541172126403,0.11298102820387335,False,,False,caught
366,1787621359.5333083,22.295581799931824,0.06213910039514303,16.09292689532021,False,,,,,False,False,False,,7.530057430267334,2.481689929962158,9.91840648651123,1.464808464050293,,,2.595815658569336,False,0.184075759,0.568147435688,2,0.9896167516708374,-0.7368340492248535,1.2338013648986816,0.18216446042060852,-0.13563328981399536,0.22711291909217834,0.1840757578611374,-0.1840757578611374,0.2603224217891693,0.17831549048423767,-0.18407559394836426,0.2562815546989441,0.17831549048423767,-0.18407559394836426,0.2562815546989441,0.1783156394958496,-0.18407559394836426,0.25628167390823364,False,False,2.4084001779556274,2.792900428175926,0.9906380772590637,-0.12604381144046783,0.9986244440078735,1.0,-0.17617005109786987,1076.5096435546875,145.58628845214844,1076.5096435546875,145.58628845214844,False,False,-0.022666766096916615,-0.4401947721746059,0.11300736939000917,False,,False,caught
367,1787621359.5987573,22.356892199255526,0.06131039932370186,16.310446694699834,True,287,0.057605099864304066,0.0705655999481678,14.171210912038232,False,False,False,,7.708373069763184,2.297614336013794,10.134530067443848,1.431762456893921,,,2.57603120803833,False,0.184075759,0.568147435688,2,1.0,-1.0,1.4142135381698608,0.1840757578611374,-0.1840757578611374,0.2603224217891693,0.1840757578611374,-0.1840757578611374,0.2603224217891693,0.18158823251724243,-0.18407568335533142,0.2585694193840027,0.18158823251724243,-0.18407568335533142,0.2585694193840027,0.18158817291259766,-0.18407559394836426,0.25856930017471313,False,False,2.2494997829198837,3.2646004110574722,0.9470329880714417,-0.07700783014297485,0.9501587748527527,0.9906380772590637,-0.12604381144046783,1095.9615478515625,145.20645141601562,1095.9615478515625,145.20645141601562,False,False,-0.012812003895392924,-0.44514152647401545,0.1129807518266776,False,,False,caught
368,1787621359.6590152,22.418135499581695,0.06124330032616854,16.32831664319553,True,288,0.047113300301134586,0.0723454998806119,13.822559822660002,False,False,False,,7.889961242675781,2.1135387420654297,10.350604057312012,1.4089715480804443,,,2.5595269203186035,False,0.184075759,0.568147435688,2,1.0,-1.0,1.4142135381698608,0.1840757578611374,-0.1840757578611374,0.2603224217891693,0.18216446042060852,-0.13563328981399536,0.22711291909217834,0.18191558122634888,-0.1565532237291336,0.2400045543909073,0.18191558122634888,-0.1565532237291336,0.2400045543909073,0.181915283203125,-0.1565532684326172,0.24000436067581177,False,False,2.009900286793709,1.9640997052192688,0.9049546122550964,-0.02981274202466011,0.9054455757141113,0.9470329880714417,-0.07700783014297485,1115.502197265625,145.7855987548828,1115.502197265625,145.7855987548828,False,False,-0.003270803296332534,-0.4505577108396137,0.11295688479462596,False,,False,caught
369,1787621359.7222853,22.47937859967351,0.061243100091814995,16.328370028636872,True,289,0.041367500089108944,0.0714189000427723,14.001895848313357,False,False,False,,8.071876525878906,1.9569854736328125,10.531393051147461,1.3967481851577759,,,2.5225160121917725,False,0.184075759,0.568147435688,2,1.0,-0.23138034343719482,1.0264194011688232,0.1840757578611374,-0.04259151220321655,0.1889389306306839,0.1840757578611374,-0.1840757578611374,0.2603224217891693,0.183142751455307,-0.1721900999546051,0.2513776123523712,0.183142751455307,-0.1721900999546051,0.2513776123523712,0.18314266204833984,-0.17219007015228271,0.25137752294540405,False,False,2.5391997769474983,3.077499568462372,0.8690031170845032,0.009855974465608597,0.8690590262413025,0.9049546122550964,-0.02981274202466011,1131.8062744140625,146.99896240234375,1131.8062744140625,146.99896240234375,False,False,0.004504167223138425,-0.4554051480424628,0.11293241165286313,False,,False,caught
370,1787621359.7775228,22.540824299678206,0.061445700004696846,16.27453182116179,True,290,0.02652280032634735,0.06698929984122515,14.927757154801624,False,False,False,,8.255019187927246,1.7847954034805298,10.729069709777832,1.3919812440872192,,,2.5050406455993652,False,0.184075759,0.568147435688,2,1.0,-1.0,1.4142135381698608,0.1840757578611374,-0.1840757578611374,0.2603224217891693,0.1840757578611374,-0.1840757578611374,0.2603224217891693,0.18367280066013336,-0.17894288897514343,0.2564298212528229,0.18367280066013336,-0.17894288897514343,0.2564298212528229,0.18367290496826172,-0.17894291877746582,0.25642991065979004,False,False,1.3046003878116608,1.8662000074982643,0.8268041014671326,0.04311944916844368,0.8279277086257935,0.8690031170845032,0.009855974465608597,1149.45556640625,148.59097290039062,1149.45556640625,148.59097290039062,False,False,0.01273779349155974,-0.46109978206193997,0.11297521494015698,False,,False,caught
371,1787621359.8424196,22.602702599950135,0.06187830027192831,16.160754183703066,True,291,0.01736340019851923,0.07629190012812614,13.107551369419033,False,False,False,,8.438692092895508,1.605852484703064,10.91500473022461,1.3950740098953247,,,2.485266923904419,False,0.184075759,0.568147435688,2,1.0,-1.0,1.4142135381698608,0.1840757578611374,-0.1840757578611374,0.2603224217891693,0.1840757578611374,-0.04259151220321655,0.1889389306306839,0.18390178680419922,-0.10147521644830704,0.21004067361354828,0.18390178680419922,-0.10147521644830704,0.21004067361354828,0.18390178680419922,-0.10147523880004883,0.21004068851470947,False,False,2.0778998732566833,2.5840001180768013,0.7751595377922058,0.07611091434955597,0.778887152671814,0.8268041014671326,0.04311944916844368,1165.322265625,150.98960876464844,1165.322265625,150.98960876464844,False,False,0.020245385999104516,-0.46680422347182304,0.11293555587509327,False,,False,caught
372,1787621359.9007728,22.66410269960761,0.06140009965747595,16.286618516558743,True,292,0.013790600001811981,0.07103549968451262,14.07746837062122,False,False,False,,8.622593879699707,1.5043772459030151,11.074862480163574,1.4057482481002808,,,2.454251289367676,False,0.184075759,0.568147435688,2,1.0,-1.0,1.4142135381698608,0.1840757578611374,-0.1840757578611374,0.2603224217891693,0.1840757578611374,-0.1840757578611374,0.2603224217891693,0.184000626206398,-0.14840450882911682,0.23638978600502014,0.184000626206398,-0.14840450882911682,0.23638978600502014,0.18400096893310547,-0.14840447902679443,0.23639003932476044,False,False,1.5293993055820465,2.3377006873488426,0.7284122109413147,0.09822522103786469,0.7350051403045654,0.7751595377922058,0.07611091434955597,1178.819580078125,153.49880981445312,1178.819580078125,153.49880981445312,False,False,0.026443519517393564,-0.4720737915498767,0.11292192892998056,False,,False,caught
373,1787621359.9636817,22.725977899506688,0.061875199899077415,16.161563948578216,True,293,0.00828660000115633,0.0649767005816102,15.390132017306852,False,False,False,,8.806594848632812,1.3559727668762207,11.241941452026367,1.4220242500305176,,,2.43624210357666,False,0.184075759,0.568147435688,2,1.0,-1.0,1.4142135381698608,0.1840757578611374,-0.1840757578611374,0.2603224217891693,0.1840757578611374,-0.1840757578611374,0.2603224217891693,0.18404346704483032,-0.16867102682590485,0.24964356422424316,0.18404346704483032,-0.16867102682590485,0.24964356422424316,0.18404388427734375,-0.16867101192474365,0.24964386224746704,False,False,1.820400357246399,1.9283993169665337,0.6924812197685242,0.1309189647436142,0.7047482132911682,0.7284122109413147,0.09822522103786469,1193.7208251953125,157.2603302001953,1193.7208251953125,157.2603302001953,False,False,0.03275949562844112,-0.4778168310540275,0.11288536470798193,False,,False,caught
374,1787621360.0240235,22.787309699691832,0.06133180018514395,16.304755395753478,False,,,,,False,False,False,,8.990638732910156,1.187301754951477,11.376166343688965,1.4425833225250244,,,2.3991479873657227,False,0.184075759,0.568147435688,2,1.0,-0.2671770453453064,1.03507661819458,0.1840757578611374,-0.04918081685900688,0.19053250551223755,0.1840757578611374,-0.1840757578611374,0.2603224217891693,0.18406200408935547,-0.17742317914962769,0.25565171241760254,0.18406200408935547,-0.17742317914962769,0.25565171241760254,0.18406200408935547,-0.1774231195449829,0.25565168261528015,False,False,1.6089007258415222,2.1216999739408493,0.6298288106918335,0.16442501544952393,0.6509377360343933,0.6924812197685242,0.1309189647436142,1203.6160888671875,161.5217742919922,1203.6160888671875,161.5217742919922,False,False,0.03758945602221258,-0.48276922947614603,0.11290800537964327,False,,False,caught
375,1787621360.089141,22.848353100009263,0.061043400317430496,16.381787298871313,True,294,0.05159800034016371,0.06737679988145828,14.841904064297871,False,False,False,,9.174700736999512,1.0098786354064941,11.523990631103516,1.4737539291381836,,,2.394649028778076,False,0.184075759,0.568147435688,2,1.0,0.4438129663467407,1.094061255455017,0.1840757578611374,0.08169520646333694,0.20139014720916748,0.1840757578611374,-0.1840757578611374,0.2603224217891693,0.18406981229782104,-0.18120279908180237,0.2582947015762329,0.18406981229782104,-0.18120279908180237,0.2582947015762329,0.18406963348388672,-0.18120276927947998,0.25829455256462097,False,False,2.198699861764908,2.5394996628165245,0.5682956576347351,0.1991947442293167,0.6021947264671326,0.6298288106918335,0.16442501544952393,1214.9727783203125,166.9747772216797,1214.9727783203125,166.9747772216797,False,False,0.04262847710928278,-0.4886080569702078,0.11293438870100475,False,,False,caught
376,1787621360.146243,22.90950349997729,0.06115039996802807,16.353122800878506,True,295,0.02843510080128908,0.0795534998178482,12.570157218597254,False,False,False,,9.358770370483398,0.8286758661270142,11.649506568908691,1.5088645219802856,,,2.389587640762329,False,0.184075759,0.568147435688,2,1.0,-1.0,1.4142135381698608,0.1840757578611374,-0.1840757578611374,0.2603224217891693,0.1840757578611374,-0.04918081685900688,0.19053250551223755,0.18407312035560608,-0.10619483888149261,0.212509423494339,0.18407312035560608,-0.10619483888149261,0.212509423494339,0.18407344818115234,-0.10619485378265381,0.21250972151756287,False,False,1.3461001217365265,2.1728994324803352,0.5236794352531433,0.23288540542125702,0.5731280446052551,0.5682956576347351,0.1991947442293167,1225.0843505859375,172.77284240722656,1225.0843505859375,172.77284240722656,False,False,0.04662092405595805,-0.4939540038755101,0.11291239335365864,False,,False,caught
377,1787621360.2075038,22.970809099264443,0.06130559928715229,16.3117237516275,True,296,0.022281999699771404,0.08382739964872599,11.929273771946212,False,False,False,,9.54284381866455,0.7224810123443604,11.768596649169922,1.5539095401763916,,,2.3759732246398926,False,0.184075759,0.568147435688,2,1.0,-0.476143479347229,1.1075705289840698,0.1840757578611374,-0.0876464694738388,0.20387689769268036,0.1840757578611374,0.08169520646333694,0.20139014720916748,0.1840747594833374,0.000554397702217102,0.18407559394836426,0.1840747594833374,0.000554397702217102,0.18407559394836426,0.18407440185546875,0.0005543828010559082,0.1840752363204956,False,False,1.384500414133072,1.6883006319403648,0.4924824833869934,0.26414766907691956,0.5588496923446655,0.5236794352531433,0.23288540542125702,1235.3624267578125,179.45932006835938,1235.3624267578125,179.45932006835938,False,False,0.05001785193113981,-0.4995503160857131,0.11296554614640268,False,,False,caught
378,1787621360.270285,23.032513299956918,0.06170420069247484,16.20635205994906,True,297,0.00546990055590868,0.06745510082691908,14.824675787912149,False,False,False,,9.72691822052002,0.7230353951454163,11.871170997619629,1.6008917093276978,,,2.3169920444488525,False,0.184075759,0.568147435688,2,1.0,0.7727981805801392,1.2638105154037476,0.1840757578611374,0.14225341379642487,0.23263688385486603,0.1840757578611374,-0.1840757578611374,0.2603224217891693,0.18407517671585083,-0.1043427586555481,0.21159178018569946,0.18407517671585083,-0.1043427586555481,0.21159178018569946,0.18407535552978516,-0.1043427586555481,0.2115919291973114,False,False,1.5426995232701302,2.0420001819729805,0.4860120713710785,0.30695295333862305,0.574828565120697,0.4924824833869934,0.26414766907691956,1245.468505859375,187.0746612548828,1245.468505859375,187.0746612548828,False,False,0.05267004820891459,-0.5047351071722811,0.11291675032702073,False,,False,caught
379,1787621360.3312914,23.09454789943993,0.06203459948301315,16.120036372183375,False,,,,,False,False,False,,9.910993576049805,0.6186926364898682,11.978179931640625,1.6621910333633423,,,2.31563138961792,False,0.184075759,0.568147435688,2,1.0,-1.0,1.4142135381698608,0.1840757578611374,-0.1840757578611374,0.2603224217891693,0.1840757578611374,-0.0876464694738388,0.20387689769268036,0.18407559394836426,-0.09485680609941483,0.20707881450653076,0.18407559394836426,-0.09485680609941483,0.20707881450653076,0.18407535552978516,-0.09485679864883423,0.20707860589027405,False,False,1.589599996805191,3.6847004666924477,0.4528349041938782,0.3509786128997803,0.5729270577430725,0.4860120713710785,0.30695295333862305,1254.3878173828125,196.26715087890625,1254.3878173828125,196.26715087890625,False,False,0.05502504561781372,-0.5106893912188156,0.11289410051792587,False,,False,caught
380,1787621360.3957484,23.155910299159586,0.061362399719655514,16.2966247175578,True,298,0.058349499478936195,0.07851739972829819,12.73603052903436,False,False,False,,10.09506893157959,0.5238358378410339,12.08181381225586,1.7344648838043213,,,2.326537847518921,False,0.184075759,0.568147435688,2,-0.3090627193450928,0.31718355417251587,0.4428602159023285,-0.056890953332185745,0.058385804295539856,0.08151983469724655,0.1840757578611374,0.14225341379642487,0.23263688385486603,0.18407559394836426,0.03985675796866417,0.1883411407470703,0.18407559394836426,0.03985676169395447,0.1883411407470703,0.18407535552978516,0.03985673189163208,0.1883409023284912,False,False,2.601100131869316,3.104700706899166,0.4234355688095093,0.39153680205345154,0.5767137408256531,0.4528349041938782,0.3509786128997803,1263.193603515625,206.39175415039062,1263.193603515625,206.39175415039062,False,False,0.056872406934692796,-0.5170266345485922,0.11292709359812374,False,,False,caught
381,1787621360.4581683,23.21731079928577,0.06140050012618303,16.286512291348092,True,299,0.04849579930305481,0.07101480010896921,14.081571707102494,False,False,False,,10.279144287109375,0.563692569732666,12.168096542358398,1.80543053150177,,,2.260542869567871,False,0.184075759,0.568147435688,2,0.784513533115387,0.9294970035552979,1.2163165807724,0.1444099247455597,0.17109785974025726,0.223894402384758,0.1840757578611374,-0.1840757578611374,0.2603224217891693,0.18407559394836426,-0.08736993372440338,0.20375801622867584,0.18407559394836426,-0.08736993372440338,0.20375801622867584,0.18407535552978516,-0.08736991882324219,0.20375779271125793,False,False,2.4632997810840607,2.502799965441227,0.431063175201416,0.4471093714237213,0.6210654377937317,0.4234355688095093,0.39153680205345154,1272.4976806640625,217.3233642578125,1272.4976806640625,217.3233642578125,False,False,0.05804788153689647,-0.5227783177989054,0.11287753992976966,False,,False,caught
382,1787621360.5195038,23.27864239923656,0.061331599950790405,16.3048086272387,True,300,0.03705639950931072,0.07076010014861822,14.132258121451057,False,False,False,,10.46321964263916,0.47632265090942383,12.261072158813477,1.895480751991272,,,2.2904767990112305,False,0.184075759,0.568147435688,2,0.6216215491294861,0.41171368956565857,0.7456014156341553,0.11442545801401138,0.07578650861978531,0.13724716007709503,-0.056890953332185745,0.058385804295539856,0.08151983469724655,0.0471709705889225,-0.00455918163061142,0.04739078879356384,0.0471709668636322,-0.00455918163061142,0.047390781342983246,0.04717063903808594,-0.004559189081192017,0.04739045724272728,False,False,2.591799944639206,2.7877995744347572,0.39201265573501587,0.5016961097717285,0.6366890072822571,0.431063175201416,0.4471093714237213,1279.6190185546875,230.1930389404297,1279.6190185546875,230.1930389404297,False,False,0.058858325202852,-0.5295722275058362,0.11287437377905873,False,,False,caught
383,1787621360.5771458,23.340460499748588,0.06181810051202774,16.17649186431138,True,301,0.02992510050535202,0.07277199998497963,13.74154895023365,False,False,False,,10.510390281677246,0.4717634618282318,12.354480743408203,1.99790358543396,,,2.3936944007873535,False,0.184075759,0.568147435688,2,1.0,0.7917042970657349,1.2754590511322021,0.1840757578611374,0.1457335650920868,0.23478108644485474,0.1444099247455597,0.17109785974025726,0.223894402384758,0.10241688787937164,0.09523990750312805,0.13985657691955566,0.10241688787937164,0.09523990750312805,0.13985657691955566,0.1024169921875,0.09523990750312805,0.13985663652420044,False,False,1.6697002574801445,1.8972000107169151,0.3658631145954132,0.47719189524650574,0.6013051867485046,0.39201265573501587,0.5016961097717285,1287.5775146484375,239.38613891601562,1287.5775146484375,239.38613891601562,False,False,0.059271106609696755,-0.5369188423095423,0.11281931664365707,False,,False,caught
384,1787621360.6410806,23.40234739985317,0.06188690010458231,16.158508477724784,True,302,0.017664399929344654,0.06895109917968512,14.503032031353424,False,False,False,,10.612807273864746,0.5670033693313599,12.436605453491211,2.1088509559631348,,,2.388207197189331,False,0.184075759,0.568147435688,2,1.0,-0.38813745975494385,1.0726839303970337,0.1840757578611374,-0.07144669443368912,0.19745509326457977,0.11442545801401138,0.07578650861978531,0.13724716007709503,0.10923956334590912,0.08418750762939453,0.1379159837961197,0.10923956334590912,0.08418750762939453,0.1379159837961197,0.10923957824707031,0.08418750762939453,0.13791599869728088,False,False,1.6238000243902206,2.5106994435191154,0.3705641031265259,0.5097228288650513,0.6301866173744202,0.3658631145954132,0.47719189524650574,1296.27587890625,253.0589599609375,1296.27587890625,253.0589599609375,False,False,0.05893348160003142,-0.5442902934591359,0.11289441450192438,False,,False,caught
385,1787621360.7016568,23.46394839975983,0.061600999906659126,16.233502727476004,True,303,0.008899400010704994,0.07414139993488789,13.48774100405732,False,False,False,,10.722046852111816,0.6511908769607544,12.506840705871582,2.2021265029907227,,,2.364506483078003,False,0.184075759,0.568147435688,2,0.21629118919372559,-0.4721565246582031,0.5193396210670471,0.03981396555900574,-0.08691257238388062,0.09559784084558487,0.1840757578611374,0.1457335650920868,0.23478108644485474,0.15175756812095642,0.11915473639965057,0.19294613599777222,0.15175756812095642,0.11915473639965057,0.19294613599777222,0.15175724029541016,0.11915475130081177,0.19294588267803192,False,False,1.9757002592086792,1.759999431669712,0.36562037467956543,0.5551779270172119,0.664756178855896,0.3705641031265259,0.5097228288650513,1303.1641845703125,265.69244384765625,1303.1641845703125,265.69244384765625,False,False,0.05869897389660494,-0.5505163534150025,0.11297669484419057,False,,False,caught
386,1787621360.7643023,23.52551639918238,0.0615679994225502,16.242203894540303,True,304,0.006118799559772015,0.07036790065467358,14.211025065355331,False,False,False,,10.873804092407227,0.7703456282615662,12.592514991760254,2.320305585861206,,,2.3143773078918457,False,0.184075759,0.568147435688,2,1.0,1.0,1.4142135381698608,0.1840757578611374,0.1840757578611374,0.2603224217891693,0.1840757578611374,-0.07144669443368912,0.19745509326457977,0.17011892795562744,0.010865028947591782,0.17046554386615753,0.17011892795562744,0.01086503267288208,0.17046554386615753,0.1701192855834961,0.01086503267288208,0.170465886592865,False,False,2.4891002103686333,2.3510996252298355,0.357956200838089,0.6645585298538208,0.7548315525054932,0.36562037467956543,0.5551779270172119,1311.4664306640625,284.9554748535156,1311.4664306640625,284.9554748535156,False,False,0.05826607138980148,-0.5582945590408667,0.11300012834808287,False,,False,caught
387,1787621360.8251164,23.586911699734628,0.061395300552248955,16.287891597647196,False,,,,,False,False,False,,11.043923377990723,0.7812106609344482,12.660213470458984,2.429138422012329,,,2.3082590103149414,False,0.184075759,0.568147435688,2,1.0,0.8331083059310913,1.3015642166137695,0.1840757578611374,0.15335504710674286,0.23958642780780792,0.03981396555900574,-0.08691257238388062,0.09559784084558487,0.09608665108680725,-0.04468706250190735,0.10596970468759537,0.09608665108680725,-0.04468706250190735,0.10596970468759537,0.09608650207519531,-0.04468703269958496,0.10596955567598343,False,False,2.6545999571681023,3.1043998897075653,0.3088808059692383,0.8037123680114746,0.8610231876373291,0.357956200838089,0.6645585298538208,1315.3834228515625,305.11114501953125,1315.3834228515625,305.11114501953125,False,False,0.05740803773587551,-0.565107943771391,0.11289068630802149,False,,False,caught
388,1787621360.8894143,23.64858579915017,0.061674099415540695,16.214261893997257,True,305,0.05912689957767725,0.06435299944132566,15.539291232442983,False,False,False,,11.140009880065918,0.7365236282348633,12.7396879196167,2.5842697620391846,,,2.444000005722046,False,0.184075759,0.568147435688,2,1.0,1.0,1.4142135381698608,0.1840757578611374,0.1840757578611374,0.2603224217891693,0.1840757578611374,0.1840757578611374,0.2603224217891693,0.14607736468315125,0.08528395742177963,0.1691506803035736,0.14607736468315125,0.08528396487236023,0.1691506803035736,0.14607715606689453,0.08528399467468262,0.16915051639080048,False,False,2.0824000239372253,2.3920005187392235,0.24598842859268188,0.8670858144760132,0.9013035893440247,0.3088808059692383,0.8037123680114746,1319.6575927734375,325.35382080078125,1319.6575927734375,325.35382080078125,False,False,0.05548883639922062,-0.5742865173060482,0.11292908933355203,False,,False,caught
389,1787621360.950727,23.70986899919808,0.061283200047910213,16.317685747777794,True,306,0.04063569940626621,0.0703452005982399,14.215610894498194,False,False,False,,11.286087036132812,0.8218076229095459,12.799920082092285,2.765946865081787,,,2.464014768600464,False,0.184075759,0.568147435688,2,0.9915180206298828,0.8716965317726135,1.3202131986618042,0.18251442909240723,0.16045820713043213,0.243019238114357,0.1840757578611374,0.15335504710674286,0.23958642780780792,0.16766595840454102,0.12395838648080826,0.20851272344589233,0.16766595840454102,0.12395838648080826,0.20851272344589233,0.1676654815673828,0.12395840883255005,0.2085123509168625,False,False,2.5418996810913086,2.867800183594227,0.20758426189422607,1.0,1.0213183164596558,0.24598842859268188,0.8670858144760132,1323.4659423828125,352.751220703125,1323.4659423828125,352.751220703125,False,False,0.051901841990269426,-0.5840134966684456,0.11287105253329233,False,,False,caught
390,1787621361.0113902,23.77148179989308,0.06161280069500208,16.230393501347816,True,307,0.03377310000360012,0.0794907994568348,12.580072245254263,False,False,False,,11.453752517700195,0.945766031742096,12.848400115966797,2.966212034225464,,,2.455044746398926,False,0.184075759,0.568147435688,2,1.0,0.8013371229171753,1.2814605236053467,0.1840757578611374,0.1475067436695099,0.2358858287334442,0.1840757578611374,0.1840757578611374,0.2603224217891693,0.17698892951011658,0.15811392664909363,0.23732908070087433,0.17698892951011658,0.15811392664909363,0.23732908070087433,0.1769886016845703,0.15811389684677124,0.23732881247997284,False,False,2.4987999349832535,2.8505995869636536,0.17242875695228577,1.0,1.0147569179534912,0.20758426189422607,1.0,1326.2701416015625,373.7390441894531,1326.2701416015625,373.7390441894531,False,False,0.0472275247125393,-0.5941603649342184,0.11291986789026397,False,,False,caught
391,1787621361.0711422,23.833424899727106,0.061943099834024906,16.14384818776388,True,308,0.029505399987101555,0.0684714000672102,14.604637834459634,False,False,False,,11.630741119384766,1.1038799285888672,12.885916709899902,3.148698568344116,,,2.399322748184204,False,0.184075759,0.568147435688,2,1.0,1.0,1.4142135381698608,0.1840757578611374,0.1840757578611374,0.2603224217891693,0.18251442909240723,0.16045820713043213,0.243019238114357,0.1801280826330185,0.15944582223892212,0.24055996537208557,0.1801280826330185,0.15944582223892212,0.24055996537208557,0.1801280975341797,0.15944576263427734,0.24055993556976318,False,False,1.3475995510816574,1.8445998430252075,0.12018708139657974,1.0,1.0071965456008911,0.17242875695228577,1.0,1326.902099609375,392.8636169433594,1326.902099609375,392.8636169433594,False,False,0.04270982129298118,-0.6031758358529782,0.11292186605164925,False,,False,caught
392,1787621361.1324413,23.894745899364352,0.06132099963724613,16.307627173654293,True,309,0.012507299892604351,0.06622340064495802,15.100402429667978,False,False,False,,11.810869216918945,1.2633256912231445,12.908174514770508,3.296877861022949,,,2.3107171058654785,False,0.184075759,0.568147435688,2,0.24299687147140503,0.8080397844314575,0.8437865376472473,0.04472983255982399,0.14874053001403809,0.1553206443786621,0.1840757578611374,0.1475067436695099,0.2358858287334442,0.18237096071243286,0.15266263484954834,0.23783406615257263,0.18237096071243286,0.15266263484954834,0.23783406615257263,0.1823711395263672,0.15266263484954834,0.23783421516418457,False,False,1.7918003723025322,1.7413999885320663,0.024073489010334015,1.0,1.0002896785736084,0.12018708139657974,1.0,1323.276123046875,408.3927917480469,1323.276123046875,408.3927917480469,False,False,0.03871739874213553,-0.6102274663800724,0.11274688272689506,False,,False,caught
393,1787621361.195785,23.95604469999671,0.0612988006323576,16.31353288619049,True,310,0.0011816006153821945,0.0783102996647358,12.769712340282537,False,False,False,,11.993240356445312,1.4159883260726929,12.93340015411377,3.531623363494873,,,2.315126657485962,False,0.184075759,0.568147435688,2,0.4330846071243286,1.0,1.089753270149231,0.0797203779220581,0.1840757578611374,0.20059716701507568,0.1840757578611374,0.1840757578611374,0.2603224217891693,0.18333962559700012,0.1705099195241928,0.25037384033203125,0.18333962559700012,0.1705099195241928,0.25037384033203125,0.18334007263183594,0.170509934425354,0.2503741681575775,False,False,2.0429007709026337,3.019999712705612,-0.1039871796965599,1.0,1.0053921937942505,0.024073489010334015,1.0,1317.9910888671875,432.994140625,1317.9910888671875,432.994140625,False,False,0.03200569879716051,-0.621058174147613,0.11294453476895591,False,,False,caught
394,1787621361.2552202,24.017459499649704,0.06141479965299368,16.28272021809412,False,,,,,False,False,False,,12.176580429077148,1.5864982604980469,12.92459774017334,3.7223944664001465,,,2.2630913257598877,False,0.184075759,0.568147435688,2,-0.4088926911354065,1.0,1.0803672075271606,-0.0752672329545021,0.1840757578611374,0.19886940717697144,0.04472983255982399,0.14874053001403809,0.1553206443786621,0.10458902269601822,0.15814170241355896,0.1895986795425415,0.10458902269601822,0.15814170241355896,0.1895986795425415,0.10458946228027344,0.15814173221588135,0.189598947763443,False,False,1.744699664413929,2.7314992621541023,-0.2699926495552063,1.0,1.0358068943023682,-0.1039871796965599,1.0,1306.890380859375,452.9869079589844,1306.890380859375,452.9869079589844,False,False,0.025384791224616607,-0.6289392179844869,0.11284351979062315,False,,False,caught
395,1787621361.3191123,24.07929509971291,0.061835600063204765,16.171913897137863,True,311,0.053810699842870235,0.07262360025197268,13.769628557802559,False,False,False,,12.281169891357422,1.7446399927139282,12.889110565185547,3.941810369491577,,,2.2797255516052246,False,0.184075759,0.568147435688,2,1.0,1.0,1.4142135381698608,0.1840757578611374,0.1840757578611374,0.2603224217891693,0.0797203779220581,0.1840757578611374,0.20059716701507568,0.0904601588845253,0.17287608981132507,0.19511325657367706,0.0904601588845253,0.17287608981132507,0.19511325657367706,0.09045982360839844,0.17287611961364746,0.19511312246322632,False,False,2.3586004972457886,2.966799773275852,-0.4259527325630188,1.0,1.086938738822937,-0.2699926495552063,1.0,1293.6744384765625,475.98175048828125,1293.6744384765625,475.98175048828125,False,False,0.016774961339209183,-0.6372008320127615,0.11296498857540474,False,,False,caught
396,1787621361.381351,24.140521799214184,0.061226699501276016,16.332743854323866,True,312,0.036257099360227585,0.07100330013781786,14.083852413324362,False,False,False,,12.37162971496582,1.9175161123275757,12.813789367675781,4.1561713218688965,,,2.281903028488159,False,0.184075759,0.568147435688,2,0.821205198764801,0.9119540452957153,1.2272074222564697,0.1511639654636383,0.16786862909793854,0.2258991301059723,-0.0752672329545021,0.1840757578611374,0.19886940717697144,-0.0036975741386413574,0.1792391687631607,0.17927730083465576,-0.0036975741386413574,0.1792391687631607,0.17927730083465576,-0.0036973953247070312,0.1792391538619995,0.17927728593349457,False,False,2.6281997561454773,2.4800002574920654,-0.5793476700782776,1.0,1.1557005643844604,-0.4259527325630188,1.0,1276.5369873046875,498.44671630859375,1276.5369873046875,498.44671630859375,False,False,0.0067636111342553205,-0.6440079065026779,0.11295561333029364,False,,False,caught
397,1787621361.4386122,24.20189769938588,0.06137590017169714,16.29304005648034,True,313,0.027724700048565865,0.07839079946279526,12.7565990760766,False,False,False,,12.367932319641113,2.096755266189575,12.718143463134766,4.348788261413574,,,2.2791006565093994,False,0.184075759,0.568147435688,2,-0.22221583127975464,1.0,1.0243923664093018,-0.04090454801917076,0.1840757578611374,0.18856580555438995,0.1840757578611374,0.1840757578611374,0.2603224217891693,0.1029854416847229,0.18198706209659576,0.2091059386730194,0.1029854416847229,0.18198706209659576,0.2091059386730194,0.10298538208007812,0.18198704719543457,0.20910589396953583,False,False,1.4113998040556908,1.8675997853279114,-0.6728931665420532,1.0,1.2053154706954956,-0.5793476700782776,1.0,1260.995361328125,518.6329956054688,1260.995361328125,518.6329956054688,False,False,-0.0033147855714677583,-0.6492532903939693,0.11294903246218463,False,,False,caught
398,1787621361.500265,24.26359310001135,0.0616954006254673,16.20866369068052,True,314,0.017785700038075447,0.06991480011492968,14.303123206476263,False,False,False,,12.470917701721191,2.2787423133850098,12.5792875289917,4.57183837890625,,,2.2956552505493164,False,0.184075759,0.568147435688,2,0.980036735534668,1.0,1.400168538093567,0.1804009974002838,0.1840757578611374,0.25773710012435913,0.1511639654636383,0.16786862909793854,0.2258991301059723,0.13035792112350464,0.1739657074213028,0.2173873335123062,0.13035792112350464,0.1739657074213028,0.2173873335123062,0.1303577423095703,0.1739656925201416,0.21738721430301666,False,False,1.5727998688817024,1.7614001408219337,-0.8086989521980286,1.0,1.2860770225524902,-0.6728931665420532,1.0,1238.4324951171875,542.0086669921875,1238.4324951171875,542.0086669921875,False,False,-0.016053399730069834,-0.6544518316386,0.11296344610372272,False,,False,caught
399,1787621361.561311,24.32454269938171,0.060949599370360374,16.406998738802166,True,315,0.006885499693453312,0.07163660041987896,13.959344722373269,False,False,False,,12.601275444030762,2.4527080059051514,12.42298698425293,4.787095069885254,,,2.3411855697631836,False,0.184075759,0.568147435688,2,0.8468464612960815,1.0,1.3104002475738525,0.15588390827178955,0.1840757578611374,0.24121293425559998,-0.04090454801917076,0.1840757578611374,0.18856580555438995,0.033055514097213745,0.17970970273017883,0.1827245056629181,0.033055514097213745,0.17970970273017883,0.1827245056629181,0.03305530548095703,0.17970967292785645,0.18272443115711212,False,False,1.5907008200883865,1.7531001940369606,-0.9196428656578064,1.0,1.3585811853408813,-0.8086989521980286,1.0,1215.611083984375,564.5675048828125,1215.611083984375,564.5675048828125,False,False,-0.029170575335224675,-0.658771951166712,0.11296120371090035,False,,False,caught
400,1787621361.62027,24.385584599338472,0.06104189995676279,16.38218994999042,False,,,,,False,False,False,,12.634330749511719,2.632417678833008,12.25658893585205,4.982490539550781,,,2.380237579345703,False,0.184075759,0.568147435688,2,-1.0,1.0,1.4142135381698608,-0.1840757578611374,0.1840757578611374,0.2603224217891693,0.1804009974002838,0.1840757578611374,0.25773710012435913,0.11676938086748123,0.18219025433063507,0.21639865636825562,0.11676938086748123,0.18219025433063507,0.21639865636825562,0.11676979064941406,0.1821901798248291,0.21639880537986755,False,False,1.2575993314385414,1.6628000885248184,-0.9980680346488953,1.0,1.4128481149673462,-0.9196428656578064,1.0,1193.75341796875,585.0450439453125,1193.75341796875,585.0450439453125,False,False,-0.04198949507595055,-0.6619374415677862,0.1129858350765499,False,,False,caught
401,1787621361.6824312,24.446767299436033,0.06118270009756088,16.34448951101238,True,316,0.02212539967149496,0.07184299919754267,13.91924072170701,False,False,False,,12.751100540161133,2.814607858657837,12.043562889099121,5.205849647521973,,,2.4937214851379395,False,0.184075759,0.568147435688,2,-1.0,1.0,1.4142135381698608,-0.1840757578611374,0.1840757578611374,0.2603224217891693,0.15588390827178955,0.1840757578611374,0.24121293425559998,0.13899238407611847,0.1832614690065384,0.23000793159008026,0.13899238407611847,0.1832614690065384,0.23000793159008026,0.1389923095703125,0.18326139450073242,0.2300078272819519,False,False,1.2025004252791405,2.0746001973748207,-1.0,1.0,1.4142135381698608,-0.9980680346488953,1.0,1171.82080078125,608.4530029296875,1171.82080078125,608.4530029296875,False,False,-0.057464974063921655,-0.6648532245652924,0.11298347412722387,False,,False,caught
402,1787621361.745109,24.508404599502683,0.061637300066649914,16.22394230309692,True,317,0.011188399977982044,0.10730140004307032,9.319542891319259,False,False,False,,12.890092849731445,2.9978692531585693,11.822922706604004,5.424702167510986,,,2.6511073112487793,False,0.184075759,0.568147435688,2,1.0,1.0,1.4142135381698608,0.1840757578611374,0.1840757578611374,0.2603224217891693,-0.1840757578611374,0.1840757578611374,0.2603224217891693,-0.04455798119306564,0.1837240755558014,0.1890501230955124,-0.04455798864364624,0.1837240755558014,0.1890501230955124,-0.04455757141113281,0.18372416496276855,0.1890501230955124,False,False,1.829199492931366,2.2954000160098076,-1.0,1.0,1.4142135381698608,-1.0,1.0,1149.2271728515625,631.3887939453125,1149.2271728515625,631.3887939453125,False,False,-0.07300815178335802,-0.6673376867213414,0.1130276118991197,False,,False,caught
403,1787621361.8065023,24.57036899961531,0.06196440011262894,16.13829873576377,True,318,0.007308400236070156,0.07226140052080154,13.838646812721748,False,False,False,,12.845535278320312,3.181593418121338,11.599897384643555,5.648487091064453,,,2.7635445594787598,False,0.184075759,0.568147435688,2,-1.0,1.0,1.4142135381698608,-0.1840757578611374,0.1840757578611374,0.2603224217891693,-0.1840757578611374,0.1840757578611374,0.2603224217891693,-0.12382446974515915,0.18392392992973328,0.22172169387340546,-0.12382446974515915,0.18392392992973328,0.22172169387340546,-0.1238241195678711,0.18392395973205566,0.22172152996063232,False,False,1.4078998938202858,1.8560001626610756,-1.0,1.0,1.4142135381698608,-1.0,1.0,1126.389404296875,654.8414306640625,1126.389404296875,654.8414306640625,False,False,-0.08870729385639319,-0.6699404398103821,0.11299133453938785,False,,False,caught
404,1787621361.8669715,24.631264899857342,0.06089590024203062,16.42146673299027,False,,,,,False,False,False,,12.721711158752441,3.3655173778533936,11.404399871826172,5.844898700714111,,,2.8076040744781494,False,0.184075759,0.568147435688,2,-1.0,1.0,1.4142135381698608,-0.1840757578611374,0.1840757578611374,0.2603224217891693,0.1840757578611374,0.1840757578611374,0.2603224217891693,0.05110840126872063,0.18401020765304565,0.19097597897052765,0.051108404994010925,0.18401020765304565,0.19097597897052765,0.051108360290527344,0.18401026725769043,0.19097602367401123,False,False,1.6176002100110054,2.4236999452114105,-1.0,1.0,1.4142135381698608,-1.0,1.0,1106.37060546875,675.4254150390625,1106.37060546875,675.4254150390625,False,False,-0.10240020355039317,-0.6722194812653116,0.11291894398563447,False,,False,caught
405,1787621361.9198492,24.681118899956346,0.049854000099003315,20.058570987566394,True,319,0.04006060026586056,0.06584300007671118,15.187643315689412,False,False,False,,12.772819519042969,3.549527645111084,11.234325408935547,6.014034748077393,,,2.9052984714508057,False,0.184075759,0.568147435688,2,-1.0,1.0,1.4142135381698608,-0.1840757578611374,0.1840757578611374,0.2603224217891693,-0.1840757578611374,0.1840757578611374,0.2603224217891693,-0.08251088857650757,0.18404747545719147,0.20169660449028015,-0.08251088857650757,0.18404747545719147,0.20169660449028015,-0.08251094818115234,0.18404746055603027,0.20169661939144135,False,False,2.1671000868082047,2.472999505698681,-0.9250075221061707,1.0,1.3622183799743652,-1.0,1.0,1093.5625,693.1508178710938,1093.5625,693.1508178710938,False,False,-0.11420180525560086,-0.6741213818203319,0.11293956574812633,False,,False,caught
406,1787621361.9761784,24.73847489990294,0.05735599994659424,17.4349675871945,True,320,0.014685600064694881,0.07839829940348864,12.755378721333605,False,False,False,,12.690308570861816,3.7335751056671143,11.017423629760742,6.235081672668457,,,3.0093319416046143,False,0.184075759,0.568147435688,2,-1.0,1.0,1.4142135381698608,-0.1840757578611374,0.1840757578611374,0.2603224217891693,-0.1840757578611374,0.1840757578611374,0.2603224217891693,-0.140214741230011,0.18406353890895844,0.23138616979122162,-0.140214741230011,0.18406353890895844,0.23138616979122162,-0.1402149200439453,0.18406343460083008,0.231386199593544,False,False,2.0895004272460938,2.057500183582306,-0.8746349215507507,0.9761888384819031,1.3106986284255981,-0.9250075221061707,1.0,1074.4466552734375,714.8193359375,1074.4466552734375,714.8193359375,False,False,-0.12933918233740033,-0.6767532802344536,0.112938634464891,False,,False,caught
407,1787621362.0381322,24.80101179983467,0.06253689993172884,15.990559191320548,True,321,0.004150699824094772,0.08232730068266392,12.146638984977375,False,False,False,,12.550093650817871,3.9176385402679443,10.846446990966797,6.425876617431641,,,3.032106637954712,False,0.184075759,0.568147435688,2,-1.0,0.5590649843215942,1.145667314529419,-0.1840757578611374,0.10291031002998352,0.21088957786560059,-0.1840757578611374,0.1840757578611374,0.2603224217891693,-0.16513434052467346,0.1840704381465912,0.2472878396511078,-0.16513434052467346,0.1840704381465912,0.2472878396511078,-0.16513442993164062,0.18407034873962402,0.2472878396511078,False,False,1.4774994924664497,2.1648993715643883,-0.8643777370452881,0.944130003452301,1.2800508737564087,-0.8746349215507507,0.9761888384819031,1057.5687255859375,732.7987060546875,1057.5687255859375,732.7987060546875,False,False,-0.1417105953565287,-0.679492681742069,0.1130066601991663,False,,False,caught
408,1787621362.099562,24.861812999472022,0.06080119963735342,16.447043906443692,False,,,,,False,False,False,,12.38495922088623,4.101708889007568,10.650434494018555,6.642104148864746,,,3.076066255569458,False,0.184075759,0.568147435688,2,-1.0,1.0,1.4142135381698608,-0.1840757578611374,0.1840757578611374,0.2603224217891693,-0.1840757578611374,0.1840757578611374,0.2603224217891693,-0.17589589953422546,0.18407341837882996,0.2546024024486542,-0.17589589953422546,0.18407341837882996,0.2546024024486542,-0.17589569091796875,0.18407344818115234,0.254602313041687,False,False,2.005999907851219,3.2163001596927643,-0.8881199359893799,0.9095420837402344,1.2712292671203613,-0.8643777370452881,0.944130003452301,1036.0384521484375,753.2845458984375,1036.0384521484375,753.2845458984375,False,False,-0.15574508220887193,-0.6825150293275732,0.11297751729532383,False,,False,caught
409,1787621362.1631353,24.923367999494076,0.06155500002205372,16.245633980045866,True,322,0.056955999694764614,0.07307530008256435,13.684514451122977,False,False,False,,12.209063529968262,4.285782337188721,10.462206840515137,6.843025207519531,,,3.0969338417053223,False,0.184075759,0.568147435688,2,0.14415454864501953,0.41474878787994385,0.4390866458415985,0.026535358279943466,0.07634519785642624,0.08082520961761475,-0.1840757578611374,0.10291031002998352,0.21088957786560059,-0.1805431842803955,0.13796082139015198,0.22722022235393524,-0.1805431842803955,0.13796082139015198,0.22722022235393524,-0.1805429458618164,0.13796091079711914,0.2272200882434845,False,False,2.5070998817682266,2.8110994026064873,-0.9160356521606445,0.8717687129974365,1.2645560503005981,-0.8881199359893799,0.9095420837402344,1015.0487060546875,771.9658813476562,1015.0487060546875,771.9658813476562,False,False,-0.1689496121845196,-0.6851295286580165,0.11295231390188201,False,,False,caught
410,1787621362.2249014,24.98456669971347,0.061198700219392776,16.34021631856681,True,323,0.05260440055280924,0.0699155991896987,14.302959734161002,False,False,False,,12.028520584106445,4.42374324798584,10.286434173583984,7.0198493003845215,,,3.1264407634735107,False,0.184075759,0.568147435688,2,-1.0,1.0,1.4142135381698608,-0.1840757578611374,0.1840757578611374,0.2603224217891693,-0.1840757578611374,0.1840757578611374,0.2603224217891693,-0.1825501024723053,0.16416093707084656,0.24550631642341614,-0.1825501024723053,0.16416093707084656,0.24550631642341614,-0.18255043029785156,0.16416072845458984,0.2455064207315445,False,False,2.656899392604828,3.222099505364895,-0.9251964092254639,0.8315185308456421,1.2439498901367188,-0.9160356521606445,0.8717687129974365,996.4868774414062,787.9661254882812,996.4868774414062,787.9661254882812,False,False,-0.18089900567821748,-0.687122358896122,0.11299122007145326,False,,False,caught
411,1787621362.2862062,25.046347700059414,0.06178100034594536,16.186206024513314,True,324,0.03937290050089359,0.06518900021910667,15.340011300049106,False,False,False,,11.845970153808594,4.58790397644043,10.081477165222168,7.208629608154297,,,3.1593730449676514,False,0.184075759,0.568147435688,2,-0.9690425395965576,1.0,1.3924953937530518,-0.17837724089622498,0.1840757578611374,0.2563246488571167,0.026535358279943466,0.07634519785642624,0.08082520961761475,-0.06375887989997864,0.11426856368780136,0.13085296750068665,-0.06375887989997864,0.11426856368780136,0.13085296750068665,-0.06375885009765625,0.11426877975463867,0.13085314631462097,False,False,2.4640001356601715,2.399899996817112,-0.9410492777824402,0.7822763919830322,1.2237361669540405,-0.9251964092254639,0.8315185308456421,974.5252075195312,804.6539306640625,974.5252075195312,804.6539306640625,False,False,-0.19425053321219363,-0.6887331651841831,0.11296062712231743,False,,False,caught
412,1787621362.3455698,25.10785079933703,0.06150309927761555,16.25934321595979,True,325,0.024947399273514748,0.07501090038567781,13.331395768593316,False,False,False,,11.782211303710938,4.702172756195068,9.877360343933105,7.3838067054748535,,,3.289318799972534,False,0.184075759,0.568147435688,2,-1.0,1.0,1.4142135381698608,-0.1840757578611374,0.1840757578611374,0.2603224217891693,-0.1840757578611374,0.1840757578611374,0.2603224217891693,-0.13211658596992493,0.1539294421672821,0.20285232365131378,-0.13211658596992493,0.1539294421672821,0.20285232365131378,-0.13211631774902344,0.1539292335510254,0.20285199582576752,False,False,1.4515994116663933,1.9668005406856537,-0.8061016201972961,0.7255263328552246,1.0845221281051636,-0.9410492777824402,0.7822763919830322,961.9148559570312,819.4440307617188,961.9148559570312,819.4440307617188,False,False,-0.20710496982776117,-0.6898135948289408,0.11299742399838772,False,,False,caught
413,1787621362.4079196,25.169197999872267,0.06134720053523779,16.300662316703445,True,326,0.015057000331580639,0.07592359930276871,13.171135314754935,False,False,False,,11.650094985961914,4.856101989746094,9.698104858398438,7.5327348709106445,,,3.312797784805298,False,0.184075759,0.568147435688,2,-1.0,1.0,1.4142135381698608,-0.1840757578611374,0.1840757578611374,0.2603224217891693,-0.17837724089622498,0.1840757578611374,0.2563246488571167,-0.15839934349060059,0.17105689644813538,0.23313261568546295,-0.15839934349060059,0.17105689644813538,0.23313261568546295,-0.1583995819091797,0.17105674743652344,0.23313266038894653,False,False,1.583099365234375,2.6361001655459404,-0.7801318764686584,0.6771034598350525,1.0329930782318115,-0.8061016201972961,0.7255263328552246,945.154541015625,832.0068359375,945.154541015625,832.0068359375,False,False,-0.21820008045918066,-0.6905611684790901,0.11298811704719734,False,,False,caught
414,1787621362.4673076,25.230602599680424,0.06140459980815649,16.285424921329234,True,327,0.006095799617469311,0.0713143004104495,14.022433007748788,False,False,False,,11.491695404052734,5.027158737182617,9.522430419921875,7.6902594566345215,,,3.3121156692504883,False,0.184075759,0.568147435688,2,-1.0,0.6567245721817017,1.196364164352417,-0.1840757578611374,0.12088707089424133,0.2202216386795044,-0.1840757578611374,0.1840757578611374,0.2603224217891693,-0.1729874312877655,0.1784534752368927,0.24853630363941193,-0.1729874312877655,0.1784534752368927,0.24853630363941193,-0.1729869842529297,0.1784534454345703,0.24853597581386566,False,False,1.5497999265789986,1.7512999475002289,-0.7970157861709595,0.6135469675064087,1.0058200359344482,-0.7801318764686584,0.6771034598350525,926.1282348632812,844.51904296875,926.1282348632812,844.51904296875,False,False,-0.22936487333212643,-0.6917539916743148,0.1129525735412478,False,,False,caught
415,1787621362.5312932,25.291556799784303,0.060954200103878975,16.405760362629422,False,,,,,False,False,False,,11.318708419799805,5.2056121826171875,9.373860359191895,7.815957546234131,,,3.2552013397216797,False,0.184075759,0.568147435688,2,-1.0,1.0,1.4142135381698608,-0.1840757578611374,0.1840757578611374,0.2603224217891693,-0.1840757578611374,0.1840757578611374,0.2603224217891693,-0.17928704619407654,0.18164774775505066,0.25522491335868835,-0.17928704619407654,0.18164774775505066,0.25522491335868835,-0.17928695678710938,0.18164777755737305,0.2552248537540436,False,False,2.299100160598755,3.9590001106262207,-0.8359746336936951,0.5535423755645752,1.002627968788147,-0.7970157861709595,0.6135469675064087,908.5209350585938,853.9190673828125,908.5209350585938,853.9190673828125,False,False,-0.2385534196393932,-0.6924583679002195,0.11289757999182087,False,,False,caught
416,1787621362.591664,25.352882799692452,0.06132599990814924,16.306297516514135,True,328,0.05836009979248047,0.07029009982943535,14.226754584594152,False,False,False,,11.139421463012695,5.3872599601745605,9.194217681884766,7.945654392242432,,,3.213907241821289,False,0.184075759,0.568147435688,2,-1.0,1.0,1.4142135381698608,-0.1840757578611374,0.1840757578611374,0.2603224217891693,-0.1840757578611374,0.12088707089424133,0.2202216386795044,-0.18200770020484924,0.14712673425674438,0.23403649032115936,-0.18200770020484924,0.14712673425674438,0.23403649032115936,-0.1820077896118164,0.1471266746520996,0.23403652012348175,False,False,1.4555994421243668,2.6418007910251617,-0.8729015588760376,0.4939931631088257,1.0029886960983276,-0.8359746336936951,0.5535423755645752,887.8568115234375,863.7669067382812,887.8568115234375,863.7669067382812,False,False,-0.24898201440561615,-0.6924183458822414,0.1129051268395731,False,,False,caught
417,1787621362.656166,25.414163599722087,0.06128080002963543,16.318324818155105,True,329,0.04865009989589453,0.07043320033699274,14.197849809683895,False,False,False,,10.957413673400879,5.53438663482666,9.007597923278809,8.05536937713623,,,3.187026023864746,False,0.184075759,0.568147435688,2,-1.0,1.0,1.4142135381698608,-0.1840757578611374,0.1840757578611374,0.2603224217891693,-0.1840757578611374,0.1840757578611374,0.2603224217891693,-0.1831827014684677,0.16811919212341309,0.24863620102405548,-0.1831827014684677,0.16811919212341309,0.24863620102405548,-0.1831827163696289,0.1681194305419922,0.2486363798379898,False,False,1.931600272655487,2.9680002480745316,-0.8971286416053772,0.4336160719394684,0.9964249730110168,-0.8729015588760376,0.4939931631088257,867.2584228515625,871.4685668945312,867.2584228515625,871.4685668945312,False,False,-0.25905962487362594,-0.6913811442157133,0.11285824361937723,False,,False,caught
418,1787621362.7153482,25.47550019994378,0.061336600221693516,16.303479429665554,True,330,0.03718509990721941,0.07057549990713596,14.169223049299138,False,False,False,,10.77423095703125,5.702506065368652,8.809990882873535,8.159351348876953,,,3.1455249786376953,False,0.184075759,0.568147435688,2,-1.0,1.0,1.4142135381698608,-0.1840757578611374,0.1840757578611374,0.2603224217891693,-0.1840757578611374,0.1840757578611374,0.2603224217891693,-0.18369010090827942,0.17718496918678284,0.25521865487098694,-0.18369010090827942,0.17718496918678284,0.25521865487098694,-0.18369007110595703,0.17718505859375,0.2552186846733093,False,False,2.17369943857193,2.9425006359815598,-0.9211937785148621,0.38671639561653137,0.9990733861923218,-0.8971286416053772,0.4336160719394684,845.544921875,879.4168090820312,845.544921875,879.4168090820312,False,False,-0.26934606057940563,-0.6898021199170091,0.11295341261478056,False,,False,caught
419,1787621362.7747517,25.53699789941311,0.06149769946932793,16.260770868327384,True,331,0.031274099834263325,0.0728040998801589,13.735490194179672,False,False,False,,10.590540885925293,5.879691123962402,8.631952285766602,8.238346099853516,,,3.065831422805786,False,0.184075759,0.568147435688,2,-1.0,1.0,1.4142135381698608,-0.1840757578611374,0.1840757578611374,0.2603224217891693,-0.1840757578611374,0.1840757578611374,0.2603224217891693,-0.18390920758247375,0.181099995970726,0.25810813903808594,-0.18390920758247375,0.181099995970726,0.25810813903808594,-0.18390941619873047,0.18109989166259766,0.2581081986427307,False,False,1.5578996390104294,2.2766003385186195,-0.9262221455574036,0.34171557426452637,0.9872471690177917,-0.9211937785148621,0.38671639561653137,827.0048217773438,884.86572265625,827.0048217773438,884.86572265625,False,False,-0.2781675672067172,-0.6878007524211496,0.11291377064409197,False,,False,caught
420,1787621362.8346999,25.59900529962033,0.06200740020722151,16.127107355865856,True,332,0.02021300047636032,0.06740560010075569,14.835562601701232,False,False,False,,10.406631469726562,6.060791015625,8.419489860534668,8.320357322692871,,,3.0090482234954834,False,0.184075759,0.568147435688,2,-1.0,1.0,1.4142135381698608,-0.1840757578611374,0.1840757578611374,0.2603224217891693,-0.1840757578611374,0.1840757578611374,0.2603224217891693,-0.18400391936302185,0.1827906221151352,0.2593643367290497,-0.18400391936302185,0.1827906221151352,0.2593643367290497,-0.1840038299560547,0.18279075622558594,0.25936436653137207,False,False,1.334499567747116,1.6344999894499779,-0.9167928099632263,0.2868133783340454,0.9606096744537354,-0.9262221455574036,0.34171557426452637,805.8280029296875,890.0081787109375,805.8280029296875,890.0081787109375,False,False,-0.2883165316086524,-0.6849336430213179,0.11287022622663725,False,,False,caught
421,1787621362.8982532,25.660523899830878,0.06151860021054745,16.255246325135804,True,333,0.009842600673437119,0.07307299971580505,13.68494524501789,False,False,False,,10.222627639770508,6.243581771850586,8.22036075592041,8.387786865234375,,,2.9337158203125,False,0.184075759,0.568147435688,2,-1.0,1.0,1.4142135381698608,-0.1840757578611374,0.1840757578611374,0.2603224217891693,-0.1840757578611374,0.1840757578611374,0.2603224217891693,-0.18404468894004822,0.1835208237171173,0.2599083483219147,-0.18404468894004822,0.1835208237171173,0.2599083483219147,-0.18404483795166016,0.18352079391479492,0.25990840792655945,False,False,2.093200571835041,2.34880018979311,-0.9193397164344788,0.24705056846141815,0.9519556164741516,-0.9167928099632263,0.2868133783340454,785.2807006835938,894.5745849609375,785.2807006835938,894.5745849609375,False,False,-0.29753443097499066,-0.6818807378440221,0.11291856062011685,False,,False,caught
422,1787621362.9608223,25.7221050998196,0.0615811999887228,16.238722210400695,True,334,0.006517699919641018,0.07188780046999454,13.910566096919224,False,False,False,,10.038582801818848,6.427102565765381,8.009894371032715,8.448591232299805,,,2.8639121055603027,False,0.184075759,0.568147435688,2,-0.6033186912536621,1.0,1.1679012775421143,-0.11105634272098541,0.1840757578611374,0.2149823158979416,-0.1840757578611374,0.1840757578611374,0.2603224217891693,-0.1840624064207077,0.18383610248565674,0.26014357805252075,-0.1840624064207077,0.18383610248565674,0.26014357805252075,-0.18406200408935547,0.1838359832763672,0.2601432204246521,False,False,1.5543997287750244,2.062699757516384,-0.9065091609954834,0.2084333300590515,0.9301630854606628,-0.9193397164344788,0.24705056846141815,764.517333984375,898.5186767578125,764.517333984375,898.5186767578125,False,False,-0.3069565156690805,-0.6782487231979007,0.11297374325028568,False,,False,caught
423,1787621363.0207472,25.783547699451447,0.06144259963184595,16.275353028547574,False,,,,,False,False,False,,9.854520797729492,6.610938549041748,7.827166557312012,8.49196720123291,,,2.765580177307129,False,0.184075759,0.568147435688,2,-1.0,1.0,1.4142135381698608,-0.1840757578611374,0.1840757578611374,0.2603224217891693,-0.1840757578611374,0.1840757578611374,0.2603224217891693,-0.18406981229782104,0.18397220969200134,0.26024502515792847,-0.18406981229782104,0.18397220969200134,0.26024502515792847,-0.18406963348388672,0.18397235870361328,0.2602449953556061,False,False,1.563199795782566,3.5648001357913017,-0.8845265507698059,0.17578749358654022,0.9018250703811646,-0.9065091609954834,0.2084333300590515,747.156494140625,901.01171875,747.156494140625,901.01171875,False,False,-0.31485331460541055,-0.6747307529195092,0.11306261600526744,False,,False,caught
424,1787621363.0832868,25.845599899999797,0.06205220054835081,16.115463934607835,True,335,0.06094540003687143,0.06490159966051579,15.407940716881443,False,False,False,,9.670451164245605,6.794910907745361,7.6233696937561035,8.535233497619629,,,2.6868691444396973,False,0.184075759,0.568147435688,2,-1.0,0.8342999815940857,1.302327275276184,-0.1840757578611374,0.1535744071006775,0.23972688615322113,-0.11105634272098541,0.1840757578611374,0.2149823158979416,-0.1425873190164566,0.18403109908103943,0.23280590772628784,-0.1425873190164566,0.18403109908103943,0.23280590772628784,-0.14258766174316406,0.18403100967407227,0.2328060418367386,False,False,2.182500436902046,1.997300423681736,-0.8538110852241516,0.13541066646575928,0.8644821643829346,-0.8845265507698059,0.17578749358654022,728.1748657226562,903.0071411132812,728.1748657226562,903.0071411132812,False,False,-0.3234978024341893,-0.6706142364020689,0.1130054561922472,False,,False,caught
425,1787621363.1475186,25.906732100062072,0.06113220006227493,16.357991352859987,True,336,0.04989630077034235,0.06945919990539551,14.39694095759835,False,False,False,,9.527863502502441,6.978941917419434,7.428516387939453,8.57145881652832,,,2.6350274085998535,False,0.184075759,0.568147435688,2,-1.0,0.6861597895622253,1.2127717733383179,-0.1840757578611374,0.12630538642406464,0.2232418656349182,-0.1840757578611374,0.1840757578611374,0.2603224217891693,-0.1661590188741684,0.18405643105506897,0.24796287715435028,-0.1661590188741684,0.18405643105506897,0.24796287715435028,-0.16615867614746094,0.18405628204345703,0.24796253442764282,False,False,2.5269994512200356,3.2123997807502747,-0.7943044304847717,0.08403415977954865,0.7987372875213623,-0.8538110852241516,0.13541066646575928,711.8779907226562,903.5729370117188,711.8779907226562,903.5729370117188,False,False,-0.3316010863656759,-0.6664841713963121,0.11294364889696432,False,,False,caught
426,1787621363.2046888,25.96799949929118,0.06126739922910929,16.321894067357135,True,337,0.030946100130677223,0.07179050054401159,13.929419525177208,False,False,False,,9.36170482635498,7.162998199462891,7.262757301330566,8.594130516052246,,,2.540417194366455,False,0.184075759,0.568147435688,2,-1.0,1.0,1.4142135381698608,-0.1840757578611374,0.1840757578611374,0.2603224217891693,-0.1840757578611374,0.1535744071006775,0.23972688615322113,-0.17633822560310364,0.16673807799816132,0.24268653988838196,-0.17633822560310364,0.16673807799816132,0.24268653988838196,-0.17633819580078125,0.16673803329467773,0.24268649518489838,False,False,1.8482999876141548,1.7170999199151993,-0.7619096040725708,0.03461945429444313,0.7626957297325134,-0.7943044304847717,0.08403415977954865,696.8946533203125,902.841796875,696.8946533203125,902.841796875,False,False,-0.3382557440569275,-0.6626557383134697,0.1128651354102223,False,,False,caught
427,1787621363.2683399,26.029575099237263,0.06157559994608164,16.24019905410008,True,338,0.015485200099647045,0.08021399937570095,12.466651803711558,False,False,False,,9.1853666305542,7.329736232757568,7.084671974182129,8.60631275177002,,,2.458163022994995,False,0.184075759,0.568147435688,2,-1.0,0.7209149599075317,1.2327685356140137,-0.1840757578611374,0.13270296156406403,0.22692281007766724,-0.1840757578611374,0.12630538642406464,0.2232418656349182,-0.1807342767715454,0.14376632869243622,0.2309407740831375,-0.1807342767715454,0.14376632869243622,0.2309407740831375,-0.18073463439941406,0.1437664031982422,0.23094108700752258,False,False,2.007199451327324,2.5706999003887177,-0.7302420735359192,-0.014698516577482224,0.7303900122642517,-0.7619096040725708,0.03461945429444313,680.6043701171875,901.0172729492188,680.6043701171875,901.0172729492188,False,False,-0.34505762909825033,-0.6580681273672355,0.11287717042321979,False,,False,caught
428,1787621363.3302124,26.091547599993646,0.06197250075638294,16.13618924191959,True,339,0.006865200586616993,0.0770377004519105,12.980657446080356,False,False,False,,9.004631996154785,7.4735026359558105,6.914007663726807,8.607524871826172,,,2.378385305404663,False,0.184075759,0.568147435688,2,-1.0,1.0,1.4142135381698608,-0.1840757578611374,0.1840757578611374,0.2603224217891693,-0.1840757578611374,0.1840757578611374,0.2603224217891693,-0.18263289332389832,0.16666805744171143,0.24725091457366943,-0.18263289332389832,0.16666805744171143,0.24725091457366943,-0.1826324462890625,0.16666793823242188,0.247250497341156,False,False,2.1818000823259354,2.5647999718785286,-0.7115521430969238,-0.05693347379565239,0.7138262391090393,-0.7302420735359192,-0.014698516577482224,664.276611328125,898.4886474609375,664.276611328125,898.4886474609375,False,False,-0.35127860169720665,-0.6532646912050101,0.112917397801895,False,,False,caught
429,1787621363.3927774,26.153025299310684,0.06147769931703806,16.26606088238663,False,,,,,False,False,False,,8.821999549865723,7.640170574188232,6.771461486816406,8.601744651794434,,,2.2648024559020996,False,0.184075759,0.568147435688,2,-1.0,1.0,1.4142135381698608,-0.1840757578611374,0.1840757578611374,0.2603224217891693,-0.1840757578611374,0.13270296156406403,0.22692281007766724,-0.18345245718955994,0.1473708152770996,0.23531459271907806,-0.18345245718955994,0.1473708152770996,0.23531459271907806,-0.18345260620117188,0.1473708152770996,0.23531471192836761,False,False,2.705499529838562,3.4358007833361626,-0.6985160708427429,-0.09718790650367737,0.705244779586792,-0.7115521430969238,-0.05693347379565239,650.4807739257812,895.3516845703125,650.4807739257812,895.3516845703125,False,False,-0.35628201456864383,-0.6489889263940585,0.11299144343980784,False,,False,caught
430,1787621363.4539182,26.21415239945054,0.06112710013985634,16.359356123749375,True,340,0.058203499764204025,0.07059760019183159,14.164787433039457,False,False,False,,8.63854694366455,7.787541389465332,6.612268447875977,8.583388328552246,,,2.1769649982452393,False,0.184075759,0.568147435688,2,-1.0,-1.0,1.4142135381698608,-0.1840757578611374,-0.1840757578611374,0.2603224217891693,-0.1840757578611374,0.1840757578611374,0.2603224217891693,-0.1838066577911377,0.16822463274002075,0.24916744232177734,-0.1838066577911377,0.16822463274002075,0.24916744232177734,-0.1838064193725586,0.16822481155395508,0.24916738271713257,False,False,2.3872992023825645,2.933499403297901,-0.6865619421005249,-0.13828760385513306,0.7003504633903503,-0.6985160708427429,-0.09718790650367737,634.9139404296875,890.8435668945312,634.9139404296875,890.8435668945312,False,False,-0.3615385736019753,-0.6437475705259663,0.1129669266533168,False,,False,caught
431,1787621363.5172002,26.27532469946891,0.06117230001837015,16.34726828482333,True,341,0.03758869972079992,0.0716528994962573,13.956169352954568,False,False,False,,8.454740524291992,7.955766201019287,6.456502914428711,8.556893348693848,,,2.086697578430176,False,0.184075759,0.568147435688,2,-1.0,-0.37395745515823364,1.0676348209381104,-0.1840757578611374,-0.0688365027308464,0.1965256929397583,-0.1840757578611374,0.1840757578611374,0.2603224217891693,-0.1839594542980194,0.17723047733306885,0.25544416904449463,-0.1839594542980194,0.17723047733306885,0.25544416904449463,-0.1839590072631836,0.1772303581237793,0.2554437518119812,False,False,2.7403999119997025,3.0577993020415306,-0.6781915426254272,-0.18756693601608276,0.7036512494087219,-0.6865619421005249,-0.13828760385513306,619.4778442382812,884.9681396484375,619.4778442382812,884.9681396484375,False,False,-0.36644436047289236,-0.6382856682468083,0.11297467613564555,False,,False,caught
432,1787621363.5765586,26.336779699660838,0.061455000191926956,16.272068942754068,True,342,0.029629900120198727,0.08140190038830042,12.284725482204173,False,False,False,,8.270781517028809,8.132996559143066,6.329640865325928,8.527486801147461,,,1.9808204174041748,False,0.184075759,0.568147435688,2,-1.0,0.8168736696243286,1.291232943534851,-0.1840757578611374,0.1503666341304779,0.2376846820116043,-0.1840757578611374,-0.1840757578611374,0.2603224217891693,-0.1840253472328186,-0.02804478257894516,0.18615004420280457,-0.1840253472328186,-0.028044790029525757,0.18615004420280457,-0.18402576446533203,-0.028044700622558594,0.1861504465341568,False,False,2.1232999861240387,2.484300173819065,-0.6862711906433105,-0.28300341963768005,0.7423335313796997,-0.6781915426254272,-0.18756693601608276,605.9907836914062,875.8853759765625,605.9907836914062,875.8853759765625,False,False,-0.3702238869849279,-0.633529940888889,0.11290761942761812,False,,False,caught
433,1787621363.6344535,26.39879519958049,0.06201549991965294,16.125001028704055,True,343,0.02108099963515997,0.06941379979252815,14.406357280381043,False,False,False,,8.086755752563477,8.104951858520508,6.226405143737793,8.49605941772461,,,1.9010180234909058,False,0.184075759,0.568147435688,2,-1.0,1.0,1.4142135381698608,-0.1840757578611374,0.1840757578611374,0.2603224217891693,-0.1840757578611374,-0.0688365027308464,0.1965256929397583,-0.1840541660785675,-0.05122045800089836,0.19104833900928497,-0.1840541660785675,-0.05122045800089836,0.19104833900928497,-0.18405437469482422,-0.05122089385986328,0.19104866683483124,False,False,1.4170007780194283,2.060900442302227,-0.6632644534111023,-0.3703465163707733,0.7596554160118103,-0.6862711906433105,-0.28300341963768005,596.8329467773438,867.099609375,596.8329467773438,867.099609375,False,False,-0.3730942891717103,-0.6293640819879857,0.1129799902359721,False,,False,caught
434,1787621363.6967938,26.46008069999516,0.061285500414669514,16.317073259315944,False,,,,,False,False,False,,7.902701377868652,8.053730964660645,6.060950756072998,8.416034698486328,,,1.8770480155944824,False,0.184075759,0.568147435688,2,-1.0,1.0,1.4142135381698608,-0.1840757578611374,0.1840757578611374,0.2603224217891693,-0.1840757578611374,0.1503666341304779,0.2376846820116043,-0.1840665340423584,0.06331053376197815,0.19465023279190063,-0.1840665340423584,0.06331053376197815,0.19465023279190063,-0.1840667724609375,0.06331062316894531,0.19465048611164093,False,False,1.9770003855228424,2.694999799132347,-0.6531718969345093,-0.5012891888618469,0.8233616352081299,-0.6632644534111023,-0.3703465163707733,580.5104370117188,850.4793701171875,580.5104370117188,850.4793701171875,False,False,-0.3768881422075755,-0.6215105131489528,0.11290766422846371,False,,False,caught
435,1787621363.761495,26.521646599285305,0.061565899290144444,16.24275794766278,True,344,0.059497700072824955,0.07056450005620718,14.171431799324926,False,False,False,,7.718634605407715,8.11704158782959,5.927086353302002,8.336016654968262,,,1.8048808574676514,False,0.184075759,0.568147435688,2,-1.0,0.1658388376235962,1.013658046722412,-0.1840757578611374,0.030526909977197647,0.18658986687660217,-0.1840757578611374,0.1840757578611374,0.2603224217891693,-0.1840718686580658,0.13192301988601685,0.2264644354581833,-0.1840718686580658,0.13192301988601685,0.2264644354581833,-0.18407201766967773,0.13192272186279297,0.22646436095237732,False,False,2.1570995450019836,3.1498000025749207,-0.6531283259391785,-0.6589259505271912,0.9277715682983398,-0.6531718969345093,-0.5012891888618469,566.805419921875,832.1812744140625,566.805419921875,832.1812744140625,False,False,-0.37954346935666894,-0.6145478472634303,0.1129830870426336,False,,False,caught
436,1787621363.8232906,26.58295359928161,0.06130699999630451,16.311351070192284,True,345,0.05494559928774834,0.0847843000665307,11.794636497739493,False,False,False,,7.534562587738037,8.248964309692383,5.7793097496032715,8.20871353149414,,,1.7557142972946167,False,0.184075759,0.568147435688,2,-1.0,-0.1504693329334259,1.0112571716308594,-0.1840757578611374,-0.02769775688648224,0.18614792823791504,-0.1840757578611374,0.1840757578611374,0.2603224217891693,-0.18407413363456726,0.16155333817005157,0.24491380155086517,-0.18407413363456726,0.16155333817005157,0.24491380155086517,-0.18407392501831055,0.16155338287353516,0.24491366744041443,False,False,2.5661997497081757,2.8671994805336,-0.6521377563476562,-0.8980510234832764,1.1098555326461792,-0.6531283259391785,-0.6589259505271912,551.7340087890625,803.8037109375,551.7340087890625,803.8037109375,False,False,-0.38141928328756397,-0.6053032110401418,0.1129152666698441,False,,False,caught
437,1787621363.8712122,26.633470099419355,0.050516500137746334,19.79551230337099,True,346,0.03564209956675768,0.06550600007176399,15.265777163992105,False,False,False,,7.350488662719727,8.410517692565918,5.672099590301514,8.092390060424805,,,1.7082725763320923,False,0.184075759,0.568147435688,2,-1.0,-0.5615812540054321,1.146897315979004,-0.1840757578611374,-0.10337349772453308,0.2111160010099411,-0.1840757578611374,0.030526909977197647,0.18658986687660217,-0.18407496809959412,0.08711102604866028,0.20364657044410706,-0.18407496809959412,0.08711102604866028,0.20364657044410706,-0.18407487869262695,0.0871114730834961,0.2036466747522354,False,False,2.0984001457691193,2.524999901652336,-0.6160286068916321,-1.0,1.1745173931121826,-0.6521377563476562,-0.8980510234832764,542.9742431640625,785.2025146484375,542.9742431640625,785.2025146484375,False,False,-0.3821313187391453,-0.5976315969419053,0.11292572011415185,False,,False,caught
438,1787621363.9286034,26.69084859918803,0.057378499768674374,17.428130816099642,True,347,0.015077199786901474,0.06981799937784672,14.32295409365884,False,False,False,,7.1664137840271,8.497629165649414,5.521028518676758,7.877757549285889,,,1.7582757472991943,False,0.184075759,0.568147435688,2,-1.0,-0.33500030636787415,1.0546208620071411,-0.1840757578611374,-0.06166543439030647,0.19413013756275177,-0.1840757578611374,-0.02769775688648224,0.18614792823791504,-0.18407538533210754,0.021882906556129456,0.185371533036232,-0.18407538533210754,0.021882906556129456,0.185371533036232,-0.18407535552978516,0.021883010864257812,0.185371533036232,False,False,1.6574002802371979,2.0062997937202454,-0.5258805155754089,-1.0,1.1298452615737915,-0.6160286068916321,-1.0,533.043212890625,762.708984375,533.043212890625,762.708984375,False,False,-0.38175903865357297,-0.5847693800172888,0.11281813917986859,False,,False,caught
439,1787621363.991196,26.75246510002762,0.061616500839591026,16.22941884680119,True,348,0.0045667001977562904,0.07794780004769564,12.829098440085646,False,False,False,,6.9823384284973145,8.519512176513672,5.405900001525879,7.682302474975586,,,1.7849589586257935,False,0.184075759,0.568147435688,2,-1.0,-1.0,1.4142135381698608,-0.1840757578611374,-0.1840757578611374,0.2603224217891693,-0.1840757578611374,-0.10337349772453308,0.2111160010099411,-0.18407559394836426,-0.049281150102615356,0.1905582845211029,-0.18407559394836426,-0.049281150102615356,0.1905582845211029,-0.18407583236694336,-0.04928112030029297,0.19055849313735962,False,False,1.8677003681659698,3.1137000769376755,-0.4032125473022461,-1.0,1.0782302618026733,-0.5258805155754089,-1.0,528.790771484375,742.2252807617188,528.790771484375,742.2252807617188,False,False,-0.38060762624871125,-0.5736607879315613,0.11287789023061692,False,,False,caught
440,1787621364.051799,26.814066499471664,0.061601399444043636,16.233397439426064,False,,,,,False,False,False,,6.798262596130371,8.470231056213379,5.296140193939209,7.453388214111328,,,1.813929796218872,False,0.184075759,0.568147435688,2,-1.0,-0.40730875730514526,1.0797686576843262,-0.1840757578611374,-0.07497566938400269,0.19875924289226532,-0.1840757578611374,-0.06166543439030647,0.19413013756275177,-0.18407578766345978,-0.05631723999977112,0.192498117685318,-0.18407578766345978,-0.05631723999977112,0.192498117685318,-0.18407583236694336,-0.05631732940673828,0.19249819219112396,False,False,2.1813996136188507,2.7243997901678085,-0.30284667015075684,-1.0,1.0448521375656128,-0.4032125473022461,-1.0,523.7178955078125,718.235107421875,523.7178955078125,718.235107421875,False,False,-0.3783472547529481,-0.5613220585763385,0.11283854166388488,False,,False,caught
441,1787621364.1140406,26.87526899948716,0.06120250001549721,16.339201825853323,True,349,0.052160799503326416,0.07212090026587248,13.865606173987247,False,False,False,,6.614186763763428,8.41391372680664,5.2139058113098145,7.2326459884643555,,,1.8319880962371826,False,0.184075759,0.568147435688,2,-1.0,1.0,1.4142135381698608,-0.1840757578611374,0.1840757578611374,0.2603224217891693,-0.1840757578611374,-0.1840757578611374,0.2603224217891693,-0.18407578766345978,-0.12890295684337616,0.224721759557724,-0.18407578766345978,-0.12890295684337616,0.224721759557724,-0.18407583236694336,-0.12890338897705078,0.22472204267978668,False,False,2.2626006975769997,2.734699286520481,-0.25089484453201294,-1.0,1.0309938192367554,-0.30284667015075684,-1.0,518.4889526367188,695.101318359375,518.4889526367188,695.101318359375,False,False,-0.37530435987455724,-0.5500523481116741,0.11291564577158711,False,,False,caught
442,1787621364.1774278,26.936575499363244,0.061306499876081944,16.31148413335107,True,350,0.032545399852097034,0.07560050021857023,13.227425706296632,False,False,False,,6.430110931396484,8.28501033782959,5.159152984619141,7.034059047698975,,,1.7833153009414673,False,0.184075759,0.568147435688,2,-1.0,-0.9031690955162048,1.3474844694137573,-0.1840757578611374,-0.166251540184021,0.24803923070430756,-0.1840757578611374,-0.07497566938400269,0.19875924289226532,-0.18407578766345978,-0.09826450049877167,0.20866194367408752,-0.18407578766345978,-0.09826450049877167,0.20866194367408752,-0.18407583236694336,-0.09826469421386719,0.20866206288337708,False,False,2.5696000084280968,2.505199983716011,-0.20630279183387756,-1.0,1.0210586786270142,-0.25089484453201294,-1.0,515.6220092773438,674.2894287109375,515.6220092773438,674.2894287109375,False,False,-0.37185973661502497,-0.5404245104521295,0.1128423974178549,False,,False,caught
443,1787621364.2346368,26.99793959967792,0.06136410031467676,16.296173086087354,True,351,0.030128000304102898,0.0805307999253273,12.41760917471646,False,False,False,,6.246035099029541,8.186745643615723,5.1041998863220215,6.808052062988281,,,1.790135145187378,False,0.184075759,0.568147435688,2,-1.0,-1.0,1.4142135381698608,-0.1840757578611374,-0.1840757578611374,0.2603224217891693,-0.1840757578611374,0.1840757578611374,0.2603224217891693,-0.18407578766345978,0.06214630603790283,0.19428345561027527,-0.18407578766345978,0.06214630603790283,0.19428345561027527,-0.18407583236694336,0.06214618682861328,0.19428345561027527,False,False,1.750599592924118,1.9215000793337822,-0.16928422451019287,-1.0,1.0142273902893066,-0.20630279183387756,-1.0,512.2692260742188,650.6038818359375,512.2692260742188,650.6038818359375,False,False,-0.36765898482646836,-0.5296398152787428,0.11282929964713766,False,,False,caught
444,1787621364.2980402,27.05927269998938,0.06133310031145811,16.304409770937053,True,352,0.009952200576663017,0.06378869991749525,15.676757815936162,False,False,False,,6.061959266662598,8.248891830444336,5.0589704513549805,6.584704875946045,,,1.9430657625198364,False,0.184075759,0.568147435688,2,-1.0,-1.0,1.4142135381698608,-0.1840757578611374,-0.1840757578611374,0.2603224217891693,-0.1840757578611374,-0.166251540184021,0.24803923070430756,-0.18407578766345978,-0.06761739403009415,0.19610203802585602,-0.18407578766345978,-0.06761738657951355,0.19610203802585602,-0.18407583236694336,-0.06761741638183594,0.1961020827293396,False,False,2.0604003220796585,2.518800087273121,-0.18721428513526917,-1.0,1.0173736810684204,-0.16928422451019287,-1.0,506.5361328125,627.1970825195312,506.5361328125,627.1970825195312,False,False,-0.3631620326577123,-0.5192011662147957,0.11282653127415407,False,,False,caught
445,1787621364.3589718,27.121255999431014,0.06198329944163561,16.1333780067906,True,353,0.0025662994012236595,0.0815061004832387,12.269020282790303,False,False,False,,5.877883434295654,8.1812744140625,5.02784538269043,6.386899471282959,,,1.9855341911315918,False,0.184075759,0.568147435688,2,-1.0,-1.0,1.4142135381698608,-0.1840757578611374,-0.1840757578611374,0.2603224217891693,-0.1840757578611374,-0.1840757578611374,0.2603224217891693,-0.18407578766345978,-0.13378292322158813,0.22755607962608337,-0.18407578766345978,-0.13378292322158813,0.22755607962608337,-0.18407583236694336,-0.13378334045410156,0.22755634784698486,False,False,2.1591996774077415,2.4741999804973602,-0.1506568193435669,-1.0,1.0112850666046143,-0.18721428513526917,-1.0,505.59503173828125,606.4671020507812,505.59503173828125,606.4671020507812,False,False,-0.3588395071882821,-0.5101773212362475,0.11288137529843244,False,,False,caught
446,1787621364.4198253,27.18248919956386,0.06123320013284683,16.33100993955039,False,,,,,False,False,False,,5.693807601928711,8.047491073608398,4.982127666473389,6.159054279327393,,,2.0180885791778564,False,0.184075759,0.568147435688,2,-1.0,-1.0,1.4142135381698608,-0.1840757578611374,-0.1840757578611374,0.2603224217891693,-0.1840757578611374,-0.1840757578611374,0.2603224217891693,-0.18407578766345978,-0.16235685348510742,0.24544580280780792,-0.18407578766345978,-0.16235685348510742,0.24544580280780792,-0.18407583236694336,-0.16235685348510742,0.2454458326101303,False,False,1.8674004822969437,3.450700081884861,-0.19268888235092163,-1.0,1.0183953046798706,-0.1506568193435669,-1.0,498.3310546875,582.5889282226562,498.3310546875,582.5889282226562,False,False,-0.3542057068194829,-0.49947054211774206,0.11282851732035973,False,,False,caught
447,1787621364.483886,27.2441138997674,0.06162470020353794,16.22725947058788,True,354,0.0586715005338192,0.06936779990792274,14.41591057129356,False,False,False,,5.509731769561768,7.885134220123291,4.946945667266846,5.937792778015137,,,2.027034044265747,False,0.184075759,0.568147435688,2,-1.0,-1.0,1.4142135381698608,-0.1840757578611374,-0.1840757578611374,0.2603224217891693,-0.1840757578611374,-0.1840757578611374,0.2603224217891693,-0.18407578766345978,-0.17469638586044312,0.2537769079208374,-0.18407578766345978,-0.17469638586044312,0.2537769079208374,-0.18407583236694336,-0.1746964454650879,0.25377699732780457,False,False,2.096099779009819,2.7754995971918106,-0.21692031621932983,-1.0,1.023256778717041,-0.19268888235092163,-1.0,493.2396545410156,559.4006958007812,493.2396545410156,559.4006958007812,False,False,-0.34935128647571767,-0.4892960966678076,0.11282535827165796,False,,False,caught
448,1787621364.5350153,27.29509329982102,0.05097940005362034,19.615766347744305,True,355,0.03502409998327494,0.06707699969410896,14.908239852114688,False,False,False,,5.325655937194824,7.710437774658203,4.914477348327637,5.776494979858398,,,1.9771703481674194,False,0.184075759,0.568147435688,2,-1.0,-1.0,1.4142135381698608,-0.1840757578611374,-0.1840757578611374,0.2603224217891693,-0.1840757578611374,-0.1840757578611374,0.2603224217891693,-0.18407578766345978,-0.18002527952194214,0.25747427344322205,-0.18407578766345978,-0.18002527952194214,0.25747427344322205,-0.18407583236694336,-0.1800251007080078,0.2574741840362549,False,False,1.5971995890140533,2.3524994030594826,-0.2471930980682373,-1.0,1.0300992727279663,-0.21692031621932983,-1.0,488.0549621582031,542.4967041015625,488.0549621582031,542.4967041015625,False,False,-0.3460529177628244,-0.48166459903665987,0.11280476872602346,False,,False,caught
449,1787621364.588217,27.35153069999069,0.05643740016967058,17.718746735208388,True,356,0.01949400082230568,0.07430879957973957,13.457356405373178,False,False,False,,5.141580104827881,7.530412673950195,4.885446548461914,5.65407657623291,,,1.8937374353408813,False,0.184075759,0.568147435688,2,-1.0,-1.0,1.4142135381698608,-0.1840757578611374,-0.1840757578611374,0.2603224217891693,-0.1840757578611374,-0.1840757578611374,0.2603224217891693,-0.18407578766345978,-0.18232646584510803,0.2590884864330292,-0.18407578766345978,-0.18232646584510803,0.2590884864330292,-0.18407583236694336,-0.1823263168334961,0.259088397026062,False,False,1.4751004055142403,1.800999976694584,-0.25596916675567627,-1.0,1.032240390777588,-0.2471930980682373,-1.0,484.54296875,529.667236328125,484.54296875,529.667236328125,False,False,-0.34370592493787083,-0.4757363316185973,0.11297949101966043,False,,False,caught
450,1787621364.651125,27.413415799848735,0.06188509985804558,16.15897853108161,True,357,0.010662499815225601,0.07195920031517744,13.896763660797419,False,False,False,,4.9575042724609375,7.348086357116699,4.824312686920166,5.410104274749756,,,1.9425536394119263,False,0.184075759,0.568147435688,2,-1.0,-1.0,1.4142135381698608,-0.1840757578611374,-0.1840757578611374,0.2603224217891693,-0.1840757578611374,-0.1840757578611374,0.2603224217891693,-0.18407578766345978,-0.18332025408744812,0.25978878140449524,-0.18407578766345978,-0.18332025408744812,0.25978878140449524,-0.18407583236694336,-0.1833200454711914,0.2597886621952057,False,False,2.1014995872974396,2.0991992205381393,-0.2080298662185669,-1.0,1.021409034729004,-0.25596916675567627,-1.0,481.2282409667969,504.09893798828125,481.2282409667969,504.09893798828125,False,False,-0.33913653784035963,-0.4637964240390325,0.11272809478485063,False,,False,caught
451,1787621364.7135043,27.474760299548507,0.061344499699771404,16.301379991590778,True,358,0.006078599952161312,0.07071630004793406,14.141011327263502,False,False,False,,4.773428440093994,7.164766311645508,4.7688984870910645,5.190143585205078,,,1.9746278524398804,False,0.184075759,0.568147435688,2,-1.0,-0.5071477890014648,1.121248722076416,-0.1840757578611374,-0.09335361421108246,0.2063947319984436,-0.1840757578611374,-0.1840757578611374,0.2603224217891693,-0.18407578766345978,-0.18374940752983093,0.26009178161621094,-0.18407578766345978,-0.18374940752983093,0.26009178161621094,-0.18407583236694336,-0.18374919891357422,0.2600916922092438,False,False,1.4610998332500458,2.3170998319983482,-0.08598215132951736,-1.0,1.0036896467208862,-0.2080298662185669,-1.0,483.05242919921875,481.04705810546875,483.05242919921875,481.04705810546875,False,False,-0.3350133804654342,-0.4529853811104615,0.1128706287292243,False,,False,caught
452,1787621364.7759042,27.53617519978434,0.06141490023583174,16.282693550913933,True,359,0.0022881003096699715,0.06593529973179102,15.166382864228419,False,False,False,,4.589352607727051,6.981017112731934,4.734734058380127,4.9901604652404785,,,1.9961578845977783,False,0.184075759,0.568147435688,2,-1.0,-0.5590370893478394,1.1456537246704102,-0.1840757578611374,-0.10290517657995224,0.21088707447052002,-0.1840757578611374,-0.1840757578611374,0.2603224217891693,-0.18407578766345978,-0.18393473327159882,0.26022276282310486,-0.18407578766345978,-0.18393473327159882,0.26022276282310486,-0.18407583236694336,-0.18393468856811523,0.26022276282310486,False,False,1.9930992275476456,3.063599579036236,0.10041620582342148,-1.0,1.0050290822982788,-0.08598215132951736,-1.0,491.00634765625,460.08880615234375,491.00634765625,460.08880615234375,False,False,-0.3306508330424872,-0.4435812177941403,0.11277160684952606,False,,False,caught
453,1787621364.8371444,27.59735699929297,0.06118179950863123,16.34473009998545,False,,,,,False,False,False,,4.405276775360107,6.797082424163818,4.73227071762085,4.764496803283691,,,2.058720350265503,False,0.184075759,0.568147435688,2,0.15230870246887207,1.0,1.0115324258804321,0.028036339208483696,0.1840757578611374,0.18619860708713531,-0.1840757578611374,-0.09335361421108246,0.2063947319984436,-0.18407578766345978,-0.13247127830982208,0.22678741812705994,-0.18407578766345978,-0.13247127830982208,0.22678741812705994,-0.18407583236694336,-0.13247108459472656,0.22678734362125397,False,False,2.7845995500683784,2.9322998598217964,0.33791017532348633,-1.0,1.0555487871170044,0.10041620582342148,-1.0,505.345703125,436.43927001953125,505.345703125,436.43927001953125,False,False,-0.32436851551511175,-0.4339494855897319,0.1127516426276431,False,,False,caught
454,1787621364.8903165,27.648409999907017,0.05105300061404705,19.587487277385485,True,360,0.03431970067322254,0.06520640011876822,15.335917918771477,False,False,False,,4.221200942993164,6.664611339569092,4.762036323547363,4.597099781036377,,,2.1370790004730225,False,0.184075759,0.568147435688,2,-0.5074729919433594,0.5645619630813599,0.7591172456741333,-0.09341347217559814,0.10392217338085175,0.13973508775234222,-0.1840757578611374,-0.10290517657995224,0.21088707447052002,-0.18407578766345978,-0.11567328870296478,0.2174033224582672,-0.18407578766345978,-0.11567328870296478,0.2174033224582672,-0.18407583236694336,-0.11567306518554688,0.21740324795246124,False,False,2.3552998900413513,2.763800323009491,0.5578024983406067,-1.0,1.1450518369674683,0.33791017532348633,-1.0,521.9039306640625,418.89605712890625,521.9039306640625,418.89605712890625,False,False,-0.3185141346785419,-0.42767040895342545,0.1127494395811541,False,,False,caught
455,1787621364.9439008,27.705202999524772,0.05679299961775541,17.6078038971438,True,361,0.019398699514567852,0.08051840029656887,12.4195214549315,False,False,False,,4.037125110626221,6.548938274383545,4.837399005889893,4.3994059562683105,,,2.293671131134033,False,0.184075759,0.568147435688,2,0.3411547541618347,-0.01569652557373047,0.3415156602859497,0.06279832124710083,-0.0028893498238176107,0.0628647580742836,0.028036339208483696,0.1840757578611374,0.18619860708713531,-0.06356484442949295,0.05462845787405968,0.08381382375955582,-0.06356484442949295,0.054628461599349976,0.08381383121013641,-0.06356477737426758,0.05462837219238281,0.08381371945142746,False,False,1.932600513100624,2.520900219678879,0.7665138244628906,-1.0,1.2599775791168213,0.5578024983406067,-1.0,542.4442749023438,398.1777648925781,542.4442749023438,398.1777648925781,False,False,-0.31007211230557163,-0.4213631859988146,0.11277491029422418,False,,False,caught
456,1787621365.003348,27.76661349926144,0.06141049973666668,16.283860321737862,True,362,4.149973392486572e-05,0.0713977999985218,14.00603379965074,False,False,False,,3.973560333251953,6.603566646575928,4.978435516357422,4.176180362701416,,,2.627161741256714,False,0.184075759,0.568147435688,2,0.41324561834335327,-1.0,1.0820221900939941,0.07606849819421768,-0.1840757578611374,0.19917404651641846,-0.09341347217559814,0.10392217338085175,0.13973508775234222,-0.08052323758602142,0.08263451606035233,0.11537961661815643,-0.08052323758602142,0.08263451606035233,0.11537961661815643,-0.08052325248718262,0.08263444900512695,0.11537957191467285,False,False,1.4263000339269638,1.6884002834558487,0.8925160765647888,-1.0,1.3403674364089966,0.7665138244628906,-1.0,564.6279907226562,374.7837219238281,564.6279907226562,374.7837219238281,False,False,-0.2983976495888625,-0.4157904400357539,0.1127740481966222,False,,False,caught
457,1787621365.0670414,27.82829609978944,0.061682600528001785,16.212027240097218,False,,,,,False,False,False,,3.8930370807647705,6.686201095581055,5.1657490730285645,3.954996347427368,,,3.01318359375,False,0.184075759,0.568147435688,2,0.8957794308662415,-1.0,1.3425426483154297,0.16489127278327942,-0.1840757578611374,0.24712955951690674,0.06279832124710083,-0.0028893498238176107,0.0628647580742836,0.0009045302867889404,0.03404432535171509,0.03405633941292763,0.0009045302867889404,0.03404432535171509,0.03405633941292763,0.0009045600891113281,0.03404426574707031,0.03405628353357315,False,False,2.399299293756485,2.589399926364422,0.9378067851066589,-1.0,1.3709418773651123,0.8925160765647888,-1.0,586.591552734375,351.6036071777344,586.591552734375,351.6036071777344,False,False,-0.2849771053958544,-0.4115869973902616,0.11278382230489518,False,,False,caught
458,1787621365.1309779,27.889558299444616,0.06126219965517521,16.323279373392914,True,363,0.05105919949710369,0.08076839987188578,12.381079748839799,False,False,False,,3.893941640853882,6.720245361328125,5.350250720977783,3.756513833999634,,,3.3022024631500244,False,0.184075759,0.568147435688,2,0.07163584232330322,-1.0,1.0025625228881836,0.013186422176659107,-0.1840757578611374,0.18454746901988983,0.07606849819421768,-0.1840757578611374,0.19917404651641846,0.043608758598566055,-0.0898800641298294,0.09990070015192032,0.043608758598566055,-0.0898800641298294,0.09990070015192032,0.043608665466308594,-0.08987998962402344,0.09990058839321136,False,False,3.1946999952197075,3.087799996137619,0.9495698809623718,-0.9465334415435791,1.3407492637634277,0.9378067851066589,-1.0,606.2072143554688,334.1646423339844,606.2072143554688,334.1646423339844,False,False,-0.2722496375580641,-0.4082609548198118,0.11275479059514222,False,,False,caught
459,1787621365.1891785,27.951369299553335,0.06181100010871887,16.178350103397584,True,364,0.039302099496126175,0.07228969968855381,13.833229413157152,False,False,False,,3.9375503063201904,6.630365371704102,5.5641703605651855,3.53286075592041,,,3.4986321926116943,False,0.184075759,0.568147435688,2,1.0,-1.0,1.4142135381698608,0.1840757578611374,-0.1840757578611374,0.2603224217891693,0.16489127278327942,-0.1840757578611374,0.24712955951690674,0.11251506209373474,-0.14339707791805267,0.18227002024650574,0.11251506209373474,-0.14339707791805267,0.18227002024650574,0.11251521110534668,-0.14339685440063477,0.18226994574069977,False,False,1.8368000164628029,2.186199650168419,0.9867345690727234,-0.8956476449966431,1.332602620124817,0.9495698809623718,-0.9465334415435791,630.3959350585938,313.92547607421875,630.3959350585938,313.92547607421875,False,False,-0.25760149152079886,-0.4046639682778647,0.1127390946614158,False,,False,caught
460,1787621365.2485383,28.012861599214375,0.061492299661040306,16.26219877142715,True,365,0.022098499350249767,0.07320490013808012,13.660287741855884,False,False,False,,4.050065517425537,6.486968517303467,5.778557777404785,3.3329274654388428,,,3.5966179370880127,True,0.184075759,0.568147435688,2,1.0,-1.0,1.4142135381698608,0.1840757578611374,-0.1840757578611374,0.2603224217891693,0.013186422176659107,-0.1840757578611374,0.18454746901988983,0.05608181655406952,-0.16650846600532532,0.17569927871227264,0.05608181655406952,-0.16650846600532532,0.17569927871227264,0.05608177185058594,-0.16650867462158203,0.17569947242736816,False,False,1.2409994378685951,1.9464995712041855,1.0,-0.8458272814750671,1.3097418546676636,0.9867345690727234,-0.8956476449966431,653.164306640625,296.10516357421875,653.164306640625,296.10516357421875,False,False,-0.24355031146190856,-0.4020907666720974,0.11279209832434789,False,,False,caught
461,1787621365.3121223,28.074381199665368,0.061519600450992584,16.254982032866334,True,366,0.01307469978928566,0.07869440037757158,12.707384454320165,False,False,False,,4.106147289276123,6.320459842681885,6.005119323730469,3.1322662830352783,,,3.710885763168335,True,0.184075759,0.568147435688,2,1.0,-1.0,1.4142135381698608,0.1840757578611374,-0.1840757578611374,0.2603224217891693,0.1840757578611374,-0.1840757578611374,0.2603224217891693,0.12880122661590576,-0.17648936808109283,0.2184908539056778,0.12880122661590576,-0.17648936808109283,0.2184908539056778,0.1288013458251953,-0.17648935317993164,0.21849091351032257,False,False,2.1401001140475273,2.3729000240564346,0.9757223725318909,-0.7901906967163086,1.2555618286132812,1.0,-0.8458272814750671,674.8726196289062,278.5743103027344,674.8726196289062,278.5743103027344,False,False,-0.2289344268833162,-0.39981970266355693,0.11279142966681394,False,,False,caught
462,1787621365.3752081,28.136443799361587,0.06206259969621897,16.112763643397987,False,,,,,False,False,False,,4.234948635101318,6.143970489501953,6.205320835113525,2.971557378768921,,,3.734510898590088,True,0.184075759,0.568147435688,2,1.0,-1.0,1.4142135381698608,0.1840757578611374,-0.1840757578611374,0.2603224217891693,0.1840757578611374,-0.1840757578611374,0.2603224217891693,0.16020536422729492,-0.18079954385757446,0.24156621098518372,0.16020536422729492,-0.18079954385757446,0.24156621098518372,0.16020536422729492,-0.1807994842529297,0.24156616628170013,False,False,2.8450004756450653,2.690499648451805,0.9674730896949768,-0.7329839468002319,1.2137832641601562,0.9757223725318909,-0.7901906967163086,694.8663940429688,265.32916259765625,694.8663940429688,265.32916259765625,False,False,-0.21644815089923666,-0.3985285193355299,0.11280519474383713,False,,False,caught
463,1787621365.437774,28.197782299481332,0.06133850011974573,16.3029744458666,True,367,0.05594860017299652,0.07054070010781288,14.1762131432155,False,False,False,,4.395153999328613,5.963171005249023,6.425159931182861,2.79473614692688,,,3.7629647254943848,True,0.184075759,0.568147435688,2,1.0,-1.0,1.4142135381698608,0.1840757578611374,-0.1840757578611374,0.2603224217891693,0.1840757578611374,-0.1840757578611374,0.2603224217891693,0.17376726865768433,-0.18266089260578156,0.25211119651794434,0.17376726865768433,-0.18266089260578156,0.25211119651794434,0.17376708984375,-0.1826610565185547,0.2521112263202667,False,False,2.364800311625004,2.8282999992370605,0.958616316318512,-0.6557486653327942,1.1614437103271484,0.9674730896949768,-0.7329839468002319,716.8338012695312,251.6548614501953,716.8338012695312,251.6548614501953,False,False,-0.20266036340900104,-0.39708857200138165,0.11283576747766598,False,,False,caught
464,1787621365.5012176,28.259319499135017,0.06153719965368509,16.250333223281732,True,368,0.04764049965888262,0.08083719946444035,12.370542357048034,False,False,False,,4.568921089172363,5.780509948730469,6.637422561645508,2.64192271232605,,,3.758913278579712,True,0.184075759,0.568147435688,2,1.0,-1.0,1.4142135381698608,0.1840757578611374,-0.1840757578611374,0.2603224217891693,0.1840757578611374,-0.1840757578611374,0.2603224217891693,0.17962393164634705,-0.18346482515335083,0.25675690174102783,0.17962393164634705,-0.18346482515335083,0.25675690174102783,0.17962408065795898,-0.18346500396728516,0.25675711035728455,False,False,2.3117000237107277,3.008199855685234,0.9422786235809326,-0.5888053178787231,1.111116886138916,0.958616316318512,-0.6557486653327942,737.565673828125,239.8494110107422,737.565673828125,239.8494110107422,False,False,-0.18982367655567547,-0.3964787202608288,0.11286925945119254,False,,False,caught
465,1787621365.5600767,28.32019819971174,0.06087870057672262,16.42610618371767,True,369,0.03677450027316809,0.06953900028020144,14.380419562699863,False,False,False,,4.748545169830322,5.597044944763184,6.808286190032959,2.5233163833618164,,,3.7000460624694824,True,0.184075759,0.568147435688,2,1.0,-1.0,1.4142135381698608,0.1840757578611374,-0.1840757578611374,0.2603224217891693,0.1840757578611374,-0.1840757578611374,0.2603224217891693,0.18215328454971313,-0.1838119924068451,0.2587791979312897,0.18215328454971313,-0.1838119924068451,0.2587791979312897,0.18215322494506836,-0.18381214141845703,0.25877925753593445,False,False,1.6666995361447334,1.6630999743938446,0.9542147517204285,-0.5472661256790161,1.1000118255615234,0.9422786235809326,-0.5888053178787231,755.7954711914062,230.03146362304688,755.7954711914062,230.03146362304688,False,False,-0.17958172539657666,-0.39617964929208876,0.11287793959461025,False,,False,caught
466,1787621365.6209662,28.38155879918486,0.06136059947311878,16.297102841019115,True,370,0.026324299164116383,0.07174509949982166,13.93823420653958,False,False,False,,4.930698394775391,5.413232803344727,6.9469451904296875,2.435931444168091,,,3.5957717895507812,True,0.184075759,0.568147435688,2,1.0,-1.0,1.4142135381698608,0.1840757578611374,-0.1840757578611374,0.2603224217891693,0.1840757578611374,-0.1840757578611374,0.2603224217891693,0.18324550986289978,-0.1839619129896164,0.2596553564071655,0.18324550986289978,-0.1839619129896164,0.2596553564071655,0.18324565887451172,-0.1839618682861328,0.2596554458141327,False,False,2.0447997376322746,2.36470066010952,0.9897645711898804,-0.5200706124305725,1.118082046508789,0.9542147517204285,-0.5472661256790161,772.1783447265625,222.5835723876953,772.1783447265625,222.5835723876953,False,False,-0.1715136566849996,-0.39632711364461093,0.11291815538884584,False,,False,caught
467,1787621365.67995,28.443254799582064,0.06169600039720535,16.20850611971432,True,371,0.014167600311338902,0.0718104001134634,13.925559506978914,False,False,False,,5.113944053649902,5.229270935058594,7.180878162384033,2.305699586868286,,,3.5804309844970703,True,0.184075759,0.568147435688,2,1.0,-0.944164514541626,1.3752987384796143,0.1840757578611374,-0.17379780113697052,0.25315916538238525,0.1840757578611374,-0.1840757578611374,0.2603224217891693,0.183717280626297,-0.1840265691280365,0.2600342631340027,0.183717280626297,-0.1840265691280365,0.2600342631340027,0.1837172508239746,-0.18402671813964844,0.26003435254096985,False,False,1.8789004534482956,2.3155994713306427,1.0,-0.4476684033870697,1.0956308841705322,0.9897645711898804,-0.5200706124305725,796.7619018554688,213.4879150390625,796.7619018554688,213.4879150390625,False,False,-0.15837927526330373,-0.39733665900455206,0.11293305698166928,False,,False,caught
468,1787621365.7428691,28.505160499364138,0.0619056997820735,16.15360142152173,True,372,0.007825899869203568,0.0738531006500125,13.540392904273151,False,False,False,,5.297661304473877,5.045244216918945,7.377469062805176,2.2106664180755615,,,3.5157406330108643,True,0.184075759,0.568147435688,2,0.9649231433868408,0.9003335237503052,1.3197261095046997,0.17761896550655365,0.1657295823097229,0.2429295927286148,0.1840757578611374,-0.1840757578611374,0.2603224217891693,0.1839209347963333,-0.18405458331108093,0.2601979970932007,0.1839209347963333,-0.18405458331108093,0.2601979970932007,0.18392086029052734,-0.18405437469482422,0.26019781827926636,False,False,1.6770996153354645,1.7951000481843948,1.0,-0.4074312150478363,1.0798149108886719,1.0,-0.4476684033870697,816.892822265625,206.05856323242188,816.892822265625,206.05856323242188,False,False,-0.14774161989176085,-0.39882612844392146,0.1129572454944555,False,,False,caught
469,1787621365.8032777,28.5665750997141,0.06141460034996271,16.282773058875847,True,373,0.00037979986518621445,0.06824309937655926,14.653496238236343,False,False,False,,5.481582164764404,4.861189842224121,7.603154182434082,2.1134514808654785,,,3.4714744091033936,False,0.184075759,0.568147435688,2,1.0,-0.768622636795044,1.2612615823745728,0.1840757578611374,-0.141484797000885,0.23216767609119415,0.1840757578611374,-0.17379780113697052,0.25315916538238525,0.1840088665485382,-0.17822712659835815,0.25617215037345886,0.1840088665485382,-0.17822712659835815,0.25617215037345886,0.18400907516479492,-0.17822694778442383,0.25617218017578125,False,False,2.138799987733364,2.254999242722988,1.0,-0.35920387506484985,1.0625569820404053,1.0,-0.4074312150478363,840.0029907226562,198.90298461914062,840.0029907226562,198.90298461914062,False,False,-0.135853228476545,-0.4010688474548666,0.11296727798275996,False,,False,caught
470,1787621365.8659062,28.62818199954927,0.061606899835169315,16.231948088209652,False,,,,,False,False,False,,5.665591239929199,4.682962894439697,7.818985939025879,2.0296356678009033,,,3.4171996116638184,False,0.184075759,0.568147435688,2,1.0,-1.0,1.4142135381698608,0.1840757578611374,-0.1840757578611374,0.2603224217891693,0.17761896550655365,0.1657295823097229,0.2429295927286148,0.18037855625152588,0.017191067337989807,0.18119589984416962,0.18037855625152588,0.017191067337989807,0.18119589984416962,0.18037843704223633,0.017190933227539062,0.18119576573371887,False,False,2.0802002400159836,2.718999981880188,1.0,-0.32096800208091736,1.0502477884292603,1.0,-0.35920387506484985,862.1041870117188,192.52334594726562,862.1041870117188,192.52334594726562,False,False,-0.12472770421415225,-0.40362760403301784,0.11301915531522072,False,,False,caught
471,1787621365.9287665,28.689403299242258,0.061221299692988396,16.334184426250083,True,374,0.05703009944409132,0.0688660005107522,14.52095362854516,False,False,False,,5.8459696769714355,4.700153827667236,8.020759582519531,1.9607497453689575,,,3.497720241546631,False,0.184075759,0.568147435688,2,0.7188056707382202,-1.0,1.2315362691879272,0.13231469690799713,-0.1840757578611374,0.2266959697008133,0.1840757578611374,-0.141484797000885,0.23216767609119415,0.18247905373573303,-0.0729602724313736,0.19652430713176727,0.18247905373573303,-0.0729602724313736,0.19652430713176727,0.1824789047241211,-0.07296037673950195,0.1965242177248001,False,False,2.191600389778614,3.0473005026578903,1.0,-0.25790461897850037,1.032721996307373,1.0,-0.32096800208091736,882.7658081054688,189.26951599121094,882.7658081054688,189.26951599121094,False,False,-0.11458902525273514,-0.40644816633944963,0.11302033821762314,False,,False,caught
472,1787621365.9920704,28.751204699277878,0.061801400035619736,16.18086320736491,True,375,0.03944909945130348,0.06655609980225563,15.024918872516466,False,False,False,,6.028448581695557,4.627193450927734,8.246086120605469,1.8937976360321045,,,3.5198535919189453,True,0.184075759,0.568147435688,2,0.6785905361175537,-1.0,1.2085052728652954,0.1249120682477951,-0.1840757578611374,0.22245652973651886,0.1840757578611374,-0.1840757578611374,0.2603224217891693,0.18338614702224731,-0.13609029352664948,0.22836603224277496,0.18338614702224731,-0.13609029352664948,0.22836603224277496,0.18338632583618164,-0.13609027862548828,0.2283661812543869,False,False,2.162500284612179,2.5786999613046646,1.0,-0.21807648241519928,1.0235024690628052,1.0,-0.25790461897850037,905.8392333984375,184.75733947753906,905.8392333984375,184.75733947753906,False,False,-0.1035444993365679,-0.41005133881133654,0.11300293546473136,False,,False,caught
473,1787621366.049357,28.812562099657953,0.06135740038007498,16.297952550231205,True,376,0.02842979971319437,0.07900079991668463,12.658099678162934,False,False,False,,6.211834907531738,4.491103172302246,8.45890998840332,1.8423656225204468,,,3.4734935760498047,False,0.184075759,0.568147435688,2,1.0,-1.0,1.4142135381698608,0.1840757578611374,-0.1840757578611374,0.2603224217891693,0.13231469690799713,-0.1840757578611374,0.2266959697008133,0.15437011420726776,-0.1633531004190445,0.22475402057170868,0.15437011420726776,-0.1633531004190445,0.22475402057170868,0.15437030792236328,-0.16335296630859375,0.22475405037403107,False,False,1.7368998378515244,1.782500185072422,1.0,-0.20088699460029602,1.0199781656265259,1.0,-0.21807648241519928,927.6324462890625,180.44815063476562,927.6324462890625,180.44815063476562,False,False,-0.09345333235470309,-0.41399022194709206,0.11300538269988519,False,,False,caught
474,1787621366.1118548,28.874131099320948,0.06156899966299534,16.241940026208148,True,377,0.018249599263072014,0.07237480022013187,13.816963873591995,False,False,False,,6.366205215454102,4.327750205993652,8.684115409851074,1.7952449321746826,,,3.433116912841797,False,0.184075759,0.568147435688,2,1.0,-1.0,1.4142135381698608,0.1840757578611374,-0.1840757578611374,0.2603224217891693,0.1249120682477951,-0.1840757578611374,0.22245652973651886,0.13763368129730225,-0.1751265674829483,0.22273828089237213,0.13763368129730225,-0.1751265674829483,0.22273828089237213,0.1376338005065918,-0.1751265525817871,0.2227383553981781,False,False,1.6415994614362717,2.248300239443779,1.0,-0.18447540700435638,1.0168732404708862,1.0,-0.20088699460029602,950.6934814453125,176.54185485839844,950.6934814453125,176.54185485839844,False,False,-0.0829759310859391,-0.4184953206812393,0.11298185505369138,False,,False,caught
475,1787621366.1731992,28.935748199932277,0.06161710061132908,16.229260872040083,True,378,0.006451200693845749,0.07174699939787388,13.937865114811109,False,False,False,,6.503839015960693,4.152623653411865,8.8814115524292,1.757242202758789,,,3.375011682510376,False,0.184075759,0.568147435688,2,1.0,-1.0,1.4142135381698608,0.1840757578611374,-0.1840757578611374,0.2603224217891693,0.1840757578611374,-0.1840757578611374,0.2603224217891693,0.16401967406272888,-0.18021102249622345,0.24367697536945343,0.16401967406272888,-0.18021102249622345,0.24367697536945343,0.16401958465576172,-0.18021106719970703,0.24367694556713104,False,False,2.188599668443203,2.12279986590147,0.9800481200218201,-0.1816602200269699,0.9967420697212219,1.0,-0.18447540700435638,969.6707153320312,172.73617553710938,969.6707153320312,172.73617553710938,False,False,-0.07387684593113072,-0.4225986026163143,0.11299016538363271,False,,False,caught
476,1787621366.2347221,28.99689869955182,0.06115049961954355,16.35309615165274,False,,,,,False,False,False,,6.667858600616455,3.972412586212158,9.104435920715332,1.7151157855987549,,,3.3214902877807617,False,0.184075759,0.568147435688,2,-0.22465276718139648,-1.0,1.0249239206314087,-0.04135312885046005,-0.1840757578611374,0.18866363167762756,0.1840757578611374,-0.1840757578611374,0.2603224217891693,0.17541444301605225,-0.18240678310394287,0.25306612253189087,0.17541444301605225,-0.18240678310394287,0.25306612253189087,0.1754145622253418,-0.18240690231323242,0.2530663013458252,False,False,2.102700062096119,3.3359993249177933,0.9704112410545349,-0.16959312558174133,0.9851191639900208,0.9800481200218201,-0.1816602200269699,991.916259765625,169.08010864257812,991.916259765625,169.08010864257812,False,False,-0.06359100083911526,-0.4272861017529178,0.11298176956375991,False,,False,caught
477,1787621366.298165,29.058388399891555,0.061489700339734554,16.262886214682062,True,379,0.05902259983122349,0.073415900580585,13.621027489846691,False,False,False,,6.843273162841797,3.790005683898926,9.319476127624512,1.6761236190795898,,,3.2557761669158936,False,0.184075759,0.568147435688,2,1.0,-1.0,1.4142135381698608,0.1840757578611374,-0.1840757578611374,0.2603224217891693,0.1840757578611374,-0.1840757578611374,0.2603224217891693,0.1803354024887085,-0.18335506319999695,0.25717684626579285,0.1803354024887085,-0.18335506319999695,0.25717684626579285,0.18033552169799805,-0.18335509300231934,0.2571769654750824,False,False,2.4342993274331093,2.5487998500466347,0.949733316898346,-0.1637556552886963,0.963747501373291,0.9704112410545349,-0.16959312558174133,1012.666015625,165.36080932617188,1012.666015625,165.36080932617188,False,False,-0.05369876718118216,-0.4318904591862102,0.11294864620247833,False,,False,caught
478,1787621366.3596258,29.119722299277782,0.06133389938622713,16.304197352639797,True,380,0.05301269982010126,0.07044599950313568,14.195270236111678,False,False,False,,7.023608684539795,3.6066505908966064,9.508228302001953,1.6441282033920288,,,3.166201114654541,False,0.184075759,0.568147435688,2,1.0,-1.0,1.4142135381698608,0.1840757578611374,-0.1840757578611374,0.2603224217891693,-0.04135312885046005,-0.1840757578611374,0.18866363167762756,0.05438368767499924,-0.18376454710960388,0.1916428804397583,0.054383695125579834,-0.18376454710960388,0.1916428804397583,0.05438375473022461,-0.18376445770263672,0.19164282083511353,False,False,2.6979995891451836,2.502700313925743,0.9451687335968018,-0.16911238431930542,0.9601786136627197,0.949733316898346,-0.1637556552886963,1031.7137451171875,161.67083740234375,1031.7137451171875,161.67083740234375,False,False,-0.04506626772388515,-0.43604133996807876,0.11298615930303645,False,,False,caught
479,1787621366.422418,29.18103289976716,0.061310600489377975,16.31039317863555,True,381,0.046175300143659115,0.06697250064462423,14.93150159206827,False,False,False,,7.0779924392700195,3.4228861331939697,9.720521926879883,1.6065213680267334,,,3.206578016281128,False,0.184075759,0.568147435688,2,1.0,-1.0,1.4142135381698608,0.1840757578611374,-0.1840757578611374,0.2603224217891693,0.1840757578611374,-0.1840757578611374,0.2603224217891693,0.12806794047355652,-0.1839413195848465,0.2241334617137909,0.12806794047355652,-0.1839413195848465,0.2241334617137909,0.1280679702758789,-0.18394136428833008,0.22413350641727448,False,False,2.3935995995998383,2.3496998474001884,0.9068359732627869,-0.16727986931800842,0.9221355319023132,0.9451687335968018,-0.16911238431930542,1051.097412109375,157.84487915039062,1051.097412109375,157.84487915039062,False,False,-0.03528119801395356,-0.4406489081510915,0.11300792811238287,False,,False,caught
480,1787621366.4811506,29.242331099696457,0.06129819992929697,16.31369275367674,True,382,0.036507599987089634,0.0681414995342493,14.675344787465084,False,False,False,,7.206060409545898,3.2389447689056396,9.926519393920898,1.5667204856872559,,,3.193310499191284,False,0.184075759,0.568147435688,2,1.0,-1.0,1.4142135381698608,0.1840757578611374,-0.1840757578611374,0.2603224217891693,0.1840757578611374,-0.1840757578611374,0.2603224217891693,0.15988865494728088,-0.18401771783828735,0.243776336312294,0.15988865494728088,-0.18401771783828735,0.243776336312294,0.15988874435424805,-0.18401765823364258,0.2437763512134552,False,False,2.3639006540179253,2.8256000950932503,0.8877701163291931,-0.15042495727539062,0.9004240036010742,0.9068359732627869,-0.16727986931800842,1071.0201416015625,154.73358154296875,1071.0201416015625,154.73358154296875,False,False,-0.025654524946812335,-0.4449837057755106,0.11297047833318931,False,,False,caught
481,1787621366.5404756,29.303806299343705,0.06147519964724779,16.266722283752184,True,383,0.024983199313282967,0.07097180001437664,14.09010339032449,False,False,False,,7.3659491539001465,3.054927110671997,10.104150772094727,1.5341078042984009,,,3.1321940422058105,False,0.184075759,0.568147435688,2,1.0,-0.6130063533782959,1.172935128211975,0.1840757578611374,-0.11283960938453674,0.21590891480445862,0.1840757578611374,-0.1840757578611374,0.2603224217891693,0.17363053560256958,-0.18405067920684814,0.2530260980129242,0.17363053560256958,-0.18405067920684814,0.2530260980129242,0.1736307144165039,-0.1840507984161377,0.2530263364315033,False,False,1.3565998524427414,2.0294003188610077,0.8768560290336609,-0.1339372843503952,0.887026309967041,0.8877701163291931,-0.15042495727539062,1088.5390625,152.35252380371094,1088.5390625,152.35252380371094,False,False,-0.017389239694532373,-0.44880669169015797,0.1129604127697342,False,,False,caught
482,1787621366.601797,29.365104699507356,0.06129840016365051,16.313639464166513,True,384,0.015658799558877945,0.07300020009279251,13.698592589182951,False,False,False,,7.53957986831665,2.8708763122558594,10.305118560791016,1.5005929470062256,,,3.086402654647827,False,0.184075759,0.568147435688,2,1.0,-1.0,1.4142135381698608,0.1840757578611374,-0.1840757578611374,0.2603224217891693,0.1840757578611374,-0.1840757578611374,0.2603224217891693,0.17956504225730896,-0.18406498432159424,0.257144957780838,0.17956504225730896,-0.18406498432159424,0.257144957780838,0.1795649528503418,-0.1840648651123047,0.2571448087692261,False,False,1.367500051856041,2.4059992283582687,0.8644019961357117,-0.10710850358009338,0.8710126876831055,0.8768560290336609,-0.1339372843503952,1108.35302734375,150.52716064453125,1108.35302734375,150.52716064453125,False,False,-0.00812702559068344,-0.4532929610298985,0.1129552676654183,False,,False,caught
483,1787621366.665553,29.426899799145758,0.06179509963840246,16.182512947653727,False,,,,,False,False,False,,7.719144821166992,2.6868114471435547,10.471552848815918,1.4765262603759766,,,3.006748914718628,False,0.184075759,0.568147435688,2,1.0,-1.0,1.4142135381698608,0.1840757578611374,-0.1840757578611374,0.2603224217891693,0.1840757578611374,-0.11283960938453674,0.21590891480445862,0.18212775886058807,-0.14359842240810394,0.23192892968654633,0.18212775886058807,-0.14359842240810394,0.23192892968654633,0.1821279525756836,-0.14359831809997559,0.2319290190935135,False,False,2.35150009393692,3.277500160038471,0.8404925465583801,-0.08384828269481659,0.8446645736694336,0.8644019961357117,-0.10710850358009338,1123.9268798828125,149.4675750732422,1123.9268798828125,149.4675750732422,False,False,-0.0005605949902800858,-0.45718119699378307,0.11295300580634843,False,,False,caught
484,1787621366.7274222,29.488149699755013,0.06124990060925484,16.326557105447783,True,385,0.0588322002440691,0.07061639986932278,14.161016447319918,False,False,False,,7.901272773742676,2.543213129043579,10.66209888458252,1.4531084299087524,,,2.9682469367980957,False,0.184075759,0.568147435688,2,1.0,-0.3767423629760742,1.0686135292053223,0.1840757578611374,-0.06934913247823715,0.19670583307743073,0.1840757578611374,-0.1840757578611374,0.2603224217891693,0.18323460221290588,-0.1665954738855362,0.24764686822891235,0.18323460221290588,-0.1665954738855362,0.24764686822891235,0.18323421478271484,-0.166595458984375,0.24764657020568848,False,False,3.0091004446148872,2.953600138425827,0.818067729473114,-0.046140220016241074,0.8193678855895996,0.8404925465583801,-0.08384828269481659,1142.06103515625,149.3844757080078,1142.06103515625,149.3844757080078,False,False,0.00798368945129317,-0.4618265120423706,0.11299722311549719,False,,False,caught
485,1787621366.789846,29.549980499781668,0.0618308000266552,16.173169351988022,True,386,0.05445929989218712,0.08019740041345358,12.469232105336973,False,False,False,,8.08450698852539,2.376617670059204,10.839171409606934,1.4387669563293457,,,2.909938097000122,False,0.184075759,0.568147435688,2,1.0,-1.0,1.4142135381698608,0.1840757578611374,-0.1840757578611374,0.2603224217891693,0.1840757578611374,-0.1840757578611374,0.2603224217891693,0.18371233344078064,-0.17652684450149536,0.2547782361507416,0.18371233344078064,-0.17652684450149536,0.2547782361507416,0.18371200561523438,-0.17652678489685059,0.2547779381275177,False,False,2.603299915790558,2.808299846947193,0.7840880751609802,-0.0024317018687725067,0.7840918302536011,0.818067729473114,-0.046140220016241074,1158.1055908203125,150.62986755371094,1158.1055908203125,150.62986755371094,False,False,0.015694850697409383,-0.46648342908832413,0.11296841971958385,False,,False,caught
486,1787621366.8500788,29.611721499823034,0.061741000041365623,16.1966926245123,True,387,0.042287000454962254,0.06588440015912056,15.178099786669565,False,False,False,,8.268218994140625,2.2000908851623535,11.019758224487305,1.4320051670074463,,,2.8567330837249756,False,0.184075759,0.568147435688,2,0.29166412353515625,-1.0,1.0416659116744995,0.05368829518556595,-0.1840757578611374,0.19174544513225555,0.1840757578611374,-0.06934913247823715,0.19670583307743073,0.18391866981983185,-0.11563408374786377,0.21724943816661835,0.18391866981983185,-0.11563408374786377,0.21724943816661835,0.18391895294189453,-0.11563396453857422,0.21724961698055267,False,False,2.194799482822418,2.4929996579885483,0.7568903565406799,0.04053707793354988,0.7579751014709473,0.7840880751609802,-0.0024317018687725067,1174.926513671875,152.6231231689453,1174.926513671875,152.6231231689453,False,False,0.02331295515173353,-0.4715926149498799,0.11295111658934626,False,,False,caught
487,1787621366.9104152,29.672717599198222,0.06099609937518835,16.3944909632496,True,388,0.023678899742662907,0.07391260005533695,13.529492931534259,False,False,False,,8.45213794708252,2.0844569206237793,11.170210838317871,1.4330363273620605,,,2.795043706893921,False,0.184075759,0.568147435688,2,1.0,-1.0,1.4142135381698608,0.1840757578611374,-0.1840757578611374,0.2603224217891693,0.1840757578611374,-0.1840757578611374,0.2603224217891693,0.18400803208351135,-0.1545189917087555,0.24028123915195465,0.18400803208351135,-0.1545189917087555,0.24028123915195465,0.1840076446533203,-0.1545189619064331,0.24028092622756958,False,False,1.4098994433879852,2.00630072504282,0.7318188548088074,0.07383650541305542,0.7355342507362366,0.7568903565406799,0.04053707793354988,1188.7926025390625,154.82504272460938,1188.7926025390625,154.82504272460938,False,False,0.029448497996758246,-0.47615335923956564,0.11288966762299477,False,,False,caught
488,1787621366.9708142,29.734135599806905,0.06141800060868263,16.28187160261662,True,389,0.01653630007058382,0.07960339915007353,12.562277624787537,False,False,False,,8.63614559173584,1.9299379587173462,11.333888053894043,1.4444373846054077,,,2.7410809993743896,False,0.184075759,0.568147435688,2,1.0,-0.37537097930908203,1.0681307315826416,0.1840757578611374,-0.06909669935703278,0.196616992354393,0.05368829518556595,-0.1840757578611374,0.19174544513225555,0.10996703803539276,-0.17131158709526062,0.2035691738128662,0.10996703803539276,-0.17131158709526062,0.2035691738128662,0.10996723175048828,-0.171311616897583,0.20356930792331696,False,False,1.38000026345253,2.17290036380291,0.7197158336639404,0.11415629088878632,0.7287129163742065,0.7318188548088074,0.07383650541305542,1204.8094482421875,158.55517578125,1204.8094482421875,158.55517578125,False,False,0.03579007788472982,-0.48158026336352344,0.11290830128690296,False,,False,caught
489,1787621367.033223,29.795513599179685,0.06137799937278032,16.2924828149983,True,390,0.0078099993988871574,0.06855610013008118,14.586594017199909,False,False,False,,8.746112823486328,1.7586263418197632,11.49081802368164,1.4621717929840088,,,2.7606687545776367,False,0.184075759,0.568147435688,2,0.30242085456848145,-1.0,1.0447288751602173,0.05566834658384323,-0.1840757578611374,0.19230926036834717,0.1840757578611374,-0.1840757578611374,0.2603224217891693,0.15207180380821228,-0.17856353521347046,0.23454374074935913,0.15207180380821228,-0.17856353521347046,0.23454374074935913,0.15207195281982422,-0.17856347560882568,0.2345438003540039,False,False,1.5139998868107796,2.2037001326680183,0.673749566078186,0.13798999786376953,0.6877351999282837,0.7197158336639404,0.11415629088878632,1218.054931640625,161.91241455078125,1218.054931640625,161.91241455078125,False,False,0.04165056158984253,-0.487093020859782,0.11293580275958061,False,,False,caught
490,1787621367.0956872,29.857510400004685,0.06199680082499981,16.1298645525715,True,391,0.004210200160741806,0.0701104998588562,14.26319883631071,False,False,False,,8.898184776306152,1.5800628662109375,11.629079818725586,1.4855791330337524,,,2.7325289249420166,False,0.184075759,0.568147435688,2,1.0,-1.0,1.4142135381698608,0.1840757578611374,-0.1840757578611374,0.2603224217891693,0.1840757578611374,-0.06909669935703278,0.196616992354393,0.17025482654571533,-0.11637021601200104,0.2062249630689621,0.17025482654571533,-0.11637021601200104,0.2062249630689621,0.17025470733642578,-0.11637020111083984,0.20622484385967255,False,False,2.045099623501301,2.5088004767894745,0.6259200572967529,0.16254068911075592,0.6466802954673767,0.673749566078186,0.13798999786376953,1229.2742919921875,165.9092559814453,1229.2742919921875,165.9092559814453,False,False,0.046558802755801744,-0.4923015683370163,0.11295492884074351,False,,False,caught
491,1787621367.1565611,29.918802899308503,0.06129249930381775,16.315210039700773,True,392,0.0007919995114207268,0.06559570040553808,15.244901629491137,False,False,False,,9.068439483642578,1.4636926651000977,11.776911735534668,1.515464186668396,,,2.7089669704437256,False,0.184075759,0.568147435688,2,1.0,-1.0,1.4142135381698608,0.1840757578611374,-0.1840757578611374,0.2603224217891693,0.05566834658384323,-0.1840757578611374,0.19230926036834717,0.10515276342630386,-0.15483693778514862,0.18716725707054138,0.10515276342630386,-0.15483693778514862,0.18716725707054138,0.10515308380126953,-0.15483689308166504,0.18716740608215332,False,False,1.4690998941659927,2.472800202667713,0.588790237903595,0.19240184128284454,0.6194291114807129,0.6259200572967529,0.16254068911075592,1242.1309814453125,170.9188690185547,1242.1309814453125,170.9188690185547,False,False,0.05164844971261491,-0.4980914604440743,0.11293074326365778,False,,False,caught
492,1787621367.2191145,29.980364999733865,0.06156210042536259,16.243760253313518,False,,,,,False,False,False,,9.173592567443848,1.3088557720184326,11.909974098205566,1.5519121885299683,,,2.747154951095581,False,0.184075759,0.568147435688,2,0.329059362411499,-0.4607354998588562,0.5661777853965759,0.06057185307145119,-0.08481023460626602,0.10421960055828094,0.1840757578611374,-0.1840757578611374,0.2603224217891693,0.14999279379844666,-0.17144888639450073,0.22779937088489532,0.14999279379844666,-0.17144888639450073,0.22779937088489532,0.1499929428100586,-0.1714489459991455,0.22779951989650726,False,False,2.185099758207798,2.7699004858732224,0.5113418698310852,0.22175075113773346,0.5573543310165405,0.588790237903595,0.19240184128284454,1250.9981689453125,176.58407592773438,1250.9981689453125,176.58407592773438,False,False,0.05591248323801041,-0.5037312376779793,0.11292878644467899,False,,False,caught
493,1787621367.3491795,30.041756100021303,0.06139110028743744,16.289005984872887,True,393,0.05363380070775747,0.06471079960465431,15.45337109276077,False,False,False,,9.323585510253906,1.137406826019287,12.019634246826172,1.5890660285949707,,,2.733619451522827,False,0.184075759,0.568147435688,2,1.0,-1.0,1.4142135381698608,0.1840757578611374,-0.1840757578611374,0.2603224217891693,0.1840757578611374,-0.1840757578611374,0.2603224217891693,0.16935700178146362,-0.17862284183502197,0.24614612758159637,0.16935700178146362,-0.17862284183502197,0.24614612758159637,0.1693572998046875,-0.17862284183502197,0.2461463361978531,False,False,2.637099474668503,3.304700367152691,0.4452711343765259,0.2556632459163666,0.5134491920471191,0.5113418698310852,0.22175075113773346,1258.16796875,182.61021423339844,1258.16796875,182.61021423339844,False,False,0.059189154031145136,-0.5086974726296902,0.11289218265972159,False,,False,caught
494,1787621367.3665805,30.12694159988314,0.08518549986183643,11.739087070239819,True,394,0.0676536001265049,0.07038820069283247,14.206926589357023,False,False,False,,9.492942810058594,0.9587839841842651,12.161178588867188,1.6609001159667969,,,2.7590668201446533,False,0.184075759,0.568147435688,2,1.0,-0.34399908781051636,1.05751371383667,0.1840757578611374,-0.06332189589738846,0.1946626603603363,0.06057185307145119,-0.08481023460626602,0.10421960055828094,0.10755112767219543,-0.12532344460487366,0.16514603793621063,0.10755112767219543,-0.12532344460487366,0.16514603793621063,0.10755157470703125,-0.12532341480255127,0.16514629125595093,False,False,1.8512997776269913,2.817399799823761,0.38170701265335083,0.30572137236595154,0.4890458285808563,0.4452711343765259,0.2556632459163666,1268.7567138671875,193.28610229492188,1268.7567138671875,193.28610229492188,False,False,0.06261686238759864,-0.5161688582026971,0.11293575675902044,False,,False,caught
495,1787621367.4196358,30.179801099933684,0.05285950005054474,18.918075256931882,True,395,0.0498564001172781,0.07088520005345345,14.10731717263851,False,False,False,,9.600494384765625,0.8334605693817139,12.222464561462402,1.6990599632263184,,,2.761157274246216,False,0.184075759,0.568147435688,2,0.7469154596328735,-0.9922969937324524,1.2419887781143188,0.13748903572559357,-0.18265782296657562,0.2286200225353241,0.1840757578611374,-0.1840757578611374,0.2603224217891693,0.1510285884141922,-0.15870341658592224,0.2190808206796646,0.1510285884141922,-0.15870341658592224,0.2190808206796646,0.15102863311767578,-0.15870344638824463,0.2190808802843094,False,False,2.0602997392416,2.625100314617157,0.31726664304733276,0.34019526839256287,0.46517840027809143,0.38170701265335083,0.30572137236595154,1271.0731201171875,199.45297241210938,1271.0731201171875,199.45297241210938,False,False,0.06386354067908066,-0.5197163582861876,0.11288811058847233,False,,False,caught
496,1787621367.4824407,30.241625799797475,0.061824699863791466,16.174765137609096,True,396,0.031728800386190414,0.07065169978886843,14.153941136424796,False,False,False,,9.7515230178833,0.6747571229934692,12.266087532043457,1.7301483154296875,,,2.727065324783325,False,0.184075759,0.568147435688,2,1.0,-0.003392726182937622,1.0000057220458984,0.1840757578611374,-0.0006245186668820679,0.18407681584358215,0.1840757578611374,-0.06332189589738846,0.1946626603603363,0.16980427503585815,-0.10451266169548035,0.19939003884792328,0.16980427503585815,-0.10451266169548035,0.19939003884792328,0.16980457305908203,-0.10451269149780273,0.19939030706882477,False,False,2.5220001116394997,3.1244996935129166,0.30712220072746277,0.37238019704818726,0.4826914966106415,0.31726664304733276,0.34019526839256287,1274.9168701171875,204.7348175048828,1274.9168701171875,204.7348175048828,False,False,0.06461871629687671,-0.5224150284556671,0.1128730118165704,False,,False,caught
497,1787621367.540891,30.303135300055146,0.06150950025767088,16.25765118901758,True,397,0.022580400109291077,0.08005130011588335,12.491989493642032,False,False,False,,9.921327590942383,0.5702444314956665,12.326720237731934,1.7881360054016113,,,2.6961405277252197,False,0.184075759,0.568147435688,2,1.0,0.119124636054039,1.0070703029632568,0.1840757578611374,0.021927958354353905,0.18537724018096924,0.13748903572559357,-0.18265782296657562,0.2286200225353241,0.15144458413124084,-0.14891064167022705,0.21239076554775238,0.15144458413124084,-0.14891064167022705,0.21239076554775238,0.1514444351196289,-0.14891064167022705,0.21239066123962402,False,False,2.210100181400776,1.892300322651863,0.306848406791687,0.4117663502693176,0.5135245323181152,0.30712220072746277,0.37238019704818726,1281.10888671875,213.2885284423828,1281.10888671875,213.2885284423828,False,False,0.06517094605705492,-0.5268187592644183,0.11285783746415866,False,,False,caught
498,1787621367.6016133,30.36493769939989,0.0618023993447423,16.180601572147097,True,398,0.017473099753260612,0.0705675994977355,14.170809367436252,False,False,False,,10.072772026062012,0.42133378982543945,12.390332221984863,1.870482325553894,,,2.7333343029022217,False,0.184075759,0.568147435688,2,1.0,-0.5986341238021851,1.1654882431030273,0.1840757578611374,-0.11019402742385864,0.21453812718391418,0.1840757578611374,-0.0006245186668820679,0.18407681584358215,0.16998383402824402,-0.06466226279735565,0.18186728656291962,0.16998383402824402,-0.06466226279735565,0.18186728656291962,0.1699838638305664,-0.06466227769851685,0.1818673312664032,False,False,1.4754999428987503,2.2251997143030167,0.2885269522666931,0.44753772020339966,0.5324826836585999,0.306848406791687,0.4117663502693176,1286.4971923828125,224.167724609375,1286.4971923828125,224.167724609375,False,False,0.065026667499111,-0.532386221697595,0.11286774455833967,False,,False,caught
499,1787621367.6653614,30.426641199737787,0.06170350033789873,16.206536007257807,True,399,0.009706900455057621,0.06691040005534887,14.945359752337323,False,False,False,,10.242755889892578,0.3566715121269226,12.455004692077637,1.9606369733810425,,,2.7325353622436523,False,0.184075759,0.568147435688,2,1.0,0.995154619216919,1.4107915163040161,0.1840757578611374,0.18318383395671844,0.2596924901008606,0.1840757578611374,0.021927958354353905,0.18537724018096924,0.1779901385307312,-0.015466257929801941,0.17866083979606628,0.1779901385307312,-0.015466257929801941,0.17866083979606628,0.17798995971679688,-0.015466272830963135,0.17866066098213196,False,False,1.9161002710461617,2.208099700510502,0.2895468771457672,0.48866596817970276,0.5680068731307983,0.2885269522666931,0.44753772020339966,1293.1822509765625,236.2020721435547,1293.1822509765625,236.2020721435547,False,False,0.06466389386518476,-0.5383248415456172,0.11288606686524033,False,,False,caught
500,1787621367.7270615,30.488236599601805,0.06159539986401796,16.234978621904645,True,400,0.00034849997609853745,0.06946239992976189,14.396277712995339,False,False,False,,10.420745849609375,0.3412052392959595,12.507333755493164,2.0453908443450928,,,2.6940855979919434,False,0.184075759,0.568147435688,2,1.0,-0.3955311179161072,1.0753812789916992,0.1840757578611374,-0.0728076919913292,0.19795162975788116,0.1840757578611374,-0.11019402742385864,0.21453812718391418,0.1814475953578949,-0.06928560137748718,0.1942259669303894,0.1814475953578949,-0.06928560137748718,0.1942259669303894,0.18144798278808594,-0.04120522737503052,0.1860678493976593,False,True,2.08089966326952,2.392199821770191,0.2936173379421234,0.5411660671234131,0.615688145160675,0.2895468771457672,0.48866596817970276,1298.7908935546875,248.38546752929688,1298.7908935546875,248.38546752929688,False,False,0.06397421074366946,-0.5436448695157302,0.11293402163487228,False,,False,caught
501,1787621367.786497,30.549776199273765,0.06153959967195988,16.24969946718135,False,,,,,False,False,False,,10.602193832397461,0.30000001192092896,12.570911407470703,2.153700351715088,,,2.7040810585021973,False,0.184075759,0.568147435688,2,1.0,-0.4704882502555847,1.1051511764526367,0.1840757578611374,-0.0866054818034172,0.20343154668807983,0.1840757578611374,0.18318383395671844,0.2596924901008606,0.18294094502925873,0.08628083765506744,0.20226658880710602,0.18294094502925873,0.08628083765506744,0.20226658880710602,0.18294048309326172,0.08628082275390625,0.2022661715745926,False,False,1.7627999186515808,2.793099731206894,0.27811944484710693,0.6059684753417969,0.6667444705963135,0.2936173379421234,0.5411660671234131,1304.3489990234375,263.81109619140625,1304.3489990234375,263.81109619140625,False,False,0.0629582461056908,-0.5503349918115699,0.11303706021020603,False,,False,caught
502,1787621367.8499362,30.611211999319494,0.061435800045728683,16.277154350650065,True,401,0.05878149997442961,0.07095410022884607,14.093618223256032,False,False,False,,10.785134315490723,0.3862808346748352,12.6303071975708,2.270235538482666,,,2.6370339393615723,False,0.184075759,0.568147435688,2,1.0,1.0,1.4142135381698608,0.1840757578611374,0.1840757578611374,0.2603224217891693,0.1840757578611374,-0.0728076919913292,0.19795162975788116,0.1835854947566986,-0.0041049085557460785,0.18363137543201447,0.1835854947566986,-0.004104912281036377,0.18363137543201447,0.18358516693115234,-0.004104912281036377,0.1836310476064682,False,False,1.6378993168473244,2.5821002200245857,0.2789752781391144,0.7293646931648254,0.7808969616889954,0.27811944484710693,0.6059684753417969,1310.4837646484375,283.78314208984375,1310.4837646484375,283.78314208984375,False,False,0.06149606556727794,-0.5572490526998738,0.11303996580440459,False,,False,caught
503,1787621367.912323,30.672428099438548,0.06121610011905432,16.335571819426256,True,402,0.05579819995909929,0.06484850030392408,15.420557072458443,False,False,False,,10.968719482421875,0.38217592239379883,12.680622100830078,2.386598587036133,,,2.6359667778015137,False,0.184075759,0.568147435688,2,1.0,1.0,1.4142135381698608,0.1840757578611374,0.1840757578611374,0.2603224217891693,0.1840757578611374,-0.0866054818034172,0.20343154668807983,0.18386389315128326,-0.050977397710084915,0.19079996645450592,0.18386389315128326,-0.050977397710084915,0.19079996645450592,0.18386363983154297,-0.05097740888595581,0.19079972803592682,False,False,1.9593993201851845,2.936200238764286,0.25016677379608154,0.8594379425048828,0.8951072096824646,0.2789752781391144,0.7293646931648254,1313.8658447265625,304.156982421875,1313.8658447265625,304.156982421875,False,False,0.05966881144560533,-0.5638687344340402,0.1129763186911646,False,,False,caught
504,1787621367.976834,30.733885999768972,0.06145790033042431,16.271301079658866,True,403,0.047038400545716286,0.06389649957418442,15.650309589166007,False,False,False,,11.152583122253418,0.331198513507843,12.74147891998291,2.5507075786590576,,,2.7296173572540283,False,0.184075759,0.568147435688,2,1.0,0.8358697295188904,1.3033335208892822,0.1840757578611374,0.1538633555173874,0.23991210758686066,0.1840757578611374,0.1840757578611374,0.2603224217891693,0.1839841604232788,0.08256743848323822,0.20166197419166565,0.1839841604232788,0.08256743848323822,0.20166197419166565,0.18398380279541016,0.08256745338439941,0.20166166126728058,False,False,2.4560997262597084,2.783600240945816,0.20613402128219604,0.987649142742157,1.0089311599731445,0.25016677379608154,0.8594379425048828,1317.392333984375,329.41754150390625,1317.392333984375,329.41754150390625,False,False,0.05668253683399774,-0.57287890473953,0.11295869174892625,False,,False,caught
505,1787621368.03404,30.795227999798954,0.061342000029981136,16.302044268384567,True,404,0.0366925997659564,0.0702204005792737,14.240875753351379,False,False,False,,11.336566925048828,0.41376596689224243,12.789194107055664,2.7402801513671875,,,2.7427713871002197,False,0.184075759,0.568147435688,2,1.0,0.815944254398346,1.2906452417373657,0.1840757578611374,0.15019555389881134,0.23757648468017578,0.1840757578611374,0.1840757578611374,0.2603224217891693,0.1840360462665558,0.14023913443088531,0.23137909173965454,0.1840360462665558,0.14023913443088531,0.23137909173965454,0.1840362548828125,0.14023911952972412,0.23137924075126648,False,False,2.498200163245201,1.950100064277649,0.1807045340538025,1.0,1.0161958932876587,0.20613402128219604,0.987649142742157,1320.7159423828125,350.06134033203125,1320.7159423828125,350.06134033203125,False,False,0.052317211533219325,-0.5825736435626963,0.11293511860616254,False,,False,caught
506,1787621368.0985444,30.856599999591708,0.06137199979275465,16.294075529180592,True,405,0.029924199916422367,0.07168809976428747,13.949316599101227,False,False,False,,11.52060317993164,0.5540050864219666,12.82734203338623,2.9314608573913574,,,2.7129065990448,False,0.184075759,0.568147435688,2,1.0,1.0,1.4142135381698608,0.1840757578611374,0.1840757578611374,0.2603224217891693,0.1840757578611374,0.1538633555173874,0.23991210758686066,0.18405869603157043,0.14797969162464142,0.23616856336593628,0.18405869603157043,0.14797969162464142,0.23616856336593628,0.18405914306640625,0.14797967672348022,0.23616890609264374,False,False,2.661599777638912,2.752699889242649,0.15597116947174072,1.0,1.0120904445648193,0.1807045340538025,1.0,1323.102783203125,370.09710693359375,1323.102783203125,370.09710693359375,False,False,0.04752086937026206,-0.5920180510812685,0.113001077641005,False,,False,caught
507,1787621368.1572921,30.91856319922954,0.06196319963783026,16.138611399103286,True,406,0.02321899961680174,0.06814019940793514,14.675624795479346,False,False,False,,11.704662322998047,0.7019847631454468,12.863411903381348,3.14497709274292,,,2.7038698196411133,False,0.184075759,0.568147435688,2,-0.29703521728515625,1.0,1.043182611465454,-0.05467698350548744,0.1840757578611374,0.1920246183872223,0.1840757578611374,0.15019555389881134,0.23757648468017578,0.18406859040260315,0.14923861622810364,0.23696710169315338,0.18406859040260315,0.14923861622810364,0.23696710169315338,0.1840686798095703,0.14923858642578125,0.23696716129779816,False,False,2.0104004070162773,2.2082002833485603,0.1032586470246315,1.0,1.005316972732544,0.15597116947174072,1.0,1323.5574951171875,392.47357177734375,1323.5574951171875,392.47357177734375,False,False,0.04191558546083811,-0.6023323520396135,0.1129380305931375,False,,False,caught
508,1787621368.217787,30.98010569997132,0.061542500741779804,16.248933467877798,True,407,0.011644900776445866,0.06866970006376505,14.56246348930349,False,False,False,,11.888731002807617,0.851223349571228,12.895627975463867,3.3534557819366455,,,2.6972224712371826,False,0.184075759,0.568147435688,2,1.0,1.0,1.4142135381698608,0.1840757578611374,0.1840757578611374,0.2603224217891693,0.1840757578611374,0.1840757578611374,0.2603224217891693,0.18407270312309265,0.16903123259544373,0.24990861117839813,0.18407270312309265,0.16903123259544373,0.24990861117839813,0.18407249450683594,0.1690312623977661,0.24990849196910858,False,False,1.9124001264572144,2.338799647986889,0.007323123514652252,1.0,1.000026822090149,0.1032586470246315,1.0,1320.9622802734375,414.3221740722656,1320.9622802734375,414.3221740722656,False,False,0.036339785437908216,-0.6122766927835257,0.11290071254422718,False,,False,caught
509,1787621368.278295,31.04157519992441,0.061469499953091145,16.268230598315004,True,408,0.008372200652956963,0.07311050035059452,13.677925813728454,False,False,False,,12.072803497314453,1.0202546119689941,12.910090446472168,3.538815975189209,,,2.6540913581848145,False,0.184075759,0.568147435688,2,1.0,1.0,1.4142135381698608,0.1840757578611374,0.1840757578611374,0.2603224217891693,-0.05467698350548744,0.1840757578611374,0.1920246183872223,0.04842759668827057,0.17757874727249146,0.18406368792057037,0.04842759668827057,0.17757874727249146,0.18406368792057037,0.048427581787109375,0.17757868766784668,0.1840636283159256,False,False,1.44950021058321,2.2040000185370445,-0.12079022079706192,1.0,1.0072686672210693,0.007323123514652252,1.0,1314.5718994140625,433.7478942871094,1314.5718994140625,433.7478942871094,False,False,0.03082325033429,-0.6206588295876194,0.1129310312085642,False,,False,caught
510,1787621368.3402905,31.10354539938271,0.06197019945830107,16.136788468349,True,409,0.001974799670279026,0.06474389974027872,15.445470600496995,False,False,False,,12.121231079101562,1.1978332996368408,12.901369094848633,3.752622127532959,,,2.6712472438812256,False,0.184075759,0.568147435688,2,-0.1648067831993103,1.0,1.0134896039962769,-0.030336933210492134,0.1840757578611374,0.18655887246131897,0.1840757578611374,0.1840757578611374,0.2603224217891693,0.12549574673175812,0.18126997351646423,0.22047218680381775,0.12549574673175812,0.18126997351646423,0.22047218680381775,0.12549591064453125,0.18127000331878662,0.2204723060131073,False,False,1.3086004182696342,2.6951003819704056,-0.2015412151813507,1.0,1.0201072692871094,-0.12079022079706192,1.0,1308.7174072265625,456.15478515625,1308.7174072265625,456.15478515625,False,False,0.023454391252860037,-0.6295235996572026,0.11293060542032322,False,,False,caught
511,1787621368.4036589,31.16492519993335,0.06137980055063963,16.292004715378294,False,,,,,False,False,False,,12.246726989746094,1.3791033029556274,12.868252754211426,3.957475423812866,,,2.6522247791290283,False,0.184075759,0.568147435688,2,0.5103181600570679,1.0,1.1226863861083984,0.09393720328807831,0.1840757578611374,0.20665934681892395,0.1840757578611374,0.1840757578611374,0.2603224217891693,0.1587778925895691,0.18286408483982086,0.24217699468135834,0.1587778925895691,0.18286408483982086,0.24217699468135834,0.15877819061279297,0.18286406993865967,0.24217717349529266,False,False,1.84710044413805,2.594800665974617,-0.35283219814300537,1.0,1.0604199171066284,-0.2015412151813507,1.0,1296.031005859375,477.6234436035156,1296.031005859375,477.6234436035156,False,False,0.015422327930787945,-0.6372343211101623,0.11295404608516899,False,,False,caught
512,1787621368.46623,31.226211600005627,0.06128640007227659,16.316833731801424,True,410,0.05382110085338354,0.06837140023708344,14.625998539336887,False,False,False,,12.405505180358887,1.561967372894287,12.816286087036133,4.17126989364624,,,2.641439199447632,False,0.184075759,0.568147435688,2,1.0,1.0,1.4142135381698608,0.1840757578611374,0.1840757578611374,0.2603224217891693,-0.030336933210492134,0.1840757578611374,0.18655887246131897,0.05133292078971863,0.18355248868465424,0.190595343708992,0.05133292078971863,0.18355248868465424,0.190595343708992,0.05133247375488281,0.18355250358581543,0.19059523940086365,False,False,2.0212000235915184,3.2076993957161903,-0.557134747505188,1.0,1.1447266340255737,-0.35283219814300537,1.0,1278.1573486328125,500.029052734375,1278.1573486328125,500.029052734375,False,False,0.006373935663762317,-0.6447222130304283,0.11298132803903231,False,,False,caught
513,1787621368.5289986,31.287664199247956,0.0614525992423296,16.2727046915728,True,411,0.03820859920233488,0.07120329979807138,14.044292930748218,False,False,False,,12.45683765411377,1.7455198764801025,12.738900184631348,4.355584144592285,,,2.625260829925537,False,0.184075759,0.568147435688,2,0.8414400815963745,1.0,1.306912899017334,0.15488871932029724,0.1840757578611374,0.24057099223136902,0.09393720328807831,0.1840757578611374,0.20665934681892395,0.07553824037313461,0.1838497817516327,0.19876310229301453,0.07553824037313461,0.1838497817516327,0.19876310229301453,0.07553863525390625,0.18384981155395508,0.19876328110694885,False,False,1.896199770271778,2.701899968087673,-0.6683105826377869,1.0,1.2027630805969238,-0.557134747505188,1.0,1263.40234375,519.34521484375,1263.40234375,519.34521484375,False,False,-0.0027021181279168463,-0.6501669704994184,0.11286689551479873,False,,False,caught
514,1787621368.5861402,31.34842239972204,0.060758200474083424,16.458683637718217,True,412,0.029146499931812286,0.07667430024594069,13.042179671577014,False,False,False,,12.532376289367676,1.9293696880340576,12.607110023498535,4.575146198272705,,,2.646831750869751,False,0.184075759,0.568147435688,2,0.6228840351104736,1.0,1.1781275272369385,0.11465784907341003,0.1840757578611374,0.2168647199869156,0.1840757578611374,0.1840757578611374,0.2603224217891693,0.13720372319221497,0.18397818505764008,0.22950562834739685,0.13720372319221497,0.18397818505764008,0.22950562834739685,0.13720417022705078,0.18397808074951172,0.22950582206249237,False,False,1.8825000151991844,2.5220997631549835,-0.8160161375999451,1.0,1.2906906604766846,-0.6683105826377869,1.0,1240.83203125,542.3553466796875,1240.83203125,542.3553466796875,False,False,-0.015048548231929608,-0.6554298679423339,0.11286606948959257,False,,False,caught
515,1787621368.645432,31.40975739993155,0.061335000209510326,16.303904729504584,True,413,0.02015550062060356,0.06982790026813745,14.320923243574905,False,False,False,,12.669580459594727,2.1133477687835693,12.456283569335938,4.784483909606934,,,2.679638624191284,False,0.184075759,0.568147435688,2,0.7144035696983337,1.0,1.22897207736969,0.1315043717622757,0.1840757578611374,0.22622397541999817,0.15488871932029724,0.1840757578611374,0.24057099223136902,0.14725160598754883,0.1840335726737976,0.23569343984127045,0.14725160598754883,0.1840335726737976,0.23569343984127045,0.14725112915039062,0.18403363227844238,0.23569317162036896,False,False,1.1755991727113724,1.901799812912941,-0.9436786770820618,1.0,1.3749651908874512,-0.8160161375999451,1.0,1217.5438232421875,564.2938842773438,1217.5438232421875,564.2938842773438,False,False,-0.02776288451154028,-0.6596647590344218,0.11295508860737262,False,,False,caught
516,1787621368.708891,31.471160899847746,0.06140349991619587,16.285716634472145,True,414,0.010961400344967842,0.07032629940658808,14.219431541798448,False,False,False,,12.816831588745117,2.2973814010620117,12.292825698852539,4.972832202911377,,,2.726283073425293,False,0.184075759,0.568147435688,2,-0.9297952651977539,1.0,1.365473985671997,-0.1711527705192566,0.1840757578611374,0.25135067105293274,0.11465784907341003,0.1840757578611374,0.2168647199869156,0.1287333369255066,0.1840575635433197,0.22460956871509552,0.1287333369255066,0.1840575635433197,0.22460956871509552,0.12873363494873047,0.18405747413635254,0.22460965812206268,False,False,2.075199969112873,1.7349999397993088,-1.0,1.0,1.4142135381698608,-0.9436786770820618,1.0,1197.3453369140625,584.0328369140625,1197.3453369140625,584.0328369140625,False,False,-0.04024735210339005,-0.6626227692960676,0.11294560762876127,False,,False,caught
517,1787621368.7696643,31.532949700020254,0.06178880017250776,16.184162780440893,False,,,,,False,False,False,,12.945565223693848,2.4814388751983643,12.07952880859375,5.192112445831299,,,2.845658302307129,False,0.184075759,0.568147435688,2,-0.7172681093215942,1.0,1.2306394577026367,-0.1320316642522812,0.1840757578611374,0.22653089463710785,0.1315043717622757,0.1840757578611374,0.22622397541999817,0.13030782341957092,0.18406786024570465,0.22552406787872314,0.13030782341957092,0.18406786024570465,0.22552406787872314,0.1303081512451172,0.184067964553833,0.22552435100078583,False,False,2.2454001009464264,2.6634996756911278,-1.0,1.0,1.4142135381698608,-1.0,1.0,1175.503662109375,607.0133666992188,1175.503662109375,607.0133666992188,False,False,-0.05561389353288295,-0.6653595036764264,0.11295180628034837,False,,False,caught
518,1787621368.8195267,31.58286489918828,0.04991519916802645,20.033977959974912,True,415,0.03785179927945137,0.07059210073202848,14.165890937231849,False,False,False,,13.075873374938965,2.6655068397521973,11.920323371887207,5.351339817047119,,,2.9238665103912354,False,0.184075759,0.568147435688,2,-1.0,1.0,1.4142135381698608,-0.1840757578611374,0.1840757578611374,0.2603224217891693,-0.1711527705192566,0.1840757578611374,0.25135067105293274,-0.04096609726548195,0.18407239019870758,0.1885758936405182,-0.04096609354019165,0.18407239019870758,0.1885758936405182,-0.040966033935546875,0.18407249450683594,0.18857598304748535,False,False,1.2637004256248474,1.6977004706859589,-1.0,1.0,1.4142135381698608,-1.0,1.0,1159.2010498046875,623.7003784179688,1159.2010498046875,623.7003784179688,False,False,-0.0668865063444091,-0.6672075383189171,0.11300190922055506,False,,False,caught
519,1787621368.8788722,31.641138999722898,0.0582741005346179,17.16028202624847,True,416,0.01779779978096485,0.08522529993206263,11.733604936528828,False,False,False,,13.034907341003418,2.849579334259033,11.73580265045166,5.538533687591553,,,2.9863269329071045,False,0.184075759,0.568147435688,2,0.6489458084106445,1.0,1.192111849784851,0.11945518851280212,0.1840757578611374,0.21943889558315277,-0.1320316642522812,0.1840757578611374,0.22653089463710785,-0.09270474314689636,0.18407434225082397,0.20610077679157257,-0.09270474314689636,0.18407434225082397,0.20610077679157257,-0.09270477294921875,0.18407440185546875,0.20610085129737854,False,False,1.5162993222475052,2.0788004621863365,-1.0,1.0,1.4142135381698608,-1.0,1.0,1140.30615234375,643.3182983398438,1140.30615234375,643.3182983398438,False,False,-0.07997454297526874,-0.6694492336318644,0.11298088272685824,False,,False,caught
520,1787621368.939348,31.702667200006545,0.061528200283646584,16.252710064490337,True,417,0.000516100786626339,0.07791659981012344,12.834235611370625,False,False,False,,12.9422025680542,3.033653736114502,11.521971702575684,5.751194953918457,,,3.066282272338867,False,0.184075759,0.568147435688,2,-0.6059606671333313,0.6586987972259521,0.8950265049934387,-0.11154267191886902,0.12125048041343689,0.16475267708301544,-0.1840757578611374,0.1840757578611374,0.2603224217891693,-0.144616961479187,0.18407517671585083,0.23408916592597961,-0.144616961479187,0.18407517671585083,0.23408916592597961,-0.14461708068847656,0.18407511711120605,0.234089195728302,False,False,1.3557998463511467,1.6502998769283295,-0.9923339486122131,1.0,1.4088032245635986,-1.0,1.0,1118.880859375,665.605224609375,1118.880859375,665.605224609375,False,False,-0.0949289937429248,-0.6718572363492852,0.11294113879798116,False,,False,caught
521,1787621369.0007126,31.763870899565518,0.06120369955897331,16.338881590588198,False,,,,,False,False,False,,12.797585487365723,3.217728853225708,11.314139366149902,5.959129810333252,,,3.117032527923584,False,0.184075759,0.568147435688,2,-1.0,1.0,1.4142135381698608,-0.1840757578611374,0.1840757578611374,0.2603224217891693,0.11945518851280212,0.1840757578611374,0.21943889558315277,0.005414899438619614,0.1840754747390747,0.18415510654449463,0.005414903163909912,0.1840754747390747,0.18415510654449463,0.0054149627685546875,0.18407559394836426,0.18415522575378418,False,False,1.9797002896666527,2.442300319671631,-1.0,1.0,1.4142135381698608,-0.9923339486122131,1.0,1097.1278076171875,687.3967895507812,1097.1278076171875,687.3967895507812,False,False,-0.1094215502887373,-0.6742356971810229,0.11293624759243613,False,,False,caught
522,1787621369.050557,31.814586400054395,0.050715500488877296,19.717837551841093,True,418,0.039228600449860096,0.07881459966301918,12.688004561028214,False,False,False,,12.803000450134277,3.4018044471740723,11.155845642089844,6.1188459396362305,,,3.1773312091827393,False,0.184075759,0.568147435688,2,-1.0,1.0,1.4142135381698608,-0.1840757578611374,0.1840757578611374,0.2603224217891693,-0.11154267191886902,0.12125048041343689,0.16475267708301544,-0.06103421375155449,0.14838168025016785,0.16044406592845917,-0.06103421747684479,0.14838168025016785,0.16044406592845917,-0.061034202575683594,0.14838171005249023,0.16044409573078156,False,False,1.4129001647233963,2.263300120830536,-0.8572714328765869,1.0,1.3171614408493042,-1.0,1.0,1089.687744140625,704.1350708007812,1089.687744140625,704.1350708007812,False,False,-0.12044763456951851,-0.6760935536201865,0.11295503296075618,False,,False,caught
523,1787621369.1069787,31.871287799440324,0.05670139938592911,17.636249031415577,True,419,0.019710499793291092,0.07358040008693933,13.5905757350931,False,False,False,,12.741966247558594,3.5501861572265625,10.967361450195312,6.309306621551514,,,3.280543804168701,False,0.184075759,0.568147435688,2,-1.0,1.0,1.4142135381698608,-0.1840757578611374,0.1840757578611374,0.2603224217891693,-0.1840757578611374,0.1840757578611374,0.2603224217891693,-0.13093994557857513,0.1686611920595169,0.2135225236415863,-0.13093994557857513,0.1686611920595169,0.2135225236415863,-0.13093948364257812,0.16866111755371094,0.21352218091487885,False,False,1.237599179148674,1.9637998193502426,-0.7695217728614807,0.9751613140106201,1.2422170639038086,-0.8572714328765869,1.0,1075.7784423828125,722.5335083007812,1075.7784423828125,722.5335083007812,False,False,-0.13352514652797523,-0.6783072820263789,0.11303461302792281,False,,False,caught
524,1787621369.1717067,31.932989799417555,0.061701999977231026,16.206930089284224,True,420,0.006599299609661102,0.07584040053188801,13.185584371743106,False,False,False,,12.611026763916016,3.7188472747802734,10.791766166687012,6.520297050476074,,,3.3403337001800537,False,0.184075759,0.568147435688,2,-1.0,1.0,1.4142135381698608,-0.1840757578611374,0.1840757578611374,0.2603224217891693,-0.1840757578611374,0.1840757578611374,0.2603224217891693,-0.16112872958183289,0.17741891741752625,0.23966631293296814,-0.16112872958183289,0.17741891741752625,0.23966631293296814,-0.16112899780273438,0.17741894721984863,0.23966650664806366,False,False,2.3344000801444054,2.415100112557411,-0.7642977237701416,0.9312178492546082,1.2047065496444702,-0.7695217728614807,0.9751613140106201,1058.118408203125,741.882080078125,1058.118408203125,741.882080078125,False,False,-0.14666228829543423,-0.6817269915191979,0.11306376094343952,False,,False,caught
525,1787621369.2326434,31.994400299154222,0.06141049973666668,16.283860321737862,False,,,,,False,False,False,,12.449897766113281,3.896266222000122,10.654290199279785,6.697953701019287,,,3.3277108669281006,False,0.184075759,0.568147435688,2,-1.0,1.0,1.4142135381698608,-0.1840757578611374,0.1840757578611374,0.2603224217891693,-0.1840757578611374,0.1840757578611374,0.2603224217891693,-0.17416614294052124,0.1812009960412979,0.25133174657821655,-0.17416614294052124,0.1812009960412979,0.25133174657821655,-0.1741657257080078,0.18120121955871582,0.251331627368927,False,False,2.301200293004513,3.7748003378510475,-0.7873465418815613,0.9004066586494446,1.196096420288086,-0.7642977237701416,0.9312178492546082,1042.624755859375,758.5631103515625,1042.624755859375,758.5631103515625,False,False,-0.15727398896950756,-0.6848984180492241,0.1130024696157065,False,,False,caught
526,1787621369.296086,32.0552098993212,0.06080960016697645,16.44477183296898,True,421,0.05779809970408678,0.07482319977134466,13.364838753968579,False,False,False,,12.275732040405273,4.077467441558838,10.490521430969238,6.892079830169678,,,3.333019733428955,False,0.184075759,0.568147435688,2,-0.04470694065093994,1.0,1.000998854637146,-0.008229464292526245,0.1840757578611374,0.18425962328910828,-0.1840757578611374,0.1840757578611374,0.2603224217891693,-0.17979608476161957,0.18283438682556152,0.25642746686935425,-0.17979608476161957,0.18283438682556152,0.25642746686935425,-0.1797962188720703,0.18283414840698242,0.2564274072647095,False,False,2.554299309849739,3.233799710869789,-0.8197079300880432,0.8665660619735718,1.192836046218872,-0.7873465418815613,0.9004066586494446,1023.8665161132812,776.7796630859375,1023.8665161132812,776.7796630859375,False,False,-0.16933382331383848,-0.6879498513694703,0.11292831175732171,False,,False,caught
527,1787621369.3583553,32.11641969997436,0.06120980065315962,16.33725301061539,True,422,0.04672420024871826,0.0713420994579792,14.016969049095678,False,False,False,,12.095935821533203,4.26030158996582,10.321157455444336,7.074887752532959,,,3.3274214267730713,False,0.184075759,0.568147435688,2,-1.0,1.0,1.4142135381698608,-0.1840757578611374,0.1840757578611374,0.2603224217891693,-0.1840757578611374,0.1840757578611374,0.2603224217891693,-0.18222762644290924,0.18353956937789917,0.2586381435394287,-0.18222762644290924,0.18353956937789917,0.2586381435394287,-0.18222808837890625,0.18353939056396484,0.25863832235336304,False,False,2.258600667119026,2.4549001827836037,-0.864504873752594,0.8249890804290771,1.1949793100357056,-0.8197079300880432,0.8665660619735718,1003.7713623046875,793.3236083984375,1003.7713623046875,793.3236083984375,False,False,-0.18121280066640774,-0.6903653880309917,0.11295113528210411,False,,False,caught
528,1787621369.4134605,32.17778789997101,0.06136819999665022,16.29508442572187,True,423,0.02581709995865822,0.07195010036230087,13.898521266329771,False,False,False,,11.913707733154297,4.443840980529785,10.168916702270508,7.232489109039307,,,3.289506673812866,False,0.184075759,0.568147435688,2,-1.0,1.0,1.4142135381698608,-0.1840757578611374,0.1840757578611374,0.2603224217891693,-0.008229464292526245,0.1840757578611374,0.18425962328910828,-0.08337122201919556,0.18384411931037903,0.20186486840248108,-0.08337122201919556,0.18384411931037903,0.20186486840248108,-0.08337116241455078,0.18384408950805664,0.2018648087978363,False,False,1.2790001928806305,1.54850073158741,-0.9135259985923767,0.7820611596107483,1.202559471130371,-0.864504873752594,0.8249890804290771,985.1700439453125,807.140869140625,985.1700439453125,807.140869140625,False,False,-0.19164552800896492,-0.692256256800206,0.11301447247194568,False,,False,caught
529,1787621369.4769292,32.23920239973813,0.06141449976712465,16.282799726316465,True,424,0.01647699996829033,0.0822767997160554,12.154094513290376,False,False,False,,11.830336570739746,4.627685070037842,9.976115226745605,7.40825891494751,,,3.342114210128784,False,0.184075759,0.568147435688,2,-1.0,1.0,1.4142135381698608,-0.1840757578611374,0.1840757578611374,0.2603224217891693,-0.1840757578611374,0.1840757578611374,0.2603224217891693,-0.1405862271785736,0.1839757114648819,0.2315416783094406,-0.1405862271785736,0.1839757114648819,0.2315416783094406,-0.14058589935302734,0.1839756965637207,0.2315414696931839,False,False,1.321900635957718,1.9672997295856476,-0.8342726230621338,0.7270119190216064,1.1065970659255981,-0.9135259985923767,0.7820611596107483,970.2965087890625,822.10009765625,970.2965087890625,822.10009765625,False,False,-0.2040990556638166,-0.693683234037044,0.11299034901579427,False,,False,caught
530,1787621369.5394592,32.300733800046146,0.06153140030801296,16.251864820144103,True,425,0.0008598007261753082,0.07076240051537752,14.131798705481847,False,False,False,,11.689750671386719,4.8116607666015625,9.787396430969238,7.566249847412109,,,3.3476428985595703,False,0.184075759,0.568147435688,2,-1.0,1.0,1.4142135381698608,-0.1840757578611374,0.1840757578611374,0.2603224217891693,-0.1840757578611374,0.1840757578611374,0.2603224217891693,-0.1652945578098297,0.18403254449367523,0.24736666679382324,-0.1652945578098297,0.18403254449367523,0.24736666679382324,-0.16529464721679688,0.18403244018554688,0.24736665189266205,False,False,2.4890005588531494,2.4688001722097397,-0.8372557759284973,0.6603883504867554,1.0663535594940186,-0.8342726230621338,0.7270119190216064,950.7883911132812,834.4681396484375,950.7883911132812,834.4681396484375,False,False,-0.21582253643805954,-0.6945101103247165,0.11294760966407592,False,,False,caught
531,1787621369.5989215,32.36219559982419,0.061461799778044224,16.2702687459736,False,,,,,False,False,False,,11.524456024169922,4.995693206787109,9.636285781860352,7.698599815368652,,,3.2971034049987793,False,0.184075759,0.568147435688,2,-1.0,1.0,1.4142135381698608,-0.1840757578611374,0.1840757578611374,0.2603224217891693,-0.1840757578611374,0.1840757578611374,0.2603224217891693,-0.1759650856256485,0.1840570569038391,0.2546384036540985,-0.1759650856256485,0.1840570569038391,0.2546384036540985,-0.1759653091430664,0.18405723571777344,0.254638671875,False,False,1.9802004098892212,2.828099764883518,-0.868326723575592,0.5987012386322021,1.054720163345337,-0.8372557759284973,0.6603883504867554,933.4056396484375,844.4595947265625,933.4056396484375,844.4595947265625,False,False,-0.22534280253518224,-0.6954033874644001,0.11294059838766517,False,,False,caught
532,1787621369.6656847,32.42385599948466,0.0616603996604681,16.217864391189195,True,426,0.05584239959716797,0.07714740000665188,12.962199632311355,False,False,False,,11.348490715026855,5.179750442504883,9.453837394714355,7.834991931915283,,,3.261904001235962,False,0.184075759,0.568147435688,2,-1.0,1.0,1.4142135381698608,-0.1840757578611374,0.1840757578611374,0.2603224217891693,-0.1840757578611374,0.1840757578611374,0.2603224217891693,-0.1805732399225235,0.1840677559375763,0.2578519582748413,-0.1805732399225235,0.1840677559375763,0.2578519582748413,-0.1805734634399414,0.1840677261352539,0.25785207748413086,False,False,3.2259002327919006,2.8812000527977943,-0.9147128462791443,0.5185620784759521,1.0514781475067139,-0.868326723575592,0.5987012386322021,911.8729248046875,853.71435546875,911.8729248046875,853.71435546875,False,False,-0.23611650124688377,-0.6955434694797651,0.1128680083921215,False,,False,caught
533,1787621369.7134635,32.474703199230134,0.050847199745476246,19.666766410061108,True,427,0.031056699343025684,0.06844309996813536,14.610676612625143,False,False,False,,11.167917251586914,5.363818168640137,9.290796279907227,7.939071178436279,,,3.1867711544036865,False,0.184075759,0.568147435688,2,-1.0,1.0,1.4142135381698608,-0.1840757578611374,0.1840757578611374,0.2603224217891693,-0.1840757578611374,0.1840757578611374,0.2603224217891693,-0.18256327509880066,0.18407228589057922,0.2592526972293854,-0.18256327509880066,0.18407228589057922,0.2592526972293854,-0.18256282806396484,0.18407249450683594,0.25925251841545105,False,False,2.1960996091365814,1.7639994621276855,-0.9565336108207703,0.4572018086910248,1.0601840019226074,-0.9147128462791443,0.5185620784759521,892.6080932617188,860.7634887695312,892.6080932617188,860.7634887695312,False,False,-0.2451968693897737,-0.6949584987608752,0.11292095068702984,False,,False,caught
534,1787621369.7698092,32.53109879978001,0.05639560054987669,17.73187961914853,True,428,0.0066787004470825195,0.07532799988985062,13.275276145155367,False,False,False,,10.98535442352295,5.547890663146973,9.121028900146484,8.03006649017334,,,3.104336738586426,False,0.184075759,0.568147435688,2,-1.0,1.0,1.4142135381698608,-0.1840757578611374,0.1840757578611374,0.2603224217891693,-0.1840757578611374,0.1840757578611374,0.2603224217891693,-0.18342238664627075,0.18407434225082397,0.2598598301410675,-0.18342238664627075,0.18407434225082397,0.2598598301410675,-0.18342208862304688,0.18407440185546875,0.25985968112945557,False,False,1.6286997124552727,2.031099982559681,-0.9949570298194885,0.41008201241493225,1.0761537551879883,-0.9565336108207703,0.4572018086910248,872.8631591796875,867.3369140625,872.8631591796875,867.3369140625,False,False,-0.2541238080436501,-0.6936595419240511,0.11287706283780048,False,,False,caught
535,1787621369.8297713,32.59254439920187,0.06144559942185879,16.274558461614713,False,,,,,False,False,False,,10.801932334899902,5.731965065002441,8.933045387268066,8.11389446258545,,,3.0275940895080566,False,0.184075759,0.568147435688,2,-1.0,1.0,1.4142135381698608,-0.1840757578611374,0.1840757578611374,0.2603224217891693,-0.1840757578611374,0.1840757578611374,0.2603224217891693,-0.18379347026348114,0.18407517671585083,0.26012250781059265,-0.18379347026348114,0.18407517671585083,0.26012250781059265,-0.1837930679321289,0.18407535552978516,0.2601223289966583,False,False,1.505100168287754,3.672700375318527,-1.0,0.3686369061470032,1.065782904624939,-0.9949570298194885,0.41008201241493225,853.3037719726562,873.5159912109375,853.3037719726562,873.5159912109375,False,False,-0.2634948083714369,-0.691552428286699,0.11290301033108838,False,,False,caught
536,1787621369.892082,32.654367599636316,0.061823200434446335,16.17515743236782,True,429,0.05835270043462515,0.08077399991452694,12.380221371458333,False,False,False,,10.618139266967773,5.916040420532227,8.713930130004883,8.198576927185059,,,2.972538471221924,False,0.184075759,0.568147435688,2,-1.0,0.7556942701339722,1.2534247636795044,-0.1840757578611374,0.13910499215126038,0.23072512447834015,-0.1840757578611374,0.1840757578611374,0.2603224217891693,-0.1839536726474762,0.18407559394836426,0.2602360248565674,-0.1839536726474762,0.18407559394836426,0.2602360248565674,-0.18395328521728516,0.18407535552978516,0.2602355480194092,False,False,2.158000133931637,2.257099375128746,-1.0,0.3246326744556427,1.0513736009597778,-1.0,0.3686369061470032,830.8663940429688,879.6237182617188,830.8663940429688,879.6237182617188,False,False,-0.27401251888874345,-0.6885866652772836,0.11291665603266375,False,,False,caught
537,1787621369.9576266,32.71575589943677,0.06138829980045557,16.289749076787086,True,430,0.054177300073206425,0.07188140042126179,13.911804641249173,False,False,False,,10.434185981750488,6.100115776062012,8.504759788513184,8.271688461303711,,,2.9048948287963867,False,0.184075759,0.568147435688,2,-1.0,1.0,1.4142135381698608,-0.1840757578611374,0.1840757578611374,0.2603224217891693,-0.1840757578611374,0.1840757578611374,0.2603224217891693,-0.18402287364006042,0.18407559394836426,0.2602849304676056,-0.18402287364006042,0.18407559394836426,0.2602849304676056,-0.1840229034423828,0.18407535552978516,0.26028475165367126,False,False,2.5895005092024803,3.3792005851864815,-0.981943666934967,0.2819010019302368,1.0216072797775269,-1.0,0.3246326744556427,810.5567626953125,884.5989379882812,810.5567626953125,884.5989379882812,False,False,-0.2838022754599044,-0.6854578369411459,0.11301969915680085,False,,False,caught
538,1787621370.0023885,32.765708699822426,0.04995280038565397,20.0188976850073,True,431,0.0330205000936985,0.06527579948306084,15.319613209172589,False,False,False,,10.250163078308105,6.284191131591797,8.341816902160645,8.32048511505127,,,2.7907485961914062,False,0.184075759,0.568147435688,2,-1.0,0.8100212812423706,1.2869088649749756,-0.1840757578611374,0.1491052806377411,0.23688872158527374,-0.1840757578611374,0.13910499215126038,0.23072512447834015,-0.1840529441833496,0.15852555632591248,0.2429111748933792,-0.1840529441833496,0.15852555632591248,0.2429111748933792,-0.1840524673461914,0.1585254669189453,0.24291075766086578,False,False,1.40330009162426,1.8335003405809402,-0.9767373204231262,0.25440067052841187,1.009324312210083,-0.981943666934967,0.2819010019302368,794.1912841796875,887.9835815429688,794.1912841796875,887.9835815429688,False,False,-0.29117848271035895,-0.6827033761322262,0.11300073817524953,False,,False,caught
539,1787621370.0608017,32.8231197996065,0.057411099784076214,17.418234518429557,True,432,0.011138799600303173,0.07111040037125349,14.062640552987968,False,False,False,,10.066110610961914,6.442716598510742,8.154603004455566,8.370962142944336,,,2.7151412963867188,False,0.184075759,0.568147435688,2,-1.0,0.4553259611129761,1.098781943321228,-0.1840757578611374,0.08381447196006775,0.2022591233253479,-0.1840757578611374,0.1840757578611374,0.2603224217891693,-0.18406569957733154,0.17304179072380066,0.2526334226131439,-0.18406569957733154,0.17304179072380066,0.2526334226131439,-0.1840658187866211,0.17304182052612305,0.25263354182243347,False,False,2.0163999870419502,2.232200466096401,-0.9584415555000305,0.22370505332946777,0.9842022657394409,-0.9767373204231262,0.25440067052841187,776.1446533203125,891.3433837890625,776.1446533203125,891.3433837890625,False,False,-0.29947670178552266,-0.6793244431591025,0.11301392842744802,False,,False,caught
540,1787621370.1234655,32.88475329987705,0.06163350027054548,16.224942533044775,True,433,0.003396800719201565,0.07928839977830648,12.612185424299643,False,False,False,,9.882044792175293,6.615758419036865,7.9457926750183105,8.420637130737305,,,2.6470096111297607,False,0.184075759,0.568147435688,2,-1.0,1.0,1.4142135381698608,-0.1840757578611374,0.1840757578611374,0.2603224217891693,-0.1840757578611374,0.1491052806377411,0.23688872158527374,-0.18407146632671356,0.15944233536720276,0.2435244619846344,-0.18407146632671356,0.15944233536720276,0.2435244619846344,-0.18407154083251953,0.15944242477416992,0.24352458119392395,False,False,2.0179999992251396,2.4497006088495255,-0.9317557215690613,0.1846340298652649,0.9498728513717651,-0.9584415555000305,0.22370505332946777,756.402099609375,894.0925903320312,756.402099609375,894.0925903320312,False,False,-0.30852335401600406,-0.6753027894211988,0.11303876864464962,False,,False,caught
541,1787621370.183473,32.94561579916626,0.06086249928921461,16.43047872957148,False,,,,,False,False,False,,9.697973251342773,6.775200843811035,7.7700724601745605,8.459344863891602,,,2.559910535812378,False,0.184075759,0.568147435688,2,-1.0,1.0,1.4142135381698608,-0.1840757578611374,0.1840757578611374,0.2603224217891693,-0.1840757578611374,0.08381447196006775,0.2022591233253479,-0.18407393991947174,0.11647459864616394,0.217829167842865,-0.18407393991947174,0.11647459864616394,0.217829167842865,-0.18407440185546875,0.11647462844848633,0.21782957017421722,False,False,1.95389986038208,2.4929996579885483,-0.8911005258560181,0.14737242460250854,0.9032047390937805,-0.9317557215690613,0.1846340298652649,740.9061889648438,895.80615234375,740.9061889648438,895.80615234375,False,False,-0.3160320497598341,-0.6718038451885371,0.11300161999307574,False,,False,caught
542,1787621370.2478921,33.007019399665296,0.06140360049903393,16.285689957476244,True,434,0.05387189984321594,0.06938229966908693,14.412897882736898,False,False,False,,9.513898849487305,6.8916754722595215,7.570873737335205,8.497593879699707,,,2.520777702331543,False,0.184075759,0.568147435688,2,-1.0,0.6585158705711365,1.1973483562469482,-0.1840757578611374,0.12121681123971939,0.2204028069972992,-0.1840757578611374,0.1840757578611374,0.2603224217891693,-0.18407517671585083,0.1548820436000824,0.24056625366210938,-0.18407517671585083,0.1548820436000824,0.24056625366210938,-0.18407535552978516,0.15488195419311523,0.24056631326675415,False,False,2.9030004516243935,2.1196994930505753,-0.8481159210205078,0.1111648827791214,0.855370283126831,-0.8911005258560181,0.14737242460250854,723.1492309570312,897.5379028320312,723.1492309570312,897.5379028320312,False,False,-0.32436858078427594,-0.6676232634202971,0.1129744165421977,False,,False,caught
543,1787621370.310541,33.068672499619424,0.061653099954128265,16.219784580889357,True,435,0.04179679974913597,0.072171900421381,13.85580806603991,False,False,False,,9.32982349395752,7.046557426452637,7.385894298553467,8.522924423217773,,,2.4410080909729004,False,0.184075759,0.568147435688,2,-1.0,1.0,1.4142135381698608,-0.1840757578611374,0.1840757578611374,0.2603224217891693,-0.1840757578611374,0.1840757578611374,0.2603224217891693,-0.18407559394836426,0.1714683473110199,0.251565545797348,-0.18407559394836426,0.1714683473110199,0.251565545797348,-0.18407535552978516,0.17146825790405273,0.2515653073787689,False,False,2.6521002873778343,2.794800326228142,-0.8164643049240112,0.07358507812023163,0.8197735548019409,-0.8481159210205078,0.1111648827791214,706.1520385742188,897.8294677734375,706.1520385742188,897.8294677734375,False,False,-0.33181112870264917,-0.663346163276593,0.11291864022415637,False,,False,caught
544,1787621370.3712502,33.130456099286675,0.06178359966725111,16.18552504848723,True,436,0.029527999460697174,0.0733457999303937,13.634045861508302,False,False,False,,9.145748138427734,7.2180256843566895,7.208560466766357,8.542505264282227,,,2.3466875553131104,False,0.184075759,0.568147435688,2,-1.0,1.0,1.4142135381698608,-0.1840757578611374,0.1840757578611374,0.2603224217891693,-0.1840757578611374,0.12121681123971939,0.2204028069972992,-0.18407559394836426,0.14291802048683167,0.23304373025894165,-0.18407559394836426,0.14291802048683167,0.23304373025894165,-0.18407535552978516,0.14291810989379883,0.2330436110496521,False,False,1.697399653494358,2.039000391960144,-0.7875679135322571,0.03554728999733925,0.7883697152137756,-0.8164643049240112,0.07358507812023163,689.7684326171875,897.48974609375,689.7684326171875,897.48974609375,False,False,-0.33880270149009994,-0.6590674508266124,0.1128714112512705,False,,False,caught
545,1787621370.429698,33.19187380000949,0.061417700722813606,16.281951102551613,True,437,0.021718600764870644,0.07405249960720539,13.503933092120754,False,False,False,,8.96167278289795,7.360943794250488,7.0553507804870605,8.551745414733887,,,2.2476813793182373,False,0.184075759,0.568147435688,2,-1.0,-1.0,1.4142135381698608,-0.1840757578611374,-0.1840757578611374,0.2603224217891693,-0.1840757578611374,0.1840757578611374,0.2603224217891693,-0.18407559394836426,0.16630172729492188,0.24807274341583252,-0.18407559394836426,0.16630172729492188,0.24807274341583252,-0.18407535552978516,0.16630172729492188,0.2480725646018982,False,False,1.8462995067238808,2.067900262773037,-0.763179361820221,0.001618746668100357,0.7631810903549194,-0.7875679135322571,0.03554728999733925,675.5781860351562,896.32470703125,675.5781860351562,896.32470703125,False,False,-0.34462189625980383,-0.6550727837838812,0.11294316531751455,False,,False,caught
546,1787621370.4920056,33.25328549928963,0.061411699280142784,16.28354225207616,True,438,0.015662099234759808,0.0692272000014782,14.44518917388898,False,False,False,,8.777597427368164,7.52724552154541,6.882969379425049,8.556166648864746,,,2.1559903621673584,False,0.184075759,0.568147435688,2,-1.0,1.0,1.4142135381698608,-0.1840757578611374,0.1840757578611374,0.2603224217891693,-0.1840757578611374,0.1840757578611374,0.2603224217891693,-0.18407559394836426,0.17640000581741333,0.2549525201320648,-0.18407559394836426,0.17640000581741333,0.2549525201320648,-0.18407535552978516,0.17640018463134766,0.25495246052742004,False,False,1.6005998477339745,1.9832001999020576,-0.7537065148353577,-0.03957238420844078,0.7547446489334106,-0.763179361820221,0.001618746668100357,658.5083618164062,894.1979370117188,658.5083618164062,894.1979370117188,False,False,-0.3509955496216785,-0.6503483503287474,0.11293649475064346,False,,False,caught
547,1787621370.5537255,33.31394729949534,0.06066180020570755,16.484838837768482,True,439,0.002675199881196022,0.06746370065957308,14.822786034908987,False,False,False,,8.593522071838379,7.703645706176758,6.721756935119629,8.551949501037598,,,2.0550241470336914,False,0.184075759,0.568147435688,2,-1.0,1.0,1.4142135381698608,-0.1840757578611374,0.1840757578611374,0.2603224217891693,-0.1840757578611374,-0.1840757578611374,0.2603224217891693,-0.18407559394836426,-0.028403297066688538,0.18625405430793762,-0.18407559394836426,-0.028403297066688538,0.18625405430793762,-0.18407535552978516,-0.028403282165527344,0.18625380098819733,False,False,1.9722003489732742,2.174200490117073,-0.7457588911056519,-0.07046490907669067,0.7490805387496948,-0.7537065148353577,-0.03957238420844078,642.4884643554688,891.8134765625,642.4884643554688,891.8134765625,False,False,-0.3567190729483559,-0.6456052756101583,0.11290826116910052,False,,False,caught
548,1787621370.6162271,33.3758445000276,0.06189720053225756,16.155819510429275,True,440,3.9800070226192474e-05,0.07364729978144169,13.578230335227973,False,False,False,,8.409446716308594,7.6752424240112305,6.5795440673828125,8.541545867919922,,,2.0246050357818604,False,0.184075759,0.568147435688,2,-1.0,0.03590285778045654,1.000644326210022,-0.1840757578611374,0.006608845666050911,0.18419435620307922,-0.1840757578611374,0.1840757578611374,0.2603224217891693,-0.18407559394836426,0.09231613576412201,0.20592740178108215,-0.18407559394836426,0.09231613576412201,0.20592740178108215,-0.18407535552978516,0.0923161506652832,0.20592719316482544,False,False,1.9630007445812225,2.9458999633789062,-0.6906543970108032,-0.11428770422935486,0.7000465393066406,-0.7457588911056519,-0.07046490907669067,631.3115234375,887.9675903320312,631.3115234375,887.9675903320312,False,False,-0.3615796714008038,-0.6411611125083958,0.11293175610489317,False,,False,caught
549,1787621370.6754158,33.437578099779785,0.06173359975218773,16.198634196194945,False,,,,,False,False,False,,8.225371360778809,7.767558574676514,6.4158501625061035,8.521805763244629,,,1.960422396659851,False,0.184075759,0.568147435688,2,-1.0,0.34076493978500366,1.0564661026000977,-0.1840757578611374,0.06272656470537186,0.19446980953216553,-0.1840757578611374,0.1840757578611374,0.2603224217891693,-0.18407559394836426,0.1444491446018219,0.23398585617542267,-0.18407559394836426,0.1444491446018219,0.23398585617542267,-0.18407535552978516,0.14444923400878906,0.23398572206497192,False,False,1.5894006937742233,2.629300579428673,-0.6846681237220764,-0.15619660913944244,0.7022590637207031,-0.6906543970108032,-0.11428770422935486,614.9170532226562,883.263671875,614.9170532226562,883.263671875,False,False,-0.36695687030640695,-0.6357428786011924,0.11294412096226797,False,,False,caught
550,1787621370.742196,33.49896699935198,0.06138889957219362,16.289589925357685,True,441,0.05385249946266413,0.06453930027782917,15.494435106906861,False,False,False,,8.041296005249023,7.912007808685303,6.2718915939331055,8.491044998168945,,,1.861739993095398,False,0.184075759,0.568147435688,2,-1.0,0.17338013648986816,1.0149190425872803,-0.1840757578611374,0.031915079802274704,0.18682199716567993,-0.1840757578611374,0.006608845666050911,0.18419435620307922,-0.18407559394836426,0.06613557785749435,0.1955958604812622,-0.18407559394836426,0.06613557785749435,0.1955958604812622,-0.18407535552978516,0.06613540649414062,0.19559557735919952,False,False,2.524999901652336,4.861200228333473,-0.698575496673584,-0.2141779512166977,0.7306708693504333,-0.6846681237220764,-0.15619660913944244,599.3212280273438,876.39404296875,599.3212280273438,876.39404296875,False,False,-0.3713168957217232,-0.6304502419195988,0.11291052807173965,False,,False,caught
551,1787621370.7870858,33.54938139952719,0.050414400175213814,19.835602457324267,True,442,0.03045760001987219,0.06968869920819998,14.349528852768918,False,False,False,,7.857220649719238,7.978143215179443,6.1614508628845215,8.462794303894043,,,1.763667106628418,False,0.184075759,0.568147435688,2,-1.0,0.7616170048713684,1.2570046186447144,-0.1840757578611374,0.14019522070884705,0.2313840538263321,-0.1840757578611374,0.06272656470537186,0.19446980953216553,-0.18407559394836426,0.06419868767261505,0.19494947791099548,-0.18407559394836426,0.06419868767261505,0.19494947791099548,-0.18407535552978516,0.06419897079467773,0.19494934380054474,False,False,1.2799007818102837,2.5004995986819267,-0.6890144944190979,-0.3011912703514099,0.7519688606262207,-0.698575496673584,-0.2141779512166977,588.5994873046875,867.9619140625,588.5994873046875,867.9619140625,False,False,-0.37453350439497474,-0.6262074207871664,0.1129191361462277,False,,False,caught
552,1787621370.8464243,33.60669879987836,0.057317400351166725,17.44670892038537,True,443,0.010800600051879883,0.0734311006963253,13.61820795980582,False,False,False,,7.673145294189453,8.042342185974121,6.027091979980469,8.421387672424316,,,1.6891320943832397,False,0.184075759,0.568147435688,2,-1.0,-0.03846484422683716,1.0007394552230835,-0.1840757578611374,-0.007080445531755686,0.1842118799686432,-0.1840757578611374,0.031915079802274704,0.18682199716567993,-0.18407559394836426,0.045856960117816925,0.18970157206058502,-0.18407559394836426,0.045856960117816925,0.18970157206058502,-0.18407535552978516,0.04585742950439453,0.18970145285129547,False,False,2.0857006311416626,2.574000507593155,-0.6846506595611572,-0.4220115840435028,0.8042638301849365,-0.6890144944190979,-0.3011912703514099,575.1092529296875,856.0252685546875,575.1092529296875,856.0252685546875,False,False,-0.37825393165352394,-0.6207681174560217,0.11296149347761544,False,,False,caught
553,1787621370.9070337,33.66830609925091,0.061607299372553825,16.23184282032499,True,444,0.002155199646949768,0.07697279937565327,12.991602333697935,False,False,False,,7.489069938659668,8.088199615478516,5.874335765838623,8.346198081970215,,,1.6352155208587646,False,0.184075759,0.568147435688,2,-1.0,0.29322609305381775,1.0421043634414673,-0.1840757578611374,0.05397581681609154,0.19182614982128143,-0.1840757578611374,0.14019522070884705,0.2313840538263321,-0.18407559394836426,0.09945520013570786,0.2092251479625702,-0.18407559394836426,0.09945520013570786,0.2092251479625702,-0.18407535552978516,0.09945487976074219,0.20922477543354034,False,False,1.7378004267811775,3.0907997861504555,-0.6817713379859924,-0.596243679523468,0.9057144522666931,-0.6846506595611572,-0.4220115840435028,559.6439208984375,837.1897583007812,559.6439208984375,837.1897583007812,False,False,-0.3817204737278031,-0.6134666851524977,0.1129195821787766,False,,False,caught
554,1787621370.9684737,33.72973489947617,0.061428800225257874,16.279009134689673,False,,,,,False,False,False,,7.304994583129883,8.187654495239258,5.748767852783203,8.259099006652832,,,1.557865858078003,False,0.184075759,0.568147435688,2,-1.0,0.6457892060279846,1.1903964281082153,-0.1840757578611374,0.11887414008378983,0.21912312507629395,-0.1840757578611374,-0.007080445531755686,0.1842118799686432,-0.18407559394836426,0.038927111774683,0.18814660608768463,-0.18407559394836426,0.038927111774683,0.18814660608768463,-0.18407535552978516,0.03892707824707031,0.18814636766910553,False,False,1.84559915214777,3.2764002680778503,-0.6826662421226501,-0.8034058809280396,1.0542742013931274,-0.6817713379859924,-0.596243679523468,546.7307739257812,815.035400390625,546.7307739257812,815.035400390625,False,False,-0.3838853145482894,-0.6064552673402306,0.11293092073175084,False,,False,caught
555,1787621371.0333273,33.790865999646485,0.06113110017031431,16.358285671514988,True,445,0.058226400054991245,0.07025290001183748,14.23428783482962,False,False,False,,7.120919227600098,8.226581573486328,5.597747802734375,8.118277549743652,,,1.5270169973373413,False,0.184075759,0.568147435688,2,-1.0,1.0,1.4142135381698608,-0.1840757578611374,0.1840757578611374,0.2603224217891693,-0.1840757578611374,0.05397581681609154,0.19182614982128143,-0.18407559394836426,0.047476980835199356,0.19009968638420105,-0.18407559394836426,0.047476980835199356,0.19009968638420105,-0.18407535552978516,0.047476768493652344,0.19009938836097717,False,False,2.4824999272823334,3.078799694776535,-0.6573352217674255,-1.0,1.1966995000839233,-0.6826662421226501,-0.8034058809280396,532.8226928710938,787.9154663085938,532.8226928710938,787.9154663085938,False,False,-0.38551380910640964,-0.5965754140952357,0.11291166220807765,False,,False,caught
556,1787621371.093584,33.85270529985428,0.06183930020779371,16.170946253269022,True,446,0.039559800177812576,0.06679979991167784,14.970104720705631,False,False,False,,6.9368438720703125,8.27405834197998,5.452937126159668,7.933176040649414,,,1.522557020187378,False,0.184075759,0.568147435688,2,-1.0,-1.0,1.4142135381698608,-0.1840757578611374,-0.1840757578611374,0.2603224217891693,-0.1840757578611374,0.11887414008378983,0.21912312507629395,-0.18407559394836426,0.08804100006818771,0.20404666662216187,-0.18407559394836426,0.08804100006818771,0.20404666662216187,-0.18407535552978516,0.08804130554199219,0.2040465772151947,False,False,2.729300409555435,2.307100221514702,-0.5905323624610901,-1.0,1.1613476276397705,-0.6573352217674255,-1.0,522.0984497070312,768.516845703125,522.0984497070312,768.516845703125,False,False,-0.3857204816540951,-0.5850811730412286,0.11288900243105478,False,,False,caught
557,1787621371.1509106,33.91414489969611,0.061439599841833115,16.276147673069936,True,447,0.03142109978944063,0.08018850069493055,12.47061600271595,False,False,False,,6.752768516540527,8.362099647521973,5.3143205642700195,7.707423686981201,,,1.580421805381775,False,0.184075759,0.568147435688,2,-1.0,-1.0,1.4142135381698608,-0.1840757578611374,-0.1840757578611374,0.2603224217891693,-0.1840757578611374,0.1840757578611374,0.2603224217891693,-0.18407559394836426,0.1426030397415161,0.23285071551799774,-0.18407559394836426,0.1426030397415161,0.23285071551799774,-0.18407535552978516,0.14260292053222656,0.23285044729709625,False,False,1.5627993270754814,2.319900318980217,-0.47548598051071167,-1.0,1.107288122177124,-0.5905323624610901,-1.0,514.9725341796875,744.8580322265625,514.9725341796875,744.8580322265625,False,False,-0.3846006105009126,-0.5720998436377178,0.11285732037852489,False,,False,caught
558,1787621371.2126107,33.97592549957335,0.061780599877238274,16.186310945297706,True,448,0.020260400138795376,0.06957719940692186,14.372524455195524,False,False,False,,6.568693161010742,8.5047025680542,5.206753730773926,7.519469738006592,,,1.6809409856796265,False,0.184075759,0.568147435688,2,-1.0,-1.0,1.4142135381698608,-0.1840757578611374,-0.1840757578611374,0.2603224217891693,-0.1840757578611374,-0.1840757578611374,0.2603224217891693,-0.18407559394836426,-0.04299872741103172,0.1890309900045395,-0.18407559394836426,-0.04299873113632202,0.1890309900045395,-0.18407535552978516,-0.042998313903808594,0.18903066217899323,False,False,1.4595994725823402,2.0163003355264664,-0.37713950872421265,-1.0,1.0687536001205444,-0.47548598051071167,-1.0,510.0001220703125,725.1604614257812,510.0001220703125,725.1604614257812,False,False,-0.3833823119494248,-0.5614857089273901,0.11294095170656858,False,,False,caught
559,1787621371.274347,34.03766499925405,0.06173949968069792,16.197086227970154,True,449,0.007645200006663799,0.07294350024312735,13.70924066800892,False,False,False,,6.384617805480957,8.46170425415039,5.106073379516602,7.297841548919678,,,1.7289453744888306,False,0.184075759,0.568147435688,2,-0.7247060537338257,-0.16658103466033936,0.743604838848114,-0.1334008127450943,-0.03066352941095829,0.13687960803508759,-0.1840757578611374,-0.1840757578611374,0.2603224217891693,-0.18407559394836426,-0.12315110117197037,0.2214723825454712,-0.18407559394836426,-0.12315110117197037,0.2214723825454712,-0.18407535552978516,-0.12315082550048828,0.22147203981876373,False,False,1.869700849056244,2.0993007346987724,-0.3092426657676697,-1.0,1.0467239618301392,-0.37713950872421265,-1.0,503.8620300292969,701.9337768554688,503.8620300292969,701.9337768554688,False,False,-0.3809943463351456,-0.5496728954264796,0.11288627771285592,False,,False,caught
560,1787621371.3367808,34.09913469944149,0.06146970018744469,16.26817760539935,False,,,,,False,False,False,,6.200542449951172,8.338553428649902,5.043648719787598,7.114659786224365,,,1.6841373443603516,False,0.184075759,0.568147435688,2,-0.951447606086731,-1.0,1.3803088665008545,-0.1751384437084198,-0.1840757578611374,0.2540813982486725,-0.1840757578611374,-0.1840757578611374,0.2603224217891693,-0.18407559394836426,-0.15776516497135162,0.24243281781673431,-0.18407559394836426,-0.15776516497135162,0.24243281781673431,-0.18407535552978516,-0.15776538848876953,0.24243277311325073,False,False,2.086400054395199,2.482200041413307,-0.24699589610099792,-1.0,1.0300519466400146,-0.3092426657676697,-1.0,501.2942199707031,682.7363891601562,501.2942199707031,682.7363891601562,False,False,-0.3782608043617694,-0.5404667319962003,0.1129554458404449,False,,False,caught
561,1787621371.4011118,34.160273999907076,0.0611393004655838,16.35609162003603,True,450,0.059450200758874416,0.07436489965766668,13.447204320901744,False,False,False,,6.016467094421387,8.180788040161133,4.975841999053955,6.89585018157959,,,1.6534708738327026,False,0.184075759,0.568147435688,2,-1.0,0.50754714012146,1.121429443359375,-0.1840757578611374,0.09342712163925171,0.20642797648906708,-0.1334008127450943,-0.03066352941095829,0.13687960803508759,-0.15528474748134613,-0.08555279672145844,0.17729251086711884,-0.15528474748134613,-0.08555279672145844,0.17729251086711884,-0.15528488159179688,-0.08555316925048828,0.1772928088903427,False,False,2.3555001243948936,2.817799337208271,-0.18532073497772217,-1.0,1.0170269012451172,-0.24699589610099792,-1.0,498.14013671875,659.8051147460938,498.14013671875,659.8051147460938,False,False,-0.3747404402708176,-0.5296283562773854,0.11286077376322183,False,,False,caught
562,1787621371.4634905,34.22157979942858,0.06130579952150583,16.31167047498017,True,451,0.03907180018723011,0.07117490004748106,14.049896794135236,False,False,False,,5.86118221282959,8.095234870910645,4.92960262298584,6.686092853546143,,,1.6892369985580444,False,0.184075759,0.568147435688,2,-1.0,-1.0,1.4142135381698608,-0.1840757578611374,-0.1840757578611374,0.2603224217891693,-0.1751384437084198,-0.1840757578611374,0.2540813982486725,-0.16656464338302612,-0.14152851700782776,0.21857286989688873,-0.16656464338302612,-0.14152851700782776,0.21857286989688873,-0.1665644645690918,-0.14152860641479492,0.21857279539108276,False,False,3.0525000765919685,3.310900181531906,-0.1837676465511322,-1.0,1.0167450904846191,-0.18532073497772217,-1.0,493.5006408691406,637.8225708007812,493.5006408691406,637.8225708007812,False,False,-0.37067157032344494,-0.5197328161607233,0.11289875979287438,False,,False,caught
563,1787621371.5206642,34.282908199355006,0.061328399926424026,16.30565938781551,True,452,0.02903820015490055,0.08130830060690641,12.29886730549942,False,False,False,,5.694617748260498,7.95370626449585,4.892397880554199,6.471309661865234,,,1.6855432987213135,False,0.184075759,0.568147435688,2,-1.0,-1.0,1.4142135381698608,-0.1840757578611374,-0.1840757578611374,0.2603224217891693,-0.1840757578611374,0.09342712163925171,0.20642797648906708,-0.1765134632587433,-0.008039113134145737,0.17669643461704254,-0.1765134632587433,-0.008039116859436035,0.17669643461704254,-0.176513671875,-0.008038997650146484,0.17669664323329926,False,False,1.7875004559755325,2.814199775457382,-0.18625402450561523,-1.0,1.0171974897384644,-0.1837676465511322,-1.0,489.5380859375,615.3132934570312,489.5380859375,615.3132934570312,False,False,-0.3661212535349948,-0.5098521881194664,0.11292032094435309,False,,False,caught
564,1787621371.5819108,34.34422419965267,0.061316000297665596,16.308956799944298,True,453,0.014565199613571167,0.07136269938200712,14.012922838680241,False,False,False,,5.518104076385498,7.945667266845703,4.8552045822143555,6.279658317565918,,,1.7930481433868408,False,0.184075759,0.568147435688,2,-1.0,-1.0,1.4142135381698608,-0.1840757578611374,-0.1840757578611374,0.2603224217891693,-0.1840757578611374,-0.1840757578611374,0.2603224217891693,-0.18081004917621613,-0.10805383324623108,0.2106368988752365,-0.18081004917621613,-0.10805383324623108,0.2106368988752365,-0.18080997467041016,-0.10805368423461914,0.21063676476478577,False,False,1.6121994704008102,2.123400568962097,-0.2504451870918274,-1.0,1.0308845043182373,-0.18625402450561523,-1.0,481.7856140136719,595.2282104492188,481.7856140136719,595.2282104492188,False,False,-0.3621942780521206,-0.5008953218180403,0.11285977384741906,False,,False,caught
565,1787621371.6452858,34.40541199967265,0.06118780001997948,16.34312721937172,False,,,,,False,False,False,,5.337294101715088,7.837613582611084,4.810234069824219,6.06213903427124,,,1.8520535230636597,False,0.184075759,0.568147435688,2,-1.0,-1.0,1.4142135381698608,-0.1840757578611374,-0.1840757578611374,0.2603224217891693,-0.1840757578611374,-0.1840757578611374,0.2603224217891693,-0.18266542255878448,-0.15124543011188507,0.23715361952781677,-0.18266542255878448,-0.15124543011188507,0.23715361952781677,-0.18266534805297852,-0.1512455940246582,0.23715364933013916,False,False,2.210799604654312,2.845299430191517,-0.26224976778030396,-1.0,1.0338157415390015,-0.2504451870918274,-1.0,476.4553527832031,572.4321899414062,476.4553527832031,572.4321899414062,False,False,-0.35782417263668076,-0.4906197511290629,0.11287769923121078,False,,False,caught
566,1787621371.7055101,34.46675269957632,0.06134069990366697,16.30238979291822,True,454,0.0387497004121542,0.07581540010869503,13.189932369496434,False,False,False,,5.154628753662109,7.686367988586426,4.751858234405518,5.8509745597839355,,,1.879067063331604,False,0.184075759,0.568147435688,2,-1.0,0.6053431034088135,1.1689484119415283,-0.1840757578611374,0.11142899096012115,0.21517504751682281,-0.1840757578611374,-0.1840757578611374,0.2603224217891693,-0.18346667289733887,-0.16989797353744507,0.2500506639480591,-0.18346667289733887,-0.16989797353744507,0.2500506639480591,-0.18346691131591797,-0.16989803314208984,0.2500509023666382,False,False,1.8020998686552048,1.8755001947283745,-0.2455466091632843,-1.0,1.0297054052352905,-0.26224976778030396,-1.0,471.50390625,550.3021240234375,471.50390625,550.3021240234375,False,False,-0.3541086415252281,-0.4801977993190285,0.11282683138721097,False,,False,caught
567,1787621371.764779,34.52809149958193,0.06133880000561476,16.302894740498072,True,455,0.03067610040307045,0.09868270065635443,10.133488375863653,False,False,False,,4.971161842346191,7.516469955444336,4.701120376586914,5.658716201782227,,,1.8772777318954468,False,0.184075759,0.568147435688,2,-1.0,-1.0,1.4142135381698608,-0.1840757578611374,-0.1840757578611374,0.2603224217891693,-0.1840757578611374,-0.1840757578611374,0.2603224217891693,-0.18381282687187195,-0.1779530644416809,0.2558406591415405,-0.18381282687187195,-0.1779530644416809,0.2558406591415405,-0.18381261825561523,-0.17795324325561523,0.2558406591415405,False,False,1.5262002125382423,1.9338997080922127,-0.21984493732452393,-1.0,1.0238807201385498,-0.2455466091632843,-1.0,467.8874206542969,530.1534423828125,467.8874206542969,530.1534423828125,False,False,-0.3506268079657336,-0.4707481829209412,0.11283273747217612,False,,False,caught
568,1787621371.8288593,34.58965600002557,0.06156450044363737,16.24312700978554,True,456,0.013484000228345394,0.06904919911175966,14.482427209350377,False,False,False,,4.787349224090576,7.338516712188721,4.64824104309082,5.443907737731934,,,1.8997089862823486,False,0.184075759,0.568147435688,2,-1.0,-1.0,1.4142135381698608,-0.1840757578611374,-0.1840757578611374,0.2603224217891693,-0.1840757578611374,0.11142899096012115,0.21517504751682281,-0.1839621216058731,-0.013541467487812042,0.1844598352909088,-0.1839621216058731,-0.013541460037231445,0.1844598352909088,-0.18396234512329102,-0.013541698455810547,0.18446007370948792,False,False,1.8457993865013123,2.4685999378561974,-0.1377907395362854,-1.0,1.009448528289795,-0.21984493732452393,-1.0,467.5140075683594,507.64154052734375,467.5140075683594,507.64154052734375,False,False,-0.34658413389907416,-0.46026498289496365,0.11288694476375333,False,,False,caught
569,1787621371.8884227,34.65071959979832,0.06106359977275133,16.3763683065117,True,457,0.008141700178384781,0.07875080034136772,12.698283644930793,False,False,False,,4.603386878967285,7.32497501373291,4.602988243103027,5.230347633361816,,,2.0946273803710938,False,0.184075759,0.568147435688,2,-0.18065810203552246,-1.0,1.0161876678466797,-0.033254776149988174,-0.1840757578611374,0.18705551326274872,-0.1840757578611374,-0.1840757578611374,0.2603224217891693,-0.1840267777442932,-0.11043018847703934,0.214617520570755,-0.1840267777442932,-0.11043018847703934,0.214617520570755,-0.18402671813964844,-0.11043024063110352,0.21461749076843262,False,False,1.8084002658724785,2.2575007751584053,0.009635142982006073,-1.0,1.0000463724136353,-0.1377907395362854,-1.0,471.93798828125,485.26043701171875,471.93798828125,485.26043701171875,False,False,-0.34228131649024196,-0.45001439617618766,0.11286656504311732,False,,False,caught
570,1787621371.95035,34.71264169923961,0.0619220994412899,16.149323246834168,True,458,0.00129029992967844,0.06640890054404736,15.058222494388762,False,False,False,,4.419360160827637,7.214544773101807,4.583187103271484,5.040331840515137,,,2.1803762912750244,False,0.184075759,0.568147435688,2,-1.0,-1.0,1.4142135381698608,-0.1840757578611374,-0.1840757578611374,0.2603224217891693,-0.1840757578611374,-0.1840757578611374,0.2603224217891693,-0.18405458331108093,-0.15227174758911133,0.23887816071510315,-0.18405458331108093,-0.15227174758911133,0.23887816071510315,-0.18405437469482422,-0.15227174758911133,0.23887799680233002,False,False,1.846499741077423,2.336299978196621,0.13335326313972473,-1.0,1.0088523626327515,0.009635142982006073,-1.0,477.5115966796875,465.3467712402344,477.5115966796875,465.3467712402344,False,False,-0.33768281247114595,-0.44144038004837216,0.11285043386457864,False,,False,caught
571,1787621372.0138571,34.774079599417746,0.06143790017813444,16.276597948506986,False,,,,,False,False,False,,4.2353057861328125,7.062273025512695,4.592459678649902,4.82235050201416,,,2.2682178020477295,False,0.184075759,0.568147435688,2,-1.0,-1.0,1.4142135381698608,-0.1840757578611374,-0.1840757578611374,0.2603224217891693,-0.033254776149988174,-0.1840757578611374,0.18705551326274872,-0.09837797284126282,-0.1703411042690277,0.19670870900154114,-0.09837797284126282,-0.1703411042690277,0.19670870900154114,-0.09837818145751953,-0.17034101486206055,0.19670873880386353,False,False,3.6504995077848434,3.046000376343727,0.3131052851676941,-1.0,1.0478715896606445,0.13335326313972473,-1.0,489.50506591796875,442.5023498535156,489.50506591796875,442.5023498535156,False,False,-0.3312017129693141,-0.4324708216346514,0.1127550375488034,False,,False,caught
572,1787621372.076257,34.83534969948232,0.06127010006457567,16.321174585092063,True,459,0.05525919981300831,0.06876719929277897,14.541816596928165,False,False,False,,4.136927604675293,6.891932010650635,4.630816459655762,4.610196113586426,,,2.334575891494751,False,0.184075759,0.568147435688,2,-0.5965030789375305,-1.0,1.1643950939178467,-0.1098017543554306,-0.1840757578611374,0.21433690190315247,-0.1840757578611374,-0.1840757578611374,0.2603224217891693,-0.14706704020500183,-0.17814436554908752,0.23100677132606506,-0.14706704020500183,-0.17814436554908752,0.23100677132606506,-0.14706707000732422,-0.1781444549560547,0.23100686073303223,False,False,2.164900302886963,2.2215992212295532,0.48913466930389404,-1.0,1.1132172346115112,0.3131052851676941,-1.0,504.248046875,420.2685546875,504.248046875,420.2685546875,False,False,-0.32377716593551226,-0.4245331137593365,0.11274312046447008,False,,False,caught
573,1787621372.1322787,34.896604399196804,0.06125469971448183,16.32527797313779,True,460,0.040257399901747704,0.069123400375247,14.466880890861074,False,False,False,,3.9898605346679688,6.71378755569458,4.701918125152588,4.421003341674805,,,2.4008092880249023,False,0.184075759,0.568147435688,2,-1.0,-1.0,1.4142135381698608,-0.1840757578611374,-0.1840757578611374,0.2603224217891693,-0.1840757578611374,-0.1840757578611374,0.2603224217891693,-0.1680934727191925,-0.18151430785655975,0.24739211797714233,-0.1680934727191925,-0.18151430785655975,0.24739211797714233,-0.16809344291687012,-0.18151426315307617,0.24739205837249756,False,False,1.1241994798183441,1.6775000840425491,0.6765468120574951,-1.0,1.207358956336975,0.48913466930389404,-1.0,523.04345703125,400.441162109375,523.04345703125,400.441162109375,False,False,-0.3157527323683329,-0.41846676241310826,0.11278592421796609,False,,False,caught
574,1787621372.1958888,34.958152699284256,0.061548300087451935,16.247402423448467,True,461,0.0204069996252656,0.07587820012122393,13.179015822757894,False,False,False,,3.8217670917510986,6.532273292541504,4.822021961212158,4.203982830047607,,,2.534057378768921,False,0.184075759,0.568147435688,2,1.0,-1.0,1.4142135381698608,0.1840757578611374,-0.1840757578611374,0.2603224217891693,-0.1098017543554306,-0.1840757578611374,0.21433690190315247,-0.13497516512870789,-0.1829695701599121,0.22736789286136627,-0.13497516512870789,-0.1829695701599121,0.22736789286136627,-0.13497519493103027,-0.1829695701599121,0.22736790776252747,False,False,1.4691995456814766,1.8907999619841576,0.8613492846488953,-1.0,1.3198192119598389,0.6765468120574951,-1.0,546.6963500976562,377.6974182128906,546.6963500976562,377.6974182128906,False,False,-0.30506436296134504,-0.4125662921074456,0.11281778500152748,False,,False,caught
575,1787621372.2569091,35.020228900015354,0.06207620073109865,16.109233300726547,True,462,0.012980600818991661,0.08139260020107031,12.286129175497825,False,False,False,,3.6867918968200684,6.349303722381592,4.982039928436279,3.9924705028533936,,,2.6892991065979004,False,0.184075759,0.568147435688,2,0.40369105339050293,-1.0,1.078409194946289,0.07430973649024963,-0.1840757578611374,0.19850899279117584,-0.1840757578611374,-0.1840757578611374,0.2603224217891693,-0.1628715544939041,-0.18359804153442383,0.24542897939682007,-0.1628715544939041,-0.18359804153442383,0.24542897939682007,-0.1628715991973877,-0.18359804153442383,0.24542900919914246,False,False,1.6641998663544655,2.5063008069992065,0.9523916244506836,-1.0,1.3809597492218018,0.8613492846488953,-1.0,568.6758422851562,355.5308837890625,568.6758422851562,355.5308837890625,False,False,-0.2929806345506312,-0.4080023061455082,0.11280277383005019,False,,False,caught
576,1787621372.3194635,35.08213080000132,0.06190189998596907,16.1545929967685,True,463,0.005411600694060326,0.06950969994068146,14.38648132351866,False,False,False,,3.5239202976226807,6.165705680847168,5.1797099113464355,3.775930166244507,,,2.9073469638824463,False,0.184075759,0.568147435688,2,0.49197304248809814,-1.0,1.1144673824310303,0.09056030958890915,-0.1840757578611374,0.2051464170217514,0.1840757578611374,-0.1840757578611374,0.2603224217891693,0.03424564749002457,-0.18386945128440857,0.18703138828277588,0.03424564003944397,-0.18386945128440857,0.18703137338161469,0.03424572944641113,-0.1838693618774414,0.1870313137769699,False,False,1.4909999445080757,1.6922997310757637,0.9483455419540405,-1.0,1.3781723976135254,0.9523916244506836,-1.0,588.6686401367188,332.83746337890625,588.6686401367188,332.83746337890625,False,False,-0.27926647803573756,-0.4042644913586596,0.11278721385894505,False,,False,caught
577,1787621372.382007,35.14325139950961,0.06112059950828552,16.361096063274704,False,,,,,False,False,False,,3.558166027069092,5.981836318969727,5.363628387451172,3.5844409465789795,,,3.001199722290039,False,0.184075759,0.568147435688,2,1.0,-1.0,1.4142135381698608,0.1840757578611374,-0.1840757578611374,0.2603224217891693,0.07430973649024963,-0.1840757578611374,0.19850899279117584,0.05700799077749252,-0.183986634016037,0.19261616468429565,0.05700799077749252,-0.183986634016037,0.19261616468429565,0.05700802803039551,-0.18398666381835938,0.19261622428894043,False,False,2.0308000966906548,2.722400240600109,0.9988488554954529,-0.992798924446106,1.4083141088485718,0.9483455419540405,-1.0,610.6047973632812,313.2221984863281,610.6047973632812,313.2221984863281,False,False,-0.2667298837759759,-0.4012006581304031,0.11274716657474995,False,,False,caught
578,1787621372.444261,35.204548799432814,0.061297399923205376,16.313905667333692,True,464,0.052957999520003796,0.06947049964219332,14.39459922053942,False,False,False,,3.6151740550994873,5.797849655151367,5.571922302246094,3.3647713661193848,,,3.122296094894409,False,0.184075759,0.568147435688,2,1.0,-1.0,1.4142135381698608,0.1840757578611374,-0.1840757578611374,0.2603224217891693,0.09056030958890915,-0.1840757578611374,0.2051464170217514,0.07607066631317139,-0.18403728306293488,0.1991393119096756,0.07607066631317139,-0.18403728306293488,0.1991393119096756,0.07607054710388184,-0.1840372085571289,0.19913920760154724,False,False,2.330600284039974,2.4556005373597145,1.0,-0.9493629932403564,1.3788727521896362,0.9988488554954529,-0.992798924446106,632.0048217773438,292.9320983886719,632.0048217773438,292.9320983886719,False,False,-0.2523741987060077,-0.3975906485326182,0.11279551620687531,False,,False,caught
579,1787621372.505604,35.265729199163616,0.06118039973080158,16.34510405947127,True,465,0.048481399193406105,0.07513410039246082,13.309535813652237,False,False,False,,3.691244602203369,5.613812446594238,5.78828239440918,3.155757188796997,,,3.2310373783111572,False,0.184075759,0.568147435688,2,1.0,-0.503116250038147,1.1194310188293457,0.1840757578611374,-0.09261150658130646,0.20606012642383575,0.1840757578611374,-0.1840757578611374,0.2603224217891693,0.13743342459201813,-0.18405911326408386,0.22970786690711975,0.13743342459201813,-0.18405911326408386,0.22970786690711975,0.13743352890014648,-0.18405914306640625,0.22970795631408691,False,False,2.4314001202583313,2.3496998474001884,1.0,-0.901259183883667,1.3462051153182983,1.0,-0.9493629932403564,654.1600952148438,274.05218505859375,654.1600952148438,274.05218505859375,False,False,-0.23794329469355568,-0.39465473217923025,0.11279628650845594,False,,False,caught
580,1787621372.5653787,35.32759699970484,0.061867800541222095,16.16349686350506,True,466,0.03920209966599941,0.06545909959822893,15.27671486680602,False,False,False,,3.8286781311035156,5.429753303527832,5.981569766998291,2.9768285751342773,,,3.263706684112549,False,0.184075759,0.568147435688,2,1.0,-0.011054396629333496,1.00006103515625,0.1840757578611374,-0.0020348464604467154,0.18408699333667755,0.1840757578611374,-0.1840757578611374,0.2603224217891693,0.1639331877231598,-0.18406859040260315,0.24648597836494446,0.1639331877231598,-0.18406859040260315,0.24648597836494446,0.16393327713012695,-0.1840686798095703,0.2464861124753952,False,False,2.370700240135193,1.809399574995041,1.0,-0.8470931053161621,1.3105597496032715,1.0,-0.901259183883667,673.9527587890625,258.7064208984375,673.9527587890625,258.7064208984375,False,False,-0.2252152760964904,-0.3923589812379173,0.11277698260307582,False,,False,caught
581,1787621372.6256273,35.38893529959023,0.06133829988539219,16.303027665723608,True,467,0.022769499570131302,0.07107769977301359,14.069110328464438,False,False,False,,3.9926114082336426,5.245684623718262,6.201220512390137,2.783970355987549,,,3.3072633743286133,False,0.184075759,0.568147435688,2,1.0,-0.6321257948875427,1.183039665222168,0.1840757578611374,-0.11635903269052505,0.21776893734931946,0.1840757578611374,-0.09261150658130646,0.20606012642383575,0.17537717521190643,-0.13210752606391907,0.2195667326450348,0.17537717521190643,-0.13210752606391907,0.2195667326450348,0.17537736892700195,-0.13210773468017578,0.21956701576709747,False,False,1.6537001356482506,2.1973997354507446,1.0,-0.78603595495224,1.2719483375549316,1.0,-0.8470931053161621,696.4450073242188,242.3341522216797,696.4450073242188,242.3341522216797,False,False,-0.21099017163097075,-0.39019610252136977,0.11281223804398555,False,,False,caught
582,1787621372.6878817,35.45018980000168,0.06125450041145086,16.325331090498306,True,468,0.012029699981212616,0.07777210045605898,12.858081421691796,False,False,False,,4.1679887771606445,5.113576889038086,6.4119462966918945,2.6087379455566406,,,3.362969398498535,False,0.184075759,0.568147435688,2,1.0,0.46454477310180664,1.102634072303772,0.1840757578611374,0.08551143109798431,0.20296819508075714,0.1840757578611374,-0.0020348464604467154,0.18408699333667755,0.18031933903694153,-0.058207157999277115,0.1894812285900116,0.18031933903694153,-0.058207154273986816,0.1894812285900116,0.18031930923461914,-0.058207035064697266,0.18948116898536682,False,False,1.4695003628730774,2.6024002581834793,1.0,-0.7084932327270508,1.225545883178711,1.0,-0.78603595495224,718.0233154296875,228.84567260742188,718.0233154296875,228.84567260742188,False,False,-0.19756694025299507,-0.3885409056904274,0.11282544014997102,False,,False,caught
583,1787621372.7514799,35.511734299361706,0.06154449936002493,16.248405794158288,False,,,,,False,False,False,,4.348308086395264,5.055369853973389,6.6025261878967285,2.464104652404785,,,3.4345529079437256,False,0.184075759,0.568147435688,2,1.0,-0.20397508144378662,1.020590901374817,0.1840757578611374,-0.03754686936736107,0.18786604702472687,0.1840757578611374,-0.11635903269052505,0.21776893734931946,0.18245352804660797,-0.09124594181776047,0.20399782061576843,0.18245352804660797,-0.09124594181776047,0.20399782061576843,0.18245363235473633,-0.09124612808227539,0.20399799942970276,False,False,2.238599583506584,3.6628004163503647,1.0,-0.6201342940330505,1.1766760349273682,1.0,-0.7084932327270508,737.5386962890625,219.24411010742188,737.5386962890625,219.24411010742188,False,False,-0.18578974261417133,-0.3876474194439199,0.11284638001115113,False,,False,caught
584,1787621372.8110013,35.57330029923469,0.0615659998729825,16.242731411219037,True,469,0.05863469932228327,0.07199249975383282,13.890335846363786,False,False,False,,4.53076171875,4.964123725891113,6.82222843170166,2.3142857551574707,,,3.503207206726074,True,0.184075759,0.568147435688,2,1.0,-1.0,1.4142135381698608,0.1840757578611374,-0.1840757578611374,0.2603224217891693,0.1840757578611374,0.08551143109798431,0.20296819508075714,0.18337523937225342,0.009178221225738525,0.18360479176044464,0.18337523937225342,0.009178221225738525,0.18360479176044464,0.18337535858154297,0.00917816162109375,0.1836049109697342,False,False,1.9746003672480583,2.606399357318878,1.0,-0.51933753490448,1.1268147230148315,1.0,-0.6201342940330505,760.0361938476562,209.88119506835938,760.0361938476562,209.88119506835938,False,False,-0.1726672855562394,-0.3873604013390368,0.1129067323149826,False,,False,caught
585,1787621372.8749988,35.635119799524546,0.06181950028985739,16.176125580297974,True,470,0.05053739994764328,0.07692840043455362,12.999100388818613,False,False,False,,4.714137077331543,4.973301887512207,7.0334906578063965,2.1931934356689453,,,3.6205530166625977,True,0.184075759,0.568147435688,2,1.0,-0.8355668783187866,1.303139328956604,0.1840757578611374,-0.1538076102733612,0.23987635970115662,0.1840757578611374,-0.03754686936736107,0.18786604702472687,0.18377327919006348,-0.01736854389309883,0.18459221720695496,0.18377327919006348,-0.01736854389309883,0.18459221720695496,0.18377304077148438,-0.017368316650390625,0.18459196388721466,False,False,1.893799751996994,2.391800284385681,1.0,-0.40984559059143066,1.0807281732559204,1.0,-0.51933753490448,781.6693725585938,204.07559204101562,781.6693725585938,204.07559204101562,False,False,-0.16069723984080056,-0.38810048845270034,0.112917320811023,False,,False,caught
586,1787621372.938947,35.69654609914869,0.06142629962414503,16.279671836311085,True,471,0.039852799847722054,0.06949759926646948,14.388986246356142,False,False,False,,4.897910118103027,4.955933570861816,7.221452713012695,2.0991897583007812,,,3.682368278503418,True,0.184075759,0.568147435688,2,1.0,-0.9730358123779297,1.3952772617340088,0.1840757578611374,-0.1791123002767563,0.2568367123603821,0.1840757578611374,-0.1840757578611374,0.2603224217891693,0.18394502997398376,-0.11208271980285645,0.21540266275405884,0.18394502997398376,-0.11208271980285645,0.21540266275405884,0.1839451789855957,-0.11208248138427734,0.21540267765522003,False,False,2.5244997814297676,2.823500894010067,1.0,-0.33512362837791443,1.0546600818634033,1.0,-0.40984559059143066,800.916748046875,198.92251586914062,800.916748046875,198.92251586914062,False,False,-0.15043047192306727,-0.3893704815108009,0.11295388920442526,False,,False,caught
587,1787621372.9971936,35.75843339972198,0.061887300573289394,16.158403917064703,True,472,0.02984630037099123,0.072112200781703,13.867278895386724,False,False,False,,5.081855297088623,4.843851089477539,7.437199592590332,2.018946409225464,,,3.678006649017334,True,0.184075759,0.568147435688,2,1.0,-1.0,1.4142135381698608,0.1840757578611374,-0.1840757578611374,0.2603224217891693,0.1840757578611374,-0.1538076102733612,0.23987635970115662,0.18401935696601868,-0.13578850030899048,0.22869551181793213,0.18401935696601868,-0.13578850030899048,0.22869551181793213,0.1840195655822754,-0.1357884407043457,0.22869566082954407,False,False,1.7138998955488205,2.185000106692314,1.0,-0.2859838306903839,1.040089726448059,1.0,-0.33512362837791443,823.0092163085938,193.60292053222656,823.0092163085938,193.60292053222656,False,False,-0.13946122828245267,-0.3920614001698749,0.11296671522124,False,,False,caught
588,1787621373.0592446,35.82052929978818,0.06209590006619692,16.104122799314556,True,473,0.012903899885714054,0.07189269922673702,13.909618233225249,False,False,False,,5.265874862670898,4.708062648773193,7.643176078796387,1.9512757062911987,,,3.640251874923706,True,0.184075759,0.568147435688,2,1.0,-1.0,1.4142135381698608,0.1840757578611374,-0.1840757578611374,0.2603224217891693,0.1840757578611374,-0.1791123002767563,0.2568367123603821,0.1840514838695526,-0.16040277481079102,0.24413929879665375,0.1840514838695526,-0.16040277481079102,0.24413929879665375,0.184051513671875,-0.16040277481079102,0.24413932859897614,False,False,1.4653000980615616,2.216399647295475,1.0,-0.2535247206687927,1.0316369533538818,1.0,-0.2859838306903839,844.101318359375,188.5520477294922,844.101318359375,188.5520477294922,False,False,-0.1292328168684952,-0.39503610026859864,0.11301158237467973,False,,False,caught
589,1787621373.12157,35.88179729972035,0.061267999932169914,16.32173403909226,True,474,0.010297300294041634,0.07903910055756569,12.651965836474579,False,False,False,,5.449926376342773,4.547659873962402,7.859709739685059,1.8944342136383057,,,3.584224224090576,True,0.184075759,0.568147435688,2,1.0,-1.0,1.4142135381698608,0.1840757578611374,-0.1840757578611374,0.2603224217891693,0.1840757578611374,-0.1840757578611374,0.2603224217891693,0.18406528234481812,-0.17385251820087433,0.2531891167163849,0.18406528234481812,-0.17385251820087433,0.2531891167163849,0.1840653419494629,-0.17385244369506836,0.2531890869140625,False,False,1.6713999211788177,2.6086997240781784,1.0,-0.2349056750535965,1.0272198915481567,1.0,-0.2535247206687927,866.2743530273438,183.76583862304688,866.2743530273438,183.76583862304688,False,False,-0.11889383476154322,-0.3988088250826858,0.11300141459383883,False,,False,caught
590,1787621373.1818805,35.94344119913876,0.06164389941841364,16.222205432080276,True,475,0.004725399427115917,0.06387630011886358,15.65525865053486,False,False,False,,5.633991718292236,4.373807430267334,8.048136711120605,1.8470942974090576,,,3.4946210384368896,False,0.184075759,0.568147435688,2,1.0,-1.0,1.4142135381698608,0.1840757578611374,-0.1840757578611374,0.2603224217891693,0.1840757578611374,-0.1840757578611374,0.2603224217891693,0.18407125771045685,-0.17966079711914062,0.25721630454063416,0.18407125771045685,-0.17966079711914062,0.25721630454063416,0.18407106399536133,-0.17966079711914062,0.2572161555290222,False,False,1.9246004521846771,2.65670008957386,1.0,-0.23047570884227753,1.02621591091156,1.0,-0.2349056750535965,885.5692749023438,179.0831756591797,885.5692749023438,179.0831756591797,False,False,-0.10993876250034769,-0.40219537761264973,0.1130063556595756,False,,False,caught
591,1787621373.2423165,36.004611099138856,0.06116990000009537,16.347909674503978,True,476,9.949970990419388e-05,0.06721409969031811,14.877830761810316,False,False,False,,5.818062782287598,4.194146633148193,8.263667106628418,1.7955341339111328,,,3.42553973197937,False,0.184075759,0.568147435688,2,1.0,-0.4855695962905884,1.1116554737091064,0.1840757578611374,-0.08938159048557281,0.2046288102865219,0.1840757578611374,-0.1840757578611374,0.2603224217891693,0.18407373130321503,-0.1821691393852234,0.2589763104915619,0.18407373130321503,-0.1821691393852234,0.2589763104915619,0.18407392501831055,-0.18216896057128906,0.2589763402938843,False,False,2.1855998784303665,2.2766003385186195,0.9805389642715454,-0.2171594649553299,1.004298210144043,1.0,-0.23047570884227753,906.4439086914062,174.51699829101562,906.4439086914062,174.51699829101562,False,False,-0.09974948378823664,-0.406194779246787,0.11301794814023755,False,,False,caught
592,1787621373.3057306,36.06586019974202,0.06124910060316324,16.326770355030398,False,,,,,False,False,False,,6.002136707305908,4.011977672576904,8.448115348815918,1.7558236122131348,,,3.32761812210083,False,0.184075759,0.568147435688,2,1.0,-1.0,1.4142135381698608,0.1840757578611374,-0.1840757578611374,0.2603224217891693,0.1840757578611374,-0.1840757578611374,0.2603224217891693,0.18407496809959412,-0.18325230479240417,0.25974026322364807,0.18407496809959412,-0.18325230479240417,0.25974026322364807,0.18407487869262695,-0.18325233459472656,0.2597402036190033,False,False,2.3990999907255173,2.777400426566601,0.9501782059669495,-0.21649561822414398,0.9745301604270935,0.9805389642715454,-0.2171594649553299,923.4658813476562,170.39706420898438,923.4658813476562,170.39706420898438,False,False,-0.09114627185433853,-0.4098230546829941,0.11296909747182542,False,,False,caught
593,1787621373.3649,36.12714049965143,0.06128029990941286,16.31845799511821,True,477,0.042301200330257416,0.06579129956662655,15.199578159834106,False,False,False,,6.186211585998535,3.8287253379821777,8.65382194519043,1.7092615365982056,,,3.252880096435547,False,0.184075759,0.568147435688,2,1.0,0.03365767002105713,1.0005662441253662,0.1840757578611374,0.006195561029016972,0.18417999148368835,0.1840757578611374,-0.08938159048557281,0.2046288102865219,0.18407538533210754,-0.12991991639137268,0.22530630230903625,0.18407538533210754,-0.12991991639137268,0.22530630230903625,0.18407535552978516,-0.12992000579833984,0.22530633211135864,False,False,1.4551002532243729,2.467299811542034,0.9478074908256531,-0.20613300800323486,0.9699638485908508,0.9501782059669495,-0.21649561822414398,944.3846435546875,166.16897583007812,944.3846435546875,166.16897583007812,False,False,-0.08145525591123791,-0.4137782782796259,0.11298184250613325,False,,False,caught
594,1787621373.4240966,36.18843139987439,0.061290900222957134,16.315635703869784,True,478,0.03360849991440773,0.08066460024565458,12.397011786516233,False,False,False,,6.37028694152832,3.698805332183838,8.848461151123047,1.6645082235336304,,,3.2061989307403564,False,0.184075759,0.568147435688,2,1.0,-1.0,1.4142135381698608,0.1840757578611374,-0.1840757578611374,0.2603224217891693,0.1840757578611374,-0.1840757578611374,0.2603224217891693,0.18407559394836426,-0.16068845987319946,0.2443452626466751,0.18407559394836426,-0.16068845987319946,0.2443452626466751,0.18407535552978516,-0.1606884002685547,0.2443450391292572,False,False,1.2879995629191399,1.7250999808311462,0.9425339102745056,-0.18770256638526917,0.9610423445701599,0.9478074908256531,-0.20613300800323486,963.9916381835938,162.63772583007812,963.9916381835938,162.63772583007812,False,False,-0.07223951067210753,-0.4174994043140705,0.1129797934510405,False,,False,caught
595,1787621373.4854877,36.24981249962002,0.06138109974563122,16.29165987810726,True,479,0.01805850025266409,0.06965250056236982,14.356986352622865,False,False,False,,6.5543622970581055,3.538116931915283,9.05073070526123,1.62284255027771,,,3.1464474201202393,False,0.184075759,0.568147435688,2,0.24928736686706543,-1.0,1.0306037664413452,0.04588776081800461,-0.1840757578611374,0.18970917165279388,0.1840757578611374,0.006195561029016972,0.18417999148368835,0.18407559394836426,-0.06587371230125427,0.1955074667930603,0.18407559394836426,-0.06587371230125427,0.1955074667930603,0.18407535552978516,-0.06587362289428711,0.19550721347332,False,False,1.3776998966932297,1.7782002687454224,0.9356200098991394,-0.1759951412677765,0.9520289301872253,0.9425339102745056,-0.18770256638526917,984.279296875,159.00732421875,984.279296875,159.00732421875,False,False,-0.06279269379078756,-0.42159240071645643,0.11301658263925893,False,,False,caught
596,1787621373.5514345,36.311708400025964,0.061895900405943394,16.15615886418186,True,480,0.00806480087339878,0.07692689914256334,12.999354077001968,False,False,False,,6.738437652587891,3.472243309020996,9.224153518676758,1.5885573625564575,,,3.1188230514526367,False,0.184075759,0.568147435688,2,1.0,-0.7031456232070923,1.2224621772766113,0.1840757578611374,-0.1294320672750473,0.22502565383911133,0.1840757578611374,-0.1840757578611374,0.2603224217891693,0.18407559394836426,-0.13302986323833466,0.2271140068769455,0.18407559394836426,-0.13302986323833466,0.2271140068769455,0.18407535552978516,-0.13302993774414062,0.22711384296417236,False,False,2.039000391960144,2.5578001514077187,0.9353272318840027,-0.1559513509273529,0.9482393860816956,0.9356200098991394,-0.1759951412677765,1002.019775390625,156.67459106445312,1002.019775390625,156.67459106445312,False,False,-0.05472004754539472,-0.4251742769916198,0.1129797129764345,False,,False,caught
597,1787621373.6119366,36.373229099437594,0.06152069941163063,16.25469166579318,False,,,,,False,False,False,,6.922513008117676,3.3392133712768555,9.428804397583008,1.552119493484497,,,3.078181505203247,False,0.184075759,0.568147435688,2,1.0,-1.0,1.4142135381698608,0.1840757578611374,-0.1840757578611374,0.2603224217891693,0.04588776081800461,-0.1840757578611374,0.18970917165279388,0.1055644303560257,-0.16203148663043976,0.1933857649564743,0.1055644303560257,-0.16203148663043976,0.1933857649564743,0.10556459426879883,-0.1620314121246338,0.1933857798576355,False,False,2.3009004071354866,3.422199748456478,0.9501463770866394,-0.14055360853672028,0.9604860544204712,0.9353272318840027,-0.1559513509273529,1023.8865356445312,153.82411193847656,1023.8865356445312,153.82411193847656,False,False,-0.045300962355121314,-0.42959057359999103,0.1129746423180018,False,,False,caught
598,1787621373.6733706,36.434556500054896,0.061327400617301464,16.30592508298621,True,481,0.05876980070024729,0.07189260050654411,13.909637333385565,False,False,False,,7.028077602386475,3.1771819591522217,9.625642776489258,1.520727276802063,,,3.0807769298553467,False,0.184075759,0.568147435688,2,1.0,-1.0,1.4142135381698608,0.1840757578611374,-0.1840757578611374,0.2603224217891693,0.1840757578611374,-0.1294320672750473,0.22502565383911133,0.15017050504684448,-0.14351017773151398,0.20771698653697968,0.15017050504684448,-0.14351017773151398,0.20771698653697968,0.15017032623291016,-0.143510103225708,0.20771680772304535,False,False,1.985900104045868,2.6492001488804817,0.9218418002128601,-0.1467866748571396,0.9334551692008972,0.9501463770866394,-0.14055360853672028,1042.3038330078125,150.1422576904297,1042.3038330078125,150.1422576904297,False,False,-0.036337612258342464,-0.4340118813558652,0.11294889150307424,False,,False,caught
599,1787621373.7388096,36.49586719926447,0.061310699209570885,16.310366916250977,True,482,0.05125259980559349,0.07246579974889755,13.799613106667099,False,False,False,,7.178247928619385,3.0336718559265137,9.802130699157715,1.4926011562347412,,,3.042968988418579,False,0.184075759,0.568147435688,2,1.0,-1.0,1.4142135381698608,0.1840757578611374,-0.1840757578611374,0.2603224217891693,0.1840757578611374,-0.1840757578611374,0.2603224217891693,0.1694336086511612,-0.16655737161636353,0.23759020864963531,0.1694336086511612,-0.16655737161636353,0.23759020864963531,0.16943359375,-0.16655731201171875,0.23759014904499054,False,False,2.4602003395557404,2.9461998492479324,0.9074580669403076,-0.13291770219802856,0.917140781879425,0.9218418002128601,-0.1467866748571396,1059.492431640625,148.06674194335938,1059.492431640625,148.06674194335938,False,False,-0.028283797099478265,-0.43798578917238645,0.11297445065638584,False,,False,caught
600,1787621373.7980905,36.55719249974936,0.061325300484895706,16.306483492018078,True,483,0.03934840019792318,0.06849800050258636,14.598966286063222,False,False,False,,7.347681522369385,2.867114543914795,9.999451637268066,1.4625355005264282,,,3.0007877349853516,False,0.184075759,0.568147435688,2,0.7213208675384521,-1.0,1.2330060005187988,0.13277769088745117,-0.1840757578611374,0.2269665151834488,0.1840757578611374,-0.1840757578611374,0.2603224217891693,0.17775249481201172,-0.17651036381721497,0.25050321221351624,0.17775249481201172,-0.17651036381721497,0.25050321221351624,0.17775249481201172,-0.17651033401489258,0.25050318241119385,False,False,1.567699946463108,2.2607995197176933,0.8976613879203796,-0.10883994400501251,0.9042356610298157,0.9074580669403076,-0.13291770219802856,1079.09619140625,146.42987060546875,1079.09619140625,146.42987060546875,False,False,-0.019304286171679435,-0.4425003282295678,0.11296607386281987,False,,False,caught
601,1787621373.8565097,36.61875789985061,0.06156540010124445,16.24288964833328,True,484,0.01858310028910637,0.07323839981108904,13.654039446238555,False,False,False,,7.5254340171813965,2.6906042098999023,10.187041282653809,1.4367258548736572,,,2.9421699047088623,False,0.184075759,0.568147435688,2,1.0,-0.7017941474914551,1.2216852903366089,0.1840757578611374,-0.12918329238891602,0.22488266229629517,0.1840757578611374,-0.1840757578611374,0.2603224217891693,0.18134504556655884,-0.18080860376358032,0.25608158111572266,0.18134504556655884,-0.18080860376358032,0.25608158111572266,0.18134498596191406,-0.18080854415893555,0.2560814917087555,False,False,1.4677001163363457,2.4927007034420967,0.8776670098304749,-0.08609232306480408,0.8818793892860413,0.8976613879203796,-0.10883994400501251,1097.0767822265625,145.15538024902344,1097.0767822265625,145.15538024902344,False,False,-0.010839082994123804,-0.44692582204792486,0.11294802591898172,False,,False,caught
602,1787621373.9159048,36.68027599994093,0.06151810009032488,16.25537847449344,False,,,,,False,False,False,,7.7067790031433105,2.509795665740967,10.356596946716309,1.4182050228118896,,,2.865851640701294,False,0.184075759,0.568147435688,2,1.0,-1.0,1.4142135381698608,0.1840757578611374,-0.1840757578611374,0.2603224217891693,0.13277769088745117,-0.1840757578611374,0.2269665151834488,0.15375159680843353,-0.18266481161117554,0.23875926434993744,0.15375159680843353,-0.18266481161117554,0.23875926434993744,0.15375137329101562,-0.1826648712158203,0.23875917494297028,False,False,1.9252998754382133,1.8742997199296951,0.8560083508491516,-0.05985591188073158,0.8580985069274902,0.8776670098304749,-0.08609232306480408,1113.1087646484375,144.86415100097656,1113.1087646484375,144.86415100097656,False,False,-0.00332975444713417,-0.4511488921989957,0.11292650234828176,False,,False,caught
603,1787621373.9816709,36.741797499358654,0.061521499417722225,16.25448029493141,True,485,0.05671199969947338,0.08232930023223162,12.14634397692237,False,False,False,,7.860530376434326,2.3271307945251465,10.546090126037598,1.400679588317871,,,2.8408701419830322,False,0.184075759,0.568147435688,2,1.0,-0.7507519721984863,1.2504513263702393,0.1840757578611374,-0.1381952315568924,0.23017777502536774,0.1840757578611374,-0.12918329238891602,0.22488266229629517,0.17098009586334229,-0.15227945148944855,0.22896118462085724,0.17098009586334229,-0.15227945148944855,0.22896118462085724,0.17097997665405273,-0.15227937698364258,0.2289610505104065,False,False,2.1083997562527657,3.2604001462459564,0.816372811794281,-0.024825554341077805,0.816750168800354,0.8560083508491516,-0.05985591188073158,1130.07763671875,145.23019409179688,1130.07763671875,145.23019409179688,False,False,0.0049746241559692605,-0.4560196281724603,0.11294520521350593,False,,False,caught
604,1787621374.0434792,36.80358259938657,0.061785100027918816,16.1851320067157,True,486,0.05031799990683794,0.08535919990390539,11.715198843543138,False,False,False,,8.031510353088379,2.174851417541504,10.720870971679688,1.3883472681045532,,,2.8020081520080566,False,0.184075759,0.568147435688,2,1.0,-0.5252957344055176,1.1295732259750366,0.1840757578611374,-0.0966942086815834,0.20792704820632935,0.1840757578611374,-0.1840757578611374,0.2603224217891693,0.1784203052520752,-0.17034441232681274,0.24668000638484955,0.1784203052520752,-0.17034441232681274,0.24668000638484955,0.1784200668334961,-0.17034435272216797,0.24667978286743164,False,False,1.7042998224496841,2.4105003103613853,0.7773464918136597,0.012881461530923843,0.7774532437324524,0.816372811794281,-0.024825554341077805,1145.577392578125,146.3087921142578,1145.577392578125,146.3087921142578,False,False,0.01252256853880626,-0.4606922087263546,0.11298214409782366,False,,False,caught
605,1787621374.1005855,36.864926499314606,0.06134389992803335,16.301539373485664,True,487,0.029176199808716774,0.06772550009191036,14.765487130296545,False,False,False,,8.209930419921875,2.004507064819336,10.873456001281738,1.3868619203567505,,,2.7342007160186768,False,0.184075759,0.568147435688,2,1.0,-1.0,1.4142135381698608,0.1840757578611374,-0.1840757578611374,0.2603224217891693,0.1840757578611374,-0.1381952315568924,0.23017777502536774,0.18163332343101501,-0.15207891166210175,0.23689377307891846,0.18163332343101501,-0.15207891166210175,0.23689377307891846,0.18163299560546875,-0.15207886695861816,0.23689348995685577,False,False,1.1893995106220245,1.6863998025655746,0.7529488801956177,0.050945866852998734,0.7546704411506653,0.7773464918136597,0.012881461530923843,1159.703125,148.54660034179688,1159.703125,148.54660034179688,False,False,0.018815734577756586,-0.46519283035070985,0.11295868824397579,False,,False,caught
606,1787621374.1650064,36.92627599928528,0.061349499970674515,16.300051352953275,True,488,0.015975499525666237,0.08248970005661249,12.122725616818855,False,False,False,,8.391563415527344,1.8524281978607178,11.037463188171387,1.3913607597351074,,,2.6857714653015137,False,0.184075759,0.568147435688,2,1.0,-0.9644448757171631,1.389299750328064,0.1840757578611374,-0.1775309145450592,0.25573641061782837,0.1840757578611374,-0.0966942086815834,0.20792704820632935,0.18302084505558014,-0.12061221897602081,0.21918927133083344,0.18302084505558014,-0.12061221897602081,0.21918927133083344,0.18302059173583984,-0.1206122636795044,0.21918907761573792,False,False,1.742299646139145,2.283199690282345,0.7378842234611511,0.08851562440395355,0.7431743741035461,0.7529488801956177,0.050945866852998734,1175.5718994140625,151.38046264648438,1175.5718994140625,151.38046264648438,False,False,0.025387459750873927,-0.47030956271502145,0.11292884527891946,False,,False,caught
607,1787621374.226607,36.987838599830866,0.061562600545585155,16.243628292790063,True,489,0.006108500063419342,0.0745449997484684,13.414715988654168,False,False,False,,8.574584007263184,1.7318159341812134,11.18850040435791,1.4036262035369873,,,2.6344387531280518,False,0.184075759,0.568147435688,2,1.0,-0.9245224595069885,1.3618890047073364,0.1840757578611374,-0.17018216848373413,0.250690758228302,0.1840757578611374,-0.1840757578611374,0.2603224217891693,0.18362008035182953,-0.15666888654232025,0.24137413501739502,0.18362008035182953,-0.15666888654232025,0.24137413501739502,0.18362045288085938,-0.15666890144348145,0.2413744330406189,False,False,1.3995002955198288,1.7323000356554985,0.7121745944023132,0.12131498754024506,0.7224333882331848,0.7378842234611511,0.08851562440395355,1189.45849609375,154.72830200195312,1189.45849609375,154.72830200195312,False,False,0.03117735847686257,-0.4753905011901594,0.11290026372610606,False,,False,caught
608,1787621374.2893877,37.049643999896944,0.06180540006607771,16.179815985834164,False,,,,,False,False,False,,8.758204460144043,1.575147032737732,11.32523250579834,1.4218255281448364,,,2.5716028213500977,False,0.184075759,0.568147435688,2,0.17244648933410645,-1.0,1.0147600173950195,0.03174321725964546,-0.1840757578611374,0.18679270148277283,0.1840757578611374,-0.1775309145450592,0.25573641061782837,0.18387913703918457,-0.16852159798145294,0.24942146241664886,0.18387913703918457,-0.16852159798145294,0.24942146241664886,0.18387889862060547,-0.16852164268493652,0.24942131340503693,False,False,2.2415006533265114,3.744300454854965,0.671294629573822,0.15382026135921478,0.6886923313140869,0.7121745944023132,0.12131498754024506,1200.9481201171875,158.67953491210938,1200.9481201171875,158.67953491210938,False,False,0.0361880026590079,-0.48031166415089077,0.11289446225604784,False,,False,caught
609,1787621374.3523798,37.111562199890614,0.06191819999366999,16.15034028932094,True,490,0.05872960016131401,0.07143739983439445,13.998269846301673,False,False,False,,8.942083358764648,1.4066253900527954,11.475730895996094,1.4477087259292603,,,2.53398060798645,False,0.184075759,0.568147435688,2,1.0,-0.11877179145812988,1.0070286989212036,0.1840757578611374,-0.02186300791800022,0.1853695660829544,0.1840757578611374,-0.17018216848373413,0.250690758228302,0.1839907467365265,-0.1694650650024414,0.250141978263855,0.1839907467365265,-0.1694650650024414,0.250141978263855,0.183990478515625,-0.1694650650024414,0.25014176964759827,False,False,2.247299998998642,2.8214994817972183,0.6354965567588806,0.18795427680015564,0.662708580493927,0.671294629573822,0.15382026135921478,1214.1597900390625,163.53843688964844,1214.1597900390625,163.53843688964844,False,False,0.041512885638738714,-0.4859942263478427,0.11294476556837203,False,,False,caught
610,1787621374.4137712,37.17291659954935,0.06135439965873957,16.298749650589336,True,491,0.047288600355386734,0.07148140016943216,13.98965321929485,False,False,False,,9.126073837280273,1.237160325050354,11.608325958251953,1.4802793264389038,,,2.4941296577453613,False,0.184075759,0.568147435688,2,1.0,0.8035362958908081,1.2828369140625,0.1840757578611374,0.14791154861450195,0.236139178276062,0.03174321725964546,-0.1840757578611374,0.18679270148277283,0.09749159216880798,-0.1777660846710205,0.20274464786052704,0.09749159216880798,-0.1777660846710205,0.20274464786052704,0.09749126434326172,-0.1777660846710205,0.2027444839477539,False,False,2.269900403916836,2.1866001188755035,0.5763853192329407,0.2270621955394745,0.6194975972175598,0.6354965567588806,0.18795427680015564,1224.105712890625,169.4109344482422,1224.105712890625,169.4109344482422,False,False,0.04588153359464164,-0.4914399050594045,0.11292932857292089,False,,False,caught
611,1787621374.473928,37.23415259923786,0.061235999688506126,16.330263326911897,True,492,0.031353799626231194,0.07242549955844879,13.807291714888075,False,False,False,,9.223565101623535,1.0593942403793335,11.74069595336914,1.5217334032058716,,,2.559239149093628,False,0.184075759,0.568147435688,2,1.0,0.570753812789917,1.1514164209365845,0.1840757578611374,0.10506194084882736,0.21194785833358765,0.1840757578611374,-0.02186300791800022,0.1853695660829544,0.14668402075767517,-0.08919015526771545,0.17167145013809204,0.14668402075767517,-0.08919015526771545,0.17167145013809204,0.1466836929321289,-0.08919012546539307,0.17167115211486816,False,False,1.955999992787838,2.431800588965416,0.47213679552078247,0.23792649805545807,0.5286985635757446,0.5763853192329407,0.2270621955394745,1231.25537109375,174.4384765625,1231.25537109375,174.4384765625,False,False,0.04994600395744257,-0.4972773308240671,0.11295991318559433,False,,False,caught
612,1787621374.5347047,37.295474799349904,0.06132220011204481,16.30730792719196,True,493,0.022827299311757088,0.07716070022433996,12.959965333292232,False,False,False,,9.370248794555664,0.9702041149139404,11.845826148986816,1.565548062324524,,,2.5461573600769043,False,0.184075759,0.568147435688,2,0.5828884840011597,-1.0,1.1574796438217163,0.10729563981294632,-0.1840757578611374,0.21306392550468445,0.1840757578611374,0.14791154861450195,0.236139178276062,0.16792789101600647,0.045518580824136734,0.17398770153522491,0.16792789101600647,0.045518577098846436,0.17398770153522491,0.16792774200439453,0.04551863670349121,0.17398756742477417,False,False,1.6152998432517052,2.0711999386548996,0.42540523409843445,0.2571147084236145,0.49706900119781494,0.47213679552078247,0.23792649805545807,1239.1495361328125,180.23681640625,1239.1495361328125,180.23681640625,False,False,0.052810127981867044,-0.5023993165769284,0.11292836126069988,False,,False,caught
613,1787621374.5971107,37.35735559929162,0.06188079994171858,16.160101371375834,True,494,0.012333899736404419,0.06984349992126226,14.317724643343263,False,False,False,,9.538176536560059,1.0157227516174316,11.940059661865234,1.6165838241577148,,,2.4758992195129395,False,0.184075759,0.568147435688,2,1.0,-1.0,1.4142135381698608,0.1840757578611374,-0.1840757578611374,0.2603224217891693,0.1840757578611374,0.10506194084882736,0.21194785833358765,0.177102193236351,0.07934801280498505,0.1940651684999466,0.177102193236351,0.07934801280498505,0.1940651684999466,0.17710208892822266,0.07934796810150146,0.19406506419181824,False,False,1.9379006698727608,2.3174993693828583,0.4585689306259155,0.30555328726768494,0.551042914390564,0.42540523409843445,0.2571147084236145,1250.8365478515625,188.6311798095703,1250.8365478515625,188.6311798095703,False,False,0.05498323786621144,-0.5075133260169129,0.11288129580486618,False,,False,caught
614,1787621374.656593,37.4188738996163,0.06151830032467842,16.25532556527483,True,495,0.0030701998621225357,0.07237400021404028,13.8171166032357,False,False,False,,9.715278625488281,1.095070719718933,12.029404640197754,1.672791600227356,,,2.3851499557495117,False,0.184075759,0.568147435688,2,1.0,-1.0,1.4142135381698608,0.1840757578611374,-0.1840757578611374,0.2603224217891693,0.10729563981294632,-0.1840757578611374,0.21306392550468445,0.1374417245388031,-0.07031553983688354,0.15438427031040192,0.1374417245388031,-0.07031553983688354,0.15438427031040192,0.13744163513183594,-0.07031548023223877,0.15438416600227356,False,False,2.589399926364422,2.065800130367279,0.4860908091068268,0.3682718575000763,0.6098429560661316,0.4585689306259155,0.30555328726768494,1261.6763916015625,198.46548461914062,1261.6763916015625,198.46548461914062,False,False,0.05678101119814112,-0.5127083422136933,0.11292274777986551,False,,False,caught
615,1787621374.7201326,37.48035439942032,0.06148049980401993,16.26531995002771,False,,,,,False,False,False,,9.852720260620117,1.0247552394866943,12.117316246032715,1.7326040267944336,,,2.372645139694214,False,0.184075759,0.568147435688,2,1.0,0.21937978267669678,1.0237809419631958,0.1840757578611374,0.0403825007379055,0.18845325708389282,0.1840757578611374,-0.1840757578611374,0.2603224217891693,0.16393668949604034,-0.13494808971881866,0.21233518421649933,0.16393668949604034,-0.13494808971881866,0.21233518421649933,0.16393661499023438,-0.13494807481765747,0.21233510971069336,False,False,2.4616997689008713,2.9757004231214523,0.4148561954498291,0.3954879641532898,0.5731635093688965,0.4860908091068268,0.3682718575000763,1266.302001953125,206.4451904296875,1266.302001953125,206.4451904296875,False,False,0.0583983060186575,-0.5180184820019382,0.11293319855004039,False,,False,caught
616,1787621374.7830856,37.54230299964547,0.061948600225150585,16.14241478202132,True,496,0.05365900043398142,0.07078120019286871,14.128045261667536,False,False,False,,10.016656875610352,0.8898071646690369,12.21926498413086,1.8139201402664185,,,2.3886120319366455,False,0.184075759,0.568147435688,2,0.9994237422943115,0.4803042411804199,1.1088461875915527,0.1839696764945984,0.08841236680746078,0.204111710190773,0.1840757578611374,-0.1840757578611374,0.2603224217891693,0.17537862062454224,-0.16285984218120575,0.23933446407318115,0.17537862062454224,-0.16285984218120575,0.23933446407318115,0.17537879943847656,-0.16285985708236694,0.2393346130847931,False,False,2.46489979326725,3.1449003145098686,0.37363573908805847,0.4372643828392029,0.57515549659729,0.4148561954498291,0.3954879641532898,1274.2088623046875,217.593994140625,1274.2088623046875,217.593994140625,False,False,0.059871961780114724,-0.5247029858405181,0.11292986560862697,False,,False,caught
617,1787621374.8411093,37.60342409927398,0.06112109962850809,16.360962189456096,True,497,0.048856199719011784,0.07312690000981092,13.674858360819849,False,False,False,,10.192035675048828,0.7269473075866699,12.300512313842773,1.8981643915176392,,,2.411933422088623,False,0.184075759,0.568147435688,2,-0.2564535140991211,-0.13224667310714722,0.2885439097881317,-0.04720687493681908,-0.024343406781554222,0.053113941103219986,0.1840757578611374,0.0403825007379055,0.18845325708389282,0.18031996488571167,-0.0473882332444191,0.18644285202026367,0.18031996488571167,-0.0473882332444191,0.18644285202026367,0.18031978607177734,-0.04738825559616089,0.18644267320632935,False,False,1.5312004834413528,2.193700522184372,0.345849871635437,0.4861326217651367,0.596604585647583,0.37363573908805847,0.4372643828392029,1280.821533203125,229.49563598632812,1280.821533203125,229.49563598632812,False,False,0.06039330876046777,-0.5308855435369331,0.11285277908306313,False,,False,caught
618,1787621374.9053314,37.66449699923396,0.06107289995998144,16.373874511530627,True,498,0.027206999249756336,0.06563569977879524,15.235611159326245,False,False,False,,10.372355461120605,0.679559051990509,12.369499206542969,1.981290340423584,,,2.383922576904297,False,0.184075759,0.568147435688,2,1.0,-0.09410083293914795,1.0044177770614624,0.1840757578611374,-0.01732168160378933,0.18488895893096924,0.1839696764945984,0.08841236680746078,0.204111710190773,0.18239346146583557,0.029766518622636795,0.1848064363002777,0.18239346146583557,0.029766514897346497,0.1848064363002777,0.18239307403564453,0.029766499996185303,0.18480606377124786,False,False,2.589200623333454,2.4375002831220627,0.33399268984794617,0.5309139490127563,0.6272326111793518,0.345849871635437,0.4861326217651367,1287.1573486328125,241.02310180664062,1287.1573486328125,241.02310180664062,False,False,0.060446688917224316,-0.5366421007395328,0.11283165896732576,False,,False,caught
619,1787621374.966364,37.72662639990449,0.06212940067052841,16.095439344457706,True,499,0.01793349999934435,0.08272899966686964,12.087659756878077,False,False,False,,10.55474853515625,0.7093255519866943,12.439584732055664,2.0867526531219482,,,2.3345048427581787,False,0.184075759,0.568147435688,2,1.0,-0.10491964221000671,1.0054889917373657,0.1840757578611374,-0.019313162192702293,0.18508614599704742,-0.04720687493681908,-0.024343406781554222,0.053113941103219986,0.051946453750133514,-0.0009759040549397469,0.05195561796426773,0.05194646120071411,-0.0009759031236171722,0.05195562541484833,0.05194664001464844,-0.0009759068489074707,0.05195580795407295,False,False,2.048400230705738,2.675499767065048,0.3299269378185272,0.6118670105934143,0.6951496601104736,0.33399268984794617,0.5309139490127563,1294.0841064453125,257.1658935546875,1294.0841064453125,257.1658935546875,False,False,0.05979652880008498,-0.5434090937376823,0.11289640849722757,False,,False,caught
620,1787621375.0257924,37.788075499236584,0.06144909933209419,16.27363152380186,True,500,0.0069808997213840485,0.07140449993312359,14.004719603618614,False,False,False,,10.606695175170898,0.7083496451377869,12.510656356811523,2.2033941745758057,,,2.420790433883667,False,0.184075759,0.568147435688,2,0.6375385522842407,1.0,1.1859407424926758,0.11735539138317108,0.1840757578611374,0.21830293536186218,0.1840757578611374,-0.01732168160378933,0.18488895893096924,0.12701545655727386,-0.010262716561555862,0.12742939591407776,0.12701545655727386,-0.010262716561555862,0.12742939591407776,0.1270151138305664,-0.010262727737426758,0.1274290531873703,False,False,1.6697002574801445,2.2286996245384216,0.30308860540390015,0.5976357460021973,0.6700978875160217,0.3299269378185272,0.6118670105934143,1299.7130126953125,268.49505615234375,1299.7130126953125,268.49505615234375,False,False,0.05881345398652029,-0.5506877553093412,0.11296966563152448,False,,False,caught
621,1787621375.0895867,37.849872899241745,0.06179740000516176,16.181910564465056,True,501,0.001759599894285202,0.07239630073308945,13.812860462122204,False,False,False,,10.733710289001465,0.6980869174003601,12.5805025100708,2.3364174365997314,,,2.4687583446502686,False,0.184075759,0.568147435688,2,1.0,1.0,1.4142135381698608,0.1840757578611374,0.1840757578611374,0.2603224217891693,0.1840757578611374,-0.019313162192702293,0.18508614599704742,0.159433975815773,-0.015404708683490753,0.16017645597457886,0.159433975815773,-0.015404708683490753,0.16017645597457886,0.15943431854248047,-0.015404701232910156,0.16017679870128632,False,False,2.0169001072645187,2.3254994302988052,0.288156658411026,0.6420285701751709,0.7037293314933777,0.30308860540390015,0.5976357460021973,1305.9478759765625,285.2273254394531,1305.9478759765625,285.2273254394531,False,False,0.057233676037619155,-0.5586351715389594,0.1129922509841153,False,,False,caught
622,1787621375.1505044,37.911754299886525,0.061881400644779205,16.15994449996936,False,,,,,False,False,False,,10.893144607543945,0.68268221616745,12.633238792419434,2.4467458724975586,,,2.4778716564178467,False,0.184075759,0.568147435688,2,1.0,0.7736424207687378,1.2643269300460815,0.1840757578611374,0.1424088180065155,0.23273193836212158,0.11735539138317108,0.1840757578611374,0.21830293536186218,0.13552728295326233,0.09792961180210114,0.1672060191631317,0.13552728295326233,0.09792961180210114,0.1672060191631317,0.1355276107788086,0.09792959690093994,0.167206272482872,False,False,2.138799987733364,2.9689008370041847,0.2697340250015259,0.7098128795623779,0.7593357563018799,0.288156658411026,0.6420285701751709,1310.2161865234375,301.052001953125,1310.2161865234375,301.052001953125,False,False,0.05571242050541625,-0.5650581475420822,0.11293041708494632,False,,False,caught
623,1787621375.211991,37.973198499530554,0.06144419964402914,16.274929216970854,True,502,0.053281400352716446,0.06702289916574955,14.920273704170441,False,False,False,,11.028672218322754,0.7806118130683899,12.69542407989502,2.589862823486328,,,2.4599697589874268,False,0.184075759,0.568147435688,2,0.4174938201904297,0.048866987228393555,0.4203439950942993,0.07685048878192902,0.00899522751569748,0.0773751363158226,0.1840757578611374,0.1840757578611374,0.2603224217891693,0.16311010718345642,0.1468733251094818,0.2194918692111969,0.16311010718345642,0.1468733251094818,0.2194918692111969,0.16310977935791016,0.14687329530715942,0.2194916009902954,False,False,2.4501997977495193,3.1150002032518387,0.2565772235393524,0.8351864218711853,0.873709499835968,0.2697340250015259,0.7098128795623779,1315.7755126953125,323.93414306640625,1315.7755126953125,323.93414306640625,False,False,0.053487493148108224,-0.5731863344382646,0.11295301032068264,False,,False,caught
624,1787621375.2772853,38.03539179917425,0.062193299643695354,16.078902481923095,True,503,0.04507499933242798,0.07219040021300316,13.852257322987896,False,False,False,,11.191781997680664,0.9274851083755493,12.749208450317383,2.746138334274292,,,2.3943843841552734,False,0.184075759,0.568147435688,2,1.0,1.0,1.4142135381698608,0.1840757578611374,0.1840757578611374,0.2603224217891693,0.1840757578611374,0.1424088180065155,0.23273193836212158,0.17502154409885406,0.14433681964874268,0.22686044871807098,0.17502154409885406,0.14433681964874268,0.22686044871807098,0.17502117156982422,0.14433681964874268,0.2268601506948471,False,False,1.6889004036784172,2.8777997940778732,0.24010151624679565,1.0,1.0284205675125122,0.2565772235393524,0.8351864218711853,1320.2708740234375,350.6753234863281,1320.2708740234375,350.6753234863281,False,False,0.05048534276397046,-0.5816140484443447,0.11290487661264853,False,,False,caught
625,1787621375.3382075,38.09683659952134,0.06144480034708977,16.27477010831175,True,504,0.03565800003707409,0.0700118001550436,14.283306496697195,False,False,False,,11.366803169250488,1.071821928024292,12.803762435913086,2.9364466667175293,,,2.354076862335205,False,0.184075759,0.568147435688,2,1.0,1.0,1.4142135381698608,0.1840757578611374,0.1840757578611374,0.2603224217891693,0.07685048878192902,0.00899522751569748,0.0773751363158226,0.1192457526922226,0.06744284182786942,0.13699667155742645,0.1192457526922226,0.06744284182786942,0.13699667155742645,0.11924552917480469,0.0674428939819336,0.13699649274349213,False,False,2.4101994931697845,2.9572993516921997,0.1978301703929901,1.0,1.0193805694580078,0.24010151624679565,1.0,1323.2598876953125,370.6195983886719,1323.2598876953125,370.6195983886719,False,False,0.04639203868066174,-0.5915179952286802,0.11295939100750349,False,,False,caught
626,1787621375.4019241,38.15899149980396,0.062154900282621384,16.088836044349694,True,505,0.03002970013767481,0.07086450047791004,14.111437930924541,False,False,False,,11.486048698425293,1.1392648220062256,12.849198341369629,3.128899574279785,,,2.411809206008911,False,0.184075759,0.568147435688,2,1.0,1.0,1.4142135381698608,0.1840757578611374,0.1840757578611374,0.2603224217891693,0.1840757578611374,0.1840757578611374,0.2603224217891693,0.15607866644859314,0.13370755314826965,0.20551948249340057,0.15607866644859314,0.13370755314826965,0.20551948249340057,0.15607833862304688,0.13370752334594727,0.20551921427249908,False,False,2.554900012910366,2.2113993763923645,0.13160374760627747,1.0,1.008622646331787,0.1978301703929901,1.0,1323.8436279296875,390.7886657714844,1323.8436279296875,390.7886657714844,False,False,0.04186826033527322,-0.6012080607794692,0.11291292478113762,False,,False,caught
627,1787621375.4587588,38.221001599915326,0.06201010011136532,16.12640518567262,True,506,0.026160200126469135,0.06777639966458082,14.754398359147258,False,False,False,,11.64212703704834,1.2729723453521729,12.88869571685791,3.3439242839813232,,,2.4171833992004395,False,0.184075759,0.568147435688,2,0.0068891048431396484,1.0,1.0000237226486206,0.0012681172229349613,0.1840757578611374,0.1840801239013672,0.1840757578611374,0.1840757578611374,0.2603224217891693,0.17198500037193298,0.16232410073280334,0.23649092018604279,0.17198500037193298,0.16232410073280334,0.23649092018604279,0.17198467254638672,0.16232407093048096,0.2364906519651413,False,False,1.7431993037462234,2.067900262773037,0.07118142396211624,1.0,1.0025302171707153,0.13160374760627747,1.0,1324.17578125,413.32330322265625,1324.17578125,413.32330322265625,False,False,0.036372260814731036,-0.6116571402454405,0.11284771335659977,False,,False,caught
628,1787621375.5202754,38.28254759963602,0.061545999720692635,16.24800969255823,True,507,0.014920700341463089,0.06587939988821745,15.17925181007683,False,False,False,,11.814111709594727,1.4352964162826538,12.910181045532227,3.5512800216674805,,,2.3830137252807617,False,0.184075759,0.568147435688,2,1.0,1.0,1.4142135381698608,0.1840757578611374,0.1840757578611374,0.2603224217891693,0.1840757578611374,0.1840757578611374,0.2603224217891693,0.17885419726371765,0.17468222975730896,0.2500053942203522,0.17885419726371765,0.17468222975730896,0.2500053942203522,0.17885398864746094,0.17468225955963135,0.2500052750110626,False,False,1.9274000078439713,1.9645001739263535,-0.02323462814092636,1.0,1.000269889831543,0.07118142396211624,1.0,1320.574951171875,435.05413818359375,1320.574951171875,435.05413818359375,False,False,0.03041717104334392,-0.6211947468233431,0.1128832245382399,False,,False,caught
629,1787621375.584064,38.3443387998268,0.06179120019078255,16.183534174970937,True,508,0.003472300246357918,0.07279220037162304,13.737735566375806,False,False,False,,11.992965698242188,1.6099786758422852,12.92043399810791,3.739135265350342,,,2.322392225265503,False,0.184075759,0.568147435688,2,-0.06598341464996338,1.0,1.0021744966506958,-0.012145946733653545,0.1840757578611374,0.18447604775428772,0.0012681172229349613,0.1840757578611374,0.1840801239013672,0.07795903831720352,0.18001915514469147,0.19617468118667603,0.07795903831720352,0.18001915514469147,0.19617468118667603,0.07795906066894531,0.18001914024353027,0.19617468118667603,False,False,2.156199887394905,2.4383002892136574,-0.16530349850654602,1.0,1.0135705471038818,-0.02323462814092636,1.0,1312.896240234375,454.7413635253906,1312.896240234375,454.7413635253906,False,False,0.024667662575580125,-0.6295266901254369,0.11288972093734005,False,,False,caught
630,1787621375.643458,38.405765200033784,0.06142640020698309,16.279645179114986,False,,,,,False,False,False,,12.070924758911133,1.7899978160858154,12.907999038696289,3.95495867729187,,,2.321152448654175,False,0.184075759,0.568147435688,2,1.0,-0.4378323554992676,1.091648817062378,0.1840757578611374,-0.08059432357549667,0.20094609260559082,0.1840757578611374,0.1840757578611374,0.2603224217891693,0.1382489949464798,0.1823239028453827,0.22881169617176056,0.1382489949464798,0.1823239028453827,0.22881169617176056,0.13824939727783203,0.18232393264770508,0.22881196439266205,False,False,2.105800434947014,2.620900049805641,-0.28798431158065796,1.0,1.0406416654586792,-0.16530349850654602,1.0,1304.08544921875,477.35968017578125,1304.08544921875,477.35968017578125,False,False,0.01710827747956363,-0.6383313568820173,0.11296555665686774,False,,False,caught
631,1787621375.708139,38.467198099941015,0.06143289990723133,16.27792276630407,True,509,0.052458000369369984,0.07323839981108904,13.654039446238555,False,False,False,,12.209174156188965,1.9723217487335205,12.860458374023438,4.161301612854004,,,2.2838134765625,False,0.184075759,0.568147435688,2,-0.6122298240661621,1.0,1.1725294589996338,-0.11269666999578476,0.1840757578611374,0.21583424508571625,-0.012145946733653545,0.1840757578611374,0.18447604775428772,0.0528026707470417,0.18331922590732574,0.19077226519584656,0.052802667021751404,0.18331922590732574,0.19077226519584656,0.05280303955078125,0.1833193302154541,0.19077247381210327,False,False,2.414899878203869,2.964000217616558,-0.4721428155899048,1.0,1.1058566570281982,-0.28798431158065796,1.0,1287.9024658203125,498.984375,1287.9024658203125,498.984375,False,False,0.008474535862126906,-0.6456370910330518,0.11293121532068932,False,,False,caught
632,1787621375.7718906,38.52891179919243,0.061713699251413345,16.2038576868668,True,510,0.047161299735307693,0.07424889970570803,13.46821305047734,False,False,False,,12.261977195739746,2.1556410789489746,12.788934707641602,4.374566078186035,,,2.2806386947631836,False,0.184075759,0.568147435688,2,1.0,1.0,1.4142135381698608,0.1840757578611374,0.1840757578611374,0.2603224217891693,0.1840757578611374,-0.08059432357549667,0.20094609260559082,0.12738530337810516,0.03337746858596802,0.1316855102777481,0.12738530337810516,0.03337746858596802,0.1316855102777481,0.12738513946533203,0.03337740898132324,0.13168533146381378,False,False,2.886800095438957,3.0105002224445343,-0.6114878058433533,1.0,1.1721421480178833,-0.4721428155899048,1.0,1272.01708984375,521.3345336914062,1272.01708984375,521.3345336914062,False,False,-0.0013091553716567624,-0.6524793046914374,0.11292628785591842,False,,False,caught
633,1787621375.821044,38.580126899294555,0.0512151001021266,19.525491466499684,True,511,0.030243699438869953,0.06663420051336288,15.00730844364913,False,False,False,,12.389362335205078,2.189018487930298,12.701603889465332,4.534445285797119,,,2.366119384765625,False,0.184075759,0.568147435688,2,1.0,1.0,1.4142135381698608,0.1840757578611374,0.1840757578611374,0.2603224217891693,-0.11269666999578476,0.1840757578611374,0.21583424508571625,-0.009016722440719604,0.11899629235267639,0.11933741718530655,-0.009016722440719604,0.11899629235267639,0.11933741718530655,-0.009016990661621094,0.11899638175964355,0.1193375214934349,False,False,2.6676002889871597,2.7493005618453026,-0.6120325922966003,1.0,1.1724265813827515,-0.6114878058433533,1.0,1263.0408935546875,538.08984375,1263.0408935546875,538.08984375,False,False,-0.009963418063489342,-0.656570771592692,0.11287022175434334,False,,False,caught
634,1787621375.8742425,38.63650759961456,0.05638070032000542,17.73656578091799,True,512,0.01902559958398342,0.06813440006226301,14.676873929852961,False,False,False,,12.380345344543457,2.3080148696899414,12.584896087646484,4.726119518280029,,,2.426740884780884,False,0.184075759,0.568147435688,2,-0.5061412453651428,1.0,1.1207939386367798,-0.09316833317279816,0.1840757578611374,0.20631098747253418,0.1840757578611374,0.1840757578611374,0.2603224217891693,0.1006881594657898,0.15597106516361237,0.18564772605895996,0.1006881594657898,0.15597106516361237,0.18564772605895996,0.10068798065185547,0.15597105026245117,0.1856476217508316,False,False,1.4888998121023178,2.5404999032616615,-0.6928336024284363,1.0,1.2165600061416626,-0.6120325922966003,1.0,1246.1256103515625,558.1773071289062,1246.1256103515625,558.1773071289062,False,False,-0.020775906856296284,-0.6610942800049591,0.11294677300320508,False,,False,caught
635,1787621375.9363477,38.69814609922469,0.06163849961012602,16.22362656984141,True,513,0.004705700092017651,0.06759179942309856,14.794694157206647,False,False,False,,12.481033325195312,2.4639859199523926,12.453143119812012,4.9409356117248535,,,2.4771065711975098,False,0.184075759,0.568147435688,2,-1.0,1.0,1.4142135381698608,-0.1840757578611374,0.1840757578611374,0.2603224217891693,0.1840757578611374,0.1840757578611374,0.2603224217891693,0.148064523935318,0.17193865776062012,0.22690527141094208,0.148064523935318,0.17193865776062012,0.22690527141094208,0.14806461334228516,0.17193865776062012,0.22690533101558685,False,False,1.6720006242394447,2.941199578344822,-0.8306515216827393,1.0,1.2999930381774902,-0.6928336024284363,1.0,1224.1666259765625,580.6900634765625,1224.1666259765625,580.6900634765625,False,False,-0.0328744117482242,-0.6661112163236079,0.11300523229202626,False,,False,caught
636,1787621375.9989154,38.76015600003302,0.06200990080833435,16.126457016773625,False,,,,,False,False,False,,12.629097938537598,2.6359245777130127,12.31912612915039,5.128049850463867,,,2.51132869720459,False,0.184075759,0.568147435688,2,-0.16916649043560028,0.21080374717712402,0.2702878415584564,-0.031139450147747993,0.038803860545158386,0.04975344240665436,-0.09316833317279816,0.1840757578611374,0.20631098747253418,0.011008735746145248,0.17883431911468506,0.1791728287935257,0.011008739471435547,0.17883431911468506,0.1791728287935257,0.011008262634277344,0.1788341999053955,0.17917269468307495,False,False,2.8822999447584152,2.895600162446499,-0.9354056119918823,1.0,1.3693004846572876,-0.8306515216827393,1.0,1204.00732421875,600.2996215820312,1204.00732421875,600.2996215820312,False,False,-0.04412529865883242,-0.6698824033143707,0.112975847429404,False,,False,caught
637,1787621376.0635023,38.821557899937034,0.06140189990401268,16.286141008067553,True,514,0.055933200754225254,0.07596760056912899,13.16350644891068,False,False,False,,12.640106201171875,2.814758777618408,12.131017684936523,5.343188762664795,,,2.579172134399414,False,0.184075759,0.568147435688,2,-0.5580594539642334,1.0,1.1451770067214966,-0.10272521525621414,0.1840757578611374,0.21079932153224945,-0.1840757578611374,0.1840757578611374,0.2603224217891693,-0.09982822090387344,0.18181218206882477,0.2074158638715744,-0.09982822090387344,0.18181218206882477,0.2074158638715744,-0.09982776641845703,0.18181228637695312,0.20741574466228485,False,False,2.53400020301342,3.3935001119971275,-1.0,1.0,1.4142135381698608,-0.9354056119918823,1.0,1180.776123046875,622.84619140625,1180.776123046875,622.84619140625,False,False,-0.05833884570695114,-0.6731777041676799,0.11297313091194823,False,,False,caught
638,1787621376.1260097,38.88290059939027,0.06134269945323467,16.301858394124988,True,515,0.046074699610471725,0.07255369983613491,13.782894631955852,False,False,False,,12.540278434753418,2.9965710639953613,11.926356315612793,5.554174423217773,,,2.630253791809082,False,0.184075759,0.568147435688,2,-1.0,1.0,1.4142135381698608,-0.1840757578611374,0.1840757578611374,0.2603224217891693,-0.031139450147747993,0.038803860545158386,0.04975344240665436,-0.060802675783634186,0.10056241601705551,0.1175149530172348,-0.060802675783634186,0.10056241601705551,0.1175149530172348,-0.060802459716796875,0.10056233406066895,0.11751477420330048,False,False,2.3440998047590256,2.8793998062610626,-1.0,1.0,1.4142135381698608,-1.0,1.0,1159.81884765625,644.9574584960938,1159.81884765625,644.9574584960938,False,False,-0.07299423737926773,-0.6757884078180791,0.11290914614088679,False,,False,caught
639,1787621376.1846194,38.94488570000976,0.061985100619494915,16.132909199238927,True,516,0.03656180016696453,0.07082709949463606,14.118889621842172,False,False,False,,12.479475975036621,3.0971333980560303,11.709534645080566,5.767239570617676,,,2.7788984775543213,False,0.184075759,0.568147435688,2,-1.0,1.0,1.4142135381698608,-0.1840757578611374,0.1840757578611374,0.2603224217891693,-0.10272521525621414,0.1840757578611374,0.21079932153224945,-0.08462076634168625,0.1480102688074112,0.17049255967140198,-0.08462076634168625,0.1480102688074112,0.17049255967140198,-0.08462047576904297,0.14801025390625,0.17049241065979004,False,False,1.272999681532383,2.3624999448657036,-1.0,1.0,1.4142135381698608,-1.0,1.0,1137.6163330078125,667.2867431640625,1137.6163330078125,667.2867431640625,False,False,-0.08810796939433203,-0.6781076673311699,0.11292947783131596,False,,False,caught
640,1787621376.2449827,39.00624799914658,0.061362299136817455,16.296651430389424,True,517,0.020106999203562737,0.07149970065802336,13.986072540120274,False,False,False,,12.394855499267578,3.2451436519622803,11.517838478088379,5.955959796905518,,,2.8491549491882324,False,0.184075759,0.568147435688,2,1.0,1.0,1.4142135381698608,0.1840757578611374,0.1840757578611374,0.2603224217891693,-0.1840757578611374,0.1840757578611374,0.2603224217891693,-0.14112573862075806,0.16850078105926514,0.21979305148124695,-0.14112573862075806,0.16850078105926514,0.21979305148124695,-0.14112567901611328,0.16850066184997559,0.2197929322719574,False,False,1.4524003490805626,1.9291993230581284,-1.0,1.0,1.4142135381698608,-1.0,1.0,1117.986572265625,687.0645751953125,1117.986572265625,687.0645751953125,False,False,-0.1014097713941721,-0.6801614691238436,0.11291592280136291,False,,False,caught
641,1787621376.3045459,39.067826599814,0.06157860066741705,16.239407670222164,True,518,0.008852699771523476,0.077811099588871,12.851636916631183,False,False,False,,12.253729820251465,3.413644313812256,11.299454689025879,6.1765899658203125,,,2.9230992794036865,False,0.184075759,0.568147435688,2,0.049018800258636475,1.0,1.0012006759643555,0.009023172780871391,0.1840757578611374,0.18429677188396454,-0.1840757578611374,0.1840757578611374,0.2603224217891693,-0.16552765667438507,0.17734961211681366,0.242594912648201,-0.16552765667438507,0.17734961211681366,0.242594912648201,-0.16552734375,0.17734956741333008,0.2425946593284607,False,False,1.1820001527667046,2.4974001571536064,-1.0,1.0,1.4142135381698608,-1.0,1.0,1095.6241455078125,710.1866455078125,1095.6241455078125,710.1866455078125,False,False,-0.1166550503804395,-0.6827194636858339,0.11300835345639108,False,,False,caught
642,1787621376.3675008,39.129797499626875,0.06197089981287718,16.13660610092039,True,519,0.003760400228202343,0.0728411003947258,13.728513086444352,False,False,False,,12.088202476501465,3.590993881225586,11.085888862609863,6.388635158538818,,,2.9717721939086914,False,0.184075759,0.568147435688,2,-0.3899364471435547,0.9511210918426514,1.0279502868652344,-0.07177785038948059,0.17507833242416382,0.18922071158885956,0.1840757578611374,0.1840757578611374,0.2603224217891693,0.03309875726699829,0.18117102980613708,0.1841696798801422,0.03309875726699829,0.18117102980613708,0.1841696798801422,0.03309917449951172,0.18117094039916992,0.18416966497898102,False,False,1.253100112080574,2.7094008401036263,-1.0,1.0,1.4142135381698608,-1.0,1.0,1073.7550048828125,732.408935546875,1073.7550048828125,732.408935546875,False,False,-0.1313660475808049,-0.6850550852753235,0.11298308821611,False,,False,caught
643,1787621376.4279153,39.19131189957261,0.06151439994573593,16.256356249628315,False,,,,,False,False,False,,12.121301651000977,3.772164821624756,10.895890235900879,6.5787224769592285,,,3.0624172687530518,False,0.184075759,0.568147435688,2,-0.5406495332717896,1.0,1.1367945671081543,-0.0995204746723175,0.1840757578611374,0.20925632119178772,0.009023172780871391,0.1840757578611374,0.18429677188396454,0.019420456141233444,0.18282130360603333,0.18384990096092224,0.019420456141233444,0.18282130360603333,0.18384990096092224,0.019420623779296875,0.18282127380371094,0.18384987115859985,False,False,1.848599873483181,2.6826001703739166,-1.0,0.9896249175071716,1.4068963527679443,-1.0,1.0,1054.299072265625,751.677734375,1054.299072265625,751.677734375,False,False,-0.1444284460448198,-0.687180689522319,0.11298850080908572,False,,False,caught
644,1787621376.4922037,39.25236069969833,0.06104880012571812,16.380338318536886,True,520,0.056967300362885,0.06706459913402796,14.910996455842666,False,False,False,,12.140722274780273,3.954986095428467,10.678484916687012,6.7954277992248535,,,3.1947216987609863,False,0.184075759,0.568147435688,2,-1.0,1.0,1.4142135381698608,-0.1840757578611374,0.1840757578611374,0.2603224217891693,-0.07177785038948059,0.17507833242416382,0.18922071158885956,-0.032393552362918854,0.17842213809490204,0.18133892118930817,-0.032393552362918854,0.17842213809490204,0.18133892118930817,-0.032393455505371094,0.1784219741821289,0.18133874237537384,False,False,2.563199959695339,3.237900324165821,-1.0,0.9037688970565796,1.347886562347412,-1.0,0.9896249175071716,1032.036865234375,768.9898681640625,1032.036865234375,768.9898681640625,False,False,-0.159271601934784,-0.6895674985000267,0.11298504107134183,False,,False,caught
645,1787621376.5539086,39.31410489976406,0.061744200065732,16.195853196501275,True,521,0.04449800029397011,0.06964920088648796,14.357666524125209,False,False,False,,12.108328819274902,4.133408069610596,10.467187881469727,6.99772310256958,,,3.3011579513549805,False,0.184075759,0.568147435688,2,-1.0,1.0,1.4142135381698608,-0.1840757578611374,0.1840757578611374,0.2603224217891693,-0.0995204746723175,0.1840757578611374,0.20925632119178772,-0.07053149491548538,0.18163415789604187,0.19484777748584747,-0.07053149491548538,0.18163415789604187,0.19484777748584747,-0.07053184509277344,0.18163394927978516,0.1948477178812027,False,False,2.180599607527256,2.873700112104416,-0.9298862814903259,0.8402508497238159,1.253279685974121,-1.0,0.9037688970565796,1014.7078247070312,786.1963500976562,1014.7078247070312,786.1963500976562,False,False,-0.17336983788110533,-0.6915379894871417,0.11295229153967062,False,,False,caught
646,1787621376.6130412,39.37520630005747,0.061101400293409824,16.366237028905807,True,522,0.03500490076839924,0.07391729950904846,13.528632764480076,False,False,False,,12.037796974182129,4.315042018890381,10.282356262207031,7.161624908447266,,,3.344339370727539,False,0.184075759,0.568147435688,2,-1.0,1.0,1.4142135381698608,-0.1840757578611374,0.1840757578611374,0.2603224217891693,-0.1840757578611374,0.1840757578611374,0.2603224217891693,-0.13504153490066528,0.18302124738693237,0.22744888067245483,-0.13504153490066528,0.18302124738693237,0.22744888067245483,-0.1350412368774414,0.18302106857299805,0.22744855284690857,False,False,1.6715005040168762,1.917799934744835,-0.8608109354972839,0.797282874584198,1.173309564590454,-0.9298862814903259,0.8402508497238159,1000.025146484375,800.6714477539062,1000.025146484375,800.6714477539062,False,False,-0.18525437813499376,-0.6927266477730757,0.1129999001691316,False,,False,caught
647,1787621376.6754205,39.43666999973357,0.06146369967609644,16.26976581738221,True,523,0.023622900247573853,0.07059060037136078,14.166192024706291,False,False,False,,11.902755737304688,4.498063087463379,10.084270477294922,7.342117786407471,,,3.375727415084839,False,0.184075759,0.568147435688,2,-1.0,1.0,1.4142135381698608,-0.1840757578611374,0.1840757578611374,0.2603224217891693,-0.1840757578611374,0.1840757578611374,0.2603224217891693,-0.16290007531642914,0.18362028896808624,0.24546454846858978,-0.16290007531642914,0.18362028896808624,0.24546454846858978,-0.16289997100830078,0.18362045288085938,0.24546460807323456,False,False,1.861000433564186,1.9370000809431076,-0.8581486344337463,0.7392477989196777,1.1326545476913452,-0.8608109354972839,0.797282874584198,979.9046630859375,815.9378662109375,979.9046630859375,815.9378662109375,False,False,-0.19807508793987386,-0.6941892947634061,0.11303403503920807,False,,False,caught
648,1787621376.7349112,39.498119099996984,0.06144910026341677,16.2736312771587,True,524,0.019362300634384155,0.07284399960190058,13.727966688609845,False,False,False,,11.739855766296387,4.681683540344238,9.906742095947266,7.503307819366455,,,3.3647985458374023,False,0.184075759,0.568147435688,2,-1.0,0.4813835620880127,1.1098333597183228,-0.1840757578611374,0.08861104398965836,0.2042934149503708,-0.1840757578611374,0.1840757578611374,0.2603224217891693,-0.17493093013763428,0.18387913703918457,0.25379592180252075,-0.17493093013763428,0.18387913703918457,0.25379592180252075,-0.17493057250976562,0.18387889862060547,0.2537955045700073,False,False,1.462000422179699,2.6194993406534195,-0.8702898025512695,0.6825486421585083,1.1060185432434082,-0.8581486344337463,0.7392477989196777,960.9797973632812,829.2653198242188,960.9797973632812,829.2653198242188,False,False,-0.2094961401347593,-0.695471212534178,0.11300568474327657,False,,False,caught
649,1787621376.7973897,39.55958159919828,0.06146249920129776,16.2700835956063,False,,,,,False,False,False,,11.564925193786621,4.865562438964844,9.741185188293457,7.6376729011535645,,,3.3182260990142822,False,0.184075759,0.568147435688,2,-1.0,0.2005176544189453,1.0199055671691895,-0.1840757578611374,0.036910440772771835,0.18773987889289856,-0.1840757578611374,0.1840757578611374,0.2603224217891693,-0.1801263839006424,0.1839907467365265,0.25748419761657715,-0.1801263839006424,0.1839907467365265,0.25748419761657715,-0.18012619018554688,0.1839909553527832,0.25748419761657715,False,False,1.402299851179123,3.090200014412403,-0.9155527949333191,0.6109632849693298,1.1006875038146973,-0.8702898025512695,0.6825486421585083,941.245849609375,838.8453979492188,941.245849609375,838.8453979492188,False,False,-0.21963854722670959,-0.6960230627137816,0.11293378012787712,False,,False,caught
650,1787621376.861114,39.621257700026035,0.061676100827753544,16.213735735220332,True,525,0.06035790033638477,0.06570990011096,15.218406941897118,False,False,False,,11.384799003601074,5.049553394317627,9.548725128173828,7.78120756149292,,,3.291367769241333,False,0.184075759,0.568147435688,2,-1.0,1.0,1.4142135381698608,-0.1840757578611374,0.1840757578611374,0.2603224217891693,-0.1840757578611374,0.08861104398965836,0.2042934149503708,-0.182370126247406,0.12980110943317413,0.22384634613990784,-0.182370126247406,0.12980110943317413,0.22384634613990784,-0.18237018585205078,0.12980127334594727,0.22384649515151978,False,False,2.384800463914871,3.1957998871803284,-0.9476909041404724,0.5376486778259277,1.0895798206329346,-0.9155527949333191,0.6109632849693298,919.5632934570312,849.2779541015625,919.5632934570312,849.2779541015625,False,False,-0.2310150598661552,-0.6961560053594652,0.1129072448192504,False,,False,caught
651,1787621376.9099784,39.67122989986092,0.04997219983488321,20.011126252279723,True,526,0.03400250058621168,0.08248259965330362,12.123769185298073,False,False,False,,11.202428817749023,5.179354667663574,9.400426864624023,7.873838901519775,,,3.241520643234253,False,0.184075759,0.568147435688,2,-1.0,1.0,1.4142135381698608,-0.1840757578611374,0.1840757578611374,0.2603224217891693,-0.1840757578611374,0.036910440772771835,0.18773987889289856,-0.1833392083644867,0.07702558487653732,0.19886228442192078,-0.1833392083644867,0.07702558487653732,0.19886228442192078,-0.18333911895751953,0.0770254135131836,0.19886213541030884,False,False,1.464899629354477,2.2704992443323135,-0.9550758600234985,0.48719826340675354,1.072162389755249,-0.9476909041404724,0.5376486778259277,903.923828125,855.8132934570312,903.923828125,855.8132934570312,False,False,-0.23923131118662075,-0.6955412662680096,0.1129343956561843,False,,False,caught
652,1787621376.9668672,39.72813699953258,0.056907099671661854,17.572499842194066,True,527,0.021059700287878513,0.07599220052361488,13.159245200291917,False,False,False,,11.019089698791504,5.256380081176758,9.223139762878418,7.971736431121826,,,3.2555484771728516,False,0.184075759,0.568147435688,2,-1.0,1.0,1.4142135381698608,-0.1840757578611374,0.1840757578611374,0.2603224217891693,-0.1840757578611374,0.1840757578611374,0.2603224217891693,-0.18375763297080994,0.13784578442573547,0.229713574051857,-0.18375763297080994,0.13784578442573547,0.229713574051857,-0.18375778198242188,0.1378459930419922,0.2297138124704361,False,False,1.5907995402812958,2.4444004520773888,-0.9517032504081726,0.4315274953842163,1.0449665784835815,-0.9550758600234985,0.48719826340675354,885.976806640625,862.5724487304688,885.976806640625,862.5724487304688,False,False,-0.2486543871741883,-0.6942969296572109,0.1129108423333296,False,,False,caught
653,1787621377.0263565,39.78965439926833,0.06151739973574877,16.25556353642307,True,528,0.010365599766373634,0.06984629947692156,14.317150765165698,False,False,False,,10.835331916809082,5.39422607421875,9.016505241394043,8.070666313171387,,,3.235964059829712,False,0.184075759,0.568147435688,2,-0.6463475227355957,1.0,1.1906994581222534,-0.11897691339254379,0.1840757578611374,0.21917890012264252,-0.1840757578611374,0.1840757578611374,0.2603224217891693,-0.18393844366073608,0.16411131620407104,0.24650736153125763,-0.18393844366073608,0.16411131620407104,0.24650736153125763,-0.18393802642822266,0.16411113739013672,0.24650691449642181,False,False,1.7165997996926308,1.9103996455669403,-0.9651628732681274,0.39519599080085754,1.0429377555847168,-0.9517032504081726,0.4315274953842163,863.990478515625,870.65576171875,863.990478515625,870.65576171875,False,False,-0.25916612707098735,-0.6922479125056091,0.11291970805377831,False,,False,caught
654,1787621377.0898185,39.851050899364054,0.06139650009572506,16.287573370483187,False,,,,,False,False,False,,10.65139389038086,5.558337211608887,8.810531616210938,8.157111167907715,,,3.184713363647461,False,0.184075759,0.568147435688,2,-1.0,1.0,1.4142135381698608,-0.1840757578611374,0.1840757578611374,0.2603224217891693,-0.1840757578611374,0.1840757578611374,0.2603224217891693,-0.18401628732681274,0.17545399069786072,0.2542559504508972,-0.18401628732681274,0.17545399069786072,0.2542559504508972,-0.18401622772216797,0.17545413970947266,0.254256010055542,False,False,1.5779994428157806,3.0872002243995667,-0.9661558270454407,0.3661351203918457,1.0332047939300537,-0.9651628732681274,0.39519599080085754,842.8377685546875,877.8878173828125,842.8377685546875,877.8878173828125,False,False,-0.2692623554394086,-0.6897286802364484,0.11295162249359185,False,,False,caught
655,1787621377.1551049,39.91216949932277,0.06111859995871782,16.3616313311405,True,529,0.05982949957251549,0.072218700312078,13.846829085523684,False,False,False,,10.467377662658691,5.733791351318359,8.629019737243652,8.226582527160645,,,3.09734845161438,False,0.184075759,0.568147435688,2,-1.0,1.0,1.4142135381698608,-0.1840757578611374,0.1840757578611374,0.2603224217891693,-0.11897691339254379,0.1840757578611374,0.21917890012264252,-0.14706431329250336,0.18035249412059784,0.23271211981773376,-0.14706431329250336,0.18035249412059784,0.23271211981773376,-0.147064208984375,0.18035268783569336,0.23271220922470093,False,False,2.426399849355221,3.434699960052967,-0.9763185381889343,0.3430914282798767,1.034847617149353,-0.9661558270454407,0.3661351203918457,823.6265869140625,883.7194213867188,823.6265869140625,883.7194213867188,False,False,-0.27794271231826356,-0.6872489560009122,0.112917788915812,False,,False,caught
656,1787621377.2142274,39.97338410001248,0.06121460068970919,16.335971953307382,True,530,0.03666690085083246,0.07344209961593151,13.616168454191005,False,False,False,,10.320313453674316,5.914144039154053,8.413434982299805,8.3026123046875,,,3.0562994480133057,False,0.184075759,0.568147435688,2,-1.0,1.0,1.4142135381698608,-0.1840757578611374,0.1840757578611374,0.2603224217891693,-0.1840757578611374,0.1840757578611374,0.2603224217891693,-0.16809222102165222,0.18246793746948242,0.24809180200099945,-0.16809222102165222,0.18246793746948242,0.24809180200099945,-0.1680917739868164,0.18246793746948242,0.24809150397777557,False,False,2.605600282549858,1.9393004477024078,-0.9450204372406006,0.29567623138427734,0.9901959896087646,-0.9763185381889343,0.3430914282798767,803.4736938476562,888.7058715820312,803.4736938476562,888.7058715820312,False,False,-0.2880392215738841,-0.6840552055123775,0.11296698904951723,False,,False,caught
657,1787621377.2715402,40.0348608000204,0.0614767000079155,16.26632528862551,True,531,0.02352670021355152,0.08398340083658695,11.90711485887286,False,False,False,,10.1522216796875,6.096611976623535,8.209453582763672,8.369359970092773,,,2.989938497543335,False,0.184075759,0.568147435688,2,-1.0,1.0,1.4142135381698608,-0.1840757578611374,0.1840757578611374,0.2603224217891693,-0.1840757578611374,0.1840757578611374,0.2603224217891693,-0.17717303335666656,0.18338140845298767,0.25498828291893005,-0.17717303335666656,0.18338140845298767,0.25498828291893005,-0.17717266082763672,0.1833815574645996,0.2549881339073181,False,False,1.4482000842690468,2.0333006978034973,-0.9146736860275269,0.25023725628852844,0.9482861757278442,-0.9450204372406006,0.29567623138427734,784.4505004882812,892.8438720703125,784.4505004882812,892.8438720703125,False,False,-0.29741774126743903,-0.6808366078212156,0.11298202188837639,False,,False,caught
658,1787621377.3351185,40.09637899976224,0.06151819974184036,16.255352142885776,True,532,0.013201200403273106,0.07461389992386103,13.402328534233428,False,False,False,,9.975049018859863,6.279993534088135,8.032140731811523,8.41998291015625,,,2.8904061317443848,False,0.184075759,0.568147435688,2,-1.0,1.0,1.4142135381698608,-0.1840757578611374,0.1840757578611374,0.2603224217891693,-0.1840757578611374,0.1840757578611374,0.2603224217891693,-0.18109464645385742,0.18377596139907837,0.2580094635486603,-0.18109464645385742,0.18377596139907837,0.2580094635486603,-0.18109416961669922,0.1837759017944336,0.25800907611846924,False,False,1.8938994035124779,2.0348001271486282,-0.880731999874115,0.21175119280815125,0.905829668045044,-0.9146736860275269,0.25023725628852844,768.3790283203125,895.7291259765625,768.3790283203125,895.7291259765625,False,False,-0.30534154441258654,-0.677753013389001,0.11294844118495569,False,,False,caught
659,1787621377.3975165,40.157780699431896,0.06140169966965914,16.28619411807809,True,533,0.008231599815189838,0.0718470998108387,13.918446292652472,False,False,False,,9.793954849243164,6.463769435882568,7.831899642944336,8.468688011169434,,,2.8052377700805664,False,0.184075759,0.568147435688,2,-1.0,1.0,1.4142135381698608,-0.1840757578611374,0.1840757578611374,0.2603224217891693,-0.1840757578611374,0.1840757578611374,0.2603224217891693,-0.1827881634235382,0.18394626677036285,0.2593217194080353,-0.1827881634235382,0.18394626677036285,0.2593217194080353,-0.18278789520263672,0.1839461326599121,0.2593214213848114,False,False,1.555800437927246,2.621299587190151,-0.8792826533317566,0.17759960889816284,0.8970393538475037,-0.880731999874115,0.21175119280815125,747.9634399414062,898.6859130859375,747.9634399414062,898.6859130859375,False,False,-0.31403182946347924,-0.6739440948604349,0.11299737296104759,False,,False,caught
660,1787621377.4580016,40.219671899452806,0.06189120002090931,16.157385858767647,True,534,5.3999945521354675e-05,0.066372100263834,15.066571586930745,False,False,False,,9.611166954040527,6.6477155685424805,7.649898052215576,8.507423400878906,,,2.7027928829193115,False,0.184075759,0.568147435688,2,-1.0,-0.13385748863220215,1.0089191198349,-0.1840757578611374,-0.02463991940021515,0.18571755290031433,-0.1840757578611374,0.1840757578611374,0.2603224217891693,-0.18351960182189941,0.1840197741985321,0.2598898112773895,-0.18351960182189941,0.1840197741985321,0.2598898112773895,-0.1835193634033203,0.1840195655822754,0.25988951325416565,False,False,2.0628003403544426,1.7378991469740868,-0.8666484951972961,0.14957913756370544,0.8794620633125305,-0.8792826533317566,0.17759960889816284,730.1026611328125,900.9835205078125,730.1026611328125,900.9835205078125,False,False,-0.3217580615312675,-0.6702712164713098,0.11301502468694732,False,,False,caught
661,1787621377.5193284,40.28050149977207,0.06082960031926632,16.43936495968187,False,,,,,False,False,False,,9.427647590637207,6.831735134124756,7.482469081878662,8.538865089416504,,,2.5880517959594727,False,0.184075759,0.568147435688,2,-1.0,0.6938183903694153,1.2171211242675781,-0.1840757578611374,0.12771514058113098,0.22404250502586365,-0.1840757578611374,0.1840757578611374,0.2603224217891693,-0.1838354766368866,0.1840514838695526,0.2601354122161865,-0.1838354766368866,0.1840514838695526,0.2601354122161865,-0.18383502960205078,0.184051513671875,0.26013511419296265,False,False,2.070200629532337,2.567000687122345,-0.8427775502204895,0.10550794005393982,0.8493561744689941,-0.8666484951972961,0.14957913756370544,714.424560546875,901.5074462890625,714.424560546875,901.5074462890625,False,False,-0.3287347921732158,-0.6667334386594388,0.11292638661524748,False,,False,caught
662,1787621377.585383,40.342456500045955,0.06195500027388334,16.14074724524765,True,535,0.04107290040701628,0.07045639958232641,14.193174870247619,False,False,False,,9.243812561035156,7.015786647796631,7.292949199676514,8.565902709960938,,,2.491731882095337,False,0.184075759,0.568147435688,2,-1.0,1.0,1.4142135381698608,-0.1840757578611374,0.1840757578611374,0.2603224217891693,-0.1840757578611374,-0.02463991940021515,0.18571755290031433,-0.18397179245948792,0.06548401713371277,0.19527871906757355,-0.18397179245948792,0.06548401713371277,0.19527871906757355,-0.18397140502929688,0.06548404693603516,0.1952783614397049,False,False,2.513900399208069,3.008299507200718,-0.8261237144470215,0.0609811432659626,0.8283713459968567,-0.8427775502204895,0.10550794005393982,696.0409545898438,901.5411376953125,696.0409545898438,901.5411376953125,False,False,-0.33637987575669315,-0.6623984719959761,0.11291133560693319,False,,False,caught
663,1787621377.6393728,40.40313719958067,0.06068069953471422,16.47970454638414,True,536,0.03645250014960766,0.08174919988960028,12.232535625430812,False,False,False,,9.05984115600586,7.081270694732666,7.120734691619873,8.584076881408691,,,2.453275442123413,False,0.184075759,0.568147435688,2,-1.0,0.6929471492767334,1.2166247367858887,-0.1840757578611374,0.1275547742843628,0.22395111620426178,-0.1840757578611374,0.12771514058113098,0.22404250502586365,-0.1840306967496872,0.1008404791355133,0.20984779298305511,-0.1840306967496872,0.1008404791355133,0.20984779298305511,-0.18403053283691406,0.10084056854248047,0.20984770357608795,False,False,1.4904001727700233,1.8178001046180725,-0.7824782729148865,0.021591324359178543,0.7827761173248291,-0.8261237144470215,0.0609811432659626,681.0877685546875,900.9689331054688,681.0877685546875,900.9689331054688,False,False,-0.3431375194388418,-0.6582137796034859,0.11289013991650715,False,,False,caught
664,1787621377.7009234,40.46527999918908,0.062142799608409405,16.09196892160417,True,537,0.014382299967110157,0.06493019964545965,15.401153938542166,False,False,False,,8.875810623168945,7.1821112632751465,6.966220855712891,8.592061042785645,,,2.373708486557007,False,0.184075759,0.568147435688,2,-0.6052453517913818,1.0,1.1688977479934692,-0.11141099780797958,0.1840757578611374,0.21516573429107666,-0.1840757578611374,0.1840757578611374,0.2603224217891693,-0.18405622243881226,0.14813043177127838,0.23626111447811127,-0.18405622243881226,0.14813043177127838,0.23626111447811127,-0.18405628204345703,0.1481304168701172,0.23626115918159485,False,False,1.4312006533145905,1.8748994916677475,-0.7488207221031189,-0.015161063522100449,0.7489742040634155,-0.7824782729148865,0.021591324359178543,667.3334350585938,899.49462890625,667.3334350585938,899.49462890625,False,False,-0.34896227830751164,-0.6541358126386497,0.11298297329134038,False,,False,caught
665,1787621377.7648358,40.527121199294925,0.06184120010584593,16.17044944613662,True,538,0.006100500002503395,0.08421460073441267,11.874425471109184,False,False,False,,8.691754341125488,7.330241680145264,6.7960309982299805,8.591391563415527,,,2.2768983840942383,False,0.184075759,0.568147435688,2,-1.0,1.0,1.4142135381698608,-0.1840757578611374,0.1840757578611374,0.2603224217891693,-0.1840757578611374,0.1275547742843628,0.22395111620426178,-0.18406733870506287,0.1364404261112213,0.22912174463272095,-0.18406733870506287,0.1364404261112213,0.22912174463272095,-0.1840677261352539,0.13644027709960938,0.22912196815013885,False,False,1.8519004806876183,3.237500786781311,-0.7271187901496887,-0.05225306376814842,0.7289938926696777,-0.7488207221031189,-0.015161063522100449,651.2393798828125,897.0921630859375,651.2393798828125,897.0921630859375,False,False,-0.35510948278274945,-0.6492759858957486,0.11302572439386613,False,,False,caught
666,1787621377.826258,40.58854399994016,0.0614228006452322,16.280599215523115,False,,,,,False,False,False,,8.507686614990234,7.466681957244873,6.646031856536865,8.584277153015137,,,2.171353816986084,False,0.184075759,0.568147435688,2,-1.0,1.0,1.4142135381698608,-0.1840757578611374,0.1840757578611374,0.2603224217891693,-0.11141099780797958,0.1840757578611374,0.21516573429107666,-0.14278799295425415,0.16350425779819489,0.2170761525630951,-0.14278799295425415,0.16350425779819489,0.2170761525630951,-0.14278793334960938,0.16350412368774414,0.21707600355148315,False,False,2.489599399268627,1.7518997192382812,-0.709629237651825,-0.09362411499023438,0.715778648853302,-0.7271187901496887,-0.05225306376814842,636.9540405273438,893.7452392578125,636.9540405273438,893.7452392578125,False,False,-0.36034212188720793,-0.6447396646867246,0.11301372683948242,False,,False,caught
667,1787621377.8905306,40.64972379989922,0.06117979995906353,16.34526429751515,True,539,0.058444300666451454,0.07011319976300001,14.262649592091757,False,False,False,,8.364898681640625,7.630186080932617,6.4886040687561035,8.568717002868652,,,2.097932815551758,False,0.184075759,0.568147435688,2,-1.0,0.3621150851249695,1.063544750213623,-0.1840757578611374,0.06665661185979843,0.19577279686927795,-0.1840757578611374,0.1840757578611374,0.2603224217891693,-0.1662455052137375,0.17519184947013855,0.24151553213596344,-0.1662455052137375,0.17519184947013855,0.24151553213596344,-0.1662454605102539,0.17519187927246094,0.24151551723480225,False,False,2.2001005709171295,2.9322002083063126,-0.6807225942611694,-0.12484325468540192,0.6920759081840515,-0.709629237651825,-0.09362411499023438,622.6094970703125,890.1513671875,622.6094970703125,890.1513671875,False,False,-0.365607066312419,-0.6396633053073506,0.11297373350390309,False,,False,caught
668,1787621377.9397533,40.70086669921875,0.05114289931952953,19.553056500614503,True,540,0.035881999880075455,0.07056610006839037,14.171110476997205,False,False,False,,8.198653221130371,7.805377960205078,6.369021415710449,8.549827575683594,,,1.9752867221832275,False,0.184075759,0.568147435688,2,-1.0,1.0,1.4142135381698608,-0.1840757578611374,0.1840757578611374,0.2603224217891693,-0.1840757578611374,0.1840757578611374,0.2603224217891693,-0.17637570202350616,0.1802392303943634,0.25217965245246887,-0.17637570202350616,0.1802392303943634,0.25217965245246887,-0.1763753890991211,0.18023920059204102,0.2521793842315674,False,False,1.6725994646549225,2.032199874520302,-0.6722674369812012,-0.15863485634326935,0.6907304525375366,-0.6807225942611694,-0.12484325468540192,610.8837280273438,886.0469970703125,610.8837280273438,886.0469970703125,False,False,-0.36941034586148747,-0.6355302767217644,0.11291192745452144,False,,False,caught
669,1787621377.9949405,40.75724449940026,0.056377800181508064,17.73747817013975,True,541,0.01858740020543337,0.07339890021830797,13.62418233823303,False,False,False,,8.02227783203125,7.985617160797119,6.239693641662598,8.525849342346191,,,1.8626478910446167,False,0.184075759,0.568147435688,2,-1.0,-0.9149795174598694,1.35542893409729,-0.1840757578611374,-0.1684255450963974,0.24950160086154938,-0.1840757578611374,0.06665661185979843,0.19577279686927795,-0.18075034022331238,0.11570754647254944,0.2146134227514267,-0.18075034022331238,0.11570754647254944,0.2146134227514267,-0.18075037002563477,0.1157078742980957,0.2146136313676834,False,False,1.6561001539230347,2.2387001663446426,-0.682288408279419,-0.22477005422115326,0.71835857629776,-0.6722674369812012,-0.15863485634326935,597.0247802734375,879.37548828125,597.0247802734375,879.37548828125,False,False,-0.37342430441688784,-0.6309226459520709,0.11296939025646927,False,,False,caught
670,1787621378.0577977,40.81905619986355,0.06181170046329498,16.178166795359722,True,542,0.008204500190913677,0.07367909979075193,13.572369950772908,False,False,False,,7.841527462005615,8.101325035095215,6.095541000366211,8.48757553100586,,,1.788199782371521,False,0.184075759,0.568147435688,2,-1.0,-0.20677554607391357,1.0211542844772339,-0.1840757578611374,-0.03806236386299133,0.18796975910663605,-0.1840757578611374,0.1840757578611374,0.2603224217891693,-0.1826396882534027,0.15455090999603271,0.23925559222698212,-0.1826396882534027,0.15455090999603271,0.23925559222698212,-0.18263959884643555,0.15455055236816406,0.23925529420375824,False,False,2.125200815498829,2.540900371968746,-0.6789741516113281,-0.34215205907821655,0.7603117227554321,-0.682288408279419,-0.22477005422115326,582.4672241210938,867.9833984375,582.4672241210938,867.9833984375,False,False,-0.3775820793988549,-0.625331654405398,0.11289679999221947,False,,False,caught
671,1787621378.1181536,40.880414799787104,0.06135859992355108,16.297633929814832,True,543,0.00405960064381361,0.07218789961189032,13.85273716753613,False,False,False,,7.65888786315918,8.255875587463379,5.963710308074951,8.43858814239502,,,1.70499587059021,False,0.184075759,0.568147435688,2,-1.0,-1.0,1.4142135381698608,-0.1840757578611374,-0.1840757578611374,0.2603224217891693,-0.1840757578611374,-0.1684255450963974,0.24950160086154938,-0.18345555663108826,-0.028947487473487854,0.18572533130645752,-0.18345555663108826,-0.028947487473487854,0.18572533130645752,-0.1834554672241211,-0.028947830200195312,0.18572530150413513,False,False,2.0968997851014137,2.2816993296146393,-0.6912310719490051,-0.5233364105224609,0.866995632648468,-0.6789741516113281,-0.34215205907821655,568.2147216796875,851.4566650390625,568.2147216796875,851.4566650390625,False,False,-0.3810037313666636,-0.6196649286406967,0.11298111623293344,False,,False,caught
672,1787621378.1797807,40.94204789958894,0.0616330998018384,16.22504795662041,False,,,,,False,False,False,,7.475432395935059,8.226927757263184,5.814453601837158,8.350542068481445,,,1.6655722856521606,False,0.184075759,0.568147435688,2,-1.0,1.0,1.4142135381698608,-0.1840757578611374,0.1840757578611374,0.2603224217891693,-0.1840757578611374,-0.03806236386299133,0.18796975910663605,-0.1838078796863556,-0.03412622958421707,0.1869490146636963,-0.1838078796863556,-0.03412622958421707,0.1869490146636963,-0.1838078498840332,-0.03412628173828125,0.1869489997625351,False,False,2.1806005388498306,3.857099451124668,-0.6635012626647949,-0.7120083570480347,0.9732367396354675,-0.6912310719490051,-0.5233364105224609,554.634521484375,830.36572265625,554.634521484375,830.36572265625,False,False,-0.3839949794835197,-0.6119526863994112,0.11290980573273182,False,,False,caught
673,1787621378.2415175,41.00338319968432,0.06133530009537935,16.303825015039493,True,544,0.05776729993522167,0.06551150046288967,15.264495438727899,False,False,False,,7.291624546051025,8.192801475524902,5.667874336242676,8.224112510681152,,,1.6240520477294922,False,0.184075759,0.568147435688,2,-1.0,0.4640367925167084,1.1024200916290283,-0.1840757578611374,0.08541792631149292,0.202928826212883,-0.1840757578611374,-0.1840757578611374,0.2603224217891693,-0.18396006524562836,-0.11931969225406647,0.2192680835723877,-0.18396006524562836,-0.11931969225406647,0.2192680835723877,-0.1839599609375,-0.11931991577148438,0.21926812827587128,False,False,2.2852998226881027,2.5214003399014473,-0.6538667678833008,-0.9959325790405273,1.19139564037323,-0.6635012626647949,-0.7120083570480347,540.2167358398438,799.2627563476562,540.2167358398438,799.2627563476562,False,False,-0.3858522199751014,-0.6027808598755764,0.11290504434098453,False,,False,caught
674,1787621378.3057172,41.06494759954512,0.06156439986079931,16.243153547521914,True,545,0.052043600007891655,0.06964849960058928,14.357811090470918,False,False,False,,7.107664585113525,8.073481559753418,5.524902820587158,8.049525260925293,,,1.582943081855774,False,0.184075759,0.568147435688,2,-1.0,0.23082327842712402,1.0262939929962158,-0.1840757578611374,0.04248896986246109,0.18891584873199463,-0.1840757578611374,0.1840757578611374,0.2603224217891693,-0.18402574956417084,0.05305355414748192,0.19152064621448517,-0.18402574956417084,0.05305355787277222,0.19152064621448517,-0.18402576446533203,0.053053855895996094,0.19152073562145233,False,False,2.3173997178673744,2.7369000017642975,-0.6375791430473328,-1.0,1.1859625577926636,-0.6538667678833008,-0.9959325790405273,526.5772094726562,780.7102661132812,526.5772094726562,780.7102661132812,False,False,-0.3862775862252182,-0.5917727202715984,0.11289773016274338,False,,False,caught
675,1787621378.3650002,41.12637719977647,0.06142960023134947,16.27879713092563,True,546,0.0347376000136137,0.06689620018005371,14.948532163388373,False,False,False,,6.923638820648193,8.126535415649414,5.399786949157715,7.845966339111328,,,1.549465537071228,False,0.184075759,0.568147435688,2,-0.7642022371292114,-0.850365161895752,1.1432961225509644,-0.14067110419273376,-0.15653161704540253,0.2104530930519104,-0.1840757578611374,0.08541792631149292,0.202928826212883,-0.1840541660785675,0.0714414194226265,0.19743305444717407,-0.1840541660785675,0.0714414194226265,0.19743305444717407,-0.18405437469482422,0.071441650390625,0.19743333756923676,False,False,1.5422003343701363,2.581399865448475,-0.5845030546188354,-1.0,1.1582934856414795,-0.6375791430473328,-1.0,517.0263061523438,759.3773193359375,517.0263061523438,759.3773193359375,False,False,-0.38527383275880395,-0.580081684533655,0.11278409406388368,False,,False,caught
676,1787621378.425439,41.187656099908054,0.061278900131583214,16.318830753370506,True,547,0.02252900041639805,0.07873420044779778,12.7009608824696,False,False,False,,6.739584445953369,8.197977066040039,5.259279251098633,7.627292633056641,,,1.586500644683838,False,0.184075759,0.568147435688,2,-1.0,-0.9807446002960205,1.4006640911102295,-0.1840757578611374,-0.180531308054924,0.2578282952308655,-0.1840757578611374,0.04248896986246109,0.18891584873199463,-0.1840665340423584,0.05499225854873657,0.19210579991340637,-0.1840665340423584,0.05499225854873657,0.19210579991340637,-0.1840662956237793,0.05499267578125,0.19210569560527802,False,False,1.601099967956543,1.7562005668878555,-0.48553067445755005,-1.0,1.1116384267807007,-0.5845030546188354,-1.0,508.7192077636719,736.4602661132812,508.7192077636719,736.4602661132812,False,False,-0.38441345454236187,-0.5673197460738078,0.112866952585843,False,,False,caught
677,1787621378.4858327,41.24915689975023,0.06150079984217882,16.259951131792832,True,548,0.011030499823391438,0.07349009998142719,13.60727499694143,False,False,False,,6.55551815032959,8.252969741821289,5.140993118286133,7.414856433868408,,,1.6441760063171387,False,0.184075759,0.568147435688,2,-1.0,-1.0,1.4142135381698608,-0.1840757578611374,-0.1840757578611374,0.2603224217891693,-0.14067110419273376,-0.15653161704540253,0.2104530930519104,-0.15941143035888672,-0.06518431007862091,0.17222368717193604,-0.15941143035888672,-0.06518431007862091,0.17222368717193604,-0.15941143035888672,-0.0651845932006836,0.1722237914800644,False,False,1.4824001118540764,1.99079979211092,-0.3874652683734894,-1.0,1.0724408626556396,-0.48553067445755005,-1.0,502.6318359375,714.1969604492188,502.6318359375,714.1969604492188,False,False,-0.3829162283633242,-0.5554020209386812,0.11291908282165089,False,,False,caught
678,1787621378.5487814,41.31007869914174,0.0609217993915081,16.414485619073655,True,549,0.0019179992377758026,0.07299629971385002,13.699324540011773,False,False,False,,6.396106719970703,8.187785148620605,5.0519514083862305,7.220938682556152,,,1.6557613611221313,False,0.184075759,0.568147435688,2,-1.0,-1.0,1.4142135381698608,-0.1840757578611374,-0.1840757578611374,0.2603224217891693,-0.1840757578611374,-0.180531308054924,0.2578282952308655,-0.17342440783977509,-0.13071852922439575,0.21717126667499542,-0.17342440783977509,-0.13071852922439575,0.21717126667499542,-0.17342424392700195,-0.13071823120117188,0.21717095375061035,False,False,1.8621999770402908,2.0242994651198387,-0.3285385072231293,-1.0,1.0525860786437988,-0.3874652683734894,-1.0,497.1344299316406,693.8743896484375,497.1344299316406,693.8743896484375,False,False,-0.38085976923465165,-0.5450272764316328,0.11288913460535194,False,,False,caught
679,1787621378.609386,41.37163529917598,0.06155660003423691,16.24521171480904,False,,,,,False,False,False,,6.222682476043701,8.057066917419434,4.969627380371094,7.00093412399292,,,1.6387689113616943,False,0.184075759,0.568147435688,2,-1.0,-0.5276562571525574,1.1306729316711426,-0.1840757578611374,-0.097128726541996,0.20812946557998657,-0.1840757578611374,-0.1840757578611374,0.2603224217891693,-0.17947587370872498,-0.16103316843509674,0.24112915992736816,-0.17947587370872498,-0.16103316843509674,0.24112915992736816,-0.1794757843017578,-0.16103315353393555,0.2411290854215622,False,False,1.9632000476121902,2.298099920153618,-0.31782621145248413,-1.0,1.049291968345642,-0.3285385072231293,-1.0,489.36260986328125,670.8179321289062,489.36260986328125,670.8179321289062,False,False,-0.37784122560388816,-0.5337492625719324,0.11288659574776533,False,,False,caught
680,1787621378.6739912,41.433127999305725,0.06149270012974739,16.262092864519463,True,550,0.05408270005136728,0.07003299985080957,14.278982795686142,False,False,False,,6.043206691741943,7.896033763885498,4.902464866638184,6.785552024841309,,,1.5919991731643677,False,0.184075759,0.568147435688,2,-1.0,-0.7025247812271118,1.2221051454544067,-0.1840757578611374,-0.1293177753686905,0.22495993971824646,-0.1840757578611374,-0.1840757578611374,0.2603224217891693,-0.18208923935890198,-0.17412474751472473,0.25194427371025085,-0.18208923935890198,-0.17412474751472473,0.25194427371025085,-0.18208932876586914,-0.17412471771240234,0.25194433331489563,False,False,2.0138993859291077,2.386900596320629,-0.31430017948150635,-1.0,1.0482292175292969,-0.31782621145248413,-1.0,482.7018127441406,648.245849609375,482.7018127441406,648.245849609375,False,False,-0.3743883970802427,-0.5230517013075305,0.11287259011574566,False,,False,caught
681,1787621378.7371428,41.49461909942329,0.0614911001175642,16.262516007814305,True,551,0.04752060025930405,0.0711907995864749,14.046758932455983,False,False,False,,5.861117362976074,7.721909046173096,4.840710163116455,6.590855121612549,,,1.5233232975006104,False,0.184075759,0.568147435688,2,-1.0,1.0,1.4142135381698608,-0.1840757578611374,0.1840757578611374,0.2603224217891693,-0.1840757578611374,-0.097128726541996,0.20812946557998657,-0.18321791291236877,-0.13037964701652527,0.22487252950668335,-0.18321791291236877,-0.13037964701652527,0.22487252950668335,-0.18321800231933594,-0.13037967681884766,0.2248726189136505,False,False,2.679300494492054,3.4567005932331085,-0.27477794885635376,-1.0,1.037064552307129,-0.31430017948150635,-1.0,478.80633544921875,627.8416748046875,478.80633544921875,627.8416748046875,False,False,-0.37129586231053424,-0.5133234690864654,0.11286960186739665,False,,False,caught
682,1787621378.8301024,41.5453217998147,0.05070270039141178,19.72281539800164,True,552,0.033477299846708775,0.06775190029293299,14.759733611550187,False,False,False,,5.677899360656738,7.591529369354248,4.7780303955078125,6.400388240814209,,,1.4928433895111084,False,,,,,,,,,,,,,,,,,,,,,,,,,,,,,,,,,,,,,-0.36834488865252824,-0.503716538031638,0.11290889578877815,False,,True,caught
