step,t_wall_s,t_task_s,control_dt_s,control_loop_hz_inst,policy_dt_s,policy_loop_hz_inst,policy_deadline_overrun_s,policy_deadline_overrun,policy_schedule_resynced,policy_step_start_perf,servo_publish_perf,servo_publish_latency_ms,servo_endpoint_deadline_perf,servo_endpoint_lateness_s,servo_dt_s,servo_loop_hz_inst,servo_target_age_s,servo_interpolation_phase,servo_command_sequence,servo_policy_step,servo_commanded_world_x,servo_commanded_world_y,servo_commanded_world_z,servo_target_world_x,servo_target_world_y,servo_target_world_z,servo_segment_start_world_x,servo_segment_start_world_y,servo_segment_start_world_z,servo_segment_end_world_x,servo_segment_end_world_y,servo_segment_end_world_z,servo_segment_start_perf,servo_segment_end_perf,servo_segment_elapsed_s,servo_segment_duration_s,servo_pending_segment_count,servo_command_step_limited,servo_command_step_limited_count,servo_publish_rejected_count,servo_tracking_error_cm,servo_target_error_cm,servo_deadline_overrun_s,servo_deadline_overrun_count,servo_watchdog_stopped,servo_stop_reason,vision_frame_available,vision_frame_id,vision_age_s,camera_dt_s,camera_hz_inst,hand_detected,microrobot_detected,dead_reckoning_used,dead_reckoning_age_s,hand_x_cm,hand_y_cm,robot_x_cm,robot_y_cm,microrobot_x_cm,microrobot_y_cm,distance_cm,in_zpd,virtual_hand_stride_cm,virtual_hand_smoothing_alpha,virtual_hand_delay_frames,virtual_hand_action_x,virtual_hand_action_y,virtual_hand_action_norm,virtual_hand_command_dx_cm,virtual_hand_command_dy_cm,virtual_hand_command_norm_cm,virtual_hand_delayed_dx_cm,virtual_hand_delayed_dy_cm,virtual_hand_delayed_norm_cm,virtual_hand_smoothed_dx_cm,virtual_hand_smoothed_dy_cm,virtual_hand_smoothed_norm_cm,virtual_hand_exec_dx_cm,virtual_hand_exec_dy_cm,virtual_hand_exec_norm_cm,virtual_hand_actual_dx_cm,virtual_hand_actual_dy_cm,virtual_hand_actual_norm_cm,virtual_hand_accel_clipped,virtual_hand_workspace_clipped,virtual_hand_policy_inference_ms,mpc_prediction_mode,mpc_tracking_alpha,mpc_command_actual_lag_cm,mpc_predicted_first_command_x_cm,mpc_predicted_first_command_y_cm,mpc_predicted_first_actual_x_cm,mpc_predicted_first_actual_y_cm,mpc_predicted_min_hand_distance_cm,mpc_hand_velocity_x_cm_step,mpc_hand_velocity_y_cm_step,policy_inference_ms,action_x,action_y,action_norm,last_action_x,last_action_y,virtual_target_x_px,virtual_target_y_px,desired_target_x_px,desired_target_y_px,planned_anchor_x_cm,planned_anchor_y_cm,planned_target_x_cm,planned_target_y_cm,planned_delta_dx_cm,planned_delta_dy_cm,planned_delta_norm_cm,actual_robot_move_dx_cm,actual_robot_move_dy_cm,actual_robot_move_norm_cm,actual_to_planned_step_projection,planned_endpoint_actual_lag_cm,planned_endpoint_actual_lag_excess_cm,servo_follower_lag_allowance_cm,servo_lag_warning_cm,servo_lag_hard_limit_cm,servo_publish_accepted,servo_publish_reject_reason,target_clipped,target_step_limited,robot_world_x,robot_world_y,robot_world_z,safety_stop,safety_reason,task_finished,done_reason
0,1787741329.8638492,2.998858690261841e-07,,,,,2.998858690261841e-07,False,False,7282534.6786385,7282534.6837556,5.117099732160568,7282534.7286385,0.0,,,0.000399099662899971,1.0,0,-1,-0.4344460544431892,-0.5647918697425898,0.113,-0.4344460544431892,-0.5647918697425898,0.113,-0.4344460544431892,-0.5647918697425898,0.113,-0.4344460544431892,-0.5647918697425898,0.113,7282534.6776975,7282534.6776975,0.000399099662899971,0.0,1,False,0,0,0.0029824436996551216,0.0029824436996551216,0.0,0,False,,False,,,,,False,False,False,,3.1281657218933105,3.931583881378174,7.499055862426758,5.000605583190918,,,4.499721050262451,True,0.20763287,0.896048271913,1,0.890744686126709,-0.12599945068359375,0.8996121287345886,0.1849478781223297,-0.02616162784397602,0.18678903579711914,0.0,0.0,0.0,0.0,0.0,0.0,0.0,0.0,0.0,0.0,0.0,0.0,False,False,2.225499600172043,,,,,,,,,,,2.505699172616005,0.32757842540740967,-0.4191979467868805,0.5320098996162415,0.0,0.0,784.7113037109375,502.070068359375,784.7113037109375,502.070068359375,7.4994072914123535,5.0003437995910645,7.663196563720703,4.790744781494141,0.1637892723083496,-0.20959901809692383,0.2660050094127655,0.0,0.0,0.0,,0.0004382156766951084,0.0,2.0,1.5,3.0,True,,False,False,-0.4344664332400067,-0.5647926854051313,0.1129782391090015,False,,False,timeout
1,1787741329.9135773,0.05149029940366745,0.051489999517798424,19.421247025926508,0.051489999517798424,19.421247025926508,0.0014902995899319649,True,False,7282534.7286385,7282534.7338317,5.193199962377548,7282534.7786385,0.0,0.008005300536751747,124.9172339513143,0.05302200000733137,1.0,1,0,-0.422602814754271,-0.5606100095800084,0.113,-0.422602814754271,-0.5606100095800084,0.113,-0.4344460544431892,-0.5647918697425898,0.113,-0.422602814754271,-0.5606100095800084,0.113,7282534.6786385,7282534.7286385,0.05302200000733137,0.049999999813735485,1,False,2,0,1.1866632725809658,1.1866632725809658,5.300536751746965e-06,1,False,,True,2,0.00046929996460676193,0.02808510046452284,35.60606810943056,False,False,False,,3.1281657218933105,3.931583881378174,7.507508754730225,4.988304615020752,,,4.505031108856201,True,0.20763287,0.896048271913,1,1.0,0.17866498231887817,1.015835165977478,0.2076328694820404,0.03709672391414642,0.2109207808971405,0.1849478781223297,-0.02616162784397602,0.18678903579711914,0.16572222113609314,-0.02344208024442196,0.16737200319766998,0.16572222113609314,-0.02344208024442196,0.16737200319766998,0.16572213172912598,-0.02344202995300293,0.16737189888954163,False,False,1.1245999485254288,,,,,,,,,,,1.620899885892868,-0.2550470232963562,-1.0,1.0320121049880981,0.32757842540740967,-0.4191979467868805,771.6529541015625,449.6700744628906,771.6529541015625,449.6700744628906,7.663196563720703,4.790744781494141,7.535673141479492,4.290744781494141,-0.12752342224121094,-0.5,0.5160060524940491,0.008452892303466797,-0.012300968170166016,0.014925320632755756,0.056003935635089874,0.2515324652194977,0.0,2.0,1.5,3.0,True,,False,False,-0.4338031711296079,-0.5645290361881586,0.11310109282524514,False,,False,timeout
2,1787741329.9621506,0.10000219941139221,0.04851190000772476,20.6134989526439,0.04851190000772476,20.6134989526439,2.1997839212417603e-06,False,False,7282534.7786385,7282534.7828014,4.162900149822235,7282534.8286385,0.0,0.008001400157809258,124.9781263625484,0.051053499802947044,1.0,2,1,-0.41667332088290443,-0.5464406517106685,0.113,-0.41236671829092075,-0.5361494203424204,0.113,-0.422602814754271,-0.5606100095800084,0.113,-0.41236671829092075,-0.5361494203424204,0.113,7282534.7286385,7282534.7786385,0.051053499802947044,0.049999999813735485,1,True,8,0,1.8150305941627052,2.9148182005276015,1.4001578092573408e-06,1,False,,False,,,,,False,False,False,,3.2938878536224365,3.908141851425171,7.586117267608643,4.855340003967285,,,4.3954997062683105,True,0.20763287,0.896048271913,1,1.0,1.0,1.4142135381698608,0.2076328694820404,0.2076328694820404,0.293637216091156,0.2076328694820404,0.03709672391414642,0.2109207808971405,0.20327617228031158,0.0308036170899868,0.20559684932231903,0.20327617228031158,0.0308036170899868,0.20559684932231903,0.2032761573791504,0.030803680419921875,0.20559683442115784,False,False,1.6240999102592468,,,,,,,,,,,2.20589991658926,-0.19046148657798767,-0.9898890256881714,1.0080455541610718,-0.2550470232963562,-1.0,761.9013061523438,397.79986572265625,761.9013061523438,397.79986572265625,7.535673141479492,4.290744781494141,7.4404425621032715,3.79580020904541,-0.0952305793762207,-0.49494457244873047,0.5040227770805359,0.07860851287841797,-0.1329646110534668,0.15446321666240692,0.21203862130641937,0.5668442249298096,0.0,2.0,1.5,3.0,True,,False,False,-0.4270768022470011,-0.5613134744520694,0.11298197267564013,False,,False,timeout
3,1787741330.013817,0.15000259969383478,0.05000040028244257,19.99983988830477,0.05000040028244257,19.99983988830477,2.600252628326416e-06,False,False,7282534.8286385,7282534.8327067,4.068200476467609,7282534.878638499,0.0,0.008030500262975693,124.52524341608715,0.04909300059080124,0.9818600154737384,3,2,-0.4103578025791872,-0.5324395771492159,0.113,-0.40110343743035204,-0.5124104433912103,0.113,-0.41236671829092075,-0.5361494203424204,0.113,-0.40110343743035204,-0.5124104433912103,0.113,7282534.7786385,7282534.8286385,0.04909300059080124,0.049999999813735485,1,True,14,0,1.8206806395034767,4.026461473846046,3.0500262975692582e-05,1,False,,True,3,0.035495299845933914,0.03051679953932762,32.76883602132916,False,False,False,,3.497164011001587,3.9389455318450928,7.602391719818115,4.548664093017578,,,4.150259017944336,True,0.20763287,0.896048271913,1,1.0,1.0,1.4142135381698608,0.2076328694820404,0.2076328694820404,0.293637216091156,0.2076328694820404,0.2076328694820404,0.293637216091156,0.2071799784898758,0.18925116956233978,0.2806057035923004,0.2071799784898758,0.18925116956233978,0.2806057035923004,0.20718002319335938,0.18925118446350098,0.2806057035923004,False,False,1.182999461889267,,,,,,,,,,,1.641400158405304,-0.058846376836299896,-0.9578179717063904,0.9596239924430847,-0.19046148657798767,-0.9898890256881714,758.888427734375,347.6101989746094,758.888427734375,347.6101989746094,7.4404425621032715,3.79580020904541,7.411019325256348,3.3168911933898926,-0.029423236846923828,-0.4789090156555176,0.47981202602386475,0.016274452209472656,-0.30667591094970703,0.30710744857788086,0.5913964509963989,0.7700854539871216,0.0,2.0,1.5,3.0,True,,False,False,-0.4174944091313614,-0.5491864921610397,0.11268777634219317,False,,False,timeout
4,1787741330.0653765,0.20314260013401508,0.0531400004401803,18.8182158772411,0.0531400004401803,18.8182158772411,0.003142600879073143,True,False,7282534.878638499,7282534.8861935,7.555000483989716,7282534.928638499,0.0,0.00800270028412342,124.95782229704426,0.05513340048491955,1.0,4,3,-0.4019688795539239,-0.5166086886202165,0.113,-0.38759638170781646,-0.4909591365832317,0.113,-0.40110343743035204,-0.5124104433912103,0.113,-0.38759638170781646,-0.4909591365832317,0.113,7282534.8286385,7282534.878638499,0.05513340048491955,0.049999999813735485,1,True,21,0,2.0008427696637803,4.937529281738481,2.700284123420549e-06,1,False,,True,4,0.024691300466656685,0.06334879994392395,15.785618683940266,False,False,False,,3.7043440341949463,4.128196716308594,7.546640396118164,4.23947286605835,,,3.843907356262207,True,0.20763287,0.896048271913,1,1.0,-0.5985298752784729,1.165434718132019,0.2076328694820404,-0.12427447736263275,0.24198254942893982,0.2076328694820404,0.2076328694820404,0.293637216091156,0.20758579671382904,0.20572206377983093,0.2922557592391968,0.20758579671382904,0.20572206377983093,0.2922557592391968,0.20758581161499023,0.20572185516357422,0.2922556400299072,False,False,1.2082001194357872,,,,,,,,,,,1.7117997631430626,0.07509151846170425,-0.9468387365341187,0.9498116970062256,-0.058846376836299896,-0.9578179717063904,762.7330932617188,297.995849609375,762.7330932617188,297.995849609375,7.411019325256348,3.3168911933898926,7.4485650062561035,2.8434717655181885,0.03754568099975586,-0.4734194278717041,0.47490590810775757,-0.05575132369995117,-0.3091912269592285,0.31417736411094666,0.6503132581710815,0.9324966669082642,0.0,2.0,1.5,3.0,True,,False,False,-0.4103852969076503,-0.5347607457391305,0.1130626112702306,False,,False,timeout
5,1787741330.1123776,0.2500027995556593,0.04686019942164421,21.340071368499363,0.04686019942164421,21.340071368499363,2.800486981868744e-06,False,False,7282534.928638499,7282534.9333459,4.7074006870388985,7282534.978638499,0.0,0.008001299574971199,124.9796974391625,0.053154200315475464,1.0,5,4,-0.39359764632072297,-0.5037339379769485,0.113,-0.37117952721121505,-0.4710299673153491,0.113,-0.38759638170781646,-0.4909591365832317,0.113,-0.37117952721121505,-0.4710299673153491,0.113,7282534.878638499,7282534.928638499,0.053154200315475464,0.049999999813735485,1,True,27,0,1.9017156385984026,5.864749165896795,1.2995749711988691e-06,1,False,,False,,,,,False,False,False,,3.9119298458099365,4.333918571472168,7.484034538269043,3.9311654567718506,,,3.594738006591797,True,0.20763287,0.896048271913,1,1.0,0.7469406127929688,1.248166799545288,0.2076328694820404,0.15508942306041718,0.25916045904159546,0.2076328694820404,-0.12427447736263275,0.24198254942893982,0.20762798190116882,-0.08997078984975815,0.22628328204154968,0.20762798190116882,-0.08997079730033875,0.22628328204154968,0.2076280117034912,-0.08997058868408203,0.2262832224369049,False,False,2.015399746596813,,,,,,,,,,,2.3479005321860313,0.16260036826133728,-1.0,1.01313316822052,0.07509151846170425,-0.9468387365341187,771.0582275390625,245.59585571289062,771.0582275390625,245.59585571289062,7.4485650062561035,2.8434717655181885,7.529865264892578,2.3434717655181885,0.08130025863647461,-0.5,0.5065666437149048,-0.0626058578491211,-0.308307409286499,0.3145996630191803,0.6367425918579102,1.0882718563079834,0.0,2.0,1.5,3.0,True,,False,False,-0.40346646273417236,-0.5199899713312138,0.11300889896732934,False,,False,timeout
6,1787741330.163974,0.300004499964416,0.05000170040875673,19.99931985962764,0.05000170040875673,19.99931985962764,4.501082003116608e-06,False,False,7282534.978638499,7282534.9838925,5.25400135666132,7282535.028638499,0.0,0.008044200018048286,124.313169458288,0.051210700534284115,1.0,6,5,-0.3842675634828201,-0.4915355222967746,0.113,-0.351888385759465,-0.4512214419674514,0.113,-0.37117952721121505,-0.4710299673153491,0.113,-0.351888385759465,-0.4512214419674514,0.113,7282534.928638499,7282534.978638499,0.051210700534284115,0.049999999813735485,1,True,33,0,1.878563452366425,7.049115079993124,4.420001804828627e-05,1,False,,True,5,0.04131670016795397,0.06364340055733919,15.712548217769339,False,False,False,,4.119557857513428,4.243947982788086,7.4491987228393555,3.635585069656372,,,3.3847620487213135,False,0.20763287,0.896048271913,1,1.0,-0.4076378047466278,1.079892873764038,0.2076328694820404,-0.08463900536298752,0.22422124445438385,0.2076328694820404,0.15508942306041718,0.25916045904159546,0.20763236284255981,0.12961500883102417,0.24476774036884308,0.20763236284255981,0.12961500883102417,0.24476774036884308,0.20763254165649414,0.12961483001708984,0.24476779997348785,False,False,1.5602000057697296,,,,,,,,,,,1.7796000465750694,0.30291587114334106,-1.0,1.0448722839355469,0.16260036826133728,-1.0,786.5674438476562,193.19583129882812,786.5674438476562,193.19583129882812,7.529865264892578,2.3434717655181885,7.681323051452637,1.8434717655181885,0.1514577865600586,-0.5,0.5224360823631287,-0.0348358154296875,-0.2955803871154785,0.2976261079311371,0.5648968815803528,1.2946288585662842,0.0,2.0,1.5,3.0,True,,False,False,-0.3957996784676688,-0.5063648975769961,0.11299584894346053,False,,False,timeout
7,1787741330.2176516,0.35536780022084713,0.0553633002564311,18.06250702845046,0.0553633002564311,18.06250702845046,0.005367801524698734,True,False,7282535.028638499,7282535.0385135,9.875001385807991,7282535.078638499,0.0,0.00801630038768053,124.74582433772098,0.05725280102342367,1.0,7,6,-0.3723394903378802,-0.47816693777655894,0.113,-0.3298389277281326,-0.4326772332404191,0.113,-0.351888385759465,-0.4512214419674514,0.113,-0.3298389277281326,-0.4326772332404191,0.113,7282534.978638499,7282535.028638499,0.05725280102342367,0.049999999813735485,1,True,40,0,1.883179161546051,8.10854048570068,1.630038768053038e-05,1,False,,True,6,0.031411800533533096,0.0805553998798132,12.41381709347824,False,False,False,,4.327190399169922,4.373562812805176,7.451716899871826,3.298151731491089,,,3.304417610168457,False,0.20763287,0.896048271913,1,1.0,-1.0,1.4142135381698608,0.2076328694820404,-0.2076328694820404,0.293637216091156,0.2076328694820404,-0.08463900536298752,0.22422124445438385,0.20763283967971802,-0.062366943806409836,0.21679720282554626,0.20763283967971802,-0.062366947531700134,0.21679720282554626,0.20763301849365234,-0.06236696243286133,0.21679739654064178,False,False,1.1396007612347603,,,,,,,,,,,1.7810994759202003,0.3378099799156189,-1.0,1.0555167198181152,0.30291587114334106,-1.0,803.8633422851562,140.79583740234375,803.8633422851562,140.79583740234375,7.681323051452637,1.8434717655181885,7.8502278327941895,1.3434717655181885,0.16890478134155273,-0.5,0.5277583003044128,0.002518177032470703,-0.3374333381652832,0.3374427258968353,0.6195442080497742,1.472688913345337,0.0,2.0,1.5,3.0,True,,False,False,-0.3853214327863547,-0.4918086591445788,0.11309478306776886,False,,False,timeout
8,1787741330.263135,0.4009034000337124,0.04553559981286526,21.960839521377473,0.04553559981286526,21.960839521377473,0.0009034015238285065,False,False,7282535.078638499,7282535.0835572,4.9187010154128075,7282535.1286384985,0.0,0.008008100092411041,124.87356407391316,0.04728560149669647,0.9457120334569813,8,7,-0.3632862807797677,-0.46911918301803623,0.113,-0.30615567410867306,-0.4138180033962807,0.113,-0.3298389277281326,-0.4326772332404191,0.113,-0.30615567410867306,-0.4138180033962807,0.113,7282535.028638499,7282535.078638499,0.04728560149669647,0.049999999813735485,1,True,45,0,1.6337171149667953,9.584769083846439,8.100092411041093e-06,1,False,,True,7,0.014342499896883965,0.06495019979774952,15.396411452373227,False,False,False,,4.534823417663574,4.3111958503723145,7.485783100128174,3.014582872390747,,,3.2232542037963867,False,0.20763287,0.896048271913,1,1.0,-0.40138283371925354,1.077547311782837,0.2076328694820404,-0.08334027230739594,0.22373424470424652,0.2076328694820404,-0.2076328694820404,0.293637216091156,0.2076328843832016,-0.1925322264432907,0.28316086530685425,0.2076328843832016,-0.1925322264432907,0.28316086530685425,0.20763301849365234,-0.19253206253051758,0.28316083550453186,False,False,1.101600006222725,,,,,,,,,,,1.5738997608423233,0.41503047943115234,-1.0,1.082705020904541,0.3378099799156189,-1.0,825.1129150390625,88.39584350585938,825.1129150390625,88.39584350585938,7.8502278327941895,1.3434717655181885,8.057743072509766,0.8434717655181885,0.20751523971557617,-0.5,0.5413525104522705,0.034066200256347656,-0.2835688591003418,0.28560778498649597,0.5297060012817383,1.710389494895935,0.0,2.0,1.5,3.0,True,,False,False,-0.3751722737423495,-0.4803272804087682,0.11306989525639045,False,,False,timeout
9,1787741330.3128247,0.45000259950757027,0.04909919947385788,20.366930840337524,0.04909919947385788,20.366930840337524,2.6011839509010315e-06,False,False,7282535.1286384985,7282535.1331212,4.482701420783997,7282535.178638498,0.0,0.008002599701285362,124.95939286321942,0.05332260113209486,1.0,9,8,-0.3500095389481235,-0.45708696751116085,0.113,-0.28024118418716765,-0.3964208853490438,0.113,-0.30615567410867306,-0.4138180033962807,0.113,-0.28024118418716765,-0.3964208853490438,0.113,7282535.078638499,7282535.1286384985,0.05332260113209486,0.049999999813735485,1,True,52,0,1.8842135273198182,11.129731558495957,2.599701285362077e-06,1,False,,False,,,,,False,False,False,,4.742456436157227,4.118663787841797,7.538991928100586,2.7344841957092285,,,3.120346784591675,False,0.20763287,0.896048271913,1,1.0,-1.0,1.4142135381698608,0.2076328694820404,-0.2076328694820404,0.293637216091156,0.2076328694820404,-0.08334027230739594,0.22373424470424652,0.2076328843832016,-0.0946909487247467,0.2282055914402008,0.2076328843832016,-0.0946909487247467,0.2282055914402008,0.20763301849365234,-0.09469079971313477,0.2282056361436844,False,False,1.9036997109651566,,,,,,,,,,,2.209099940955639,0.4714450538158417,-1.0,1.1055588722229004,0.41503047943115234,-1.0,849.2509155273438,52.400001525878906,849.2509155273438,35.99584197998047,8.057743072509766,0.8434717655181885,8.293465614318848,0.5,0.23572254180908203,-0.3434717655181885,0.41657888889312744,0.05320882797241211,-0.28009867668151855,0.2851077914237976,0.5155587792396545,1.9608750343322754,0.0,2.0,1.5,3.0,True,,True,False,-0.3642653729395582,-0.46940733932257234,0.11307548039964843,False,,False,timeout
10,1787741330.3623486,0.5000006994232535,0.04999809991568327,20.000760062610354,0.04999809991568327,20.000760062610354,7.012858986854553e-07,False,False,7282535.178638498,7282535.1826637,4.025201313197613,7282535.228638498,0.0,0.008002500049769878,124.96094892604921,0.05135670118033886,1.0,10,9,-0.33801495264078707,-0.4474954868813103,0.113,-0.2584101664942639,-0.38671311672733233,0.113,-0.28024118418716765,-0.3964208853490438,0.113,-0.2584101664942639,-0.38671311672733233,0.113,7282535.1286384985,7282535.178638498,0.05135670118033886,0.049999999813735485,1,True,58,0,1.8822254765804711,11.897906863975866,2.500049769878221e-06,1,False,,True,8,0.033612899482250214,0.06260749977082014,15.972527311593364,False,False,False,,4.950089454650879,4.023972988128662,7.604295253753662,2.4602859020233154,,,3.0805723667144775,False,0.20763287,0.896048271913,1,0.9501323699951172,-1.0,1.3794025182724,0.1972787082195282,-0.2076328694820404,0.28640931844711304,0.2076328694820404,-0.2076328694820404,0.293637216091156,0.2076328843832016,-0.1958923488855362,0.28545618057250977,0.2076328843832016,-0.1958923488855362,0.28545618057250977,0.20763301849365234,-0.195892333984375,0.28545624017715454,False,False,1.3509001582860947,,,,,,,,,,,1.646299846470356,0.4971217215061188,-0.8471333980560303,0.9822244644165039,0.4714450538158417,-1.0,874.7034912109375,52.400001525878906,874.7034912109375,8.010210037231445,8.293465614318848,0.5,8.54202651977539,0.5,0.24856090545654297,0.0,0.24856090545654297,0.06530332565307617,-0.2741982936859131,0.2818673849105835,0.6314055323600769,2.077901840209961,0.07790184020996094,2.0,1.5,3.0,True,,True,False,-0.3529387299947723,-0.4589652172314912,0.11305856322800367,False,,False,timeout
11,1787741330.4155602,0.5533146997913718,0.053314000368118286,18.7567992102502,0.053314000368118286,18.7567992102502,0.0033147018402814865,True,False,7282535.228638498,7282535.236377,7.738501764833927,7282535.278638498,0.0,0.00803030002862215,124.52834843476967,0.05743670184165239,1.0,11,10,-0.32297313067447303,-0.4377767422077364,0.113,-0.2483820610932768,-0.39410327096421127,0.113,-0.2584101664942639,-0.38671311672733233,0.113,-0.2483820610932768,-0.39410327096421127,0.113,7282535.178638498,7282535.228638498,0.05743670184165239,0.049999999813735485,1,True,65,0,1.8866054073821203,10.529712884975613,3.0300028622150255e-05,1,False,,True,9,0.022902799770236015,0.08013110049068928,12.479549062429182,False,False,False,,5.157722473144531,3.828080654144287,7.702366352081299,2.150357484817505,,,3.0479447841644287,False,0.20763287,0.896048271913,1,1.0,-1.0,1.4142135381698608,0.2076328694820404,-0.2076328694820404,0.293637216091156,0.1972787082195282,-0.2076328694820404,0.28640931844711304,0.1983550488948822,-0.2064124196767807,0.28627052903175354,0.1983550488948822,-0.2064124196767807,0.28627052903175354,0.19835519790649414,-0.20641231536865234,0.2862705588340759,False,False,1.2664003297686577,,,,,,,,,,,1.583099365234375,0.5561009049415588,-0.6439113616943359,0.8508055210113525,0.4971217215061188,-0.8471333980560303,903.1759033203125,52.400001525878906,903.1759033203125,18.659046173095703,8.54202651977539,0.5,8.820076942443848,0.5,0.27805042266845703,0.0,0.27805042266845703,0.09807109832763672,-0.30992841720581055,0.325074702501297,0.39455559849739075,1.8516772985458374,0.0,2.0,1.5,3.0,True,,True,False,-0.339011492368368,-0.4477109249632822,0.11310470659752506,False,,False,timeout
12,1787741330.4621766,0.6000026995316148,0.04668799974024296,21.418780105459195,0.04668799974024296,21.418780105459195,2.701766788959503e-06,False,False,7282535.278638498,7282535.2828798,4.24130167812109,7282535.328638498,0.0,0.008004499599337578,124.92973328186015,0.04747000150382519,0.9494000336132945,12,11,-0.31137129130174723,-0.43238732942828,0.113,-0.2367281312830597,-0.40269156708989706,0.113,-0.2483820610932768,-0.39410327096421127,0.113,-0.2367281312830597,-0.40269156708989706,0.113,7282535.228638498,7282535.278638498,0.04747000150382519,0.049999999813735485,1,True,70,0,1.6894590751346403,9.721685543904885,4.499599337577653e-06,1,False,,True,11,0.0045507000759243965,0.02668880019336939,37.4689005408509,False,False,False,,5.356077671051025,3.6216683387756348,7.803768157958984,1.902162790298462,,,2.991302013397217,False,0.20763287,0.896048271913,1,1.0,0.2648242712020874,1.0344717502593994,0.2076328694820404,0.054986223578453064,0.21479035913944244,0.2076328694820404,-0.2076328694820404,0.293637216091156,0.2066684365272522,-0.2075059860944748,0.29286614060401917,0.2066684365272522,-0.2075059860944748,0.29286614060401917,0.20666837692260742,-0.2075059413909912,0.292866051197052,False,False,1.2136995792388916,,,,,,,,,,,1.5881992876529694,0.6205138564109802,-0.49080419540405273,0.7911549806594849,0.5561009049415588,-0.6439113616943359,934.9462280273438,52.400001525878906,934.9462280273438,26.681859970092773,8.820076942443848,0.5,9.13033390045166,0.5,0.3102569580078125,0.0,0.3102569580078125,0.10140180587768555,-0.24819469451904297,0.26810991764068604,0.36468854546546936,1.731745958328247,0.0,2.0,1.5,3.0,True,,True,False,-0.3268087680233196,-0.4392510369717507,0.11303206063152965,False,,False,timeout
13,1787741330.5126996,0.6500035002827644,0.050000800751149654,19.999679704669674,0.050000800751149654,19.999679704669674,3.5027042031288147e-06,False,False,7282535.328638498,7282535.3329429,4.304402507841587,7282535.378638498,0.0,0.00800939928740263,124.85330848379894,0.05350150167942047,1.0,13,12,-0.29419481851498064,-0.42735556968303473,0.113,-0.22424507742592065,-0.4118908813833471,0.113,-0.2367281312830597,-0.40269156708989706,0.113,-0.22424507742592065,-0.4118908813833471,0.113,7282535.278638498,7282535.328638498,0.05350150167942047,0.049999999813735485,1,True,77,0,2.108325155935966,9.270318969709159,9.399287402629686e-06,1,False,,False,,,,,False,False,False,,5.562746047973633,3.4141623973846436,7.929928302764893,1.6853801012039185,,,2.9312522411346436,False,0.20763287,0.896048271913,1,1.0,-1.0,1.4142135381698608,0.2076328694820404,-0.2076328694820404,0.293637216091156,0.2076328694820404,0.054986223578453064,0.21479035913944244,0.2075326144695282,0.027699707075953484,0.20937301218509674,0.2075326144695282,0.027699708938598633,0.20937302708625793,0.20753240585327148,0.027699708938598633,0.20937280356884003,False,False,1.6556000337004662,,,,,,,,,,,2.3715998977422714,0.6873852610588074,-0.357279896736145,0.7746918201446533,0.6205138564109802,-0.49080419540405273,970.140380859375,52.400001525878906,970.140380859375,33.67853546142578,9.13033390045166,0.5,9.474026679992676,0.5,0.3436927795410156,0.0,0.3436927795410156,0.1261601448059082,-0.21678268909454346,0.2508208751678467,0.40663114190101624,1.6870386600494385,0.0,2.0,1.5,3.0,True,,True,False,-0.31453877800775704,-0.4328890023412951,0.11308905890192408,False,,False,timeout
14,1787741330.5612423,0.7000008998438716,0.04999739956110716,20.00104022965821,0.04999739956110716,20.00104022965821,9.024515748023987e-07,False,False,7282535.378638498,7282535.3822782,3.639702685177326,7282535.428638497,0.0,0.008002500049769878,124.96094892604921,0.051526302471756935,1.0,14,13,-0.2789391293093868,-0.42570843171097317,0.113,-0.20971557593744508,-0.4225983134147484,0.113,-0.22424507742592065,-0.4118908813833471,0.113,-0.20971557593744508,-0.4225983134147484,0.113,7282535.328638498,7282535.378638498,0.051526302471756935,0.049999999813735485,1,True,83,0,2.194436179622488,9.120425936013103,2.500049769878221e-06,1,False,,True,12,0.023207100108265877,0.038695099763572216,25.843065558947224,False,False,False,,5.770278453826904,3.441862106323242,8.097685813903809,1.4767779111862183,,,3.0460433959960938,False,0.20763287,0.896048271913,1,1.0,-1.0,1.4142135381698608,0.2076328694820404,-0.2076328694820404,0.293637216091156,0.2076328694820404,-0.2076328694820404,0.293637216091156,0.20762242376804352,-0.1831696480512619,0.2768721580505371,0.20762242376804352,-0.1831696480512619,0.2768721580505371,0.20762252807617188,-0.18316960334777832,0.2768722176551819,False,False,1.0874997824430466,,,,,,,,,,,1.5627993270754814,0.7919630408287048,-0.18090321123600006,0.8123616576194763,0.6873852610588074,-0.357279896736145,1010.6888427734375,52.400001525878906,1010.6888427734375,42.92067337036133,9.474026679992676,0.5,9.87000846862793,0.5,0.3959817886352539,0.0,0.3959817886352539,0.16775751113891602,-0.2086021900177002,0.2676891088485718,0.48810309171676636,1.6877230405807495,0.0,2.0,1.5,3.0,True,,True,False,-0.3007550368800419,-0.4280780279736892,0.11307877222841582,False,,False,timeout
15,1787741330.6128526,0.7506088996306062,0.05060799978673458,19.75972186638605,0.05060799978673458,19.75972186638605,0.0006089024245738983,False,False,7282535.428638497,7282535.4332788,4.640302620828152,7282535.478638497,0.0,0.008001499809324741,124.9765698718915,0.04968410264700651,0.9936820566418844,15,14,-0.2636141223189196,-0.4265133944729294,0.113,-0.19352987611847233,-0.434526271220443,0.113,-0.20971557593744508,-0.4225983134147484,0.113,-0.19352987611847233,-0.434526271220443,0.113,7282535.378638498,7282535.428638497,0.04968410264700651,0.049999999813735485,1,True,89,0,1.954342932193799,9.007032349199056,1.499809324741197e-06,1,False,,True,13,0.010668899863958359,0.08130950015038252,12.298685862666634,False,False,False,,5.977900981903076,3.258692502975464,8.347665786743164,1.2564618587493896,,,3.10237193107605,False,0.20763287,0.896048271913,1,1.0,-1.0,1.4142135381698608,0.2076328694820404,-0.2076328694820404,0.293637216091156,0.2076328694820404,-0.2076328694820404,0.293637216091156,0.20763179659843445,-0.20508986711502075,0.29184383153915405,0.20763179659843445,-0.20508986711502075,0.29184383153915405,0.20763158798217773,-0.20508980751037598,0.29184362292289734,False,False,1.0909000411629677,,,,,,,,,,,1.5014000236988068,0.8206024169921875,-0.08101160824298859,0.8245915174484253,0.7919630408287048,-0.18090321123600006,1052.7037353515625,52.400001525878906,1052.7037353515625,48.154991149902344,9.87000846862793,0.5,10.280309677124023,0.5,0.41030120849609375,0.0,0.41030120849609375,0.24997997283935547,-0.2203160524368286,0.33321037888526917,0.6312915682792664,1.69992995262146,0.0,2.0,1.5,3.0,True,,True,False,-0.28310687794065664,-0.4251131722117104,0.11313223294601576,False,,False,timeout
16,1787741330.6623938,0.8000023998320103,0.049393500201404095,20.24557878916168,0.049393500201404095,20.24557878916168,2.4028122425079346e-06,False,False,7282535.478638497,7282535.4825859,3.9474032819271088,7282535.528638497,0.0,0.008004900068044662,124.92348330392932,0.04771420266479254,0.9542840568508358,16,15,-0.24853233868823318,-0.4293759073604566,0.113,-0.17648733507041675,-0.4470856732108803,0.113,-0.19352987611847233,-0.434526271220443,0.113,-0.17648733507041675,-0.4470856732108803,0.113,7282535.428638497,7282535.478638497,0.04771420266479254,0.049999999813735485,1,True,95,0,1.9480283445292321,9.36656669467481,4.900068044662309e-06,1,False,,False,,,,,False,False,False,,6.185532569885254,3.053602695465088,8.5971097946167,1.1004449129104614,,,3.1033096313476562,False,0.20763287,0.896048271913,1,-0.31408822536468506,-1.0,1.0481656789779663,-0.06521503627300262,-0.2076328694820404,0.2176336646080017,0.2076328694820404,-0.2076328694820404,0.293637216091156,0.20763273537158966,-0.20736850798130035,0.293450266122818,0.20763273537158966,-0.20736850798130035,0.293450266122818,0.20763254165649414,-0.2073686122894287,0.29345017671585083,False,False,1.7847996205091476,,,,,,,,,,,1.90030038356781,0.8265445828437805,-0.025722142308950424,0.8269447088241577,0.8206024169921875,-0.08101160824298859,1095.0228271484375,52.400001525878906,1095.0228271484375,51.052162170410156,10.280309677124023,0.5,10.693581581115723,0.5,0.4132719039916992,0.0,0.4132719039916992,0.24944400787353516,-0.15601694583892822,0.29421693086624146,0.6079534292221069,1.7870914936065674,0.0,2.0,1.5,3.0,True,,True,False,-0.26755129752035267,-0.42516310595392853,0.11311380843654731,False,,False,timeout
17,1787741330.7130692,0.8500015996396542,0.04999919980764389,20.000320082064988,0.04999919980764389,20.000320082064988,1.6028061509132385e-06,False,False,7282535.528638497,7282535.5331126,4.4741034507751465,7282535.578638497,0.0,0.008011000230908394,124.82835740557789,0.05376700311899185,1.0,17,16,-0.23141439684295056,-0.43465250992744286,0.113,-0.1589883338165372,-0.4599814609082033,0.113,-0.17648733507041675,-0.4470856732108803,0.113,-0.1589883338165372,-0.4599814609082033,0.113,7282535.478638497,7282535.528638497,0.05376700311899185,0.049999999813735485,1,True,102,0,2.198004611487922,9.870629175008997,1.1000230908393693e-05,1,False,,True,14,0.04668689984828234,0.06283439975231886,15.914849253622346,False,False,False,,6.393165111541748,2.846234083175659,8.86907958984375,0.9805790781974792,,,3.100132465362549,False,0.20763287,0.896048271913,1,1.0,-1.0,1.4142135381698608,0.2076328694820404,-0.2076328694820404,0.293637216091156,-0.06521503627300262,-0.2076328694820404,0.2176336646080017,-0.03685205802321434,-0.20760539174079895,0.21085083484649658,-0.03685206174850464,-0.20760539174079895,0.21085083484649658,-0.03685188293457031,-0.20760536193847656,0.2108507752418518,False,False,1.5411004424095154,,,,,,,,,,,1.719299703836441,0.8461878895759583,0.026059705764055252,0.8465890884399414,0.8265445828437805,-0.025722142308950424,1138.3475341796875,53.765533447265625,1138.3475341796875,53.765533447265625,10.693581581115723,0.5,11.11667537689209,0.5130298733711243,0.4230937957763672,0.013029873371124268,0.42329439520835876,0.2719697952270508,-0.11986583471298218,0.297212690114975,0.658089280128479,1.8867336511611938,0.0,2.0,1.5,3.0,True,,False,False,-0.25223858559703044,-0.42761922958222254,0.11309250693059283,False,,False,timeout
18,1787741330.7626412,0.9000014001503587,0.04999980051070452,20.000079796036562,0.04999980051070452,20.000079796036562,1.4035031199455261e-06,False,False,7282535.578638497,7282535.5827528,4.114302806556225,7282535.628638497,0.0,0.008002400398254395,124.96250502763337,0.05180860310792923,1.0,18,17,-0.21718700415413475,-0.44043386680393837,0.113,-0.14181226776161548,-0.4733691740130788,0.113,-0.1589883338165372,-0.4599814609082033,0.113,-0.14181226776161548,-0.4733691740130788,0.113,7282535.528638497,7282535.578638497,0.05180860310792923,0.049999999813735485,1,True,108,0,2.187166118315297,10.412716369756163,2.4003982543943647e-06,1,False,,True,15,0.0168035002425313,0.06368419993668795,15.702481949905257,False,False,False,,6.356313228607178,2.6386287212371826,9.1542387008667,0.8889802098274231,,,3.29994797706604,False,0.20763287,0.896048271913,1,1.0,-1.0,1.4142135381698608,0.2076328694820404,-0.2076328694820404,0.293637216091156,0.2076328694820404,-0.2076328694820404,0.293637216091156,0.1822182536125183,-0.2076300084590912,0.27624937891960144,0.1822182536125183,-0.2076300084590912,0.27624937891960144,0.18221807479858398,-0.20762991905212402,0.2762492001056671,False,False,1.2255003675818443,,,,,,,,,,,1.622299663722515,0.7854061126708984,0.015432242304086685,0.785557746887207,0.8461878895759583,0.026059705764055252,1178.5604248046875,54.574180603027344,1178.5604248046875,54.574180603027344,11.11667537689209,0.5130298733711243,11.509378433227539,0.5207459926605225,0.3927030563354492,0.007716119289398193,0.3927788734436035,0.2851591110229492,-0.09159886837005615,0.2995097041130066,0.6666857600212097,1.9981231689453125,0.0,2.0,1.5,3.0,True,,False,False,-0.23730115001159416,-0.4318440816463321,0.1130793112958903,False,,False,timeout
19,1787741330.812173,0.9500016998499632,0.05000029969960451,19.99988012087675,0.05000029969960451,19.99988012087675,1.7033889889717102e-06,False,False,7282535.628638497,7282535.6325315,3.893003799021244,7282535.678638496,0.0,0.008021700195968151,124.66185167361624,0.049857803620398045,0.9971560761226568,19,18,-0.2033215878750488,-0.44703943787031974,0.113,-0.12582249592472583,-0.48588432379414453,0.113,-0.14181226776161548,-0.4733691740130788,0.113,-0.12582249592472583,-0.48588432379414453,0.113,7282535.578638497,7282535.628638497,0.049857803620398045,0.049999999813735485,1,True,114,0,1.917444456920684,10.586343809279896,2.1700195968150926e-05,1,False,,True,16,0.004332900047302246,0.0795745998620987,12.566824108861137,False,False,False,,6.538531303405762,2.4309988021850586,9.495222091674805,0.8092603087425232,,,3.3722479343414307,False,0.20763287,0.896048271913,1,1.0,-1.0,1.4142135381698608,0.2076328694820404,-0.2076328694820404,0.293637216091156,0.2076328694820404,-0.2076328694820404,0.293637216091156,0.204990953207016,-0.20763257145881653,0.2917748689651489,0.204990953207016,-0.20763257145881653,0.2917748689651489,0.20499086380004883,-0.20763254165649414,0.29177477955818176,False,False,1.1087004095315933,,,,,,,,,,,1.5161000192165375,0.7990814447402954,0.05955908074975014,0.8012979626655579,0.7854061126708984,0.015432242304086685,1219.4732666015625,57.69507598876953,1219.4732666015625,57.69507598876953,11.509378433227539,0.5207459926605225,11.908919334411621,0.5505255460739136,0.39954090118408203,0.029779553413391113,0.40064918994903564,0.34098339080810547,-0.0797199010848999,0.35017842054367065,0.8639758825302124,2.034715175628662,0.03471517562866211,2.0,1.5,3.0,True,,False,False,-0.2204171080948419,-0.4383561944808436,0.11306162135465986,False,,False,timeout
20,1787741330.8648908,1.0000029001384974,0.050001200288534164,19.999519896111597,0.050001200288534164,19.999519896111597,2.903863787651062e-06,False,False,7282535.678638496,7282535.6835037,4.865203984081745,7282535.728638496,0.0,0.008008000440895557,124.87511799988951,0.047886003740131855,0.9577200783704224,20,19,-0.18980694312401591,-0.4543358216605663,0.113,-0.11015024804726978,-0.4996287802644001,0.113,-0.12582249592472583,-0.48588432379414453,0.113,-0.11015024804726978,-0.4996287802644001,0.113,7282535.628638497,7282535.678638496,0.047886003740131855,0.049999999813735485,1,True,120,0,1.903797071872742,11.067095237251518,8.000440895557237e-06,1,False,,False,,,,,False,False,False,,6.7435221672058105,2.2233662605285645,9.791632652282715,0.7598130106925964,,,3.3812668323516846,False,0.20763287,0.896048271913,1,1.0,-1.0,1.4142135381698608,0.2076328694820404,-0.2076328694820404,0.293637216091156,0.2076328694820404,-0.2076328694820404,0.293637216091156,0.2073582261800766,-0.20763283967971802,0.29344305396080017,0.2073582261800766,-0.20763283967971802,0.29344305396080017,0.20735836029052734,-0.20763278007507324,0.29344311356544495,False,False,2.16669961810112,,,,,,,,,,,2.3323995992541313,0.789866030216217,0.09219996631145477,0.7952290177345276,0.7990814447402954,0.05955908074975014,1259.9144287109375,62.5263557434082,1259.9144287109375,62.5263557434082,11.908919334411621,0.5505255460739136,12.303852081298828,0.5966255068778992,0.39493274688720703,0.046099960803985596,0.3976142406463623,0.29641056060791016,-0.04944729804992676,0.3005066514015198,0.7286057472229004,2.1276051998138428,0.12760519981384277,2.0,1.5,3.0,True,,False,False,-0.20639713544350427,-0.4449973456073994,0.11305208544845305,False,,False,timeout
21,1787741330.9164433,1.0541920000687242,0.0541890999302268,18.45389573341479,0.0541890999302268,18.45389573341479,0.004192003980278969,True,False,7282535.728638496,7282535.7367729,8.134404197335243,7282535.778638496,0.0,0.008000699803233147,124.98906653089172,0.053912803530693054,1.0,21,20,-0.17451066647820324,-0.46366728623470177,0.113,-0.09563818457492437,-0.5139814673174753,0.113,-0.11015024804726978,-0.4996287802644001,0.113,-0.09563818457492437,-0.5139814673174753,0.113,7282535.678638496,7282535.728638496,0.053912803530693054,0.049999999813735485,1,True,127,0,1.9023536370660965,11.257765870994263,6.998032331465009e-07,1,False,,True,17,0.04267850052565336,0.062469800002872944,16.007734936785624,False,False,False,,6.950880527496338,2.015733480453491,10.136493682861328,0.7171763181686401,,,3.4401137828826904,False,0.20763287,0.896048271913,1,1.0,-1.0,1.4142135381698608,0.2076328694820404,-0.2076328694820404,0.293637216091156,0.2076328694820404,-0.2076328694820404,0.293637216091156,0.2076043337583542,-0.2076328545808792,0.29361703991889954,0.2076043337583542,-0.2076328545808792,0.29361703991889954,0.20760440826416016,-0.2076328992843628,0.2936171293258667,False,False,1.285000704228878,,,,,,,,,,,1.5508998185396194,0.7700321078300476,0.12244173884391785,0.7797060012817383,0.789866030216217,0.09219996631145477,1299.340087890625,68.94230651855469,1299.340087890625,68.94230651855469,12.303852081298828,0.5966255068778992,12.688868522644043,0.6578463912010193,0.38501644134521484,0.06122088432312012,0.3898533880710602,0.3448610305786133,-0.0426366925239563,0.3474867343902588,0.8490439057350159,2.170708417892456,0.17070841789245605,2.0,1.5,3.0,True,,False,False,-0.19057049839143578,-0.4534704445195106,0.1130339705742492,False,,False,timeout
22,1787741330.9620063,1.1000028001144528,0.045810800045728683,21.828913684148553,0.045810800045728683,21.828913684148553,2.804212272167206e-06,False,False,7282535.778638496,7282535.7828377,4.199204035103321,7282535.828638496,0.0,0.008008299395442009,124.87045633797838,0.05195470340549946,1.0,22,21,-0.16181075446773008,-0.472305020031928,0.113,-0.08150817320463609,-0.5287832999905325,0.113,-0.09563818457492437,-0.5139814673174753,0.113,-0.08150817320463609,-0.5287832999905325,0.113,7282535.728638496,7282535.778638496,0.05195470340549946,0.049999999813735485,1,True,133,0,2.1559063819083146,11.973344846684904,8.299395442008806e-06,1,False,,True,18,0.008767100051045418,0.06619250029325485,15.107451683644921,False,False,False,,7.158484935760498,1.8081005811691284,10.383989334106445,0.6961589455604553,,,3.411787271499634,False,0.20763287,0.896048271913,1,1.0,-1.0,1.4142135381698608,0.2076328694820404,-0.2076328694820404,0.293637216091156,0.2076328694820404,-0.2076328694820404,0.293637216091156,0.20762991905212402,-0.2076328694820404,0.29363512992858887,0.20762991905212402,-0.2076328694820404,0.29363512992858887,0.20762968063354492,-0.2076328992843628,0.29363498091697693,False,False,1.1160997673869133,,,,,,,,,,,1.6044005751609802,0.7309320569038391,0.14917024970054626,0.7459982633590698,0.7700321078300476,0.12244173884391785,1336.7637939453125,76.75882720947266,1336.7637939453125,76.75882720947266,12.688868522644043,0.6578463912010193,13.05433464050293,0.7324315309524536,0.3654661178588867,0.07458513975143433,0.37299925088882446,0.2474956512451172,-0.021017372608184814,0.2483864575624466,0.6185004115104675,2.3051974773406982,0.30519747734069824,2.0,1.5,3.0,True,,False,False,-0.17953408497771373,-0.46002997900407655,0.11301249614928029,False,,False,timeout
23,1787741331.0126603,1.1500578001141548,0.05005499999970198,19.978024173528198,0.05005499999970198,19.978024173528198,5.7804398238658905e-05,False,False,7282535.828638496,7282535.8324348,3.796304576098919,7282535.878638496,0.0,0.008006500080227852,124.89851870101295,0.050004104152321815,1.0,23,22,-0.14950460541151378,-0.4814948149152112,0.113,-0.06939705977687378,-0.543550558202568,0.113,-0.08150817320463609,-0.5287832999905325,0.113,-0.06939705977687378,-0.543550558202568,0.113,7282535.778638496,7282535.828638496,0.050004104152321815,0.049999999813735485,1,True,139,0,1.8906370649656834,12.023793095285333,6.500080227851701e-06,1,False,,False,,,,,False,False,False,,7.366114616394043,1.6004676818847656,10.732466697692871,0.6813372373580933,,,3.4895739555358887,False,0.20763287,0.896048271913,1,1.0,-0.05460214614868164,1.0014896392822266,0.2076328694820404,-0.011337200179696083,0.2079421579837799,0.2076328694820404,-0.2076328694820404,0.293637216091156,0.20763254165649414,-0.2076328694820404,0.2936369776725769,0.20763254165649414,-0.2076328694820404,0.2936369776725769,0.20763254165649414,-0.2076328992843628,0.2936370074748993,False,False,1.2793000787496567,,,,,,,,,,,2.1740002557635307,0.7078472375869751,0.15395604074001312,0.7243964076042175,0.7309320569038391,0.14917024970054626,1373.0057373046875,84.82612609863281,1373.0057373046875,84.82612609863281,13.05433464050293,0.7324315309524536,13.408258438110352,0.8094095587730408,0.3539237976074219,0.07697802782058716,0.3621983826160431,0.3484773635864258,-0.01482170820236206,0.3487924039363861,0.9074435234069824,2.32243013381958,0.3224301338195801,2.0,1.5,3.0,True,,False,False,-0.16451241472637476,-0.46999630219586547,0.11302675731717265,False,,False,timeout
24,1787741331.0643537,1.200003200210631,0.04994540009647608,20.021863836677035,0.04994540009647608,20.021863836677035,3.2046809792518616e-06,False,False,7282535.878638496,7282535.8843286,5.690104328095913,7282535.9286384955,0.0,0.00800860021263361,124.86576598273624,0.04803340416401625,0.9606680868590924,24,23,-0.13756890286994236,-0.4911614843593502,0.113,-0.05729918282175697,-0.558301676989394,0.113,-0.06939705977687378,-0.543550558202568,0.113,-0.05729918282175697,-0.558301676989394,0.113,7282535.828638496,7282535.878638496,0.04803340416401625,0.049999999813735485,1,True,145,0,1.8872067866517128,12.35190798917323,8.600212633609605e-06,1,False,,True,19,0.04507150035351515,0.07937480043619871,12.59845687175992,False,False,False,,7.573747158050537,1.3928347826004028,11.030510902404785,0.6806725859642029,,,3.5293612480163574,True,0.20763287,0.896048271913,1,1.0,-1.0,1.4142135381698608,0.2076328694820404,-0.2076328694820404,0.293637216091156,0.2076328694820404,-0.011337200179696083,0.2079421579837799,0.20763283967971802,-0.03174247592687607,0.21004517376422882,0.20763283967971802,-0.031742483377456665,0.21004518866539001,0.20763301849365234,-0.03174245357513428,0.21004535257816315,False,False,2.0097997039556503,,,,,,,,,,,2.3622997105121613,0.6734111905097961,0.162939190864563,0.6928432583808899,0.7078472375869751,0.15395604074001312,1407.4842529296875,93.3641357421875,1407.4842529296875,93.3641357421875,13.408258438110352,0.8094095587730408,13.744963645935059,0.8908791542053223,0.33670520782470703,0.0814695954322815,0.3464212715625763,0.29804420471191406,-0.0006646513938903809,0.29804494976997375,0.8036866784095764,2.381230115890503,0.38123011589050293,2.0,1.5,3.0,True,,False,False,-0.1520937832372644,-0.479112378572546,0.11304296058440876,False,,False,timeout
25,1787741331.1138387,1.2515914998948574,0.05158829968422651,19.38424034366376,0.05158829968422651,19.38424034366376,0.0015915045514702797,True,False,7282535.9286384955,7282535.9346682,6.029704585671425,7282535.978638495,0.0,0.008010299876332283,124.83927136793724,0.05405770428478718,1.0,25,24,-0.1240825090633036,-0.502959975959191,0.113,-0.04684684854129312,-0.572554148636966,0.113,-0.05729918282175697,-0.558301676989394,0.113,-0.04684684854129312,-0.572554148636966,0.113,7282535.878638496,7282535.9286384955,0.05405770428478718,0.049999999813735485,1,True,152,0,2.136059943977365,12.532491304629751,1.0299876332282853e-05,1,False,,True,20,0.030988500453531742,0.06400659959763288,15.62338893623998,False,False,False,,7.7813801765441895,1.3610923290252686,11.329075813293457,0.6907557249069214,,,3.6104702949523926,True,0.20763287,0.896048271913,1,1.0,-1.0,1.4142135381698608,0.2076328694820404,-0.2076328694820404,0.293637216091156,0.2076328694820404,-0.2076328694820404,0.293637216091156,0.2076328843832016,-0.1893487572669983,0.28100597858428955,0.2076328843832016,-0.1893487572669983,0.28100597858428955,0.20763301849365234,-0.18934869766235352,0.2810060381889343,False,False,1.2894999235868454,,,,,,,,,,,1.817299984395504,0.668117880821228,0.1953631192445755,0.6960949897766113,0.6734111905097961,0.162939190864563,1441.69189453125,103.60115814208984,1441.69189453125,103.60115814208984,13.744963645935059,0.8908791542053223,14.079022407531738,0.9885607361793518,0.3340587615966797,0.09768158197402954,0.3480473458766937,0.2985649108886719,0.010083138942718506,0.298735111951828,0.8445277810096741,2.4241623878479004,0.4241623878479004,2.0,1.5,3.0,True,,False,False,-0.14004787597125753,-0.4887693397217191,0.113090061626782,False,,False,timeout
26,1787741331.1624136,1.3000013995915651,0.048409899696707726,20.656931872717934,0.048409899696707726,20.656931872717934,1.4044344425201416e-06,False,False,7282535.978638495,7282535.9826441,4.005604423582554,7282536.028638495,0.0,0.008001700043678284,124.97344246114882,0.052084604278206825,1.0,26,25,-0.11291521525026271,-0.5135051609335213,0.113,-0.03681064208776923,-0.5872094638759955,0.113,-0.04684684854129312,-0.572554148636966,0.113,-0.03681064208776923,-0.5872094638759955,0.113,7282535.9286384955,7282535.978638495,0.052084604278206825,0.049999999813735485,1,True,158,0,2.1329006922032456,12.727291385997574,1.7000436782835249e-06,1,False,,True,21,0.0019880998879671097,0.06535959988832474,15.29997126219604,False,False,False,,7.989013195037842,1.171743631362915,11.626502990722656,0.7086464166641235,,,3.6668503284454346,True,0.20763287,0.896048271913,1,1.0,-1.0,1.4142135381698608,0.2076328694820404,-0.2076328694820404,0.293637216091156,0.2076328694820404,-0.2076328694820404,0.293637216091156,0.2076328843832016,-0.20573219656944275,0.2922963500022888,0.2076328843832016,-0.20573219656944275,0.2922963500022888,0.20763254165649414,-0.20573222637176514,0.2922961115837097,False,False,1.1291000992059708,,,,,,,,,,,1.5863003209233284,0.633186399936676,0.21003849804401398,0.6671140789985657,0.668117880821228,0.1953631192445755,1474.111083984375,114.60719299316406,1474.111083984375,114.60719299316406,14.079022407531738,0.9885607361793518,14.395615577697754,1.0935800075531006,0.3165931701660156,0.10501927137374878,0.33355700969696045,0.2974271774291992,0.01789069175720215,0.29796478152275085,0.8346400856971741,2.4684414863586426,0.4684414863586426,2.0,1.5,3.0,True,,False,False,-0.1283380695683947,-0.4987723830542916,0.11308577250764246,False,,False,timeout
27,1787741331.2134733,1.3500057999044657,0.05000440031290054,19.99824002972818,0.05000440031290054,19.99824002972818,5.804933607578278e-06,False,False,7282536.028638495,7282536.0332192,4.580704495310783,7282536.078638495,0.0,0.008297599852085114,120.5167780835694,0.050402804277837276,1.0,27,26,-0.1021200781887583,-0.524430950549218,0.113,-0.02760760932624818,-0.6019514811943458,0.113,-0.03681064208776923,-0.5872094638759955,0.113,-0.02760760932624818,-0.6019514811943458,0.113,7282535.978638495,7282536.028638495,0.050402804277837276,0.049999999813735485,1,True,164,0,1.8603820363052006,12.612824099010005,0.00029759985208511336,1,False,,False,,,,,False,False,False,,8.196645736694336,0.9660114049911499,11.975244522094727,0.741105318069458,,,3.7852861881256104,True,0.20763287,0.896048271913,1,1.0,-1.0,1.4142135381698608,0.2076328694820404,-0.2076328694820404,0.293637216091156,0.2076328694820404,-0.2076328694820404,0.293637216091156,0.20763283967971802,-0.20743529498577118,0.2934975326061249,0.20763283967971802,-0.20743529498577118,0.2934975326061249,0.20763301849365234,-0.20743530988693237,0.29349765181541443,False,False,1.686200499534607,,,,,,,,,,,2.588399685919285,0.5981647372245789,0.23317305743694305,0.642005205154419,0.633186399936676,0.21003849804401398,1484.800048828125,126.82545471191406,1504.737060546875,126.82545471191406,14.395615577697754,1.0935800075531006,14.5,1.210166573524475,0.1043844223022461,0.11658656597137451,0.15648813545703888,0.3487415313720703,0.03245890140533447,0.3502488136291504,1.0229885578155518,2.44590163230896,0.44590163230895996,2.0,1.5,3.0,True,,True,False,-0.11504631812110037,-0.5110515384278839,0.11307605655614222,False,,False,timeout
28,1787741331.2671597,1.4040546994656324,0.05404889956116676,18.501764293430377,0.05404889956116676,18.501764293430377,0.0040547046810388565,True,False,7282536.078638495,7282536.0875415,8.90300516039133,7282536.128638495,0.0,0.008010299876332283,124.83927136793724,0.05643550492823124,1.0,28,27,-0.09017655031064431,-0.5377870592984917,0.113,-0.028281582927530063,-0.6100660349826265,0.113,-0.02760760932624818,-0.6019514811943458,0.113,-0.028281582927530063,-0.6100660349826265,0.113,7282536.028638495,7282536.078638495,0.05643550492823124,0.049999999813735485,1,True,171,0,2.117976103415317,11.633708010860706,1.0299876332282853e-05,1,False,,True,22,0.04030319955199957,0.07741039991378784,12.918160881660636,False,False,False,,8.404278755187988,0.7585760951042175,12.270357131958008,0.7778446674346924,,,3.866126298904419,True,0.20763287,0.896048271913,1,1.0,-1.0,1.4142135381698608,0.2076328694820404,-0.2076328694820404,0.293637216091156,0.2076328694820404,-0.2076328694820404,0.293637216091156,0.2076328843832016,-0.20761233568191528,0.2936227023601532,0.2076328843832016,-0.20761233568191528,0.2936227023601532,0.20763301849365234,-0.20761233568191528,0.29362279176712036,False,False,1.3349996879696846,,,,,,,,,,,2.256200648844242,0.535102367401123,0.2772717773914337,0.6026725172996521,0.5981647372245789,0.23317305743694305,1484.800048828125,141.3544921875,1512.197265625,141.3544921875,14.5,1.210166573524475,14.5,1.3488024473190308,0.0,0.13863587379455566,0.13863587379455566,0.29511260986328125,0.036739349365234375,0.2973906993865967,1.432853102684021,2.2711691856384277,0.27116918563842773,2.0,1.5,3.0,True,,True,False,-0.10416045831625115,-0.5218804312930964,0.11310853502904984,False,,False,timeout
29,1787741331.3116784,1.4500014996156096,0.04594680014997721,21.764301251357022,0.04594680014997721,21.764301251357022,1.5050172805786133e-06,False,False,7282536.128638495,7282536.1326148,3.976305015385151,7282536.178638495,0.0,0.008000299334526062,124.995323073026,0.046451104804873466,0.9290220995583464,29,28,-0.08241322446329094,-0.5479602613895369,0.113,-0.03423447387267144,-0.6163586758068825,0.113,-0.028281582927530063,-0.6100660349826265,0.113,-0.03423447387267144,-0.6163586758068825,0.113,7282536.078638495,7282536.128638495,0.046451104804873466,0.049999999813735485,1,True,176,0,1.8527562495296028,10.217709569699519,2.993345260618452e-07,1,False,,True,23,0.023708399385213852,0.06606510002166033,15.136584969554827,False,False,False,,8.61191177368164,0.5509637594223022,12.566252708435059,0.8262525200843811,,,3.963911771774292,True,0.20763287,0.896048271913,1,1.0,-1.0,1.4142135381698608,0.2076328694820404,-0.2076328694820404,0.293637216091156,0.2076328694820404,-0.2076328694820404,0.293637216091156,0.2076328843832016,-0.20763073861598969,0.2936357259750366,0.2076328843832016,-0.20763073861598969,0.2936357259750366,0.20763301849365234,-0.20763075351715088,0.2936358153820038,False,False,1.1423006653785706,,,,,,,,,,,1.508600078523159,0.4478789269924164,0.3144676685333252,0.5472526550292969,0.535102367401123,0.2772717773914337,1484.800048828125,157.83261108398438,1507.7315673828125,157.83261108398438,14.5,1.3488024473190308,14.5,1.5060362815856934,0.0,0.1572338342666626,0.1572338342666626,0.2958955764770508,0.04840785264968872,0.2998291552066803,0.3491726219654083,2.0031068325042725,0.003106832504272461,2.0,1.5,3.0,True,,True,False,-0.09370828191245092,-0.5332743237447114,0.11312443765335482,False,,False,timeout
30,1787741331.3633378,1.5000018002465367,0.050000300630927086,19.999879748352193,0.050000300630927086,19.999879748352193,1.8058344721794128e-06,False,False,7282536.178638495,7282536.182665,4.026505164802074,7282536.228638494,0.0,0.008020699955523014,124.67739792602576,0.05250220559537411,1.0,30,29,-0.07305314275815329,-0.563227770476546,0.113,-0.04054015678378308,-0.6230242435246416,0.113,-0.03423447387267144,-0.6163586758068825,0.113,-0.04054015678378308,-0.6230242435246416,0.113,7282536.128638495,7282536.178638495,0.05250220559537411,0.049999999813735485,1,True,183,0,2.111535243510556,8.916313069396912,2.0699955523013902e-05,1,False,,False,,,,,False,False,False,,8.819544792175293,0.34333300590515137,12.858223915100098,0.8877958655357361,,,4.07521390914917,True,0.20763287,0.896048271913,1,1.0,-1.0,1.4142135381698608,0.2076328694820404,-0.2076328694820404,0.293637216091156,0.2076328694820404,-0.2076328694820404,0.293637216091156,0.2076328843832016,-0.2076326459646225,0.29363706707954407,0.2076328843832016,-0.2076326459646225,0.29363706707954407,0.20763301849365234,-0.04333299398422241,0.2121066153049469,False,True,1.721300184726715,,,,,,,,,,,2.054099924862385,0.3092605173587799,0.3604260981082916,0.47492003440856934,0.4478789269924164,0.3144676685333252,1484.800048828125,176.71893310546875,1500.6341552734375,176.71893310546875,14.5,1.5060362815856934,14.5,1.6862493753433228,0.0,0.1802130937576294,0.1802130937576294,0.29197120666503906,0.06154334545135498,0.29838696122169495,0.3914128243923187,1.754323124885559,0.0,2.0,1.5,3.0,True,,True,False,-0.0839549924632509,-0.5451448482122395,0.11312531500001544,False,,False,timeout
31,1787741331.4133632,1.5500018997117877,0.05000009946525097,19.99996021397876,0.05000009946525097,19.99996021397876,1.905485987663269e-06,False,False,7282536.228638494,7282536.233149,4.510506056249142,7282536.278638494,0.0,0.008012800477445126,124.80031205255334,0.05056860577315092,1.0,31,30,-0.06701514721404966,-0.5773359093159699,0.113,-0.047969731441941985,-0.6308778469639836,0.113,-0.04054015678378308,-0.6230242435246416,0.113,-0.047969731441941985,-0.6308778469639836,0.113,7282536.178638495,7282536.228638494,0.05056860577315092,0.049999999813735485,1,True,189,0,1.8620669808847758,7.543036571103831,1.2800477445125413e-05,1,False,,True,24,0.043163299560546875,0.06221230048686266,16.073991673257115,False,False,False,,9.027177810668945,0.30000001192092896,13.19140625,0.9901207089424133,,,4.22102689743042,True,0.20763287,0.896048271913,1,1.0,-1.0,1.4142135381698608,0.2076328694820404,-0.2076328694820404,0.293637216091156,0.2076328694820404,-0.2076328694820404,0.293637216091156,0.2076328843832016,-0.19055362045764923,0.28181928396224976,0.2076328843832016,-0.19055362045764923,0.28181928396224976,0.20763301849365234,0.0,0.20763301849365234,False,True,1.4570998027920723,,,,,,,,,,,1.90730020403862,0.19811010360717773,0.44724076986312866,0.48915430903434753,0.3092605173587799,0.3604260981082916,1484.800048828125,200.15435791015625,1494.9432373046875,200.15435791015625,14.5,1.6862493753433228,14.5,1.9098697900772095,0.0,0.22362041473388672,0.22362041473388672,0.33318233489990234,0.10232484340667725,0.3485410213470459,0.5677991509437561,1.4822323322296143,0.0,2.0,1.5,3.0,True,,True,False,-0.07414168171865666,-0.5601336167417309,0.11315159246373824,False,,False,timeout
32,1787741331.4649372,1.6016509998589754,0.05164910014718771,19.361421537843576,0.05164910014718771,19.361421537843576,0.001651005819439888,True,False,7282536.278638494,7282536.2848348,6.196306087076664,7282536.328638494,0.0,0.008013099431991577,124.7956559739656,0.048602305352687836,0.9720461106749106,32,31,-0.06364311687829227,-0.5922949615010232,0.113,-0.05726497676561071,-0.6407036006581501,0.113,-0.047969731441941985,-0.6308778469639836,0.113,-0.05726497676561071,-0.6407036006581501,0.113,7282536.228638494,7282536.278638494,0.048602305352687836,0.049999999813735485,1,True,195,0,1.8638079724405998,6.7421215601608075,1.3099431991576982e-05,1,False,,True,25,0.02730420045554638,0.08087269961833954,12.365112141912839,False,False,False,,9.234810829162598,0.30000001192092896,13.465824127197266,1.110469102859497,,,4.307938575744629,True,0.20763287,0.896048271913,1,1.0,-1.0,1.4142135381698608,0.2076328694820404,-0.2076328694820404,0.293637216091156,0.2076328694820404,-0.2076328694820404,0.293637216091156,0.2076328843832016,-0.18604907393455505,0.27879324555397034,0.2076328843832016,-0.18604907393455505,0.27879324555397034,0.20763301849365234,0.0,0.20763301849365234,False,True,1.3353005051612854,,,,,,,,,,,1.6022995114326477,0.10868794471025467,0.563812255859375,0.5741927623748779,0.19811010360717773,0.44724076986312866,1484.800048828125,229.69808959960938,1490.3648681640625,229.69808959960938,14.5,1.9098697900772095,14.5,2.1917757987976074,0.0,0.28190600872039795,0.28190600872039795,0.2744178771972656,0.12034839391708374,0.2996479570865631,0.5381816029548645,1.307119369506836,0.0,2.0,1.5,3.0,True,,True,False,-0.06754867432563391,-0.574071510826424,0.11317459195078439,False,,False,timeout
33,1787741331.511968,1.6500023994594812,0.04835139960050583,20.681924582583097,0.04835139960050583,20.681924582583097,2.405606210231781e-06,False,False,7282536.328638494,7282536.3326491,4.010605625808239,7282536.378638494,0.0,0.008005400188267231,124.9156789769994,0.04664980620145798,0.932996127504841,33,32,-0.06361278092729801,-0.6076229741115888,0.113,-0.06836557848263167,-0.6524377480131163,0.113,-0.05726497676561071,-0.6407036006581501,0.113,-0.06836557848263167,-0.6524377480131163,0.113,7282536.278638494,7282536.328638494,0.04664980620145798,0.049999999813735485,1,True,201,0,1.8801146925489522,6.381248751403302,5.400188267230821e-06,1,False,,True,26,0.015333599410951138,0.06718270014971495,14.88478429374713,False,False,False,,9.44244384765625,0.30000001192092896,13.718193054199219,1.2657052278518677,,,4.383448123931885,True,0.20763287,0.896048271913,1,1.0,-1.0,1.4142135381698608,0.2076328694820404,-0.2076328694820404,0.293637216091156,0.2076328694820404,-0.2076328694820404,0.293637216091156,0.2076328843832016,-0.18604907393455505,0.27879324555397034,0.2076328843832016,-0.18604907393455505,0.27879324555397034,0.20763301849365234,0.0,0.20763301849365234,False,True,1.0978998616337776,,,,,,,,,,,1.5177996829152107,0.033171601593494415,0.7164376378059387,0.7172051668167114,0.10868794471025467,0.563812255859375,1484.800048828125,267.23944091796875,1486.498291015625,267.23944091796875,14.5,2.1917757987976074,14.5,2.549994707107544,0.0,0.3582189083099365,0.3582189083099365,0.2523689270019531,0.1552361249923706,0.29629096388816833,0.5506662130355835,1.2119524478912354,0.0,2.0,1.5,3.0,True,,True,False,-0.06332412470780231,-0.5888250041929942,0.11319007956334812,False,,False,timeout
34,1787741331.5625482,1.7000024002045393,0.05000000074505806,19.99999970197678,0.05000000074505806,19.99999970197678,2.4065375328063965e-06,False,False,7282536.378638494,7282536.3823822,3.7437062710523605,7282536.428638494,0.0,0.008000300265848637,124.99530852220137,0.052697706036269665,1.0,34,33,-0.06790029856081033,-0.6249784043658027,0.113,-0.08269826250436854,-0.6675884425962174,0.113,-0.06836557848263167,-0.6524377480131163,0.113,-0.08269826250436854,-0.6675884425962174,0.113,7282536.328638494,7282536.378638494,0.052697706036269665,0.049999999813735485,1,True,208,0,2.157651551684948,6.664885234990633,3.0026584863646066e-07,1,False,,False,,,,,False,False,False,,9.650076866149902,0.30000001192092896,13.93520736694336,1.4609886407852173,,,4.439621448516846,True,0.20763287,0.896048271913,1,1.0,-1.0,1.4142135381698608,0.2076328694820404,-0.2076328694820404,0.293637216091156,0.2076328694820404,-0.2076328694820404,0.293637216091156,0.2076328843832016,-0.18604907393455505,0.27879324555397034,0.2076328843832016,-0.18604907393455505,0.27879324555397034,0.20763301849365234,0.0,0.20763301849365234,False,True,1.4879005029797554,,,,,,,,,,,1.988300122320652,-0.03500895947217941,0.9171020984649658,0.9177700877189636,0.033171601593494415,0.7164376378059387,1483.007568359375,315.29559326171875,1483.007568359375,315.29559326171875,14.5,2.549994707107544,14.482495307922363,3.0085458755493164,-0.01750469207763672,0.45855116844177246,0.45888516306877136,0.21701431274414062,0.1952834129333496,0.29194319248199463,0.5451510548591614,1.226753830909729,0.0,2.0,1.5,3.0,True,,False,False,-0.06222276075907797,-0.6041629289854512,0.11316604532131114,False,,False,timeout
35,1787741331.618218,1.7539607994258404,0.05395839922130108,18.532795902611422,0.05395839922130108,18.532795902611422,0.0039608059450984,True,False,7282536.428638494,7282536.4383012,9.662706404924393,7282536.478638493,0.0,0.008003300055861473,124.94845788864532,0.058721606619656086,1.0,35,34,-0.07581148942894315,-0.6410374476983548,0.113,-0.10085750230373473,-0.6860758265000312,0.113,-0.08269826250436854,-0.6675884425962174,0.113,-0.10085750230373473,-0.6860758265000312,0.113,7282536.378638494,7282536.428638494,0.058721606619656086,0.049999999813735485,1,True,215,0,2.1798188947921218,7.333057739243314,3.300055861472917e-06,1,False,,True,27,0.038669999688863754,0.06032329984009266,16.577342463871155,False,False,False,,9.857709884643555,0.30000001192092896,14.12415599822998,1.733783483505249,,,4.500921726226807,True,0.20763287,0.896048271913,1,1.0,0.2835518717765808,1.0394237041473389,0.2076328694820404,0.05887468904256821,0.21581853926181793,0.2076328694820404,-0.2076328694820404,0.293637216091156,0.2076328843832016,-0.18604907393455505,0.27879324555397034,0.2076328843832016,-0.18604907393455505,0.27879324555397034,0.20763301849365234,0.0,0.20763301849365234,False,True,1.9680000841617584,,,,,,,,,,,2.404099330306053,-0.08266150206327438,1.0,1.0034106969833374,-0.03500895947217941,0.9171020984649658,1478.7752685546875,367.69561767578125,1478.7752685546875,367.69561767578125,14.482495307922363,3.0085458755493164,14.44116497039795,3.5085458755493164,-0.04133033752441406,0.5,0.5017052888870239,0.1889486312866211,0.27279484272003174,0.33184126019477844,0.5783334970474243,1.3241699934005737,0.0,2.0,1.5,3.0,True,,False,False,-0.06542173944444221,-0.6218758944246917,0.11322138836782596,False,,False,timeout
36,1787741331.6617124,1.8000018000602722,0.04604100063443184,21.71977120871149,0.04604100063443184,21.71977120871149,1.8067657947540283e-06,False,False,7282536.478638493,7282536.4825949,3.9564063772559166,7282536.528638493,0.0,0.008002299815416336,124.9640757115238,0.04874070640653372,0.9748141317621399,36,35,-0.08298551845593331,-0.6516333155977131,0.113,-0.12162149537044598,-0.7045315119912631,0.113,-0.10085750230373473,-0.6860758265000312,0.113,-0.12162149537044598,-0.7045315119912631,0.113,7282536.428638494,7282536.478638493,0.04874070640653372,0.049999999813735485,1,True,220,0,1.916677264929876,8.467090001192688,2.299815416335893e-06,1,False,,True,28,0.021404500119388103,0.08093370031565428,12.355792409093384,False,False,False,,10.065342903137207,0.30000001192092896,14.225956916809082,1.993878722190857,,,4.492208003997803,True,0.20763287,0.896048271913,1,1.0,-0.2759461998939514,1.03737473487854,0.2076328694820404,-0.05729550123214722,0.2153930962085724,0.2076328694820404,0.05887468904256821,0.21581853926181793,0.2076328843832016,0.052754562348127365,0.21422992646694183,0.2076328843832016,0.052754562348127365,0.21422992646694183,0.20763301849365234,0.05275455117225647,0.21423004567623138,False,False,1.0926006361842155,,,,,,,,,,,1.5174001455307007,-0.13061738014221191,1.0,1.0084943771362305,-0.08266150206327438,1.0,1472.0877685546875,420.0956115722656,1472.0877685546875,420.0956115722656,14.44116497039795,3.5085458755493164,14.375856399536133,4.008545875549316,-0.0653085708618164,0.5,0.5042471885681152,0.10180091857910156,0.2600952386856079,0.279308021068573,0.4999445974826813,1.5298794507980347,0.0,2.0,1.5,3.0,True,,False,False,-0.07165814361633278,-0.6361739051914235,0.11324976573623319,False,,False,timeout
37,1787741331.712398,1.8500013994053006,0.0499995993450284,20.000160263272846,0.0499995993450284,20.000160263272846,1.4062970876693726e-06,False,False,7282536.528638493,7282536.5327756,4.137107171118259,7282536.578638493,0.0,0.008021400310099125,124.66651224736626,0.04679880663752556,0.935976136237294,37,36,-0.09256100113944911,-0.6636395746621617,0.113,-0.14265295617256096,-0.722657406707844,0.113,-0.12162149537044598,-0.7045315119912631,0.113,-0.14265295617256096,-0.722657406707844,0.113,7282536.478638493,7282536.528638493,0.04679880663752556,0.049999999813735485,1,True,226,0,1.9043919055948606,9.64517190810742,2.1400310099124742e-05,1,False,,True,29,0.008748999796807766,0.0629933001473546,15.874704098067403,False,False,False,,10.27297592163086,0.3527545630931854,14.281872749328613,2.262871026992798,,,4.44069766998291,True,0.20763287,0.896048271913,1,1.0,0.01763756573200226,1.0001555681228638,0.2076328694820404,0.0036621384788304567,0.20766516029834747,0.2076328694820404,-0.05729550123214722,0.2153930962085724,0.2076328843832016,-0.04585560783743858,0.21263618767261505,0.2076328843832016,-0.04585561156272888,0.21263618767261505,0.20763301849365234,-0.04585561156272888,0.2126363217830658,False,False,1.1670002713799477,,,,,,,,,,,1.5947995707392693,-0.1569841504096985,1.0,1.0122469663619995,-0.13061738014221191,1.0,1464.0501708984375,472.49560546875,1464.0501708984375,472.49560546875,14.375856399536133,4.008545875549316,14.297364234924316,4.508545875549316,-0.0784921646118164,0.5,0.5061235427856445,0.05591583251953125,0.2689923048019409,0.2747425138950348,0.51459801197052,1.748202919960022,0.0,2.0,1.5,3.0,True,,False,False,-0.08004898759151698,-0.6492841476369171,0.11320514606689312,False,,False,timeout
38,1787741331.7635884,1.9002061001956463,0.05020470079034567,19.91845353637282,0.05020470079034567,19.91845353637282,0.0002061072736978531,False,False,7282536.578638493,7282536.582969,4.330506548285484,7282536.628638493,0.0,0.008004200644791126,124.93439937075634,0.052842507138848305,1.0,38,37,-0.10458513173649639,-0.6769235927474916,0.113,-0.16362243314640615,-0.739439292600418,0.113,-0.14265295617256096,-0.722657406707844,0.113,-0.16362243314640615,-0.739439292600418,0.113,7282536.528638493,7282536.578638493,0.052842507138848305,0.049999999813735485,1,True,233,0,2.1379514348875377,10.736479625246162,4.200644791126085e-06,1,False,,False,,,,,False,False,False,,10.480608940124512,0.30689895153045654,14.30612564086914,2.536614418029785,,,4.427889823913574,True,0.20763287,0.896048271913,1,1.0,-0.14141839742660522,1.009950041770935,0.2076328694820404,-0.029363106936216354,0.2096988409757614,0.2076328694820404,0.0036621384788304567,0.20766516029834747,0.2076328843832016,-0.0014853174798190594,0.2076381891965866,0.2076328843832016,-0.0014853179454803467,0.2076381891965866,0.20763301849365234,-0.0014853179454803467,0.20763832330703735,False,False,1.5913993120193481,,,,,,,,,,,2.167600207030773,-0.18585821986198425,1.0,1.0171250104904175,-0.1569841504096985,1.0,1454.5340576171875,524.8956298828125,1454.5340576171875,524.8956298828125,14.297364234924316,4.508545875549316,14.204435348510742,5.008545875549316,-0.09292888641357422,0.5,0.508562445640564,0.024252891540527344,0.2737433910369873,0.2748156487941742,0.5268874168395996,1.971950888633728,0.0,2.0,1.5,3.0,True,,False,False,-0.08980852983306281,-0.6614734037674175,0.11316531927052813,False,,False,timeout
39,1787741331.8136134,1.9513520002365112,0.051145900040864944,19.55190932608503,0.051145900040864944,19.55190932608503,0.0013520075008273125,True,False,7282536.628638493,7282536.6338398,5.201307125389576,7282536.678638493,0.0,0.008002299815416336,124.9640757115238,0.05087090656161308,1.0,39,38,-0.11543575669087847,-0.6877939651792087,0.113,-0.1848738238305508,-0.7552847510104428,0.113,-0.16362243314640615,-0.739439292600418,0.113,-0.1848738238305508,-0.7552847510104428,0.113,7282536.578638493,7282536.628638493,0.05087090656161308,0.049999999813735485,1,True,239,0,1.8728876487950064,11.556127793286382,2.299815416335893e-06,1,False,,True,30,0.02881070040166378,0.06265539955347776,15.960316383370566,False,False,False,,10.688241958618164,0.3054136335849762,14.312169075012207,2.8557119369506836,,,4.4313507080078125,True,0.20763287,0.896048271913,1,1.0,-0.001875758171081543,1.0000017881393433,0.2076328694820404,-0.00038946905988268554,0.20763324201107025,0.2076328694820404,-0.029363106936216354,0.2096988409757614,0.2076328843832016,-0.02646516263484955,0.20931272208690643,0.2076328843832016,-0.02646516263484955,0.20931272208690643,0.20763301849365234,-0.005413621664047241,0.2077035754919052,False,True,1.141800545156002,,,,,,,,,,,1.6251001507043839,-0.2217208743095398,1.0,1.0242851972579956,-0.18585821986198425,1.0,1443.1820068359375,577.2955932617188,1443.1820068359375,577.2955932617188,14.204435348510742,5.008545875549316,14.093574523925781,5.508545875549316,-0.11086082458496094,0.5,0.5121426582336426,0.006043434143066406,0.31909751892089844,0.3191547393798828,0.6147144436836243,2.1555280685424805,0.15552806854248047,2.0,1.5,3.0,True,,False,False,-0.10192731281787076,-0.6748219252482304,0.11313761780333331,False,,False,timeout
40,1787741331.8621988,2.000001499429345,0.0486494991928339,20.55519618066902,0.0486494991928339,20.55519618066902,1.5068799257278442e-06,False,False,7282536.678638493,7282536.6825217,3.883207216858864,7282536.7286384925,0.0,0.008003699593245983,124.94222057557755,0.04890620708465576,0.9781241453369116,40,39,-0.12665921629568158,-0.6982794795550195,0.113,-0.2063517946089879,-0.770851363348389,0.113,-0.1848738238305508,-0.7552847510104428,0.113,-0.2063517946089879,-0.770851363348389,0.113,7282536.628638493,7282536.678638493,0.04890620708465576,0.049999999813735485,1,True,245,0,1.863167254031494,12.641635526413658,3.6995932459829572e-06,1,False,,True,31,0.014157299883663654,0.08160459995269775,12.254211166768194,False,False,False,,10.895874977111816,0.30000001192092896,14.302802085876465,3.131666660308838,,,4.4300665855407715,True,0.20763287,0.896048271913,1,1.0,1.0,1.4142135381698608,0.2076328694820404,0.2076328694820404,0.293637216091156,0.2076328694820404,-0.00038946905988268554,0.20763324201107025,0.2076328843832016,-0.0009117383742704988,0.20763488113880157,0.2076328843832016,-0.0009117382578551769,0.20763488113880157,0.20763301849365234,0.0,0.20763301849365234,False,True,1.0906998068094254,,,,,,,,,,,1.4776000753045082,-0.2554340958595276,1.0,1.0321078300476074,-0.2217208743095398,1.0,1430.103759765625,629.6956176757812,1430.103759765625,629.6956176757812,14.093574523925781,5.508545875549316,13.96585750579834,6.008545875549316,-0.1277170181274414,0.5,0.5160539150238037,-0.009366989135742188,0.2759547233581543,0.2761136293411255,0.5300077199935913,2.3860702514648438,0.38607025146484375,2.0,1.5,3.0,True,,False,False,-0.11284954208742205,-0.6857724787749323,0.11308397260360784,False,,False,timeout
41,1787741331.911755,2.0500020002946258,0.05000050086528063,19.999799655894655,0.05000050086528063,19.999799655894655,2.0079314708709717e-06,False,False,7282536.7286384925,7282536.732575,3.9365077391266823,7282536.778638492,0.0,0.00802369974553585,124.63078526291696,0.046970306895673275,0.939406141413026,41,40,-0.1381904294318777,-0.7084256632904044,0.113,-0.22776257158697777,-0.7851754759505869,0.113,-0.2063517946089879,-0.770851363348389,0.113,-0.22776257158697777,-0.7851754759505869,0.113,7282536.678638493,7282536.7286384925,0.046970306895673275,0.049999999813735485,1,True,251,0,1.8684925842414897,13.664118497252684,2.369974553585036e-05,1,False,,True,32,0.0005679000169038773,0.06298879999667406,15.875838245097574,False,False,False,,11.103507995605469,0.30000001192092896,14.283130645751953,3.4069066047668457,,,4.445545196533203,True,0.20763287,0.896048271913,1,0.9782662391662598,1.0,1.3989298343658447,0.20312023162841797,0.2076328694820404,0.2904638350009918,0.2076328694820404,0.2076328694820404,0.293637216091156,0.2076328843832016,0.18604907393455505,0.27879324555397034,0.2076328843832016,0.18604907393455505,0.27879324555397034,0.20763301849365234,0.18604907393455505,0.2787933349609375,False,False,1.092200167477131,,,,,,,,,,,1.563900150358677,-0.3029441833496094,1.0,1.0448805093765259,-0.2554340958595276,1.0,1414.5931396484375,682.0955810546875,1414.5931396484375,682.0955810546875,13.96585750579834,6.008545875549316,13.814385414123535,6.508545875549316,-0.1514720916748047,0.5,0.5224402546882629,-0.01967144012451172,0.2752399444580078,0.27594202756881714,0.5261968374252319,2.6209137439727783,0.6209137439727783,2.0,1.5,3.0,True,,False,False,-0.1240172592576654,-0.6962501146389557,0.11306095888425398,False,,False,timeout
42,1787741331.9653807,2.103094100020826,0.053092099726200104,18.83519403370886,0.053092099726200104,18.83519403370886,0.0030941078439354897,True,False,7282536.778638492,7282536.7848384,6.199907511472702,7282536.828638492,0.0,0.008012299425899982,124.80811647745864,0.053001007065176964,1.0,42,41,-0.15201101196472816,-0.719831330410432,0.113,-0.250092634347132,-0.7986989339216165,0.113,-0.22776257158697777,-0.7851754759505869,0.113,-0.250092634347132,-0.7986989339216165,0.113,7282536.7286384925,7282536.778638492,0.053001007065176964,0.049999999813735485,1,True,258,0,1.8636438509095532,14.449322634286979,1.2299425899982286e-05,1,False,,False,,,,,False,False,False,,11.311141014099121,0.486049085855484,14.246855735778809,3.7321858406066895,,,4.376736640930176,True,0.20763287,0.896048271913,1,-0.5647568702697754,1.0,1.1484556198120117,-0.1172620877623558,0.2076328694820404,0.23845714330673218,0.20312023162841797,0.2076328694820404,0.2904638350009918,0.2035893350839615,0.20538920164108276,0.2891943156719208,0.2035893350839615,0.20538920164108276,0.2891943156719208,0.20358943939208984,0.20538923144340515,0.28919437527656555,False,False,1.1120997369289398,,,,,,,,,,,1.6676997765898705,-0.37011319398880005,1.0,1.0662944316864014,-0.3029441833496094,1.0,1395.6431884765625,734.49560546875,1395.6431884765625,734.49560546875,13.814385414123535,6.508545875549316,13.629328727722168,7.008545875549316,-0.1850566864013672,0.5,0.5331472158432007,-0.03627490997314453,0.32527923583984375,0.3272956609725952,0.6160032153129578,2.8098409175872803,0.8098409175872803,2.0,1.5,3.0,True,,False,False,-0.13754868339338955,-0.7080781218433988,0.11314135408645964,False,,False,timeout
43,1787741332.0119565,2.150003199465573,0.04690909944474697,21.317825578337406,0.04690909944474697,21.317825578337406,3.207474946975708e-06,False,False,7282536.828638492,7282536.8326718,4.033307544887066,7282536.878638492,0.0,0.008369499817490578,119.4814531102803,0.05140010733157396,1.0,43,42,-0.16417864623488843,-0.7292047650438742,0.113,-0.27269088669856695,-0.8107776219497277,0.113,-0.250092634347132,-0.7986989339216165,0.113,-0.27269088669856695,-0.8107776219497277,0.113,7282536.778638492,7282536.828638492,0.05140010733157396,0.049999999813735485,1,True,264,0,1.8656277277750672,15.440903383431426,0.00036949981749057753,1,False,,True,33,0.01922259945422411,0.06359080038964748,15.72554510829524,False,False,False,,11.514730453491211,0.6914383172988892,14.20772933959961,4.012210845947266,,,4.275485038757324,True,0.20763287,0.896048271913,1,1.0,1.0,1.4142135381698608,0.2076328694820404,0.2076328694820404,0.293637216091156,-0.1172620877623558,0.2076328694820404,0.23845714330673218,-0.08390901982784271,0.2073996365070343,0.22373048961162567,-0.0839090347290039,0.2073996365070343,0.22373048961162567,-0.0839090347290039,0.20739960670471191,0.22373047471046448,False,False,1.191600225865841,,,,,,,,,,,1.621500588953495,-0.4225108325481415,1.0,1.0855945348739624,-0.37011319398880005,1.0,1374.0106201171875,786.8956298828125,1374.0106201171875,786.8956298828125,13.629328727722168,7.008545875549316,13.418073654174805,7.508545875549316,-0.21125507354736328,0.5,0.5427970886230469,-0.03912639617919922,0.28002500534057617,0.28274524211883545,0.5180481672286987,3.0516505241394043,1.0516505241394043,2.0,1.5,3.0,True,,False,False,-0.14934690157613986,-0.7178884760369143,0.11313279816624391,False,,False,timeout
44,1787741332.0635815,2.200002499856055,0.04999930039048195,20.000279847722904,0.04999930039048195,20.000279847722904,2.5080516934394836e-06,False,False,7282536.878638492,7282536.883722,5.0835078582167625,7282536.928638492,0.0,0.008202600292861462,121.9125599561736,0.04963200818747282,0.9926401674473292,44,43,-0.1766242780550921,-0.7382058914330988,0.113,-0.2955008020015052,-0.8220561933087164,0.113,-0.27269088669856695,-0.8107776219497277,0.113,-0.2955008020015052,-0.8220561933087164,0.113,7282536.828638492,7282536.878638492,0.04963200818747282,0.049999999813735485,1,True,270,0,1.8681036100494601,16.415404709124225,0.00020260029286146147,1,False,,True,34,0.005310299806296825,0.08167089987546206,12.244263275228697,False,False,False,,11.430821418762207,0.8988379240036011,14.159004211425781,4.293712139129639,,,4.355244159698486,True,0.20763287,0.896048271913,1,1.0,0.7143752574920654,1.228955626487732,0.2076328694820404,0.1483277827501297,0.25517159700393677,0.2076328694820404,0.2076328694820404,0.293637216091156,0.17732658982276917,0.20760862529277802,0.27303123474121094,0.17732658982276917,0.20760862529277802,0.27303123474121094,0.17732620239257812,0.20760858058929443,0.27303096652030945,False,False,1.5389006584882736,,,,,,,,,,,2.0059002563357353,-0.4772251546382904,1.0,1.1080360412597656,-0.4225108325481415,1.0,1349.5767822265625,839.2955932617188,1349.5767822265625,839.2955932617188,13.418073654174805,7.508545875549316,13.179461479187012,8.008545875549316,-0.23861217498779297,0.5,0.5540178418159485,-0.048725128173828125,0.28150129318237305,0.28568708896636963,0.5126590132713318,3.2991108894348145,1.2991108894348145,2.0,1.5,3.0,True,,False,False,-0.16142137331188047,-0.7273500446669825,0.1130582077951718,False,,False,timeout
45,1787741332.1143892,2.2500024996697903,0.049999999813735485,20.000000074505806,0.049999999813735485,20.000000074505806,2.5080516934394836e-06,False,False,7282536.928638492,7282536.934298,5.659508518874645,7282536.978638492,0.0,0.008006099611520767,124.90476618115034,0.04767900798469782,0.9535801632463193,45,44,-0.18934042477517032,-0.7468204465129679,0.113,-0.31948489317818424,-0.8323409923278882,0.113,-0.2955008020015052,-0.8220561933087164,0.113,-0.31948489317818424,-0.8323409923278882,0.113,7282536.878638492,7282536.928638492,0.04767900798469782,0.049999999813735485,1,True,276,0,1.8684051078518122,17.441219302410037,6.099611520767045e-06,1,False,,True,35,0.02813929971307516,0.06358660012483597,15.726583872022669,False,False,False,,11.608147621154785,1.1064465045928955,14.10037612915039,4.57696008682251,,,4.272665023803711,True,0.20763287,0.896048271913,1,1.0,1.0,1.4142135381698608,0.2076328694820404,0.2076328694820404,0.293637216091156,0.2076328694820404,0.1483277827501297,0.25517159700393677,0.20448243618011475,0.154490128159523,0.25628161430358887,0.20448243618011475,0.154490128159523,0.25628161430358887,0.2044820785522461,0.15449011325836182,0.256281316280365,False,False,1.5033995732665062,,,,,,,,,,,2.055400051176548,-0.5198439955711365,1.0,1.1270482540130615,-0.4772251546382904,1.0,1322.9608154296875,891.6956176757812,1322.9608154296875,891.6956176757812,13.179461479187012,8.008545875549316,12.919539451599121,8.508545875549316,-0.2599220275878906,0.5,0.5635241270065308,-0.058628082275390625,0.2832479476928711,0.2892518937587738,0.5069899559020996,3.5530078411102295,1.5530078411102295,2.0,1.5,3.0,True,,False,False,-0.1737859277875517,-0.73646907773921,0.11302350907288335,False,,False,timeout
46,1787741332.1629505,2.300689499825239,0.050687000155448914,19.72892451581589,0.050687000155448914,19.72892451581589,0.000689508393406868,False,False,7282536.978638492,7282536.9833664,4.727908410131931,7282537.028638491,0.0,0.008005299605429173,124.91724848396713,0.05376830790191889,1.0,46,45,-0.20449685836452305,-0.7563797813059903,0.113,-0.3433489643814643,-0.8415591572620219,0.113,-0.31948489317818424,-0.8323409923278882,0.113,-0.3433489643814643,-0.8415591572620219,0.113,7282536.928638492,7282536.978638492,0.05376830790191889,0.049999999813735485,1,True,283,0,1.8745687203139885,18.164247117112097,5.299605429172349e-06,1,False,,True,36,0.042053899727761745,0.027168000116944313,36.8080092644108,False,False,False,,11.812629699707031,1.2609366178512573,14.0191011428833,4.907561302185059,,,4.262204647064209,True,0.20763287,0.896048271913,1,1.0,1.0,1.4142135381698608,0.2076328694820404,0.2076328694820404,0.293637216091156,0.2076328694820404,0.2076328694820404,0.293637216091156,0.20730534195899963,0.20210859179496765,0.2895226776599884,0.20730534195899963,0.20210859179496765,0.2895226776599884,0.2073049545288086,0.20210862159729004,0.2895224094390869,False,False,1.1106999590992928,,,,,,,,,,,1.5296004712581635,-0.6162332892417908,1.0,1.1746248006820679,-0.5198439955711365,1.0,1291.40966796875,944.0955810546875,1291.40966796875,944.0955810546875,12.919539451599121,8.508545875549316,12.611422538757324,9.008545875549316,-0.3081169128417969,0.5,0.5873125791549683,-0.08127498626708984,0.33060121536254883,0.34044498205184937,0.5870578289031982,3.7651195526123047,1.7651195526123047,2.0,1.5,3.0,True,,False,False,-0.18850882810870206,-0.7465933174586346,0.11309382228581023,False,,False,timeout
47,1787741332.2119389,2.3500020001083612,0.04931250028312206,20.278833850618295,0.04931250028312206,20.278833850618295,2.008862793445587e-06,False,False,7282537.028638491,7282537.0326679,4.0294090285897255,7282537.078638491,0.0,0.008002899587154388,124.95471036586785,0.05181360803544521,1.0,47,46,-0.21775637093295838,-0.7641320784330661,0.113,-0.36831686975310063,-0.849839524688235,0.113,-0.3433489643814643,-0.8415591572620219,0.113,-0.36831686975310063,-0.849839524688235,0.113,7282536.978638492,7282537.028638491,0.05181360803544521,0.049999999813735485,1,True,289,0,1.8770721701129076,19.20164126634529,2.899587154388261e-06,1,False,,True,37,0.014775199815630913,0.036771299317479134,27.195122787642504,False,False,False,,12.01993465423584,1.4630452394485474,13.936635971069336,5.191673755645752,,,4.1924238204956055,True,0.20763287,0.896048271913,1,1.0,1.0,1.4142135381698608,0.2076328694820404,0.2076328694820404,0.293637216091156,0.2076328694820404,0.2076328694820404,0.293637216091156,0.20759877562522888,0.2070586085319519,0.2932072877883911,0.20759877562522888,0.2070586085319519,0.2932072877883911,0.20759868621826172,0.20705854892730713,0.29320719838142395,False,False,1.119299791753292,,,,,,,,,,,1.5956005081534386,-0.7279880046844482,1.0,1.2369182109832764,-0.6162332892417908,1.0,1254.13671875,995.5999755859375,1254.13671875,996.49560546875,12.611422538757324,9.008545875549316,12.247428894042969,9.5,-0.36399364471435547,0.4914541244506836,0.6115705370903015,-0.08246517181396484,0.28411245346069336,0.29583844542503357,0.4854961931705475,4.040383815765381,2.040383815765381,2.0,1.5,3.0,True,,True,False,-0.2014647721110298,-0.7548097256515147,0.11313243724127049,False,,False,timeout
48,1787741332.2615297,2.4000022998079658,0.05000029969960451,19.99988012087675,0.05000029969960451,19.99988012087675,2.3087486624717712e-06,False,False,7282537.078638491,7282537.0822958,3.657308407127857,7282537.128638491,0.0,0.008005300536751747,124.9172339513143,0.0498656090348959,0.9973121844131954,48,47,-0.23128515723906715,-0.7714035872672845,0.113,-0.3942051093959961,-0.8557750314297494,0.113,-0.36831686975310063,-0.849839524688235,0.113,-0.3942051093959961,-0.8557750314297494,0.113,7282537.028638491,7282537.078638491,0.0498656090348959,0.049999999813735485,1,True,295,0,1.8762861510142042,20.223275373928047,5.300536751746965e-06,1,False,,False,,,,,False,False,False,,12.227533340454102,1.6701037883758545,13.84302043914795,5.4765448570251465,,,4.135068893432617,True,0.20763287,0.896048271913,1,0.17408859729766846,1.0,1.0150402784347534,0.03614651411771774,0.2076328694820404,0.21075573563575745,0.2076328694820404,0.2076328694820404,0.293637216091156,0.20762932300567627,0.20757317543029785,0.29359251260757446,0.20762932300567627,0.20757317543029785,0.29359251260757446,0.20762920379638672,0.20757317543029785,0.2935924232006073,False,False,1.0648993775248528,,,,,,,,,,,2.3319004103541374,-0.8904604911804199,1.0,1.338999629020691,-0.7279880046844482,1.0,1208.5450439453125,995.5999755859375,1208.5450439453125,1048.0,12.247428894042969,9.5,11.80219841003418,9.5,-0.44523048400878906,0.0,0.44523048400878906,-0.09361553192138672,0.28487110137939453,0.2998589873313904,0.4654221832752228,4.328290939331055,2.3282909393310547,2.0,1.5,3.0,True,,True,False,-0.21470036850568094,-0.7626292658556195,0.1130322254947645,False,,False,timeout
49,1787741332.3167138,2.453398799523711,0.05339649971574545,18.727819338785647,0.05339649971574545,18.727819338785647,0.0033988086506724358,True,False,7282537.128638491,7282537.1370635,8.42500850558281,7282537.178638491,0.0,0.008006500080227852,124.89851870101295,0.055924808606505394,1.0,49,48,-0.24764978339660887,-0.7786885619860913,0.113,-0.4094000229082126,-0.843837463507793,0.113,-0.3942051093959961,-0.8557750314297494,0.113,-0.4094000229082126,-0.843837463507793,0.113,7282537.078638491,7282537.128638491,0.055924808606505394,0.049999999813735485,1,True,302,0,1.8713130069365858,19.308277972930206,6.500080227851701e-06,1,False,,True,38,0.052547999657690525,0.07659440021961927,13.055784719675303,False,False,False,,12.435162544250488,1.8776769638061523,13.718120574951172,5.808834552764893,,,4.135212421417236,True,0.20763287,0.896048271913,1,1.0,1.0,1.4142135381698608,0.2076328694820404,0.2076328694820404,0.293637216091156,0.03614651411771774,0.2076328694820404,0.21075573563575745,0.05397243797779083,0.20762667059898376,0.21452705562114716,0.05397243797779083,0.20762667059898376,0.21452705562114716,0.05397224426269531,0.2076265811920166,0.2145269215106964,False,False,1.368899829685688,,,,,,,,,,,2.354600466787815,-1.0,1.0,1.4142135381698608,-0.8904604911804199,1.0,1157.3450927734375,995.5999755859375,1157.3450927734375,1048.0,11.80219841003418,9.5,11.30219841003418,9.5,-0.5,0.0,0.5,-0.12489986419677734,0.3322896957397461,0.3549879193305969,0.28052857518196106,4.158781051635742,2.158781051635742,2.0,1.5,3.0,True,,True,False,-0.23051076806570253,-0.7711766964974975,0.11308524881956214,False,,False,timeout
50,1787741332.3621793,2.500001600012183,0.046602800488471985,21.45793792472552,0.046602800488471985,21.45793792472552,1.6093254089355469e-06,False,False,7282537.178638491,7282537.1826267,3.988209180533886,7282537.228638491,0.0,0.008001700043678284,124.97344246114882,0.04594020918011665,0.9188041870251454,50,49,-0.25979254179610484,-0.7827266439413243,0.113,-0.42620044937663043,-0.8306385577079455,0.113,-0.4094000229082126,-0.843837463507793,0.113,-0.42620044937663043,-0.8306385577079455,0.113,7282537.128638491,7282537.178638491,0.04594020918011665,0.049999999813735485,1,True,307,0,1.884185292295214,19.19914662472303,1.7000436782835249e-06,1,False,,True,39,0.03624249994754791,0.06604520045220852,15.141145657111265,False,False,False,,12.489134788513184,2.085303544998169,13.616766929626465,6.041244029998779,,,4.113516807556152,True,0.20763287,0.896048271913,1,1.0,1.0,1.4142135381698608,0.2076328694820404,0.2076328694820404,0.293637216091156,0.2076328694820404,0.2076328694820404,0.293637216091156,0.1916595846414566,0.20763221383094788,0.28256773948669434,0.1916595846414566,0.20763221383094788,0.28256773948669434,0.19165992736816406,0.20763230323791504,0.2825680375099182,False,False,1.1093998327851295,,,,,,,,,,,1.4755995944142342,-1.0,1.0,1.4142135381698608,-1.0,1.0,1106.14501953125,995.5999755859375,1106.14501953125,1048.0,11.30219841003418,9.5,10.80219841003418,9.5,-0.5,0.0,0.5,-0.10135364532470703,0.23240947723388672,0.253548264503479,0.20270729064941406,4.161756992340088,2.161756992340088,2.0,1.5,3.0,True,,True,False,-0.24194686032218185,-0.7766818063247801,0.11308374061771097,False,,False,timeout
51,1787741332.4117565,2.550001099705696,0.04999949969351292,20.000200124597306,0.04999949969351292,20.000200124597306,1.109205186367035e-06,False,False,7282537.228638491,7282537.2326027,3.964208997786045,7282537.2786384905,0.0,0.008009299635887146,124.85486190569215,0.052599809132516384,1.0,51,50,-0.2772507061590539,-0.7867322721363755,0.113,-0.44295259324189185,-0.8174775841315468,0.113,-0.42620044937663043,-0.8306385577079455,0.113,-0.44295259324189185,-0.8174775841315468,0.113,7282537.178638491,7282537.228638491,0.052599809132516384,0.049999999813735485,1,True,314,0,1.8822956850630042,18.734676662936995,9.29963588714583e-06,1,False,,True,40,0.007877499796450138,0.06248429976403713,16.004020270313575,False,False,False,,12.680794715881348,2.292935848236084,13.435614585876465,6.355688571929932,,,4.132277011871338,True,0.20763287,0.896048271913,1,0.6047309637069702,1.0,1.1686314344406128,0.12556202709674835,0.2076328694820404,0.24264630675315857,0.2076328694820404,0.2076328694820404,0.293637216091156,0.20597246289253235,0.20763280987739563,0.2924654483795166,0.20597246289253235,0.20763280987739563,0.2924654483795166,0.20597267150878906,0.20763278007507324,0.29246556758880615,False,False,1.079300418496132,,,,,,,,,,,1.6176998615264893,-1.0,1.0,1.4142135381698608,-1.0,1.0,1054.945068359375,995.5999755859375,1054.945068359375,1048.0,10.80219841003418,9.5,10.30219841003418,9.5,-0.5,0.0,0.5,-0.18115234375,0.31444454193115234,0.362893283367157,0.3623046875,4.10141134262085,2.1014113426208496,2.0,1.5,3.0,True,,True,False,-0.2588439464531707,-0.7827959316508317,0.11301119430321382,False,,False,timeout
52,1787741332.4633787,2.6000041998922825,0.05000310018658638,19.998760002249934,0.05000310018658638,19.998760002249934,4.209578037261963e-06,False,False,7282537.2786384905,7282537.2830695,4.431009292602539,7282537.32863849,0.0,0.00800469983369112,124.92660821472438,0.0508269090205431,1.0,52,51,-0.2924828039142501,-0.7886738760106506,0.113,-0.4599837139402751,-0.8040974382057059,0.113,-0.44295259324189185,-0.8174775841315468,0.113,-0.4599837139402751,-0.8040974382057059,0.113,7282537.228638491,7282537.2786384905,0.0508269090205431,0.049999999813735485,1,True,320,0,1.8911619272182383,18.71181472801108,4.699833691119981e-06,1,False,,False,,,,,False,False,False,,12.886767387390137,2.5005686283111572,13.251256942749023,6.609234809875488,,,4.124802112579346,True,0.20763287,0.896048271913,1,0.2531801462173462,1.0,1.0315523147583008,0.05256852135062218,0.2076328694820404,0.21418417990207672,0.12556202709674835,0.2076328694820404,0.24264630675315857,0.1339208483695984,0.2076328545808792,0.24707528948783875,0.1339208483695984,0.2076328545808792,0.24707528948783875,0.13392066955566406,0.20763278007507324,0.2470751255750656,False,False,1.947600394487381,,,,,,,,,,,2.181599847972393,-1.0,1.0,1.4142135381698608,-1.0,1.0,1003.7451171875,995.5999755859375,1003.7451171875,1048.0,10.30219841003418,9.5,9.80219841003418,9.5,-0.5,0.0,0.5,-0.1843576431274414,0.25354623794555664,0.3134859502315521,0.3687152862548828,4.129584789276123,2.129584789276123,2.0,1.5,3.0,True,,True,False,-0.2736866574820917,-0.7865872211198395,0.11300970378759626,False,,False,timeout
53,1787741332.5159957,2.651703800074756,0.05169960018247366,19.34250935153273,0.05169960018247366,19.34250935153273,0.0017038099467754364,True,False,7282537.32863849,7282537.3354777,6.839210167527199,7282537.37863849,0.0,0.008007300086319447,124.88604014085973,0.04886490944772959,0.9772981925953113,53,52,-0.30782422019012995,-0.7893475174162397,0.113,-0.4766389783946354,-0.7910125759245075,0.113,-0.4599837139402751,-0.8040974382057059,0.113,-0.4766389783946354,-0.7910125759245075,0.113,7282537.2786384905,7282537.32863849,0.04886490944772959,0.049999999813735485,1,True,326,0,1.8835743508026743,18.765438166461067,7.300086319446397e-06,1,False,,True,41,0.038966200314462185,0.07836760021746159,12.760375425878916,False,False,False,,13.0206880569458,2.7082014083862305,13.033612251281738,6.844825267791748,,,4.136643886566162,True,0.20763287,0.896048271913,1,0.30078306794166565,1.0,1.0442559719085693,0.06245245039463043,0.2076328694820404,0.21682186424732208,0.05256852135062218,0.2076328694820404,0.21418417990207672,0.061025217175483704,0.2076328545808792,0.21641506254673004,0.061025217175483704,0.2076328545808792,0.21641506254673004,0.06102561950683594,0.20763278007507324,0.21641510725021362,False,False,1.732400618493557,,,,,,,,,,,1.9481992349028587,-1.0,1.0,1.4142135381698608,-1.0,1.0,952.5451049804688,995.5999755859375,952.5451049804688,1048.0,9.80219841003418,9.5,9.30219841003418,9.5,-0.5,0.0,0.5,-0.21764469146728516,0.23559045791625977,0.32073676586151123,0.4352893829345703,4.182342529296875,2.182342529296875,2.0,1.5,3.0,True,,True,False,-0.28899801351047116,-0.7887758678715366,0.11282002124296642,False,,False,timeout
54,1787741332.5620055,2.700001999735832,0.04829819966107607,20.704705496629693,0.04829819966107607,20.704705496629693,2.0097941160202026e-06,False,False,7282537.37863849,7282537.3827592,4.120710305869579,7282537.42863849,0.0,0.008002899587154388,124.95471036586785,0.04701230954378843,0.9402461943784587,54,53,-0.3231738630679048,-0.7888758473966898,0.113,-0.4932465842171288,-0.7779651556566856,0.113,-0.4766389783946354,-0.7910125759245075,0.113,-0.4932465842171288,-0.7779651556566856,0.113,7282537.32863849,7282537.37863849,0.04701230954378843,0.049999999813735485,1,True,332,0,1.8875957561456522,18.929509461489875,2.899587154388261e-06,1,False,,True,42,0.026560800150036812,0.07094370014965534,14.095684294595651,False,False,False,,13.081713676452637,2.9158341884613037,12.795272827148438,7.0620222091674805,,,4.156070232391357,True,0.20763287,0.896048271913,1,0.8965761661529541,1.0,1.3430743217468262,0.186158686876297,0.2076328694820404,0.27886638045310974,0.06245245039463043,0.2076328694820404,0.21682186424732208,0.06230412796139717,0.2076328545808792,0.2167791724205017,0.06230412796139717,0.2076328545808792,0.2167791724205017,0.06230449676513672,0.20763278007507324,0.2167792022228241,False,False,1.1489000171422958,,,,,,,,,,,1.5683993697166443,-1.0,0.8767322897911072,1.3299095630645752,-1.0,1.0,901.3450927734375,995.5999755859375,901.3450927734375,1041.540771484375,9.30219841003418,9.5,8.80219841003418,9.5,-0.5,0.0,0.5,-0.23833942413330078,0.21719694137573242,0.3224596083164215,0.47667884826660156,4.259730339050293,2.259730339050293,2.0,1.5,3.0,True,,True,False,-0.3043171317110086,-0.789724838954763,0.11293166457671186,False,,False,timeout
55,1787741332.6124299,2.7500030994415283,0.050001099705696106,19.999560127396165,0.050001099705696106,19.999560127396165,3.1096860766410828e-06,False,False,7282537.42863849,7282537.432235,3.5965098068118095,7282537.47863849,0.0,0.008004600182175636,124.92816346115139,0.05316560994833708,1.0,55,54,-0.3409962053357348,-0.7870428467672057,0.113,-0.5098067356765144,-0.7649550169227358,0.113,-0.4932465842171288,-0.7779651556566856,0.113,-0.5098067356765144,-0.7649550169227358,0.113,7282537.37863849,7282537.42863849,0.05316560994833708,0.049999999813735485,1,True,339,0,1.8913719517080665,18.916172209104495,4.600182175636125e-06,1,False,,False,,,,,False,False,False,,13.144018173217773,3.123466968536377,12.490962982177734,7.291983604431152,,,4.219361782073975,True,0.20763287,0.896048271913,1,-1.0,1.0,1.4142135381698608,-0.2076328694820404,0.2076328694820404,0.293637216091156,0.186158686876297,0.2076328694820404,0.27886638045310974,0.17328381538391113,0.2076328545808792,0.2704416513442993,0.17328381538391113,0.2076328545808792,0.2704416513442993,0.17328357696533203,0.20763278007507324,0.2704414427280426,False,False,1.2237997725605965,,,,,,,,,,,2.098100259900093,-1.0,0.6901872754096985,1.2150548696517944,-1.0,0.8767322897911072,850.1451416015625,995.5999755859375,850.1451416015625,1031.765869140625,8.80219841003418,9.5,8.30219841003418,9.5,-0.5,0.0,0.5,-0.3043098449707031,0.22996139526367188,0.38142722845077515,0.6086196899414062,4.299107074737549,2.299107074737549,2.0,1.5,3.0,True,,True,False,-0.3222159610533802,-0.789282879933317,0.11288397379345556,False,,False,timeout
56,1787741332.6681662,2.804814299568534,0.05481120012700558,18.244446348243674,0.05481120012700558,18.244446348243674,0.004814309999346733,True,False,7282537.47863849,7282537.4885342,9.89571027457714,7282537.52863849,0.0,0.0080035999417305,124.9437762107566,0.05920120980590582,1.0,56,55,-0.35865516068331627,-0.7840091575487467,0.113,-0.5263196358758665,-0.7519820001589503,0.113,-0.5098067356765144,-0.7649550169227358,0.113,-0.5263196358758665,-0.7519820001589503,0.113,7282537.42863849,7282537.47863849,0.05920120980590582,0.049999999813735485,1,True,346,0,1.8879485671586502,18.95753826514118,3.599941730499101e-06,1,False,,True,43,0.050681499764323235,0.06037159916013479,16.5640800295436,False,False,False,,13.317301750183105,3.33109974861145,12.163839340209961,7.501051425933838,,,4.326542377471924,True,0.20763287,0.896048271913,1,-0.31195950508117676,0.9344408512115479,0.9851387739181519,-0.06477304548025131,0.19402062892913818,0.2045471966266632,-0.2076328694820404,0.2076328694820404,0.293637216091156,-0.16803595423698425,0.2076328545808792,0.2671094834804535,-0.13816574215888977,0.2076328545808792,0.24940162897109985,-0.13816547393798828,0.20763278007507324,0.24940142035484314,True,False,1.444399356842041,,,,,,,,,,,2.2457996383309364,-1.0,0.49092021584510803,1.1140029430389404,-1.0,0.6901872754096985,798.9451293945312,995.5999755859375,798.9451293945312,1021.32421875,8.30219841003418,9.5,7.80219841003418,9.5,-0.5,0.0,0.5,-0.32712364196777344,0.20906782150268555,0.3882257342338562,0.6542472839355469,4.3483405113220215,2.3483405113220215,2.0,1.5,3.0,True,,True,False,-0.34010093072441433,-0.7874984653274374,0.11301615801331753,False,,False,timeout
57,1787741332.7132294,2.850894100032747,0.046079800464212894,21.701482860730554,0.046079800464212894,21.701482860730554,0.0008941106498241425,False,False,7282537.52863849,7282537.5337324,5.093910731375217,7282537.578638489,0.0,0.008002799935638905,124.95626631208104,0.04949971009045839,0.9899942054971836,57,56,-0.37113245907092585,-0.7811570026634294,0.113,-0.5431078776230345,-0.7387926670320514,0.113,-0.5263196358758665,-0.7519820001589503,0.113,-0.5431078776230345,-0.7387926670320514,0.113,7282537.47863849,7282537.52863849,0.04949971009045839,0.049999999813735485,1,True,351,0,1.8908254166713725,19.602339034722842,2.799935638904405e-06,1,False,,True,44,0.03343589976429939,0.0810272004455328,12.341534626661684,False,False,False,,13.179136276245117,3.5387325286865234,11.919410705566406,7.63592004776001,,,4.286473274230957,True,0.20763287,0.896048271913,1,0.5476968288421631,0.578945517539978,0.7969627976417542,0.1137198656797409,0.12020812183618546,0.16547568142414093,-0.06477304548025131,0.19402062892913818,0.2045471966266632,-0.07240231335163116,0.19543562829494476,0.20841588079929352,-0.07240231335163116,0.19543562829494476,0.20841588079929352,-0.0724020004272461,0.1954355239868164,0.2084156721830368,False,False,1.1225007474422455,,,,,,,,,,,1.6593001782894135,-1.0,0.43051087856292725,1.0887329578399658,-1.0,0.49092021584510803,747.7451171875,995.5999755859375,747.7451171875,1018.1588134765625,7.80219841003418,9.5,7.30219841003418,9.5,-0.5,0.0,0.5,-0.2444286346435547,0.13486862182617188,0.2791682481765747,0.4888572692871094,4.519538879394531,2.5195388793945312,2.0,1.5,3.0,True,,True,False,-0.35271632730502595,-0.7854427069641483,0.11296991577059898,False,,False,timeout
58,1787741332.7617338,2.9000019002705812,0.049107800237834454,20.363363766181553,0.049107800237834454,20.363363766181553,1.911073923110962e-06,False,False,7282537.578638489,7282537.582638,3.999510779976845,7282537.628638489,0.0,0.008007599972188473,124.88136313916047,0.04759141057729721,0.9518282150917806,58,57,-0.3859469910512477,-0.7771044231851553,0.113,-0.5595259633913648,-0.7258941392549517,0.113,-0.5431078776230345,-0.7387926670320514,0.113,-0.5595259633913648,-0.7258941392549517,0.113,7282537.52863849,7282537.578638489,0.04759141057729721,0.049999999813735485,1,True,357,0,1.888292644826341,19.98571413429917,7.599972188472581e-06,1,False,,True,45,0.001559300348162651,0.06298740021884441,15.876191056077632,False,False,False,,13.106734275817871,3.73416805267334,11.61437702178955,7.784685134887695,,,4.316690921783447,True,0.20763287,0.896048271913,1,-1.0,1.0,1.4142135381698608,-0.2076328694820404,0.2076328694820404,0.293637216091156,0.1137198656797409,0.12020812183618546,0.16547568142414093,0.09437216818332672,0.12802813947200775,0.15905128419399261,0.09437216818332672,0.12802813947200775,0.15905128419399261,0.09437179565429688,0.12802815437316895,0.1590510755777359,False,False,1.109899953007698,,,,,,,,,,,1.5529999509453773,-1.0,0.3342076241970062,1.054369330406189,-1.0,0.43051087856292725,696.5451049804688,995.5999755859375,696.5451049804688,1013.1124877929688,7.30219841003418,9.5,6.80219841003418,9.5,-0.5,0.0,0.5,-0.30503368377685547,0.14876508712768555,0.3393767774105072,0.6100673675537109,4.640817642211914,2.640817642211914,2.0,1.5,3.0,True,,True,False,-0.36777197750674884,-0.782226039672872,0.11294672279514112,False,,False,timeout
59,1787741332.8133411,2.950002799741924,0.050000899471342564,19.999640217935248,0.050000899471342564,19.999640217935248,2.810731530189514e-06,False,False,7282537.628638489,7282537.6330617,4.423210397362709,7282537.678638489,0.0,0.00801169965416193,124.81745986078228,0.053653910756111145,1.0,59,58,-0.40300896801303154,-0.7716300785540489,0.113,-0.5758974042009216,-0.7130322571200356,0.113,-0.5595259633913648,-0.7258941392549517,0.113,-0.5758974042009216,-0.7130322571200356,0.113,7282537.578638489,7282537.628638489,0.053653910756111145,0.049999999813735485,1,True,364,0,1.8841064396497318,20.13896102644622,1.1699654161929918e-05,1,False,,False,,,,,False,False,False,,13.201106071472168,3.862196207046509,11.24595832824707,7.9407057762146,,,4.522923946380615,True,0.20763287,0.896048271913,1,-1.0,1.0,1.4142135381698608,-0.2076328694820404,0.2076328694820404,0.293637216091156,-0.2076328694820404,0.2076328694820404,0.293637216091156,-0.17623896896839142,0.19935782253742218,0.26608967781066895,-0.17623895406723022,0.19935782253742218,0.26608967781066895,-0.176239013671875,0.1993577480316162,0.26608964800834656,False,False,1.8933992832899094,,,,,,,,,,,2.1562008187174797,-1.0,0.2071019411087036,1.0212204456329346,-1.0,0.3342076241970062,645.3450927734375,995.5999755859375,645.3450927734375,1006.4521484375,6.80219841003418,9.5,6.30219841003418,9.5,-0.5,0.0,0.5,-0.36841869354248047,0.1560206413269043,0.4000934660434723,0.7368373870849609,4.709394931793213,2.709394931793213,2.0,1.5,3.0,True,,True,False,-0.38512652030687006,-0.7775632046950559,0.11295774098607989,False,,False,timeout
60,1787741332.867003,3.0026495000347495,0.0526467002928257,18.99454276218471,0.0526467002928257,18.99454276218471,0.0026495112106204033,True,False,7282537.678638489,7282537.6868959,8.257411420345306,7282537.728638489,0.0,0.008019199594855309,124.70072457624659,0.0516964104026556,1.0,60,59,-0.41744134106114245,-0.7663749514590183,0.113,-0.5922223985522359,-0.7002068646794868,0.113,-0.5758974042009216,-0.7130322571200356,0.113,-0.5922223985522359,-0.7002068646794868,0.113,7282537.628638489,7282537.678638489,0.0516964104026556,0.049999999813735485,1,True,370,0,1.8932110792983279,20.581762823437366,1.9199594855308366e-05,1,False,,True,46,0.039415900595486164,0.080987099558115,12.347645556591596,False,False,False,,13.024867057800293,4.061553955078125,10.92414379119873,8.059724807739258,,,4.516459941864014,True,0.20763287,0.896048271913,1,-1.0,1.0,1.4142135381698608,-0.2076328694820404,0.2076328694820404,0.293637216091156,-0.2076328694820404,0.2076328694820404,0.293637216091156,-0.2043694257736206,0.20677265524864197,0.29072633385658264,-0.2043694257736206,0.20677265524864197,0.29072633385658264,-0.20436954498291016,0.2067728042602539,0.29072651267051697,False,False,1.4212001115083694,,,,,,,,,,,2.0583998411893845,-1.0,0.1717136651277542,1.014635682106018,-1.0,0.2071019411087036,594.1451416015625,995.5999755859375,594.1451416015625,1004.5977783203125,6.30219841003418,9.5,5.80219841003418,9.5,-0.5,0.0,0.5,-0.32181453704833984,0.1190190315246582,0.34311825037002563,0.6436290740966797,4.841154098510742,2.841154098510742,2.0,1.5,3.0,True,,True,False,-0.39968123918045234,-0.7729308213178077,0.1128445308393294,False,,False,timeout
61,1787741332.9114847,3.0500005995854735,0.04735109955072403,21.118833764963952,0.04735109955072403,21.118833764963952,6.109476089477539e-07,False,False,7282537.728638489,7282537.7324668,3.828311339020729,7282537.778638489,0.0,0.008005600422620773,124.9125546129409,0.04973111115396023,0.9946222267844611,61,60,-0.4317017912406406,-0.7606694498211753,0.113,-0.6085011438211256,-0.6874178068690977,0.113,-0.5922223985522359,-0.7002068646794868,0.113,-0.6085011438211256,-0.6874178068690977,0.113,7282537.678638489,7282537.728638489,0.04973111115396023,0.049999999813735485,1,True,376,0,1.883631879366825,21.020903808732676,5.600422620773149e-06,1,False,,True,47,0.023473000153899193,0.06510630063712597,15.359496549705112,False,False,False,,12.820497512817383,4.268326759338379,10.592059135437012,8.169784545898438,,,4.4930291175842285,True,0.20763287,0.896048271913,1,-1.0,1.0,1.4142135381698608,-0.2076328694820404,0.2076328694820404,0.293637216091156,-0.2076328694820404,0.2076328694820404,0.293637216091156,-0.20729364454746246,0.20754346251487732,0.2933341860771179,-0.20729364454746246,0.20754346251487732,0.2933341860771179,-0.20729351043701172,0.20754337310791016,0.2933340072631836,False,False,1.1253003031015396,,,,,,,,,,,1.4097001403570175,-1.0,0.13706283271312714,1.0093493461608887,-1.0,0.1717136651277542,542.9451293945312,995.5999755859375,542.9451293945312,1002.7820434570312,5.80219841003418,9.5,5.30219841003418,9.5,-0.5,0.0,0.5,-0.33208465576171875,0.11005973815917969,0.34984761476516724,0.6641693115234375,4.9711408615112305,2.9711408615112305,2.0,1.5,3.0,True,,True,False,-0.4142455407642401,-0.7677458163888344,0.11289388118930896,False,,False,timeout
62,1787741332.9711676,3.1000023996457458,0.05000180006027222,19.999280001811915,0.05000180006027222,19.999280001811915,2.411194145679474e-06,False,False,7282537.778638489,,,7282537.828638488,,0.008003899827599525,124.93909488368911,0.05580811109393835,1.0,63,-1,-0.4434500532868703,-0.7555893590466733,0.113,-0.42865417571464115,-0.7620225417128317,0.113,-0.42865417571464115,-0.7620225417128317,0.113,-0.42865417571464115,-0.7620225417128317,0.113,7282537.7820821,7282537.7820821,0.002364499494433403,0.0,1,True,383,1,1.6134283869385466,0.010622442919570874,3.899827599525285e-06,1,False,,False,,,,,False,False,False,,12.613204002380371,4.475870132446289,10.252946853637695,8.268682479858398,,,4.467240810394287,True,0.20763287,0.896048271913,1,-1.0,1.0,1.4142135381698608,-0.2076328694820404,0.2076328694820404,0.293637216091156,-0.2076328694820404,0.2076328694820404,0.293637216091156,-0.20759759843349457,0.20762357115745544,0.2936056852340698,-0.20759759843349457,0.20762357115745544,0.2936056852340698,-0.2075977325439453,0.20762348175048828,0.2936057448387146,False,False,1.4108996838331223,,,,,,,,,,,1.8560001626610756,-1.0,0.11174817383289337,1.0062243938446045,-1.0,0.13706283271312714,998.7017822265625,872.4134521484375,998.7017822265625,872.4134521484375,10.252946853637695,8.268682479858398,9.752946853637695,8.324556350708008,-0.5,0.055873870849609375,0.5031121969223022,-0.3391122817993164,0.09889793395996094,0.3532392084598541,0.6782245635986328,5.101573944091797,3.101573944091797,2.0,1.5,3.0,False,lag_over_hard_limit,False,False,-0.42865417571464115,-0.7620225417128317,0.1128937755708043,False,,False,timeout
63,1787741333.0198157,3.154481000266969,0.05447860062122345,18.355831254784945,0.05447860062122345,18.355831254784945,0.004481012001633644,True,False,7282537.828638488,7282537.8394867,10.848211124539375,7282537.878638488,0.0,0.008008199743926525,124.87201018660993,0.10385341104120016,1.0,63,-1,-0.4293639242078644,-0.7617139461812962,0.113,-0.42865417571464115,-0.7620225417128317,0.113,-0.42865417571464115,-0.7620225417128317,0.113,-0.42865417571464115,-0.7620225417128317,0.113,7282537.7820821,7282537.7820821,0.05040979944169521,0.0,1,True,389,1,1.3708340822221756,1.448223955915096,8.19974392652495e-06,1,False,,True,48,0.04330460075289011,0.06297959946095943,15.87815750749403,False,False,False,,12.405606269836426,4.683493614196777,9.932255744934082,8.354278564453125,,,4.426299095153809,True,0.20763287,0.896048271913,1,-1.0,1.0,1.4142135381698608,-0.2076328694820404,0.2076328694820404,0.293637216091156,-0.2076328694820404,0.2076328694820404,0.293637216091156,-0.2076292186975479,0.2076318860054016,0.29363393783569336,-0.2076292186975479,0.2076318860054016,0.29363393783569336,-0.20762920379638672,0.20763206481933594,0.2936340570449829,False,False,1.8476005643606186,,,,,,,,,,,2.2460008040070534,-1.0,0.10214810073375702,1.0052036046981812,-1.0,0.11174817383289337,998.7017822265625,871.9104614257812,998.7017822265625,871.9104614257812,10.252946853637695,8.268682479858398,9.752946853637695,8.319756507873535,-0.5,0.05107402801513672,0.5026018023490906,-0.3206911087036133,0.08559608459472656,0.3319178819656372,,0.3319178819656372,0.0,2.0,1.5,3.0,True,,False,False,-0.44198748305676383,-0.7563694477304058,0.11297342190761266,False,,False,timeout
64,1787741333.0623672,3.200077500194311,0.04559649992734194,21.9315079357736,0.04559649992734194,21.9315079357736,7.751211524009705e-05,False,False,7282537.878638488,7282537.8830637,4.425211809575558,7282537.928638488,0.0,0.008016599342226982,124.74117232385018,0.05191481113433838,1.0,64,63,-0.44215490175834987,-0.7532111326584895,0.113,-0.44720308856703744,-0.7499068688960164,0.113,-0.42865417571464115,-0.7620225417128317,0.113,-0.44720308856703744,-0.7499068688960164,0.113,7282537.828638488,7282537.878638488,0.05191481113433838,0.049999999813735485,1,True,395,1,0.5479126116438229,1.1368319393363473,1.659934222698195e-05,1,False,,True,49,0.02571480069309473,0.08495210018008947,11.771339353354486,False,False,False,,12.197977066040039,4.891125679016113,10.00698471069336,8.328726768493652,,,4.076462745666504,True,0.20763287,0.896048271913,1,-1.0,0.6621569395065308,1.1993547677993774,-0.2076328694820404,0.1374855488538742,0.24902547895908356,-0.2076328694820404,0.2076328694820404,0.293637216091156,-0.20763248205184937,0.20763278007507324,0.29363688826560974,-0.20763248205184937,0.20763278007507324,0.29363688826560974,-0.20763206481933594,0.20763301849365234,0.2936367690563202,False,False,1.1200997978448868,,,,,,,,,,,1.6926005482673645,-1.0,0.17684367299079895,1.0155165195465088,-1.0,0.10214810073375702,947.5017700195312,881.1770629882812,947.5017700195312,881.1770629882812,9.752946853637695,8.319756507873535,9.252946853637695,8.408178329467773,-0.5,0.08842182159423828,0.5077582597732544,0.07472896575927734,-0.025551795959472656,0.07897666096687317,-0.1530807763338089,0.2541961669921875,0.0,2.0,1.5,3.0,True,,False,False,-0.4387351735117465,-0.757491762436894,0.11304990410259015,False,,False,timeout
65,1787741333.1124804,3.250117499381304,0.050039999186992645,19.984013114451432,0.050039999186992645,19.984013114451432,0.00011751148849725723,False,False,7282537.928638488,7282537.9329443,4.30581159889698,7282537.978638488,0.0,0.008013099431991577,124.7956559739656,0.04999851156026125,0.9999702349304044,65,64,-0.4556060675049609,-0.7457997756287239,0.113,-0.4667663053867684,-0.73991569825343,0.113,-0.44720308856703744,-0.7499068688960164,0.113,-0.4667663053867684,-0.73991569825343,0.113,7282537.878638488,7282537.928638488,0.04999851156026125,0.049999999813735485,1,True,401,1,1.8640912902181221,3.1246018911622766,1.3099431991576982e-05,1,False,,True,50,0.015007099136710167,0.06288599967956543,15.901790622642297,False,False,False,,11.990345001220703,5.098758697509766,9.960752487182617,8.301365852355957,,,3.7915613651275635,True,0.20763287,0.896048271913,1,-1.0,1.0,1.4142135381698608,-0.2076328694820404,0.2076328694820404,0.293637216091156,-0.2076328694820404,0.1374855488538742,0.24902547895908356,-0.20763278007507324,0.14477750658988953,0.25312426686286926,-0.20763278007507324,0.14477750658988953,0.25312426686286926,-0.20763301849365234,0.1447772979736328,0.2531243562698364,False,False,1.1423993855714798,,,,,,,,,,,1.5719002112746239,-1.0,0.1925009787082672,1.0183597803115845,-1.0,0.17684367299079895,896.3017578125,891.26416015625,896.3017578125,891.26416015625,9.252946853637695,8.408178329467773,8.752946853637695,8.50442886352539,-0.5,0.09625053405761719,0.5091798901557922,-0.04623222351074219,-0.027360916137695312,0.05372186005115509,0.08027669042348862,0.7158196568489075,0.0,2.0,1.5,3.0,True,,False,False,-0.4395811343782274,-0.7553146620970043,0.11261001588986219,False,,False,timeout
66,1787741333.1631486,3.3000031001865864,0.04988560080528259,20.045864615388293,0.04988560080528259,20.045864615388293,3.112480044364929e-06,False,False,7282537.978638488,7282537.9829844,4.345912486314774,7282538.028638488,0.0,0.008009799756109715,124.84706615008946,0.04804301168769598,0.9608602373334029,66,65,-0.46924058197521945,-0.7387266976907005,0.113,-0.4861985638946956,-0.7299914095992379,0.113,-0.4667663053867684,-0.73991569825343,0.113,-0.4861985638946956,-0.7299914095992379,0.113,7282537.928638488,7282537.978638488,0.04804301168769598,0.049999999813735485,1,True,407,1,2.161948816970583,4.069442480991015,9.799756109714342e-06,1,False,,False,,,,,False,False,False,,11.78271198272705,5.243535995483398,9.677547454833984,8.331735610961914,,,3.737471580505371,True,0.20763287,0.896048271913,1,-1.0,1.0,1.4142135381698608,-0.2076328694820404,0.2076328694820404,0.293637216091156,-0.2076328694820404,0.2076328694820404,0.293637216091156,-0.2076328843832016,0.20109891891479492,0.28905394673347473,-0.2076328843832016,0.20109891891479492,0.28905394673347473,-0.20763301849365234,0.20109891891479492,0.2890540361404419,False,False,1.773899421095848,,,,,,,,,,,2.285500057041645,-1.0,0.16325487196445465,1.0132384300231934,-1.0,0.1925009787082672,845.1017456054688,899.8187255859375,845.1017456054688,899.8187255859375,8.752946853637695,8.50442886352539,8.252946853637695,8.58605670928955,-0.5,0.08162784576416016,0.5066192746162415,-0.2832050323486328,0.03036975860595703,0.2848287522792816,0.5574454069137573,0.9405898451805115,0.0,2.0,1.5,3.0,True,,False,False,-0.45010535972542853,-0.7487873863224132,0.11316757812173889,False,,False,timeout
67,1787741333.2157595,3.352442200295627,0.05243910010904074,19.06973990630315,0.05243910010904074,19.06973990630315,0.002442212775349617,True,False,7282538.028638488,7282538.0362508,7.612312212586403,7282538.0786384875,0.0,0.008009099401533604,124.85798338431377,0.0540689118206501,1.0,67,66,-0.48505199566160506,-0.7302937390605353,0.113,-0.5050152003778333,-0.719470948223011,0.113,-0.4861985638946956,-0.7299914095992379,0.113,-0.5050152003778333,-0.719470948223011,0.113,7282537.978638488,7282538.028638488,0.0540689118206501,0.049999999813735485,1,True,414,1,2.0158945599883937,4.28635003487028,9.099401533603502e-06,1,False,,True,51,0.03730430081486702,0.060743700712919235,16.46261239047814,False,False,False,,11.575078964233398,5.444634914398193,9.235862731933594,8.40491771697998,,,3.7729573249816895,True,0.20763287,0.896048271913,1,-1.0,0.7642518281936646,1.2586027383804321,-0.2076328694820404,0.15868380665779114,0.2613272964954376,-0.2076328694820404,0.2076328694820404,0.293637216091156,-0.2076328843832016,0.20695365965366364,0.29315733909606934,-0.2076328843832016,0.20695365965366364,0.29315733909606934,-0.20763301849365234,0.2069535255432129,0.29315733909606934,False,False,2.122200094163418,,,,,,,,,,,1.7483001574873924,-1.0,0.1378875970840454,1.009461760520935,-1.0,0.16325487196445465,793.9017333984375,907.0440673828125,793.9017333984375,907.0440673828125,8.252946853637695,8.58605670928955,7.752946853637695,8.655000686645508,-0.5,0.06894397735595703,0.5047308802604675,-0.4416847229003906,0.0731821060180664,0.447706401348114,0.8837111592292786,0.9994673728942871,0.0,2.0,1.5,3.0,True,,False,False,-0.46714022123168747,-0.7395372601560793,0.11267023913655128,False,,False,timeout
68,1787741333.2622871,3.400001799687743,0.04755959939211607,21.026249438210563,0.04755959939211607,21.026249438210563,1.8123537302017212e-06,False,False,7282538.0786384875,7282538.0826189,3.980412147939205,7282538.128638487,0.0,0.008004100061953068,124.93596934818824,0.05208971258252859,1.0,68,67,-0.49850958836991416,-0.7228895583641187,0.113,-0.5240489826398188,-0.7087560080809912,0.113,-0.5050152003778333,-0.719470948223011,0.113,-0.5240489826398188,-0.7087560080809912,0.113,7282538.028638488,7282538.0786384875,0.05208971258252859,0.049999999813735485,1,True,420,1,1.9200442054298135,4.838927229014809,4.100061953067613e-06,1,False,,True,52,0.020422999747097492,0.08033199980854988,12.448339421192502,False,False,False,,11.367445945739746,5.651588439941406,8.86337661743164,8.47392749786377,,,3.773057222366333,True,0.20763287,0.896048271913,1,-1.0,1.0,1.4142135381698608,-0.2076328694820404,0.2076328694820404,0.293637216091156,-0.2076328694820404,0.15868380665779114,0.2613272964954376,-0.2076328843832016,0.16370151937007904,0.2644042372703552,-0.2076328843832016,0.16370151937007904,0.2644042372703552,-0.20763301849365234,0.16370153427124023,0.2644043564796448,False,False,1.1370005086064339,,,,,,,,,,,1.5107998624444008,-1.0,0.13051895797252655,1.0084816217422485,-1.0,0.1378875970840454,742.7017822265625,913.88330078125,742.7017822265625,913.88330078125,7.752946853637695,8.655000686645508,7.252946853637695,8.720260620117188,-0.5,0.06525993347167969,0.504240870475769,-0.3724861145019531,0.06900978088378906,0.3788248300552368,0.7497484683990479,1.125096321105957,0.0,2.0,1.5,3.0,True,,False,False,-0.48162343268351343,-0.7320281829021699,0.11298378989123337,False,,False,timeout
69,1787741333.3118474,3.4500017995014787,0.049999999813735485,20.000000074505806,0.049999999813735485,20.000000074505806,1.8123537302017212e-06,False,False,7282538.128638487,7282538.1325438,3.905313089489937,7282538.178638487,0.0,0.008244299329817295,121.2959355300557,0.05036311224102974,1.0,69,68,-0.5118486173147107,-0.7152741719052381,0.113,-0.5421736056578396,-0.6976933720258292,0.113,-0.5240489826398188,-0.7087560080809912,0.113,-0.5421736056578396,-0.6976933720258292,0.113,7282538.0786384875,7282538.128638487,0.05036311224102974,0.049999999813735485,1,True,426,1,1.8981343276517257,5.403325261951522,0.0002442993298172949,1,False,,True,53,0.006439599208533764,0.06413770001381636,15.591454008868153,False,False,False,,11.159812927246094,5.8152899742126465,8.505138397216797,8.53496265411377,,,3.8005151748657227,True,0.20763287,0.896048271913,1,-1.0,1.0,1.4142135381698608,-0.2076328694820404,0.2076328694820404,0.293637216091156,-0.2076328694820404,0.2076328694820404,0.293637216091156,-0.2076328843832016,0.2030661255121231,0.29042601585388184,-0.2076328843832016,0.2030661255121231,0.29042601585388184,-0.20763301849365234,0.20306634902954102,0.29042625427246094,False,False,1.0906001552939415,,,,,,,,,,,1.4931000769138336,-1.0,0.1144874095916748,1.0065324306488037,-1.0,0.13051895797252655,691.5017700195312,919.8824462890625,691.5017700195312,919.8824462890625,7.252946853637695,8.720260620117188,6.752946853637695,8.777503967285156,-0.5,0.05724334716796875,0.5032661557197571,-0.35823822021484375,0.06103515625,0.36340048909187317,0.7201411128044128,1.2658274173736572,0.0,2.0,1.5,3.0,True,,False,False,-0.49534855266369227,-0.724656083408394,0.11313782467177887,False,,False,timeout
70,1787741333.3674793,3.5041664000600576,0.05416460055857897,18.462242676718365,0.05416460055857897,18.462242676718365,0.004166413098573685,True,False,7282538.178638487,7282538.18783,9.191513061523438,7282538.228638487,0.0,0.008038499392569065,124.40132805439012,0.05644591245800257,1.0,70,69,-0.5272935582843423,-0.7061869257678822,0.113,-0.5602053472545662,-0.6866874275420747,0.113,-0.5421736056578396,-0.6976933720258292,0.113,-0.5602053472545662,-0.6866874275420747,0.113,7282538.128638487,7282538.178638487,0.05644591245800257,0.049999999813735485,1,True,433,1,1.8780196831491986,5.703376147459086,3.849939256906493e-05,1,False,,False,,,,,False,False,False,,10.952179908752441,6.0183563232421875,8.08505916595459,8.595542907714844,,,3.855161666870117,True,0.20763287,0.896048271913,1,-1.0,1.0,1.4142135381698608,-0.2076328694820404,0.2076328694820404,0.293637216091156,-0.2076328694820404,0.2076328694820404,0.293637216091156,-0.2076328843832016,0.2071581780910492,0.2933017611503601,-0.2076328843832016,0.2071581780910492,0.2933017611503601,-0.20763301849365234,0.20715808868408203,0.2933017909526825,False,False,1.8018996343016624,,,,,,,,,,,2.780499868094921,-0.9624444842338562,0.08601461350917816,0.966280460357666,-1.0,0.1144874095916748,642.224609375,924.3895263671875,642.224609375,924.3895263671875,6.752946853637695,8.777503967285156,6.271724700927734,8.820510864257812,-0.48122215270996094,0.04300689697265625,0.48314008116722107,-0.42007923126220703,0.06058025360107422,0.4244249165058136,0.8429806232452393,1.344482421875,0.0,2.0,1.5,3.0,True,,False,False,-0.5110859294499183,-0.7156716249774755,0.11277854684768977,False,,False,timeout
71,1787741333.412032,3.550001200288534,0.045834800228476524,21.817483549949323,0.045834800228476524,21.817483549949323,1.2135133147239685e-06,False,False,7282538.228638487,7282538.2325759,3.9374129846692085,7282538.278638487,0.0,0.00800199992954731,124.96875891082045,0.046469912864267826,0.9293982607476349,71,70,-0.538259580405974,-0.6995849903558147,0.113,-0.5772695122402307,-0.6759091782940075,0.113,-0.5602053472545662,-0.6866874275420747,0.113,-0.5772695122402307,-0.6759091782940075,0.113,7282538.178638487,7282538.228638487,0.046469912864267826,0.049999999813735485,1,True,438,1,1.6259633205387523,6.189192509355177,1.999929547309709e-06,1,False,,True,54,0.025726200081408024,0.06398299988359213,15.62915152180042,False,False,False,,10.744546890258789,6.2255144119262695,7.7280473709106445,8.6441068649292,,,3.86637544631958,True,0.20763287,0.896048271913,1,-1.0,0.5518554449081421,1.1421666145324707,-0.2076328694820404,0.1145833283662796,0.23715132474899292,-0.2076328694820404,0.2076328694820404,0.293637216091156,-0.2076328843832016,0.20758351683616638,0.2936023473739624,-0.2076328843832016,0.20758351683616638,0.2936023473739624,-0.20763301849365234,0.20758342742919922,0.2936023771762848,False,False,1.2068003416061401,,,,,,,,,,,1.6416991129517555,-0.8521139025688171,0.05717330053448677,0.8540297746658325,-0.9624444842338562,0.08601461350917816,598.5963745117188,927.3853759765625,598.5963745117188,927.3853759765625,6.271724700927734,8.820510864257812,5.845667839050293,8.84909725189209,-0.4260568618774414,0.028586387634277344,0.4270147979259491,-0.3570117950439453,0.04856395721435547,0.3602997064590454,0.7449547648429871,1.4669677019119263,0.0,2.0,1.5,3.0,True,,False,False,-0.5243278291312753,-0.7079682830842919,0.11295120018102596,False,,False,timeout
72,1787741333.46163,3.6000017998740077,0.05000059958547354,19.99976016868657,0.05000059958547354,19.99976016868657,1.8132850527763367e-06,False,False,7282538.278638487,7282538.2826859,4.047413356602192,7282538.328638487,0.0,0.008004100061953068,124.93596934818824,0.0525283133611083,1.0,72,71,-0.5534873892127911,-0.690138705208272,0.113,-0.59219183521351,-0.665770809831896,0.113,-0.5772695122402307,-0.6759091782940075,0.113,-0.59219183521351,-0.665770809831896,0.113,7282538.228638487,7282538.278638487,0.0525283133611083,0.049999999813735485,1,True,445,1,1.8697616184714576,6.443374313909556,4.100061953067613e-06,1,False,,True,55,0.01312519982457161,0.08102449961006641,12.341946014014765,False,False,False,,10.536913871765137,6.433097839355469,7.365367412567139,8.6881103515625,,,3.8915021419525146,True,0.20763287,0.896048271913,1,-1.0,1.0,1.4142135381698608,-0.2076328694820404,0.2076328694820404,0.293637216091156,-0.2076328694820404,0.1145833283662796,0.23715132474899292,-0.2076328843832016,0.12425084412097931,0.24197041988372803,-0.2076328843832016,0.12425084412097931,0.24197041988372803,-0.20763301849365234,0.12425088882446289,0.24197056889533997,False,False,1.1096997186541557,,,,,,,,,,,1.615600660443306,-0.7476032376289368,0.022840622812509537,0.7479521036148071,-0.8521139025688171,0.05717330053448677,560.319091796875,928.5822143554688,560.319091796875,928.5822143554688,5.845667839050293,8.84909725189209,5.471866130828857,8.860517501831055,-0.37380170822143555,0.011420249938964844,0.37397611141204834,-0.36267995834350586,0.04400348663330078,0.36533963680267334,0.854331374168396,1.528202772140503,0.0,2.0,1.5,3.0,True,,False,False,-0.5375941881340821,-0.6999877883021262,0.11305072152385279,False,,False,timeout
73,1787741333.512242,3.650002899579704,0.050001099705696106,19.999560127396165,0.050001099705696106,19.999560127396165,2.913177013397217e-06,False,False,7282538.328638487,7282538.3324132,3.7747137248516083,7282538.378638486,0.0,0.008582300506532192,116.51887500779964,0.05115381348878145,1.0,73,72,-0.5663736158441661,-0.6817800280130955,0.113,-0.6046842772518788,-0.6565057100870423,0.113,-0.59219183521351,-0.665770809831896,0.113,-0.6046842772518788,-0.6565057100870423,0.113,7282538.278638487,7282538.328638487,0.05115381348878145,0.049999999813735485,1,True,451,1,1.8584190215096785,6.447972109654524,0.0005823005065321921,1,False,,False,,,,,False,False,False,,10.329280853271484,6.557348728179932,7.001197814941406,8.72704029083252,,,3.972870349884033,True,0.20763287,0.896048271913,1,-1.0,1.0,1.4142135381698608,-0.2076328694820404,0.2076328694820404,0.293637216091156,-0.2076328694820404,0.2076328694820404,0.293637216091156,-0.2076328843832016,0.1989651620388031,0.28757357597351074,-0.2076328843832016,0.1989651620388031,0.28757357597351074,-0.20763301849365234,0.19896507263183594,0.28757357597351074,False,False,1.1617997661232948,,,,,,,,,,,2.3370999842882156,-0.6299392580986023,-0.0252719484269619,0.6304459571838379,-0.7476032376289368,0.022840622812509537,528.0662231445312,927.2579956054688,528.0662231445312,927.2579956054688,5.471866130828857,8.860517501831055,5.156896591186523,8.847881317138672,-0.314969539642334,-0.012636184692382812,0.31522291898727417,-0.3641695976257324,0.03892993927001953,0.36624449491500854,0.9765024781227112,1.5351454019546509,0.0,2.0,1.5,3.0,True,,False,False,-0.550735691446255,-0.6918211680083112,0.1129456486192028,False,,False,timeout
74,1787741333.5650265,3.7016743002459407,0.05167140066623688,19.353065469607444,0.05167140066623688,19.353065469607444,0.0016743140295147896,True,False,7282538.378638486,7282538.3844698,5.831313319504261,7282538.428638486,0.0,0.00800309982150793,124.95158404903934,0.04918511305004358,0.9837022646654482,74,73,-0.5790518116052371,-0.6731093895623937,0.113,-0.6147762114224412,-0.6480955849783622,0.113,-0.6046842772518788,-0.6565057100870423,0.113,-0.6147762114224412,-0.6480955849783622,0.113,7282538.328638487,7282538.378638486,0.04918511305004358,0.049999999813735485,1,True,457,1,1.6144229681498465,5.975425304968604,3.099821507930589e-06,1,False,,True,56,0.050973900593817234,0.06229150015860796,16.053554617464318,False,False,False,,10.121647834777832,6.756313800811768,6.580387115478516,8.765641212463379,,,4.07159948348999,True,0.20763287,0.896048271913,1,-1.0,0.8941648006439209,1.341465950012207,-0.2076328694820404,0.18565800786018372,0.2785324156284332,-0.2076328694820404,0.2076328694820404,0.293637216091156,-0.2076328843832016,0.20673184096813202,0.2930007874965668,-0.2076328843832016,0.20673184096813202,0.2930007874965668,-0.20763301849365234,0.20673179626464844,0.29300087690353394,False,False,1.1508995667099953,,,,,,,,,,,1.6729999333620071,-0.514053225517273,-0.08876919746398926,0.5216614603996277,-0.6299392580986023,-0.0252719484269619,501.7466735839844,922.6064453125,501.7466735839844,922.6064453125,5.156896591186523,8.847881317138672,4.899869918823242,8.803496360778809,-0.25702667236328125,-0.04438495635986328,0.2608308494091034,-0.4208106994628906,0.038600921630859375,0.4225774109363556,1.3289803266525269,1.4258642196655273,0.0,2.0,1.5,3.0,True,,False,False,-0.5657081854872953,-0.682196879092921,0.11296355735857841,False,,False,timeout
75,1787741333.6114993,3.7500010998919606,0.048326799646019936,20.69245237269415,0.048326799646019936,20.69245237269415,1.1138617992401123e-06,False,False,7282538.428638486,7282538.4325915,3.9530135691165924,7282538.478638486,0.0,0.008004500530660152,124.92971874630226,0.04724171385169029,0.9448342805535879,75,74,-0.5913602106832934,-0.6639234531987518,0.113,-0.622375240391834,-0.6395903969817947,0.113,-0.6147762114224412,-0.6480955849783622,0.113,-0.622375240391834,-0.6395903969817947,0.113,7282538.378638486,7282538.428638486,0.04724171385169029,0.049999999813735485,1,True,463,1,1.5929348407971538,5.534691060419312,4.500530660152269e-06,1,False,,True,57,0.019612600095570087,0.0641441997140646,15.589874134492236,False,False,False,,9.91401481628418,6.963045597076416,6.210751533508301,8.789981842041016,,,4.12938928604126,True,0.20763287,0.896048271913,1,-1.0,0.6056572198867798,1.1691110134124756,-0.2076328694820404,0.12575434148311615,0.24274587631225586,-0.2076328694820404,0.18565800786018372,0.2785324156284332,-0.2076328843832016,0.18784865736961365,0.2799973785877228,-0.2076328843832016,0.18784865736961365,0.2799973785877228,-0.20763301849365234,0.18784856796264648,0.27999740839004517,False,False,1.1959001421928406,,,,,,,,,,,1.4674998819828033,-0.42809411883354187,-0.14203014969825745,0.4510400593280792,-0.514053225517273,-0.08876919746398926,479.8282470703125,915.1639404296875,479.8282470703125,915.1639404296875,4.899869918823242,8.803496360778809,4.6858229637146,8.732481002807617,-0.21404695510864258,-0.0710153579711914,0.22552001476287842,-0.36963558197021484,0.02434062957763672,0.3704361319541931,1.3805978298187256,1.3109512329101562,0.0,2.0,1.5,3.0,True,,False,False,-0.5785837264503928,-0.6734368616216502,0.11302552504877053,False,,False,timeout
76,1787741333.66518,3.8003513999283314,0.050350300036370754,19.86085483656792,0.050350300036370754,19.86085483656792,0.0003514140844345093,False,False,7282538.478638486,7282538.4848424,6.203914061188698,7282538.528638486,0.0,0.008014500141143799,124.7738452041856,0.05329331383109093,1.0,76,75,-0.6050071589460999,-0.652315365618768,0.113,-0.6279344024470066,-0.6316542916488328,0.113,-0.622375240391834,-0.6395903969817947,0.113,-0.6279344024470066,-0.6316542916488328,0.113,7282538.428638486,7282538.478638486,0.05329331383109093,0.049999999813735485,1,True,470,1,1.8581486895030543,4.943997793518665,1.4500141143798662e-05,1,False,,True,58,0.004646699875593185,0.07936590071767569,12.599869603411287,False,False,False,,9.706381797790527,7.1508941650390625,5.847751617431641,8.79962158203125,,,4.196108818054199,True,0.20763287,0.896048271913,1,-1.0,1.0,1.4142135381698608,-0.2076328694820404,0.2076328694820404,0.293637216091156,-0.2076328694820404,0.12575434148311615,0.24274587631225586,-0.2076328843832016,0.13220913708209991,0.24615171551704407,-0.2076328843832016,0.13220913708209991,0.24615171551704407,-0.20763301849365234,0.13220930099487305,0.24615192413330078,False,False,1.7486000433564186,,,,,,,,,,,2.2328998893499374,-0.3545781672000885,-0.20234015583992004,0.4082489609718323,-0.42809411883354187,-0.14203014969825745,461.67388916015625,904.5613403320312,461.67388916015625,904.5613403320312,4.6858229637146,8.732481002807617,4.508533954620361,8.63131046295166,-0.17728900909423828,-0.10117053985595703,0.20412464439868927,-0.36299991607666016,0.009639739990234375,0.3631278872489929,1.5142656564712524,1.1638668775558472,0.0,2.0,1.5,3.0,True,,False,False,-0.5908542157920035,-0.6643555273181937,0.11301901469931032,False,,False,timeout
77,1787741333.7163177,3.8539392994716763,0.053587899543344975,18.66092921203494,0.053587899543344975,18.66092921203494,0.003939313814043999,True,False,7282538.528638486,7282538.5372011,8.56261420994997,7282538.578638486,0.0,0.008014299906790257,124.77696263309693,0.05133641418069601,1.0,77,76,-0.6156322558022641,-0.6412333991408246,0.113,-0.6313470233623315,-0.6233339587621812,0.113,-0.6279344024470066,-0.6316542916488328,0.113,-0.6313470233623315,-0.6233339587621812,0.113,7282538.478638486,7282538.528638486,0.05133641418069601,0.049999999813735485,1,True,476,1,1.5984026443139436,3.9794912390582136,1.4299906790256334e-05,1,False,,True,59,0.02961799968034029,0.06531559955328703,15.310278200602916,False,False,False,,9.498748779296875,7.2831034660339355,5.421962738037109,8.784771919250488,,,4.344559192657471,True,0.20763287,0.896048271913,1,-1.0,1.0,1.4142135381698608,-0.2076328694820404,0.2076328694820404,0.293637216091156,-0.2076328694820404,0.2076328694820404,0.293637216091156,-0.2076328843832016,0.19979245960712433,0.2881465554237366,-0.2076328843832016,0.19979245960712433,0.2881465554237366,-0.20763301849365234,0.19979238510131836,0.28814661502838135,False,False,1.254100352525711,,,,,,,,,,,1.7903996631503105,-0.2748842239379883,-0.26645517349243164,0.3828311562538147,-0.3545781672000885,-0.20234015583992004,447.59979248046875,890.59912109375,447.59979248046875,890.59912109375,4.508533954620361,8.63131046295166,4.371091842651367,8.498083114624023,-0.13744211196899414,-0.13322734832763672,0.19141541421413422,-0.42578887939453125,-0.014849662780761719,0.42604774236679077,1.8477519750595093,0.926230251789093,0.0,2.0,1.5,3.0,True,,False,False,-0.6046015672626155,-0.6528011533243999,0.11299134987744597,False,,False,timeout
78,1787741333.7618747,3.9000019002705812,0.046062600798904896,21.709586142686373,0.046062600798904896,21.709586142686373,1.914799213409424e-06,False,False,7282538.578638486,7282538.5825613,3.922814503312111,7282538.628638485,0.0,0.008007099851965904,124.88916317866074,0.049356614239513874,0.9871322884676318,78,77,-0.6245102496530088,-0.6287210845545091,0.113,-0.6328288857297211,-0.6149538884823753,0.113,-0.6313470233623315,-0.6233339587621812,0.113,-0.6328288857297211,-0.6149538884823753,0.113,7282538.528638486,7282538.578638486,0.049356614239513874,0.049999999813735485,1,True,482,1,1.852541094128279,3.458069337590789,7.099851965904069e-06,1,False,,True,60,0.041013400070369244,0.028619499877095222,34.94121156185265,False,False,False,,9.291115760803223,7.482895851135254,5.122330665588379,8.747481346130371,,,4.356368541717529,True,0.20763287,0.896048271913,1,-1.0,-0.13688874244689941,1.0093257427215576,-0.2076328694820404,-0.028422601521015167,0.20956921577453613,-0.2076328694820404,0.2076328694820404,0.293637216091156,-0.2076328843832016,0.2068178355693817,0.2930614948272705,-0.2076328843832016,0.2068178355693817,0.2930614948272705,-0.20763301849365234,0.206817626953125,0.29306143522262573,False,False,1.1159991845488548,,,,,,,,,,,1.4190999791026115,-0.22292503714561462,-0.31976741552352905,0.38980352878570557,-0.2748842239379883,-0.26645517349243164,436.18603515625,873.8433837890625,436.18603515625,873.8433837890625,4.371091842651367,8.498083114624023,4.259629249572754,8.338199615478516,-0.11146259307861328,-0.1598834991455078,0.19490163028240204,-0.29963207244873047,-0.03729057312011719,0.3019436299800873,1.2595622539520264,0.7915549874305725,0.0,2.0,1.5,3.0,True,,False,False,-0.6136421683395312,-0.6437235179181209,0.1130515002662962,False,,False,timeout
79,1787741333.8113558,3.9500025995075703,0.05000069923698902,19.999720309115794,0.05000069923698902,19.999720309115794,2.614222466945648e-06,False,False,7282538.628638485,7282538.6316544,3.0159149318933487,7282538.678638485,0.0,0.008020199835300446,124.68517250637046,0.04741591401398182,0.9483182838123972,79,78,-0.630393975118476,-0.6145793232796058,0.113,-0.6326940202989764,-0.6062439941359904,0.113,-0.6328288857297211,-0.6149538884823753,0.113,-0.6326940202989764,-0.6062439941359904,0.113,7282538.578638486,7282538.628638485,0.04741591401398182,0.049999999813735485,1,True,488,1,1.6023425763049555,2.463755700924867,2.019983530044539e-05,1,False,,False,,,,,False,False,False,,9.08348274230957,7.689713478088379,4.719577312469482,8.640501022338867,,,4.466281414031982,True,0.20763287,0.896048271913,1,-1.0,0.8543389439582825,1.315254807472229,-0.2076328694820404,0.17738884687423706,0.273090124130249,-0.2076328694820404,-0.028422601521015167,0.20956921577453613,-0.2076328843832016,-0.003968970850110054,0.20767082273960114,-0.2076328843832016,-0.003968968987464905,0.20767082273960114,-0.20763301849365234,-0.0039691925048828125,0.20767095685005188,False,False,1.1828998103737831,,,,,,,,,,,1.5733996406197548,-0.17173299193382263,-0.4003833532333374,0.4356593191623688,-0.22292503714561462,-0.31976741552352905,427.3932800292969,852.86328125,427.3932800292969,852.86328125,4.259629249572754,8.338199615478516,4.173762798309326,8.138008117675781,-0.08586645126342773,-0.20019149780273438,0.21782948076725006,-0.4027533531188965,-0.1069803237915039,0.4167194068431854,1.6320558786392212,0.5503983497619629,0.0,2.0,1.5,3.0,True,,False,False,-0.6244925016043307,-0.6294763841351673,0.11298098917408848,False,,False,timeout
80,1787741333.8618624,4.000002400018275,0.04999980051070452,20.000079796036562,0.04999980051070452,20.000079796036562,2.414919435977936e-06,False,False,7282538.678638485,7282538.6826842,4.045714624226093,7282538.728638485,0.0,0.008249499835073948,121.2194702699859,0.053719114512205124,1.0,80,79,-0.6310575497495947,-0.5967865345962415,0.113,-0.6310346634036875,-0.5965777885306349,0.113,-0.6326940202989764,-0.6062439941359904,0.113,-0.6310346634036875,-0.5965777885306349,0.113,7282538.628638485,7282538.678638485,0.053719114512205124,0.049999999813735485,1,True,495,1,1.881358416154864,1.902194351552813,0.00024949983507394774,1,False,,False,,,,,False,False,False,,8.875849723815918,7.685744285583496,4.415464878082275,8.474385261535645,,,4.529568195343018,True,0.20763287,0.896048271913,1,-1.0,1.0,1.4142135381698608,-0.2076328694820404,0.2076328694820404,0.293637216091156,-0.2076328694820404,0.17738884687423706,0.273090124130249,-0.2076328843832016,0.1585363745689392,0.2612378001213074,-0.2076328843832016,0.1585363745689392,0.2612378001213074,-0.20763301849365234,0.15853643417358398,0.2612379491329193,False,False,2.003200352191925,,,,,,,,,,,1.7756996676325798,-0.1452215313911438,-0.46280941367149353,0.48505860567092896,-0.17173299193382263,-0.4003833532333374,419.95794677734375,828.6119995117188,419.95794677734375,828.6119995117188,4.173762798309326,8.138008117675781,4.101151943206787,7.9066033363342285,-0.07261085510253906,-0.23140478134155273,0.24252939224243164,-0.30411243438720703,-0.16611576080322266,0.3465239107608795,1.2511783838272095,0.4142094552516937,0.0,2.0,1.5,3.0,True,,False,False,-0.6307578942560643,-0.6155964781879179,0.11278279579464001,False,,False,timeout
81,1787741333.9156346,4.052316299639642,0.052313899621367455,19.11537865151909,0.052313899621367455,19.11537865151909,0.0023163147270679474,True,False,7282538.728638485,7282538.7357155,7.07701500505209,7282538.778638485,0.0,0.008000499568879604,124.99219472366532,0.05241441447287798,1.0,81,80,-0.6283766651660594,-0.5860238630752466,0.113,-0.6283766651660594,-0.5860238630752466,0.113,-0.6310346634036875,-0.5965777885306349,0.113,-0.6283766651660594,-0.5860238630752466,0.113,7282538.678638485,7282538.728638485,0.05241441447287798,0.049999999813735485,1,False,496,1,1.5048069136928002,1.5048069136928002,4.995688796041731e-07,1,False,,True,62,0.020765899680554867,0.14468399994075298,6.9116142794607045,False,False,False,,8.668216705322266,7.84428071975708,4.1882243156433105,8.222511291503906,,,4.495930194854736,True,0.20763287,0.896048271913,1,-1.0,-0.48125264048576355,1.1097766160964966,-0.2076328694820404,-0.09992386400699615,0.2304261028766632,-0.2076328694820404,0.2076328694820404,0.293637216091156,-0.2076328843832016,0.2025292068719864,0.2900508642196655,-0.2076328843832016,0.2025292068719864,0.2900508642196655,-0.20763301849365234,0.2025294303894043,0.29005110263824463,False,False,1.4909002929925919,,,,,,,,,,,2.0407000556588173,-0.1320382058620453,-0.6115795373916626,0.6256705522537231,-0.1452215313911438,-0.46280941367149353,413.1976013183594,796.5652465820312,413.1976013183594,796.5652465820312,4.101151943206787,7.9066033363342285,4.035132884979248,7.600813388824463,-0.06601905822753906,-0.3057899475097656,0.3128354251384735,-0.22724056243896484,-0.2518739700317383,0.33923259377479553,1.2714098691940308,0.3276880085468292,0.0,2.0,1.5,3.0,True,,False,False,-0.6325477817823775,-0.6004805483437932,0.11277545163321016,False,,False,timeout
82,1787741333.962133,4.100001700222492,0.04768540058284998,20.970779059778923,0.04768540058284998,20.970779059778923,1.7154961824417114e-06,False,False,7282538.778638485,7282538.7826594,4.020915366709232,7282538.828638485,0.0,0.008003700524568558,124.94220603711373,0.05044591519981623,1.0,82,81,-0.6232631550627622,-0.573001107829888,0.113,-0.6232631550627622,-0.573001107829888,0.113,-0.6283766651660594,-0.5860238630752466,0.113,-0.6232631550627622,-0.573001107829888,0.113,7282538.728638485,7282538.778638485,0.05044591519981623,0.049999999813735485,1,False,498,1,1.5906643694756892,1.5906643694756892,3.7005245685575727e-06,1,False,,True,63,0.03291590046137571,0.02819650061428547,35.46539386853418,False,False,False,,8.460583686828613,8.046810150146484,4.070591449737549,7.94986629486084,,,4.391062259674072,True,0.20763287,0.896048271913,1,-1.0,-0.21398794651031494,1.0226391553878784,-0.2076328694820404,-0.0444309301674366,0.21233350038528442,-0.2076328694820404,-0.09992386400699615,0.2304261028766632,-0.2076328843832016,-0.06848331540822983,0.21863526105880737,-0.2076328843832016,-0.06848332285881042,0.21863526105880737,-0.20763301849365234,-0.06848335266113281,0.21863539516925812,False,False,1.0891994461417198,,,,,,,,,,,1.5716999769210815,-0.11336898058652878,-0.849438488483429,0.8569704294204712,-0.1320382058620453,-0.6115795373916626,407.3930969238281,752.0546264648438,407.3930969238281,752.0546264648438,4.035132884979248,7.600813388824463,3.9784483909606934,7.176094055175781,-0.05668449401855469,-0.42471933364868164,0.42848530411720276,-0.11763286590576172,-0.2726449966430664,0.29693901538848877,0.931253969669342,0.35084930062294006,0.0,2.0,1.5,3.0,True,,False,False,-0.6302166323207111,-0.5873073321523257,0.11295087473939797,False,,False,timeout
83,1787741334.0116894,4.150001900270581,0.05000020004808903,19.999919981084542,0.05000020004808903,19.999919981084542,1.9157305359840393e-06,False,False,7282538.828638485,7282538.8327097,4.07121516764164,7282538.8786384845,0.0,0.008012299425899982,124.80811647745864,0.04849271476268768,0.9698542988667425,83,82,-0.6169831950824437,-0.5589835580209663,0.113,-0.615386559115395,-0.5554196938777294,0.113,-0.6232631550627622,-0.573001107829888,0.113,-0.615386559115395,-0.5554196938777294,0.113,7282538.778638485,7282538.828638485,0.04849271476268768,0.049999999813735485,1,True,504,1,1.578338378969538,1.9681790078675259,1.2299425899982286e-05,1,False,,True,64,0.0005287006497383118,0.03522029984742403,28.3927168233106,False,False,False,,8.252950668334961,7.978326797485352,4.010368347167969,7.609476089477539,,,4.2585859298706055,True,0.20763287,0.896048271913,1,-1.0,-0.8213894367218018,1.2940945625305176,-0.2076328694820404,-0.17054744064807892,0.26869654655456543,-0.2076328694820404,-0.0444309301674366,0.21233350038528442,-0.2076328843832016,-0.04693121835589409,0.2128707468509674,-0.2076328843832016,-0.04693121835589409,0.2128707468509674,-0.20763301849365234,-0.04693126678466797,0.21287088096141815,False,False,1.1241994798183441,,,,,,,,,,,1.6266992315649986,-0.13148781657218933,-1.0,1.0086075067520142,-0.11336898058652878,-0.849438488483429,400.66094970703125,699.6546630859375,400.66094970703125,699.6546630859375,3.9784483909606934,7.176094055175781,3.9127044677734375,6.676094055175781,-0.06574392318725586,-0.5,0.5043037533760071,-0.06022310256958008,-0.3403902053833008,0.34567660093307495,0.8060147762298584,0.43455594778060913,0.0,2.0,1.5,3.0,True,,False,False,-0.6243589511539328,-0.5729367397294209,0.1128511832080772,False,,False,timeout
84,1787741334.0674596,4.204095999710262,0.054094099439680576,18.486304612854923,0.054094099439680576,18.486304612854923,0.004096015356481075,True,False,7282538.8786384845,7282538.8868652,8.22671502828598,7282538.928638484,0.0,0.008021499961614609,124.66496350873444,0.05467881541699171,1.0,84,83,-0.6096042008396529,-0.5426533192282477,0.113,-0.6056483940831879,-0.5339119561444495,0.113,-0.615386559115395,-0.5554196938777294,0.113,-0.6056483940831879,-0.5339119561444495,0.113,7282538.828638485,7282538.8786384845,0.05467881541699171,0.049999999813735485,1,True,511,1,1.9101814238531731,2.8693923084010136,2.1499961614608598e-05,1,False,,False,,,,,False,False,False,,8.045317649841309,7.931395530700684,3.9772958755493164,7.28841495513916,,,4.1185221672058105,True,0.20763287,0.896048271913,1,-1.0,0.3679439425468445,1.0655434131622314,-0.2076328694820404,0.07639725506305695,0.22124183177947998,-0.2076328694820404,-0.17054744064807892,0.26869654655456543,-0.2076328843832016,-0.15769731998443604,0.26072946190834045,-0.2076328843832016,-0.15769731998443604,0.26072946190834045,-0.20763301849365234,-0.15769720077514648,0.26072949171066284,False,False,1.5941997990012169,,,,,,,,,,,2.221299335360527,-0.11578383296728134,-1.0,1.0066806077957153,-0.13148781657218933,-1.0,394.7328186035156,647.254638671875,394.7328186035156,647.254638671875,3.9127044677734375,6.676094055175781,3.8548126220703125,6.176094055175781,-0.057891845703125,-0.5,0.5033403038978577,-0.033072471618652344,-0.3210611343383789,0.32276004552841187,0.6397587060928345,0.6157182455062866,0.0,2.0,1.5,3.0,True,,False,False,-0.617958810851562,-0.5598304820314698,0.11284227624185113,False,,False,timeout
85,1787741334.114018,4.2500046994537115,0.04590869974344969,21.782363813139387,0.04590869974344969,21.782363813139387,4.715286195278168e-06,False,False,7282538.928638484,7282538.933828,5.189515650272369,7282538.978638484,0.0,0.008007599972188473,124.88136313916047,0.05271191522479057,1.0,85,84,-0.603135499514975,-0.5287219011162384,0.113,-0.5956078697396399,-0.5126123833755222,0.113,-0.6056483940831879,-0.5339119561444495,0.113,-0.5956078697396399,-0.5126123833755222,0.113,7282538.8786384845,7282538.928638484,0.05271191522479057,0.049999999813735485,1,True,517,1,1.8924525576932558,3.6705826113127857,7.599972188472581e-06,1,False,,True,65,0.03959119971841574,0.0823870999738574,12.137822551313425,False,False,False,,7.837684631347656,7.773698329925537,3.940647840499878,6.951212406158447,,,3.9828855991363525,True,0.20763287,0.896048271913,1,-1.0,-1.0,1.4142135381698608,-0.2076328694820404,-0.2076328694820404,0.293637216091156,-0.2076328694820404,0.07639725506305695,0.22124183177947998,-0.2076328843832016,0.052062734961509705,0.21406060457229614,-0.2076328843832016,0.052062734961509705,0.21406060457229614,-0.20763301849365234,0.0520625114440918,0.2140606790781021,False,False,1.527000218629837,,,,,,,,,,,2.3907003924250603,-0.12419890612363815,-1.0,1.0076831579208374,-0.11578383296728134,-1.0,388.37384033203125,594.8546142578125,388.37384033203125,594.8546142578125,3.8548126220703125,6.176094055175781,3.792713165283203,5.676094055175781,-0.062099456787109375,-0.5,0.5038415789604187,-0.03664803504943848,-0.3372025489807129,0.33918821811676025,0.6738579273223877,0.7798564434051514,0.0,2.0,1.5,3.0,True,,False,False,-0.6112143249625808,-0.5458350582373361,0.11289949603135002,False,,False,timeout
86,1787741334.1625326,4.300001699477434,0.04999700002372265,20.001200062514123,0.04999700002372265,20.001200062514123,1.7154961824417114e-06,False,False,7282538.978638484,7282538.9826712,4.032716155052185,7282539.028638484,0.0,0.008005599491298199,124.91256914450496,0.050739615224301815,1.0,86,85,-0.5965981977305985,-0.5148225073446224,0.113,-0.5851264498655833,-0.4904917177732842,0.113,-0.5956078697396399,-0.5126123833755222,0.113,-0.5851264498655833,-0.4904917177732842,0.113,7282538.928638484,7282538.978638484,0.050739615224301815,0.049999999813735485,1,True,523,1,1.866939854582499,4.5568946576612435,5.599491298198533e-06,1,False,,True,66,0.025088799186050892,0.061252799816429615,16.325784339604564,False,False,False,,7.630051612854004,7.825760841369629,3.900618076324463,6.617508888244629,,,3.920273780822754,True,0.20763287,0.896048271913,1,-1.0,0.20218217372894287,1.0202341079711914,-0.2076328694820404,0.04197966307401657,0.2118341475725174,-0.2076328694820404,-0.2076328694820404,0.293637216091156,-0.2076328843832016,-0.18063709139823914,0.2752111256122589,-0.2076328843832016,-0.18063709139823914,0.2752111256122589,-0.20763301849365234,-0.18063688278198242,0.2752111256122589,False,False,1.146700233221054,,,,,,,,,,,1.5361001715064049,-0.025034748017787933,-1.0,1.0003132820129395,-0.12419890612363815,-1.0,387.0920715332031,542.4546508789062,387.0920715332031,542.4546508789062,3.792713165283203,5.676094055175781,3.780195713043213,5.176094055175781,-0.012517452239990234,-0.5,0.5001567006111145,-0.04002976417541504,-0.33370351791381836,0.3360958397388458,0.6670607328414917,0.9475786685943604,0.0,2.0,1.5,3.0,True,,False,False,-0.6045798295561485,-0.5316996331707271,0.11294882076544016,False,,False,timeout
87,1787741334.2121348,4.350001799874008,0.050000100396573544,19.99995984145122,0.050000100396573544,19.99995984145122,1.816079020500183e-06,False,False,7282539.028638484,7282539.0324221,3.7836162373423576,7282539.078638484,0.0,0.008004700765013695,124.92659367989368,0.048799616284668446,0.9759923293292236,87,86,-0.5896250163181509,-0.5011377465243021,0.113,-0.5729377917902474,-0.46963640651419825,0.113,-0.5851264498655833,-0.4904917177732842,0.113,-0.5729377917902474,-0.46963640651419825,0.113,7282538.978638484,7282539.028638484,0.048799616284668446,0.049999999813735485,1,True,529,1,1.5968345679573726,5.161529565640595,4.700765013694597e-06,1,False,,False,,,,,False,False,False,,7.422418594360352,7.6451239585876465,3.854975700378418,6.236970901489258,,,3.8353023529052734,True,0.20763287,0.896048271913,1,-1.0,-0.9219799041748047,1.3601642847061157,-0.2076328694820404,-0.19143334031105042,0.28241482377052307,-0.2076328694820404,0.04197966307401657,0.2118341475725174,-0.2076328843832016,0.01883828639984131,0.20848572254180908,-0.2076328843832016,0.01883828639984131,0.20848572254180908,-0.20763301849365234,0.01883840560913086,0.20848587155342102,False,False,1.3985997065901756,,,,,,,,,,,2.14570015668869,0.000123538076877594,-1.0,1.0,-0.025034748017787933,-1.0,387.0983581542969,490.05462646484375,387.0983581542969,490.05462646484375,3.780195713043213,5.176094055175781,3.7802574634552,4.676094055175781,6.175041198730469e-05,-0.5,0.5,-0.04564237594604492,-0.3805379867553711,0.3832654356956482,0.7628831267356873,1.0635091066360474,0.0,2.0,1.5,3.0,True,,False,False,-0.5969054814729925,-0.5153493845590489,0.11288938697709319,False,,False,timeout
88,1787741334.2648575,4.401463399641216,0.0514615997672081,19.43196489272786,0.0514615997672081,19.43196489272786,0.0014634160324931145,True,False,7282539.078638484,7282539.0852689,6.63041602820158,7282539.128638484,0.0,0.008002200163900852,124.96563189098329,0.054840016178786755,1.0,88,87,-0.5809547340132386,-0.48545545337364204,0.113,-0.5601439932692016,-0.44861260615394377,0.113,-0.5729377917902474,-0.46963640651419825,0.113,-0.5601439932692016,-0.44861260615394377,0.113,7282539.028638484,7282539.078638484,0.054840016178786755,0.049999999813735485,1,True,536,1,1.8534352518228152,6.084829500291134,2.200163900852037e-06,1,False,,True,67,0.04722589999437332,0.06418630015105009,15.5796485799414,False,False,False,,7.214785575866699,7.663962364196777,3.8251559734344482,5.916286945343018,,,3.8136541843414307,True,0.20763287,0.896048271913,1,-1.0,-1.0,1.4142135381698608,-0.2076328694820404,-0.2076328694820404,0.293637216091156,-0.2076328694820404,-0.19143334031105042,0.28241482377052307,-0.2076328843832016,-0.16957522928714752,0.26808053255081177,-0.2076328843832016,-0.16957522928714752,0.26808053255081177,-0.20763301849365234,-0.16957521438598633,0.26808062195777893,False,False,1.8544001504778862,,,,,,,,,,,2.019200474023819,0.11392451077699661,-1.0,1.0064685344696045,0.000123538076877594,-1.0,392.9313049316406,437.6546325683594,392.9313049316406,437.6546325683594,3.7802574634552,4.676094055175781,3.837219715118408,4.176094055175781,0.05696225166320801,-0.5,0.5032342672348022,-0.029819726943969727,-0.32068395614624023,0.32206740975379944,0.6413605213165283,1.241005301475525,0.0,2.0,1.5,3.0,True,,False,False,-0.5900449033858669,-0.5016073557572774,0.11291577745911027,False,,False,timeout
89,1787741334.3123446,4.450001900084317,0.04853850044310093,20.602202187359417,0.04853850044310093,20.602202187359417,1.9166618585586548e-06,False,False,7282539.128638484,7282539.1331322,4.493716172873974,7282539.178638483,0.0,0.008214900270104408,121.73002314333517,0.053070416674017906,1.0,89,88,-0.5729517652272829,-0.4723462030630431,0.113,-0.5450511227488187,-0.4280729241568696,0.113,-0.5601439932692016,-0.44861260615394377,0.113,-0.5450511227488187,-0.4280729241568696,0.113,7282539.078638484,7282539.128638484,0.053070416674017906,0.049999999813735485,1,True,542,1,1.8531588650360007,7.086175449086536,0.0002149002701044081,1,False,,True,68,0.031616500578820705,0.07968910038471222,12.548767587691865,False,False,False,,7.007152557373047,7.494387149810791,3.808955430984497,5.597468852996826,,,3.718435764312744,True,0.20763287,0.896048271913,1,-1.0,-1.0,1.4142135381698608,-0.2076328694820404,-0.2076328694820404,0.293637216091156,-0.2076328694820404,-0.2076328694820404,0.293637216091156,-0.2076328843832016,-0.2036767154932022,0.29085326194763184,-0.2076328843832016,-0.2036767154932022,0.29085326194763184,-0.20763301849365234,-0.20367670059204102,0.290853351354599,False,False,1.474199816584587,,,,,,,,,,,1.5615001320838928,0.15869185328483582,-1.0,1.012513279914856,0.11392451077699661,-1.0,401.0563049316406,385.2546691894531,401.0563049316406,385.2546691894531,3.837219715118408,4.176094055175781,3.9165656566619873,3.6760940551757812,0.0793459415435791,-0.5,0.506256639957428,-0.016200542449951172,-0.3188180923461914,0.3192294239997864,0.6258224844932556,1.4216557741165161,0.0,2.0,1.5,3.0,True,,False,False,-0.5826625569939179,-0.4881291399925276,0.11286142492605408,False,,False,timeout
90,1787741334.361977,4.500001000240445,0.049999100156128407,20.000359944026506,0.049999100156128407,20.000359944026506,1.0170042514801025e-06,False,False,7282539.178638483,7282539.1827084,4.069916903972626,7282539.228638483,0.0,0.008284499868750572,120.70734695428453,0.051397016271948814,1.0,90,89,-0.5643309652276745,-0.45963501237024773,0.113,-0.5284474240175129,-0.40859130762303353,0.113,-0.5450511227488187,-0.4280729241568696,0.113,-0.5284474240175129,-0.40859130762303353,0.113,7282539.128638484,7282539.178638483,0.051397016271948814,0.049999999813735485,1,True,548,1,1.8569649955285583,8.096208379751396,0.00028449986875057204,1,False,,True,69,0.016898000612854958,0.06378209963440895,15.678380074219497,False,False,False,,6.7995195388793945,7.29071044921875,3.807460308074951,5.281945705413818,,,3.603825092315674,True,0.20763287,0.896048271913,1,-1.0,-1.0,1.4142135381698608,-0.2076328694820404,-0.2076328694820404,0.293637216091156,-0.2076328694820404,-0.2076328694820404,0.293637216091156,-0.2076328843832016,-0.2072216272354126,0.2933465838432312,-0.2076328843832016,-0.2072216272354126,0.2933465838432312,-0.20763301849365234,-0.20722150802612305,0.2933465838432312,False,False,1.1510998010635376,,,,,,,,,,,1.6177007928490639,0.22417417168617249,-1.0,1.024819016456604,0.15869185328483582,-1.0,412.5340576171875,332.85467529296875,412.5340576171875,332.85467529296875,3.9165656566619873,3.6760940551757812,4.028652667999268,3.1760940551757812,0.11208701133728027,-0.5,0.512409508228302,-0.0014951229095458984,-0.3155231475830078,0.31552669405937195,0.6150821447372437,1.6095538139343262,0.0,2.0,1.5,3.0,True,,False,False,-0.574745961935417,-0.47500894408143873,0.11295565161576265,False,,False,timeout
91,1787741334.4156299,4.553262299858034,0.05326129961758852,18.775358603336993,0.05326129961758852,18.775358603336993,0.003262316808104515,True,False,7282539.228638483,7282539.2359949,7.356416434049606,7282539.278638483,0.0,0.008000499568879604,124.99219472366532,0.04943191632628441,0.988638330208653,91,90,-0.5551844542828814,-0.44729621507720796,0.113,-0.510479934637813,-0.38879052483012216,0.113,-0.5284474240175129,-0.40859130762303353,0.113,-0.510479934637813,-0.38879052483012216,0.113,7282539.178638483,7282539.228638483,0.04943191632628441,0.049999999813735485,1,True,554,1,1.715611402093927,9.078600530360086,4.995688796041731e-07,1,False,,False,,,,,False,False,False,,6.591886520385742,7.083488941192627,3.820833206176758,4.93988037109375,,,3.5033974647521973,True,0.20763287,0.896048271913,1,-1.0,-1.0,1.4142135381698608,-0.2076328694820404,-0.2076328694820404,0.293637216091156,-0.2076328694820404,-0.2076328694820404,0.293637216091156,-0.2076328843832016,-0.20759010314941406,0.2936069965362549,-0.2076328843832016,-0.20759010314941406,0.2936069965362549,-0.20763301849365234,-0.20759010314941406,0.29360708594322205,False,False,1.587100327014923,,,,,,,,,,,2.2338004782795906,0.33255013823509216,-1.0,1.0538451671600342,0.22417417168617249,-1.0,429.56060791015625,280.45465087890625,429.56060791015625,280.45465087890625,4.028652667999268,3.1760940551757812,4.19492769241333,2.6760940551757812,0.1662750244140625,-0.5,0.5269225239753723,0.01337289810180664,-0.34206533432006836,0.34232664108276367,0.6571042537689209,1.7759872674942017,0.0,2.0,1.5,3.0,True,,False,False,-0.5655098841995498,-0.4609971890066166,0.11303253799474823,False,,False,timeout
92,1787741334.4631853,4.600004299543798,0.04674199968576431,21.394035486773554,0.04674199968576431,21.394035486773554,4.316680133342743e-06,False,False,7282539.278638483,7282539.2826232,3.984716720879078,7282539.328638483,0.0,0.008007100783288479,124.88914865254196,0.047458017244935036,0.9491603484345985,92,91,-0.5454731866361806,-0.4353978342501419,0.113,-0.4901605716100392,-0.3706378552699664,0.113,-0.510479934637813,-0.38879052483012216,0.113,-0.4901605716100392,-0.3706378552699664,0.113,7282539.228638483,7282539.278638483,0.047458017244935036,0.049999999813735485,1,True,560,1,1.8364240245175862,10.352936761215005,7.100783288478685e-06,1,False,,True,70,0.03705189935863018,0.06472199968993664,15.450696900446449,False,False,False,,6.38425350189209,6.875898838043213,3.8455634117126465,4.654433250427246,,,3.3734042644500732,False,0.20763287,0.896048271913,1,-1.0,-1.0,1.4142135381698608,-0.2076328694820404,-0.2076328694820404,0.293637216091156,-0.2076328694820404,-0.2076328694820404,0.293637216091156,-0.2076328843832016,-0.20762842893600464,0.2936340868473053,-0.2076328843832016,-0.20762842893600464,0.2936340868473053,-0.20763301849365234,-0.2076282501220703,0.2936340570449829,False,False,1.1216998100280762,,,,,,,,,,,1.644900068640709,0.4031014144420624,-1.0,1.0781886577606201,0.33255013823509216,-1.0,450.1993408203125,228.05465698242188,450.1993408203125,228.05465698242188,4.19492769241333,2.6760940551757812,4.396478176116943,2.1760940551757812,0.20155048370361328,-0.5,0.5390942096710205,0.024730205535888672,-0.2854471206665039,0.28651636838912964,0.5288563370704651,2.0089502334594727,0.008950233459472656,2.0,1.5,3.0,True,,False,False,-0.5572121417297222,-0.4495201347886407,0.112946328828354,False,,False,timeout
93,1787741334.511729,4.65000110026449,0.04999680072069168,20.001279793611673,0.04999680072069168,20.001279793611673,1.1175870895385742e-06,False,False,7282539.328638483,7282539.332651,4.01251669973135,7282539.378638483,0.0,0.008025099523365498,124.60904654060023,0.05379841662943363,1.0,93,92,-0.5333986192317204,-0.4221595232285363,0.113,-0.4678735611057459,-0.35318068549859954,0.113,-0.4901605716100392,-0.3706378552699664,0.113,-0.4678735611057459,-0.35318068549859954,0.113,7282539.278638483,7282539.328638483,0.05379841662943363,0.049999999813735485,1,True,567,1,2.134371024405228,11.648101498693386,2.5099523365497423e-05,1,False,,True,71,0.022286400198936462,0.08016990032047033,12.473509334583307,False,False,False,,6.1766204833984375,6.668270587921143,3.8883001804351807,4.3569183349609375,,,3.252500295639038,False,0.20763287,0.896048271913,1,-1.0,0.35097455978393555,1.0598033666610718,-0.2076328694820404,0.07287385314702988,0.22005000710487366,-0.2076328694820404,-0.2076328694820404,0.293637216091156,-0.2076328843832016,-0.2076323926448822,0.29363688826560974,-0.2076328843832016,-0.2076323926448822,0.29363688826560974,-0.20763301849365234,-0.20763254165649414,0.29363709688186646,False,False,1.1510998010635376,,,,,,,,,,,1.4664996415376663,0.4643552899360657,-1.0,1.102554202079773,0.4031014144420624,-1.0,473.9743347167969,175.6546630859375,473.9743347167969,175.6546630859375,4.396478176116943,2.1760940551757812,4.628655910491943,1.6760940551757812,0.232177734375,-0.5,0.5512771606445312,0.04273676872253418,-0.2975149154663086,0.30056872963905334,0.5414963364601135,2.2392497062683105,0.23924970626831055,2.0,1.5,3.0,True,,False,False,-0.5478411163567731,-0.43787426076659336,0.11287643671708344,False,,False,timeout
94,1787741334.5623653,4.700001699849963,0.05000059958547354,19.99976016868657,0.05000059958547354,19.99976016868657,1.7173588275909424e-06,False,False,7282539.378638483,7282539.3826992,4.060717299580574,7282539.4286384825,0.0,0.00800970010459423,124.84861941665164,0.05186401680111885,1.0,94,93,-0.5225107759230517,-0.4113263429257039,0.113,-0.44400706817888036,-0.33541085807536347,0.113,-0.4678735611057459,-0.35318068549859954,0.113,-0.44400706817888036,-0.33541085807536347,0.113,7282539.328638483,7282539.378638483,0.05186401680111885,0.049999999813735485,1,True,573,1,2.124322619912274,13.044807777069773,9.700104594230485e-06,1,False,,True,72,0.008131599985063076,0.06444370001554489,15.517420628529761,False,False,False,,5.968987464904785,6.460638046264648,3.947112798690796,4.053686618804932,,,3.143468141555786,False,0.20763287,0.896048271913,1,-1.0,-1.0,1.4142135381698608,-0.2076328694820404,-0.2076328694820404,0.293637216091156,-0.2076328694820404,0.07287385314702988,0.22005000710487366,-0.2076328843832016,0.0437147282063961,0.21218480169773102,-0.2076328843832016,0.0437147319316864,0.21218480169773102,-0.20763301849365234,0.04371452331542969,0.21218489110469818,False,False,1.1235997080802917,,,,,,,,,,,1.5721004456281662,0.517513632774353,-1.0,1.125975251197815,0.4643552899360657,-1.0,500.4710388183594,123.2546615600586,500.4710388183594,123.2546615600586,4.628655910491943,1.6760940551757812,4.8874125480651855,1.1760940551757812,0.2587566375732422,-0.5,0.5629875659942627,0.058812618255615234,-0.30323171615600586,0.3088825047016144,0.5438213348388672,2.4733474254608154,0.47334742546081543,2.0,1.5,3.0,True,,False,False,-0.5376083604797027,-0.42627059730407596,0.11291716898904418,False,,False,timeout
95,1787741334.6129792,4.750664900057018,0.050663200207054615,19.738192532511096,0.050663200207054615,19.738192532511096,0.0006649177521467209,False,False,7282539.4286384825,7282539.4334325,4.794017411768436,7282539.478638482,0.0,0.008004100061953068,124.93596934818824,0.0498912176117301,0.9978243559517873,95,94,-0.5111761627153342,-0.40096178522626547,0.113,-0.4183136845660386,-0.31881472476679595,0.113,-0.44400706817888036,-0.33541085807536347,0.113,-0.4183136845660386,-0.31881472476679595,0.113,7282539.378638483,7282539.4286384825,0.0498912176117301,0.049999999813735485,1,True,579,1,1.8520082640966071,14.250218759245065,4.100061953067613e-06,1,False,,False,,,,,False,False,False,,5.761354446411133,6.504352569580078,4.032125949859619,3.705423593521118,,,3.29002046585083,False,0.20763287,0.896048271913,1,-0.7456574440002441,-0.7093150615692139,1.0291417837142944,-0.15482299029827118,-0.1472771167755127,0.21368366479873657,-0.2076328694820404,-0.2076328694820404,0.293637216091156,-0.2076328843832016,-0.18150487542152405,0.275781512260437,-0.2076328843832016,-0.18150487542152405,0.275781512260437,-0.20763301849365234,-0.1815047264099121,0.275781512260437,False,False,1.7045000568032265,,,,,,,,,,,2.123899757862091,0.6976534128189087,-1.0,1.2193113565444946,0.517513632774353,-1.0,536.19091796875,70.85466003417969,536.19091796875,70.85466003417969,4.8874125480651855,1.1760940551757812,5.236239433288574,0.6760940551757812,0.34882688522338867,-0.5,0.6096557974815369,0.08501315116882324,-0.3482630252838135,0.3584890365600586,0.6187920570373535,2.670023202896118,0.6700232028961182,2.0,1.5,3.0,True,,False,False,-0.5250435705842272,-0.413237190370043,0.11294625446905805,False,,False,timeout
96,1787741334.6624992,4.800001399591565,0.04933649953454733,20.26896941279268,0.04933649953454733,20.26896941279268,1.4174729585647583e-06,False,False,7282539.478638482,7282539.4822581,3.619617782533169,7282539.528638482,0.0,0.008005199953913689,124.91880349735757,0.047911517322063446,0.9582303500109551,96,95,-0.4993276296951303,-0.3911901941803391,0.113,-0.3881585627927177,-0.30392061808676857,0.113,-0.4183136845660386,-0.31881472476679595,0.113,-0.3881585627927177,-0.30392061808676857,0.113,7282539.4286384825,7282539.478638482,0.047911517322063446,0.049999999813735485,1,True,585,1,1.8550393758569126,15.988048398091733,5.199953913688493e-06,1,False,,True,73,0.028570699505507946,0.06415249966084957,15.587857141757974,False,False,False,,5.5537214279174805,6.322847843170166,4.121602535247803,3.4169421195983887,,,3.239637613296509,False,0.20763287,0.896048271913,1,-1.0,-0.9999140501022339,1.41415274143219,-0.2076328694820404,-0.20761501789093018,0.293624609708786,-0.15482299029827118,-0.1472771167755127,0.21368366479873657,-0.160312682390213,-0.15083512663841248,0.2201167792081833,-0.160312682390213,-0.15083512663841248,0.2201167792081833,-0.16031265258789062,-0.1508350372314453,0.22011668980121613,False,False,1.1511007323861122,,,,,,,,,,,1.434599980711937,0.8206644654273987,-1.0,1.2936345338821411,0.6976534128189087,-1.0,578.2089233398438,52.400001525878906,578.2089233398438,18.45465660095215,5.236239433288574,0.6760940551757812,5.646571636199951,0.5,0.41033220291137695,-0.17609405517578125,0.44652169942855835,0.0894765853881836,-0.2884814739227295,0.30203911662101746,0.47205251455307007,2.9588279724121094,0.9588279724121094,2.0,1.5,3.0,True,,True,False,-0.513780131399994,-0.4028195015223563,0.1129610922401445,False,,False,timeout
97,1787741334.7121525,4.850001399405301,0.049999999813735485,20.000000074505806,0.049999999813735485,20.000000074505806,1.4174729585647583e-06,False,False,7282539.528638482,7282539.5326071,3.9686178788542747,7282539.578638482,0.0,0.008017700165510178,124.72404546901245,0.045960817486047745,0.9192163531453027,97,96,-0.4867235685171684,-0.3824233793418747,0.113,-0.36603428088378814,-0.30740014851024533,0.113,-0.3881585627927177,-0.30392061808676857,0.113,-0.36603428088378814,-0.30740014851024533,0.113,7282539.478638482,7282539.528638482,0.045960817486047745,0.049999999813735485,1,True,591,1,1.856567677379821,16.06579918097326,1.7700165510177446e-05,1,False,,True,74,0.01563939917832613,0.07987000048160553,12.520345486041473,False,False,False,,5.39340877532959,6.172012805938721,4.223570823669434,3.1342432498931885,,,3.2552363872528076,False,0.20763287,0.896048271913,1,-1.0,-1.0,1.4142135381698608,-0.2076328694820404,-0.2076328694820404,0.293637216091156,-0.2076328694820404,-0.20761501789093018,0.293624609708786,-0.20271384716033936,-0.20171263813972473,0.28597357869148254,-0.20271384716033936,-0.20171263813972473,0.28597357869148254,-0.2027139663696289,-0.20171260833740234,0.2859736382961273,False,False,1.1384999379515648,,,,,,,,,,,1.5399996191263199,0.99416583776474,-1.0,1.410094141960144,0.8206644654273987,-1.0,629.1102294921875,52.400001525878906,629.1102294921875,0.0,5.646571636199951,0.5,6.1436543464660645,0.5,0.4970827102661133,0.0,0.4970827102661133,0.10196828842163086,-0.2826988697052002,0.30052649974823,0.45953312516212463,2.9940221309661865,0.9940221309661865,2.0,1.5,3.0,True,,True,False,-0.5020648647452833,-0.39287918363555685,0.11292830144635294,False,,False,timeout
98,1787741334.7648401,4.902533799409866,0.052532400004565716,19.03587119402669,0.052532400004565716,19.03587119402669,0.0025338176637887955,True,False,7282539.578638482,7282539.5851787,6.540218368172646,7282539.628638482,0.0,0.008003800176084042,124.94065044103367,0.05209171772003174,1.0,98,97,-0.4707392969330265,-0.37437166140918116,0.113,-0.34593018942639425,-0.32221574235590206,0.113,-0.36603428088378814,-0.30740014851024533,0.113,-0.34593018942639425,-0.32221574235590206,0.113,7282539.528638482,7282539.578638482,0.05209171772003174,0.049999999813735485,1,True,598,1,1.8656572496167236,15.390188896610768,3.800176084041429e-06,1,False,,True,75,0.004206599667668343,0.06263559963554144,15.96536164447555,False,False,False,,5.190694808959961,5.970300197601318,4.36961030960083,2.8171021938323975,,,3.2583489418029785,False,0.20763287,0.896048271913,1,-1.0,-1.0,1.4142135381698608,-0.2076328694820404,-0.2076328694820404,0.293637216091156,-0.2076328694820404,-0.2076328694820404,0.293637216091156,-0.20712153613567352,-0.2070174515247345,0.29284051060676575,-0.20712153613567352,-0.2070174515247345,0.29284051060676575,-0.2071213722229004,-0.2070174217224121,0.2928403615951538,False,False,1.0944996029138565,,,,,,,,,,,1.5596002340316772,1.0,-1.0,1.4142135381698608,0.99416583776474,-1.0,680.3102416992188,52.400001525878906,680.3102416992188,0.0,6.1436543464660645,0.5,6.6436543464660645,0.5,0.5,0.0,0.5,0.14603948593139648,-0.317141056060791,0.3491503596305847,0.2937931418418884,2.9182519912719727,0.9182519912719727,2.0,1.5,3.0,True,,True,False,-0.48754733149532625,-0.3824683352972572,0.11303928622441432,False,,False,timeout
99,1787741334.8113713,4.9500041995197535,0.04747040010988712,21.065758824133447,0.04747040010988712,21.065758824133447,4.217959940433502e-06,False,False,7282539.628638482,7282539.631749,3.110518679022789,7282539.678638482,0.0,0.008380699902772903,119.32177641501424,0.05048511829227209,1.0,99,98,-0.4560970994826432,-0.3697729800770578,0.113,-0.32575699781278655,-0.3370822591617584,0.113,-0.34593018942639425,-0.32221574235590206,0.113,-0.32575699781278655,-0.3370822591617584,0.113,7282539.578638482,7282539.628638482,0.05048511829227209,0.049999999813735485,1,True,604,1,1.8808677248681627,15.317309532387673,0.0003806999027729033,1,False,,False,,,,,False,False,False,,4.9835734367370605,5.763282775878906,4.527287483215332,2.560659885406494,,,3.2349636554718018,False,0.20763287,0.896048271913,1,-1.0,-1.0,1.4142135381698608,-0.2076328694820404,-0.2076328694820404,0.293637216091156,-0.2076328694820404,-0.2076328694820404,0.293637216091156,-0.20757970213890076,-0.20756889879703522,0.2935543954372406,-0.20757970213890076,-0.20756889879703522,0.2935543954372406,-0.2075796127319336,-0.20756912231445312,0.29355448484420776,False,False,1.1312002316117287,,,,,,,,,,,1.6638999804854393,1.0,-1.0,1.4142135381698608,1.0,-1.0,731.5101928710938,52.400001525878906,731.5101928710938,0.0,6.6436543464660645,0.5,7.1436543464660645,0.5,0.5,0.0,0.5,0.15767717361450195,-0.2564423084259033,0.301039457321167,0.3153543472290039,2.953866720199585,0.953866720199585,2.0,1.5,3.0,True,,True,False,-0.4741467860552717,-0.3750620877860446,0.11302222875804108,False,,False,timeout
100,1787741334.8619227,5.000001000240445,0.04999680072069168,20.001279793611673,0.04999680072069168,20.001279793611673,1.0188668966293335e-06,False,False,7282539.678638482,7282539.682348,3.709518350660801,7282539.728638481,0.0,0.008006599731743336,124.89696419259649,0.04852301813662052,0.970460366347657,100,99,-0.44096288205958634,-0.36720884392662007,0.113,-0.305514349171463,-0.35199996192220256,0.113,-0.32575699781278655,-0.3370822591617584,0.113,-0.305514349171463,-0.35199996192220256,0.113,7282539.628638482,7282539.678638482,0.04852301813662052,0.049999999813735485,1,True,610,1,1.8966794834592693,15.526226846011898,6.599731743335557e-06,1,False,,True,76,0.020160800777375698,0.063956200145185,15.63570064716057,False,False,False,,4.775993824005127,5.555713653564453,4.724099159240723,2.326939105987549,,,3.229191541671753,False,0.20763287,0.896048271913,1,0.6026419997215271,-1.0,1.167551875114441,0.12512828409671783,-0.2076328694820404,0.24242214858531952,-0.2076328694820404,-0.2076328694820404,0.293637216091156,-0.2076273262500763,-0.20762623846530914,0.29362860321998596,-0.2076273262500763,-0.20762623846530914,0.29362860321998596,-0.2076272964477539,-0.2076263427734375,0.29362866282463074,False,False,1.1264998465776443,,,,,,,,,,,1.5560006722807884,1.0,-0.8765861988067627,1.3298132419586182,1.0,-1.0,782.710205078125,52.400001525878906,782.710205078125,6.466883182525635,7.1436543464660645,0.5,7.6436543464660645,0.5,0.5,0.0,0.5,0.19681167602539062,-0.2337207794189453,0.30554908514022827,0.39362335205078125,3.0318233966827393,1.0318233966827393,2.0,1.5,3.0,True,,True,False,-0.45975863347795776,-0.3697502417557372,0.11301822060590462,False,,False,timeout
101,1787741334.9165847,5.0542760994285345,0.05427509918808937,18.424655412135095,0.05427509918808937,18.424655412135095,0.004276118241250515,True,False,7282539.728638481,7282539.7369382,8.299718610942364,7282539.778638481,0.0,0.008102199994027615,123.42326784541622,0.05467281863093376,1.0,101,100,-0.42306880900862104,-0.36646814220207435,0.113,-0.2852018841692402,-0.3669691154457442,0.113,-0.305514349171463,-0.35199996192220256,0.113,-0.2852018841692402,-0.3669691154457442,0.113,7282539.678638482,7282539.728638481,0.05467281863093376,0.049999999813735485,1,True,617,1,1.9078089063337083,15.694579539704023,0.00010219999402761443,1,False,,True,77,0.012157399207353592,0.08184130024164915,12.218769704872047,False,False,False,,4.568366527557373,5.348087310791016,4.997193813323975,2.0893542766571045,,,3.286827325820923,False,0.20763287,0.896048271913,1,0.9184291362762451,-0.9103318452835083,1.2931419610977173,0.19069607555866241,-0.18901480734348297,0.2684987783432007,0.12512828409671783,-0.2076328694820404,0.24242214858531952,0.09053776413202286,-0.2076321840286255,0.22651316225528717,0.09053775668144226,-0.2076321840286255,0.22651314735412598,0.09053754806518555,-0.20763206481933594,0.22651295363903046,False,False,1.1021001264452934,,,,,,,,,,,1.5658996999263763,1.0,-0.6615365743637085,1.1990123987197876,1.0,-0.8765861988067627,833.91015625,52.400001525878906,833.91015625,17.735483169555664,7.6436543464660645,0.5,8.143653869628906,0.5,0.4999995231628418,0.0,0.4999995231628418,0.27309465408325195,-0.23758482933044434,0.36197686195373535,0.5461893081665039,3.0870375633239746,1.0870375633239746,2.0,1.5,3.0,True,,True,False,-0.44214658193582135,-0.3663868014024756,0.11307379783957192,False,,False,timeout
102,1787741334.963218,5.100002999417484,0.0457268999889493,21.86896553760844,0.0457268999889493,21.86896553760844,3.018416464328766e-06,False,False,7282539.778638481,7282539.7832817,4.643218591809273,7282539.828638481,0.0,0.008282599970698357,120.73503531955363,0.052985318936407566,1.0,102,101,-0.4077488608735618,-0.3675095761850744,0.113,-0.264819240989992,-0.38198998637068343,0.113,-0.2852018841692402,-0.3669691154457442,0.113,-0.264819240989992,-0.38198998637068343,0.113,7282539.728638481,7282539.778638481,0.052985318936407566,0.049999999813735485,1,True,623,1,2.1565490079681795,16.522565479774677,0.00028259997069835646,1,False,,False,,,,,False,False,False,,4.658904075622559,5.14045524597168,5.213854789733887,1.940161943435669,,,3.2480528354644775,False,0.20763287,0.896048271913,1,1.0,-1.0,1.4142135381698608,0.2076328694820404,-0.2076328694820404,0.293637216091156,0.19069607555866241,-0.18901480734348297,0.2684987783432007,0.18028441071510315,-0.19095009565353394,0.2626107633113861,0.18028441071510315,-0.19095009565353394,0.2626107633113861,0.1802845001220703,-0.1909499168395996,0.26261070370674133,False,False,1.8234997987747192,,,,,,,,,,,2.491299994289875,1.0,-0.5385053753852844,1.135776400566101,1.0,-0.6615365743637085,885.1101684570312,52.400001525878906,885.1101684570312,24.18231773376465,8.143653869628906,0.5,8.643653869628906,0.5,0.5,0.0,0.5,0.2166609764099121,-0.14919233322143555,0.2630595564842224,0.43332237005233765,3.264626979827881,1.2646269798278809,2.0,1.5,3.0,True,,True,False,-0.4292257191371301,-0.3655576374890277,0.11306969096303679,False,,False,timeout
103,1787741335.0117095,5.150001499801874,0.049998500384390354,20.000599864235173,0.049998500384390354,20.000599864235173,1.5189871191978455e-06,False,False,7282539.828638481,7282539.8324145,3.776019439101219,7282539.878638481,0.0,0.008222799748182297,121.61307956223261,0.051225719042122364,1.0,103,102,-0.39257166140295124,-0.36984899817717676,0.113,-0.24396430483851106,-0.3973589108680801,0.113,-0.264819240989992,-0.38198998637068343,0.113,-0.24396430483851106,-0.3973589108680801,0.113,7282539.778638481,7282539.828638481,0.051225719042122364,0.049999999813735485,1,True,629,1,1.899513093821924,17.012722180025662,0.00022279974818229659,1,False,,True,78,0.04374259989708662,0.062005599960684776,16.127575584044976,False,False,False,,4.839188575744629,4.94950532913208,5.5345234870910645,1.7619686126708984,,,3.262495994567871,False,0.20763287,0.896048271913,1,1.0,-1.0,1.4142135381698608,0.2076328694820404,-0.2076328694820404,0.293637216091156,0.2076328694820404,-0.2076328694820404,0.293637216091156,0.20478996634483337,-0.20589864253997803,0.29040175676345825,0.20478996634483337,-0.20589864253997803,0.29040175676345825,0.2047901153564453,-0.20589876174926758,0.2904019355773926,False,False,1.0999999940395355,,,,,,,,,,,1.5912996605038643,1.0,-0.4022971987724304,1.0778882503509521,1.0,-0.5385053753852844,936.3101806640625,52.400001525878906,936.3101806640625,31.319625854492188,8.643653869628906,0.5,9.143653869628906,0.5,0.5,0.0,0.5,0.32066869735717773,-0.1781933307647705,0.3668532073497772,0.6413373947143555,3.3554816246032715,1.3554816246032715,2.0,1.5,3.0,True,,True,False,-0.41124257069596937,-0.36635487717501036,0.11305713102662295,False,,False,timeout
104,1787741335.0623677,5.200002199970186,0.050000700168311596,19.99971993659719,0.050000700168311596,19.99971993659719,2.2193416953086853e-06,False,False,7282539.878638481,7282539.8831473,4.508819431066513,7282539.928638481,0.0,0.008006700314581394,124.895395195303,0.04927161894738674,0.9854323826187565,104,103,-0.37759396157026454,-0.37324361309322474,0.113,-0.2234388157539554,-0.41248505125620477,0.113,-0.24396430483851106,-0.3973589108680801,0.113,-0.2234388157539554,-0.41248505125620477,0.113,7282539.828638481,7282539.878638481,0.04927161894738674,0.049999999813735485,1,True,635,1,1.9015567695367441,17.808687798810123,6.700314581394029e-06,1,False,,True,79,0.014134800061583519,0.06436499953269958,15.536394115748674,False,False,False,,5.043978691101074,4.7436065673828125,5.820658206939697,1.633841633796692,,,3.2052879333496094,False,0.20763287,0.896048271913,1,0.05377998948097229,-1.0,1.0014450550079346,0.011166493408381939,-0.2076328694820404,0.20793291926383972,0.2076328694820404,-0.2076328694820404,0.293637216091156,0.2073373645544052,-0.20745261013507843,0.2933008074760437,0.2073373645544052,-0.20745261013507843,0.2933008074760437,0.2073373794555664,-0.20745277404785156,0.29330095648765564,False,False,1.1105993762612343,,,,,,,,,,,1.5657991170883179,1.0,-0.3285518288612366,1.052590250968933,1.0,-0.4022971987724304,987.5101318359375,52.400001525878906,987.5101318359375,35.18388366699219,9.143653869628906,0.5,9.643653869628906,0.5,0.5,0.0,0.5,0.2861347198486328,-0.12812697887420654,0.3135117292404175,0.5722694396972656,3.511110544204712,1.511110544204712,2.0,1.5,3.0,True,,True,False,-0.396021770003437,-0.36855262989945486,0.11304866007775705,False,,False,timeout
105,1787741335.1150444,5.252716899849474,0.05271469987928867,18.97004065829643,0.05271469987928867,18.97004065829643,0.002716919407248497,True,False,7282539.928638481,7282539.9354248,6.786319427192211,7282539.97863848,0.0,0.008006400428712368,124.90007324812572,0.05533001944422722,1.0,105,104,-0.3603910899679559,-0.37825408582362247,0.113,-0.20284204066173192,-0.4276637254551072,0.113,-0.2234388157539554,-0.41248505125620477,0.113,-0.20284204066173192,-0.4276637254551072,0.113,7282539.878638481,7282539.928638481,0.05533001944422722,0.049999999813735485,1,True,642,1,1.8963812355074356,18.407836457547745,6.400428712367845e-06,1,False,,True,80,0.0032131001353263855,0.0793331004679203,12.605079016221824,False,False,False,,5.251316070556641,4.536153793334961,6.16374397277832,1.5057413578033447,,,3.164794445037842,False,0.20763287,0.896048271913,1,0.24975383281707764,-1.0,1.0307167768478394,0.051857106387615204,-0.2076328694820404,0.21401068568229675,0.011166493408381939,-0.2076328694820404,0.20793291926383972,0.031558796763420105,-0.20761415362358093,0.20999902486801147,0.031558796763420105,-0.20761415362358093,0.20999902486801147,0.031558990478515625,-0.20761394500732422,0.20999886095523834,False,False,1.1013997718691826,,,,,,,,,,,1.645199954509735,1.0,-0.265030175447464,1.0345245599746704,1.0,-0.3285518288612366,1038.710205078125,52.400001525878906,1038.710205078125,38.512420654296875,9.643653869628906,0.5,10.143653869628906,0.5,0.5,0.0,0.5,0.34308576583862305,-0.12810027599334717,0.3662205934524536,0.6861715316772461,3.6223318576812744,1.6223318576812744,2.0,1.5,3.0,True,,True,False,-0.3784403171336072,-0.3724361367057695,0.11305518897769548,False,,False,timeout
106,1787741335.162688,5.300002800300717,0.047285900451242924,21.147952993537945,0.047285900451242924,21.147952993537945,2.820044755935669e-06,False,False,7282539.97863848,7282539.9828648,4.226319491863251,7282540.02863848,0.0,0.008001499809324741,124.9765698718915,0.05336471926420927,1.0,106,105,-0.34588224577391874,-0.3832932053191645,0.113,-0.182173607546243,-0.44289520761952944,0.113,-0.20284204066173192,-0.4276637254551072,0.113,-0.182173607546243,-0.44289520761952944,0.113,7282539.928638481,7282539.97863848,0.05336471926420927,0.049999999813735485,1,True,648,1,2.1514540187511924,19.573520944631507,1.499809324741197e-06,1,False,,False,,,,,False,False,False,,5.282875061035156,4.328539848327637,6.412063121795654,1.4282042980194092,,,3.112396478652954,False,0.20763287,0.896048271913,1,1.0,-1.0,1.4142135381698608,0.2076328694820404,-0.2076328694820404,0.293637216091156,0.051857106387615204,-0.2076328694820404,0.21401068568229675,0.049747079610824585,-0.20763090252876282,0.2135072946548462,0.049747079610824585,-0.20763090252876282,0.2135072946548462,0.04974699020385742,-0.20763111114501953,0.21350747346878052,False,False,1.8358007073402405,,,,,,,,,,,2.1219998598098755,1.0,-0.21926727890968323,1.0237568616867065,1.0,-0.265030175447464,1089.91015625,52.400001525878906,1089.91015625,40.910396575927734,10.143653869628906,0.5,10.643653869628906,0.5,0.5,0.0,0.5,0.24831914901733398,-0.07753705978393555,0.2601430118083954,0.49663829803466797,3.8453001976013184,1.8453001976013184,2.0,1.5,3.0,True,,True,False,-0.36612137289149477,-0.37599613511432406,0.11307706766049472,False,,False,timeout
107,1787741335.2117271,5.350001799874008,0.04999899957329035,20.00040017869085,0.04999899957329035,20.00040017869085,1.819804310798645e-06,False,False,7282540.02863848,7282540.0322472,3.6087194457650185,7282540.07863848,0.0,0.0080035999417305,124.9437762107566,0.051384019665420055,1.0,107,106,-0.3315798629606186,-0.38889220820659404,0.113,-0.1614331417988292,-0.4581797738151546,0.113,-0.182173607546243,-0.44289520761952944,0.113,-0.1614331417988292,-0.4581797738151546,0.113,7282539.97863848,7282540.02863848,0.051384019665420055,0.049999999813735485,1,True,654,1,1.8937166966835937,20.265052335085883,3.599941730499101e-06,1,False,,True,81,0.03558729961514473,0.06362670008093119,15.716672383260974,False,False,False,,5.332622051239014,4.120908737182617,6.762014389038086,1.3321936130523682,,,3.1337029933929443,False,0.20763287,0.896048271913,1,1.0,-1.0,1.4142135381698608,0.2076328694820404,-0.2076328694820404,0.293637216091156,0.2076328694820404,-0.2076328694820404,0.293637216091156,0.19122035801410675,-0.20763269066810608,0.2822703719139099,0.19122035801410675,-0.20763269066810608,0.2822703719139099,0.19122028350830078,-0.20763278007507324,0.2822703719139099,False,False,1.1257994920015335,,,,,,,,,,,1.4597000554203987,1.0,-0.13306540250778198,1.0088143348693848,1.0,-0.21926727890968323,1141.110107421875,52.400001525878906,1141.110107421875,45.42737579345703,10.643653869628906,0.5,11.143653869628906,0.5,0.5,0.0,0.5,0.34995126724243164,-0.09601068496704102,0.3628828227519989,0.6999025344848633,3.9698452949523926,1.9698452949523926,2.0,1.5,3.0,True,,True,False,-0.3490907729543207,-0.3816824224187083,0.11305755705939086,False,,False,timeout
108,1787741335.2673793,5.40505119971931,0.055049399845302105,18.16550230901999,0.055049399845302105,18.16550230901999,0.0050512198358774185,True,False,7282540.07863848,7282540.0876822,9.043719619512558,7282540.12863848,0.0,0.00800309982150793,124.95158404903934,0.05741771962493658,1.0,108,107,-0.31512985366913804,-0.3959983398165866,0.113,-0.14021144422300502,-0.473818981021563,0.113,-0.1614331417988292,-0.4581797738151546,0.113,-0.14021144422300502,-0.473818981021563,0.113,7282540.02863848,7282540.07863848,0.05741771962493658,0.049999999813735485,1,True,661,1,1.8712695466356166,21.016086660696473,3.099821507930589e-06,1,False,,True,82,0.010841099545359612,0.06522110011428595,15.332461400493324,False,False,False,,5.5238423347473145,3.913275957107544,7.118395805358887,1.2513086795806885,,,3.1030099391937256,False,0.20763287,0.896048271913,1,-0.8228350877761841,-1.0,1.2950125932693481,-0.17084760963916779,-0.2076328694820404,0.2688871920108795,0.2076328694820404,-0.2076328694820404,0.293637216091156,0.20592674612998962,-0.2076328545808792,0.2924332916736603,0.20592674612998962,-0.2076328545808792,0.2924332916736603,0.20592689514160156,-0.20763278007507324,0.29243335127830505,False,False,1.1094994843006134,,,,,,,,,,,1.588200218975544,1.0,-0.08549410104751587,1.0036479234695435,1.0,-0.13306540250778198,1192.3101806640625,52.400001525878906,1192.3101806640625,47.920108795166016,11.143653869628906,0.5,11.643653869628906,0.5,0.5,0.0,0.5,0.3563814163208008,-0.08088493347167969,0.3654450476169586,0.7127628326416016,4.094772815704346,2.0947728157043457,2.0,1.5,3.0,True,,True,False,-0.33219676051404157,-0.38832498797052734,0.11307303294154344,False,,False,timeout
109,1787741335.3139307,5.4506115997210145,0.04556040000170469,21.94888543477634,0.04556040000170469,21.94888543477634,0.0006116200238466263,False,False,7282540.12863848,7282540.1335474,4.908920265734196,7282540.17863848,0.0,0.008006500080227852,124.89851870101295,0.04745072033256292,0.9490144101866126,109,108,-0.3035250154888061,-0.40139854594019,0.113,-0.1193243478356781,-0.48921160581863676,0.113,-0.14021144422300502,-0.473818981021563,0.113,-0.1193243478356781,-0.48921160581863676,0.113,7282540.07863848,7282540.12863848,0.04745072033256292,0.049999999813735485,1,True,666,1,1.872266779446817,22.27838119955073,6.500080227851701e-06,1,False,,False,,,,,False,False,False,,5.729769229888916,3.7056431770324707,7.370041847229004,1.201087474822998,,,2.9938759803771973,False,0.20763287,0.896048271913,1,0.231492280960083,-1.0,1.026444673538208,0.04806540533900261,-0.2076328694820404,0.21312366425991058,-0.17084760963916779,-0.2076328694820404,0.2688871920108795,-0.13168124854564667,-0.2076328545808792,0.24586856365203857,-0.10552242398262024,-0.2076328545808792,0.23290853202342987,-0.10552263259887695,-0.20763278007507324,0.23290856182575226,True,False,1.5644999220967293,,,,,,,,,,,2.4000992998480797,1.0,-0.07943184673786163,1.0031497478485107,1.0,-0.08549410104751587,1243.5101318359375,52.400001525878906,1243.5101318359375,48.237770080566406,11.643653869628906,0.5,12.143653869628906,0.5,0.5,0.0,0.5,0.2516460418701172,-0.05022120475769043,0.2566084563732147,0.5032920837402344,4.330737113952637,2.3307371139526367,2.0,1.5,3.0,True,,True,False,-0.3204393295439335,-0.39337119062944864,0.1130763943823104,False,,False,timeout
110,1787741335.361549,5.500003099441528,0.04939149972051382,20.24639878640229,0.04939149972051382,20.24639878640229,3.119930624961853e-06,False,False,7282540.17863848,7282540.182456,3.8175201043486595,7282540.2286384795,0.0,0.008002799935638905,124.95626631208104,0.05350111983716488,1.0,110,109,-0.28745196340501034,-0.4093212336106549,0.113,-0.0983640716773166,-0.5046581600244412,0.113,-0.1193243478356781,-0.48921160581863676,0.113,-0.0983640716773166,-0.5046581600244412,0.113,7282540.12863848,7282540.17863848,0.05350111983716488,0.049999999813735485,1,True,673,1,2.1248784585377365,23.30112523694287,2.799935638904405e-06,1,False,,True,84,0.010892999358475208,0.06810390017926693,14.683446871144582,False,False,False,,5.624246597290039,3.4980103969573975,7.6728339195251465,1.1458195447921753,,,3.1192166805267334,False,0.20763287,0.896048271913,1,1.0,-1.0,1.4142135381698608,0.2076328694820404,-0.2076328694820404,0.293637216091156,0.04806540533900261,-0.2076328694820404,0.21312366425991058,0.03209966421127319,-0.2076328545808792,0.2100994735956192,0.03209966421127319,-0.2076328545808792,0.2100994735956192,0.03209972381591797,-0.20763278007507324,0.21009941399097443,False,False,1.1987993493676186,,,,,,,,,,,1.492599956691265,1.0,-0.022449936717748642,1.0002520084381104,1.0,-0.07943184673786163,1294.710205078125,52.400001525878906,1294.710205078125,51.22362518310547,12.143653869628906,0.5,12.643653869628906,0.5,0.5,0.0,0.5,0.3027920722961426,-0.055267930030822754,0.3077947199344635,0.6055841445922852,4.517224311828613,2.5172243118286133,2.0,1.5,3.0,True,,True,False,-0.306406781300546,-0.39971782227077085,0.11301468127507655,False,,False,timeout
111,1787741335.4110262,5.550002199597657,0.049999100156128407,20.000359944026506,0.049999100156128407,20.000359944026506,2.2202730178833008e-06,False,False,7282540.2286384795,7282540.2315284,2.8899209573864937,7282540.278638479,0.0,0.00801130011677742,124.82368472325491,0.05154182016849518,1.0,111,110,-0.27382101776893886,-0.4164008680550626,0.113,-0.07733023048541716,-0.5201589275559487,0.113,-0.0983640716773166,-0.5046581600244412,0.113,-0.07733023048541716,-0.5201589275559487,0.113,7282540.17863848,7282540.2286384795,0.05154182016849518,0.049999999813735485,1,True,679,1,1.8668838339310156,24.08718181806853,1.1300116777419877e-05,1,False,,False,,,,,False,False,False,,5.656346321105957,3.290377616882324,8.025795936584473,1.0899770259857178,,,3.2335822582244873,False,0.20763287,0.896048271913,1,0.18981599807739258,-1.0,1.0178556442260742,0.03941204026341438,-0.2076328694820404,0.2113402932882309,0.2076328694820404,-0.2076328694820404,0.293637216091156,0.18938589096069336,-0.2076328545808792,0.2810309827327728,0.18938589096069336,-0.2076328545808792,0.2810309827327728,0.18938589096069336,-0.20763278007507324,0.28103095293045044,False,False,1.080099493265152,,,,,,,,,,,1.5674997121095657,1.0,0.008275572210550308,1.000034213066101,1.0,-0.022449936717748642,1345.91015625,52.833641052246094,1345.91015625,52.833641052246094,12.643653869628906,0.5,13.143653869628906,0.5041378140449524,0.5,0.004137814044952393,0.5000171065330505,0.35296201705932617,-0.05584251880645752,0.3573521673679352,0.7059240341186523,4.655393123626709,2.655393123626709,2.0,1.5,3.0,True,,False,False,-0.2902662967860516,-0.4075646810806559,0.11301107889587786,False,,False,timeout
112,1787741335.4636536,5.602339499630034,0.05233730003237724,19.10683201810895,0.05233730003237724,19.10683201810895,0.0023395204916596413,True,False,7282540.278638479,7282540.2846676,6.029120646417141,7282540.328638479,0.0,0.008006200194358826,124.9031969878296,0.04957772046327591,0.9915544129593462,112,111,-0.26030901503575965,-0.4237050408247674,0.113,-0.056222436288382804,-0.5357141943265821,0.113,-0.07733023048541716,-0.5201589275559487,0.113,-0.056222436288382804,-0.5357141943265821,0.113,7282540.2286384795,7282540.278638479,0.04957772046327591,0.049999999813735485,1,True,685,1,1.8664991629063727,25.146809527505553,6.200194358825517e-06,1,False,,False,,,,,False,False,False,,5.84573221206665,3.082744836807251,8.327971458435059,1.0490769147872925,,,3.2089433670043945,False,0.20763287,0.896048271913,1,0.5359979867935181,-0.4471776485443115,0.6980413198471069,0.11129079759120941,-0.0928487777709961,0.14493632316589355,0.03941204026341438,-0.2076328694820404,0.2113402932882309,0.05500207841396332,-0.2076328545808792,0.21479439735412598,0.05500207841396332,-0.2076328545808792,0.21479439735412598,0.05500221252441406,-0.20763278007507324,0.2147943675518036,False,False,1.157199963927269,,,,,,,,,,,2.2765006870031357,1.0,0.01857766881585121,1.00017249584198,1.0,0.008275572210550308,1397.110107421875,53.8071174621582,1397.110107421875,53.8071174621582,13.143653869628906,0.5041378140449524,13.643653869628906,0.513426661491394,0.5,0.00928884744644165,0.50008624792099,0.30217552185058594,-0.04090011119842529,0.3049309253692627,0.6036327481269836,4.84641695022583,2.84641695022583,2.0,1.5,3.0,True,,False,False,-0.27662734464195277,-0.4146444651847764,0.11300066982198527,False,,False,timeout
113,1787741335.5142856,5.650002399459481,0.04766289982944727,20.98067896788303,0.04766289982944727,20.98067896788303,2.4205073714256287e-06,False,False,7282540.328638479,,,7282540.378638479,,0.008083700202405453,123.705725714869,0.055689320899546146,1.0,114,-1,-0.2491335072874903,-0.429945852998916,0.113,-0.26307846634088894,-0.421947268581697,0.113,-0.26307846634088894,-0.421947268581697,0.113,-0.26307846634088894,-0.421947268581697,0.113,7282540.3338193,7282540.3338193,0.000508500263094902,0.0,1,True,692,2,1.6076065209419552,0.0025237614122652907,8.370020240545256e-05,1,False,,True,85,0.04688309971243143,0.027104499749839306,36.89424299394896,False,False,False,,5.9007344245910645,2.8751120567321777,8.630160331726074,1.012244462966919,,,3.304548501968384,False,0.20763287,0.896048271913,1,-0.10498297214508057,-1.0,1.005495548248291,-0.021797915920615196,-0.2076328694820404,0.20877394080162048,0.11129079759120941,-0.0928487777709961,0.14493632316589355,0.10543949902057648,-0.10478077083826065,0.14864890277385712,0.10543949902057648,-0.10478077083826065,0.14864890277385712,0.10543966293334961,-0.10478067398071289,0.1486489474773407,False,False,1.8817000091075897,,,,,,,,,,,2.0739007741212845,1.0,0.013451118022203445,1.000090479850769,1.0,0.01857766881585121,934.9284057617188,106.7880630493164,934.9284057617188,106.7880630493164,8.630160331726074,1.012244462966919,9.130160331726074,1.018970012664795,0.5,0.0067255496978759766,0.5000452399253845,0.3021888732910156,-0.036832451820373535,0.30442526936531067,0.6028012037277222,5.038247108459473,3.0382471084594727,2.0,1.5,3.0,False,lag_over_hard_limit,False,False,-0.26307846634088894,-0.421947268581697,0.11302523761412266,False,,False,timeout
114,1787741335.5650537,5.700002199970186,0.04999980051070452,20.000079796036562,0.04999980051070452,20.000079796036562,2.2212043404579163e-06,False,False,7282540.378638479,7282540.3854311,6.7926207557320595,7282540.428638479,0.0,0.008355299942195415,119.68451245536528,0.10411602072417736,1.0,114,-1,-0.2624573419582692,-0.4223035346552619,0.113,-0.26307846634088894,-0.421947268581697,0.113,-0.26307846634088894,-0.421947268581697,0.113,-0.26307846634088894,-0.421947268581697,0.113,7282540.3338193,7282540.3338193,0.048935200087726116,0.0,1,True,698,2,1.3777362002428237,1.4493340843656077,0.00035529994219541533,1,False,,True,87,0.006620200350880623,0.06339319981634617,15.774562617079733,False,False,False,,6.006174087524414,2.770331382751465,8.914241790771484,0.9810293912887573,,,3.4144484996795654,False,0.20763287,0.896048271913,1,1.0,-1.0,1.4142135381698608,0.2076328694820404,-0.2076328694820404,0.293637216091156,-0.021797915920615196,-0.2076328694820404,0.20877394080162048,-0.008571348153054714,-0.19694121181964874,0.19712764024734497,-0.008571349084377289,-0.19694121181964874,0.19712764024734497,-0.008571147918701172,-0.19694113731384277,0.197127565741539,False,False,2.8387997299432755,,,,,,,,,,,1.6662999987602234,1.0,0.0363168902695179,1.0006592273712158,1.0,0.013451118022203445,934.9284057617188,107.98622131347656,934.9284057617188,107.98622131347656,8.630160331726074,1.012244462966919,9.130160331726074,1.0304028987884521,0.5,0.018158435821533203,0.5003296136856079,0.28408145904541016,-0.03121507167816162,0.285791277885437,,0.285791277885437,0.0,2.0,1.5,3.0,True,,False,False,-0.25041730474309243,-0.4290004713560257,0.11306516463054762,False,,False,timeout
115,1787741335.616609,5.754297900013626,0.054295700043439865,18.417664735880358,0.054295700043439865,18.417664735880358,0.004297921434044838,True,False,7282540.428638479,7282540.4371478,8.509321138262749,7282540.478638479,0.0,0.008003500290215015,124.94533188467403,0.05214712116867304,1.0,115,114,-0.2503612823204745,-0.43176959150347954,0.113,-0.24343907845099277,-0.43713436292593083,0.113,-0.26307846634088894,-0.421947268581697,0.113,-0.24343907845099277,-0.43713436292593083,0.113,7282540.378638479,7282540.428638479,0.05214712116867304,0.049999999813735485,1,True,704,2,0.5718638162746096,1.4368864013646894,3.500290215015245e-06,1,False,,True,88,0.02695589978247881,0.02688120026141405,37.20071984417396,False,False,False,,5.997602939605713,2.573390245437622,8.8389253616333,0.9920455813407898,,,3.251732349395752,False,0.20763287,0.896048271913,1,1.0,-1.0,1.4142135381698608,0.2076328694820404,-0.2076328694820404,0.293637216091156,0.2076328694820404,-0.2076328694820404,0.293637216091156,0.18515808880329132,-0.20652145147323608,0.2773709297180176,0.18515808880329132,-0.20652145147323608,0.2773709297180176,0.18515825271606445,-0.20652151107788086,0.2773710787296295,False,False,1.123500056564808,,,,,,,,,,,1.5946999192237854,0.9451214671134949,-0.04317822679877281,0.9461072683334351,1.0,0.0363168902695179,983.318603515625,105.72367858886719,983.318603515625,105.72367858886719,9.130160331726074,1.0304028987884521,9.602721214294434,1.008813738822937,0.4725608825683594,-0.021589159965515137,0.47305378317832947,-0.0753164291381836,0.01101619005203247,0.07611781358718872,-0.14963534474372864,0.2937500476837158,0.0,2.0,1.5,3.0,True,,False,False,-0.25387655860566155,-0.4272589768134793,0.11299680726268929,False,,False,timeout
116,1787741335.6631775,5.800002800300717,0.04570490028709173,21.879491995794297,0.04570490028709173,21.879491995794297,2.8219074010849e-06,False,False,7282540.478638479,7282540.4830276,4.389121197164059,7282540.528638478,0.0,0.008301399648189545,120.46161399036973,0.050479721277952194,1.0,116,115,-0.23781783763156192,-0.4406332240176491,0.113,-0.22322833982060464,-0.4506757205935974,0.113,-0.24343907845099277,-0.43713436292593083,0.113,-0.22322833982060464,-0.4506757205935974,0.113,7282540.428638479,7282540.478638479,0.050479721277952194,0.049999999813735485,1,True,710,2,1.915548875973787,3.6860031225361016,0.0003013996481895445,1,False,,False,,,,,False,False,False,,6.182761192321777,2.366868734359741,8.872893333435059,1.0106151103973389,,,3.012679100036621,False,0.20763287,0.896048271913,1,1.0,-1.0,1.4142135381698608,0.2076328694820404,-0.2076328694820404,0.293637216091156,0.2076328694820404,-0.2076328694820404,0.293637216091156,0.205296590924263,-0.2075173407793045,0.29190775752067566,0.205296590924263,-0.2075173407793045,0.29190775752067566,0.20529651641845703,-0.20751738548278809,0.29190772771835327,False,False,1.7034001648426056,,,,,,,,,,,2.3958003148436546,0.9914756417274475,-0.07798303663730621,0.9945377111434937,0.9451214671134949,-0.04317822679877281,1034.082275390625,101.63737487792969,1034.082275390625,101.63737487792969,9.602721214294434,1.008813738822937,10.098459243774414,0.9698222279548645,0.49573802947998047,-0.03899151086807251,0.49726906418800354,0.03396797180175781,0.018569529056549072,0.038712408393621445,0.06993941217660904,0.7298300862312317,0.0,2.0,1.5,3.0,True,,False,False,-0.25316179114393755,-0.4291668115397306,0.11313124450744286,False,,False,timeout
117,1787741335.7148523,5.850002199411392,0.04999939911067486,20.000240358618637,0.04999939911067486,20.000240358618637,2.2212043404579163e-06,False,False,7282540.528638478,7282540.5342374,5.598921328783035,7282540.578638478,0.0,0.008020399138331413,124.68207414027064,0.04851952102035284,0.9703904240220428,117,116,-0.2249481633474647,-0.4490167435649282,0.113,-0.2014204717081497,-0.46396819348714713,0.113,-0.22322833982060464,-0.4506757205935974,0.113,-0.2014204717081497,-0.46396819348714713,0.113,7282540.478638479,7282540.528638478,0.04851952102035284,0.049999999813735485,1,True,716,2,2.1685770402843927,4.9561264409918335,2.0399138331413103e-05,1,False,,True,89,0.04244589991867542,0.03363739978522062,29.728813950695837,False,False,False,,6.388057708740234,2.159351348876953,9.126665115356445,1.0182230472564697,,,2.9668407440185547,False,0.20763287,0.896048271913,1,1.0,-0.5141377449035645,1.1244276762008667,0.2076328694820404,-0.10675189644098282,0.233468160033226,0.2076328694820404,-0.2076328694820404,0.293637216091156,0.20738999545574188,-0.20762085914611816,0.29345703125,0.20738999545574188,-0.20762085914611816,0.29345703125,0.20738983154296875,-0.20762085914611816,0.29345694184303284,False,False,2.012600190937519,,,,,,,,,,,2.2221002727746964,0.9885249733924866,-0.06319761276245117,0.9905430674552917,0.9914756417274475,-0.07798303663730621,1084.6947021484375,98.32581329345703,1084.6947021484375,98.32581329345703,10.098459243774414,0.9698222279548645,10.592721939086914,0.9382234215736389,0.4942626953125,-0.031598806381225586,0.4952717423439026,0.2537717819213867,0.007607936859130859,0.25388580560684204,0.5075599551200867,0.9729986786842346,0.0,2.0,1.5,3.0,True,,False,False,-0.24311221097181687,-0.43717067036529594,0.11289723028616402,False,,False,timeout
118,1787741335.7624805,5.900000699795783,0.049998500384390354,20.000599864235173,0.049998500384390354,20.000599864235173,7.217749953269958e-07,False,False,7282540.578638478,7282540.582582,3.9435215294361115,7282540.628638478,0.0,0.008004399947822094,124.93128860609828,0.04660172201693058,0.9320344438107104,118,117,-0.21199042059696133,-0.45726456026600953,0.113,-0.18026230071364036,-0.4774801782829928,0.113,-0.2014204717081497,-0.46396819348714713,0.113,-0.18026230071364036,-0.4774801782829928,0.113,7282540.528638478,7282540.578638478,0.04660172201693058,0.049999999813735485,1,True,722,2,2.039962731002194,5.802051078717002,4.399947822093797e-06,1,False,,True,90,0.027445100247859955,0.080532300285995,12.41737782788635,False,False,False,,6.595447540283203,1.951730489730835,9.45419979095459,1.0039170980453491,,,3.011779308319092,False,0.20763287,0.896048271913,1,1.0,-1.0,1.4142135381698608,0.2076328694820404,-0.2076328694820404,0.293637216091156,0.2076328694820404,-0.10675189644098282,0.233468160033226,0.20760761201381683,-0.1172374039888382,0.23842300474643707,0.20760761201381683,-0.1172374039888382,0.23842300474643707,0.20760774612426758,-0.11723744869232178,0.23842313885688782,False,False,1.127299852669239,,,,,,,,,,,1.5043998137116432,0.9410528540611267,-0.03849617764353752,0.9418399333953857,0.9885249733924866,-0.06319761276245117,1132.876708984375,96.3086166381836,1132.876708984375,96.3086166381836,10.592721939086914,0.9382234215736389,11.063248634338379,0.9189753532409668,0.47052669525146484,-0.01924806833267212,0.47092023491859436,0.32753467559814453,-0.014305949211120605,0.3278469443321228,0.6618187427520752,1.140415906906128,0.0,2.0,1.5,3.0,True,,False,False,-0.2292404746765971,-0.4463752936988787,0.11306559167172824,False,,False,timeout
119,1787741335.812513,5.950002099387348,0.05000139959156513,19.99944017904436,0.05000139959156513,19.99944017904436,2.12155282497406e-06,False,False,7282540.628638478,7282540.6328261,4.187622107565403,7282540.678638478,0.0,0.008014500141143799,124.7738452041856,0.05267922207713127,1.0,119,118,-0.1969353703396192,-0.4669840901733461,0.113,-0.1601788405988863,-0.49090395576808393,0.113,-0.18026230071364036,-0.4774801782829928,0.113,-0.1601788405988863,-0.49090395576808393,0.113,7282540.578638478,7282540.628638478,0.05267922207713127,0.049999999813735485,1,True,729,2,1.8931517819352546,6.278542898850047,1.4500141143798662e-05,1,False,,True,91,0.01381439995020628,0.06468180008232594,15.460299477244238,False,False,False,,6.803055286407471,1.8344930410385132,9.833773612976074,0.9809486865997314,,,3.1486172676086426,False,0.20763287,0.896048271913,1,0.5124325752258301,-1.0,1.123649001121521,0.106397844851017,-0.2076328694820404,0.23330648243427277,0.2076328694820404,-0.2076328694820404,0.293637216091156,0.20763026177883148,-0.1982361078262329,0.287067711353302,0.20763026177883148,-0.1982361078262329,0.287067711353302,0.20763015747070312,-0.1982361078262329,0.2870676517486572,False,False,1.1261999607086182,,,,,,,,,,,1.7529996111989021,0.8846979141235352,-0.002887006849050522,0.8847026228904724,0.9410528540611267,-0.03849617764353752,1178.1732177734375,96.15733337402344,1178.1732177734375,96.15733337402344,11.063248634338379,0.9189753532409668,11.505598068237305,0.9175318479537964,0.4423494338989258,-0.0014435052871704102,0.4423517882823944,0.3795738220214844,-0.022968411445617676,0.3802680969238281,0.8073456883430481,1.2310359477996826,0.0,2.0,1.5,3.0,True,,False,False,-0.21287780898017591,-0.45677442081553726,0.11293942986902183,False,,False,timeout
120,1787741335.8630812,6.000003099441528,0.05000100005418062,19.99959998632846,0.05000100005418062,19.99959998632846,3.121793270111084e-06,False,False,7282540.678638478,7282540.6827664,4.127922467887402,7282540.728638478,0.0,0.008012000471353531,124.81277348590346,0.05082312226295471,1.0,120,119,-0.1841875203070538,-0.47555231425478944,0.113,-0.141565806843832,-0.5046703611697082,0.113,-0.1601788405988863,-0.49090395576808393,0.113,-0.141565806843832,-0.5046703611697082,0.113,7282540.628638478,7282540.678638478,0.05082312226295471,0.049999999813735485,1,True,735,2,1.8519194680898898,7.0137624899084035,1.2000471353530717e-05,1,False,,False,,,,,False,False,False,,7.010685443878174,1.6362569332122803,10.14140510559082,0.9608237743377686,,,3.202751398086548,False,0.20763287,0.896048271913,1,1.0,-1.0,1.4142135381698608,0.2076328694820404,-0.2076328694820404,0.293637216091156,0.106397844851017,-0.2076328694820404,0.23330648243427277,0.11692111194133759,-0.2066560685634613,0.23743899166584015,0.11692111194133759,-0.2066560685634613,0.23743899166584015,0.11692094802856445,-0.2066560983657837,0.23743894696235657,False,False,1.6815997660160065,,,,,,,,,,,2.079899422824383,0.8194521069526672,0.022792641073465347,0.819769024848938,0.8846979141235352,-0.002887006849050522,1220.129150390625,97.35166931152344,1220.129150390625,97.35166931152344,11.505598068237305,0.9175318479537964,11.915324211120605,0.9289281964302063,0.4097261428833008,0.011396348476409912,0.40988460183143616,0.3076314926147461,-0.02012491226196289,0.3082890510559082,0.6955901980400085,1.3648797273635864,0.0,2.0,1.5,3.0,True,,False,False,-0.1995156968295167,-0.4651596452918704,0.11300282000546039,False,,False,timeout
121,1787741335.9136732,6.050000700168312,0.049997600726783276,20.000959755340997,0.049997600726783276,20.000959755340997,7.227063179016113e-07,False,False,7282540.728638478,7282540.7328207,4.182222299277782,7282540.778638477,0.0,0.00801989994943142,124.68983482404867,0.04886302258819342,0.9772604554044472,121,120,-0.17161535308646336,-0.4843763375425472,0.113,-0.12489606108396069,-0.5177180399331304,0.113,-0.141565806843832,-0.5046703611697082,0.113,-0.12489606108396069,-0.5177180399331304,0.113,7282540.678638478,7282540.728638478,0.04886302258819342,0.049999999813735485,1,True,741,2,1.8546633799929353,7.594301095289686,1.9899949431419206e-05,1,False,,True,92,0.03431660030037165,0.06363209988921881,15.715338669334566,False,False,False,,7.127606391906738,1.4296008348464966,10.440255165100098,0.9464337825775146,,,3.3476996421813965,False,0.20763287,0.896048271913,1,1.0,-1.0,1.4142135381698608,0.2076328694820404,-0.2076328694820404,0.293637216091156,0.2076328694820404,-0.2076328694820404,0.293637216091156,0.1982032060623169,-0.20753133296966553,0.2869734764099121,0.1982032060623169,-0.20753133296966553,0.2869734764099121,0.19820308685302734,-0.20753133296966553,0.28697338700294495,False,False,1.3001998886466026,,,,,,,,,,,1.7995992675423622,0.7379616498947144,0.0348690040409565,0.7387849688529968,0.8194521069526672,0.022792641073465347,1257.9127197265625,99.1788101196289,1257.9127197265625,99.1788101196289,11.915324211120605,0.9289281964302063,12.28430461883545,0.9463626742362976,0.36898040771484375,0.01743447780609131,0.369392067193985,0.29885005950927734,-0.014389991760253906,0.2991963028907776,0.7278497815132141,1.4751728773117065,0.0,2.0,1.5,3.0,True,,False,False,-0.18669017255324744,-0.47357256798364966,0.11307750271471537,False,,False,timeout
122,1787741335.966294,6.103933699429035,0.05393299926072359,18.541523996575588,0.05393299926072359,18.541523996575588,0.003933722153306007,True,False,7282540.778638477,7282540.7867328,8.094322867691517,7282540.828638477,0.0,0.008389299735426903,119.19946020966832,0.05544122215360403,1.0,122,121,-0.15717018761045692,-0.49498064696828004,0.113,-0.11060181902457915,-0.5297290621804409,0.113,-0.12489606108396069,-0.5177180399331304,0.113,-0.11060181902457915,-0.5297290621804409,0.113,7282540.728638478,7282540.778638477,0.05544122215360403,0.049999999813735485,1,True,748,2,1.8610771895151563,7.6714562214975315,0.0003892997354269026,1,False,,True,93,0.024866699241101742,0.07980090007185936,12.531186980341285,False,False,False,,7.325809478759766,1.222069501876831,10.788100242614746,0.9383233785629272,,,3.47389817237854,False,0.20763287,0.896048271913,1,1.0,-1.0,1.4142135381698608,0.2076328694820404,-0.2076328694820404,0.293637216091156,0.2076328694820404,-0.2076328694820404,0.293637216091156,0.20665262639522552,-0.20762231945991516,0.29293742775917053,0.20665262639522552,-0.20762231945991516,0.29293742775917053,0.20665264129638672,-0.20762228965759277,0.29293742775917053,False,False,1.0995995253324509,,,,,,,,,,,1.6644001007080078,0.707156240940094,0.05993841961026192,0.7096918821334839,0.7379616498947144,0.0348690040409565,1294.1192626953125,102.319580078125,1294.1192626953125,102.319580078125,12.28430461883545,0.9463626742362976,12.637883186340332,0.976331889629364,0.3535785675048828,0.029969215393066406,0.35484638810157776,0.34784507751464844,-0.008110404014587402,0.3479396104812622,0.939583420753479,1.4962259531021118,0.0,2.0,1.5,3.0,True,,False,False,-0.17204664661801425,-0.4837980785631199,0.11295570785911394,False,,False,timeout
123,1787741336.0128462,6.15000220015645,0.046068500727415085,21.706805826326928,0.046068500727415085,21.706805826326928,2.2230669856071472e-06,False,False,7282540.828638477,7282540.8329593,4.320822656154633,7282540.878638477,0.0,0.008005599491298199,124.91256914450496,0.05357312224805355,1.0,123,122,-0.1450068043687029,-0.5043601072667663,0.113,-0.09666692603471908,-0.5421953729520846,0.113,-0.11060181902457915,-0.5297290621804409,0.113,-0.09666692603471908,-0.5421953729520846,0.113,7282540.778638477,7282540.828638477,0.05357312224805355,0.049999999813735485,1,True,754,2,1.8549111860173912,7.993480422061955,5.599491298198533e-06,1,False,,True,94,0.006104400381445885,0.06307799927890301,15.853388050220845,False,False,False,,7.532462120056152,1.0144472122192383,11.088186264038086,0.9361980557441711,,,3.5565850734710693,True,0.20763287,0.896048271913,1,1.0,-1.0,1.4142135381698608,0.2076328694820404,-0.2076328694820404,0.293637216091156,0.2076328694820404,-0.2076328694820404,0.293637216091156,0.20753097534179688,-0.20763176679611206,0.29356440901756287,0.20753097534179688,-0.20763176679611206,0.29356440901756287,0.20753097534179688,-0.20763176679611206,0.29356440901756287,False,False,1.319199800491333,,,,,,,,,,,1.6538994386792183,0.6640650629997253,0.08287471532821655,0.6692163944244385,0.707156240940094,0.05993841961026192,1328.1192626953125,106.66221618652344,1328.1192626953125,106.66221618652344,12.637883186340332,0.976331889629364,12.969915390014648,1.01776921749115,0.3320322036743164,0.04143732786178589,0.33460789918899536,0.30008602142333984,-0.0021253228187561035,0.30009353160858154,0.8421513438224792,1.550216555595398,0.0,2.0,1.5,3.0,True,,False,False,-0.159567962769423,-0.49286972995039147,0.1131159567062383,False,,False,timeout
124,1787741336.062428,6.200003699399531,0.050001499243080616,19.999400320749054,0.050001499243080616,19.999400320749054,3.7224963307380676e-06,False,False,7282540.878638477,7282540.8826492,4.0107229724526405,7282540.928638477,0.0,0.008145499974489212,122.76717244268458,0.05175542272627354,1.0,124,123,-0.1330687754355493,-0.5140246395932705,0.113,-0.0843266532335021,-0.5542024195334976,0.113,-0.09666692603471908,-0.5421953729520846,0.113,-0.0843266532335021,-0.5542024195334976,0.113,7282540.828638477,7282540.878638477,0.05175542272627354,0.049999999813735485,1,True,760,2,1.8532269700798316,8.169888446052976,0.00014549997448921187,1,False,,False,,,,,False,False,False,,7.739993095397949,0.8068154454231262,11.387120246887207,0.9394132494926453,,,3.6495368480682373,True,0.20763287,0.896048271913,1,1.0,-1.0,1.4142135381698608,0.2076328694820404,-0.2076328694820404,0.293637216091156,0.2076328694820404,-0.2076328694820404,0.293637216091156,0.20762227475643158,-0.20763275027275085,0.29362964630126953,0.20762227475643158,-0.20763275027275085,0.29362964630126953,0.20762205123901367,-0.20763272047042847,0.2936294674873352,False,False,1.4690002426505089,,,,,,,,,,,2.2503994405269623,0.6213140487670898,0.10934729874134064,0.6308628916740417,0.6640650629997253,0.08287471532821655,1359.9307861328125,112.39201354980469,1359.9307861328125,112.39201354980469,12.969915390014648,1.01776921749115,13.280572891235352,1.072442889213562,0.3106575012207031,0.05467367172241211,0.3154319226741791,0.2989339828491211,0.003215193748474121,0.29895126819610596,0.8876990079879761,1.584733486175537,0.0,2.0,1.5,3.0,True,,False,False,-0.14731669687725926,-0.5021739802301853,0.11293977115217212,False,,False,timeout
125,1787741336.1120615,6.25000249966979,0.04999880027025938,20.000479903411335,0.04999880027025938,20.000479903411335,2.5229528546333313e-06,False,False,7282540.928638477,7282540.9325938,3.955323249101639,7282540.978638477,0.0,0.008018099702894688,124.71783054019406,0.049807922914624214,0.9961584620034637,125,124,-0.1214388197412373,-0.5240571586813043,0.113,-0.07398190254438977,-0.5661685058039444,0.113,-0.0843266532335021,-0.5542024195334976,0.113,-0.07398190254438977,-0.5661685058039444,0.113,7282540.878638477,7282540.928638477,0.049807922914624214,0.049999999813735485,1,True,766,2,1.8520182832747665,8.196714232241806,1.8099702894687486e-05,1,False,,True,95,0.02553000021725893,0.06482930015772581,15.425124096158061,False,False,False,,7.947615146636963,0.5991827249526978,11.685715675354004,0.9487161636352539,,,3.754406452178955,True,0.20763287,0.896048271913,1,1.0,-1.0,1.4142135381698608,0.2076328694820404,-0.2076328694820404,0.293637216091156,0.2076328694820404,-0.2076328694820404,0.293637216091156,0.20763173699378967,-0.2076328545808792,0.29363641142845154,0.20763173699378967,-0.2076328545808792,0.29363641142845154,0.20763158798217773,-0.20763283967971802,0.293636292219162,False,False,1.19050033390522,,,,,,,,,,,1.5887003391981125,0.5668724179267883,0.13627202808856964,0.5830218195915222,0.6213140487670898,0.10934729874134064,1388.9544677734375,119.53266906738281,1388.9544677734375,119.53266906738281,13.280572891235352,1.072442889213562,13.564008712768555,1.1405788660049438,0.2834358215332031,0.06813597679138184,0.2915104925632477,0.2985954284667969,0.009302914142608643,0.29874029755592346,0.9374077320098877,1.5996493101119995,0.0,2.0,1.5,3.0,True,,False,False,-0.1352936503357676,-0.5117674116635132,0.1130544021503632,False,,False,timeout
126,1787741336.164115,6.3017787002027035,0.05177620053291321,19.31389305718402,0.05177620053291321,19.31389305718402,0.0017787236720323563,True,False,7282540.978638477,7282540.9845199,5.881423130631447,7282541.0286384765,0.0,0.008001499809324741,124.9765698718915,0.04785492271184921,0.9570984578024538,126,125,-0.1101782846100489,-0.534502470951196,0.113,-0.06485027111373179,-0.5779492574155385,0.113,-0.07398190254438977,-0.5661685058039444,0.113,-0.06485027111373179,-0.5779492574155385,0.113,7282540.928638477,7282540.978638477,0.04785492271184921,0.049999999813735485,1,True,772,2,1.5977567136312227,7.8764790533821305,1.499809324741197e-06,1,False,,True,96,0.01483940053731203,0.08088870067149401,12.362666128872682,False,False,False,,8.15524673461914,0.39154988527297974,12.033110618591309,0.9692416191101074,,,3.9206576347351074,True,0.20763287,0.896048271913,1,1.0,-1.0,1.4142135381698608,0.2076328694820404,-0.2076328694820404,0.293637216091156,0.2076328694820404,-0.2076328694820404,0.293637216091156,0.20763273537158966,-0.2076328694820404,0.29363712668418884,0.20763273537158966,-0.2076328694820404,0.29363712668418884,0.20763301849365234,-0.09154987335205078,0.22692035138607025,False,True,1.0993005707859993,,,,,,,,,,,1.6042999923229218,0.4863508939743042,0.1648600846529007,0.5135328769683838,0.5668724179267883,0.13627202808856964,1413.855712890625,128.17132568359375,1413.855712890625,128.17132568359375,13.564008712768555,1.1405788660049438,13.807184219360352,1.2230088710784912,0.24317550659179688,0.08243000507354736,0.25676649808883667,0.3473949432373047,0.020525455474853516,0.34800076484680176,1.175154209136963,1.5404561758041382,0.0,2.0,1.5,3.0,True,,False,False,-0.12166333385718572,-0.5233949914501187,0.11298605298043324,False,,False,timeout
127,1787741336.2111807,6.350003600120544,0.04822489991784096,20.73617574538598,0.04822489991784096,20.73617574538598,3.623776137828827e-06,False,False,7282541.0286384765,7282541.0321968,3.5583237186074257,7282541.078638476,0.0,0.008003000169992447,124.95313991739472,0.045985423028469086,0.9197084639955627,127,126,-0.09939209155032362,-0.5454358714410285,0.113,-0.05814516937176658,-0.5893532830122704,0.113,-0.06485027111373179,-0.5779492574155385,0.113,-0.05814516937176658,-0.5893532830122704,0.113,7282540.978638477,7282541.0286384765,0.045985423028469086,0.049999999813735485,1,True,778,2,1.5953011292811274,7.62027025383432,3.000169992446733e-06,1,False,,False,,,,,False,False,False,,8.362879753112793,0.30000001192092896,12.331124305725098,0.9971306920051575,,,4.0290141105651855,True,0.20763287,0.896048271913,1,1.0,-1.0,1.4142135381698608,0.2076328694820404,-0.2076328694820404,0.293637216091156,0.2076328694820404,-0.2076328694820404,0.293637216091156,0.2076328843832016,-0.1955658495426178,0.28523221611976624,0.2076328843832016,-0.1955658495426178,0.28523221611976624,0.20763301849365234,0.0,0.20763301849365234,False,True,1.6502002254128456,,,,,,,,,,,1.6305996105074883,0.39505356550216675,0.21084560453891754,0.4477981626987457,0.4863508939743042,0.1648600846529007,1434.0823974609375,139.21963500976562,1434.0823974609375,139.21963500976562,13.807184219360352,1.2230088710784912,14.004711151123047,1.3284317255020142,0.1975269317626953,0.10542285442352295,0.2238992303609848,0.29801368713378906,0.02788907289505005,0.29931581020355225,1.1340758800506592,1.4932427406311035,0.0,2.0,1.5,3.0,True,,False,False,-0.11036288117767781,-0.5338540975143816,0.11305345065897966,False,,False,timeout
128,1787741336.2626846,6.400001299567521,0.049997699446976185,20.000920263551826,0.049997699446976185,20.000920263551826,1.323409378528595e-06,False,False,7282541.078638476,7282541.082344,3.705523908138275,7282541.128638476,0.0,0.008003500290215015,124.94533188467403,0.05200672335922718,1.0,128,127,-0.08764718315418529,-0.5589648509879311,0.113,-0.05386982057518266,-0.6003619138169135,0.113,-0.05814516937176658,-0.5893532830122704,0.113,-0.05386982057518266,-0.6003619138169135,0.113,7282541.0286384765,7282541.078638476,0.05200672335922718,0.049999999813735485,1,True,785,2,1.8550912539103168,7.197886799190502,3.500290215015245e-06,1,False,,True,97,0.04736289940774441,0.062155699357390404,16.088629205989275,False,False,False,,8.570512771606445,0.30000001192092896,12.627392768859863,1.0345004796981812,,,4.1228346824646,True,0.20763287,0.896048271913,1,1.0,-1.0,1.4142135381698608,0.2076328694820404,-0.2076328694820404,0.293637216091156,0.2076328694820404,-0.2076328694820404,0.293637216091156,0.2076328843832016,-0.18604907393455505,0.27879324555397034,0.2076328843832016,-0.18604907393455505,0.27879324555397034,0.20763301849365234,0.0,0.20763301849365234,False,True,1.0863002389669418,,,,,,,,,,,1.560400240123272,0.3273080587387085,0.27288195490837097,0.426139771938324,0.39505356550216675,0.21084560453891754,1450.840576171875,153.51866149902344,1450.840576171875,153.51866149902344,14.004711151123047,1.3284317255020142,14.168365478515625,1.4648727178573608,0.16365432739257812,0.13644099235534668,0.21307013928890228,0.2962684631347656,0.03736978769302368,0.298615962266922,1.245951533317566,1.4083329439163208,0.0,2.0,1.5,3.0,True,,False,False,-0.09950542304770212,-0.544699178134308,0.11309529267895053,False,,False,timeout
129,1787741336.3163292,6.453976899385452,0.05397559981793165,18.52688999053573,0.05397559981793165,18.52688999053573,0.003976923413574696,True,False,7282541.128638476,7282541.1366175,7.979024201631546,7282541.178638476,0.0,0.008001399226486683,124.9781409093729,0.050031223334372044,1.0,129,128,-0.07871796661067967,-0.5714550696159791,0.113,-0.05281580165328731,-0.6110734105262511,0.113,-0.05386982057518266,-0.6003619138169135,0.113,-0.05281580165328731,-0.6110734105262511,0.113,7282541.078638476,7282541.128638476,0.050031223334372044,0.049999999813735485,1,True,791,2,1.6058441346896248,6.339073281983132,1.3992264866827253e-06,1,False,,True,98,0.021975599229335785,0.06600810028612614,15.149655809897384,False,False,False,,8.778145790100098,0.30000001192092896,12.970505714416504,1.0976637601852417,,,4.267569541931152,True,0.20763287,0.896048271913,1,1.0,-1.0,1.4142135381698608,0.2076328694820404,-0.2076328694820404,0.293637216091156,0.2076328694820404,-0.2076328694820404,0.293637216091156,0.2076328843832016,-0.18604907393455505,0.27879324555397034,0.2076328843832016,-0.18604907393455505,0.27879324555397034,0.20763301849365234,0.0,0.20763301849365234,False,True,1.1112997308373451,,,,,,,,,,,1.5952996909618378,0.23908871412277222,0.37443724274635315,0.4442596733570099,0.3273080587387085,0.27288195490837097,1463.0819091796875,173.13917541503906,1463.0819091796875,173.13917541503906,14.168365478515625,1.4648727178573608,14.287909507751465,1.652091383934021,0.11954402923583984,0.18721866607666016,0.2221297025680542,0.3431129455566406,0.06316328048706055,0.34887832403182983,1.4266866445541382,1.2528808116912842,0.0,2.0,1.5,3.0,True,,False,False,-0.08772720444975306,-0.5581625032251962,0.11312186384756742,False,,False,timeout
130,1787741336.3626149,6.500047399662435,0.046070500276982784,21.705863708617215,0.046070500276982784,21.705863708617215,4.742387682199478e-05,False,False,7282541.178638476,7282541.1829518,4.313323646783829,7282541.228638476,0.0,0.008004999719560146,124.92192817402714,0.04809222370386124,0.9618444776603746,130,129,-0.07164001598271007,-0.5850673072657461,0.113,-0.05531397002992088,-0.6233070022551047,0.113,-0.05281580165328731,-0.6110734105262511,0.113,-0.05531397002992088,-0.6233070022551047,0.113,7282541.128638476,7282541.178638476,0.04809222370386124,0.049999999813735485,1,True,797,2,1.8581754982388108,6.013356983605116,4.999719560146165e-06,1,False,,True,99,0.0036793993785977364,0.07905719988048077,12.649069300605221,False,False,False,,8.98577880859375,0.30000001192092896,13.214619636535645,1.159257411956787,,,4.315254211425781,True,0.20763287,0.896048271913,1,-0.6101908683776855,-1.0,1.1714661121368408,-0.1266956776380539,-0.2076328694820404,0.24323487281799316,0.2076328694820404,-0.2076328694820404,0.293637216091156,0.2076328843832016,-0.18604907393455505,0.27879324555397034,0.2076328843832016,-0.18604907393455505,0.27879324555397034,0.20763301849365234,0.0,0.20763301849365234,False,True,1.1458005756139755,,,,,,,,,,,1.7530005425214767,0.1522843837738037,0.48301294445991516,0.5064504146575928,0.23908871412277222,0.37443724274635315,1470.87890625,198.4490509033203,1470.87890625,198.4490509033203,14.287909507751465,1.652091383934021,14.364051818847656,1.8935978412628174,0.0761423110961914,0.2415064573287964,0.2532252371311188,0.24411392211914062,0.06159365177154541,0.25176453590393066,0.8251422643661499,1.1810319423675537,0.0,2.0,1.5,3.0,True,,False,False,-0.08002421678942702,-0.568485207712819,0.11314411618565129,False,,False,timeout
131,1787741336.4131775,6.550004099495709,0.04995669983327389,20.0173350789266,0.04995669983327389,20.0173350789266,4.123896360397339e-06,False,False,7282541.228638476,7282541.2327387,4.100224003195763,7282541.278638476,0.0,0.008018199354410172,124.71628052624806,0.04613672383129597,0.9227344800633731,131,130,-0.06756434179536164,-0.5998385464789534,0.113,-0.062134905954729654,-0.6356829149406119,0.113,-0.05531397002992088,-0.6233070022551047,0.113,-0.062134905954729654,-0.6356829149406119,0.113,7282541.178638476,7282541.228638476,0.04613672383129597,0.049999999813735485,1,True,803,2,1.6218914693986213,5.243239483149413,1.8199354410171342e-05,1,False,,False,,,,,False,False,False,,9.193411827087402,0.30000001192092896,13.541643142700195,1.2814842462539673,,,4.457625865936279,True,0.20763287,0.896048271913,1,1.0,-1.0,1.4142135381698608,0.2076328694820404,-0.2076328694820404,0.293637216091156,-0.1266956776380539,-0.2076328694820404,0.24323487281799316,-0.09194163233041763,-0.18604907393455505,0.20752716064453125,-0.056944817304611206,-0.16431450843811035,0.17390218377113342,-0.056944847106933594,0.0,0.056944847106933594,True,True,2.0075002685189247,,,,,,,,,,,1.6780002042651176,0.0659373477101326,0.6256705522537231,0.6291354298591614,0.1522843837738037,0.48301294445991516,1474.2550048828125,231.2341766357422,1474.2550048828125,231.2341766357422,14.364051818847656,1.8935978412628174,14.39702033996582,2.206433057785034,0.03296852111816406,0.3128352165222168,0.3145676255226135,0.3270235061645508,0.12222683429718018,0.34911856055259705,0.8486639261245728,1.0252020359039307,0.0,2.0,1.5,3.0,True,,False,False,-0.07132962842753211,-0.5840631458497025,0.11311200631692661,False,,False,timeout
132,1787741336.461754,6.600002000108361,0.0499979006126523,20.00083979019998,0.0499979006126523,20.00083979019998,2.0246952772140503e-06,False,False,7282541.278638476,7282541.2823667,3.728223964571953,7282541.328638475,0.0,0.008005799725651741,124.90944493600749,0.05223072413355112,1.0,132,131,-0.06806005298112675,-0.6176737221277047,0.113,-0.07312208330228186,-0.6502542673480165,0.113,-0.062134905954729654,-0.6356829149406119,0.113,-0.07312208330228186,-0.6502542673480165,0.113,7282541.228638476,7282541.278638476,0.05223072413355112,0.049999999813735485,1,True,810,2,1.9024512912534943,5.194686913857676,5.799725651740861e-06,1,False,,True,100,0.0246312003582716,0.06436629965901375,15.53608029819315,False,False,False,,9.136466979980469,0.30000001192092896,13.797297477722168,1.4333982467651367,,,4.796658515930176,True,0.20763287,0.896048271913,1,1.0,-1.0,1.4142135381698608,0.2076328694820404,-0.2076328694820404,0.293637216091156,0.2076328694820404,-0.2076328694820404,0.293637216091156,0.18012955784797668,-0.18604907393455505,0.2589612305164337,0.18012955784797668,-0.18604907393455505,0.2589612305164337,0.1801300048828125,0.0,0.1801300048828125,False,True,1.1446001008152962,,,,,,,,,,,1.5308000147342682,-0.1276249885559082,0.871295690536499,0.8805931806564331,0.0659373477101326,0.6256705522537231,1467.7205810546875,276.89007568359375,1467.7205810546875,276.89007568359375,14.39702033996582,2.206433057785034,14.333208084106445,2.642080783843994,-0.063812255859375,0.43564772605895996,0.4402964413166046,0.25565433502197266,0.15191400051116943,0.2973836064338684,0.5654473304748535,0.978391706943512,0.0,2.0,1.5,3.0,True,,False,False,-0.06683933640307929,-0.5986889195885244,0.11313861869868455,False,,False,timeout
133,1787741336.5144289,6.652086699381471,0.052084699273109436,19.199496473166455,0.052084699273109436,19.199496473166455,0.002086724154651165,True,False,7282541.328638475,7282541.3347929,6.154424510896206,7282541.378638475,0.0,0.008001599460840225,124.9750134200035,0.05025922413915396,1.0,133,132,-0.0738384633765139,-0.6318414103379439,0.113,-0.09277387879783579,-0.6661026918599939,0.113,-0.07312208330228186,-0.6502542673480165,0.113,-0.09277387879783579,-0.6661026918599939,0.113,7282541.278638476,7282541.328638475,0.05025922413915396,0.049999999813735485,1,True,816,2,1.9357920498487386,5.843523768866775,1.5994608402250532e-06,1,False,,True,101,0.013334599323570728,0.07930840086191893,12.609004709867557,False,False,False,,9.316596984863281,0.30000001192092896,14.008065223693848,1.6353484392166138,,,4.877810001373291,True,0.20763287,0.896048271913,1,1.0,-1.0,1.4142135381698608,0.2076328694820404,-0.2076328694820404,0.293637216091156,0.2076328694820404,-0.2076328694820404,0.293637216091156,0.2047739028930664,-0.18604907393455505,0.27667057514190674,0.2047739028930664,-0.18604907393455505,0.27667057514190674,0.2047739028930664,0.0,0.2047739028930664,False,True,1.1075995862483978,,,,,,,,,,,1.5970002859830856,-0.16153031587600708,1.0,1.012961983680725,-0.1276249885559082,0.871295690536499,1459.4503173828125,329.2900695800781,1459.4503173828125,329.2900695800781,14.333208084106445,2.642080783843994,14.252443313598633,3.142080783843994,-0.0807647705078125,0.5,0.5064809322357178,0.2107677459716797,0.20195019245147705,0.29190224409103394,0.3844486474990845,1.0579357147216797,0.0,2.0,1.5,3.0,True,,False,False,-0.06625641178432909,-0.6140308687952865,0.11316183212436912,False,,False,timeout
134,1787741336.561948,6.700002499856055,0.0479158004745841,20.869942484430126,0.0479158004745841,20.869942484430126,2.5248154997825623e-06,False,False,7282541.378638475,7282541.382256,3.617525100708008,7282541.428638475,0.0,0.008050000295042992,124.22359793151529,0.04833062458783388,0.9666124953575898,134,133,-0.08273310292566408,-0.6443446658859907,0.113,-0.11532407073920768,-0.6844370341427626,0.113,-0.09277387879783579,-0.6661026918599939,0.113,-0.11532407073920768,-0.6844370341427626,0.113,7282541.328638475,7282541.378638475,0.04833062458783388,0.049999999813735485,1,True,822,2,1.9770605722788863,7.1436202261518815,5.000029504299147e-05,1,False,,False,,,,,False,False,False,,9.521370887756348,0.30000001192092896,14.143872261047363,1.8806285858154297,,,4.885274410247803,True,0.20763287,0.896048271913,1,1.0,-1.0,1.4142135381698608,0.2076328694820404,-0.2076328694820404,0.293637216091156,0.2076328694820404,-0.2076328694820404,0.293637216091156,0.2073356807231903,-0.18604907393455505,0.2785719633102417,0.2073356807231903,-0.18604907393455505,0.2785719633102417,0.2073354721069336,0.0,0.2073354721069336,False,True,1.1587999761104584,,,,,,,,,,,2.1962998434901237,-0.1880396604537964,1.0,1.0175259113311768,-0.16153031587600708,1.0,1449.822509765625,381.6900634765625,1449.822509765625,381.6900634765625,14.252443313598633,3.142080783843994,14.15842342376709,3.642080783843994,-0.09401988983154297,0.5,0.5087629556655884,0.13580703735351562,0.24528014659881592,0.2803674340248108,0.43532809615135193,1.2661157846450806,0.0,2.0,1.5,3.0,True,,False,False,-0.07050685292890016,-0.6288086127497127,0.11316344604414721,False,,False,timeout
135,1787741336.6125004,6.750001499429345,0.04999899957329035,20.00040017869085,0.04999899957329035,20.00040017869085,1.5245750546455383e-06,False,False,7282541.428638475,7282541.432524,3.8855252787470818,7282541.478638475,0.0,0.008022899739444256,124.64321286274354,0.04638012498617172,0.927602503179023,135,134,-0.09304827158881734,-0.6557193845862879,0.113,-0.13776950372041097,-0.701389179026088,0.113,-0.11532407073920768,-0.6844370341427626,0.113,-0.13776950372041097,-0.701389179026088,0.113,7282541.378638475,7282541.428638475,0.04638012498617172,0.049999999813735485,1,True,828,2,1.6991750858717611,8.08980227608379,2.2899739444255662e-05,1,False,,True,102,0.04565209988504648,0.06307199969887733,15.854896067577824,False,False,False,,9.728706359863281,0.30000001192092896,14.203534126281738,2.196913242340088,,,4.860284328460693,True,0.20763287,0.896048271913,1,1.0,1.0,1.4142135381698608,0.2076328694820404,0.2076328694820404,0.293637216091156,0.2076328694820404,-0.2076328694820404,0.293637216091156,0.20760194957256317,-0.18604907393455505,0.27877020835876465,0.20760194957256317,-0.18604907393455505,0.27877020835876465,0.20760154724121094,0.0,0.20760154724121094,False,True,1.181899569928646,,,,,,,,,,,1.5933997929096222,-0.2165127694606781,1.0,1.0231704711914062,-0.1880396604537964,1.0,1438.737060546875,434.090087890625,1438.737060546875,434.090087890625,14.15842342376709,3.642080783843994,14.050167083740234,4.142080783843994,-0.10825634002685547,0.5,0.5115852355957031,0.059661865234375,0.3162846565246582,0.3218625783920288,0.5892948508262634,1.4458714723587036,0.0,2.0,1.5,3.0,True,,False,False,-0.08064226859347294,-0.6441096511150265,0.11315740282878545,False,,False,timeout
136,1787741336.662153,6.800002000294626,0.05000050086528063,19.999799655894655,0.05000050086528063,19.999799655894655,2.0256265997886658e-06,False,False,7282541.478638475,7282541.4828712,4.232725128531456,7282541.528638475,0.0,0.008018599823117256,124.71005188674533,0.05245632492005825,1.0,136,135,-0.10599208221387676,-0.6681089161667535,0.113,-0.16043252624762944,-0.7180419886982742,0.113,-0.13776950372041097,-0.701389179026088,0.113,-0.16043252624762944,-0.7180419886982742,0.113,7282541.428638475,7282541.478638475,0.05245632492005825,0.049999999813735485,1,True,835,2,1.9127307758221868,9.299279492241864,1.8599823117255998e-05,1,False,,True,103,0.012348600663244724,0.0659131994470954,15.171468057815044,False,False,False,,9.936307907104492,0.30000001192092896,14.201452255249023,2.4718587398529053,,,4.7862749099731445,True,0.20763287,0.896048271913,1,1.0,-0.19840210676193237,1.0194916725158691,0.2076328694820404,-0.04119480028748512,0.21167999505996704,0.2076328694820404,0.2076328694820404,0.293637216091156,0.20762962102890015,0.18604907393455505,0.27879080176353455,0.20762962102890015,0.18604907393455505,0.27879080176353455,0.20762920379638672,0.18604907393455505,0.27879050374031067,False,False,1.1360002681612968,,,,,,,,,,,1.6919001936912537,-0.22864565253257751,1.0,1.0258064270019531,-0.2165127694606781,1.0,1427.030517578125,486.4900817871094,1427.030517578125,486.4900817871094,14.050167083740234,4.142080783843994,13.935844421386719,4.642080783843994,-0.11432266235351562,0.5,0.5129031538963318,-0.0020818710327148438,0.2749454975128174,0.2749533951282501,0.5261287689208984,1.677059531211853,0.0,2.0,1.5,3.0,True,,False,False,-0.09152570716512787,-0.6555959613194347,0.11306209682463263,False,,False,timeout
137,1787741336.712766,6.850420399568975,0.05041839927434921,19.834029132074377,0.05041839927434921,19.834029132074377,0.00042042508721351624,False,False,7282541.528638475,7282541.5331075,4.469024948775768,7282541.578638474,0.0,0.008346599526703358,119.80927044608887,0.050844225101172924,1.0,137,136,-0.1175215112262734,-0.6782571312727685,0.113,-0.18224443241894198,-0.733953176605118,0.113,-0.16043252624762944,-0.7180419886982742,0.113,-0.18224443241894198,-0.733953176605118,0.113,7282541.478638475,7282541.528638475,0.050844225101172924,0.049999999813735485,1,True,841,2,1.8832178081448188,10.421740234774468,0.00034659952670335753,1,False,,True,104,6.0599297285079956e-05,0.08298870082944632,12.04983317012208,False,False,False,,10.143937110900879,0.486049085855484,14.178574562072754,2.744804620742798,,,4.623880863189697,True,0.20763287,0.896048271913,1,1.0,0.9177533984184265,1.3573029041290283,0.2076328694820404,0.19055576622486115,0.281820684671402,0.2076328694820404,-0.04119480028748512,0.21167999505996704,0.20763248205184937,-0.017572402954101562,0.2083747535943985,0.20763248205184937,-0.017572402954101562,0.2083747535943985,0.20763206481933594,-0.017572402954101562,0.20837433636188507,False,False,1.1673998087644577,,,,,,,,,,,1.482299529016018,-0.24263328313827515,1.0,1.0290145874023438,-0.22864565253257751,1.0,1414.6075439453125,538.8900756835938,1414.6075439453125,538.8900756835938,13.935844421386719,4.642080783843994,13.81452751159668,5.142080783843994,-0.12131690979003906,0.5,0.5145073533058167,-0.02287769317626953,0.2729458808898926,0.2739029824733734,0.5287131071090698,1.9127401113510132,0.0,2.0,1.5,3.0,True,,False,False,-0.10303320427407527,-0.6662270228397211,0.11312800015385252,False,,False,timeout
138,1787741336.7629678,6.900001700036228,0.04958130046725273,20.168894130973353,0.04958130046725273,20.168894130973353,1.7257407307624817e-06,False,False,7282541.578638474,7282541.5822088,3.5703256726264954,7282541.628638474,0.0,0.008018599823117256,124.71005188674533,0.04888952523469925,0.9777905083365385,138,137,-0.12933711289465016,-0.6880707799583142,0.113,-0.2043133569620157,-0.7489482984062663,0.113,-0.18224443241894198,-0.733953176605118,0.113,-0.2043133569620157,-0.7489482984062663,0.113,7282541.528638475,7282541.578638474,0.04888952523469925,0.049999999813735485,1,True,847,2,1.8679987350761489,11.525889743579098,1.8599823117255998e-05,1,False,,False,,,,,False,False,False,,10.351569175720215,0.46847668290138245,14.14393424987793,3.0164480209350586,,,4.568828105926514,True,0.20763287,0.896048271913,1,1.0,1.0,1.4142135381698608,0.2076328694820404,0.2076328694820404,0.293637216091156,0.2076328694820404,0.19055576622486115,0.281820684671402,0.20763278007507324,0.16892047226428986,0.267666757106781,0.20763278007507324,0.16892047226428986,0.267666757106781,0.20763301849365234,0.16892048716545105,0.2676669657230377,False,False,1.3586999848484993,,,,,,,,,,,1.9351998344063759,-0.26392340660095215,1.0,1.0342415571212769,-0.24263328313827515,1.0,1401.0948486328125,591.2901000976562,1401.0948486328125,591.2901000976562,13.81452751159668,5.142080783843994,13.682565689086914,5.642080783843994,-0.13196182250976562,0.5,0.5171207785606384,-0.03464031219482422,0.27164340019226074,0.2738431990146637,0.5289563536643982,2.151005268096924,0.15100526809692383,2.0,1.5,3.0,True,,False,False,-0.11481759766909365,-0.6763182916362028,0.11306799469153492,False,,False,timeout
139,1787741336.8119614,6.950001600198448,0.04999990016222,20.00003993519174,0.04999990016222,20.00003993519174,1.6260892152786255e-06,False,False,7282541.628638474,7282541.6322433,3.604825586080551,7282541.678638474,0.0,0.008004200644791126,124.93439937075634,0.047645825892686844,0.9529165214036276,139,138,-0.14136432497517934,-0.6976243069829297,0.113,-0.2262166937205243,-0.7639627347959743,0.113,-0.2043133569620157,-0.7489482984062663,0.113,-0.2262166937205243,-0.7639627347959743,0.113,7282541.578638474,7282541.628638474,0.047645825892686844,0.049999999813735485,1,True,853,2,1.6050191694053262,12.3756394938783,4.200644791126085e-06,1,False,,True,105,0.03475460037589073,0.06271519977599382,15.945097896073047,False,False,False,,10.559202194213867,0.6373971700668335,14.096602439880371,3.3344573974609375,,,4.448295593261719,True,0.20763287,0.896048271913,1,1.0,1.0,1.4142135381698608,0.2076328694820404,0.2076328694820404,0.293637216091156,0.2076328694820404,0.2076328694820404,0.293637216091156,0.2076328843832016,0.2036086469888687,0.2908055782318115,0.2076328843832016,0.2036086469888687,0.2908055782318115,0.20763301849365234,0.20360863208770752,0.2908056974411011,False,False,1.095999963581562,,,,,,,,,,,1.4747995883226395,-0.3039356470108032,1.0,1.0451682806015015,-0.26392340660095215,1.0,1385.533203125,643.6900634765625,1385.533203125,643.6900634765625,13.682565689086914,5.642080783843994,13.530597686767578,6.142080783843994,-0.15196800231933594,0.5,0.5225841999053955,-0.047331809997558594,0.3180093765258789,0.32151246070861816,0.6179584264755249,2.344472646713257,0.34447264671325684,2.0,1.5,3.0,True,,False,False,-0.12869601619084178,-0.6877698894542741,0.11311428530727147,False,,False,timeout
140,1787741336.864576,7.0022293999791145,0.05222779978066683,19.146891199697258,0.05222779978066683,19.146891199697258,0.0022294260561466217,True,False,7282541.678638474,7282541.6848014,6.162925623357296,7282541.728638474,0.0,0.008021100424230099,124.67117316960714,0.05370252579450607,1.0,140,139,-0.15563993731344494,-0.7084556012266183,0.113,-0.24840389345363043,-0.7774721912984109,0.113,-0.2262166937205243,-0.7639627347959743,0.113,-0.24840389345363043,-0.7774721912984109,0.113,7282541.628638474,7282541.678638474,0.05370252579450607,0.049999999813735485,1,True,860,2,1.8642120997960583,13.426365669385017,2.1100424230098558e-05,1,False,,True,106,0.01099579967558384,0.06522729992866516,15.331004059552285,False,False,False,,10.76683521270752,0.841005802154541,14.050007820129395,3.607868194580078,,,4.293570518493652,True,0.20763287,0.896048271913,1,1.0,0.9330706596374512,1.3677064180374146,0.2076328694820404,0.19373613595962524,0.2839808166027069,0.2076328694820404,0.2076328694820404,0.293637216091156,0.2076328843832016,0.20721454918384552,0.29334157705307007,0.2076328843832016,0.20721454918384552,0.29334157705307007,0.20763301849365234,0.2072145938873291,0.293341726064682,False,False,1.1231005191802979,,,,,,,,,,,1.567699946463108,-0.3258991241455078,1.0,1.0517653226852417,-0.3039356470108032,1.0,1368.84716796875,696.090087890625,1368.84716796875,696.090087890625,13.530597686767578,6.142080783843994,13.367648124694824,6.642080783843994,-0.1629495620727539,0.5,0.5258826613426208,-0.04659461975097656,0.2734107971191406,0.2773527204990387,0.5265079140663147,2.5868940353393555,0.5868940353393555,2.0,1.5,3.0,True,,False,False,-0.14069934474854254,-0.6973071032988983,0.11313551039741998,False,,False,timeout
141,1787741336.912175,7.050002699717879,0.04777329973876476,20.932194457327142,0.04777329973876476,20.932194457327142,2.7259811758995056e-06,False,False,7282541.728638474,7282541.7326971,4.058626480400562,7282541.778638474,0.0,0.008002299815416336,124.9640757115238,0.051734126172959805,1.0,141,140,-0.1680806554693504,-0.7174640472539063,0.113,-0.27076907832834324,-0.7907503799395912,0.113,-0.24840389345363043,-0.7774721912984109,0.113,-0.27076907832834324,-0.7907503799395912,0.113,7282541.678638474,7282541.728638474,0.051734126172959805,0.049999999813735485,1,True,866,2,1.8643432441595775,14.480058318650807,2.299815416335893e-06,1,False,,False,,,,,False,False,False,,10.974468231201172,1.0482203960418701,13.996611595153809,3.883845329284668,,,4.144166946411133,True,0.20763287,0.896048271913,1,0.427390456199646,1.0,1.0875029563903809,0.08874030411243439,0.2076328694820404,0.22580136358737946,0.2076328694820404,0.19373613595962524,0.2839808166027069,0.2076328843832016,0.19513723254203796,0.2849385142326355,0.2076328843832016,0.19513723254203796,0.2849385142326355,0.20763301849365234,0.19513726234436035,0.28493863344192505,False,False,1.4724992215633392,,,,,,,,,,,2.3138001561164856,-0.358801007270813,1.0,1.0624208450317383,-0.3258991241455078,1.0,1350.4765625,748.4901123046875,1350.4765625,748.4901123046875,13.367648124694824,6.642080783843994,13.188247680664062,7.142080783843994,-0.17940044403076172,0.5,0.5312104225158691,-0.05339622497558594,0.27597713470458984,0.2810952365398407,0.5304216146469116,2.829038381576538,0.8290383815765381,2.0,1.5,3.0,True,,False,False,-0.15291257251483997,-0.7066253309533395,0.11317047476429762,False,,False,timeout
142,1787741336.9618125,7.100002699531615,0.049999999813735485,20.000000074505806,0.049999999813735485,20.000000074505806,2.7259811758995056e-06,False,False,7282541.778638474,7282541.7825518,3.9133261889219284,7282541.8286384735,0.0,0.008007899858057499,124.87668648775698,0.04978102631866932,0.9956205300823618,142,141,-0.1806829128289775,-0.7262451129169031,0.113,-0.29269989978999766,-0.8031367808716562,0.113,-0.27076907832834324,-0.7907503799395912,0.113,-0.29269989978999766,-0.8031367808716562,0.113,7282541.728638474,7282541.778638474,0.04978102631866932,0.049999999813735485,1,True,872,2,1.8683534907179615,15.45509586505411,7.899858057498765e-06,1,False,,True,108,0.01711339969187975,0.06493009999394417,15.401177575473731,False,False,False,,11.182101249694824,1.2433576583862305,13.93527889251709,4.160668849945068,,,4.0113205909729,True,0.20763287,0.896048271913,1,1.0,1.0,1.4142135381698608,0.2076328694820404,0.2076328694820404,0.293637216091156,0.08874030411243439,0.2076328694820404,0.22580136358737946,0.1010994017124176,0.2063339352607727,0.22977115213871002,0.1010994017124176,0.2063339352607727,0.22977115213871002,0.10109901428222656,0.20633387565612793,0.22977092862129211,False,False,1.1524995788931847,,,,,,,,,,,1.605999656021595,-0.40548866987228394,1.0,1.0790834426879883,-0.358801007270813,1.0,1329.7154541015625,800.8900756835938,1329.7154541015625,800.8900756835938,13.188247680664062,7.142080783843994,12.985503196716309,7.642080783843994,-0.2027444839477539,0.5,0.5395417809486389,-0.06133270263671875,0.2768235206604004,0.28353652358055115,0.529493510723114,3.0735764503479004,1.0735764503479004,2.0,1.5,3.0,True,,False,False,-0.16531119756084922,-0.7156262515993923,0.11315694159061411,False,,False,timeout
143,1787741337.0154219,7.154089800082147,0.05408710055053234,18.488696746939187,0.05408710055053234,18.488696746939187,0.004089826717972755,True,False,7282541.8286384735,7282541.8354995,6.861026398837566,7282541.878638473,0.0,0.008013900369405746,124.7831834567907,0.055812026374042034,1.0,143,142,-0.19559788562987165,-0.73617772696258,0.113,-0.3152023382831907,-0.8144517791661492,0.113,-0.29269989978999766,-0.8031367808716562,0.113,-0.3152023382831907,-0.8144517791661492,0.113,7282541.778638474,7282541.8286384735,0.055812026374042034,0.049999999813735485,1,True,879,2,1.8585660930836512,16.152596454609455,1.3900369405746293e-05,1,False,,False,,,,,False,False,False,,11.28320026397705,1.4496915340423584,13.854486465454102,4.488570690155029,,,3.980741262435913,True,0.20763287,0.896048271913,1,0.4929770231246948,1.0,1.1149109601974487,0.10235823690891266,0.2076328694820404,0.23149216175079346,0.2076328694820404,0.2076328694820404,0.293637216091156,0.19655849039554596,0.20749783515930176,0.28581565618515015,0.19655849039554596,0.20749783515930176,0.28581565618515015,0.19655895233154297,0.20749783515930176,0.2858159840106964,False,False,1.141900196671486,,,,,,,,,,,1.3742996379733086,-0.46688541769981384,1.0,1.1036221981048584,-0.40548866987228394,1.0,1305.81103515625,853.2900390625,1305.81103515625,853.2900390625,12.985503196716309,7.642080783843994,12.752060890197754,8.142080307006836,-0.2334423065185547,0.4999995231628418,0.5518105030059814,-0.08079242706298828,0.32790184020996094,0.3377085030078888,0.6194704174995422,3.2710483074188232,1.2710483074188232,2.0,1.5,3.0,True,,False,False,-0.18010994468068314,-0.7259041775406652,0.11306826174584608,False,,False,timeout
144,1787741337.061954,7.200003699399531,0.045913899317383766,21.77989704353826,0.045913899317383766,21.77989704353826,3.7262216210365295e-06,False,False,7282541.878638473,7282541.8826395,4.001026973128319,7282541.928638473,0.0,0.008002600632607937,124.95937832075894,0.04584832675755024,0.9169665385669713,144,143,-0.20641071320045506,-0.7430274121807572,0.113,-0.33853288408956,-0.8250449957266406,0.113,-0.3152023382831907,-0.8144517791661492,0.113,-0.33853288408956,-0.8250449957266406,0.113,7282541.8286384735,7282541.878638473,0.04584832675755024,0.049999999813735485,1,True,884,2,1.6113835713272568,17.16222927890925,2.6006326079366926e-06,1,False,,False,,,,,False,False,False,,11.479759216308594,1.6571893692016602,13.780866622924805,4.769168853759766,,,3.87033748626709,True,0.20763287,0.896048271913,1,1.0,1.0,1.4142135381698608,0.2076328694820404,0.2076328694820404,0.293637216091156,0.10235823690891266,0.2076328694820404,0.23149216175079346,0.11215056478977203,0.2076188325881958,0.23597314953804016,0.11215056478977203,0.2076188325881958,0.23597314953804016,0.11215019226074219,0.2076188325881958,0.23597298562526703,False,False,1.2074997648596764,,,,,,,,,,,2.088800072669983,-0.5103588104248047,1.0,1.1227048635482788,-0.46688541769981384,1.0,1279.6807861328125,905.6900634765625,1279.6807861328125,905.6900634765625,12.752060890197754,8.142080307006836,12.496881484985352,8.642080307006836,-0.25517940521240234,0.5,0.5613524317741394,-0.07361984252929688,0.28059816360473633,0.29009518027305603,0.5172007083892822,3.5263257026672363,1.5263257026672363,2.0,1.5,3.0,True,,False,False,-0.19277123940876403,-0.7344484599944797,0.11314844347637087,False,,False,timeout
145,1787741337.1145442,7.2500043995678425,0.050000700168311596,19.99971993659719,0.050000700168311596,19.99971993659719,4.426576197147369e-06,False,False,7282541.928638473,7282541.9339012,5.262726917862892,7282541.978638473,0.0,0.008005100302398205,124.9203585494632,0.05211372673511505,1.0,145,144,-0.2217639745292077,-0.7522678684791037,0.113,-0.36176181667522406,-0.834568750130796,0.113,-0.33853288408956,-0.8250449957266406,0.113,-0.36176181667522406,-0.834568750130796,0.113,7282541.878638473,7282541.928638473,0.05211372673511505,0.049999999813735485,1,True,891,2,1.8627221855083662,18.102326465196253,5.100302398204637e-06,1,False,,True,109,0.045437199994921684,0.0270413001999259,36.98047034005933,False,False,False,,11.591909408569336,1.864808201789856,13.69831657409668,5.053567886352539,,,3.821667194366455,True,0.20763287,0.896048271913,1,1.0,1.0,1.4142135381698608,0.2076328694820404,0.2076328694820404,0.293637216091156,0.2076328694820404,0.2076328694820404,0.293637216091156,0.19770728051662445,0.2076314091682434,0.28670361638069153,0.19770728051662445,0.2076314091682434,0.28670361638069153,0.1977071762084961,0.20763146877288818,0.28670358657836914,False,False,1.7392002046108246,,,,,,,,,,,2.1593002602458,-0.5721314549446106,1.0,1.1520999670028687,-0.5103588104248047,1.0,1250.387451171875,958.0900268554688,1250.387451171875,958.0900268554688,12.496881484985352,8.642080307006836,12.2108154296875,9.142080307006836,-0.28606605529785156,0.5,0.5760501623153687,-0.082550048828125,0.28439903259277344,0.29613733291625977,0.518108606338501,3.784292221069336,1.784292221069336,2.0,1.5,3.0,True,,False,False,-0.20574188669113677,-0.742769169645971,0.11320202926790246,False,,False,timeout
146,1787741337.1622615,7.300002099946141,0.04999770037829876,20.000919890988524,0.04999770037829876,20.000919890988524,2.127140760421753e-06,False,False,7282541.978638473,7282541.9831385,4.500026814639568,7282542.028638473,0.0,0.008251599967479706,121.18861844261592,0.050416226498782635,1.0,146,145,-0.2351238976092352,-0.7598462312871206,0.113,-0.38576647162848127,-0.8434156806358112,0.113,-0.36176181667522406,-0.834568750130796,0.113,-0.38576647162848127,-0.8434156806358112,0.113,7282541.928638473,7282541.978638473,0.050416226498782635,0.049999999813735485,1,True,897,2,1.8652399099144683,19.092151128629304,0.00025159996747970564,1,False,,True,111,0.007067600265145302,0.06101810000836849,16.38857977981701,False,False,False,,11.789616584777832,2.072439670562744,13.606040954589844,5.337113857269287,,,3.7359731197357178,True,0.20763287,0.896048271913,1,1.0,1.0,1.4142135381698608,0.2076328694820404,0.2076328694820404,0.293637216091156,0.2076328694820404,0.2076328694820404,0.293637216091156,0.206601083278656,0.20763272047042847,0.2929084599018097,0.206601083278656,0.20763272047042847,0.2929084599018097,0.20660114288330078,0.20763278007507324,0.29290851950645447,False,False,1.1851005256175995,,,,,,,,,,,1.747199334204197,-0.6862941980361938,1.0,1.2128478288650513,-0.5721314549446106,1.0,1215.249267578125,995.5999755859375,1215.249267578125,1010.4900512695312,12.2108154296875,9.142080307006836,11.867668151855469,9.5,-0.34314727783203125,0.35791969299316406,0.4958392381668091,-0.09227561950683594,0.28354597091674805,0.29818302392959595,0.5067896246910095,4.052705764770508,2.052705764770508,2.0,1.5,3.0,True,,True,False,-0.21888408668549864,-0.750672665577549,0.11316194285174712,False,,False,timeout
147,1787741337.2143872,7.352034599520266,0.05203249957412481,19.218757664628683,0.05203249957412481,19.218757664628683,0.0020346269011497498,True,False,7282542.028638473,7282542.0348929,6.254427134990692,7282542.078638473,0.0,0.00800700020045042,124.89071749289411,0.04856872744858265,0.9713745525903051,147,146,-0.2487458155703074,-0.7669411319465733,0.113,-0.4070903021040729,-0.8456520476420171,0.113,-0.38576647162848127,-0.8434156806358112,0.113,-0.4070903021040729,-0.8456520476420171,0.113,7282541.978638473,7282542.028638473,0.04856872744858265,0.049999999813735485,1,True,903,2,1.6100414063254398,19.292721220738983,7.000200450420213e-06,1,False,,True,112,0.02076449990272522,0.02734060026705265,36.57564172813976,False,False,False,,11.996217727661133,2.2800724506378174,13.4885892868042,5.6699042320251465,,,3.7037997245788574,True,0.20763287,0.896048271913,1,1.0,1.0,1.4142135381698608,0.2076328694820404,0.2076328694820404,0.293637216091156,0.2076328694820404,0.2076328694820404,0.293637216091156,0.20752562582492828,0.2076328545808792,0.2935613989830017,0.20752562582492828,0.2076328545808792,0.2935613989830017,0.20752525329589844,0.20763278007507324,0.29356107115745544,False,False,1.1233994737267494,,,,,,,,,,,1.605600118637085,-0.9083673357963562,1.0,1.350974202156067,-0.6862941980361938,1.0,1168.7408447265625,995.5999755859375,1168.7408447265625,1048.0,11.867668151855469,9.5,11.413484573364258,9.5,-0.45418357849121094,0.0,0.45418357849121094,-0.11745166778564453,0.3327903747558594,0.3529083728790283,0.6484084129333496,4.158968448638916,2.158968448638916,2.0,1.5,3.0,True,,True,False,-0.23443751287772266,-0.7595595666609397,0.11309110982132166,False,,False,timeout
148,1787741337.264037,7.400002700276673,0.047968100756406784,20.84718769830462,0.047968100756406784,20.84718769830462,2.7278438210487366e-06,False,False,7282542.078638473,7282542.082971,4.3325275182724,7282542.128638472,0.0,0.008017799817025661,124.72249530058322,0.04703062679618597,0.9406125394277741,148,147,-0.2628398283452086,-0.7730328889332196,0.113,-0.42258091900830813,-0.8334821664973404,0.113,-0.4070903021040729,-0.8456520476420171,0.113,-0.42258091900830813,-0.8334821664973404,0.113,7282542.028638473,7282542.078638473,0.04703062679618597,0.049999999813735485,1,True,909,2,1.609871866545944,18.688067619475678,1.7799817025661302e-05,1,False,,False,,,,,False,False,False,,12.203742980957031,2.4877052307128906,13.375497817993164,5.954895973205566,,,3.659838914871216,True,0.20763287,0.896048271913,1,1.0,1.0,1.4142135381698608,0.2076328694820404,0.2076328694820404,0.293637216091156,0.2076328694820404,0.2076328694820404,0.293637216091156,0.20762167870998383,0.2076328545808792,0.2936292886734009,0.20762167870998383,0.2076328545808792,0.2936292886734009,0.20762157440185547,0.20763278007507324,0.29362916946411133,False,False,1.8833000212907791,,,,,,,,,,,2.166999503970146,-1.0,1.0,1.4142135381698608,-0.9083673357963562,1.0,1117.5408935546875,995.5999755859375,1117.5408935546875,1048.0,11.413484573364258,9.5,10.913484573364258,9.5,-0.5,0.0,0.5,-0.11309146881103516,0.2849917411804199,0.30661046504974365,0.2489994764328003,4.051821708679199,2.051821708679199,2.0,1.5,3.0,True,,True,False,-0.24803636355154285,-0.7667098690774206,0.11321352441425253,False,,False,timeout
149,1787741337.3136806,7.450003399513662,0.05000069923698902,19.999720309115794,0.05000069923698902,19.999720309115794,3.427267074584961e-06,False,False,7282542.128638472,7282542.1336282,4.989727400243282,7282542.178638472,0.0,0.008006599731743336,124.89696419259649,0.05309832748025656,1.0,149,148,-0.27994188342479626,-0.7783542429312379,0.113,-0.4393434591476941,-0.8203130253042983,0.113,-0.42258091900830813,-0.8334821664973404,0.113,-0.4393434591476941,-0.8203130253042983,0.113,7282542.078638473,7282542.128638472,0.05309832748025656,0.049999999813735485,1,True,916,2,1.8900746867578735,18.371856877119974,6.599731743335557e-06,1,False,,True,113,0.03809629939496517,0.03799849934875965,26.31682874688687,False,False,False,,12.411364555358887,2.695338010787964,13.24242115020752,6.229623317718506,,,3.630678653717041,True,0.20763287,0.896048271913,1,1.0,1.0,1.4142135381698608,0.2076328694820404,0.2076328694820404,0.293637216091156,0.2076328694820404,0.2076328694820404,0.293637216091156,0.2076316922903061,0.2076328545808792,0.29363638162612915,0.2076316922903061,0.2076328545808792,0.29363638162612915,0.20763206481933594,0.20763278007507324,0.29363659024238586,False,False,1.492200419306755,,,,,,,,,,,2.2863997146487236,-1.0,1.0,1.4142135381698608,-1.0,1.0,1066.3408203125,995.5999755859375,1066.3408203125,1048.0,10.913484573364258,9.5,10.413484573364258,9.5,-0.5,0.0,0.5,-0.13307666778564453,0.27472734451293945,0.30526137351989746,0.26615333557128906,4.014885902404785,2.014885902404785,2.0,1.5,3.0,True,,True,False,-0.26186533777267124,-0.7728367711330191,0.11318502538957491,False,,False,timeout
150,1787741337.3664963,7.504107399843633,0.054104000329971313,18.482921667550755,0.054104000329971313,18.482921667550755,0.004107427783310413,True,False,7282542.178638472,7282542.1868692,8.230728097259998,7282542.228638472,0.0,0.008003199473023415,124.95002821942963,0.051115427166223526,1.0,150,149,-0.2950026141015047,-0.7813447099186756,0.113,-0.4560578797965727,-0.8071816881886429,0.113,-0.4393434591476941,-0.8203130253042983,0.113,-0.4560578797965727,-0.8071816881886429,0.113,7282542.128638472,7282542.178638472,0.051115427166223526,0.049999999813735485,1,True,922,2,1.6331508610578784,17.944302418604067,3.1994730234144453e-06,1,False,,True,114,0.028957000002264977,0.08094879984855652,12.353487659741159,False,False,False,,12.618996620178223,2.902970790863037,13.047666549682617,6.5409064292907715,,,3.663104295730591,True,0.20763287,0.896048271913,1,0.6653892993927002,1.0,1.2011423110961914,0.1381566822528839,0.2076328694820404,0.24939662218093872,0.2076328694820404,0.2076328694820404,0.293637216091156,0.20763278007507324,0.2076328545808792,0.29363715648651123,0.20763278007507324,0.2076328545808792,0.29363715648651123,0.20763301849365234,0.20763278007507324,0.2936372756958008,False,False,1.141199842095375,,,,,,,,,,,1.6017993912100792,-1.0,1.0,1.4142135381698608,-1.0,1.0,1015.1408081054688,995.5999755859375,1015.1408081054688,1048.0,10.413484573364258,9.5,9.913484573364258,9.5,-0.5,0.0,0.5,-0.19475460052490234,0.3112831115722656,0.36718735098838806,0.3895092010498047,3.9617104530334473,1.9617104530334473,2.0,1.5,3.0,True,,True,False,-0.2789295168888655,-0.7784531407983805,0.11311201568200895,False,,False,timeout
151,1787741337.4126306,7.550001000054181,0.04589360021054745,21.789530466388996,0.04589360021054745,21.789530466388996,1.0281801223754883e-06,False,False,7282542.228638472,7282542.2326573,4.018828272819519,7282542.278638472,0.0,0.008003399707376957,124.94690213688466,0.04931992758065462,0.9863985552877134,151,150,-0.31027296497881746,-0.7829581446172966,0.113,-0.47272438785974147,-0.7940879925999217,0.113,-0.4560578797965727,-0.8071816881886429,0.113,-0.47272438785974147,-0.7940879925999217,0.113,7282542.178638472,7282542.228638472,0.04931992758065462,0.049999999813735485,1,True,928,2,1.703450588586339,17.986370503357023,3.399707376956773e-06,1,False,,True,115,0.011413900181651115,0.06292880047112703,15.890975078395458,False,False,False,,12.826629638671875,3.1106035709381104,12.856321334838867,6.777505874633789,,,3.667022466659546,True,0.20763287,0.896048271913,1,-1.0,1.0,1.4142135381698608,-0.2076328694820404,0.2076328694820404,0.293637216091156,0.1381566822528839,0.2076328694820404,0.24939662218093872,0.14537887275218964,0.2076328545808792,0.253468781709671,0.14537887275218964,0.2076328545808792,0.253468781709671,0.14537906646728516,0.20763278007507324,0.2534688115119934,False,False,1.1673001572489738,,,,,,,,,,,1.5339003875851631,-1.0,1.0,1.4142135381698608,-1.0,1.0,963.9407958984375,995.5999755859375,963.9407958984375,1048.0,9.913484573364258,9.5,9.413484573364258,9.5,-0.5,0.0,0.5,-0.19134521484375,0.23659944534301758,0.3042897880077362,0.3826904296875,4.0090227127075195,2.0090227127075195,2.0,1.5,3.0,True,,True,False,-0.2933046153778428,-0.7814588154131589,0.11296108300837307,False,,False,timeout
152,1787741337.4632597,7.600003100000322,0.05000209994614124,19.999160056820212,0.05000209994614124,19.999160056820212,3.1283125281333923e-06,False,False,7282542.278638472,7282542.2827332,4.094728268682957,7282542.328638472,0.0,0.008036800660192966,124.42762266744957,0.04737602826207876,0.9475205687713644,152,151,-0.32562530179040783,-0.7832939407245101,0.113,-0.48966857239767,-0.7807761462612725,0.113,-0.47272438785974147,-0.7940879925999217,0.113,-0.48966857239767,-0.7807761462612725,0.113,7282542.228638472,7282542.278638472,0.04737602826207876,0.049999999813735485,1,True,934,2,1.8279570430867742,18.233552277574148,3.6800660192966295e-05,1,False,,False,,,,,False,False,False,,12.97200870513916,3.3182363510131836,12.647993087768555,6.988558292388916,,,3.684596300125122,True,0.20763287,0.896048271913,1,1.0,1.0,1.4142135381698608,0.2076328694820404,0.2076328694820404,0.293637216091156,-0.2076328694820404,0.2076328694820404,0.293637216091156,-0.1709366738796234,0.2076328545808792,0.26894375681877136,-0.16607025265693665,0.2076328545808792,0.26587727665901184,-0.16606998443603516,0.20763278007507324,0.2658770680427551,True,False,1.6270000487565994,,,,,,,,,,,2.184799872338772,-1.0,0.9575951099395752,1.3845535516738892,-1.0,1.0,912.7408447265625,995.5999755859375,912.7408447265625,1045.778076171875,9.413484573364258,9.5,8.913484573364258,9.5,-0.5,0.0,0.5,-0.2083282470703125,0.21105241775512695,0.2965531647205353,0.416656494140625,4.095044136047363,2.0950441360473633,2.0,1.5,3.0,True,,True,False,-0.30734745419859344,-0.7830656562116057,0.11289574680519404,False,,False,timeout
153,1787741337.5118027,7.650002099573612,0.04999899957329035,20.00040017869085,0.04999899957329035,20.00040017869085,2.1280720829963684e-06,False,False,7282542.328638472,7282542.3323903,3.751828335225582,7282542.3786384715,0.0,0.008026599884033203,124.58575417334997,0.053431227803230286,1.0,153,152,-0.34351026724610534,-0.7822479317071983,0.113,-0.5062389418929791,-0.7677579799398168,0.113,-0.48966857239767,-0.7807761462612725,0.113,-0.5062389418929791,-0.7677579799398168,0.113,7282542.278638472,7282542.328638472,0.053431227803230286,0.049999999813735485,1,True,941,2,2.1567248128507117,18.493444384601464,2.659988403320296e-05,1,False,,True,116,0.030546899884939194,0.0634398004040122,15.762975192727053,False,False,False,,12.805938720703125,3.525869131088257,12.41272258758545,7.192225456237793,,,3.687382221221924,True,0.20763287,0.896048271913,1,-0.5890015363693237,1.0,1.1605700254440308,-0.12229607999324799,0.2076328694820404,0.24097248911857605,0.2076328694820404,0.2076328694820404,0.293637216091156,0.16878581047058105,0.2076328545808792,0.26758185029029846,0.14537933468818665,0.2076328545808792,0.2534690201282501,0.14537906646728516,0.20763278007507324,0.2534688115119934,True,False,1.20449997484684,,,,,,,,,,,1.4737993478775024,-1.0,0.8769869804382324,1.3300775289535522,-1.0,0.9575951099395752,861.5408325195312,995.5999755859375,861.5408325195312,1041.5540771484375,8.913484573364258,9.5,8.413484573364258,9.5,-0.5,0.0,0.5,-0.23527050018310547,0.20366716384887695,0.3111792504787445,0.47054100036621094,4.19171667098999,2.1917166709899902,2.0,1.5,3.0,True,,True,False,-0.32198894733237543,-0.7836540903500255,0.11295878254388633,False,,False,timeout
154,1787741337.562414,7.700002099387348,0.049999999813735485,20.000000074505806,0.049999999813735485,20.000000074505806,2.1280720829963684e-06,False,False,7282542.3786384715,7282542.382729,4.0905289351940155,7282542.428638471,0.0,0.008003199473023415,124.95002821942963,0.05145912803709507,1.0,154,153,-0.35873800629636265,-0.7802538626967905,0.113,-0.5227620164198876,-0.7547769699270954,0.113,-0.5062389418929791,-0.7677579799398168,0.113,-0.5227620164198876,-0.7547769699270954,0.113,7282542.328638472,7282542.3786384715,0.05145912803709507,0.049999999813735485,1,True,947,2,2.1491589687367108,18.747734009921544,3.1994730234144453e-06,1,False,,True,117,0.017281399108469486,0.08117739949375391,12.318699616350036,False,False,False,,12.95131778717041,3.73350191116333,12.14443302154541,7.388225078582764,,,3.742734909057617,True,0.20763287,0.896048271913,1,-1.0,0.963702917098999,1.3887848854064941,-0.2076328694820404,0.20009639859199524,0.28835737705230713,-0.12229607999324799,0.2076328694820404,0.24097248911857605,-0.0944707840681076,0.2076328545808792,0.2281142920255661,-0.0944707840681076,0.2076328545808792,0.2281142920255661,-0.09447097778320312,0.20763278007507324,0.2281143069267273,False,False,1.1419998481869698,,,,,,,,,,,1.691100187599659,-1.0,0.6791004538536072,1.208791732788086,-1.0,0.8769869804382324,810.3408203125,995.5999755859375,810.3408203125,1031.184814453125,8.413484573364258,9.5,7.913484573364258,9.5,-0.5,0.0,0.5,-0.26828956604003906,0.1959996223449707,0.3322576582431793,0.5365791320800781,4.287139892578125,2.287139892578125,2.0,1.5,3.0,True,,True,False,-0.33743067115408687,-0.7830620456317249,0.11299775749537236,False,,False,timeout
155,1787741337.6121068,7.750002199783921,0.050000100396573544,19.99995984145122,0.050000100396573544,19.99995984145122,2.22865492105484e-06,False,False,7282542.428638471,7282542.432956,4.317528568208218,7282542.478638471,0.0,0.008035499602556229,124.44776920676881,0.049520728178322315,0.9904145672560281,155,154,-0.37382371936642506,-0.7773739788452513,0.113,-0.5392379981730212,-0.7418329573731037,0.113,-0.5227620164198876,-0.7547769699270954,0.113,-0.5392379981730212,-0.7418329573731037,0.113,7282542.3786384715,7282542.428638471,0.049520728178322315,0.049999999813735485,1,True,953,2,1.8813383218597288,18.800098487082472,3.549960255622847e-05,1,False,,True,118,0.004085499793291092,0.06295309960842133,15.884841353645255,False,False,False,,12.856846809387207,3.9411346912384033,11.810370445251465,7.595566272735596,,,3.8013131618499756,True,0.20763287,0.896048271913,1,-1.0,1.0,1.4142135381698608,-0.2076328694820404,0.2076328694820404,0.293637216091156,-0.2076328694820404,0.20009639859199524,0.28835737705230713,-0.19586949050426483,0.20087981224060059,0.2805664837360382,-0.19586949050426483,0.20087981224060059,0.2805664837360382,-0.19586944580078125,0.20087981224060059,0.2805664539337158,False,False,1.2330999597907066,,,,,,,,,,,1.634799875319004,-1.0,0.5320748090744019,1.1327415704727173,-1.0,0.6791004538536072,759.1408081054688,995.5999755859375,759.1408081054688,1023.4806518554688,7.913484573364258,9.5,7.413484573364258,9.5,-0.5,0.0,0.5,-0.3340625762939453,0.20734119415283203,0.3931770324707031,0.6681251525878906,4.337347984313965,2.337347984313965,2.0,1.5,3.0,True,,True,False,-0.3553762651016249,-0.781065971744594,0.11293669353028822,False,,False,timeout
156,1787741337.663638,7.8000045996159315,0.05000239983201027,19.99904011326723,0.05000239983201027,19.99904011326723,4.628673195838928e-06,False,False,7282542.478638471,7282542.4828754,4.23692911863327,7282542.528638471,0.0,0.008013700135052204,124.78630135235097,0.04755732882767916,0.9511465800968802,156,155,-0.38874193392368683,-0.7737226723899989,0.113,-0.5556670881960872,-0.7289257843320325,0.113,-0.5392379981730212,-0.7418329573731037,0.113,-0.5556670881960872,-0.7289257843320325,0.113,7282542.428638471,7282542.478638471,0.04755732882767916,0.049999999813735485,1,True,959,2,1.8683724845770977,19.151368367222076,1.3700135052203966e-05,1,False,,False,,,,,False,False,False,,12.660977363586426,4.142014503479004,11.508346557617188,7.754992485046387,,,3.7923829555511475,True,0.20763287,0.896048271913,1,-1.0,1.0,1.4142135381698608,-0.2076328694820404,0.2076328694820404,0.293637216091156,-0.2076328694820404,0.2076328694820404,0.293637216091156,-0.20641003549098969,0.20693087577819824,0.29227638244628906,-0.20641003549098969,0.20693087577819824,0.29227638244628906,-0.20641040802001953,0.20693111419677734,0.2922768294811249,False,False,2.3183999583125114,,,,,,,,,,,1.5957001596689224,-1.0,0.46476951241493225,1.1027287244796753,-1.0,0.5320748090744019,707.9407958984375,995.5999755859375,707.9407958984375,1019.9539184570312,7.413484573364258,9.5,6.913484573364258,9.5,-0.5,0.0,0.5,-0.30202388763427734,0.15942621231079102,0.3415188789367676,0.6040477752685547,4.451173782348633,2.451173782348633,2.0,1.5,3.0,True,,True,False,-0.3706312385038871,-0.7783142848325298,0.11296284221052197,False,,False,timeout
157,1787741337.71634,7.853954300284386,0.05394970066845417,18.535784028635522,0.05394970066845417,18.535784028635522,0.003954329527914524,True,False,7282542.528638471,7282542.5364265,7.788029499351978,7282542.578638471,0.0,0.008001699112355709,124.973457006883,0.05362612847238779,1.0,157,156,-0.40591796475825415,-0.7686186998311474,0.113,-0.5723702444847243,-0.7158032968268322,0.113,-0.5556670881960872,-0.7289257843320325,0.113,-0.5723702444847243,-0.7158032968268322,0.113,7282542.478638471,7282542.528638471,0.05362612847238779,0.049999999813735485,1,True,966,2,1.8627384235359585,19.32572102329414,1.6991123557089094e-06,1,False,,True,119,0.027605600655078888,0.06319620087742805,15.823736017605649,False,False,False,,12.454566955566406,4.348945617675781,11.1436767578125,7.920299053192139,,,3.8043394088745117,True,0.20763287,0.896048271913,1,0.2573528289794922,1.0,1.0325844287872314,0.05343490466475487,0.2076328694820404,0.21439845860004425,-0.2076328694820404,0.2076328694820404,0.293637216091156,-0.20750579237937927,0.20755991339683533,0.293495774269104,-0.20750579237937927,0.20755991339683533,0.293495774269104,-0.2075061798095703,0.20756006240844727,0.29349616169929504,False,False,1.1148005723953247,,,,,,,,,,,1.5588002279400826,-1.0,0.39770177006721497,1.0761815309524536,-1.0,0.46476951241493225,656.7408447265625,995.5999755859375,656.7408447265625,1016.4395751953125,6.913484573364258,9.5,6.413484573364258,9.5,-0.5,0.0,0.5,-0.3646697998046875,0.16530656814575195,0.400387704372406,0.729339599609375,4.51552677154541,2.51552677154541,2.0,1.5,3.0,True,,True,False,-0.3881115484566892,-0.7740877906242725,0.11299472329269099,False,,False,timeout
158,1787741337.7619545,7.900000900030136,0.04604659974575043,21.717130157743917,0.04604659974575043,21.717130157743917,9.294599294662476e-07,False,False,7282542.578638471,7282542.5824941,3.8556288927793503,7282542.628638471,0.0,0.008009299635887146,124.85486190569215,0.05167902912944555,1.0,158,157,-0.4204387975520692,-0.7636136061008488,0.113,-0.5887052399665434,-0.7029700472060106,0.113,-0.5723702444847243,-0.7158032968268322,0.113,-0.5887052399665434,-0.7029700472060106,0.113,7282542.528638471,7282542.578638471,0.05167902912944555,0.049999999813735485,1,True,972,2,2.1359985677580218,20.021954029929933,9.29963588714583e-06,1,False,,True,120,0.007052300497889519,0.08076029922813177,12.38232163027528,False,False,False,,12.247060775756836,4.5565056800842285,10.880656242370605,8.026551246643066,,,3.7293803691864014,True,0.20763287,0.896048271913,1,-1.0,0.6638094186782837,1.2002679109573364,-0.2076328694820404,0.13782864809036255,0.2492150515317917,0.05343490466475487,0.2076328694820404,0.21439845860004425,0.026309624314308167,0.20762529969215393,0.20928560197353363,0.026309624314308167,0.20762529969215393,0.20928560197353363,0.026309967041015625,0.2076253890991211,0.20928573608398438,False,False,1.0757995769381523,,,,,,,,,,,1.5332000330090523,-1.0,0.374137282371521,1.0676978826522827,-1.0,0.39770177006721497,605.5408325195312,995.5999755859375,605.5408325195312,1015.2047729492188,6.413484573364258,9.5,5.913484573364258,9.5,-0.5,0.0,0.5,-0.26302051544189453,0.10625219345092773,0.28367114067077637,0.5260410308837891,4.70389986038208,2.70389986038208,2.0,1.5,3.0,True,,True,False,-0.40025959132374594,-0.7706169217139552,0.11295315382137376,False,,False,timeout
159,1787741337.8125446,7.950001699849963,0.05000079981982708,19.99968007718678,0.05000079981982708,19.99968007718678,1.7294660210609436e-06,False,False,7282542.628638471,7282542.6324799,3.841429017484188,7282542.67863847,0.0,0.008017700165510178,124.72404546901245,0.04973942972719669,0.9947885982498101,159,158,-0.43477872098663833,-0.7581112001267609,0.113,-0.6049939438894134,-0.6901731655861472,0.113,-0.5887052399665434,-0.7029700472060106,0.113,-0.6049939438894134,-0.6901731655861472,0.113,7282542.578638471,7282542.628638471,0.04973942972719669,0.049999999813735485,1,True,978,2,1.8705548603478648,20.197727087170726,1.7700165510177446e-05,1,False,,False,,,,,False,False,False,,12.273370742797852,4.76413106918335,10.496103286743164,8.162196159362793,,,3.8347785472869873,True,0.20763287,0.896048271913,1,-1.0,1.0,1.4142135381698608,-0.2076328694820404,0.2076328694820404,0.293637216091156,-0.2076328694820404,0.13782864809036255,0.2492150515317917,-0.18331411480903625,0.14508414268493652,0.23378081619739532,-0.18331411480903625,0.14508414268493652,0.23378081619739532,-0.18331432342529297,0.14508390426635742,0.2337808459997177,False,False,1.5984000638127327,,,,,,,,,,,1.898699440062046,-1.0,0.24378471076488495,1.0292866230010986,-1.0,0.374137282371521,554.3408203125,995.5999755859375,554.3408203125,1008.3743286132812,5.913484573364258,9.5,5.413484573364258,9.5,-0.5,0.0,0.5,-0.3845529556274414,0.13564491271972656,0.40777507424354553,0.7691059112548828,4.773899078369141,2.7738990783691406,2.0,1.5,3.0,True,,True,False,-0.4173497548244193,-0.7649024698540088,0.11291431123123939,False,,False,timeout
160,1787741337.862129,8.00000139977783,0.04999969992786646,20.000120029573768,0.04999969992786646,20.000120029573768,1.4295801520347595e-06,False,False,7282542.67863847,7282542.682357,3.7185298278927803,7282542.72863847,0.0,0.008018500171601772,124.71160174587119,0.04782882984727621,0.9565766005090497,160,159,-0.44894612159460034,-0.7521783200835473,0.113,-0.6212365527525937,-0.6774124975916832,0.113,-0.6049939438894134,-0.6901731655861472,0.113,-0.6212365527525937,-0.6774124975916832,0.113,7282542.628638471,7282542.67863847,0.04782882984727621,0.049999999813735485,1,True,984,2,1.864231096970121,20.645486940635784,1.8500171601772142e-05,1,False,,True,121,0.042539600282907486,0.06627220008522272,15.089283269818267,False,False,False,,12.090056419372559,4.909214973449707,10.160015106201172,8.265904426574707,,,3.8720052242279053,True,0.20763287,0.896048271913,1,-1.0,1.0,1.4142135381698608,-0.2076328694820404,0.2076328694820404,0.293637216091156,-0.2076328694820404,0.2076328694820404,0.293637216091156,-0.20510491728782654,0.20113079249858856,0.28726574778556824,-0.20510491728782654,0.20113079249858856,0.28726574778556824,-0.20510482788085938,0.20113086700439453,0.28726574778556824,False,False,1.1439993977546692,,,,,,,,,,,1.5189005061984062,-1.0,0.20642207562923431,1.0210827589035034,-1.0,0.24378471076488495,503.14080810546875,995.5999755859375,503.14080810546875,1006.4166259765625,5.413484573364258,9.5,4.913484573364258,9.5,-0.5,0.0,0.5,-0.3360881805419922,0.10370826721191406,0.3517252802848816,0.6721763610839844,4.90433931350708,2.90433931350708,2.0,1.5,3.0,True,,True,False,-0.4317742811125446,-0.7594347697873661,0.112912876835327,False,,False,timeout
161,1787741337.912767,8.050002899952233,0.05000150017440319,19.99939994824237,0.05000150017440319,19.99939994824237,2.9299408197402954e-06,False,False,7282542.72863847,,,7282542.77863847,,0.008004900068044662,124.92348330392932,0.05390122998505831,1.0,161,160,-0.4652718416959927,-0.7447906685852207,0.113,-0.637433261944777,-0.6646878897195545,0.113,-0.6212365527525937,-0.6774124975916832,0.113,-0.637433261944777,-0.6646878897195545,0.113,7282542.67863847,7282542.72863847,0.05390122998505831,0.049999999813735485,1,True,991,2,2.123925451150896,21.11225706917979,4.900068044662309e-06,1,False,,True,122,0.014520700089633465,0.06480990070849657,15.429741275145945,False,False,False,,11.8849515914917,5.110345840454102,9.821146011352539,8.359685897827148,,,3.849351167678833,True,0.20763287,0.896048271913,1,-1.0,1.0,1.4142135381698608,-0.2076328694820404,0.2076328694820404,0.293637216091156,-0.2076328694820404,0.2076328694820404,0.293637216091156,-0.2073700726032257,0.20695698261260986,0.2929736077785492,-0.2073700726032257,0.20695698261260986,0.2929736077785492,-0.20736980438232422,0.2069568634033203,0.2929733395576477,False,False,1.2411000207066536,,,,,,,,,,,1.477699726819992,-1.0,0.1946382224559784,1.018765926361084,-1.0,0.20642207562923431,954.4853515625,886.2940673828125,954.4853515625,886.2940673828125,9.821146011352539,8.359685897827148,9.321146011352539,8.45700454711914,-0.5,0.09731864929199219,0.5093828439712524,-0.3388690948486328,0.0937814712524414,0.3516066372394562,0.6777381896972656,5.038398265838623,3.038398265838623,2.0,1.5,3.0,False,lag_over_hard_limit,False,False,-0.44593912448250034,-0.753585170060039,0.11290661286380185,False,,False,timeout
162,1787741337.962406,8.100002000108361,0.049999100156128407,20.000359944026506,0.049999100156128407,20.000359944026506,2.030283212661743e-06,False,False,7282542.77863847,7282542.7829322,4.293729551136494,7282542.82863847,0.0,0.008007099851965904,124.88916317866074,0.10195122938603163,1.0,162,-1,-0.45129049377589353,-0.7511508187671851,0.113,-0.44593912448250034,-0.753585170060039,0.113,-0.44593912448250034,-0.753585170060039,0.113,-0.44593912448250034,-0.753585170060039,0.113,7282542.7327405,7282542.7327405,0.0478491997346282,0.0,1,True,997,3,0.8764240377000518,1.4642889402905066,7.099851965904069e-06,1,False,,True,123,0.002202400006353855,0.0777229992672801,12.866204462351222,False,False,False,,11.677581787109375,5.317302703857422,9.493310928344727,8.441218376159668,,,3.8118090629577637,True,0.20763287,0.896048271913,1,-1.0,1.0,1.4142135381698608,-0.2076328694820404,0.2076328694820404,0.293637216091156,-0.2076328694820404,0.2076328694820404,0.293637216091156,-0.2076055258512497,0.20756259560585022,0.2935681939125061,-0.2076055258512497,0.20756259560585022,0.2935681939125061,-0.20760536193847656,0.20756244659423828,0.2935679852962494,False,False,1.1143004521727562,,,,,,,,,,,1.5813997015357018,-1.0,0.18728755414485931,1.0173871517181396,-1.0,0.1946382224559784,954.4853515625,885.9089965820312,954.4853515625,885.9089965820312,9.821146011352539,8.359685897827148,9.321146011352539,8.453330039978027,-0.5,0.0936441421508789,0.5086936354637146,-0.3278350830078125,0.08153247833251953,0.33782151341438293,,0.33782151341438293,0.0,2.0,1.5,3.0,True,,False,False,-0.45932158226956554,-0.7476417852756745,0.1129854759471321,False,,False,timeout
163,1787741338.0140913,8.150054600089788,0.05005259998142719,19.978982118232935,0.05005259998142719,19.978982118232935,5.4630450904369354e-05,False,False,7282542.82863847,7282542.8337364,5.097930319607258,7282542.87863847,0.0,0.008007599972188473,124.88136313916047,0.04999012965708971,0.9998025968663491,163,162,-0.46108629803204054,-0.745404666013943,0.113,-0.4654441206864841,-0.7430511453560953,0.113,-0.44593912448250034,-0.753585170060039,0.113,-0.4654441206864841,-0.7430511453560953,0.113,7282542.77863847,7282542.82863847,0.04999012965708971,0.049999999813735485,1,True,1002,3,0.2698107317933299,0.7550818142963758,7.599972188472581e-06,1,False,,False,,,,,False,False,False,,11.469976425170898,5.52486515045166,9.490808486938477,8.436151504516602,,,3.5203256607055664,True,0.20763287,0.896048271913,1,-1.0,1.0,1.4142135381698608,-0.2076328694820404,0.2076328694820404,0.293637216091156,-0.2076328694820404,0.2076328694820404,0.293637216091156,-0.2076300084590912,0.20762555301189423,0.29363003373146057,-0.2076300084590912,0.20762555301189423,0.29363003373146057,-0.20763015747070312,0.2076253890991211,0.2936300039291382,False,False,1.9060000777244568,,,,,,,,,,,2.6489999145269394,-1.0,0.23487111926078796,1.0272120237350464,-1.0,0.18728755414485931,903.2853393554688,898.2161865234375,903.2853393554688,898.2161865234375,9.321146011352539,8.453330039978027,8.821146011352539,8.570765495300293,-0.5,0.11743545532226562,0.5136059522628784,-0.00250244140625,-0.005066871643066406,0.0056511415168643,0.0030016624368727207,0.17052993178367615,0.0,2.0,1.5,3.0,True,,False,False,-0.45927245924230736,-0.7474009557393763,0.11293218203723276,False,,False,timeout
164,1787741338.0656297,8.203278199769557,0.053223599679768085,18.788657776188153,0.053223599679768085,18.788657776188153,0.0032782303169369698,True,False,7282542.87863847,7282542.8857653,7.126830518245697,7282542.928638469,0.0,0.008005999960005283,124.90632088378628,0.056134230457246304,1.0,164,163,-0.477331597001133,-0.7378441690526538,0.113,-0.4856119915976466,-0.7341099371249785,0.113,-0.4654441206864841,-0.7430511453560953,0.113,-0.4856119915976466,-0.7341099371249785,0.113,7282542.82863847,7282542.87863847,0.056134230457246304,0.049999999813735485,1,True,1009,3,2.0095524566017606,2.9175026692823582,5.999960005283189e-06,1,False,,True,124,0.03915790002793074,0.06231800001114607,16.046728069276003,False,False,False,,11.262346267700195,5.732490539550781,9.4803466796875,8.423089027404785,,,3.227203607559204,False,0.20763287,0.896048271913,1,-1.0,1.0,1.4142135381698608,-0.2076328694820404,0.2076328694820404,0.293637216091156,-0.2076328694820404,0.2076328694820404,0.293637216091156,-0.20763258635997772,0.20763209462165833,0.2936364710330963,-0.20763258635997772,0.20763209462165833,0.2936364710330963,-0.20763301849365234,0.20763206481933594,0.2936367690563202,False,False,1.1408999562263489,,,,,,,,,,,1.550300046801567,-1.0,0.24884195625782013,1.0304961204528809,-1.0,0.23487111926078796,852.0853271484375,911.2555541992188,852.0853271484375,911.2555541992188,8.821146011352539,8.570765495300293,8.321146011352539,8.695186614990234,-0.5,0.1244211196899414,0.5152481198310852,-0.010461807250976562,-0.013062477111816406,0.01673552207648754,0.014014520682394505,0.6755396723747253,0.0,2.0,1.5,3.0,True,,False,False,-0.4592825903536608,-0.74667287321788,0.11265729110627189,False,,False,timeout
165,1787741338.1127012,8.250002100132406,0.046723900362849236,21.40232284193279,0.046723900362849236,21.40232284193279,2.130866050720215e-06,False,False,7282542.928638469,7282542.9328292,4.1907308623194695,7282542.978638469,0.0,0.00800309982150793,124.95158404903934,0.046173930168151855,0.923478606803263,165,164,-0.4890201039280479,-0.732627014351682,0.113,-0.5056227718179138,-0.7252383733587958,0.113,-0.4856119915976466,-0.7341099371249785,0.113,-0.5056227718179138,-0.7252383733587958,0.113,7282542.87863847,7282542.928638469,0.046173930168151855,0.049999999813735485,1,True,1014,3,2.1533719699589597,3.970522372765708,3.099821507930589e-06,1,False,,True,125,0.00736360065639019,0.06663999985903502,15.006002432702894,False,False,False,,11.054713249206543,5.940122604370117,9.222339630126953,8.474685668945312,,,3.1275553703308105,False,0.20763287,0.896048271913,1,-1.0,1.0,1.4142135381698608,-0.2076328694820404,0.2076328694820404,0.293637216091156,-0.2076328694820404,0.2076328694820404,0.293637216091156,-0.2076328843832016,0.20763278007507324,0.29363715648651123,-0.2076328843832016,0.20763278007507324,0.29363715648651123,-0.20763301849365234,0.20763301849365234,0.2936374247074127,False,False,1.2025004252791405,,,,,,,,,,,1.6095004975795746,-1.0,0.21554918587207794,1.022966980934143,-1.0,0.24884195625782013,800.8853759765625,922.5504150390625,800.8853759765625,922.5504150390625,8.321146011352539,8.695186614990234,7.821146011352539,8.802961349487305,-0.5,0.10777473449707031,0.5114835500717163,-0.2580070495605469,0.051596641540527344,0.26311564445495605,0.5101059675216675,0.9277772307395935,0.0,2.0,1.5,3.0,True,,False,False,-0.4694390370592142,-0.7415844945027886,0.1132155312536188,False,,False,timeout
166,1787741338.1633844,8.300002899952233,0.05000079981982708,19.99968007718678,0.05000079981982708,19.99968007718678,2.930872142314911e-06,False,False,7282542.978638469,7282542.9831334,4.494930617511272,7282543.028638469,0.0,0.008015499450266361,124.75828938729067,0.05232753045856953,1.0,166,165,-0.5052675182771508,-0.7250685390686232,0.113,-0.5253298288599743,-0.7155194522333268,0.113,-0.5056227718179138,-0.7252383733587958,0.113,-0.5253298288599743,-0.7155194522333268,0.113,7282542.928638469,7282542.978638469,0.05232753045856953,0.049999999813735485,1,True,1021,3,2.2959042272397623,4.517623301549474,1.549945026636107e-05,1,False,,False,,,,,False,False,False,,10.84708023071289,6.1477556228637695,8.84793758392334,8.55933952331543,,,3.132460355758667,False,0.20763287,0.896048271913,1,-1.0,1.0,1.4142135381698608,-0.2076328694820404,0.2076328694820404,0.293637216091156,-0.2076328694820404,0.2076328694820404,0.293637216091156,-0.2076328843832016,0.2076328843832016,0.2936372458934784,-0.2076328843832016,0.2076328843832016,0.2936372458934784,-0.20763301849365234,0.20763301849365234,0.2936374247074127,False,False,1.7882995307445526,,,,,,,,,,,2.4055996909737587,-1.0,0.18775124847888947,1.0174726247787476,-1.0,0.21554918587207794,749.6853637695312,932.3885498046875,749.6853637695312,932.3885498046875,7.821146011352539,8.802961349487305,7.321146011352539,8.89683723449707,-0.5,0.09387588500976562,0.5087363719940186,-0.3744020462036133,0.08465385437011719,0.3838530480861664,0.750432014465332,1.0552973747253418,0.0,2.0,1.5,3.0,True,,False,False,-0.4843668894619068,-0.7345701402106622,0.11296978525628634,False,,False,timeout
167,1787741338.2134886,8.3500025998801,0.04999969992786646,20.000120029573768,0.04999969992786646,20.000120029573768,2.630986273288727e-06,False,False,7282543.028638469,7282543.0335165,4.878031089901924,7282543.078638469,0.0,0.00801360048353672,124.78785310727898,0.05039843078702688,1.0,167,166,-0.5190639292929649,-0.7183168530504584,0.113,-0.5443389261764295,-0.7057930431688068,0.113,-0.5253298288599743,-0.7155194522333268,0.113,-0.5443389261764295,-0.7057930431688068,0.113,7282542.978638469,7282543.028638469,0.05039843078702688,0.049999999813735485,1,True,1027,3,1.9343960795480624,4.755126899431738,1.360048353672011e-05,1,False,,True,126,0.0436447998508811,0.07819550018757582,12.788459663295129,False,False,False,,10.639447212219238,6.355388641357422,8.416045188903809,8.664093971252441,,,3.205251455307007,False,0.20763287,0.896048271913,1,-1.0,1.0,1.4142135381698608,-0.2076328694820404,0.2076328694820404,0.293637216091156,-0.2076328694820404,0.2076328694820404,0.293637216091156,-0.2076328843832016,0.2076328843832016,0.2936372458934784,-0.2076328843832016,0.2076328843832016,0.2936372458934784,-0.20763301849365234,0.20763301849365234,0.2936374247074127,False,False,1.3934997841715813,,,,,,,,,,,2.2593997418880463,-1.0,0.14755529165267944,1.010827660560608,-1.0,0.18775124847888947,698.4853515625,940.1204223632812,698.4853515625,940.1204223632812,7.321146011352539,8.89683723449707,6.821146011352539,8.970614433288574,-0.5,0.0737771987915039,0.5054137706756592,-0.43189239501953125,0.10475444793701172,0.44441482424736023,0.8723687529563904,1.1193630695343018,0.0,2.0,1.5,3.0,True,,False,False,-0.5016657426190493,-0.7267721416719308,0.11300374756957932,False,,False,timeout
168,1787741338.2639625,8.401602500118315,0.05159990023821592,19.379882429683068,0.05159990023821592,19.379882429683068,0.001602531410753727,True,False,7282543.078638469,7282543.0842437,5.605231039226055,7282543.128638469,0.0,0.0080016003921628,124.97499887390704,0.048421431332826614,0.9684286302642101,168,167,-0.5327185936970749,-0.7112833259483126,0.113,-0.5627639424763151,-0.6954672342922056,0.113,-0.5443389261764295,-0.7057930431688068,0.113,-0.5627639424763151,-0.6954672342922056,0.113,7282543.028638469,7282543.078638469,0.048421431332826614,0.049999999813735485,1,True,1033,3,1.8903395147832944,5.285660089137274,1.6003921627996687e-06,1,False,,True,127,0.030428200028836727,0.06405030004680157,15.61272935910214,False,False,False,,10.431814193725586,6.563021659851074,8.052499771118164,8.743413925170898,,,3.2272660732269287,False,0.20763287,0.896048271913,1,-1.0,1.0,1.4142135381698608,-0.2076328694820404,0.2076328694820404,0.293637216091156,-0.2076328694820404,0.2076328694820404,0.293637216091156,-0.2076328843832016,0.2076328843832016,0.2936372458934784,-0.2076328843832016,0.2076328843832016,0.2936372458934784,-0.20763301849365234,0.20763301849365234,0.2936374247074127,False,False,1.124400645494461,,,,,,,,,,,1.5232004225254059,-1.0,0.11946672201156616,1.007110834121704,-1.0,0.14755529165267944,647.2853393554688,946.3804931640625,647.2853393554688,946.3804931640625,6.821146011352539,8.970614433288574,6.321146011352539,9.03034782409668,-0.5,0.05973339080810547,0.503555417060852,-0.36354541778564453,0.07931995391845703,0.37209799885749817,0.7345069646835327,1.2521390914916992,0.0,2.0,1.5,3.0,True,,False,False,-0.5159153829906828,-0.7199420238276714,0.11313194357011343,False,,False,timeout
169,1787741338.3109405,8.45000240020454,0.04839990008622408,20.661199676414768,0.04839990008622408,20.661199676414768,2.4316832423210144e-06,False,False,7282543.128638469,7282543.131844,3.2055312767624855,7282543.1786384685,0.0,0.008000500500202179,124.99218017356904,0.046590531244874,0.9318106283687451,169,168,-0.546190730772531,-0.7039064518735566,0.113,-0.5806305301718379,-0.6845357616480907,0.113,-0.5627639424763151,-0.6954672342922056,0.113,-0.5806305301718379,-0.6845357616480907,0.113,7282543.078638469,7282543.128638469,0.046590531244874,0.049999999813735485,1,True,1039,3,1.8893740415789066,5.840641771590563,5.005002021787885e-07,1,False,,False,,,,,False,False,False,,10.224181175231934,6.770654678344727,7.695679187774658,8.812705039978027,,,3.250121831893921,False,0.20763287,0.896048271913,1,-1.0,1.0,1.4142135381698608,-0.2076328694820404,0.2076328694820404,0.293637216091156,-0.2076328694820404,0.2076328694820404,0.293637216091156,-0.2076328843832016,0.2076328843832016,0.2936372458934784,-0.2076328843832016,0.2076328843832016,0.2936372458934784,-0.20763301849365234,0.20763301849365234,0.2936374247074127,False,False,1.1208001524209976,,,,,,,,,,,1.8319999799132347,-1.0,0.08061262965202332,1.0032439231872559,-1.0,0.11946672201156616,596.0853271484375,950.6044921875,596.0853271484375,950.6044921875,6.321146011352539,9.03034782409668,5.821146011352539,9.070653915405273,-0.5,0.04030609130859375,0.5016219615936279,-0.35682058334350586,0.0692911148071289,0.3634861707687378,0.7199221849441528,1.3916572332382202,0.0,2.0,1.5,3.0,True,,False,False,-0.5296164771038067,-0.7129764652249663,0.1129510099066203,False,,False,timeout
170,1787741338.3646438,8.500002699904144,0.05000029969960451,19.99988012087675,0.05000029969960451,19.99988012087675,2.7315691113471985e-06,False,False,7282543.1786384685,7282543.1839703,5.331831052899361,7282543.228638468,0.0,0.008009099401533604,124.85798338431377,0.052666530944406986,1.0,170,169,-0.5616493464158179,-0.694843736940179,0.113,-0.5979628196126752,-0.6729910821695094,0.113,-0.5806305301718379,-0.6845357616480907,0.113,-0.5979628196126752,-0.6729910821695094,0.113,7282543.128638469,7282543.1786384685,0.052666530944406986,0.049999999813735485,1,True,1046,3,2.1281276921373307,6.366171530385992,9.099401533603502e-06,1,False,,True,128,0.04888170026242733,0.06448699999600649,15.507001412097436,False,False,False,,10.016548156738281,6.978287696838379,7.332102298736572,8.873867988586426,,,3.286255359649658,False,0.20763287,0.896048271913,1,-1.0,0.5592650175094604,1.145764946937561,-0.2076328694820404,0.1161217987537384,0.23789846897125244,-0.2076328694820404,0.2076328694820404,0.293637216091156,-0.2076328843832016,0.2076328843832016,0.2936372458934784,-0.2076328843832016,0.2076328843832016,0.2936372458934784,-0.20763301849365234,0.20763301849365234,0.2936374247074127,False,False,1.6527008265256882,,,,,,,,,,,2.3368997499346733,-0.9135898351669312,0.043857473880052567,0.9146419763565063,-1.0,0.08061262965202332,549.3095703125,952.9026489257812,549.3095703125,952.9026489257812,5.821146011352539,9.070653915405273,5.364351272583008,9.092582702636719,-0.45679473876953125,0.021928787231445312,0.45732080936431885,-0.36357688903808594,0.06116294860839844,0.3686855733394623,0.7322562336921692,1.523716926574707,0.0,2.0,1.5,3.0,True,,False,False,-0.5432783096440283,-0.7055857290227385,0.11308579878764331,False,,False,timeout
171,1787741338.4188292,8.554417599923909,0.0544149000197649,18.37731944075564,0.0544149000197649,18.37731944075564,0.004417631775140762,True,False,7282543.228638468,7282543.2387705,10.13203151524067,7282543.278638468,0.0,0.008013400249183178,124.790971236203,0.05871893186122179,1.0,171,170,-0.5768210487497842,-0.6853080909169518,0.113,-0.6135007321481692,-0.6618297413538051,0.113,-0.5979628196126752,-0.6729910821695094,0.113,-0.6135007321481692,-0.6618297413538051,0.113,7282543.1786384685,7282543.228638468,0.05871893186122179,0.049999999813735485,1,True,1053,3,2.1186490167327694,6.473607889569931,1.3400249183177781e-05,1,False,,True,129,0.038866300135850906,0.08028309978544712,12.455921640699648,False,False,False,,9.808915138244629,7.185920715332031,6.907172203063965,8.932943344116211,,,3.387063503265381,False,0.20763287,0.896048271913,1,-1.0,1.0,1.4142135381698608,-0.2076328694820404,0.2076328694820404,0.293637216091156,-0.2076328694820404,0.1161217987537384,0.23789846897125244,-0.2076328843832016,0.1256345510482788,0.24268385767936707,-0.2076328843832016,0.1256345510482788,0.24268385767936707,-0.20763301849365234,0.12563467025756836,0.2426840364933014,False,False,1.4791004359722137,,,,,,,,,,,2.666899934411049,-0.7882277965545654,-0.020864423364400864,0.7885039448738098,-0.9135898351669312,0.043857473880052567,508.9522705078125,951.8093872070312,508.9522705078125,951.8093872070312,5.364351272583008,9.092582702636719,4.9702372550964355,9.08215045928955,-0.39411401748657227,-0.010432243347167969,0.39425206184387207,-0.4249300956726074,0.059075355529785156,0.4290168583393097,0.9342981576919556,1.551058053970337,0.0,2.0,1.5,3.0,True,,False,False,-0.558868412280335,-0.6965581668137404,0.11307747078527165,False,,False,timeout
172,1787741338.4623418,8.600001499988139,0.045583900064229965,21.93757003220327,0.045583900064229965,21.93757003220327,1.5320256352424622e-06,False,False,7282543.278638468,7282543.282601,3.9625316858291626,7282543.328638468,0.0,0.008004399947822094,124.93128860609828,0.04875253140926361,0.9750506318176189,172,171,-0.5874297276849404,-0.6781466098961815,0.113,-0.6264198336628536,-0.6511976773316054,0.113,-0.6135007321481692,-0.6618297413538051,0.113,-0.6264198336628536,-0.6511976773316054,0.113,7282543.228638468,7282543.278638468,0.04875253140926361,0.049999999813735485,1,True,1058,3,1.868287438106215,6.607798970428582,4.399947822093797e-06,1,False,,True,130,0.017625000327825546,0.06409760005772114,15.60120814351053,False,False,False,,9.601282119750977,7.3115553855896,6.54397439956665,8.973069190979004,,,3.4796206951141357,False,0.20763287,0.896048271913,1,-0.9655022621154785,1.0,1.3900340795516968,-0.2004700005054474,0.2076328694820404,0.28861674666404724,-0.2076328694820404,0.2076328694820404,0.293637216091156,-0.2076328843832016,0.1991090178489685,0.28767311573028564,-0.2076328843832016,0.1991090178489685,0.28767311573028564,-0.20763301849365234,0.19910907745361328,0.2876732349395752,False,False,1.1048000305891037,,,,,,,,,,,1.5930002555251122,-0.6773197650909424,-0.08822841942310333,0.6830419301986694,-0.7882277965545654,-0.020864423364400864,474.2735290527344,947.1862182617188,474.2735290527344,947.1862182617188,4.9702372550964355,9.08215045928955,4.631577491760254,9.038036346435547,-0.33865976333618164,-0.044114112854003906,0.34152084589004517,-0.36319780349731445,0.04012584686279297,0.3654076159000397,0.9182167053222656,1.5775129795074463,0.0,2.0,1.5,3.0,True,,False,False,-0.5718876808117016,-0.6885144693084346,0.1129545540282276,False,,False,timeout
173,1787741338.5132346,8.650002899579704,0.05000139959156513,19.99944017904436,0.05000139959156513,19.99944017904436,2.9318034648895264e-06,False,False,7282543.328638468,7282543.3328568,4.218332469463348,7282543.378638468,0.0,0.008024699985980988,124.6152506320464,0.046811032108962536,0.9362206456669444,173,172,-0.5998437419583479,-0.6691029720132672,0.113,-0.6364359457144723,-0.6413208311490529,0.113,-0.6264198336628536,-0.6511976773316054,0.113,-0.6364359457144723,-0.6413208311490529,0.113,7282543.278638468,7282543.328638468,0.046811032108962536,0.049999999813735485,1,True,1064,3,1.8599203725973017,6.45404352492904,2.4699985980987382e-05,1,False,,False,,,,,False,False,False,,9.393649101257324,7.510664463043213,6.175800800323486,9.004117012023926,,,3.5475270748138428,True,0.20763287,0.896048271913,1,-1.0,0.709201455116272,1.2259553670883179,-0.2076328694820404,0.14725352823734283,0.2545486390590668,-0.2004700005054474,0.2076328694820404,0.28861674666404724,-0.20121459662914276,0.20674680173397064,0.28849878907203674,-0.20121459662914276,0.20674680173397064,0.28849878907203674,-0.20121479034423828,0.20674657821655273,0.28849875926971436,False,False,1.7997995018959045,,,,,,,,,,,2.158599905669689,-0.5945422649383545,-0.16773132979869843,0.6177493929862976,-0.6773197650909424,-0.08822841942310333,443.83294677734375,938.3970947265625,443.83294677734375,938.3970947265625,4.631577491760254,9.038036346435547,4.334306240081787,8.954170227050781,-0.2972712516784668,-0.08386611938476562,0.3088749349117279,-0.36817359924316406,0.031047821044921875,0.3694804012775421,1.057267189025879,1.5445958375930786,0.0,2.0,1.5,3.0,True,,False,False,-0.5848100580689517,-0.68005370167447,0.11301574297338694,False,,False,timeout
174,1787741338.5628605,8.700002700090408,0.04999980051070452,20.000079796036562,0.04999980051070452,20.000079796036562,2.732500433921814e-06,False,False,7282543.378638468,7282543.3832691,4.630632698535919,7282543.428638468,0.0,0.008036499843001366,124.4322801637153,0.05289203207939863,1.0,174,173,-0.6136332200644783,-0.6576655440372886,0.113,-0.6444266310215226,-0.6304919780287177,0.113,-0.6364359457144723,-0.6413208311490529,0.113,-0.6444266310215226,-0.6304919780287177,0.113,7282543.328638468,7282543.378638468,0.05289203207939863,0.049999999813735485,1,True,1071,3,2.130417378621028,6.236466318452141,3.6499843001365495e-05,1,False,,True,131,0.041023800149559975,0.06682180054485798,14.965175913341222,False,False,False,,9.192434310913086,7.717411041259766,5.812190055847168,9.020033836364746,,,3.622551202774048,True,0.20763287,0.896048271913,1,-1.0,1.0,1.4142135381698608,-0.2076328694820404,0.2076328694820404,0.293637216091156,-0.2076328694820404,0.14725352823734283,0.2545486390590668,-0.20696569979190826,0.15343792736530304,0.2576392889022827,-0.20696569979190826,0.15343792736530304,0.2576392889022827,-0.20696544647216797,0.15343809127807617,0.25763916969299316,False,False,1.4641005545854568,,,,,,,,,,,1.9565001130104065,-0.5100262761116028,-0.25240933895111084,0.5690670013427734,-0.5945422649383545,-0.16773132979869843,417.7196350097656,925.1707763671875,417.7196350097656,925.1707763671875,4.334306240081787,8.954170227050781,4.079293251037598,8.82796573638916,-0.25501298904418945,-0.1262044906616211,0.28453329205513,-0.36361074447631836,0.015916824340820312,0.3639589548110962,1.1189934015274048,1.4793508052825928,0.0,2.0,1.5,3.0,True,,False,False,-0.5971869218363302,-0.6712075889985404,0.11298934301656113,False,,False,timeout
175,1787741338.6144054,8.752024100162089,0.052021400071680546,19.222858258756876,0.052021400071680546,19.222858258756876,0.0020241327583789825,True,False,7282543.428638468,7282543.4348123,6.173832342028618,7282543.478638467,0.0,0.008001499809324741,124.9765698718915,0.05092213209718466,1.0,175,174,-0.6245047795534407,-0.6468218557038424,0.113,-0.6499830653543711,-0.619521415402301,0.113,-0.6444266310215226,-0.6304919780287177,0.113,-0.6499830653543711,-0.619521415402301,0.113,7282543.378638468,7282543.428638468,0.05092213209718466,0.049999999813735485,1,True,1077,3,1.8852189182649204,5.618436061670268,1.499809324741197e-06,1,False,,True,132,0.029573500156402588,0.07692839950323105,12.999100546190348,False,False,False,,8.985468864440918,7.870849132537842,5.38674259185791,9.015588760375977,,,3.7764081954956055,True,0.20763287,0.896048271913,1,-1.0,1.0,1.4142135381698608,-0.2076328694820404,0.2076328694820404,0.293637216091156,-0.2076328694820404,0.2076328694820404,0.293637216091156,-0.20756348967552185,0.201999232172966,0.28963130712509155,-0.20756348967552185,0.201999232172966,0.28963130712509155,-0.2075634002685547,0.20199918746948242,0.2896312177181244,False,False,1.1135004460811615,,,,,,,,,,,1.649700105190277,-0.4258511960506439,-0.33512696623802185,0.5419034361839294,-0.5100262761116028,-0.25240933895111084,395.9160461425781,907.6101684570312,395.9160461425781,907.6101684570312,4.079293251037598,8.82796573638916,3.8663675785064697,8.660402297973633,-0.21292567253112793,-0.16756343841552734,0.2709517478942871,-0.4254474639892578,-0.004445075988769531,0.4254706799983978,1.3470442295074463,1.320842981338501,0.0,2.0,1.5,3.0,True,,False,False,-0.611096077317678,-0.6600736338686043,0.1129539912726999,False,,False,timeout
176,1787741338.661945,8.800001899711788,0.04797779954969883,20.842973404066367,0.04797779954969883,20.842973404066367,1.932494342327118e-06,False,False,7282543.478638467,7282543.4827277,4.089232534170151,7282543.528638467,0.0,0.00800430029630661,124.9328439690632,0.04904513247311115,0.9809026531163701,176,175,-0.6340508715009017,-0.6348012643368975,0.113,-0.6532164586142041,-0.6077811772212962,0.113,-0.6499830653543711,-0.619521415402301,0.113,-0.6532164586142041,-0.6077811772212962,0.113,7282543.428638468,7282543.478638467,0.04904513247311115,0.049999999813735485,1,True,1083,3,1.8833333803411376,5.193674008920249,4.300296306609941e-06,1,False,,True,133,0.012277299538254738,0.06314590014517307,15.836340882004844,False,False,False,,8.777905464172363,8.072848320007324,5.023497104644775,8.979825019836426,,,3.8624072074890137,True,0.20763287,0.896048271913,1,-1.0,1.0,1.4142135381698608,-0.2076328694820404,0.2076328694820404,0.293637216091156,-0.2076328694820404,0.2076328694820404,0.293637216091156,-0.2076256424188614,0.207047238945961,0.2932182848453522,-0.2076256424188614,0.207047238945961,0.2932182848453522,-0.2076253890991211,0.2070474624633789,0.2932182848453522,False,False,1.1003995314240456,,,,,,,,,,,1.587199978530407,-0.3574492931365967,-0.4140891432762146,0.5470281839370728,-0.4258511960506439,-0.33512696623802185,377.6146545410156,885.9119262695312,377.6146545410156,885.9119262695312,3.8663675785064697,8.660402297973633,3.687643051147461,8.453357696533203,-0.1787245273590088,-0.2070446014404297,0.2735140323638916,-0.36324548721313477,-0.03576374053955078,0.3650017976760864,1.1351516246795654,1.2004081010818481,0.0,2.0,1.5,3.0,True,,False,False,-0.6222194225417211,-0.649453555001528,0.11285284037168403,False,,False,timeout
177,1787741338.7131255,8.85000229999423,0.05000040028244257,19.99983988830477,0.05000040028244257,19.99983988830477,2.3329630494117737e-06,False,False,7282543.528638467,7282543.5324097,3.7712324410676956,7282543.578638467,0.0,0.008009499870240688,124.851740583142,0.04707843251526356,0.9415686538128877,177,176,-0.6417410191708214,-0.6215227938558101,0.113,-0.6543305739495592,-0.5955791083167632,0.113,-0.6532164586142041,-0.6077811772212962,0.113,-0.6543305739495592,-0.5955791083167632,0.113,7282543.478638467,7282543.528638467,0.04707843251526356,0.049999999813735485,1,True,1089,3,1.886119597520265,4.766386334620383,9.499870240688157e-06,1,False,,False,,,,,False,False,False,,8.570280075073242,8.279895782470703,4.6694841384887695,8.908517837524414,,,3.9511232376098633,True,0.20763287,0.896048271913,1,-1.0,0.010012462735176086,1.0000500679016113,-0.2076328694820404,0.002078916411846876,0.2076432853937149,-0.2076328694820404,0.2076328694820404,0.293637216091156,-0.20763209462165833,0.20757201313972473,0.2935936450958252,-0.20763209462165833,0.20757201313972473,0.2935936450958252,-0.20763206481933594,0.20757198333740234,0.2935935854911804,False,False,1.4475993812084198,,,,,,,,,,,2.04360019415617,-0.300861120223999,-0.5053316354751587,0.5881134867668152,-0.3574492931365967,-0.4140891432762146,362.2105407714844,859.4324951171875,362.2105407714844,859.4324951171875,3.687643051147461,8.453357696533203,3.537212371826172,8.200692176818848,-0.15043067932128906,-0.25266551971435547,0.29405656456947327,-0.35401296615600586,-0.07130718231201172,0.36112308502197266,1.0431044101715088,1.082211971282959,0.0,2.0,1.5,3.0,True,,False,False,-0.6322302480045415,-0.6378091209497594,0.11278670389934656,False,,False,timeout
178,1787741338.7678146,8.904395399615169,0.0543930996209383,18.384684950277332,0.0543930996209383,18.384684950277332,0.004395432770252228,True,False,7282543.578638467,7282543.5882128,9.57433320581913,7282543.628638467,0.0,0.008004600182175636,124.92816346115139,0.053115732967853546,1.0,178,177,-0.6477018168005402,-0.6046543371023883,0.113,-0.6536288292868249,-0.5826264434067445,0.113,-0.6543305739495592,-0.5955791083167632,0.113,-0.6536288292868249,-0.5826264434067445,0.113,7282543.528638467,7282543.578638467,0.053115732967853546,0.049999999813735485,1,True,1096,3,1.8872743380662391,4.166620928541024,4.600182175636125e-06,1,False,,True,134,0.037557799369096756,0.06527489982545376,15.31982435322027,False,False,False,,8.362648010253906,8.487467765808105,4.280128479003906,8.762594223022461,,,4.091779708862305,True,0.20763287,0.896048271913,1,-1.0,0.27045464515686035,1.0359275341033936,-0.2076328694820404,0.05615527555346489,0.21509259939193726,-0.2076328694820404,0.002078916411846876,0.2076432853937149,-0.20763278007507324,0.023440275341272354,0.20895171165466309,-0.20763278007507324,0.023440271615982056,0.20895171165466309,-0.20763301849365234,0.02344036102294922,0.2089519500732422,False,False,2.227799966931343,,,,,,,,,,,1.530500128865242,-0.24956625699996948,-0.6338484287261963,0.6812100410461426,-0.300861120223999,-0.5053316354751587,349.4327392578125,826.2188720703125,349.4327392578125,826.2188720703125,3.537212371826172,8.200692176818848,3.4124293327331543,7.883768081665039,-0.12478303909301758,-0.3169240951538086,0.34060487151145935,-0.3893556594848633,-0.14592361450195312,0.4158022701740265,1.1037553548812866,0.9314817786216736,0.0,2.0,1.5,3.0,True,,False,False,-0.6417368202681435,-0.622559493375314,0.11293189770239884,False,,False,timeout
179,1787741338.8133972,8.950013799592853,0.04561839997768402,21.920979264708716,0.04561839997768402,21.920979264708716,1.3832934200763702e-05,False,False,7282543.628638467,7282543.6340059,5.3674327209591866,7282543.678638467,0.0,0.008005300536751747,124.9172339513143,0.05116603337228298,1.0,179,178,-0.6495946326934922,-0.5894326500679786,0.113,-0.6507641610371286,-0.5675485540539998,0.113,-0.6536288292868249,-0.5826264434067445,0.113,-0.6507641610371286,-0.5675485540539998,0.113,7282543.578638467,7282543.628638467,0.05116603337228298,0.049999999813735485,1,True,1102,3,1.9069980747678503,4.096053172710703,5.300536751746965e-06,1,False,,True,135,0.01909019984304905,0.07941920030862093,12.59141361426489,False,False,False,,8.155014991760254,8.510908126831055,3.987229108810425,8.578813552856445,,,4.168338775634766,True,0.20763287,0.896048271913,1,-1.0,-0.2458241581916809,1.0297715663909912,-0.2076328694820404,-0.05104117467999458,0.21381442248821259,-0.2076328694820404,0.05615527555346489,0.21509259939193726,-0.2076328843832016,0.05275450274348259,0.21422989666461945,-0.2076328843832016,0.05275450274348259,0.21422989666461945,-0.20763301849365234,0.05275440216064453,0.2142300009727478,False,False,1.4378000050783157,,,,,,,,,,,1.8865996971726418,-0.2297711968421936,-0.7371290326118469,0.772110104560852,-0.24956625699996948,-0.6338484287261963,337.6684875488281,787.5933227539062,337.6684875488281,787.5933227539062,3.4124293327331543,7.883768081665039,3.29754376411438,7.515203475952148,-0.11488556861877441,-0.3685646057128906,0.3860551118850708,-0.29289937019348145,-0.18378067016601562,0.34578225016593933,0.8171021342277527,0.9019328951835632,0.0,2.0,1.5,3.0,True,,False,False,-0.6472555101837886,-0.6083584534933774,0.1129185364830594,False,,False,timeout
180,1787741338.8620665,9.00000109989196,0.04998730029910803,20.00508117094381,0.04998730029910803,20.00508117094381,1.1334195733070374e-06,False,False,7282543.678638467,7282543.6825609,3.922433592379093,7282543.728638466,0.0,0.008006100542843342,124.90475165140171,0.049203633330762386,0.984072670281204,180,179,-0.6488077176346121,-0.5741057035036627,0.113,-0.646232355192675,-0.5503563246389064,0.113,-0.6507641610371286,-0.5675485540539998,0.113,-0.646232355192675,-0.5503563246389064,0.113,7282543.628638467,7282543.678638467,0.049203633330762386,0.049999999813735485,1,True,1108,3,1.90174923367739,4.289542318672336,6.100542843341661e-06,1,False,,True,137,0.005936100147664547,0.027398900128901005,36.49781543402819,False,False,False,,7.947381973266602,8.5636625289917,3.739234209060669,8.33665943145752,,,4.214266300201416,True,0.20763287,0.896048271913,1,-1.0,0.717400074005127,1.230716347694397,-0.2076328694820404,0.148955836892128,0.2555371820926666,-0.2076328694820404,-0.05104117467999458,0.21381442248821259,-0.2076328843832016,-0.04025144502520561,0.2114984393119812,-0.2076328843832016,-0.04025144875049591,0.2114984542131424,-0.20763301849365234,-0.040251731872558594,0.21149863302707672,False,False,1.1010002344846725,,,,,,,,,,,1.568199135363102,-0.1897394061088562,-0.9148532152175903,0.9343218803405762,-0.2297711968421936,-0.7371290326118469,327.9538269042969,739.655029296875,327.9538269042969,739.655029296875,3.29754376411438,7.515203475952148,3.202674150466919,7.057776927947998,-0.09486961364746094,-0.4574265480041504,0.4671608805656433,-0.24799489974975586,-0.24215412139892578,0.3466123044490814,0.7900001406669617,0.9326737523078918,0.0,2.0,1.5,3.0,True,,False,False,-0.6500145619045278,-0.593084530481439,0.11288744674568915,False,,False,timeout
181,1787741338.9140987,9.050003199838102,0.05000209994614124,19.999160056820212,0.05000209994614124,19.999160056820212,3.2335519790649414e-06,False,False,7282543.728638466,7282543.7336876,5.04913367331028,7282543.778638466,0.0,0.008027500472962856,124.57177715131442,0.04724353365600109,0.9448706766399394,181,180,-0.6459391166344839,-0.5590244292274644,0.113,-0.6389877057974556,-0.530082372542061,0.113,-0.646232355192675,-0.5503563246389064,0.113,-0.6389877057974556,-0.530082372542061,0.113,7282543.678638467,7282543.728638466,0.04724353365600109,0.049999999813735485,1,True,1114,3,1.8937753043315761,4.869998963787268,2.7500472962856126e-05,1,False,,False,,,,,False,False,False,,7.739748954772949,8.52341079711914,3.547744035720825,8.051285743713379,,,4.218507766723633,True,0.20763287,0.896048271913,1,-1.0,-0.7049915790557861,1.223524808883667,-0.2076328694820404,-0.14637942612171173,0.2540439963340759,-0.2076328694820404,0.148955836892128,0.2555371820926666,-0.2076328843832016,0.12928739190101624,0.24459485709667206,-0.2076328843832016,0.12928739190101624,0.24459485709667206,-0.20763301849365234,0.1292877197265625,0.24459514021873474,False,False,1.9957004114985466,,,,,,,,,,,2.665700390934944,-0.15679079294204712,-1.0,1.0122170448303223,-0.1897394061088562,-0.9148532152175903,319.9261474609375,687.2550048828125,319.9261474609375,687.2550048828125,3.202674150466919,7.057776927947998,3.1242787837982178,6.557776927947998,-0.07839536666870117,-0.5,0.5061085224151611,-0.19149017333984375,-0.2853736877441406,0.3436664342880249,0.6813809275627136,1.05172860622406,0.0,2.0,1.5,3.0,True,,False,False,-0.6499469646991888,-0.5775332269486896,0.11299284915199957,False,,False,timeout
182,1787741338.9646246,9.102267500013113,0.05226430017501116,19.133519374628964,0.05226430017501116,19.133519374628964,0.002267533913254738,True,False,7282543.778638466,7282543.7850218,6.38333335518837,7282543.828638466,0.0,0.008247599937021732,121.24739410688574,0.05352723319083452,1.0,182,181,-0.6408860302763626,-0.5418363626398452,0.113,-0.6300446494641323,-0.508438903087656,0.113,-0.6389877057974556,-0.530082372542061,0.113,-0.6300446494641323,-0.508438903087656,0.113,7282543.728638466,7282543.778638466,0.05352723319083452,0.049999999813735485,1,True,1121,3,1.8901548376977495,5.401448913716699,0.00024759993702173216,1,False,,True,138,0.0246975002810359,0.03607629984617233,27.71902895429835,False,False,False,,7.532115936279297,8.652698516845703,3.394728899002075,7.686120986938477,,,4.248793601989746,True,0.20763287,0.896048271913,1,0.7467231750488281,-0.845111608505249,1.1277451515197754,0.15504427254199982,-0.1754729449748993,0.23415695130825043,-0.2076328694820404,-0.14637942612171173,0.2540439963340759,-0.2076328843832016,-0.11772334575653076,0.23868431150913239,-0.2076328843832016,-0.11772334575653076,0.23868431150913239,-0.20763301849365234,-0.11772346496582031,0.2386844903230667,False,False,1.3542994856834412,,,,,,,,,,,1.6155000776052475,-0.004030756652355194,-1.0,1.0000081062316895,-0.15679079294204712,-1.0,319.71978759765625,634.8550415039062,319.71978759765625,634.8550415039062,3.1242787837982178,6.557776927947998,3.1222634315490723,6.057776927947998,-0.002015352249145508,-0.5,0.5000040531158447,-0.15301513671875,-0.36516475677490234,0.39592793583869934,0.7596377730369568,1.1603032350540161,0.0,2.0,1.5,3.0,True,,False,False,-0.6467808465790665,-0.5597951352922977,0.11304643944574191,False,,False,timeout
183,1787741339.0121658,9.150001199916005,0.04773369990289211,20.949559787621062,0.04773369990289211,20.949559787621062,1.234002411365509e-06,False,False,7282543.828638466,7282543.8327329,4.094433970749378,7282543.878638466,0.0,0.008011399768292904,124.82213207706191,0.05158063396811485,1.0,183,182,-0.6351863779789244,-0.5275774314426842,0.113,-0.6179889006914678,-0.48805815729587454,0.113,-0.6300446494641323,-0.508438903087656,0.113,-0.6179889006914678,-0.48805815729587454,0.113,7282543.778638466,7282543.828638466,0.05158063396811485,0.049999999813735485,1,True,1127,3,1.8785182652887318,6.1882510913989695,1.1399768292903734e-05,1,False,,True,139,0.012600000016391277,0.08349390048533678,11.976922795403722,False,False,False,,7.3244829177856445,8.534975051879883,3.302973985671997,7.359979629516602,,,4.189648151397705,True,0.20763287,0.896048271913,1,-1.0,-1.0,1.4142135381698608,-0.2076328694820404,-0.2076328694820404,0.293637216091156,0.15504427254199982,-0.1754729449748993,0.23415695130825043,0.11734333634376526,-0.16946978867053986,0.2061297446489334,0.09994149208068848,-0.1666988730430603,0.1943625956773758,0.09994125366210938,-0.16669845581054688,0.1943621039390564,True,False,1.1726003140211105,,,,,,,,,,,1.631000079214573,0.02876807004213333,-1.0,1.0004136562347412,-0.004030756652355194,-1.0,321.1927185058594,582.4550170898438,321.1927185058594,582.4550170898438,3.1222634315490723,6.057776927947998,3.1366474628448486,5.557776927947998,0.014384031295776367,-0.5,0.5002068281173706,-0.09175491333007812,-0.326141357421875,0.3388025164604187,0.6530117988586426,1.3146817684173584,0.0,2.0,1.5,3.0,True,,False,False,-0.6424037706774193,-0.544920790489058,0.11301506408370199,False,,False,timeout
184,1787741339.0626986,9.200002700090408,0.05000150017440319,19.99939994824237,0.05000150017440319,19.99939994824237,2.734363079071045e-06,False,False,7282543.878638466,7282543.8825555,3.9170337840914726,7282543.928638466,0.0,0.008015799336135387,124.7536219490899,0.04965363349765539,0.9930726736525918,184,183,-0.6285028293711578,-0.5137498821187464,0.113,-0.6052311526485303,-0.46817211315340884,0.113,-0.6179889006914678,-0.48805815729587454,0.113,-0.6052311526485303,-0.46817211315340884,0.113,7282543.828638466,7282543.878638466,0.04965363349765539,0.049999999813735485,1,True,1133,3,1.8773965027077368,6.994839570230554,1.5799336135387254e-05,1,False,,False,,,,,False,False,False,,7.424424171447754,8.368276596069336,3.2409510612487793,7.031250953674316,,,4.391933917999268,True,0.20763287,0.896048271913,1,-1.0,-0.7681171298027039,1.2609535455703735,-0.2076328694820404,-0.15948636829853058,0.2618153989315033,-0.2076328694820404,-0.2076328694820404,0.293637216091156,-0.17566001415252686,-0.20337766408920288,0.26873576641082764,-0.17566001415252686,-0.20337766408920288,0.26873576641082764,-0.1756601333618164,-0.20337772369384766,0.2687359154224396,False,False,1.6363998875021935,,,,,,,,,,,2.0177997648715973,0.29408878087997437,-1.0,1.0423474311828613,0.02876807004213333,-1.0,336.25006103515625,530.0550537109375,336.25006103515625,530.0550537109375,3.1366474628448486,5.557776927947998,3.283691883087158,5.057776927947998,0.14704442024230957,-0.5,0.5211737155914307,-0.06202292442321777,-0.32872867584228516,0.3345285952091217,0.6533481478691101,1.4771610498428345,0.0,2.0,1.5,3.0,True,,False,False,-0.6369032748475862,-0.5305390697971202,0.11313212015674437,False,,False,timeout
185,1787741339.1173508,9.253935500048101,0.05393279995769262,18.541592514841547,0.05393279995769262,18.541592514841547,0.003935534507036209,True,False,7282543.928638466,7282543.936585,7.94653408229351,7282543.9786384655,0.0,0.008010700345039368,124.83303043775078,0.05568463448435068,1.0,185,184,-0.619164241754326,-0.49846677518605387,0.113,-0.5877052041001612,-0.45130942971795124,0.113,-0.6052311526485303,-0.46817211315340884,0.113,-0.5877052041001612,-0.45130942971795124,0.113,7282543.878638466,7282543.928638466,0.05568463448435068,0.049999999813735485,1,True,1140,3,1.8716980102317198,7.540048214922335,1.070034503936751e-05,1,False,,True,140,0.04797090031206608,0.05950780026614666,16.80451966847259,False,False,False,,7.2487640380859375,8.164898872375488,3.2020750045776367,6.644511699676514,,,4.322877407073975,True,0.20763287,0.896048271913,1,-1.0,-0.5609085559844971,1.1465680599212646,-0.2076328694820404,-0.11646305024623871,0.2380652278661728,-0.2076328694820404,-0.15948636829853058,0.2618153989315033,-0.20430925488471985,-0.1640489548444748,0.26201972365379333,-0.20430925488471985,-0.1640489548444748,0.26201972365379333,-0.20430946350097656,-0.1640491485595703,0.2620199918746948,False,False,1.1231005191802979,,,,,,,,,,,1.6296999529004097,0.3070424795150757,-1.0,1.0460760593414307,0.29408878087997437,-1.0,351.97064208984375,477.655029296875,351.97064208984375,477.655029296875,3.283691883087158,5.057776927947998,3.437213182449341,4.557776927947998,0.15352129936218262,-0.5,0.5230380296707153,-0.03887605667114258,-0.38673925399780273,0.3886882960796356,0.6908611059188843,1.5888324975967407,0.0,2.0,1.5,3.0,True,,False,False,-0.6291750468982366,-0.5142814958378767,0.11306111649531714,False,,False,timeout
186,1787741339.1618922,9.300002999603748,0.04606749955564737,21.707277574118105,0.04606749955564737,21.707277574118105,3.034248948097229e-06,False,False,7282543.9786384655,7282543.9829119,4.273434169590473,7282544.028638465,0.0,0.008003399707376957,124.94690213688466,0.05371483415365219,1.0,186,185,-0.610030911362296,-0.48611970988566966,0.113,-0.5695486413813462,-0.433665599379161,0.113,-0.5877052041001612,-0.45130942971795124,0.113,-0.5695486413813462,-0.433665599379161,0.113,7282543.928638466,7282543.9786384655,0.05371483415365219,0.049999999813735485,1,True,1146,3,1.8695269634439418,8.495409660066528,3.399707376956773e-06,1,False,,True,141,0.017484799958765507,0.06889649946242571,14.51452552455692,False,False,False,,7.044454574584961,8.000849723815918,3.199601173400879,6.313056945800781,,,4.19899320602417,True,0.20763287,0.896048271913,1,-0.20448637008666992,-1.0,1.0206931829452515,-0.04245809093117714,-0.2076328694820404,0.21192947030067444,-0.2076328694820404,-0.11646305024623871,0.2380652278661728,-0.20728740096092224,-0.12140970677137375,0.24022570252418518,-0.20728740096092224,-0.12140970677137375,0.24022570252418518,-0.20728731155395508,-0.12140989303588867,0.24022571742534637,False,False,1.11400056630373,,,,,,,,,,,1.6181999817490578,0.33566826581954956,-1.0,1.0548332929611206,0.3070424795150757,-1.0,369.1568298339844,425.2550354003906,369.1568298339844,425.2550354003906,3.437213182449341,4.557776927947998,3.6050472259521484,4.057776927947998,0.16783404350280762,-0.5,0.5274165868759155,-0.0024738311767578125,-0.3314547538757324,0.3314639925956726,0.6044095754623413,1.7712897062301636,0.0,2.0,1.5,3.0,True,,False,False,-0.6213933592335829,-0.5009658501682142,0.11300194619934395,False,,False,timeout
187,1787741339.2125213,9.350001099519432,0.04999809991568327,20.000760062610354,0.04999809991568327,20.000760062610354,1.1343508958816528e-06,False,False,7282544.028638465,7282544.0327309,4.092434421181679,7282544.078638465,0.0,0.008007899858057499,124.87668648775698,0.05176193453371525,1.0,187,186,-0.600178360938357,-0.47433808935449895,0.113,-0.5501703134520505,-0.41685267494161915,0.113,-0.5695486413813462,-0.433665599379161,0.113,-0.5501703134520505,-0.41685267494161915,0.113,7282543.9786384655,7282544.028638465,0.05176193453371525,0.049999999813735485,1,True,1152,3,1.8738050411300833,9.493097504938778,7.899858057498765e-06,1,False,,True,142,0.004285399802029133,0.07622279971837997,13.119434128563833,False,False,False,,6.837167263031006,7.879439830780029,3.2296555042266846,5.985238552093506,,,4.0745720863342285,True,0.20763287,0.896048271913,1,-1.0,-1.0,1.4142135381698608,-0.2076328694820404,-0.2076328694820404,0.293637216091156,-0.04245809093117714,-0.2076328694820404,0.21192947030067444,-0.05959237366914749,-0.19866983592510223,0.20741493999958038,-0.059592366218566895,-0.19866983592510223,0.2074149250984192,-0.059592247009277344,-0.1986699104309082,0.20741496980190277,False,False,1.1456003412604332,,,,,,,,,,,1.5674000605940819,0.3929422199726105,-1.0,1.0744317770004272,0.33566826581954956,-1.0,389.2754821777344,372.85504150390625,389.2754821777344,372.85504150390625,3.6050472259521484,4.057776927947998,3.801518440246582,3.557776927947998,0.1964712142944336,-0.5,0.5372158885002136,0.030054330825805664,-0.3278183937072754,0.32919320464134216,0.6073781847953796,1.9636770486831665,0.0,2.0,1.5,3.0,True,,False,False,-0.6124648024042583,-0.4884856424954253,0.11306804003304727,False,,False,timeout
188,1787741339.2651994,9.400003399699926,0.050002300180494785,19.999079970126783,0.050002300180494785,19.999079970126783,3.4347176551818848e-06,False,False,7282544.078638465,7282544.0836144,4.975934512913227,7282544.128638465,0.0,0.008019099943339825,124.70227420354563,0.04983833432197571,0.9967666901527594,188,187,-0.5897636542483354,-0.46304963182971937,0.113,-0.5293735580919137,-0.39977570581054284,0.113,-0.5501703134520505,-0.41685267494161915,0.113,-0.5293735580919137,-0.39977570581054284,0.113,7282544.028638465,7282544.078638465,0.04983833432197571,0.049999999813735485,1,True,1158,3,1.875822722687228,10.622558966884398,1.909994333982451e-05,1,False,,False,,,,,False,False,False,,6.7775750160217285,7.680769920349121,3.2825770378112793,5.661558151245117,,,4.036363124847412,True,0.20763287,0.896048271913,1,-1.0,-1.0,1.4142135381698608,-0.2076328694820404,-0.2076328694820404,0.293637216091156,-0.2076328694820404,-0.2076328694820404,0.293637216091156,-0.1922437846660614,-0.2067011594772339,0.2822818458080292,-0.1922437846660614,-0.2067011594772339,0.2822818458080292,-0.1922435760498047,-0.20670127868652344,0.2822817862033844,False,False,2.035299316048622,,,,,,,,,,,2.5252997875213623,0.5171191096305847,-1.0,1.1257940530776978,0.3929422199726105,-1.0,415.75201416015625,320.45501708984375,415.75201416015625,320.45501708984375,3.801518440246582,3.557776927947998,4.060078144073486,3.057776927947998,0.2585597038269043,-0.5,0.5628970861434937,0.05292153358459473,-0.32368040084838867,0.3279781937599182,0.5968025326728821,2.166839838027954,0.1668398380279541,2.0,1.5,3.0,True,,False,False,-0.6027154049053578,-0.4766187001413093,0.11306023926210561,False,,False,timeout
189,1787741339.3137145,9.451333199627697,0.05132979992777109,19.481860467158523,0.05132979992777109,19.481860467158523,0.0013332348316907883,True,False,7282544.128638465,7282544.1337133,5.074835382401943,7282544.178638465,0.0,0.008002400398254395,124.96250502763337,0.047861034981906414,0.9572207032040533,189,188,-0.578792408638981,-0.4523021911238869,0.113,-0.5061689295459263,-0.38438455253273973,0.113,-0.5293735580919137,-0.39977570581054284,0.113,-0.5061689295459263,-0.38438455253273973,0.113,7282544.078638465,7282544.128638465,0.047861034981906414,0.049999999813735485,1,True,1164,3,1.8712032718113638,11.814445627160291,2.4003982543943647e-06,1,False,,True,143,0.03974489960819483,0.06319539994001389,15.82393656736434,False,False,False,,6.585331439971924,7.474068641662598,3.3526811599731445,5.341956615447998,,,3.87245774269104,True,0.20763287,0.896048271913,1,-1.0,-1.0,1.4142135381698608,-0.2076328694820404,-0.2076328694820404,0.293637216091156,-0.2076328694820404,-0.2076328694820404,0.293637216091156,-0.2060331255197525,-0.2075360268354416,0.2924394905567169,-0.2060331255197525,-0.2075360268354416,0.2924394905567169,-0.20603322982788086,-0.2075362205505371,0.29243966937065125,False,False,1.105399802327156,,,,,,,,,,,1.550000160932541,0.5278151631355286,-1.0,1.1307470798492432,0.5171191096305847,-1.0,442.7760925292969,268.0550231933594,442.7760925292969,268.0550231933594,4.060078144073486,3.057776927947998,4.323985576629639,2.557776927947998,0.26390743255615234,-0.5,0.565373420715332,0.07010412216186523,-0.31960153579711914,0.3271998465061188,0.5615437030792236,2.3912105560302734,0.39121055603027344,2.0,1.5,3.0,True,,False,False,-0.5923277817062452,-0.465222437633947,0.11303277946022823,False,,False,timeout
190,1787741339.362257,9.500001899898052,0.04866870027035475,20.547086617168684,0.04866870027035475,20.547086617168684,1.9352883100509644e-06,False,False,7282544.178638465,7282544.1825454,3.906935453414917,7282544.228638465,0.0,0.008011500351130962,124.82056495932534,0.046083735302090645,0.9216747094753187,190,189,-0.567328908463413,-0.44208034620132136,0.113,-0.48204602948774633,-0.36890731341074784,0.113,-0.5061689295459263,-0.38438455253273973,0.113,-0.48204602948774633,-0.36890731341074784,0.113,7282544.128638465,7282544.178638465,0.046083735302090645,0.049999999813735485,1,True,1170,3,1.8706993851635365,13.107867594021606,1.1500351130962205e-05,1,False,,True,144,0.010625399649143219,0.06619520019739866,15.10683549589594,False,False,False,,6.379298210144043,7.2665324211120605,3.436899423599243,5.029012680053711,,,3.6965126991271973,True,0.20763287,0.896048271913,1,-1.0,-1.0,1.4142135381698608,-0.2076328694820404,-0.2076328694820404,0.293637216091156,-0.2076328694820404,-0.2076328694820404,0.293637216091156,-0.20746658742427826,-0.20762282609939575,0.2935125529766083,-0.20746658742427826,-0.20762282609939575,0.2935125529766083,-0.20746660232543945,-0.20762300491333008,0.2935127019882202,False,False,1.0954001918435097,,,,,,,,,,,1.50309968739748,0.571628749370575,-1.0,1.1518504619598389,0.5278151631355286,-1.0,472.0434875488281,215.655029296875,472.0434875488281,215.655029296875,4.323985576629639,2.557776927947998,4.609799861907959,2.057776927947998,0.2858142852783203,-0.5,0.5759251713752747,0.08421826362609863,-0.3129439353942871,0.32407811284065247,0.5590471029281616,2.625629186630249,0.625629186630249,2.0,1.5,3.0,True,,False,False,-0.5814641322143838,-0.45433363318317166,0.11306345561861277,False,,False,timeout
191,1787741339.4128606,9.550003100186586,0.050001200288534164,19.999519896111597,0.050001200288534164,19.999519896111597,3.135763108730316e-06,False,False,7282544.228638465,7282544.2326732,4.034735262393951,7282544.278638464,0.0,0.00800930056720972,124.85484738755159,0.052143835462629795,1.0,191,190,-0.5534673242042057,-0.43072530495181316,0.113,-0.4559324867025223,-0.35344612910515893,0.113,-0.48204602948774633,-0.36890731341074784,0.113,-0.4559324867025223,-0.35344612910515893,0.113,7282544.178638465,7282544.228638465,0.052143835462629795,0.049999999813735485,1,True,1177,3,1.8709766885473993,14.314881661193821,9.300567209720445e-06,1,False,,False,,,,,False,False,False,,6.1718316078186035,7.0589094161987305,3.5532302856445312,4.672314167022705,,,3.54300856590271,True,0.20763287,0.896048271913,1,-1.0,-1.0,1.4142135381698608,-0.2076328694820404,-0.2076328694820404,0.293637216091156,-0.2076328694820404,-0.2076328694820404,0.293637216091156,-0.20761558413505554,-0.20763184130191803,0.29362428188323975,-0.20761558413505554,-0.20763184130191803,0.29362428188323975,-0.20761537551879883,-0.20763206481933594,0.29362428188323975,False,False,1.4527998864650726,,,,,,,,,,,2.260299399495125,0.6431143283843994,-1.0,1.1889474391937256,0.571628749370575,-1.0,504.9709777832031,163.25502014160156,504.9709777832031,163.25502014160156,4.609799861907959,2.057776927947998,4.931356906890869,1.557776927947998,0.32155704498291016,-0.5,0.594473659992218,0.11633086204528809,-0.35669851303100586,0.3751888871192932,0.6379402279853821,2.8199546337127686,0.8199546337127686,2.0,1.5,3.0,True,,False,False,-0.5681705284879145,-0.4422954561196318,0.11305256095635849,False,,False,timeout
192,1787741339.4665332,9.60312969982624,0.05312659963965416,18.82296263609522,0.05312659963965416,18.82296263609522,0.003129735589027405,True,False,7282544.278638464,7282544.2870809,8.442435413599014,7282544.328638464,0.0,0.008008799515664577,124.86265863492764,0.05018253531306982,1.0,192,191,-0.5412184060492692,-0.4214585289091281,0.113,-0.428701986814957,-0.3386295715499992,0.113,-0.4559324867025223,-0.35344612910515893,0.113,-0.428701986814957,-0.3386295715499992,0.113,7282544.228638465,7282544.278638464,0.05018253531306982,0.049999999813735485,1,True,1183,3,1.8714197597692124,15.843026627360063,8.799515664577318e-06,1,False,,True,145,0.045836799778044224,0.07746620010584593,12.908855715572084,False,False,False,,5.964216232299805,6.8512773513793945,3.667095184326172,4.374170303344727,,,3.3782873153686523,False,0.20763287,0.896048271913,1,-0.9333614110946655,-1.0,1.367904782295227,-0.19379651546478271,-0.2076328694820404,0.2840220034122467,-0.2076328694820404,-0.2076328694820404,0.293637216091156,-0.20763105154037476,-0.20763278007507324,0.29363587498664856,-0.20763105154037476,-0.20763278007507324,0.29363587498664856,-0.20763111114501953,-0.20763301849365234,0.2936360836029053,False,False,1.477799378335476,,,,,,,,,,,2.2616004571318626,0.687213659286499,-1.0,1.21336829662323,0.6431143283843994,-1.0,540.1563110351562,110.85501861572266,540.1563110351562,110.85501861572266,4.931356906890869,1.557776927947998,5.274963855743408,1.057776927947998,0.34360694885253906,-0.5,0.6066842079162598,0.11386489868164062,-0.2981438636779785,0.3191472589969635,0.5254288911819458,3.087139368057251,1.087139368057251,2.0,1.5,3.0,True,,False,False,-0.5562963945413116,-0.43254344905706166,0.11299972937488825,False,,False,timeout
193,1787741339.5121112,9.65000129956752,0.04687159974128008,21.334880941119113,0.04687159974128008,21.334880941119113,1.3355165719985962e-06,False,False,7282544.328638464,7282544.3327004,4.061935469508171,7282544.378638464,0.0,0.008002200163900852,124.96563189098329,0.048309335485100746,0.9661867133013409,193,192,-0.5286675117619938,-0.41260564170785696,0.113,-0.3989403067711674,-0.32411787234137374,0.113,-0.428701986814957,-0.3386295715499992,0.113,-0.3989403067711674,-0.32411787234137374,0.113,7282544.278638464,7282544.328638464,0.048309335485100746,0.049999999813735485,1,True,1189,3,1.8720886693586742,17.57529642449244,2.200163900852037e-06,1,False,,True,146,0.03259519953280687,0.06822879984974861,14.65656734695861,False,False,False,,5.756585121154785,6.643644332885742,3.79197359085083,4.083102703094482,,,3.227393865585327,False,0.20763287,0.896048271913,1,-1.0,-1.0,1.4142135381698608,-0.2076328694820404,-0.2076328694820404,0.293637216091156,-0.19379651546478271,-0.2076328694820404,0.2840220034122467,-0.19523464143276215,-0.2076328843832016,0.28500524163246155,-0.19523464143276215,-0.2076328843832016,0.28500524163246155,-0.1952347755432129,-0.20763301849365234,0.2850054204463959,False,False,1.1683003976941109,,,,,,,,,,,1.5259999781847,0.7375876307487488,-1.0,1.242592215538025,0.687213659286499,-1.0,577.9208374023438,58.45502471923828,577.9208374023438,58.45502471923828,5.274963855743408,1.057776927947998,5.6437578201293945,0.557776927947998,0.36879396438598633,-0.5,0.621296226978302,0.1248784065246582,-0.29106760025024414,0.31672537326812744,0.5119816064834595,3.3692514896392822,1.3692514896392822,2.0,1.5,3.0,True,,False,False,-0.5440505294090318,-0.42327495819229616,0.11300724015921224,False,,False,timeout
194,1787741339.5627515,9.70000149961561,0.05000020004808903,19.999919981084542,0.05000020004808903,19.999919981084542,1.535750925540924e-06,False,False,7282544.378638464,7282544.3829749,4.336436279118061,7282544.428638464,0.0,0.008006799966096878,124.89384076463645,0.04635013546794653,0.9270027128122847,194,193,-0.5158348720352239,-0.40416544524765385,0.113,-0.36833001604677923,-0.3100005289350475,0.113,-0.3989403067711674,-0.32411787234137374,0.113,-0.36833001604677923,-0.3100005289350475,0.113,7282544.328638464,7282544.378638464,0.04635013546794653,0.049999999813735485,1,True,1195,3,1.87287379524995,19.372770831639567,6.799966096877885e-06,1,False,,True,147,0.005235900171101093,0.0597978001460433,16.72302321419374,False,False,False,,5.561350345611572,6.43601131439209,3.9227895736694336,3.79783296585083,,,3.105618476867676,False,0.20763287,0.896048271913,1,-1.0,-1.0,1.4142135381698608,-0.2076328694820404,-0.2076328694820404,0.293637216091156,-0.2076328694820404,-0.2076328694820404,0.293637216091156,-0.20634406805038452,-0.2076328843832016,0.2927273213863373,-0.20634406805038452,-0.2076328843832016,0.2927273213863373,-0.2063441276550293,-0.20763301849365234,0.2927274703979492,False,False,1.1494997888803482,,,,,,,,,,,1.5860004350543022,0.7870919704437256,-1.0,1.2726011276245117,0.7375876307487488,-1.0,618.2199096679688,52.400001525878906,618.2199096679688,6.055022239685059,5.6437578201293945,0.557776927947998,6.037303924560547,0.5,0.39354610443115234,-0.05777692794799805,0.397764652967453,0.13081598281860352,-0.28526973724365234,0.3138337731361389,0.4944937229156494,3.668745756149292,1.668745756149292,2.0,1.5,3.0,True,,True,False,-0.5315811939516805,-0.41430524848545613,0.11305798012909836,False,,False,timeout
195,1787741339.6174638,9.755015299655497,0.05501380003988743,18.17725732952379,0.05501380003988743,18.17725732952379,0.005015335977077484,True,False,7282544.428638464,7282544.4370038,8.365335874259472,7282544.478638464,0.0,0.008000999689102173,124.98438180944541,0.05246503558009863,1.0,195,194,-0.5002312360104577,-0.3953698629606635,0.113,-0.3502721985181462,-0.3190159238854241,0.113,-0.36833001604677923,-0.3100005289350475,0.113,-0.3502721985181462,-0.3190159238854241,0.113,7282544.378638464,7282544.428638464,0.05246503558009863,0.049999999813735485,1,True,1202,3,1.8740064035001476,18.70126582576498,9.99689102172685e-07,1,False,,False,,,,,False,False,False,,5.355006217956543,6.2283782958984375,4.0847320556640625,3.472994804382324,,,3.034095287322998,False,0.20763287,0.896048271913,1,-1.0,-0.4751983880996704,1.1071646213531494,-0.2076328694820404,-0.09866680204868317,0.22988377511501312,-0.2076328694820404,-0.2076328694820404,0.293637216091156,-0.20749890804290771,-0.2076328843832016,0.2935425043106079,-0.20749890804290771,-0.2076328843832016,0.2935425043106079,-0.20749902725219727,-0.20763301849365234,0.2935427129268646,False,False,1.1323997750878334,,,,,,,,,,,1.9627995789051056,0.8936742544174194,-1.0,1.3411389589309692,0.7870919704437256,-1.0,663.9760131835938,52.400001525878906,663.9760131835938,0.0,6.037303924560547,0.5,6.484140872955322,0.5,0.4468369483947754,0.0,0.4468369483947754,0.1619424819946289,-0.32483816146850586,0.36296722292900085,0.5214365720748901,3.5568575859069824,1.5568575859069824,2.0,1.5,3.0,True,,True,False,-0.5167013994737891,-0.4043098581106256,0.11298577868665254,False,,False,timeout
196,1787741339.664992,9.800583699718118,0.04556840006262064,21.945032053479782,0.04556840006262064,21.945032053479782,0.0005837362259626389,False,False,7282544.478638464,7282544.4844847,5.846235901117325,7282544.5286384635,0.0,0.008010100573301315,124.84237755180344,0.05049083661288023,1.0,196,195,-0.4860975198342592,-0.3893745612749197,0.113,-0.33248909479111355,-0.332121079256074,0.113,-0.3502721985181462,-0.3190159238854241,0.113,-0.33248909479111355,-0.332121079256074,0.113,7282544.428638464,7282544.478638464,0.05049083661288023,0.049999999813735485,1,True,1208,3,1.8823041359668675,18.274150140308727,1.0100573301315141e-05,1,False,,True,148,0.04153869953006506,0.07736149989068508,12.926326420933414,False,False,False,,5.147507190704346,6.020745277404785,4.2405548095703125,3.20634126663208,,,2.9569294452667236,False,0.20763287,0.896048271913,1,-1.0,-1.0,1.4142135381698608,-0.2076328694820404,-0.2076328694820404,0.293637216091156,-0.2076328694820404,-0.09866680204868317,0.22988377511501312,-0.20761895179748535,-0.10999402403831482,0.23495598137378693,-0.20761895179748535,-0.10999402403831482,0.23495598137378693,-0.20761919021606445,-0.10999393463134766,0.23495616018772125,False,False,1.604500226676464,,,,,,,,,,,2.2684000432491302,1.0,-1.0,1.4142135381698608,0.8936742544174194,-1.0,715.176025390625,52.400001525878906,715.176025390625,0.0,6.484140872955322,0.5,6.984140872955322,0.5,0.5,0.0,0.5,0.15582275390625,-0.26665353775024414,0.30884435772895813,0.34872400760650635,3.5153892040252686,1.5153892040252686,2.0,1.5,3.0,True,,True,False,-0.5034642878375571,-0.39663417422808955,0.11298341936090794,False,,False,timeout
197,1787741339.712651,9.850001899525523,0.04941819980740547,20.23545988921569,0.04941819980740547,20.23545988921569,1.93621963262558e-06,False,False,7282544.5286384635,7282544.5327993,4.160836338996887,7282544.578638463,0.0,0.008005899377167225,124.90789015560122,0.04853683616966009,0.9707367270094779,197,196,-0.471365030888268,-0.385060188176696,0.113,-0.3118724828450975,-0.3473143721095718,0.113,-0.33248909479111355,-0.332121079256074,0.113,-0.3118724828450975,-0.3473143721095718,0.113,7282544.478638464,7282544.5286384635,0.04853683616966009,0.049999999813735485,1,True,1214,3,1.8894533062972123,18.277681577794024,5.8993771672247175e-06,1,False,,True,149,0.023555999621748924,0.0647170003503561,15.451890455156079,False,False,False,,4.939888000488281,5.9107513427734375,4.420856952667236,2.9538938999176025,,,3.002065658569336,False,0.20763287,0.896048271913,1,-0.6168802380561829,-1.0,1.1749643087387085,-0.12808461487293243,-0.2076328694820404,0.24396122992038727,-0.2076328694820404,-0.2076328694820404,0.293637216091156,-0.207631453871727,-0.1974831372499466,0.2865491509437561,-0.207631453871727,-0.1974831372499466,0.2865491509437561,-0.20763158798217773,-0.19748306274414062,0.2865491807460785,False,False,1.118999905884266,,,,,,,,,,,1.5821997076272964,1.0,-1.0,1.4142135381698608,1.0,-1.0,766.3760375976562,52.400001525878906,766.3760375976562,0.0,6.984140872955322,0.5,7.484140872955322,0.5,0.5,0.0,0.5,0.18030214309692383,-0.25244736671447754,0.31022337079048157,0.36060428619384766,3.5485236644744873,1.5485236644744873,2.0,1.5,3.0,True,,True,False,-0.4895460714493569,-0.390203281696784,0.11304162724366246,False,,False,timeout
198,1787741339.7622075,9.900002599693835,0.050000700168311596,19.99971993659719,0.050000700168311596,19.99971993659719,2.6365742087364197e-06,False,False,7282544.578638463,7282544.582073,3.4345369786024094,7282544.628638463,0.0,0.008017200045287609,124.73182586828243,0.047104736790061,0.9420947393107963,198,197,-0.4562386314457219,-0.3824330923505824,0.113,-0.2915819598472804,-0.3622673555999575,0.113,-0.3118724828450975,-0.3473143721095718,0.113,-0.2915819598472804,-0.3622673555999575,0.113,7282544.5286384635,7282544.578638463,0.047104736790061,0.049999999813735485,1,True,1220,3,1.9017086029100696,18.489805701425237,1.7200045287608934e-05,1,False,,False,,,,,False,False,False,,4.7322564125061035,5.713268280029297,4.626027584075928,2.719696521759033,,,2.9954559803009033,False,0.20763287,0.896048271913,1,-0.13538122177124023,-1.0,1.009122371673584,-0.028109591454267502,-0.2076328694820404,0.20952698588371277,-0.12808461487293243,-0.2076328694820404,0.24396122992038727,-0.13635365664958954,-0.20657777786254883,0.24752110242843628,-0.13635365664958954,-0.20657777786254883,0.24752110242843628,-0.1363534927368164,-0.20657777786254883,0.24752101302146912,False,False,1.140800304710865,,,,,,,,,,,2.0583001896739006,1.0,-1.0,1.4142135381698608,1.0,-1.0,817.5760498046875,52.400001525878906,817.5760498046875,0.0,7.484140872955322,0.5,7.984140872955322,0.5,0.5,0.0,0.5,0.2051706314086914,-0.23419737815856934,0.3113573491573334,0.4103412628173828,3.618820905685425,1.6188209056854248,2.0,1.5,3.0,True,,True,False,-0.4750470303768412,-0.3852425298446999,0.11302741628592992,False,,False,timeout
199,1787741339.8168697,9.95246099960059,0.052458399906754494,19.062724020891093,0.052458399906754494,19.062724020891093,0.002461036667227745,True,False,7282544.628638463,7282544.6366403,8.001836948096752,7282544.678638463,0.0,0.008004199713468552,124.93441390740344,0.053148336708545685,1.0,199,198,-0.438364125234313,-0.3812744910142888,0.113,-0.27122137245196615,-0.37727197264257606,0.113,-0.2915819598472804,-0.3622673555999575,0.113,-0.27122137245196615,-0.37727197264257606,0.113,7282544.578638463,7282544.628638463,0.053148336708545685,0.049999999813735485,1,True,1227,3,1.9010043354363422,18.620032576591363,4.199713468551469e-06,1,False,,True,150,0.04815299995243549,0.06696520000696182,14.933129444786818,False,False,False,,4.595902919769287,5.506690502166748,4.903111457824707,2.476348876953125,,,3.0458738803863525,False,0.20763287,0.896048271913,1,0.37793806195259094,-1.0,1.0690356492996216,0.07847236096858978,-0.2076328694820404,0.2219669371843338,-0.028109591454267502,-0.2076328694820404,0.20952698588371277,-0.039361730217933655,-0.2075231969356537,0.21122315526008606,-0.039361730217933655,-0.2075231969356537,0.21122315526008606,-0.03936195373535156,-0.20752334594726562,0.21122334897518158,False,False,1.7004003748297691,,,,,,,,,,,2.1424004808068275,1.0,-0.8848520517349243,1.335276484489441,1.0,-1.0,868.7760009765625,52.400001525878906,868.7760009765625,6.03375244140625,7.984140872955322,0.5,8.484140396118164,0.5,0.4999995231628418,0.0,0.4999995231628418,0.2770838737487793,-0.2433476448059082,0.36877304315567017,0.5541677474975586,3.6604230403900146,1.6604230403900146,2.0,1.5,3.0,True,,True,False,-0.4573653849201134,-0.38185086633085896,0.11304086786025211,False,,False,timeout
200,1787741339.9099276,10.000001800246537,0.047540800645947456,21.03456370975619,0.047540800645947456,21.03456370975619,1.8374994397163391e-06,False,False,7282544.678638463,7282544.6828336,4.195136949419975,7282544.728638463,0.0,0.00840030051767826,119.04336016259424,0.05155913718044758,1.0,200,199,-0.42301489995175956,-0.3817348281224139,0.113,-0.25079035712663056,-0.392328491140617,0.113,-0.27122137245196615,-0.37727197264257606,0.113,-0.25079035712663056,-0.392328491140617,0.113,7282544.628638463,7282544.678638463,0.05155913718044758,0.049999999813735485,1,True,1233,3,1.8995530648680912,19.154533929727595,0.00040030051767826064,1,False,,True,151,0.03098250087350607,0.07816119957715273,12.794071808134193,False,False,False,,4.5565409660339355,5.299167156219482,5.161444187164307,2.2925612926483154,,,3.0668528079986572,False,0.20763287,0.896048271913,1,0.6618989706039429,-1.0,1.1992123126983643,0.13743197917938232,-0.2076328694820404,0.24899590015411377,0.07847236096858978,-0.2076328694820404,0.2219669371843338,0.06622327864170074,-0.2076214849948883,0.21792706847190857,0.06622327864170074,-0.2076214849948883,0.21792706847190857,0.06622314453125,-0.20762157440185547,0.21792711317539215,False,False,1.1456003412604332,,,,,,,,,,,1.6621993854641914,1.0,-0.7371493577957153,1.2423322200775146,1.0,-0.8848520517349243,919.9759521484375,52.400001525878906,919.9759521484375,13.7733736038208,8.484140396118164,0.5,8.984140396118164,0.5,0.5,0.0,0.5,0.2583327293395996,-0.18378758430480957,0.3170389235019684,0.5166659951210022,3.7753920555114746,1.7753920555114746,2.0,1.5,3.0,True,,True,False,-0.4419804922448577,-0.3806687639006423,0.11300081976287543,False,,False,timeout
201,1787741339.9180653,10.056833299808204,0.05683149956166744,17.595875662490787,0.05683149956166744,17.595875662490787,0.006833337247371674,True,False,7282544.728638463,7282544.7396994,11.06093730777502,7282544.778638463,0.0,0.008006099611520767,124.90476618115034,0.057605236768722534,1.0,201,200,-0.40520711282850636,-0.383701631337679,0.113,-0.23028854781945118,-0.4074371808538527,0.113,-0.25079035712663056,-0.392328491140617,0.113,-0.23028854781945118,-0.4074371808538527,0.113,7282544.678638463,7282544.728638463,0.057605236768722534,0.049999999813735485,1,True,1240,3,1.9006390685024213,19.552748366703323,6.099611520767045e-06,1,False,,True,152,0.024698800407350063,0.06441080011427402,15.525346653447189,False,False,False,,4.6227641105651855,5.091545581817627,5.479456424713135,2.1050541400909424,,,3.10693621635437,False,0.20763287,0.896048271913,1,-1.0,-1.0,1.4142135381698608,-0.2076328694820404,-0.2076328694820404,0.293637216091156,0.13743197917938232,-0.2076328694820404,0.24899590015411377,0.13002969324588776,-0.2076316922903061,0.24498702585697174,0.13002969324588776,-0.2076316922903061,0.24498702585697174,0.13002967834472656,-0.20763158798217773,0.24498692154884338,False,False,1.1216998100280762,,,,,,,,,,,1.7184996977448463,1.0,-0.582602322101593,1.1573355197906494,1.0,-0.7371493577957153,971.1759643554688,52.400001525878906,971.1759643554688,21.871639251708984,8.984140396118164,0.5,9.484140396118164,0.5,0.5,0.0,0.5,0.3180122375488281,-0.18750715255737305,0.3691757321357727,0.6360244750976562,3.854738473892212,1.854738473892212,2.0,1.5,3.0,True,,True,False,-0.4240234011478826,-0.3810213271951988,0.11307842485373466,False,,False,timeout
202,1787741339.966604,10.104202600196004,0.04736930038779974,21.110719217156863,0.04736930038779974,21.110719217156863,0.004202637821435928,True,False,7282544.778638463,7282544.7871366,8.498137816786766,7282544.828638462,0.0,0.0080016003921628,124.97499887390704,0.055626037530601025,1.0,202,201,-0.39009742631563543,-0.3864531817299964,0.113,-0.20931147048634133,-0.42289611658814996,0.113,-0.23028854781945118,-0.4074371808538527,0.113,-0.20931147048634133,-0.42289611658814996,0.113,7282544.728638463,7282544.778638463,0.055626037530601025,0.049999999813735485,1,True,1246,3,1.9018274368637167,20.344061178617505,1.6003921627996687e-06,1,False,,False,,,,,False,False,False,,4.752793788909912,4.883913993835449,5.762917518615723,1.9659881591796875,,,3.0878214836120605,False,0.20763287,0.896048271913,1,-0.9000288248062134,-1.0,1.345381736755371,-0.18687556684017181,-0.2076328694820404,0.27934545278549194,-0.2076328694820404,-0.2076328694820404,0.293637216091156,-0.17253226041793823,-0.20763273537158966,0.2699606120586395,-0.17253226041793823,-0.20763273537158966,0.2699606120586395,-0.1725320816040039,-0.20763254165649414,0.26996034383773804,False,False,1.4507006853818893,,,,,,,,,,,2.532700076699257,1.0,-0.47740235924720764,1.1081123352050781,1.0,-0.582602322101593,1022.3759765625,52.400001525878906,1022.3759765625,27.384119033813477,9.484140396118164,0.5,9.984140396118164,0.5,0.5,0.0,0.5,0.2834610939025879,-0.13906598091125488,0.3157365024089813,0.5669221878051758,3.999577522277832,1.999577522277832,2.0,1.5,3.0,True,,True,False,-0.4087343424418722,-0.38266433969962743,0.1130692339027349,False,,False,timeout
203,1787741340.015198,10.150004600174725,0.04580199997872114,21.833107734696817,0.04580199997872114,21.833107734696817,4.637986421585083e-06,False,False,7282544.828638462,7282544.8354949,6.856437772512436,7282544.878638462,0.0,0.008013399317860603,124.79098573949231,0.053660537116229534,1.0,203,202,-0.3751606233224599,-0.3900280177556802,0.113,-0.18866555852360067,-0.4381110019193971,0.113,-0.20931147048634133,-0.42289611658814996,0.113,-0.18866555852360067,-0.4381110019193971,0.113,7282544.778638463,7282544.828638462,0.053660537116229534,0.049999999813735485,1,True,1252,3,1.8997424558036677,21.159106319237516,1.3399317860603166e-05,1,False,,True,153,0.03385960031300783,0.0631149997934699,15.844094165765386,False,False,False,,4.580261707305908,4.676281452178955,6.0530686378479,1.8422521352767944,,,3.1938819885253906,False,0.20763287,0.896048271913,1,-0.7529319524765015,-1.0,1.2517613172531128,-0.15633341670036316,-0.2076328694820404,0.2599067986011505,-0.18687556684017181,-0.2076328694820404,0.27934545278549194,-0.18538452684879303,-0.20763283967971802,0.27835017442703247,-0.18538452684879303,-0.20763283967971802,0.27835017442703247,-0.18538475036621094,-0.20763301849365234,0.27835044264793396,False,False,1.9068997353315353,,,,,,,,,,,3.132300451397896,1.0,-0.3795763850212097,1.0696159601211548,1.0,-0.47740235924720764,1073.575927734375,52.400001525878906,1073.575927734375,32.510196685791016,9.984140396118164,0.5,10.484140396118164,0.5,0.5,0.0,0.5,0.29015111923217773,-0.12373602390289307,0.31543347239494324,0.5803022384643555,4.153909683227539,2.153909683227539,2.0,1.5,3.0,True,,True,False,-0.3935449047875163,-0.38524110816160495,0.1130763635386148,False,,False,timeout
204,1787741340.0617647,10.20000149961561,0.04999689944088459,20.001240300558667,0.04999689944088459,20.001240300558667,1.537613570690155e-06,False,False,7282544.878638462,7282544.8831504,4.511937499046326,7282544.928638462,0.0,0.008032400161027908,124.4957895464249,0.051750837825238705,1.0,204,203,-0.3604064165194257,-0.3942953261663702,0.113,-0.16794773173373076,-0.4533788844662849,0.113,-0.18866555852360067,-0.4381110019193971,0.113,-0.16794773173373076,-0.4533788844662849,0.113,7282544.828638462,7282544.878638462,0.051750837825238705,0.049999999813735485,1,True,1258,3,1.893659324789129,22.02601719080249,3.240016102790816e-05,1,False,,True,154,0.023882499895989895,0.08441020082682371,11.846909380675491,False,False,False,,4.394876956939697,4.468648433685303,6.3491644859313965,1.7343500852584839,,,3.360896587371826,False,0.20763287,0.896048271913,1,1.0,-0.4803762435913086,1.1093968152999878,0.2076328694820404,-0.09974189847707748,0.23034726083278656,-0.15633341670036316,-0.2076328694820404,0.2599067986011505,-0.1593533456325531,-0.2076328843832016,0.26173439621925354,-0.1593533456325531,-0.2076328843832016,0.26173439621925354,-0.15935325622558594,-0.20763301849365234,0.2617344558238983,False,False,1.314300112426281,,,,,,,,,,,1.7403997480869293,1.0,-0.3187525272369385,1.0495728254318237,1.0,-0.3795763850212097,1124.7760009765625,52.400001525878906,1124.7760009765625,35.697364807128906,10.484140396118164,0.5,10.984140396118164,0.5,0.5,0.0,0.5,0.2960958480834961,-0.10790205001831055,0.31514376401901245,0.5921916961669922,4.315280437469482,2.3152804374694824,2.0,1.5,3.0,True,,True,False,-0.3785164409291216,-0.38876186123586653,0.11304843117988495,False,,False,timeout
205,1787741340.1113403,10.25000279955566,0.05000129994004965,19.999480037498543,0.05000129994004965,19.999480037498543,2.837739884853363e-06,False,False,7282544.928638462,7282544.9322842,3.6457376554608345,7282544.978638462,0.0,0.008004600182175636,124.92816346115139,0.04977493826299906,0.9954987689685031,205,204,-0.3458343250076932,-0.39914897681729594,0.113,-0.1471576137154385,-0.46870004161556783,0.113,-0.16794773173373076,-0.4533788844662849,0.113,-0.1471576137154385,-0.46870004161556783,0.113,7282544.878638462,7282544.928638462,0.04977493826299906,0.049999999813735485,1,True,1264,3,1.8934771922635398,22.94334507658394,4.600182175636125e-06,1,False,,False,,,,,False,False,False,,4.235523700714111,4.26101541519165,6.646115779876709,1.6363798379898071,,,3.563659191131592,True,0.20763287,0.896048271913,1,1.0,-1.0,1.4142135381698608,0.2076328694820404,-0.2076328694820404,0.293637216091156,0.2076328694820404,-0.09974189847707748,0.23034726083278656,0.16948401927947998,-0.11095736175775528,0.20257435739040375,0.1394505798816681,-0.11978696286678314,0.1838351935148239,0.1394505500793457,-0.11978673934936523,0.18383502960205078,True,False,1.5647001564502716,,,,,,,,,,,1.8055001273751259,0.9521512389183044,-0.2886272966861725,0.9949360489845276,1.0,-0.3187525272369385,1173.5260009765625,52.400001525878906,1173.5260009765625,37.27593231201172,10.984140396118164,0.5,11.46021556854248,0.5,0.4760751724243164,0.0,0.4760751724243164,0.2969512939453125,-0.09797024726867676,0.31269514560699463,0.593902587890625,4.484396934509277,2.4843969345092773,2.0,1.5,3.0,True,,True,False,-0.3636741518712633,-0.3928034215185755,0.11300965354572615,False,,False,timeout
206,1787741340.166435,10.302000199444592,0.051997399888932705,19.231730858389387,0.051997399888932705,19.231730858389387,0.002000237815082073,True,False,7282544.978638462,7282544.986373,7.734538055956364,7282545.028638462,0.0,0.00801829993724823,124.71471606525937,0.05581333767622709,1.0,206,205,-0.329044825551738,-0.405410818747488,0.113,-0.12711434771559543,-0.48347081049231416,0.113,-0.1471576137154385,-0.46870004161556783,0.113,-0.12711434771559543,-0.48347081049231416,0.113,7282544.928638462,7282544.978638462,0.05581333767622709,0.049999999813735485,1,True,1271,3,1.8946586519858422,23.54390645472315,1.8299937248229814e-05,1,False,,True,155,0.045832499861717224,0.05957609973847866,16.785254563318215,False,False,False,,4.374974250793457,4.141228675842285,6.995760440826416,1.538756251335144,,,3.6934242248535156,True,0.20763287,0.896048271913,1,1.0,-1.0,1.4142135381698608,0.2076328694820404,-0.2076328694820404,0.293637216091156,0.2076328694820404,-0.2076328694820404,0.293637216091156,0.20054520666599274,-0.1985011100769043,0.2821720540523529,0.20054520666599274,-0.1985011100769043,0.2821720540523529,0.2005453109741211,-0.1985011100769043,0.2821721136569977,False,False,1.5107998624444008,,,,,,,,,,,2.5265999138355255,1.0,-0.18902623653411865,1.017708659172058,0.9521512389183044,-0.2886272966861725,1224.72607421875,52.400001525878906,1224.72607421875,42.495025634765625,11.46021556854248,0.5,11.96021556854248,0.5,0.5,0.0,0.5,0.34964466094970703,-0.09762358665466309,0.36301755905151367,0.7344316244125366,4.583707332611084,2.583707332611084,2.0,1.5,3.0,True,,True,False,-0.3466616355387547,-0.3984382452037283,0.11306606672907929,False,,False,timeout
207,1787741340.2117107,10.350002899765968,0.048002700321376324,20.832161384777034,0.048002700321376324,20.832161384777034,2.9383227229118347e-06,False,False,7282545.028638462,7282545.0330291,4.390638321638107,7282545.078638461,0.0,0.008005999960005283,124.90632088378628,0.053849237971007824,1.0,207,206,-0.31482939204323945,-0.41122792925960794,0.113,-0.10618137949383279,-0.4988972402722889,0.113,-0.12711434771559543,-0.48347081049231416,0.113,-0.10618137949383279,-0.4988972402722889,0.113,7282544.978638462,7282545.028638462,0.053849237971007824,0.049999999813735485,1,True,1277,3,1.893935690826017,24.52570487942999,5.999960005283189e-06,1,False,,True,156,0.030089800246059895,0.0804289998486638,12.433326311176469,False,False,False,,4.575519561767578,3.942727565765381,7.296796798706055,1.4642010927200317,,,3.680821180343628,True,0.20763287,0.896048271913,1,1.0,-1.0,1.4142135381698608,0.2076328694820404,-0.2076328694820404,0.293637216091156,0.2076328694820404,-0.2076328694820404,0.293637216091156,0.206896111369133,-0.20668360590934753,0.2924450635910034,0.206896111369133,-0.20668360590934753,0.2924450635910034,0.20689630508422852,-0.20668363571166992,0.29244521260261536,False,False,1.2898994609713554,,,,,,,,,,,1.5834998339414597,1.0,-0.15383078157901764,1.0117627382278442,1.0,-0.18902623653411865,1275.926025390625,52.400001525878906,1275.926025390625,44.33926773071289,11.96021556854248,0.5,12.46021556854248,0.5,0.5,0.0,0.5,0.30103635787963867,-0.0745551586151123,0.3101311922073364,0.6020727157592773,4.762053966522217,2.762053966522217,2.0,1.5,3.0,True,,True,False,-0.3322392467086398,-0.4037717490728668,0.11303971965443639,False,,False,timeout
208,1787741340.2613323,10.400000999681652,0.04999809991568327,20.000760062610354,0.04999809991568327,20.000760062610354,1.0384246706962585e-06,False,False,7282545.078638461,7282545.0827018,4.063338972628117,7282545.128638461,0.0,0.008002400398254395,124.96250502763337,0.05196493864059448,1.0,208,207,-0.3007663141098498,-0.41740446652123253,0.113,-0.08517499008306607,-0.5143777773725695,0.113,-0.10618137949383279,-0.4988972402722889,0.113,-0.08517499008306607,-0.5143777773725695,0.113,7282545.028638462,7282545.078638461,0.05196493864059448,0.049999999813735485,1,True,1283,3,1.8913100925578425,25.53093507334305,2.4003982543943647e-06,1,False,,True,157,0.01540439948439598,0.0633653998374939,15.781483310522578,False,False,False,,4.782415866851807,3.736043930053711,7.598708629608154,1.3970298767089844,,,3.6609413623809814,True,0.20763287,0.896048271913,1,0.9188829660415649,-1.0,1.3580670356750488,0.1907903105020523,-0.2076328694820404,0.28197935223579407,0.2076328694820404,-0.2076328694820404,0.293637216091156,0.20755630731582642,-0.20753419399261475,0.29351332783699036,0.20755630731582642,-0.20753419399261475,0.29351332783699036,0.20755624771118164,-0.2075343132019043,0.29351335763931274,False,False,1.1497000232338905,,,,,,,,,,,1.5259999781847,1.0,-0.1275126338005066,1.0080969333648682,1.0,-0.15383078157901764,1327.1260986328125,52.400001525878906,1327.1260986328125,45.71833801269531,12.46021556854248,0.5,12.96021556854248,0.5,0.5,0.0,0.5,0.3019118309020996,-0.06717121601104736,0.3092939257621765,0.6038236618041992,4.943572998046875,2.943572998046875,2.0,1.5,3.0,True,,True,False,-0.31795353476112803,-0.40951113048024285,0.11300889097311825,False,,False,timeout
209,1787741340.3175054,10.45509719941765,0.05509619973599911,18.150072142754585,0.05509619973599911,18.150072142754585,0.0050972383469343185,True,False,7282545.128638461,,,7282545.178638461,,0.008024999871850014,124.61059389019887,0.05801533814519644,1.0,209,208,-0.2845331645216564,-0.42499385433644815,0.113,-0.06368071490114594,-0.530217859068228,0.113,-0.08517499008306607,-0.5143777773725695,0.113,-0.06368071490114594,-0.530217859068228,0.113,7282545.078638461,7282545.128638461,0.05801533814519644,0.049999999813735485,1,True,1290,3,1.8886332405918485,26.352395419991115,2.4999871850013566e-05,1,False,,False,,,,,False,False,False,,4.989972114562988,3.5285096168518066,7.951419830322266,1.328531265258789,,,3.6891837120056152,True,0.20763287,0.896048271913,1,1.0,-1.0,1.4142135381698608,0.2076328694820404,-0.2076328694820404,0.293637216091156,0.1907903105020523,-0.2076328694820404,0.28197935223579407,0.19253316521644592,-0.20762261748313904,0.2831539809703827,0.19253316521644592,-0.20762261748313904,0.2831539809703827,0.19253301620483398,-0.20762252807617188,0.28315380215644836,False,False,2.053399570286274,,,,,,,,,,,2.4410001933574677,1.0,-0.09022489190101624,1.0040620565414429,1.0,-0.1275126338005066,865.4254150390625,134.50228881835938,865.4254150390625,134.50228881835938,7.951419830322266,1.328531265258789,8.451419830322266,1.2834187746047974,0.5,-0.0451124906539917,0.5020310282707214,0.35271120071411133,-0.06849861145019531,0.35930106043815613,0.7054224014282227,5.076859474182129,3.076859474182129,2.0,1.5,3.0,False,lag_over_hard_limit,False,False,-0.3015140842715014,-0.41672706308693364,0.11304559202913757,False,,False,timeout
210,1787741340.3640141,10.5005724998191,0.045475300401449203,21.98995919042092,0.045475300401449203,21.98995919042092,0.000572538934648037,False,False,7282545.178638461,7282545.1847106,6.0721393674612045,7282545.228638461,0.0,0.008002999238669872,124.95315445840323,0.09802653826773167,1.0,210,-1,-0.2960418259944097,-0.4193911129444543,0.113,-0.3015140842715014,-0.41672706308693364,0.113,-0.3015140842715014,-0.41672706308693364,0.113,-0.3015140842715014,-0.41672706308693364,0.113,7282545.1384917,7282545.1384917,0.03817329928278923,0.0,1,True,1295,4,0.756866245191314,1.3652578270020146,2.9992386698721174e-06,1,False,,True,158,0.03686540015041828,0.06468959990888834,15.458435380779038,False,False,False,,5.182505130767822,3.3208870887756348,8.219414710998535,1.2810391187667847,,,3.6583874225616455,True,0.20763287,0.896048271913,1,1.0,-1.0,1.4142135381698608,0.2076328694820404,-0.2076328694820404,0.293637216091156,0.2076328694820404,-0.2076328694820404,0.293637216091156,0.20606321096420288,-0.20763179659843445,0.2925286591053009,0.20606321096420288,-0.20763179659843445,0.2925286591053009,0.20606327056884766,-0.20763182640075684,0.2925287187099457,False,False,1.9613998010754585,,,,,,,,,,,1.8747001886367798,1.0,-0.08178593218326569,1.0033389329910278,1.0,-0.09022489190101624,865.4254150390625,134.94448852539062,865.4254150390625,134.94448852539062,7.951419830322266,1.328531265258789,8.451419830322266,1.2876383066177368,0.5,-0.040892958641052246,0.5016694664955139,0.26799488067626953,-0.047492146492004395,0.2721704840660095,,0.2721704840660095,0.0,2.0,1.5,3.0,True,,False,False,-0.2891202478470793,-0.4224526440852644,0.11305860320168738,False,,False,timeout
211,1787741340.4125898,10.550001899711788,0.0494293998926878,20.230874786483746,0.0494293998926878,20.230874786483746,1.9390136003494263e-06,False,False,7282545.228638461,7282545.2334226,4.78413887321949,7282545.278638461,0.0,0.008003899827599525,124.93909488368911,0.054226539097726345,1.0,211,210,-0.28512119909220834,-0.42612494841085646,0.113,-0.27987313261937796,-0.4291362556146639,0.113,-0.3015140842715014,-0.41672706308693364,0.113,-0.27987313261937796,-0.4291362556146639,0.113,7282545.178638461,7282545.228638461,0.054226539097726345,0.049999999813735485,1,True,1302,4,0.6226897434954757,1.2244406647627593,3.899827599525285e-06,1,False,,True,159,0.02301929984241724,0.07942480035126209,12.590525825402462,False,False,False,,5.38856840133667,3.113255262374878,8.202888488769531,1.2875431776046753,,,3.354641914367676,False,0.20763287,0.896048271913,1,-1.0,-1.0,1.4142135381698608,-0.2076328694820404,-0.2076328694820404,0.293637216091156,0.2076328694820404,-0.2076328694820404,0.293637216091156,0.20746970176696777,-0.20763276517391205,0.29352179169654846,0.20746970176696777,-0.20763276517391205,0.29352179169654846,0.20746946334838867,-0.20763278007507324,0.2935216426849365,False,False,1.5647998079657555,,,,,,,,,,,1.6020005568861961,1.0,-0.14131778478622437,1.009935975074768,1.0,-0.08178593218326569,916.6253662109375,127.53944396972656,916.6253662109375,127.53944396972656,8.451419830322266,1.2876383066177368,8.951419830322266,1.2169793844223022,0.5,-0.07065892219543457,0.504967987537384,-0.016526222229003906,0.006504058837890625,0.017760034650564194,-0.033889636397361755,0.24853135645389557,0.0,2.0,1.5,3.0,True,,False,False,-0.290010125298014,-0.4222684421299556,0.1129966051502067,False,,False,timeout
212,1787741340.4611626,10.600001499988139,0.049999600276350975,20.00015989073785,0.049999600276350975,20.00015989073785,1.539476215839386e-06,False,False,7282545.278638461,7282545.2827865,4.148039035499096,7282545.3286384605,0.0,0.008014599792659283,124.77229379761646,0.05254503898322582,1.0,212,211,-0.2715848155713238,-0.4333837482963294,0.113,-0.25741840676410677,-0.44088561146360905,0.113,-0.27987313261937796,-0.4291362556146639,0.113,-0.25741840676410677,-0.44088561146360905,0.113,7282545.228638461,7282545.278638461,0.05254503898322582,0.049999999813735485,1,True,1308,4,1.8816851440281057,3.4843217917151845,1.4599792659282518e-05,1,False,,True,161,0.0058489004150033,0.02663290034979582,37.54754408517383,False,False,False,,5.596037864685059,2.9056224822998047,8.25772476196289,1.2917321920394897,,,3.112751007080078,False,0.20763287,0.896048271913,1,1.0,0.04056060314178467,1.0008223056793213,0.2076328694820404,0.008421714417636395,0.20780359208583832,-0.2076328694820404,-0.2076328694820404,0.293637216091156,-0.1644822657108307,-0.2076328545808792,0.26488831639289856,-0.10397985577583313,-0.20763283967971802,0.23221370577812195,-0.10398006439208984,-0.20763278007507324,0.23221375048160553,True,False,1.1621993035078049,,,,,,,,,,,1.670599915087223,1.0,-0.16697511076927185,1.0138444900512695,1.0,-0.14131778478622437,967.8253784179688,118.78995513916016,967.8253784179688,118.78995513916016,8.951419830322266,1.2169793844223022,9.451419830322266,1.13349187374115,0.5,-0.08348751068115234,0.5069222450256348,0.054836273193359375,0.004189014434814453,0.05499604344367981,0.10636439919471741,0.697711169719696,0.0,2.0,1.5,3.0,True,,False,False,-0.2879525426873804,-0.42410158618704746,0.11311346257939486,False,,False,timeout
213,1787741340.5158987,10.652483699843287,0.05248219985514879,19.054079340424114,0.05248219985514879,19.054079340424114,0.0024837395176291466,True,False,7282545.3286384605,7282545.3362398,7.601339370012283,7282545.37863846,0.0,0.008005300536751747,124.9172339513143,0.050571439787745476,1.0,213,212,-0.25784026777526825,-0.4402397706860729,0.113,-0.2341248477250113,-0.45181301869001833,0.113,-0.25741840676410677,-0.44088561146360905,0.113,-0.2341248477250113,-0.45181301869001833,0.113,7282545.278638461,7282545.3286384605,0.050571439787745476,0.049999999813735485,1,True,1314,4,2.1502781331657643,4.789038536543008,5.300536751746965e-06,1,False,,False,,,,,False,False,False,,5.492057800292969,2.6979897022247314,8.509588241577148,1.2694650888442993,,,3.3385884761810303,False,0.20763287,0.896048271913,1,1.0,0.6884775161743164,1.214084506034851,0.2076328694820404,0.14295056462287903,0.2520838677883148,0.2076328694820404,0.008421714417636395,0.20780359208583832,0.175240159034729,-0.014037523418664932,0.17580150067806244,0.1519671082496643,-0.030173704028129578,0.15493370592594147,0.15196704864501953,-0.030173778533935547,0.15493366122245789,True,False,1.989300362765789,,,,,,,,,,,2.665899693965912,1.0,-0.15728528797626495,1.012293815612793,1.0,-0.16697511076927185,1019.025390625,110.54820251464844,1019.025390625,110.54820251464844,9.451419830322266,1.13349187374115,9.951419830322266,1.0548492670059204,0.5,-0.07864260673522949,0.5061469078063965,0.2518634796142578,-0.02226710319519043,0.2528458535671234,0.49729806184768677,0.9515962600708008,0.0,2.0,1.5,3.0,True,,False,False,-0.2770431024263412,-0.4305643706582086,0.11291408922396654,False,,False,timeout
214,1787741340.561408,10.700000800192356,0.04751710034906864,21.045055204417594,0.04751710034906864,21.045055204417594,8.400529623031616e-07,False,False,7282545.37863846,7282545.3822114,3.572939895093441,7282545.42863846,0.0,0.008003399707376957,124.94690213688466,0.04897503927350044,0.9795007891189337,214,213,-0.2440601517022088,-0.4470248730552701,0.113,-0.21061120067526357,-0.46356617551410134,0.113,-0.2341248477250113,-0.45181301869001833,0.113,-0.21061120067526357,-0.46356617551410134,0.113,7282545.3286384605,7282545.37863846,0.04897503927350044,0.049999999813735485,1,True,1320,4,2.0406189120623806,5.7721465289112475,3.399707376956773e-06,1,False,,True,162,0.026203200221061707,0.04087119922041893,24.467106888813966,False,False,False,,5.644024848937988,2.667815923690796,8.832685470581055,1.2238465547561646,,,3.5003719329833984,True,0.20763287,0.896048271913,1,0.9765257835388184,-0.9679462909698486,1.3749628067016602,0.20275884866714478,-0.20097745954990387,0.28548747301101685,0.2076328694820404,0.14295056462287903,0.2520838677883148,0.20184631645679474,0.1249539852142334,0.23739299178123474,0.20184631645679474,0.1249539852142334,0.23739299178123474,0.20184612274169922,0.1249539852142334,0.2373928278684616,False,False,1.1323001235723495,,,,,,,,,,,1.4642002061009407,0.9507724046707153,-0.09605492651462555,0.9556122422218323,1.0,-0.15728528797626495,1067.7049560546875,105.5149154663086,1067.7049560546875,105.5149154663086,9.951419830322266,1.0548492670059204,10.426806449890137,1.0068217515945435,0.4753866195678711,-0.04802751541137695,0.47780653834342957,0.32309722900390625,-0.045618534088134766,0.32630181312561035,0.6445981860160828,1.1314268112182617,0.0,2.0,1.5,3.0,True,,False,False,-0.26239940511203846,-0.4380760490058158,0.11305373014632915,False,,False,timeout
215,1787741340.6119814,10.750002100132406,0.05000129994004965,19.999480037498543,0.05000129994004965,19.999480037498543,2.1401792764663696e-06,False,False,7282545.42863846,7282545.4327228,4.084340296685696,7282545.47863846,0.0,0.008002799935638905,124.95626631208104,0.04699673969298601,0.9399347973612502,215,214,-0.2304007729232035,-0.4540491175243749,0.113,-0.18961360740353447,-0.4755556967875925,0.113,-0.21061120067526357,-0.46356617551410134,0.113,-0.18961360740353447,-0.4755556967875925,0.113,7282545.37863846,7282545.42863846,0.04699673969298601,0.049999999813735485,1,True,1326,4,1.6726907157783193,6.283601958416258,2.799935638904405e-06,1,False,,True,163,0.014569500461220741,0.07965700048953295,12.55382444549116,False,False,False,,5.8458709716796875,2.7927699089050293,9.203275680541992,1.1648627519607544,,,3.731252908706665,True,0.20763287,0.896048271913,1,1.0,-1.0,1.4142135381698608,0.2076328694820404,-0.2076328694820404,0.293637216091156,0.20275884866714478,-0.20097745954990387,0.28548747301101685,0.20266395807266235,-0.1670963168144226,0.26266682147979736,0.20266395807266235,-0.1670963168144226,0.26266682147979736,0.20266389846801758,-0.16709637641906738,0.26266682147979736,False,False,1.1668996885418892,,,,,,,,,,,1.612500287592411,0.9310402870178223,-0.0028294287621974945,0.9310445785522461,0.9507724046707153,-0.09605492651462555,1115.374267578125,105.36666107177734,1115.374267578125,105.36666107177734,10.426806449890137,1.0068217515945435,10.892326354980469,1.0054070949554443,0.46551990509033203,-0.001414656639099121,0.46552205085754395,0.3705902099609375,-0.058983802795410156,0.3752548396587372,0.784087598323822,1.2336955070495605,0.0,2.0,1.5,3.0,True,,False,False,-0.24528551342210628,-0.4464180256972458,0.11298100338594187,False,,False,timeout
216,1787741340.666161,10.804737400263548,0.05473530013114214,18.269745440402566,0.05473530013114214,18.269745440402566,0.004737440496683121,True,False,7282545.47863846,7282545.4873574,8.718940429389477,7282545.52863846,0.0,0.008003400638699532,124.94688759733131,0.05307274032384157,1.0,216,215,-0.21485955081833227,-0.46296560537708514,0.113,-0.17031950607993326,-0.48983624424695466,0.113,-0.18961360740353447,-0.4755556967875925,0.113,-0.17031950607993326,-0.48983624424695466,0.113,7282545.42863846,7282545.47863846,0.05307274032384157,0.049999999813735485,1,True,1333,4,1.6241537347475614,6.825779365784171,3.4006386995313886e-06,1,False,,True,164,0.005326700396835804,0.0612890999764204,16.31611494351732,False,False,False,,6.048534870147705,2.625673532485962,9.560995101928711,1.1135903596878052,,,3.824104070663452,True,0.20763287,0.896048271913,1,1.0,-1.0,1.4142135381698608,0.2076328694820404,-0.2076328694820404,0.293637216091156,0.2076328694820404,-0.2076328694820404,0.293637216091156,0.20711633563041687,-0.203419029712677,0.29030412435531616,0.20711633563041687,-0.203419029712677,0.29030412435531616,0.20711612701416016,-0.20341897010803223,0.29030391573905945,False,False,1.078699715435505,,,,,,,,,,,1.5554996207356453,0.8415542244911194,0.016698170453310013,0.8417198657989502,0.9310402870178223,-0.0028294287621974945,1158.4617919921875,106.24165344238281,1158.4617919921875,106.24165344238281,10.892326354980469,1.0054070949554443,11.313103675842285,1.0137561559677124,0.4207773208618164,0.008349061012268066,0.4208601415157318,0.35771942138671875,-0.05127239227294922,0.36137521266937256,0.7687575817108154,1.3357194662094116,0.0,2.0,1.5,3.0,True,,False,False,-0.22888647563449102,-0.4547787452604258,0.11309075814854483,False,,False,timeout
217,1787741340.7121966,10.85080619994551,0.046068799681961536,21.706664964217744,0.046068799681961536,21.706664964217744,0.0008062403649091721,False,False,7282545.52863846,7282545.53292,4.281540401279926,7282545.57863846,0.0,0.008169500157237053,122.40650967050139,0.0512549402192235,1.0,217,216,-0.20191121118751715,-0.47122685224323,0.113,-0.15334964239403745,-0.5031108557638996,0.113,-0.17031950607993326,-0.48983624424695466,0.113,-0.15334964239403745,-0.5031108557638996,0.113,7282545.47863846,7282545.52863846,0.0512549402192235,0.049999999813735485,1,True,1339,4,1.8836232286953605,7.692902467426395,0.00016950015723705275,1,False,,False,,,,,False,False,False,,6.255650997161865,2.4222545623779297,9.80983829498291,1.0859310626983643,,,3.797105312347412,True,0.20763287,0.896048271913,1,1.0,-1.0,1.4142135381698608,0.2076328694820404,-0.2076328694820404,0.293637216091156,0.2076328694820404,-0.2076328694820404,0.293637216091156,0.20757915079593658,-0.20719483494758606,0.2932896316051483,0.20757915079593658,-0.20719483494758606,0.2932896316051483,0.2075791358947754,-0.20719480514526367,0.2932896018028259,False,False,1.2533003464341164,,,,,,,,,,,1.9290996715426445,0.7831148505210876,0.006485272198915482,0.7831417322158813,0.8415542244911194,0.016698170453310013,1198.5572509765625,106.58146667480469,1198.5572509765625,106.58146667480469,11.313103675842285,1.0137561559677124,11.70466136932373,1.0169987678527832,0.3915576934814453,0.0032426118850708008,0.39157113432884216,0.24884319305419922,-0.027659296989440918,0.2503756582736969,0.5898526906967163,1.5049970149993896,0.0,2.0,1.5,3.0,True,,False,False,-0.21772615048538246,-0.46099509103111386,0.11304903336765812,False,,False,timeout
218,1787741340.7617903,10.900003099814057,0.049196899868547916,20.326484040091117,0.049196899868547916,20.326484040091117,3.1404197216033936e-06,False,False,7282545.57863846,7282545.5825005,3.8620401173830032,7282545.628638459,0.0,0.008006799966096878,124.89384076463645,0.04930714052170515,0.9861428141077713,218,217,-0.1891536222981954,-0.4797807706657987,0.113,-0.13718047079041445,-0.515079451620661,0.113,-0.15334964239403745,-0.5031108557638996,0.113,-0.13718047079041445,-0.515079451620661,0.113,7282545.52863846,7282545.57863846,0.04930714052170515,0.049999999813735485,1,True,1345,4,1.8861130460756919,8.168722124454892,6.799966096877885e-06,1,False,,True,165,0.02083449997007847,0.06397739984095097,15.630519566065814,False,False,False,,6.463230133056641,2.215059757232666,10.109643936157227,1.064275860786438,,,3.8236942291259766,True,0.20763287,0.896048271913,1,1.0,-1.0,1.4142135381698608,0.2076328694820404,-0.2076328694820404,0.293637216091156,0.2076328694820404,-0.2076328694820404,0.293637216091156,0.2076272815465927,-0.207587331533432,0.29360106587409973,0.2076272815465927,-0.207587331533432,0.29360106587409973,0.2076272964477539,-0.20758724212646484,0.29360100626945496,False,False,1.111900433897972,,,,,,,,,,,1.5757996588945389,0.7508775591850281,0.0028755851089954376,0.7508830428123474,0.7831148505210876,0.006485272198915482,1237.002197265625,106.7321548461914,1237.002197265625,106.7321548461914,11.70466136932373,1.0169987678527832,12.080100059509277,1.0184365510940552,0.3754386901855469,0.0014377832412719727,0.37544146180152893,0.2998056411743164,-0.02165520191192627,0.3005867004394531,0.765163779258728,1.5957179069519043,0.0,2.0,1.5,3.0,True,,False,False,-0.20466887841669326,-0.46905655968600346,0.112898173206148,False,,False,timeout
219,1787741340.8114665,10.950001600198448,0.049998500384390354,20.000599864235173,0.049998500384390354,20.000599864235173,1.6409903764724731e-06,False,False,7282545.628638459,7282545.6325742,3.935740329325199,7282545.678638459,0.0,0.008019200526177883,124.70071009393011,0.04736254084855318,0.9472508204998479,219,218,-0.17649971826642175,-0.4884874598381476,0.113,-0.12137327677170753,-0.5267801077505602,0.113,-0.13718047079041445,-0.515079451620661,0.113,-0.12137327677170753,-0.5267801077505602,0.113,7282545.57863846,7282545.628638459,0.04736254084855318,0.049999999813735485,1,True,1351,4,1.630356052816421,8.342351901938429,1.920052617788298e-05,1,False,,True,166,0.006190900690853596,0.080108099617064,12.48313222733083,False,False,False,,6.6708574295043945,2.007472515106201,10.459953308105469,1.0499029159545898,,,3.9082205295562744,True,0.20763287,0.896048271913,1,1.0,-1.0,1.4142135381698608,0.2076328694820404,-0.2076328694820404,0.293637216091156,0.2076328694820404,-0.2076328694820404,0.293637216091156,0.20763228833675385,-0.20762813091278076,0.29363346099853516,0.20763228833675385,-0.20762813091278076,0.29363346099853516,0.20763206481933594,-0.20762813091278076,0.2936333119869232,False,False,1.1012991890311241,,,,,,,,,,,1.523500308394432,0.6972915530204773,0.005688030272722244,0.6973147392272949,0.7508775591850281,0.0028755851089954376,1272.70361328125,107.03019714355469,1272.70361328125,107.03019714355469,12.080100059509277,1.0184365510940552,12.428746223449707,1.0212805271148682,0.3486461639404297,0.0028439760208129883,0.3486577868461609,0.3503093719482422,-0.014372944831848145,0.3506041169166565,0.932906448841095,1.6204522848129272,0.0,2.0,1.5,3.0,True,,False,False,-0.18977127275627478,-0.4790182940981721,0.11308262873137966,False,,False,timeout
220,1787741340.8640924,11.002698499709368,0.05269689951092005,18.97644850609809,0.05269689951092005,18.97644850609809,0.002698540687561035,True,False,7282545.678638459,7282545.6853749,6.73644058406353,7282545.728638459,0.0,0.0080059003084898,124.90787562512578,0.05340964067727327,1.0,220,219,-0.1618700736406523,-0.498836081660125,0.113,-0.10753098477757007,-0.5377431392489795,0.113,-0.12137327677170753,-0.5267801077505602,0.113,-0.10753098477757007,-0.5377431392489795,0.113,7282545.628638459,7282545.678638459,0.05340964067727327,0.049999999813735485,1,True,1358,4,1.8811636212464844,8.564339085263171,5.900308489799333e-06,1,False,,False,,,,,False,False,False,,6.8784894943237305,1.7998443841934204,10.760851860046387,1.042615532875061,,,3.955519437789917,True,0.20763287,0.896048271913,1,1.0,-1.0,1.4142135381698608,0.2076328694820404,-0.2076328694820404,0.293637216091156,0.2076328694820404,-0.2076328694820404,0.293637216091156,0.20763278007507324,-0.207632377743721,0.2936367988586426,0.20763278007507324,-0.207632377743721,0.2936367988586426,0.20763301849365234,-0.2076324224472046,0.2936370074748993,False,False,1.522500067949295,,,,,,,,,,,2.248000353574753,0.6529620885848999,0.006088990718126297,0.652990460395813,0.6972915530204773,0.005688030272722244,1306.13525390625,107.34925842285156,1306.13525390625,107.34925842285156,12.428746223449707,1.0212805271148682,12.755227088928223,1.0243250131607056,0.3264808654785156,0.0030444860458374023,0.32649505138397217,0.30089855194091797,-0.007287383079528809,0.30098679661750793,0.8628205060958862,1.6680307388305664,0.0,2.0,1.5,3.0,True,,False,False,-0.1771297175070262,-0.4878351631127456,0.11297321986779653,False,,False,timeout
221,1787741340.9105766,11.050002000294626,0.04730350058525801,21.14008451018627,0.04730350058525801,21.14008451018627,2.041459083557129e-06,False,False,7282545.728638459,7282545.7322414,3.6029405891895294,7282545.778638459,0.0,0.00800399947911501,124.93753936507859,0.051428540609776974,1.0,221,220,-0.14940139142172562,-0.5078061081220536,0.113,-0.09368685629432061,-0.5479915415943593,0.113,-0.10753098477757007,-0.5377431392489795,0.113,-0.09368685629432061,-0.5479915415943593,0.113,7282545.678638459,7282545.728638459,0.051428540609776974,0.049999999813735485,1,True,1364,4,1.8754203906055824,8.744869801368322,3.999479115009141e-06,1,False,,True,167,0.03921870049089193,0.06429470051079988,15.55338141488077,False,False,False,,7.086122512817383,1.5922119617462158,11.061315536499023,1.0373636484146118,,,4.013728618621826,True,0.20763287,0.896048271913,1,1.0,-1.0,1.4142135381698608,0.2076328694820404,-0.2076328694820404,0.293637216091156,0.2076328694820404,-0.2076328694820404,0.293637216091156,0.2076328843832016,-0.20763282477855682,0.2936371862888336,0.2076328843832016,-0.20763282477855682,0.2936371862888336,0.20763301849365234,-0.20763278007507324,0.2936372756958008,False,False,1.0959003120660782,,,,,,,,,,,1.4261994510889053,0.6230453848838806,0.014414329081773758,0.6232120990753174,0.6529620885848999,0.006088990718126297,1338.03515625,108.10456848144531,1338.03515625,108.10456848144531,12.755227088928223,1.0243250131607056,13.066749572753906,1.0315321683883667,0.3115224838256836,0.007207155227661133,0.311605840921402,0.3004636764526367,-0.005251884460449219,0.30050957202911377,0.9200801849365234,1.6939617395401,0.0,2.0,1.5,3.0,True,,False,False,-0.16455324458748952,-0.4967546008385481,0.11307547553030435,False,,False,timeout
222,1787741340.961159,11.100002500228584,0.050000499933958054,19.99980002841623,0.050000499933958054,19.99980002841623,2.541579306125641e-06,False,False,7282545.778638459,7282545.7826071,3.96864116191864,7282545.828638459,0.0,0.008017399348318577,124.72872518315079,0.04982474073767662,0.9964948184657649,222,221,-0.13699839764288685,-0.5168666650099656,0.113,-0.08101386754068178,-0.5580911103035185,0.113,-0.09368685629432061,-0.5479915415943593,0.113,-0.08101386754068178,-0.5580911103035185,0.113,7282545.728638459,7282545.778638459,0.04982474073767662,0.049999999813735485,1,True,1370,4,1.8769338555196853,8.82942152075085,1.7399348318576646e-05,1,False,,True,168,0.010532800108194351,0.06728279963135719,14.862639567304054,False,False,False,,7.293755531311035,1.3845791816711426,11.359774589538574,1.033277988433838,,,4.081166744232178,True,0.20763287,0.896048271913,1,1.0,-1.0,1.4142135381698608,0.2076328694820404,-0.2076328694820404,0.293637216091156,0.2076328694820404,-0.2076328694820404,0.293637216091156,0.2076328843832016,-0.2076328545808792,0.293637216091156,0.2076328843832016,-0.2076328545808792,0.293637216091156,0.20763301849365234,-0.2076328992843628,0.29363733530044556,False,False,1.096099615097046,,,,,,,,,,,1.567300409078598,0.606552004814148,0.035474929958581924,0.607588529586792,0.6230453848838806,0.014414329081773758,1369.090576171875,109.96346282958984,1369.090576171875,109.96346282958984,13.066749572753906,1.0315321683883667,13.370025634765625,1.049269676208496,0.30327606201171875,0.017737507820129395,0.30379432439804077,0.2984590530395508,-0.004085659980773926,0.29848700761795044,0.9572500586509705,1.7069758176803589,0.0,2.0,1.5,3.0,True,,False,False,-0.152075247066509,-0.5056874095777263,0.11296951659841695,False,,False,timeout
223,1787741341.0147948,11.154360399581492,0.054357899352908134,18.396590227074334,0.054357899352908134,18.396590227074334,0.004360441118478775,True,False,7282545.828638459,7282545.8364332,7.794741541147232,7282545.878638458,0.0,0.0080102002248168,124.84082444054899,0.055881441570818424,1.0,223,222,-0.1226217126273589,-0.5275641252472716,0.113,-0.06872817610755426,-0.5679051666646638,0.113,-0.08101386754068178,-0.5580911103035185,0.113,-0.06872817610755426,-0.5679051666646638,0.113,7282545.778638459,7282545.828638459,0.055881441570818424,0.049999999813735485,1,True,1377,4,1.8745184436768834,8.606463677324658,1.0200224816798997e-05,1,False,,False,,,,,False,False,False,,7.5013885498046875,1.1769462823867798,11.70823860168457,1.0321433544158936,,,4.209341526031494,True,0.20763287,0.896048271913,1,1.0,-1.0,1.4142135381698608,0.2076328694820404,-0.2076328694820404,0.293637216091156,0.2076328694820404,-0.2076328694820404,0.293637216091156,0.2076328843832016,-0.2076328694820404,0.2936372458934784,0.2076328843832016,-0.2076328694820404,0.2936372458934784,0.20763301849365234,-0.2076328992843628,0.29363733530044556,False,False,1.3788994401693344,,,,,,,,,,,1.7865998670458794,0.5682289600372314,0.07660561800003052,0.5733695030212402,0.606552004814148,0.035474929958581924,1398.1839599609375,113.97758483886719,1398.1839599609375,113.97758483886719,13.370025634765625,1.049269676208496,13.65414047241211,1.087572455406189,0.2841148376464844,0.03830277919769287,0.28668510913848877,0.3484640121459961,-0.001134634017944336,0.34846585988998413,1.1448644399642944,1.6618752479553223,0.0,2.0,1.5,3.0,True,,False,False,-0.13761248568395815,-0.5163098878773884,0.11302835412392083,False,,False,timeout
224,1787741341.0633252,11.200003200210631,0.04564280062913895,21.90926030427649,0.04564280062913895,21.90926030427649,3.2419338822364807e-06,False,False,7282545.878638458,7282545.8839772,5.3387414664030075,7282545.928638458,0.0,0.008006200194358826,124.9031969878296,0.05431674141436815,1.0,224,223,-0.11050986686336059,-0.5370097880969429,0.113,-0.058416932923297915,-0.5784135402409486,0.113,-0.06872817610755426,-0.5679051666646638,0.113,-0.058416932923297915,-0.5784135402409486,0.113,7282545.828638459,7282545.878638458,0.05431674141436815,0.049999999813735485,1,True,1383,4,1.8695897221176285,8.52378044796473,6.200194358825517e-06,1,False,,True,169,0.04300680011510849,0.0783753003925085,12.759121751265209,False,False,False,,7.70902156829834,0.969313383102417,12.006957054138184,1.0333960056304932,,,4.298413276672363,True,0.20763287,0.896048271913,1,1.0,-1.0,1.4142135381698608,0.2076328694820404,-0.2076328694820404,0.293637216091156,0.2076328694820404,-0.2076328694820404,0.293637216091156,0.2076328843832016,-0.2076328694820404,0.2936372458934784,0.2076328843832016,-0.2076328694820404,0.2936372458934784,0.20763301849365234,-0.2076328992843628,0.29363733530044556,False,False,1.8512997776269913,,,,,,,,,,,2.1866997703909874,0.5047139525413513,0.1298036128282547,0.5211383104324341,0.5682289600372314,0.07660561800003052,1424.0252685546875,120.77931213378906,1424.0252685546875,120.77931213378906,13.65414047241211,1.087572455406189,13.90649700164795,1.152474284172058,0.25235652923583984,0.06490182876586914,0.2605687379837036,0.2987184524536133,0.0012526512145996094,0.2987210750579834,1.033216118812561,1.6480741500854492,0.0,2.0,1.5,3.0,True,,False,False,-0.12527327568189475,-0.5255390436389524,0.11301882926169891,False,,False,timeout
225,1787741341.1118846,11.250001699663699,0.04999849945306778,20.000600236786557,0.04999849945306778,20.000600236786557,1.7415732145309448e-06,False,False,7282545.928638458,7282545.9327163,4.077841527760029,7282545.978638458,0.0,0.008006999269127846,124.89073201937784,0.05233914125710726,1.0,225,224,-0.09879395671917751,-0.5469410797885152,0.113,-0.05051323688488277,-0.5892894411950222,0.113,-0.058416932923297915,-0.5784135402409486,0.113,-0.05051323688488277,-0.5892894411950222,0.113,7282545.878638458,7282545.928638458,0.05233914125710726,0.049999999813735485,1,True,1389,4,1.8665907913175337,8.288536164188864,6.999269127845598e-06,1,False,,True,170,0.02974409982562065,0.06783359963446856,14.741956867815489,False,False,False,,7.916654586791992,0.7616804838180542,12.30494213104248,1.0370668172836304,,,4.3969197273254395,True,0.20763287,0.896048271913,1,1.0,-1.0,1.4142135381698608,0.2076328694820404,-0.2076328694820404,0.293637216091156,0.2076328694820404,-0.2076328694820404,0.293637216091156,0.2076328843832016,-0.2076328694820404,0.2936372458934784,0.2076328843832016,-0.2076328694820404,0.2936372458934784,0.20763301849365234,-0.2076328992843628,0.29363733530044556,False,False,1.1017005890607834,,,,,,,,,,,1.6223005950450897,0.42246145009994507,0.1916830986738205,0.4639138877391815,0.5047139525413513,0.1298036128282547,1445.6551513671875,130.82350158691406,1445.6551513671875,130.82350158691406,13.90649700164795,1.152474284172058,14.117727279663086,1.2483158111572266,0.21123027801513672,0.09584152698516846,0.23195652663707733,0.2979850769042969,0.003670811653137207,0.29800769686698914,1.1110618114471436,1.6057076454162598,0.0,2.0,1.5,3.0,True,,False,False,-0.11303541652839673,-0.5348747383924567,0.11301860213157144,False,,False,timeout
226,1787741341.1614385,11.300001699477434,0.049999999813735485,20.000000074505806,0.049999999813735485,20.000000074505806,1.7415732145309448e-06,False,False,7282545.978638458,7282545.9825724,3.9339419454336166,7282546.028638458,0.0,0.008002200163900852,124.96563189098329,0.05039334204047918,1.0,226,225,-0.08770135217626976,-0.5575616881402159,0.113,-0.045848757406019604,-0.5998999206909402,0.113,-0.05051323688488277,-0.5892894411950222,0.113,-0.045848757406019604,-0.5998999206909402,0.113,7282545.928638458,7282545.978638458,0.05039334204047918,0.049999999813735485,1,True,1395,4,1.8665013597536289,7.819237804208674,2.200163900852037e-06,1,False,,True,171,0.0017954995855689049,0.06295180041342974,15.885169183924823,False,False,False,,8.124287605285645,0.5540475845336914,12.602407455444336,1.0503815412521362,,,4.5055413246154785,True,0.20763287,0.896048271913,1,1.0,-1.0,1.4142135381698608,0.2076328694820404,-0.2076328694820404,0.293637216091156,0.2076328694820404,-0.2076328694820404,0.293637216091156,0.2076328843832016,-0.2076328694820404,0.2936372458934784,0.2076328843832016,-0.2076328694820404,0.2936372458934784,0.20763301849365234,-0.2076328694820404,0.29363733530044556,False,False,1.1045001447200775,,,,,,,,,,,1.5714000910520554,0.3241996467113495,0.2679770886898041,0.42061519622802734,0.42246145009994507,0.1916830986738205,1462.2542724609375,144.86549377441406,1462.2542724609375,144.86549377441406,14.117727279663086,1.2483158111572266,14.279827117919922,1.382304310798645,0.16209983825683594,0.13398849964141846,0.21030758321285248,0.29746532440185547,0.01331472396850586,0.2977631688117981,1.19154691696167,1.528192400932312,0.0,2.0,1.5,3.0,True,,False,False,-0.10118071413418644,-0.5446512876189348,0.113105319436892,False,,False,timeout
227,1787741341.215155,11.351732899434865,0.05173119995743036,19.330694065146385,0.05173119995743036,19.330694065146385,0.0017329417169094086,True,False,7282546.028638458,7282546.0352204,6.581942550837994,7282546.078638458,0.0,0.008000100031495094,124.99843702743246,0.04897794220596552,0.9795588477684515,227,226,-0.07760994122873172,-0.5691323607680876,0.113,-0.04440498187838751,-0.6109412256409241,0.113,-0.045848757406019604,-0.5998999206909402,0.113,-0.04440498187838751,-0.6109412256409241,0.113,7282545.978638458,7282546.028638458,0.04897794220596552,0.049999999813735485,1,True,1401,4,1.6075647768872074,6.945911690783651,1.0003149509413278e-07,1,False,,False,,,,,False,False,False,,8.331920623779297,0.346414715051651,12.9498291015625,1.0835349559783936,,,4.676368713378906,True,0.20763287,0.896048271913,1,1.0,-1.0,1.4142135381698608,0.2076328694820404,-0.2076328694820404,0.293637216091156,0.2076328694820404,-0.2076328694820404,0.293637216091156,0.2076328843832016,-0.2076328694820404,0.2936372458934784,0.2076328843832016,-0.2076328694820404,0.2936372458934784,0.20763301849365234,-0.046414703130722046,0.21275758743286133,False,True,1.820799894630909,,,,,,,,,,,2.6030996814370155,0.20894652605056763,0.34827086329460144,0.40614187717437744,0.3241996467113495,0.2679770886898041,1472.952392578125,163.11489868164062,1472.952392578125,163.11489868164062,14.279827117919922,1.382304310798645,14.384300231933594,1.556439757347107,0.10447311401367188,0.17413544654846191,0.20307089388370514,0.34742164611816406,0.033153414726257324,0.34899991750717163,1.3737319707870483,1.3631426095962524,0.0,2.0,1.5,3.0,True,,False,False,-0.08802173730822588,-0.5568844148484582,0.1130936714348405,False,,False,timeout
228,1787741341.2637367,11.400004100054502,0.048271200619637966,20.716286049723283,0.048271200619637966,20.716286049723283,4.1425228118896484e-06,False,False,7282546.078638458,7282546.0846672,6.028742529451847,7282546.1286384575,0.0,0.00801009964197874,124.84239206704416,0.05501964222639799,1.0,228,227,-0.0680384653027927,-0.5842519245457646,0.113,-0.04777174298745554,-0.6218838899685232,0.113,-0.04440498187838751,-0.6109412256409241,0.113,-0.04777174298745554,-0.6218838899685232,0.113,7282546.028638458,7282546.078638458,0.05501964222639799,0.049999999813735485,1,True,1408,4,1.9967534453538105,6.268600663546408,1.0099641978740526e-05,1,False,,True,172,0.036427900195121765,0.0779491001740098,12.828884461368359,False,False,False,,8.53955364227295,0.30000001192092896,13.22033405303955,1.1281150579452515,,,4.753470420837402,True,0.20763287,0.896048271913,1,1.0,-1.0,1.4142135381698608,0.2076328694820404,-0.2076328694820404,0.293637216091156,0.2076328694820404,-0.2076328694820404,0.293637216091156,0.2076328843832016,-0.19087396562099457,0.2820359468460083,0.2076328843832016,-0.19087396562099457,0.2820359468460083,0.20763301849365234,0.0,0.20763301849365234,False,True,1.6884999349713326,,,,,,,,,,,2.9907003045082092,0.11654169112443924,0.4416985809803009,0.45681461691856384,0.20894652605056763,0.34827086329460144,1478.9193115234375,186.2598876953125,1478.9193115234375,186.2598876953125,14.384300231933594,1.556439757347107,14.442570686340332,1.7772890329360962,0.05827045440673828,0.22084927558898926,0.22840720415115356,0.2705049514770508,0.04458010196685791,0.27415379881858826,0.8735549449920654,1.2402738332748413,0.0,2.0,1.5,3.0,True,,False,False,-0.07852745947089211,-0.5672614078128271,0.11307599106907198,False,,False,timeout
229,1787741341.311257,11.450000899843872,0.049996799789369106,20.001280166188387,0.049996799789369106,20.001280166188387,9.424984455108643e-07,False,False,7282546.1286384575,7282546.1326269,3.9884429425001144,7282546.178638457,0.0,0.00800399947911501,124.93753936507859,0.053095242008566856,1.0,229,228,-0.06301816406302792,-0.5987357365861616,0.113,-0.05428031244035706,-0.6331778384919622,0.113,-0.04777174298745554,-0.6218838899685232,0.113,-0.05428031244035706,-0.6331778384919622,0.113,7282546.078638458,7282546.1286384575,0.053095242008566856,0.049999999813735485,1,True,1414,4,2.1178887454211206,5.663065987583469,3.999479115009141e-06,1,False,,True,173,0.020972300320863724,0.06568759959191084,15.223573493514381,False,False,False,,8.747186660766602,0.30000001192092896,13.48697566986084,1.203809380531311,,,4.825191497802734,True,0.20763287,0.896048271913,1,1.0,-1.0,1.4142135381698608,0.2076328694820404,-0.2076328694820404,0.293637216091156,0.2076328694820404,-0.2076328694820404,0.293637216091156,0.2076328843832016,-0.18604907393455505,0.27879324555397034,0.2076328843832016,-0.18604907393455505,0.27879324555397034,0.20763301849365234,0.0,0.20763301849365234,False,True,1.0936995968222618,,,,,,,,,,,1.53339933604002,0.029893644154071808,0.5666714310646057,0.5674593448638916,0.11654169112443924,0.4416985809803009,1480.44970703125,215.9534912109375,1480.44970703125,215.9534912109375,14.442570686340332,1.7772890329360962,14.457517623901367,2.060624837875366,0.014946937561035156,0.28333580493927,0.28372979164123535,0.26664161682128906,0.07569432258605957,0.2771775424480438,0.6182568073272705,1.1144688129425049,0.0,2.0,1.5,3.0,True,,False,False,-0.0704605584555694,-0.5789080144366593,0.11313218875196493,False,,False,timeout
230,1787741341.365033,11.503582499921322,0.053581600077450275,18.663123134705497,0.053581600077450275,18.663123134705497,0.003582542762160301,True,False,7282546.178638457,7282546.186134,7.495542988181114,7282546.228638457,0.0,0.008003300055861473,124.94845788864532,0.05113514233380556,1.0,230,229,-0.06233941609816046,-0.6140264711282187,0.113,-0.06462968768825038,-0.6455932804208177,0.113,-0.05428031244035706,-0.6331778384919622,0.113,-0.06462968768825038,-0.6455932804208177,0.113,7282546.1286384575,7282546.178638457,0.05113514233380556,0.049999999813735485,1,True,1420,4,1.8953254144570924,5.051505089063647,3.300055861472917e-06,1,False,,False,,,,,False,False,False,,8.954819679260254,0.30000001192092896,13.801148414611816,1.3492921590805054,,,4.958620548248291,True,0.20763287,0.896048271913,1,1.0,-1.0,1.4142135381698608,0.2076328694820404,-0.2076328694820404,0.293637216091156,0.2076328694820404,-0.2076328694820404,0.293637216091156,0.2076328843832016,-0.18604907393455505,0.27879324555397034,0.2076328843832016,-0.18604907393455505,0.27879324555397034,0.20763301849365234,0.0,0.20763301849365234,False,True,1.9164998084306717,,,,,,,,,,,1.6940999776124954,-0.05445694178342819,0.7406406402587891,0.74263995885849,0.029893644154071808,0.5666714310646057,1477.66162109375,254.7630615234375,1477.66162109375,254.7630615234375,14.457517623901367,2.060624837875366,14.430289268493652,2.4309451580047607,-0.027228355407714844,0.37032032012939453,0.371319979429245,0.31417274475097656,0.14548277854919434,0.3462221026420593,0.570371687412262,0.9678918719291687,0.0,2.0,1.5,3.0,True,,False,False,-0.06326571015862553,-0.595097116409354,0.11321760493936656,False,,False,timeout
231,1787741341.413745,11.550003299489617,0.04642079956829548,21.54206754945645,0.04642079956829548,21.54206754945645,3.3425167202949524e-06,False,False,7282546.228638457,7282546.2340871,5.448643118143082,7282546.278638457,0.0,0.008011500351130962,124.82056495932534,0.04932004306465387,0.9864008649677071,231,230,-0.0667093718705885,-0.6286893969930382,0.113,-0.08060332507849043,-0.660350855852848,0.113,-0.06462968768825038,-0.6455932804208177,0.113,-0.08060332507849043,-0.660350855852848,0.113,7282546.178638457,7282546.228638457,0.04932004306465387,0.049999999813735485,1,True,1426,4,1.9478121042557484,5.396929672061739,1.1500351130962205e-05,1,False,,True,174,0.04318589996546507,0.06514079961925745,15.351362062561662,False,False,False,,9.162452697753906,0.30000001192092896,14.030421257019043,1.5285695791244507,,,5.0206074714660645,True,0.20763287,0.896048271913,1,1.0,-1.0,1.4142135381698608,0.2076328694820404,-0.2076328694820404,0.293637216091156,0.2076328694820404,-0.2076328694820404,0.293637216091156,0.2076328843832016,-0.18604907393455505,0.27879324555397034,0.2076328843832016,-0.18604907393455505,0.27879324555397034,0.20763301849365234,0.0,0.20763301849365234,False,True,1.599399372935295,,,,,,,,,,,2.2186003625392914,-0.13290157914161682,0.9223580360412598,0.931883692741394,-0.05445694178342819,0.7406406402587891,1470.8570556640625,303.0946044921875,1470.8570556640625,303.0946044921875,14.430289268493652,2.4309451580047607,14.363838195800781,2.8921241760253906,-0.0664510726928711,0.4611790180206299,0.4659418761730194,0.22927284240722656,0.1792774200439453,0.2910436689853668,0.43623438477516174,0.9870036244392395,0.0,2.0,1.5,3.0,True,,False,False,-0.06100809494344534,-0.6100646815019629,0.11311231039598987,False,,False,timeout
232,1787741341.462309,11.60000229999423,0.04999900050461292,20.00039980614692,0.04999900050461292,20.00039980614692,2.343207597732544e-06,False,False,7282546.278638457,7282546.2829716,4.333143122494221,7282546.328638457,0.0,0.008013900369405746,124.7831834567907,0.047378143295645714,0.947562869442861,232,231,-0.07478886498131679,-0.6417213127089312,0.113,-0.101553049817295,-0.677582130151836,0.113,-0.08060332507849043,-0.660350855852848,0.113,-0.101553049817295,-0.677582130151836,0.113,7282546.228638457,7282546.278638457,0.047378143295645714,0.049999999813735485,1,True,1432,4,1.973879123900852,6.447306689687029,1.3900369405746293e-05,1,False,,True,175,0.02861460018903017,0.07809240091592073,12.8053432635099,False,False,False,,9.370085716247559,0.30000001192092896,14.196374893188477,1.7642796039581299,,,5.043529033660889,True,0.20763287,0.896048271913,1,1.0,-1.0,1.4142135381698608,0.2076328694820404,-0.2076328694820404,0.293637216091156,0.2076328694820404,-0.2076328694820404,0.293637216091156,0.2076328843832016,-0.18604907393455505,0.27879324555397034,0.2076328843832016,-0.18604907393455505,0.27879324555397034,0.20763301849365234,0.0,0.20763301849365234,False,True,1.1732997372746468,,,,,,,,,,,1.6745002940297127,-0.1901174783706665,1.0,1.0179119110107422,-0.13290157914161682,0.9223580360412598,1461.123046875,355.4945983886719,1461.123046875,355.4945983886719,14.363838195800781,2.8921241760253906,14.268779754638672,3.3921241760253906,-0.09505844116210938,0.5,0.5089558959007263,0.1659536361694336,0.2357100248336792,0.28827041387557983,0.4499119520187378,1.1402093172073364,0.0,2.0,1.5,3.0,True,,False,False,-0.06366563658547753,-0.6254162134422009,0.11319341027176924,False,,False,timeout
233,1787741341.5114472,11.65000129956752,0.04999899957329035,20.00040017869085,0.04999899957329035,20.00040017869085,1.34296715259552e-06,False,False,7282546.328638457,7282546.3326981,4.059643484652042,7282546.378638457,0.0,0.008003000169992447,124.95313991739472,0.05344394315034151,1.0,233,232,-0.08651058004687336,-0.655263024704228,0.113,-0.12390227394827327,-0.6950052952678556,0.113,-0.101553049817295,-0.677582130151836,0.113,-0.12390227394827327,-0.6950052952678556,0.113,7282546.278638457,7282546.328638457,0.05344394315034151,0.049999999813735485,1,True,1439,4,2.2282595955220676,7.684724036372074,3.000169992446733e-06,1,False,,True,176,0.015366599895060062,0.06426189932972193,15.561320322468084,False,False,False,,9.577718734741211,0.30000001192092896,14.277587890625,2.029879093170166,,,5.008118629455566,True,0.20763287,0.896048271913,1,1.0,-1.0,1.4142135381698608,0.2076328694820404,-0.2076328694820404,0.293637216091156,0.2076328694820404,-0.2076328694820404,0.293637216091156,0.2076328843832016,-0.18604907393455505,0.27879324555397034,0.2076328843832016,-0.18604907393455505,0.27879324555397034,0.20763301849365234,0.0,0.20763301849365234,False,True,1.1497000232338905,,,,,,,,,,,1.5326999127864838,-0.22150731086730957,1.0,1.02423894405365,-0.1901174783706665,1.0,1449.78173828125,407.89459228515625,1449.78173828125,407.89459228515625,14.268779754638672,3.3921241760253906,14.158025741577148,3.8921241760253906,-0.11075401306152344,0.5,0.5121195912361145,0.08121299743652344,0.26559948921203613,0.27773845195770264,0.48286616802215576,1.3622735738754272,0.0,2.0,1.5,3.0,True,,False,False,-0.07097443588345263,-0.6392907121676125,0.1131659495998732,False,,False,timeout
234,1787741341.5640628,11.701628900133073,0.05162760056555271,19.369484327095112,0.05162760056555271,19.369484327095112,0.001628943718969822,True,False,7282546.378638457,7282546.3849325,6.294043734669685,7282546.428638456,0.0,0.008000499568879604,124.99219472366532,0.05148184299468994,1.0,234,233,-0.0975760563413231,-0.6659123766986449,0.113,-0.14689221698222013,-0.7111669747067839,0.113,-0.12390227394827327,-0.6950052952678556,0.113,-0.14689221698222013,-0.7111669747067839,0.113,7282546.328638457,7282546.378638457,0.05148184299468994,0.049999999813735485,1,True,1445,4,1.9326177789661174,8.62521033054263,4.995688796041731e-07,1,False,,False,,,,,False,False,False,,9.785351753234863,0.30000001192092896,14.294334411621094,2.3491575717926025,,,4.9527740478515625,True,0.20763287,0.896048271913,1,1.0,0.5208479762077332,1.127511739730835,0.2076328694820404,0.10814516246318817,0.23410849273204803,0.2076328694820404,-0.2076328694820404,0.293637216091156,0.2076328843832016,-0.18604907393455505,0.27879324555397034,0.2076328843832016,-0.18604907393455505,0.27879324555397034,0.20763301849365234,0.0,0.20763301849365234,False,True,1.835700124502182,,,,,,,,,,,2.4011991918087006,-0.24135667085647583,1.0,1.0287142992019653,-0.22150731086730957,1.0,1437.4244384765625,460.29461669921875,1437.4244384765625,460.29461669921875,14.158025741577148,3.8921241760253906,14.037347793579102,4.392124176025391,-0.12067794799804688,0.5,0.5143570303916931,0.01674652099609375,0.3192784786224365,0.3197173774242401,0.6016190052032471,1.5489757061004639,0.0,2.0,1.5,3.0,True,,False,False,-0.08294221576515597,-0.6532894364847602,0.11311505783593769,False,,False,timeout
235,1787741341.6125755,11.75000279955566,0.048373899422585964,20.672304939987868,0.048373899422585964,20.672304939987868,2.843327820301056e-06,False,False,7282546.428638456,7282546.4327237,4.085243679583073,7282546.478638456,0.0,0.008008800446987152,124.86264411497382,0.04950474388897419,0.9900948814678746,235,234,-0.10914891466110282,-0.6760105912945326,0.113,-0.16970431550422652,-0.7273308509033067,0.113,-0.14689221698222013,-0.7111669747067839,0.113,-0.16970431550422652,-0.7273308509033067,0.113,7282546.378638457,7282546.428638456,0.04950474388897419,0.049999999813735485,1,True,1451,4,1.890685252736871,9.828197163981462,8.800446987151933e-06,1,False,,True,177,0.03465469926595688,0.063247200101614,15.810976587001218,False,False,False,,9.992984771728516,0.30000001192092896,14.272265434265137,2.622734785079956,,,4.8690185546875,True,0.20763287,0.896048271913,1,1.0,0.9279502630233765,1.3642183542251587,0.2076328694820404,0.1926729828119278,0.2832565903663635,0.2076328694820404,0.10814516246318817,0.23410849273204803,0.2076328843832016,0.09690328687429428,0.22913241386413574,0.2076328843832016,0.09690328687429428,0.22913241386413574,0.20763301849365234,0.09690329432487488,0.2291325330734253,False,False,1.1681998148560524,,,,,,,,,,,1.6279993578791618,-0.2528398633003235,1.0,1.0314688682556152,-0.24135667085647583,1.0,1424.47900390625,512.6946411132812,1424.47900390625,512.6946411132812,14.037347793579102,4.392124176025391,13.910927772521973,4.892124176025391,-0.1264200210571289,0.5,0.5157344341278076,-0.02206897735595703,0.2735772132873535,0.2744658887386322,0.5271022319793701,1.7849159240722656,0.0,2.0,1.5,3.0,True,,False,False,-0.09453159291099505,-0.6640188777582424,0.1130422351636762,False,,False,timeout
236,1787741341.6611598,11.800000700168312,0.0499979006126523,20.00083979019998,0.0499979006126523,20.00083979019998,7.441267371177673e-07,False,False,7282546.478638456,7282546.4825235,3.8850437849760056,7282546.528638456,0.0,0.008016999810934067,124.73494119784559,0.047549943439662457,0.950998872335996,236,235,-0.12103305672678838,-0.6857411033232188,0.113,-0.19203899703973248,-0.7424853411465042,0.113,-0.16970431550422652,-0.7273308509033067,0.113,-0.19203899703973248,-0.7424853411465042,0.113,7282546.428638456,7282546.478638456,0.047549943439662457,0.049999999813735485,1,True,1457,4,1.8821756210292135,10.971564610428588,1.6999810934066606e-05,1,False,,True,178,0.022008799947798252,0.08102610055357218,12.341702157304585,False,False,False,,10.200617790222168,0.39690330624580383,14.238303184509277,2.891618251800537,,,4.746209621429443,True,0.20763287,0.896048271913,1,1.0,1.0,1.4142135381698608,0.2076328694820404,0.2076328694820404,0.293637216091156,0.2076328694820404,0.1926729828119278,0.2832565903663635,0.2076328843832016,0.18271754682064056,0.2765811085700989,0.2076328843832016,0.18271754682064056,0.2765811085700989,0.20763301849365234,0.18271753191947937,0.2765812277793884,False,False,1.094999723136425,,,,,,,,,,,1.5070000663399696,-0.26423048973083496,1.0,1.0343199968338013,-0.2528398633003235,1.0,1410.950439453125,565.0946044921875,1410.950439453125,565.0946044921875,13.910927772521973,4.892124176025391,13.778812408447266,5.392124176025391,-0.13211536407470703,0.5,0.5171599984169006,-0.033962249755859375,0.26888346672058105,0.271019846200943,0.5215962529182434,2.027116060256958,0.027116060256958008,2.0,1.5,3.0,True,,False,False,-0.10627276488278403,-0.6740625994357952,0.11306955911816788,False,,False,timeout
237,1787741341.7149038,11.853409099392593,0.05340839922428131,18.723646739544392,0.05340839922428131,18.723646739544392,0.0034091435372829437,True,False,7282546.528638456,7282546.5361799,7.541444152593613,7282546.578638456,0.0,0.008217300288379192,121.69446958317782,0.05380084365606308,1.0,237,236,-0.13518037521130247,-0.6967395609685114,0.113,-0.21457076924994228,-0.757376086380232,0.113,-0.19203899703973248,-0.7424853411465042,0.113,-0.21457076924994228,-0.757376086380232,0.113,7282546.478638456,7282546.528638456,0.05380084365606308,0.049999999813735485,1,True,1464,4,1.8724718765133554,11.862272502159115,0.00021730028837919219,1,False,,True,179,0.008311299607157707,0.062331199645996094,16.043329916308387,False,False,False,,10.40825080871582,0.5796208381652832,14.187677383422852,3.2072908878326416,,,4.60312032699585,True,0.20763287,0.896048271913,1,1.0,1.0,1.4142135381698608,0.2076328694820404,0.2076328694820404,0.293637216091156,0.2076328694820404,0.2076328694820404,0.293637216091156,0.2076328843832016,0.20504288375377655,0.29181158542633057,0.2076328843832016,0.20504288375377655,0.29181158542633057,0.20763301849365234,0.20504289865493774,0.29181167483329773,False,False,1.1051008477807045,,,,,,,,,,,1.5797996893525124,-0.29636475443840027,1.0,1.0429918766021729,-0.26423048973083496,1.0,1395.776611328125,617.49462890625,1395.776611328125,617.49462890625,13.778812408447266,5.392124176025391,13.630630493164062,5.892124176025391,-0.14818191528320312,0.5,0.5214958190917969,-0.05062580108642578,0.3156726360321045,0.31970641016960144,0.615150511264801,2.2227611541748047,0.2227611541748047,2.0,1.5,3.0,True,,False,False,-0.12030004947085406,-0.6853734490267107,0.11304998017555569,False,,False,timeout
238,1787741341.7625287,11.900455700233579,0.047046600840985775,21.255520741656344,0.047046600840985775,21.255520741656344,0.00045574456453323364,False,False,7282546.578638456,7282546.5832386,4.600143991410732,7282546.628638456,0.0,0.008011600002646446,124.81901239074257,0.0518363444134593,1.0,238,237,-0.14750427074611122,-0.705907198729208,0.113,-0.23664682072834833,-0.7713111677723098,0.113,-0.21457076924994228,-0.757376086380232,0.113,-0.23664682072834833,-0.7713111677723098,0.113,7282546.528638456,7282546.578638456,0.0518363444134593,0.049999999813735485,1,True,1470,4,2.124947338559475,13.181131923057057,1.1600002646446061e-05,1,False,,False,,,,,False,False,False,,10.615883827209473,0.784663736820221,14.145101547241211,3.4335665702819824,,,4.412716388702393,True,0.20763287,0.896048271913,1,1.0,1.0,1.4142135381698608,0.2076328694820404,0.2076328694820404,0.293637216091156,0.2076328694820404,0.2076328694820404,0.293637216091156,0.2076328843832016,0.20736363530158997,0.29344692826271057,0.2076328843832016,0.20736363530158997,0.29344692826271057,0.20763301849365234,0.20736366510391235,0.29344701766967773,False,False,1.778600737452507,,,,,,,,,,,2.0765000954270363,-0.3073608875274658,1.0,1.0461695194244385,-0.29636475443840027,1.0,1380.03955078125,669.8946533203125,1380.03955078125,669.8946533203125,13.630630493164062,5.892124176025391,13.476949691772461,6.392124176025391,-0.15368080139160156,0.5,0.5230848789215088,-0.042575836181640625,0.22627568244934082,0.23024635016918182,0.4392107129096985,2.5118093490600586,0.5118093490600586,2.0,1.5,3.0,True,,False,False,-0.13047854191141967,-0.6931925528806161,0.11304957577569442,False,,False,timeout
239,1787741341.8111,11.950002199970186,0.049546499736607075,20.18306046473667,0.049546499736607075,20.18306046473667,2.2444874048233032e-06,False,False,7282546.628638456,7282546.6324524,3.8139447569847107,7282546.678638455,0.0,0.00800399947911501,124.93753936507859,0.04987224377691746,0.9974448792541208,239,238,-0.15996538721077905,-0.7148875699154478,0.113,-0.2582431569892429,-0.7849434381926166,0.113,-0.23664682072834833,-0.7713111677723098,0.113,-0.2582431569892429,-0.7849434381926166,0.113,7282546.578638456,7282546.628638456,0.04987224377691746,0.049999999813735485,1,True,1476,4,1.8742854211657216,13.94335192748915,3.999479115009141e-06,1,False,,True,180,0.025765500031411648,0.06710829958319664,14.901286520607828,False,False,False,,10.823516845703125,0.9920274019241333,14.081130027770996,3.751540184020996,,,4.269303798675537,True,0.20763287,0.896048271913,1,1.0,1.0,1.4142135381698608,0.2076328694820404,0.2076328694820404,0.293637216091156,0.2076328694820404,0.2076328694820404,0.293637216091156,0.2076328843832016,0.20760488510131836,0.29361745715141296,0.2076328843832016,0.20760488510131836,0.29361745715141296,0.20763301849365234,0.20760488510131836,0.2936175465583801,False,False,1.1430997401475906,,,,,,,,,,,1.542000100016594,-0.35139644145965576,1.0,1.0599431991577148,-0.3073608875274658,1.0,1362.0482177734375,722.2946166992188,1362.0482177734375,722.2946166992188,13.476949691772461,6.392124176025391,13.301251411437988,6.892124176025391,-0.17569828033447266,0.5,0.5299715995788574,-0.06397151947021484,0.31797361373901367,0.32434484362602234,0.6169846653938293,2.708822250366211,0.7088222503662109,2.0,1.5,3.0,True,,False,False,-0.1447662695636037,-0.7039206354633889,0.11308806515203784,False,,False,timeout
240,1787741341.8617094,12.000001800246537,0.049999600276350975,20.00015989073785,0.049999600276350975,20.00015989073785,1.844950020313263e-06,False,False,7282546.678638455,7282546.6824841,3.8456441834568977,7282546.728638455,0.0,0.00800430029630661,124.9328439690632,0.047897144220769405,0.9579428879840034,240,239,-0.17256792103142365,-0.723668226282602,0.113,-0.28073469404420076,-0.797796060721883,0.113,-0.2582431569892429,-0.7849434381926166,0.113,-0.28073469404420076,-0.797796060721883,0.113,7282546.628638456,7282546.678638455,0.047897144220769405,0.049999999813735485,1,True,1482,4,1.8698692042960101,14.98270467751085,4.300296306609941e-06,1,False,,True,181,0.014287000522017479,0.0794501006603241,12.586516463652279,False,False,False,,11.031149864196777,1.1996322870254517,14.019506454467773,4.027939319610596,,,4.114559173583984,True,0.20763287,0.896048271913,1,1.0,1.0,1.4142135381698608,0.2076328694820404,0.2076328694820404,0.293637216091156,0.2076328694820404,0.2076328694820404,0.293637216091156,0.2076328843832016,0.2076299637556076,0.29363518953323364,0.2076328843832016,0.2076299637556076,0.29363518953323364,0.20763301849365234,0.20762991905212402,0.29363521933555603,False,False,1.0861000046133995,,,,,,,,,,,1.4639003202319145,-0.38936030864715576,1.0,1.0731269121170044,-0.35139644145965576,1.0,1342.1129150390625,774.6946411132812,1342.1129150390625,774.6946411132812,13.301251411437988,6.892124176025391,13.106571197509766,7.392124176025391,-0.19468021392822266,0.5,0.536563515663147,-0.061623573303222656,0.2763991355895996,0.28318536281585693,0.5305898785591125,2.9528706073760986,0.9528706073760986,2.0,1.5,3.0,True,,False,False,-0.15725201871776578,-0.7129423444831956,0.11314028564114721,False,,False,timeout
241,1787741341.9128726,12.051416300237179,0.05141449999064207,19.449766120102492,0.05141449999064207,19.449766120102492,0.001416345126926899,True,False,7282546.728638455,7282546.7340845,5.4460447281599045,7282546.778638455,0.0,0.00801059976220131,124.83459786851222,0.05393424443900585,1.0,241,240,-0.1874722930039427,-0.7336168150449596,0.113,-0.3031404045470994,-0.8095008126665507,0.113,-0.28073469404420076,-0.797796060721883,0.113,-0.3031404045470994,-0.8095008126665507,0.113,7282546.678638455,7282546.728638455,0.05393424443900585,0.049999999813735485,1,True,1489,4,2.128219119477015,15.961984081147348,1.0599762201309038e-05,1,False,,True,182,0.001294500194489956,0.06116489972919226,16.34924612690452,False,False,False,,11.23878288269043,1.4072622060775757,13.954379081726074,4.305811405181885,,,3.971907377243042,True,0.20763287,0.896048271913,1,1.0,1.0,1.4142135381698608,0.2076328694820404,0.2076328694820404,0.293637216091156,0.2076328694820404,0.2076328694820404,0.293637216091156,0.2076328843832016,0.20763257145881653,0.2936370074748993,0.2076328843832016,0.20763257145881653,0.2936370074748993,0.20763301849365234,0.20763254165649414,0.29363709688186646,False,False,1.1520003899931908,,,,,,,,,,,1.5484998002648354,-0.44087347388267517,1.0,1.092872142791748,-0.38936030864715576,1.0,1319.5401611328125,827.0946044921875,1319.5401611328125,827.0946044921875,13.106571197509766,7.392124176025391,12.886134147644043,7.892124176025391,-0.22043704986572266,0.5,0.5464361906051636,-0.06512737274169922,0.27787208557128906,0.2854022979736328,0.5266233086585999,3.200641393661499,1.200641393661499,2.0,1.5,3.0,True,,False,False,-0.1697691297952318,-0.7218047997423962,0.1130772589703885,False,,False,timeout
242,1787741341.9603941,12.100001499988139,0.04858519975095987,20.582399683974614,0.04858519975095987,20.582399683974614,1.5450641512870789e-06,False,False,7282546.778638455,7282546.7816743,3.03584523499012,7282546.828638455,0.0,0.008005100302398205,124.9203585494632,0.05195114482194185,1.0,242,241,-0.20043756417790806,-0.7418523163496084,0.113,-0.32638553532596387,-0.820473488869964,0.113,-0.3031404045470994,-0.8095008126665507,0.113,-0.32638553532596387,-0.820473488869964,0.113,7282546.728638455,7282546.778638455,0.05195114482194185,0.049999999813735485,1,True,1495,4,2.1260542384482903,16.97313260143568,5.100302398204637e-06,1,False,,False,,,,,False,False,False,,11.446415901184082,1.6148947477340698,13.879406929016113,4.585407257080078,,,3.839712142944336,True,0.20763287,0.896048271913,1,1.0,1.0,1.4142135381698608,0.2076328694820404,0.2076328694820404,0.293637216091156,0.2076328694820404,0.2076328694820404,0.293637216091156,0.2076328843832016,0.20763283967971802,0.293637216091156,0.2076328843832016,0.20763283967971802,0.293637216091156,0.20763301849365234,0.2076328992843628,0.29363733530044556,False,False,1.2429002672433853,,,,,,,,,,,1.532299444079399,-0.48415347933769226,1.0,1.1110376119613647,-0.44087347388267517,1.0,1294.75146484375,879.49462890625,1294.75146484375,879.49462890625,12.886134147644043,7.892124176025391,12.644057273864746,8.39212417602539,-0.24207687377929688,0.5,0.5555188655853271,-0.07497215270996094,0.27959585189819336,0.2894730865955353,0.5235381126403809,3.4526753425598145,1.4526753425598145,2.0,1.5,3.0,True,,False,False,-0.18256743971359277,-0.7303342973200266,0.11293253336774749,False,,False,timeout
243,1787741342.0119624,12.150101600214839,0.050100100226700306,19.960039909602035,0.050100100226700306,19.960039909602035,0.00010164547711610794,False,False,7282546.828638455,7282546.8329884,4.349945113062859,7282546.878638455,0.0,0.00801169965416193,124.81745986078228,0.05000134464353323,1.0,243,242,-0.21358170034528612,-0.7497991585270065,0.113,-0.3495300663997402,-0.8303627473176816,0.113,-0.32638553532596387,-0.820473488869964,0.113,-0.3495300663997402,-0.8303627473176816,0.113,7282546.778638455,7282546.828638455,0.05000134464353323,0.049999999813735485,1,True,1501,4,1.8728346839774375,17.675410833489174,1.1699654161929918e-05,1,False,,True,183,0.01988860033452511,0.06440639961510897,15.526407406344322,False,False,False,,11.654048919677734,1.8225276470184326,13.786628723144531,4.91381311416626,,,3.755521535873413,True,0.20763287,0.896048271913,1,1.0,1.0,1.4142135381698608,0.2076328694820404,0.2076328694820404,0.293637216091156,0.2076328694820404,0.2076328694820404,0.293637216091156,0.2076328843832016,0.2076328694820404,0.2936372458934784,0.2076328843832016,0.2076328694820404,0.2936372458934784,0.20763301849365234,0.20763278007507324,0.2936372756958008,False,False,1.1183004826307297,,,,,,,,,,,1.605600118637085,-0.5672780275344849,1.0,1.1496975421905518,-0.48415347933769226,1.0,1265.706787109375,931.8946533203125,1265.706787109375,931.8946533203125,12.644057273864746,8.39212417602539,12.360418319702148,8.89212417602539,-0.28363895416259766,0.5,0.5748487114906311,-0.09277820587158203,0.32840585708618164,0.34125974774360657,0.6048660278320312,3.661163330078125,1.661163330078125,2.0,1.5,3.0,True,,False,False,-0.19757347573072662,-0.7400787014933192,0.11302085897738033,False,,False,timeout
244,1787741342.0658958,12.203446599654853,0.05334499944001436,18.745899531304424,0.05334499944001436,18.745899531304424,0.003446645103394985,True,False,7282546.878638455,7282546.8872477,8.609245531260967,7282546.9286384545,0.0,0.008004399947822094,124.93128860609828,0.056303445249795914,1.0,244,243,-0.22915472641846538,-0.7586640960168627,0.113,-0.3735270013770785,-0.838992266305519,0.113,-0.3495300663997402,-0.8303627473176816,0.113,-0.3735270013770785,-0.838992266305519,0.113,7282546.828638455,7282546.878638455,0.056303445249795914,0.049999999813735485,1,True,1508,4,2.1295378084262353,18.650852341794025,4.399947822093797e-06,1,False,,True,184,0.007523300126194954,0.08041239995509386,12.435892978675527,False,False,False,,11.861681938171387,2.030160427093506,13.696693420410156,5.196376800537109,,,3.659534454345703,True,0.20763287,0.896048271913,1,1.0,1.0,1.4142135381698608,0.2076328694820404,0.2076328694820404,0.293637216091156,0.2076328694820404,0.2076328694820404,0.293637216091156,0.2076328843832016,0.2076328545808792,0.293637216091156,0.2076328843832016,0.2076328545808792,0.293637216091156,0.20763301849365234,0.20763278007507324,0.2936372756958008,False,False,1.500699669122696,,,,,,,,,,,2.1474994719028473,-0.6852136850357056,1.0,1.212236762046814,-0.5672780275344849,1.0,1230.6239013671875,984.2946166992188,1230.6239013671875,984.2946166992188,12.360418319702148,8.89212417602539,12.01781177520752,9.39212417602539,-0.3426065444946289,0.5,0.6061182022094727,-0.089935302734375,0.2825636863708496,0.29653093218803406,0.5047373175621033,3.929908275604248,1.929908275604248,2.0,1.5,3.0,True,,False,False,-0.21068940650269743,-0.7480563169098576,0.11298948443952636,False,,False,timeout
245,1787741342.112978,12.250004000030458,0.04655740037560463,21.478862477982872,0.04655740037560463,21.478862477982872,4.045665264129639e-06,False,False,7282546.9286384545,7282546.9340254,5.38694579154253,7282546.978638454,0.0,0.008004700765013695,124.92659367989368,0.05433314573019743,1.0,245,244,-0.24274473954429426,-0.7658212850468992,0.113,-0.39926518345082646,-0.8461850396297109,0.113,-0.3735270013770785,-0.838992266305519,0.113,-0.39926518345082646,-0.8461850396297109,0.113,7282546.878638455,7282546.9286384545,0.05433314573019743,0.049999999813735485,1,True,1514,4,2.122439987075934,19.71675586964972,4.700765013694597e-06,1,False,,True,185,0.025712099857628345,0.06539120059460402,15.29257745548288,False,False,False,,12.069314956665039,2.237793207168579,13.598737716674805,5.481706142425537,,,3.5863778591156006,True,0.20763287,0.896048271913,1,1.0,1.0,1.4142135381698608,0.2076328694820404,0.2076328694820404,0.293637216091156,0.2076328694820404,0.2076328694820404,0.293637216091156,0.2076328843832016,0.2076328545808792,0.293637216091156,0.2076328843832016,0.2076328545808792,0.293637216091156,0.20763301849365234,0.20763278007507324,0.2936372756958008,False,False,1.7235996201634407,,,,,,,,,,,2.031399868428707,-0.8654316067695618,1.0,1.3224869966506958,-0.6852136850357056,1.0,1186.3138427734375,995.5999755859375,1186.3138427734375,1036.694580078125,12.01781177520752,9.39212417602539,11.58509635925293,9.5,-0.43271541595458984,0.10787582397460938,0.4459594488143921,-0.09795570373535156,0.28532934188842773,0.30167558789253235,0.47968122363090515,4.217902183532715,2.217902183532715,2.0,1.5,3.0,True,,True,False,-0.22403266123671606,-0.7558046858770107,0.11303188031899022,False,,False,timeout
246,1787741342.1614668,12.300001500174403,0.04999750014394522,20.000999992418656,0.04999750014394522,20.000999992418656,1.5459954738616943e-06,False,False,7282546.978638454,7282546.9826305,3.992045298218727,7282547.028638454,0.0,0.008006799966096878,124.89384076463645,0.05235304590314627,1.0,246,245,-0.256759238968891,-0.7720993562305635,0.113,-0.41665320070265716,-0.8381391551560149,0.113,-0.39926518345082646,-0.8461850396297109,0.113,-0.41665320070265716,-0.8381391551560149,0.113,7282546.9286384545,7282546.978638454,0.05235304590314627,0.049999999813735485,1,True,1520,4,1.8654160765476782,19.163529478878345,6.799966096877885e-06,1,False,,True,186,0.04212470073252916,0.028366699814796448,35.25260275354226,False,False,False,,12.276947975158691,2.4454259872436523,13.471202850341797,5.812931060791016,,,3.573000907897949,True,0.20763287,0.896048271913,1,1.0,1.0,1.4142135381698608,0.2076328694820404,0.2076328694820404,0.293637216091156,0.2076328694820404,0.2076328694820404,0.293637216091156,0.2076328843832016,0.2076328545808792,0.293637216091156,0.2076328843832016,0.2076328545808792,0.293637216091156,0.20763301849365234,0.20763278007507324,0.2936372756958008,False,False,1.1006994172930717,,,,,,,,,,,1.4979001134634018,-1.0,1.0,1.4142135381698608,-0.8654316067695618,1.0,1135.11376953125,995.5999755859375,1135.11376953125,1048.0,11.58509635925293,9.5,11.08509635925293,9.5,-0.5,0.0,0.5,-0.1275348663330078,0.3312249183654785,0.35492968559265137,0.4571477472782135,4.141482353210449,2.141482353210449,2.0,1.5,3.0,True,,True,False,-0.23982238185724164,-0.7642815546557017,0.11294936819266849,False,,False,timeout
247,1787741342.209936,12.350001599639654,0.05000009946525097,19.99996021397876,0.05000009946525097,19.99996021397876,1.6456469893455505e-06,False,False,7282547.028638454,7282547.0316478,3.009345382452011,7282547.078638454,0.0,0.00801130011677742,124.82368472325491,0.05040584597736597,1.0,247,246,-0.2712943863567906,-0.777046196554895,0.113,-0.4334327738141963,-0.82495663236249,0.113,-0.41665320070265716,-0.8381391551560149,0.113,-0.4334327738141963,-0.82495663236249,0.113,7282546.978638454,7282547.028638454,0.05040584597736597,0.049999999813735485,1,True,1526,4,1.8558500793761348,18.760105733584926,1.1300116777419877e-05,1,False,,False,,,,,False,False,False,,12.484580993652344,2.6530587673187256,13.342123985290527,6.094374656677246,,,3.5465526580810547,True,0.20763287,0.896048271913,1,1.0,1.0,1.4142135381698608,0.2076328694820404,0.2076328694820404,0.293637216091156,0.2076328694820404,0.2076328694820404,0.293637216091156,0.2076328843832016,0.2076328545808792,0.293637216091156,0.2076328843832016,0.2076328545808792,0.293637216091156,0.20763301849365234,0.20763278007507324,0.2936372756958008,False,False,1.1065993458032608,,,,,,,,,,,1.6514994204044342,-1.0,1.0,1.4142135381698608,-1.0,1.0,1083.913818359375,995.5999755859375,1083.913818359375,1048.0,11.08509635925293,9.5,10.58509635925293,9.5,-0.5,0.0,0.5,-0.12907886505126953,0.28144359588623047,0.3096317946910858,0.25815773010253906,4.0856404304504395,2.0856404304504395,2.0,1.5,3.0,True,,True,False,-0.2538190237392125,-0.7707989356495258,0.11303720586566984,False,,False,timeout
248,1787741342.2656033,12.402145800180733,0.052144200541079044,19.177588104207352,0.052144200541079044,19.177588104207352,0.002145846374332905,True,False,7282547.078638454,7282547.0861514,7.512945681810379,7282547.128638454,0.0,0.008006200194358826,124.9031969878296,0.05645454581826925,1.0,248,247,-0.2887614870771971,-0.7810145191507037,0.113,-0.4504917400606476,-0.8115546101606756,0.113,-0.4334327738141963,-0.82495663236249,0.113,-0.4504917400606476,-0.8115546101606756,0.113,7282547.028638454,7282547.078638454,0.05645454581826925,0.049999999813735485,1,True,1533,4,2.122094723422389,18.579212012162863,6.200194358825517e-06,1,False,,True,187,0.0023782001808285713,0.03358129970729351,29.778478162440223,False,False,False,,12.692214012145996,2.860691547393799,13.190439224243164,6.36429500579834,,,3.538850784301758,True,0.20763287,0.896048271913,1,1.0,1.0,1.4142135381698608,0.2076328694820404,0.2076328694820404,0.293637216091156,0.2076328694820404,0.2076328694820404,0.293637216091156,0.2076328843832016,0.2076328545808792,0.293637216091156,0.2076328843832016,0.2076328545808792,0.293637216091156,0.20763301849365234,0.20763278007507324,0.2936372756958008,False,False,1.7053000628948212,,,,,,,,,,,2.4330997839570045,-1.0,1.0,1.4142135381698608,-1.0,1.0,1032.7138671875,995.5999755859375,1032.7138671875,1048.0,10.58509635925293,9.5,10.08509635925293,9.5,-0.5,0.0,0.5,-0.15168476104736328,0.26992034912109375,0.3096211552619934,0.30336952209472656,4.07681941986084,2.07681941986084,2.0,1.5,3.0,True,,True,False,-0.2680971797774189,-0.7761860444410899,0.1130289364245721,False,,False,timeout
249,1787741342.313164,12.4500035000965,0.047857699915766716,20.895279166363572,0.047857699915766716,20.895279166363572,3.546476364135742e-06,False,False,7282547.128638454,7282547.1338667,5.228246562182903,7282547.178638454,0.0,0.008003500290215015,124.94533188467403,0.054492746479809284,1.0,249,248,-0.30399929323184366,-0.7829159575118402,0.113,-0.46717419606959015,-0.7984483853998903,0.113,-0.4504917400606476,-0.8115546101606756,0.113,-0.46717419606959015,-0.7984483853998903,0.113,7282547.078638454,7282547.128638454,0.054492746479809284,0.049999999813735485,1,True,1539,4,2.114447722399907,18.50449254005999,3.500290215015245e-06,1,False,,True,188,0.022841500118374825,0.1422091005370021,7.031898775984488,False,False,False,,12.899847030639648,3.068324327468872,13.005570411682129,6.622434616088867,,,3.5556821823120117,True,0.20763287,0.896048271913,1,1.0,1.0,1.4142135381698608,0.2076328694820404,0.2076328694820404,0.293637216091156,0.2076328694820404,0.2076328694820404,0.293637216091156,0.2076328843832016,0.2076328545808792,0.293637216091156,0.2076328843832016,0.2076328545808792,0.293637216091156,0.20763301849365234,0.20763278007507324,0.2936372756958008,False,False,1.465899869799614,,,,,,,,,,,2.1689999848604202,-1.0,1.0,1.4142135381698608,-1.0,1.0,981.5138549804688,995.5999755859375,981.5138549804688,1048.0,10.08509635925293,9.5,9.58509635925293,9.5,-0.5,0.0,0.5,-0.18486881256103516,0.25813961029052734,0.31750988960266113,0.3697376251220703,4.099945068359375,2.099945068359375,2.0,1.5,3.0,True,,True,False,-0.2830351623230676,-0.7801607469416033,0.11305428655054348,False,,False,timeout
250,1787741342.3617024,12.500001999549568,0.04999849945306778,20.000600236786557,0.04999849945306778,20.000600236786557,2.0461156964302063e-06,False,False,7282547.178638454,7282547.1827243,4.085846245288849,7282547.228638453,0.0,0.008006099611520767,124.90476618115034,0.05251734610646963,1.0,250,249,-0.3193431071037247,-0.783538012308036,0.113,-0.48380887677077217,-0.7853796943164718,0.113,-0.46717419606959015,-0.7984483853998903,0.113,-0.48380887677077217,-0.7853796943164718,0.113,7282547.128638454,7282547.178638454,0.05251734610646963,0.049999999813735485,1,True,1545,4,1.857387952938646,18.304557134316727,6.099611520767045e-06,1,False,,True,189,0.03641169983893633,0.02708239946514368,36.92435012219087,False,False,False,,13.1074800491333,3.2759571075439453,12.75442123413086,6.8997650146484375,,,3.6409661769866943,True,0.20763287,0.896048271913,1,-0.37105321884155273,1.0,1.0666210651397705,-0.0770428478717804,0.2076328694820404,0.221465602517128,0.2076328694820404,0.2076328694820404,0.293637216091156,0.2076328843832016,0.2076328545808792,0.293637216091156,0.2076328843832016,0.2076328545808792,0.293637216091156,0.20763301849365234,0.20763278007507324,0.2936372756958008,False,False,1.1344999074935913,,,,,,,,,,,1.5644002705812454,-1.0,0.9892001152038574,1.40659761428833,-1.0,1.0,930.3138427734375,995.5999755859375,930.3138427734375,1047.43408203125,9.58509635925293,9.5,9.08509635925293,9.5,-0.5,0.0,0.5,-0.25114917755126953,0.2773303985595703,0.37414979934692383,0.5022983551025391,4.099493026733398,2.0994930267333984,2.0,1.5,3.0,True,,True,False,-0.30077992742963944,-0.7829147403107249,0.11290569635660999,False,,False,timeout
251,1787741342.41538,12.553958400152624,0.053956400603055954,18.533482382502783,0.053956400603055954,18.533482382502783,0.003958446905016899,True,False,7282547.228638453,7282547.2365524,7.91394617408514,7282547.278638453,0.0,0.008003300055861473,124.94845788864532,0.050559946335852146,1.0,251,250,-0.33469037418933006,-0.7829947748259262,0.113,-0.5003959870995235,-0.7723483759072384,0.113,-0.48380887677077217,-0.7853796943164718,0.113,-0.5003959870995235,-0.7723483759072384,0.113,7282547.178638454,7282547.228638453,0.050559946335852146,0.049999999813735485,1,True,1551,4,1.8577870320015226,18.462102522998247,3.300055861472917e-06,1,False,,True,190,0.010768700391054153,0.03642440028488636,27.454123943804003,False,False,False,,13.315113067626953,3.4835898876190186,12.512434959411621,7.116678237915039,,,3.7207019329071045,True,0.20763287,0.896048271913,1,-1.0,1.0,1.4142135381698608,-0.2076328694820404,0.2076328694820404,0.293637216091156,-0.0770428478717804,0.2076328694820404,0.221465602517128,-0.04745029658079147,0.2076328545808792,0.21298575401306152,-0.04745030403137207,0.2076328545808792,0.21298575401306152,-0.04745006561279297,0.20763278007507324,0.21298563480377197,False,False,1.1379001662135124,,,,,,,,,,,1.5700999647378922,-1.0,0.8110502362251282,1.287556767463684,-1.0,0.9892001152038574,879.1138916015625,995.5999755859375,879.1138916015625,1038.0989990234375,9.08509635925293,9.5,8.58509635925293,9.5,-0.5,0.0,0.5,-0.24198627471923828,0.21691322326660156,0.324974924325943,0.48397254943847656,4.174550533294678,2.1745505332946777,2.0,1.5,3.0,True,,True,False,-0.3161293226742396,-0.7837813739595986,0.112923227059674,False,,False,timeout
252,1787741342.4619918,12.600004100240767,0.04604570008814335,21.717554474918224,0.04604570008814335,21.717554474918224,4.147179424762726e-06,False,False,7282547.278638453,7282547.2824519,3.8134464994072914,7282547.328638453,0.0,0.008002799935638905,124.95626631208104,0.04859114624559879,0.9718229285322983,252,251,-0.3499660878268033,-0.7814124045391743,0.113,-0.5169357308207359,-0.759354270088539,0.113,-0.5003959870995235,-0.7723483759072384,0.113,-0.5169357308207359,-0.759354270088539,0.113,7282547.228638453,7282547.278638453,0.04859114624559879,0.049999999813735485,1,True,1557,4,1.8546046500858338,18.696248713171236,2.799935638904405e-06,1,False,,False,,,,,False,False,False,,13.26766300201416,3.691222667694092,12.249473571777344,7.315778732299805,,,3.76485276222229,True,0.20763287,0.896048271913,1,-1.0,1.0,1.4142135381698608,-0.2076328694820404,0.2076328694820404,0.293637216091156,-0.2076328694820404,0.2076328694820404,0.293637216091156,-0.19098159670829773,0.2076328545808792,0.28210878372192383,-0.19098159670829773,0.2076328545808792,0.28210878372192383,-0.19098186492919922,0.20763278007507324,0.28210893273353577,False,False,1.4515994116663933,,,,,,,,,,,2.079700119793415,-1.0,0.6756141185760498,1.2068365812301636,-1.0,0.8110502362251282,827.9138793945312,995.5999755859375,827.9138793945312,1031.002197265625,8.58509635925293,9.5,8.08509635925293,9.5,-0.5,0.0,0.5,-0.26296138763427734,0.19910049438476562,0.3298328220844269,0.5259227752685547,4.265967845916748,2.265967845916748,2.0,1.5,3.0,True,,True,False,-0.3315314653417231,-0.7834422250295927,0.11301906361073888,False,,False,timeout
253,1787741342.5136015,12.650003399699926,0.049999299459159374,20.000280220262365,0.049999299459159374,20.000280220262365,3.446824848651886e-06,False,False,7282547.328638453,7282547.3343206,5.682147108018398,7282547.378638453,0.0,0.00800469983369112,124.92660821472438,0.054619346745312214,1.0,253,252,-0.36763046268409816,-0.7784138285510278,0.113,-0.5337512243520326,-0.7461435271639619,0.113,-0.5169357308207359,-0.759354270088539,0.113,-0.5337512243520326,-0.7461435271639619,0.113,7282547.278638453,7282547.328638453,0.054619346745312214,0.049999999813735485,1,True,1564,4,2.1160845461623206,19.03837148779335,4.699833691119981e-06,1,False,,True,191,0.03917029965668917,0.07959940005093813,12.562908757604566,False,False,False,,13.076681137084961,3.898855447769165,11.971410751342773,7.496954917907715,,,3.7640326023101807,True,0.20763287,0.896048271913,1,-1.0,1.0,1.4142135381698608,-0.2076328694820404,0.2076328694820404,0.293637216091156,-0.2076328694820404,0.2076328694820404,0.293637216091156,-0.20590196549892426,0.2076328545808792,0.2924158275127411,-0.20590196549892426,0.2076328545808792,0.2924158275127411,-0.205902099609375,0.20763278007507324,0.29241588711738586,False,False,1.7392998561263084,,,,,,,,,,,2.0353002473711967,-1.0,0.5695317983627319,1.1508111953735352,-1.0,0.6756141185760498,776.7138671875,995.5999755859375,776.7138671875,1025.4434814453125,8.08509635925293,9.5,7.58509635925293,9.5,-0.5,0.0,0.5,-0.2780628204345703,0.18117618560791016,0.3318791091442108,0.5561256408691406,4.372142314910889,2.3721423149108887,2.0,1.5,3.0,True,,True,False,-0.3467884090603455,-0.782072022707467,0.1129116998917701,False,,False,timeout
254,1787741342.561096,12.700002099387348,0.04999869968742132,20.000520138558326,0.04999869968742132,20.000520138558326,2.146698534488678e-06,False,False,7282547.378638453,7282547.382759,4.120547324419022,7282547.428638453,0.0,0.008002900518476963,124.95469582449722,0.052661347202956676,1.0,254,253,-0.38259831046491244,-0.7749713306400055,0.113,-0.5501959226843052,-0.7332240917792354,0.113,-0.5337512243520326,-0.7461435271639619,0.113,-0.5501959226843052,-0.7332240917792354,0.113,7282547.328638453,7282547.378638453,0.052661347202956676,0.049999999813735485,1,True,1570,4,1.8525747691760666,19.124360676008347,2.9005184769628767e-06,1,False,,True,192,0.025577899999916553,0.06803330034017563,14.698684247271055,False,False,False,,12.870779037475586,4.106488227844238,11.626382827758789,7.6889262199401855,,,3.7924113273620605,True,0.20763287,0.896048271913,1,-1.0,1.0,1.4142135381698608,-0.2076328694820404,0.2076328694820404,0.293637216091156,-0.2076328694820404,0.2076328694820404,0.293637216091156,-0.2074529528617859,0.2076328545808792,0.2935100197792053,-0.2074529528617859,0.2076328545808792,0.2935100197792053,-0.20745277404785156,0.20763301849365234,0.2935100197792053,False,False,1.0903002694249153,,,,,,,,,,,1.6370005905628204,-1.0,0.4650256931781769,1.1028367280960083,-1.0,0.5695317983627319,725.5138549804688,995.5999755859375,725.5138549804688,1019.96728515625,7.58509635925293,9.5,7.08509635925293,9.5,-0.5,0.0,0.5,-0.3450279235839844,0.1919713020324707,0.39483824372291565,0.6900558471679688,4.428542137145996,2.428542137145996,2.0,1.5,3.0,True,,True,False,-0.3645751863046112,-0.7792573275908429,0.11302351974817978,False,,False,timeout
255,1787741342.6127818,12.751332799904048,0.051330700516700745,19.481518661032965,0.051330700516700745,19.481518661032965,0.0013328474014997482,True,False,7282547.428638453,7282547.4333649,4.72644716501236,7282547.4786384525,0.0,0.008015799336135387,124.7536219490899,0.05070974677801132,1.0,255,254,-0.39738977178733176,-0.7708352615778659,0.113,-0.5665938626802903,-0.720341391109379,0.113,-0.5501959226843052,-0.7332240917792354,0.113,-0.5665938626802903,-0.720341391109379,0.113,7282547.378638453,7282547.428638453,0.05070974677801132,0.049999999813735485,1,True,1576,4,1.8526969769072965,19.510313320832932,1.5799336135387254e-05,1,False,,False,,,,,False,False,False,,12.663326263427734,4.314121246337891,11.31863784790039,7.834848403930664,,,3.768780469894409,True,0.20763287,0.896048271913,1,-1.0,1.0,1.4142135381698608,-0.2076328694820404,0.2076328694820404,0.293637216091156,-0.2076328694820404,0.2076328694820404,0.293637216091156,-0.20761415362358093,0.2076328843832016,0.29362398386001587,-0.20761415362358093,0.2076328843832016,0.29362398386001587,-0.20761394500732422,0.20763301849365234,0.2936239540576935,False,False,1.1734003201127052,,,,,,,,,,,1.860499382019043,-1.0,0.41734373569488525,1.0835938453674316,-1.0,0.4650256931781769,674.3138427734375,995.5999755859375,674.3138427734375,1017.46875,7.08509635925293,9.5,6.58509635925293,9.5,-0.5,0.0,0.5,-0.30774497985839844,0.14592218399047852,0.3405880928039551,0.6154899597167969,4.54924201965332,2.5492420196533203,2.0,1.5,3.0,True,,True,False,-0.3795684173300802,-0.7758996038979933,0.11298073869918256,False,,False,timeout
256,1787741342.6633751,12.80000239983201,0.048669599927961826,20.54670680425044,0.048669599927961826,20.54670680425044,2.4475157260894775e-06,False,False,7282547.4786384525,7282547.4838737,5.235247313976288,7282547.528638452,0.0,0.008035399951040745,124.44931255356866,0.048771847039461136,0.9754369444230085,256,255,-0.41199991762184995,-0.7660976251538494,0.113,-0.5829452434836355,-0.7074952687013261,0.113,-0.5665938626802903,-0.720341391109379,0.113,-0.5829452434836355,-0.7074952687013261,0.113,7282547.428638453,7282547.4786384525,0.048771847039461136,0.049999999813735485,1,True,1582,4,1.8561041014705058,19.92710533618358,3.5399951040744615e-05,1,False,,True,193,0.04480629973113537,0.06320129986852407,15.822459381061346,False,False,False,,12.45571231842041,4.521754264831543,11.002686500549316,7.968013286590576,,,3.740051507949829,True,0.20763287,0.896048271913,1,-0.5640237331390381,1.0,1.1480952501296997,-0.11710986495018005,0.2076328694820404,0.23838232457637787,-0.2076328694820404,0.2076328694820404,0.293637216091156,-0.20763090252876282,0.2076328843832016,0.29363584518432617,-0.20763090252876282,0.2076328843832016,0.29363584518432617,-0.20763111114501953,0.20763301849365234,0.2936360836029053,False,False,1.7739003524184227,,,,,,,,,,,2.148600295186043,-1.0,0.3688671290874481,1.0658625364303589,-1.0,0.41734373569488525,623.1138916015625,995.5999755859375,623.1138916015625,1014.9287109375,6.58509635925293,9.5,6.08509635925293,9.5,-0.5,0.0,0.5,-0.3159513473510742,0.1331648826599121,0.34286752343177795,0.6319026947021484,4.6756911277771,2.6756911277770996,2.0,1.5,3.0,True,,True,False,-0.39437146329402856,-0.7719070853087406,0.11300377759304246,False,,False,timeout
257,1787741342.7119765,12.850002899765968,0.050000499933958054,19.99980002841623,0.050000499933958054,19.99980002841623,2.9476359486579895e-06,False,False,7282547.528638452,7282547.5331412,4.502748139202595,7282547.578638452,0.0,0.008005599491298199,124.91256914450496,0.046797847375273705,0.9359569509921855,257,256,-0.4264303215407869,-0.7608372769433837,0.113,-0.5992502631087216,-0.694685568989195,0.113,-0.5829452434836355,-0.7074952687013261,0.113,-0.5992502631087216,-0.694685568989195,0.113,7282547.4786384525,7282547.528638452,0.046797847375273705,0.049999999813735485,1,True,1588,4,1.8541721646793303,20.358827720320253,5.599491298198533e-06,1,False,,True,194,0.030075100250542164,0.08112449944019318,12.326732453211902,False,False,False,,12.24808120727539,4.729387283325195,10.677392959594727,8.088318824768066,,,3.7080295085906982,True,0.20763287,0.896048271913,1,-1.0,1.0,1.4142135381698608,-0.2076328694820404,0.2076328694820404,0.293637216091156,-0.11710986495018005,0.2076328694820404,0.23838232457637787,-0.12651969492435455,0.2076328843832016,0.2431432604789734,-0.12651969492435455,0.2076328843832016,0.2431432604789734,-0.12652015686035156,0.20763301849365234,0.24314361810684204,False,False,1.4102999120950699,,,,,,,,,,,1.6054995357990265,-1.0,0.3160994350910187,1.0487701892852783,-1.0,0.3688671290874481,571.9138793945312,995.5999755859375,571.9138793945312,1012.16357421875,6.08509635925293,9.5,5.58509635925293,9.5,-0.5,0.0,0.5,-0.32529354095458984,0.12030553817749023,0.34682750701904297,0.6505870819091797,4.804376125335693,2.8043761253356934,2.0,1.5,3.0,True,,True,False,-0.40903301700269923,-0.7672498717421756,0.11291131864512166,False,,False,timeout
258,1787741342.7616296,12.900000699795783,0.04999780002981424,20.000880026794956,0.04999780002981424,20.000880026794956,7.478520274162292e-07,False,False,7282547.578638452,7282547.5829196,4.281148314476013,7282547.628638452,0.0,0.008087200112640858,123.65218939456318,0.052915447391569614,1.0,258,257,-0.44304580341136757,-0.7541274198212805,0.113,-0.6158274593877038,-0.6816620393470649,0.113,-0.5992502631087216,-0.694685568989195,0.113,-0.6158274593877038,-0.6816620393470649,0.113,7282547.528638452,7282547.578638452,0.052915447391569614,0.049999999813735485,1,True,1595,4,1.859810402244896,20.595988376456166,8.720011264085753e-05,1,False,,True,195,0.018184100277721882,0.06438420061022043,15.531760750653145,False,False,False,,12.121561050415039,4.937020301818848,10.29137897491455,8.214040756225586,,,3.753455638885498,True,0.20763287,0.896048271913,1,-1.0,1.0,1.4142135381698608,-0.2076328694820404,0.2076328694820404,0.293637216091156,-0.2076328694820404,0.2076328694820404,0.293637216091156,-0.1992010623216629,0.2076328843832016,0.28773680329322815,-0.1992010623216629,0.2076328843832016,0.28773680329322815,-0.19920063018798828,0.20763301849365234,0.2877366244792938,False,False,1.4174999669194221,,,,,,,,,,,1.5684999525547028,-1.0,0.24445702135562897,1.0294461250305176,-1.0,0.3160994350910187,520.7138671875,995.5999755859375,520.7138671875,1008.4095458984375,5.58509635925293,9.5,5.08509635925293,9.5,-0.5,0.0,0.5,-0.3860139846801758,0.12572193145751953,0.4059714376926422,0.7720279693603516,4.878809928894043,2.878809928894043,2.0,1.5,3.0,True,,True,False,-0.42583655897006345,-0.7611788471777378,0.11290645201294597,False,,False,timeout
259,1787741342.8132489,12.950003399513662,0.050002699717879295,19.998920171152946,0.050002699717879295,19.998920171152946,3.4477561712265015e-06,False,False,7282547.628638452,,,7282547.678638452,,0.00800320040434599,124.95001367914873,0.050946447998285294,1.0,259,258,-0.4571070322164439,-0.747946868042937,0.113,-0.6320394468285951,-0.6689254284364501,0.113,-0.6158274593877038,-0.6816620393470649,0.113,-0.6320394468285951,-0.6689254284364501,0.113,7282547.578638452,7282547.628638452,0.050946447998285294,0.049999999813735485,1,True,1601,4,1.8501027518769728,21.045265703113117,3.2004043459890608e-06,1,False,,False,,,,,False,False,False,,11.92236042022705,5.1446533203125,9.951335906982422,8.311531066894531,,,3.730154514312744,True,0.20763287,0.896048271913,1,-1.0,1.0,1.4142135381698608,-0.2076328694820404,0.2076328694820404,0.293637216091156,-0.2076328694820404,0.2076328694820404,0.293637216091156,-0.2067563235759735,0.2076328843832016,0.29301807284355164,-0.2067563235759735,0.2076328843832016,0.29301807284355164,-0.206756591796875,0.20763301849365234,0.2930183708667755,False,False,1.7527993768453598,,,,,,,,,,,2.4071000516414642,-1.0,0.22016826272010803,1.023950219154358,-1.0,0.24445702135562897,967.8167724609375,882.5853271484375,967.8167724609375,882.5853271484375,9.951335906982422,8.311531066894531,9.451335906982422,8.421615600585938,-0.5,0.11008453369140625,0.5119752287864685,-0.3400430679321289,0.09749031066894531,0.3537423610687256,0.6800861358642578,5.009265899658203,3.009265899658203,2.0,1.5,3.0,False,lag_over_hard_limit,False,False,-0.44017909017702167,-0.7554119540235726,0.11292727543775594,False,,False,timeout
260,1787741342.863911,13.00000249966979,0.049999100156128407,20.000359944026506,0.049999100156128407,20.000359944026506,2.5480985641479492e-06,False,False,7282547.678638452,7282547.6845677,5.929248407483101,7282547.728638452,0.0,0.008028199896216393,124.56092435756236,0.09899264760315418,1.0,260,-1,-0.44305293720569966,-0.7541446106504494,0.113,-0.44017909017702167,-0.7554119540235726,0.113,-0.44017909017702167,-0.7554119540235726,0.113,-0.44017909017702167,-0.7554119540235726,0.113,7282547.6330504,7282547.6330504,0.04458069987595081,0.0,1,True,1607,5,1.0301416323371708,1.3442035879164966,2.819989621639235e-05,1,False,,True,196,0.03740360029041767,0.06188679952174425,16.158534739684587,False,False,False,,11.715603828430176,5.352286338806152,9.652196884155273,8.39017391204834,,,3.67238450050354,True,0.20763287,0.896048271913,1,-0.332517147064209,1.0,1.0538347959518433,-0.06904149055480957,0.2076328694820404,0.21881073713302612,-0.2076328694820404,0.2076328694820404,0.293637216091156,-0.20754177868366241,0.2076328843832016,0.2935728430747986,-0.20754177868366241,0.2076328843832016,0.2935728430747986,-0.20754146575927734,0.20763301849365234,0.29357269406318665,False,False,1.6189003363251686,,,,,,,,,,,2.6940004900097847,-1.0,0.213350310921669,1.0225059986114502,-1.0,0.22016826272010803,967.8167724609375,882.22802734375,967.8167724609375,882.22802734375,9.951335906982422,8.311531066894531,9.451335906982422,8.418206214904785,-0.5,0.1066751480102539,0.5112529993057251,-0.29913902282714844,0.0786428451538086,0.30930382013320923,,0.30930382013320923,0.0,2.0,1.5,3.0,True,,False,False,-0.4525364184546852,-0.750122083789114,0.11295484119792165,False,,False,timeout
261,1787741342.9170392,13.055610999464989,0.05560849979519844,17.98286239842683,0.05560849979519844,17.98286239842683,0.005611048080027103,True,False,7282547.728638452,7282547.7384086,9.770148433744907,7282547.778638451,0.0,0.008000600151717663,124.99062333283938,0.05533324833959341,1.0,261,260,-0.4569018797101793,-0.7471515065438257,0.113,-0.4603573793710786,-0.7454446158717554,0.113,-0.44017909017702167,-0.7554119540235726,0.113,-0.4603573793710786,-0.7454446158717554,0.113,7282547.678638452,7282547.728638452,0.05533324833959341,0.049999999813735485,1,True,1613,5,0.7130783591460979,1.097973356853129,6.001517176626447e-07,1,False,,True,197,0.029185499995946884,0.08116090018302202,12.321203901693407,False,False,False,,11.508062362670898,5.559919357299805,9.693510055541992,8.375123977661133,,,3.349324941635132,False,0.20763287,0.896048271913,1,-1.0,1.0,1.4142135381698608,-0.2076328694820404,0.2076328694820404,0.293637216091156,-0.06904149055480957,0.2076328694820404,0.21881073713302612,-0.08343879878520966,0.2076328843832016,0.22377096116542816,-0.08343879878520966,0.2076328843832016,0.22377096116542816,-0.08343887329101562,0.20763301849365234,0.2237711250782013,False,False,1.151599921286106,,,,,,,,,,,1.5839003026485443,-1.0,0.26549115777015686,1.0346426963806152,-1.0,0.213350310921669,916.6168212890625,896.1397705078125,916.6168212890625,896.1397705078125,9.451335906982422,8.418206214904785,8.951335906982422,8.550951957702637,-0.5,0.13274574279785156,0.5173214077949524,0.04131317138671875,-0.015049934387207031,0.04396906495094299,-0.08517129719257355,0.24597641825675964,0.0,2.0,1.5,3.0,True,,False,False,-0.4507212235794132,-0.7507070976561991,0.11292695026979505,False,,False,timeout
262,1787741342.9616005,13.100000799633563,0.044389800168573856,22.527697718899816,0.044389800168573856,22.527697718899816,8.484348654747009e-07,False,False,7282547.778638451,7282547.7825808,3.9423489943146706,7282547.828638451,0.0,0.008004200644791126,124.93439937075634,0.05336964875459671,1.0,262,261,-0.4709840979159477,-0.7410187297012949,0.113,-0.4808124096769825,-0.7368146133125887,0.113,-0.4603573793710786,-0.7454446158717554,0.113,-0.4808124096769825,-0.7368146133125887,0.113,7282547.728638452,7282547.778638451,0.05336964875459671,0.049999999813735485,1,True,1619,5,1.89318242349784,2.9619030753790074,4.200644791126085e-06,1,False,,True,198,0.009902499616146088,0.0634460998699069,15.761410111109283,False,False,False,,11.424623489379883,5.767552375793457,9.611801147460938,8.383199691772461,,,3.1824417114257812,False,0.20763287,0.896048271913,1,-1.0,1.0,1.4142135381698608,-0.2076328694820404,0.2076328694820404,0.293637216091156,-0.2076328694820404,0.2076328694820404,0.293637216091156,-0.19472268223762512,0.2076328843832016,0.28465476632118225,-0.19472268223762512,0.2076328843832016,0.28465476632118225,-0.19472312927246094,0.20763301849365234,0.2846551835536957,False,False,1.1141998693346977,,,,,,,,,,,1.5404997393488884,-1.0,0.2462441474199295,1.029871940612793,-1.0,0.26549115777015686,865.4168090820312,909.04296875,865.4168090820312,909.04296875,8.951335906982422,8.550951957702637,8.451335906982422,8.674074172973633,-0.5,0.1231222152709961,0.5149359703063965,-0.08170890808105469,0.008075714111328125,0.08210702240467072,0.15666335821151733,0.6814360618591309,0.0,2.0,1.5,3.0,True,,False,False,-0.4537309789833056,-0.7488045088942054,0.11264574258022547,False,,False,timeout
263,1787741343.0121958,13.150003399699926,0.05000260006636381,19.998960027534423,0.05000260006636381,19.998960027534423,3.448687493801117e-06,False,False,7282547.828638451,7282547.8329483,4.309848882257938,7282547.878638451,0.0,0.008007599972188473,124.88136313916047,0.05140464846044779,1.0,263,262,-0.4850597977764321,-0.7348702876671958,0.113,-0.5008568278388508,-0.7279258883290642,0.113,-0.4808124096769825,-0.7368146133125887,0.113,-0.5008568278388508,-0.7279258883290642,0.113,7282547.778638451,7282547.828638451,0.05140464846044779,0.049999999813735485,1,True,1625,5,2.1258328455023103,3.8513676839825277,7.599972188472581e-06,1,False,,False,,,,,False,False,False,,11.229900360107422,5.975185394287109,9.318745613098145,8.453445434570312,,,3.129582166671753,False,0.20763287,0.896048271913,1,-1.0,1.0,1.4142135381698608,-0.2076328694820404,0.2076328694820404,0.293637216091156,-0.2076328694820404,0.2076328694820404,0.293637216091156,-0.20629088580608368,0.2076328843832016,0.29268983006477356,-0.20629088580608368,0.2076328843832016,0.29268983006477356,-0.20629119873046875,0.20763301849365234,0.2926901578903198,False,False,1.7382996156811714,,,,,,,,,,,2.2828998044133186,-1.0,0.21388524770736694,1.0226176977157593,-1.0,0.2462441474199295,814.216796875,920.25048828125,814.216796875,920.25048828125,8.451335906982422,8.674074172973633,7.951335906982422,8.78101634979248,-0.5,0.10694217681884766,0.5113087296485901,-0.29305553436279297,0.07024574279785156,0.3013569414615631,0.5852206945419312,0.895028829574585,0.0,2.0,1.5,3.0,True,,False,False,-0.4655964944314388,-0.7434161065473869,0.11325559982274358,False,,False,timeout
264,1787741343.0607789,13.200002199970186,0.04999880027025938,20.000479903411335,0.04999880027025938,20.000479903411335,2.2491440176963806e-06,False,False,7282547.878638451,7282547.8824394,3.8009490817785263,7282547.928638451,0.0,0.008004000410437584,124.93752482770417,0.04942474886775017,0.9884949810374342,264,263,-0.49901004370258384,-0.7284428690961021,0.113,-0.5202676930657759,-0.7184466021085422,0.113,-0.5008568278388508,-0.7279258883290642,0.113,-0.5202676930657759,-0.7184466021085422,0.113,7282547.828638451,7282547.878638451,0.04942474886775017,0.049999999813735485,1,True,1631,5,2.023007185924449,4.3718499341067805,4.000410437583757e-06,1,False,,True,199,0.028769600205123425,0.06367210019379854,15.705465925520025,False,False,False,,11.023609161376953,6.182818412780762,8.9488525390625,8.544332504272461,,,3.143463611602783,False,0.20763287,0.896048271913,1,-1.0,0.5226880311965942,1.1283628940582275,-0.2076328694820404,0.10852721333503723,0.23428522050380707,-0.2076328694820404,0.2076328694820404,0.293637216091156,-0.207493394613266,0.2076328843832016,0.2935386300086975,-0.207493394613266,0.2076328843832016,0.2935386300086975,-0.20749378204345703,0.20763301849365234,0.29353898763656616,False,False,1.1047003790736198,,,,,,,,,,,1.5556998550891876,-1.0,0.18684740364551544,1.0173062086105347,-1.0,0.21388524770736694,763.0167846679688,930.0413208007812,763.0167846679688,930.0413208007812,7.951335906982422,8.78101634979248,7.451335906982422,8.87444019317627,-0.5,0.09342384338378906,0.5086531639099121,-0.36989307403564453,0.09088706970214844,0.3808954358100891,0.7446017861366272,1.0252115726470947,0.0,2.0,1.5,3.0,True,,False,False,-0.4805547217215282,-0.736726203272733,0.1127919785491368,False,,False,timeout
265,1787741343.1114273,13.25000109989196,0.049998899921774864,20.000440040971643,0.049998899921774864,20.000440040971643,1.1492520570755005e-06,False,False,7282547.928638451,7282547.9327767,4.138248972594738,7282547.978638451,0.0,0.008003199473023415,124.95002821942963,0.04745514877140522,0.9491029789637885,265,264,-0.512833529318387,-0.7217469221470013,0.113,-0.5393081710063253,-0.7087030209829711,0.113,-0.5202676930657759,-0.7184466021085422,0.113,-0.5393081710063253,-0.7087030209829711,0.113,7282547.878638451,7282547.928638451,0.04745514877140522,0.049999999813735485,1,True,1637,5,1.9171553256821758,4.868462282765465,3.1994730234144453e-06,1,False,,True,200,0.014649099670350552,0.08144189976155758,12.278691962340773,False,False,False,,10.816115379333496,6.390451431274414,8.576313018798828,8.636883735656738,,,3.172250509262085,False,0.20763287,0.896048271913,1,-1.0,1.0,1.4142135381698608,-0.2076328694820404,0.2076328694820404,0.293637216091156,-0.2076328694820404,0.10852721333503723,0.23428522050380707,-0.20761841535568237,0.11882942914962769,0.23921923339366913,-0.20761841535568237,0.11882942914962769,0.23921923339366913,-0.20761871337890625,0.11882925033569336,0.23921939730644226,False,False,1.2724995613098145,,,,,,,,,,,1.5463000163435936,-1.0,0.15683157742023468,1.0122233629226685,-1.0,0.18684740364551544,711.8167724609375,938.25927734375,711.8167724609375,938.25927734375,7.451335906982422,8.87444019317627,6.951335906982422,8.952856063842773,-0.5,0.0784158706665039,0.5061116814613342,-0.3725395202636719,0.09255123138427734,0.38386380672454834,0.7533634901046753,1.1497853994369507,0.0,2.0,1.5,3.0,True,,False,False,-0.4955591959383222,-0.730062320259566,0.1129961551217715,False,,False,timeout
266,1787741343.1609943,13.300001399591565,0.05000029969960451,19.99988012087675,0.05000029969960451,19.99988012087675,1.4491379261016846e-06,False,False,7282547.978638451,7282547.9827214,4.082949832081795,7282548.02863845,0.0,0.008010799996554852,124.83147755905316,0.05349374935030937,1.0,266,265,-0.5287684127774283,-0.7135501959304129,0.113,-0.5580866535536637,-0.6981065675816905,0.113,-0.5393081710063253,-0.7087030209829711,0.113,-0.5580866535536637,-0.6981065675816905,0.113,7282547.928638451,7282547.978638451,0.05349374935030937,0.049999999813735485,1,True,1644,5,1.8843371079641509,5.198004109099387,1.0799996554851365e-05,1,False,,True,201,0.0025902995839715004,0.06381199974566698,15.671033723839738,False,False,False,,10.60849666595459,6.509280681610107,8.15739917755127,8.729467391967773,,,3.3071298599243164,False,0.20763287,0.896048271913,1,-1.0,1.0,1.4142135381698608,-0.2076328694820404,0.2076328694820404,0.293637216091156,-0.2076328694820404,0.2076328694820404,0.293637216091156,-0.20763139426708221,0.1984015852212906,0.28718283772468567,-0.20763139426708221,0.1984015852212906,0.28718283772468567,-0.20763111114501953,0.19840145111083984,0.2871825397014618,False,False,1.1775996536016464,,,,,,,,,,,1.6422001644968987,-1.0,0.12024007737636566,1.0072028636932373,-1.0,0.15683157742023468,660.6168212890625,944.5598754882812,660.6168212890625,944.5598754882812,6.951335906982422,8.952856063842773,6.451335906982422,9.012975692749023,-0.5,0.06011962890625,0.5036013722419739,-0.4189138412475586,0.09258365631103516,0.42902275919914246,0.8460579514503479,1.2265769243240356,0.0,2.0,1.5,3.0,True,,False,False,-0.5120372349468827,-0.7222181634938715,0.11308161106886327,False,,False,timeout
267,1787741343.210569,13.350004700012505,0.05000330042093992,19.998679918760505,0.05000330042093992,19.998679918760505,4.7497451305389404e-06,False,False,7282548.02863845,7282548.0318167,3.1782491132616997,7282548.07863845,0.0,0.008010299876332283,124.83927136793724,0.05152044910937548,1.0,267,266,-0.5422220697919083,-0.7061395047124638,0.113,-0.5759783278876487,-0.6871603127028674,0.113,-0.5580866535536637,-0.6981065675816905,0.113,-0.5759783278876487,-0.6871603127028674,0.113,7282547.978638451,7282548.02863845,0.05152044910937548,0.049999999813735485,1,True,1650,5,1.887206415967435,5.759754084114515,1.0299876332282853e-05,1,False,,False,,,,,False,False,False,,10.40086555480957,6.707682132720947,7.801850318908691,8.798142433166504,,,3.335401773452759,False,0.20763287,0.896048271913,1,-1.0,1.0,1.4142135381698608,-0.2076328694820404,0.2076328694820404,0.293637216091156,-0.2076328694820404,0.2076328694820404,0.293637216091156,-0.20763269066810608,0.2066732496023178,0.2929593324661255,-0.20763269066810608,0.2066732496023178,0.2929593324661255,-0.20763301849365234,0.20667314529418945,0.2929594814777374,False,False,1.161300577223301,,,,,,,,,,,1.6928007826209068,-0.9986221194267273,0.09265346825122833,1.00291109085083,-1.0,0.12024007737636566,609.4873657226562,949.4148559570312,609.4873657226562,949.4148559570312,6.451335906982422,9.012975692749023,5.952024936676025,9.05930233001709,-0.4993109703063965,0.046326637268066406,0.5014554858207703,-0.3555488586425781,0.06867504119873047,0.36212047934532166,0.7172430753707886,1.3674949407577515,0.0,2.0,1.5,3.0,True,,False,False,-0.5256975586868999,-0.7152551691630109,0.1129998888679119,False,,False,timeout
268,1787741343.266191,13.404749299399555,0.054744599387049675,18.266642028557047,0.054744599387049675,18.266642028557047,0.004749349318444729,True,False,7282548.07863845,7282548.0872135,8.57505016028881,7282548.12863845,0.0,0.008003700524568558,124.94220603711373,0.0575501499697566,1.0,268,267,-0.5577088570820374,-0.6971242432163435,0.113,-0.5935563007743702,-0.6759356345622602,0.113,-0.5759783278876487,-0.6871603127028674,0.113,-0.5935563007743702,-0.6759356345622602,0.113,7282548.02863845,7282548.07863845,0.0575501499697566,0.049999999813735485,1,True,1657,5,1.8698019533811272,6.033910955978907,3.7005245685575727e-06,1,False,,True,202,0.024268999695777893,0.06205790024250746,16.11398381337813,False,False,False,,10.193232536315918,6.914355278015137,7.378388404846191,8.866826057434082,,,3.4257102012634277,False,0.20763287,0.896048271913,1,-1.0,1.0,1.4142135381698608,-0.2076328694820404,0.2076328694820404,0.293637216091156,-0.2076328694820404,0.2076328694820404,0.293637216091156,-0.2076328843832016,0.2075331062078476,0.2935667037963867,-0.2076328843832016,0.2075331062078476,0.2935667037963867,-0.20763301849365234,0.2075328826904297,0.29356664419174194,False,False,1.1583007872104645,,,,,,,,,,,1.57259963452816,-0.8817428946495056,0.0452750064432621,0.8829044699668884,-0.9986221194267273,0.09265346825122833,564.3421020507812,951.7872924804688,564.3421020507812,951.7872924804688,5.952024936676025,9.05930233001709,5.511153697967529,9.081939697265625,-0.4408712387084961,0.022637367248535156,0.4414520263671875,-0.4234619140625,0.06868362426757812,0.42899584770202637,0.853507936000824,1.4392914772033691,0.0,2.0,1.5,3.0,True,,False,False,-0.5415607878920465,-0.7065505782927956,0.11299828287919142,False,,False,timeout
269,1787741343.3117347,13.450300199910998,0.045550900511443615,21.953462802536098,0.045550900511443615,21.953462802536098,0.00030025001615285873,False,False,7282548.12863845,7282548.1329898,4.351349547505379,7282548.17863845,0.0,0.008009199984371662,124.85641536624111,0.04759745020419359,0.9519490076301582,269,268,-0.5685998348438421,-0.6903996119626794,0.113,-0.6084680644819104,-0.6652664194716449,0.113,-0.5935563007743702,-0.6759356345622602,0.113,-0.6084680644819104,-0.6652664194716449,0.113,7282548.07863845,7282548.12863845,0.04759745020419359,0.049999999813735485,1,True,1662,5,1.8627398748147388,6.575506179906128,9.199984371661973e-06,1,False,,True,203,0.008364999666810036,0.08337859995663166,11.993485145110826,False,False,False,,9.985599517822266,7.121888160705566,7.075191020965576,8.909093856811523,,,3.4153451919555664,False,0.20763287,0.896048271913,1,-0.494704008102417,1.0,1.1156755685806274,-0.10271681100130081,0.2076328694820404,0.2316509187221527,-0.2076328694820404,0.2076328694820404,0.293637216091156,-0.2076328843832016,0.2076224684715271,0.29362988471984863,-0.2076328843832016,0.2076224684715271,0.29362988471984863,-0.20763301849365234,0.20762252807617188,0.2936300039291382,False,False,1.1266004294157028,,,,,,,,,,,1.5749000012874603,-0.775878369808197,0.0033571757376194,0.7758856415748596,-0.8817428946495056,0.0452750064432621,524.6171875,951.9631958007812,524.6171875,951.9631958007812,5.511153697967529,9.081939697265625,5.1232147216796875,9.0836181640625,-0.3879389762878418,0.001678466796875,0.3879426121711731,-0.30319738388061523,0.042267799377441406,0.30612942576408386,0.6908246278762817,1.5735591650009155,0.0,2.0,1.5,3.0,True,,False,False,-0.5527010252954112,-0.7001055076400247,0.11305855053966551,False,,False,timeout
270,1787741343.3625078,13.500001899898052,0.04970169998705387,20.120036140825697,0.04970169998705387,20.120036140825697,1.950189471244812e-06,False,False,7282548.17863845,7282548.182907,4.26855031400919,7282548.22863845,0.0,0.008020799607038498,124.67584891691712,0.05365984980016947,1.0,270,269,-0.583584638565727,-0.6805732652106625,0.113,-0.6212964903370305,-0.6552128245529953,0.113,-0.6084680644819104,-0.6652664194716449,0.113,-0.6212964903370305,-0.6552128245529953,0.113,7282548.12863845,7282548.17863845,0.05365984980016947,0.049999999813735485,1,True,1669,5,2.114595945690541,6.659022837490393,2.0799607038497758e-05,1,False,,False,,,,,False,False,False,,9.777966499328613,7.329510688781738,6.71049690246582,8.951929092407227,,,3.470102310180664,False,0.20763287,0.896048271913,1,-1.0,0.8317627906799316,1.3007034063339233,-0.2076328694820404,0.17270129919052124,0.27006879448890686,-0.10271681100130081,0.2076328694820404,0.2316509187221527,-0.11362303048372269,0.20763179659843445,0.23668788373470306,-0.11362303048372269,0.20763179659843445,0.23668788373470306,-0.11362266540527344,0.20763158798217773,0.2366875261068344,False,False,1.6780998557806015,,,,,,,,,,,2.3496998474001884,-0.6802980303764343,-0.06433635950088501,0.6833334565162659,-0.775878369808197,0.0033571757376194,489.78594970703125,948.5919189453125,489.78594970703125,948.5919189453125,5.1232147216796875,9.0836181640625,4.7830657958984375,9.0514497756958,-0.34014892578125,-0.03216838836669922,0.34166663885116577,-0.36469411849975586,0.042835235595703125,0.3672011196613312,0.9405412673950195,1.5927356481552124,0.0,2.0,1.5,3.0,True,,False,False,-0.5658586064950267,-0.6921031952166875,0.112989878845949,False,,False,timeout
271,1787741343.4115098,13.550000700168312,0.04999880027025938,20.000479903411335,0.04999880027025938,20.000479903411335,7.506459951400757e-07,False,False,7282548.22863845,7282548.2324079,3.7694498896598816,7282548.2786384495,0.0,0.008006799966096878,124.89384076463645,0.05169275030493736,1.0,271,270,-0.5960959260122217,-0.6716642191959213,0.113,-0.6318531985643876,-0.6454187720520431,0.113,-0.6212964903370305,-0.6552128245529953,0.113,-0.6318531985643876,-0.6454187720520431,0.113,7282548.17863845,7282548.22863845,0.05169275030493736,0.049999999813735485,1,True,1675,5,1.8621912551687416,6.297547822819322,6.799966096877885e-06,1,False,,True,204,0.04125689994543791,0.06114470027387142,16.354647181537068,False,False,False,,9.66434383392334,7.537142276763916,6.284850597381592,8.991204261779785,,,3.6790311336517334,True,0.20763287,0.896048271913,1,-1.0,1.0,1.4142135381698608,-0.2076328694820404,0.2076328694820404,0.293637216091156,-0.2076328694820404,0.17270129919052124,0.27006879448890686,-0.19786034524440765,0.17633235454559326,0.26503172516822815,-0.19786034524440765,0.17633235454559326,0.26503172516822815,-0.1978607177734375,0.1763324737548828,0.2650320827960968,False,False,1.2192996218800545,,,,,,,,,,,1.458500511944294,-0.5144997835159302,-0.18483097851276398,0.5466923713684082,-0.6802980303764343,-0.06433635950088501,463.44354248046875,938.90673828125,463.44354248046875,938.90673828125,4.7830657958984375,9.0514497756958,4.525815963745117,8.959033966064453,-0.2572498321533203,-0.09241580963134766,0.2733462154865265,-0.4256463050842285,0.039275169372558594,0.4274544417858124,1.2294373512268066,1.5029926300048828,0.0,2.0,1.5,3.0,True,,False,False,-0.5808991533399309,-0.6824268270308181,0.11300014706043321,False,,False,timeout
272,1787741343.461141,13.60000120010227,0.050000499933958054,19.99980002841623,0.050000499933958054,19.99980002841623,1.2507662177085876e-06,False,False,7282548.2786384495,7282548.2826345,3.9960509166121483,7282548.328638449,0.0,0.008017400279641151,124.72871069432979,0.04973695054650307,0.994739014635753,272,271,-0.6079723367564471,-0.6619303860212307,0.113,-0.6380280370113506,-0.635502846926326,0.113,-0.6318531985643876,-0.6454187720520431,0.113,-0.6380280370113506,-0.635502846926326,0.113,7282548.22863845,7282548.2786384495,0.04973695054650307,0.049999999813735485,1,True,1681,5,1.871605816917358,5.872676261661753,1.740027964115126e-05,1,False,,True,205,0.012780699878931046,0.06711450032889843,14.899909782527518,False,False,False,,9.466483116149902,7.713474750518799,5.920342922210693,9.011041641235352,,,3.7760813236236572,True,0.20763287,0.896048271913,1,-1.0,1.0,1.4142135381698608,-0.2076328694820404,0.2076328694820404,0.293637216091156,-0.2076328694820404,0.2076328694820404,0.293637216091156,-0.20661704242229462,0.204379141330719,0.2906225025653839,-0.20661704242229462,0.204379141330719,0.2906225025653839,-0.2066173553466797,0.20437908172607422,0.29062268137931824,False,False,1.1291997507214546,,,,,,,,,,,1.5543000772595406,-0.43459323048591614,-0.25414857268333435,0.503450870513916,-0.5144997835159302,-0.18483097851276398,441.1923828125,925.58935546875,441.1923828125,925.58935546875,4.525815963745117,8.959033966064453,4.30851936340332,8.83195972442627,-0.21729660034179688,-0.1270742416381836,0.2517254054546356,-0.36450767517089844,0.019837379455566406,0.36504706740379333,1.2304404973983765,1.3954963684082031,0.0,2.0,1.5,3.0,True,,False,False,-0.5934095484057039,-0.6736869152290537,0.1130070589625192,False,,False,timeout
273,1787741343.5117366,13.650041399523616,0.05004019942134619,19.983933149023766,0.05004019942134619,19.983933149023766,4.14503738284111e-05,False,False,7282548.328638449,7282548.3325265,3.888051025569439,7282548.378638449,0.0,0.008002500049769878,124.96094892604921,0.04777665063738823,0.9555330163074025,273,272,-0.6188651624380574,-0.6511103474926231,0.113,-0.6422947103790743,-0.6255378716168594,0.113,-0.6380280370113506,-0.635502846926326,0.113,-0.6422947103790743,-0.6255378716168594,0.113,7282548.2786384495,7282548.328638449,0.04777665063738823,0.049999999813735485,1,True,1687,5,1.8655116337852824,5.332034088192452,2.500049769878221e-06,1,False,,True,206,2.969987690448761e-05,0.07817409932613373,12.791960618927122,False,False,False,,9.259865760803223,7.917853832244873,5.552112579345703,9.010801315307617,,,3.8654842376708984,True,0.20763287,0.896048271913,1,-1.0,1.0,1.4142135381698608,-0.2076328694820404,0.2076328694820404,0.293637216091156,-0.2076328694820404,0.2076328694820404,0.293637216091156,-0.2075273096561432,0.20729462802410126,0.29332345724105835,-0.2075273096561432,0.20729462802410126,0.29332345724105835,-0.20752716064453125,0.20729494094848633,0.2933235764503479,False,False,1.168699935078621,,,,,,,,,,,1.4677001163363457,-0.3630087971687317,-0.3301551640033722,0.4906911551952362,-0.43459323048591614,-0.25414857268333435,422.6063537597656,908.2892456054688,422.6063537597656,908.2892456054688,4.30851936340332,8.83195972442627,4.127015113830566,8.666882514953613,-0.1815042495727539,-0.16507720947265625,0.24534521996974945,-0.36823034286499023,-0.000240325927734375,0.368230402469635,1.263235092163086,1.2563869953155518,0.0,2.0,1.5,3.0,True,,False,False,-0.6055428148834252,-0.6641688598724427,0.11293937295565191,False,,False,timeout
274,1787741343.5623052,13.70000240020454,0.04996100068092346,20.015611904703675,0.04996100068092346,20.015611904703675,2.4512410163879395e-06,False,False,7282548.378638449,7282548.3831788,4.540351219475269,7282548.428638449,0.0,0.008004199713468552,124.93441390740344,0.05382295046001673,1.0,274,273,-0.6297861057792594,-0.63692424751462,0.113,-0.6447590164925346,-0.6149061614902059,0.113,-0.6422947103790743,-0.6255378716168594,0.113,-0.6447590164925346,-0.6149061614902059,0.113,7282548.328638449,7282548.378638449,0.05382295046001673,0.049999999813735485,1,True,1694,5,2.130268250872241,4.790374273358116,4.199713468551469e-06,1,False,,False,,,,,False,False,False,,9.052338600158691,8.12514877319336,5.191068649291992,8.978377342224121,,,3.954415798187256,True,0.20763287,0.896048271913,1,-1.0,1.0,1.4142135381698608,-0.2076328694820404,0.2076328694820404,0.293637216091156,-0.2076328694820404,0.2076328694820404,0.293637216091156,-0.20762188732624054,0.2075977474451065,0.29360461235046387,-0.20762188732624054,0.2075977474451065,0.29360461235046387,-0.20762157440185547,0.2075977325439453,0.29360440373420715,False,False,1.91430002450943,,,,,,,,,,,2.2408999502658844,-0.30095604062080383,-0.40471673011779785,0.5043512582778931,-0.3630087971687317,-0.3301551640033722,407.1973876953125,887.0821533203125,407.1973876953125,887.0821533203125,4.127015113830566,8.666882514953613,3.976536989212036,8.464524269104004,-0.15047812461853027,-0.20235824584960938,0.25217556953430176,-0.36104393005371094,-0.032423973083496094,0.362496942281723,1.1775782108306885,1.108710527420044,0.0,2.0,1.5,3.0,True,,False,False,-0.616678501846678,-0.6537164008129706,0.11286365918183389,False,,False,timeout
275,1787741343.6158922,13.75445399992168,0.0544515997171402,18.36493335723287,0.0544515997171402,18.36493335723287,0.004454051144421101,True,False,7282548.428638449,7282548.4370434,8.404950611293316,7282548.478638449,0.0,0.00800230074673891,124.96406116797334,0.05184055119752884,1.0,275,274,-0.636774055541357,-0.6232673516789287,0.113,-0.6450904021408035,-0.6038277160636918,0.113,-0.6447590164925346,-0.6149061614902059,0.113,-0.6450904021408035,-0.6038277160636918,0.113,7282548.378638449,7282548.428638449,0.05184055119752884,0.049999999813735485,1,True,1700,5,1.8705474340715729,3.9824997452654975,2.3007467389105085e-06,1,False,,True,207,0.03897329978644848,0.06278880033642054,15.92640717201204,False,False,False,,8.844717025756836,8.332746505737305,4.777838230133057,8.889324188232422,,,4.104787826538086,True,0.20763287,0.896048271913,1,-1.0,-1.0,1.4142135381698608,-0.2076328694820404,-0.2076328694820404,0.293637216091156,-0.2076328694820404,0.2076328694820404,0.293637216091156,-0.2076316922903061,0.2076292186975479,0.2936338186264038,-0.2076316922903061,0.2076292186975479,0.2936338186264038,-0.20763206481933594,0.20762920379638672,0.2936340570449829,False,False,1.3172999024391174,,,,,,,,,,,1.596200279891491,-0.23346728086471558,-0.5068156719207764,0.55800461769104,-0.30095604062080383,-0.40471673011779785,395.2438659667969,860.5250244140625,395.2438659667969,860.5250244140625,3.976536989212036,8.464524269104004,3.8598034381866455,8.211116790771484,-0.11673355102539062,-0.25340747833251953,0.279001921415329,-0.41323041915893555,-0.08905315399169922,0.42271721363067627,1.2611982822418213,0.9069392085075378,0.0,2.0,1.5,3.0,True,,False,False,-0.628236203664853,-0.6399103366644814,0.11289556620892677,False,,False,timeout
276,1787741343.6635556,13.800069100223482,0.04561510030180216,21.922564970453262,0.04561510030180216,21.922564970453262,6.91516324877739e-05,False,False,7282548.478638449,7282548.4842742,5.635751411318779,7282548.528638449,0.0,0.00800739973783493,124.88448594304643,0.049871550872921944,0.9974310211741589,276,275,-0.6405199709913184,-0.6084058930927145,0.113,-0.6431596039297497,-0.5913097853757664,0.113,-0.6450904021408035,-0.6038277160636918,0.113,-0.6431596039297497,-0.5913097853757664,0.113,7282548.428638449,7282548.478638449,0.049871550872921944,0.049999999813735485,1,True,1706,5,1.8836310704724362,3.6092182109326285,7.399737834930253e-06,1,False,,True,208,0.006313100457191467,0.06586419977247715,15.182754872213184,False,False,False,,8.6370849609375,8.540375709533691,4.4525465965271,8.75316333770752,,,4.189945220947266,True,0.20763287,0.896048271913,1,-1.0,-0.18347345292568207,1.0166919231414795,-0.2076328694820404,-0.03809512034058571,0.21109867095947266,-0.2076328694820404,-0.2076328694820404,0.293637216091156,-0.20763278007507324,-0.16446566581726074,0.26487794518470764,-0.2076326608657837,-0.10382011532783508,0.23214206099510193,-0.20763301849365234,-0.1038198471069336,0.23214226961135864,True,False,1.7511993646621704,,,,,,,,,,,2.1012993529438972,-0.18520766496658325,-0.6147509217262268,0.6420440673828125,-0.23346728086471558,-0.5068156719207764,385.76123046875,828.3121337890625,385.76123046875,828.3121337890625,3.8598034381866455,8.211116790771484,3.7671995162963867,7.903741359710693,-0.09260392189025879,-0.307375431060791,0.32102203369140625,-0.32529163360595703,-0.13616085052490234,0.35263922810554504,0.9310726523399353,0.8032178282737732,0.0,2.0,1.5,3.0,True,,False,False,-0.6358546534448477,-0.6266546373663113,0.11284269268175226,False,,False,timeout
277,1787741343.7131555,13.850009399466217,0.04994029924273491,20.023908850435564,0.04994029924273491,20.023908850435564,9.451061487197876e-06,False,False,7282548.528638449,7282548.5339035,5.265051499009132,7282548.578638448,0.0,0.008009400218725204,124.85329396601965,0.0479022515937686,0.9580450354443678,277,276,-0.640695041593983,-0.5930750515763192,0.113,-0.6394712481674729,-0.5773907076652791,0.113,-0.6431596039297497,-0.5913097853757664,0.113,-0.6394712481674729,-0.5773907076652791,0.113,7282548.478638449,7282548.528638449,0.0479022515937686,0.049999999813735485,1,True,1712,5,1.8953890196194139,3.4657953962421293,9.400218725204301e-06,1,False,,True,209,0.029256499372422695,0.07788040023297071,12.840201090500424,False,False,False,,8.429451942443848,8.436555862426758,4.168843746185303,8.551159858703613,,,4.262149333953857,True,0.20763287,0.896048271913,1,-1.0,0.8532485365867615,1.3145467042922974,-0.2076328694820404,0.17716243863105774,0.2729431092739105,-0.2076328694820404,-0.03809512034058571,0.21109867095947266,-0.2076328843832016,-0.04492731764912605,0.2124379426240921,-0.2076328843832016,-0.04492731764912605,0.2124379426240921,-0.20763301849365234,-0.04492759704589844,0.21243812143802643,False,False,1.7946995794773102,,,,,,,,,,,1.8710000440478325,-0.18756890296936035,-0.7116785049438477,0.735981285572052,-0.18520766496658325,-0.6147509217262268,376.15771484375,791.0201416015625,376.15771484375,791.0201416015625,3.7671995162963867,7.903741359710693,3.673415184020996,7.5479021072387695,-0.09378433227539062,-0.35583925247192383,0.3679905831813812,-0.2837028503417969,-0.20200347900390625,0.34827104210853577,0.8574331998825073,0.7618849873542786,0.0,2.0,1.5,3.0,True,,False,False,-0.6406470891087255,-0.6120285021084568,0.11288013735212715,False,,False,timeout
278,1787741343.761712,13.900000699795783,0.049991300329566,20.00348047375309,0.049991300329566,20.00348047375309,7.515773177146912e-07,False,False,7282548.578638448,7282548.5826656,4.027151502668858,7282548.628638448,0.0,0.008014099672436714,124.78008021778778,0.045934551395475864,0.9186910313319081,278,277,-0.6381054810528891,-0.5779476371193478,0.113,-0.6343120404303847,-0.561749182759745,0.113,-0.6394712481674729,-0.5773907076652791,0.113,-0.6343120404303847,-0.561749182759745,0.113,7282548.528638449,7282548.578638448,0.045934551395475864,0.049999999813735485,1,True,1718,5,1.6549486604325154,3.3185410996083977,1.4099672436714006e-05,1,False,,True,210,0.04125390015542507,0.02699619997292757,37.04225042794259,False,False,False,,8.221818923950195,8.39162826538086,3.9218504428863525,8.23644733428955,,,4.302767753601074,True,0.20763287,0.896048271913,1,-1.0,-0.8707064986228943,1.3259449005126953,-0.2076328694820404,-0.18078729510307312,0.2753097414970398,-0.2076328694820404,0.17716243863105774,0.2729431092739105,-0.2076328843832016,0.15407578647136688,0.258555144071579,-0.2076328843832016,0.15407578647136688,0.258555144071579,-0.20763301849365234,0.15407562255859375,0.258555144071579,False,False,1.1058002710342407,,,,,,,,,,,1.5588998794555664,-0.17429324984550476,-0.8987987041473389,0.9155420660972595,-0.18756890296936035,-0.7116785049438477,367.2339172363281,743.923095703125,367.2339172363281,743.923095703125,3.673415184020996,7.5479021072387695,3.586268663406372,7.0985026359558105,-0.08714652061462402,-0.449399471282959,0.4577711224555969,-0.2469933032989502,-0.3147125244140625,0.40006208419799805,0.9980364441871643,0.7319936156272888,0.0,2.0,1.5,3.0,True,,False,False,-0.6417087853097218,-0.5940994262843196,0.11285367136393976,False,,False,timeout
279,1787741343.8131926,13.95276159979403,0.05276089999824762,18.95342952893551,0.05276089999824762,18.95342952893551,0.002761651761829853,True,False,7282548.628638448,7282548.6343772,5.7387519627809525,7282548.678638448,0.0,0.008000800386071205,124.98749521871902,0.052119651809334755,1.0,279,278,-0.632968489552383,-0.5607864222607363,0.113,-0.6266271452439535,-0.5418259471041024,0.113,-0.6343120404303847,-0.561749182759745,0.113,-0.6266271452439535,-0.5418259471041024,0.113,7282548.578638448,7282548.628638448,0.052119651809334755,0.049999999813735485,1,True,1725,5,1.8996256134676746,3.898738394336635,8.003860712049726e-07,1,False,,False,,,,,False,False,False,,8.014185905456543,8.545703887939453,3.7789838314056396,7.922098636627197,,,4.280866622924805,True,0.20763287,0.896048271913,1,-1.0,-0.06095695495605469,1.0018562078475952,-0.2076328694820404,-0.01265666726976633,0.20801827311515808,-0.2076328694820404,-0.18078729510307312,0.2753097414970398,-0.2076328843832016,-0.14597772061824799,0.2538127303123474,-0.2076328843832016,-0.14597773551940918,0.2538127303123474,-0.20763301849365234,-0.14597797393798828,0.2538129985332489,False,False,1.1122999712824821,,,,,,,,,,,1.586800441145897,-0.08214085549116135,-1.0,1.0033679008483887,-0.17429324984550476,-0.8987987041473389,363.0282897949219,691.5230712890625,363.0282897949219,691.5230712890625,3.586268663406372,7.0985026359558105,3.5451982021331787,6.5985026359558105,-0.04107046127319336,-0.5,0.5016839504241943,-0.1428666114807129,-0.3143486976623535,0.3452911376953125,0.7335492372512817,0.8458424806594849,0.0,2.0,1.5,3.0,True,,False,False,-0.639316736869402,-0.5786903314248408,0.11291316809516239,False,,False,timeout
280,1787741343.86169,14.000003299675882,0.04724169988185167,21.167739571203683,0.04724169988185167,21.167739571203683,3.351829946041107e-06,False,False,7282548.678638448,7282548.6831503,4.511851817369461,7282548.728638448,0.0,0.008327599614858627,120.08262239406143,0.050469751469790936,1.0,280,279,-0.6272096947480147,-0.5465503720041782,0.113,-0.6162188842385184,-0.5213235226071125,0.113,-0.6266271452439535,-0.5418259471041024,0.113,-0.6162188842385184,-0.5213235226071125,0.113,7282548.628638448,7282548.678638448,0.050469751469790936,0.049999999813735485,1,True,1731,5,1.880708331660197,4.632393907510254,0.00032759961485862715,1,False,,False,,,,,False,False,False,,7.806552886962891,8.399725914001465,3.686410903930664,7.5904035568237305,,,4.198877811431885,True,0.20763287,0.896048271913,1,-1.0,-1.0,1.4142135381698608,-0.2076328694820404,-0.2076328694820404,0.293637216091156,-0.2076328694820404,-0.01265666726976633,0.20801827311515808,-0.2076328843832016,-0.026515647768974304,0.2093191146850586,-0.2076328843832016,-0.026515647768974304,0.2093191146850586,-0.20763301849365234,-0.026515960693359375,0.20931929349899292,False,False,1.9437000155448914,,,,,,,,,,,2.2898996248841286,-0.07761728018522263,-1.0,1.0030077695846558,-0.08214085549116135,-1.0,359.0542907714844,639.1231079101562,359.0542907714844,639.1231079101562,3.5451982021331787,6.5985026359558105,3.506389617919922,6.0985026359558105,-0.038808584213256836,-0.5,0.5015038847923279,-0.09257292747497559,-0.3316950798034668,0.3443709909915924,0.6740503311157227,1.001902461051941,0.0,2.0,1.5,3.0,True,,False,False,-0.6348083505236304,-0.563753834815232,0.11291236102465306,False,,False,timeout
281,1787741343.9113424,14.05000269971788,0.04999940004199743,20.000239986080658,0.04999940004199743,20.000239986080658,2.752058207988739e-06,False,False,7282548.728638448,7282548.7331421,4.503652453422546,7282548.778638448,0.0,0.008014800027012825,124.76917660199032,0.04852155223488808,0.970431048312899,281,280,-0.620798912078855,-0.5325926578404695,0.113,-0.6056016134359048,-0.5004093859534475,0.113,-0.6162188842385184,-0.5213235226071125,0.113,-0.6056016134359048,-0.5004093859534475,0.113,7282548.678638448,7282548.728638448,0.04852155223488808,0.049999999813735485,1,True,1737,5,1.874918755663427,5.43390343664994,1.4800027012824846e-05,1,False,,True,212,0.016479799523949623,0.14540139958262444,6.877512891007279,False,False,False,,7.598919868469238,8.373209953308105,3.6279308795928955,7.256473541259766,,,4.125027656555176,True,0.20763287,0.896048271913,1,-1.0,-1.0,1.4142135381698608,-0.2076328694820404,-0.2076328694820404,0.293637216091156,-0.2076328694820404,-0.2076328694820404,0.293637216091156,-0.2076328843832016,-0.1888054609298706,0.280640184879303,-0.2076328843832016,-0.1888054609298706,0.280640184879303,-0.20763301849365234,-0.18880558013916016,0.2806403636932373,False,False,1.4444999396800995,,,,,,,,,,,1.8488997593522072,0.006207086145877838,-1.0,1.0000191926956177,-0.07761728018522263,-1.0,359.3721008300781,586.7230834960938,359.3721008300781,586.7230834960938,3.506389617919922,6.0985026359558105,3.509493112564087,5.5985026359558105,0.003103494644165039,-0.5,0.5000095963478088,-0.058480024337768555,-0.33393001556396484,0.3390120565891266,0.6728843450546265,1.1643319129943848,0.0,2.0,1.5,3.0,True,,False,False,-0.629037343018491,-0.5494348539910103,0.11302680510034122,False,,False,timeout
282,1787741343.966426,14.10497790016234,0.054975200444459915,18.190020080241002,0.054975200444459915,18.190020080241002,0.004977952688932419,True,False,7282548.778638448,7282548.7875718,8.933352306485176,7282548.828638447,0.0,0.008000700734555721,124.98905198152372,0.05454765260219574,1.0,282,281,-0.61267051196783,-0.5166238310352954,0.113,-0.5931615208056845,-0.47972720690357323,0.113,-0.6056016134359048,-0.5004093859534475,0.113,-0.5931615208056845,-0.47972720690357323,0.113,7282548.728638448,7282548.778638448,0.05454765260219574,0.049999999813735485,1,True,1744,5,1.8749856817091979,6.04865668695073,7.007345557211164e-07,1,False,,True,213,0.03534589987248182,0.02968589961528778,33.68602646237527,False,False,False,,7.391286849975586,8.184404373168945,3.5848684310913086,6.868593692779541,,,4.027428150177002,True,0.20763287,0.896048271913,1,-1.0,-1.0,1.4142135381698608,-0.2076328694820404,-0.2076328694820404,0.293637216091156,-0.2076328694820404,-0.2076328694820404,0.293637216091156,-0.2076328843832016,-0.20567573606967926,0.29225659370422363,-0.2076328843832016,-0.20567573606967926,0.29225659370422363,-0.20763301849365234,-0.20567560195922852,0.29225659370422363,False,False,1.0570995509624481,,,,,,,,,,,1.5375996008515358,0.02786148339509964,-1.0,1.0003880262374878,0.006207086145877838,-1.0,360.7986145019531,534.3231201171875,360.7986145019531,534.3231201171875,3.509493112564087,5.5985026359558105,3.523423910140991,5.0985026359558105,0.013930797576904297,-0.5,0.5001940131187439,-0.043062448501586914,-0.3878798484802246,0.3902629315853119,0.7751952409744263,1.2723257541656494,0.0,2.0,1.5,3.0,True,,False,False,-0.6213907052189683,-0.5332223914077235,0.11305615947925243,False,,False,timeout
283,1787741344.0125043,14.151029899716377,0.04605199955403805,21.714583724569575,0.04605199955403805,21.714583724569575,0.0010299524292349815,True,False,7282548.828638447,7282548.8338337,5.195252597332001,7282548.878638447,0.0,0.008002799935638905,124.95626631208104,0.052574352361261845,1.0,283,282,-0.6052197078678406,-0.503192367898203,0.113,-0.5803539026945852,-0.45927508716174603,0.113,-0.5931615208056845,-0.47972720690357323,0.113,-0.5803539026945852,-0.45927508716174603,0.113,7282548.778638448,7282548.828638447,0.052574352361261845,0.049999999813735485,1,True,1750,5,1.868485927039808,6.915302253467476,2.799935638904405e-06,1,False,,True,214,0.004526199772953987,0.03580019995570183,27.93280487922895,False,False,False,,7.183653831481934,7.978728771209717,3.5583903789520264,6.537494659423828,,,3.901242256164551,True,0.20763287,0.896048271913,1,-1.0,-0.36640918254852295,1.065014362335205,-0.2076328694820404,-0.07607858628034592,0.22113199532032013,-0.2076328694820404,-0.2076328694820404,0.293637216091156,-0.2076328843832016,-0.2074294090270996,0.293493390083313,-0.2076328843832016,-0.2074294090270996,0.293493390083313,-0.20763301849365234,-0.2074294090270996,0.29349347949028015,False,False,1.123500056564808,,,,,,,,,,,1.6954001039266586,0.05878744274377823,-1.0,1.001726508140564,0.02786148339509964,-1.0,363.80853271484375,481.923095703125,363.80853271484375,481.923095703125,3.523423910140991,5.0985026359558105,3.5528175830841064,4.5985026359558105,0.029393672943115234,-0.5,0.500863254070282,-0.026478052139282227,-0.3310990333557129,0.33215606212615967,0.6602100729942322,1.439416766166687,0.0,2.0,1.5,3.0,True,,False,False,-0.6144165371546243,-0.5194571228085401,0.11299331187580704,False,,False,timeout
284,1787741344.062225,14.20000259950757,0.04897269979119301,20.41953995315232,0.04897269979119301,20.41953995315232,2.652406692504883e-06,False,False,7282548.878638447,7282548.8826563,4.017853178083897,7282548.928638447,0.0,0.008007100783288479,124.88914865254196,0.05060885287821293,1.0,284,283,-0.5974051834884903,-0.48996924516014334,0.113,-0.56632803400113,-0.4385160018905492,0.113,-0.5803539026945852,-0.45927508716174603,0.113,-0.56632803400113,-0.4385160018905492,0.113,7282548.828638447,7282548.878638447,0.05060885287821293,0.049999999813735485,1,True,1756,5,1.8661115680609723,7.877119878927521,7.100783288478685e-06,1,False,,False,,,,,False,False,False,,6.976020812988281,7.771299362182617,3.543719530105591,6.2098259925842285,,,3.77079439163208,True,0.20763287,0.896048271913,1,-1.0,-1.0,1.4142135381698608,-0.2076328694820404,-0.2076328694820404,0.293637216091156,-0.2076328694820404,-0.07607858628034592,0.22113199532032013,-0.2076328843832016,-0.08973272889852524,0.22619321942329407,-0.2076328843832016,-0.08973272889852524,0.22619321942329407,-0.20763301849365234,-0.08973264694213867,0.22619332373142242,False,False,1.6602007672190666,,,,,,,,,,,2.0872000604867935,0.10653350502252579,-1.0,1.005658745765686,0.05878744274377823,-1.0,369.2630310058594,429.5231018066406,369.2630310058594,429.5231018066406,3.5528175830841064,4.5985026359558105,3.6060843467712402,4.0985026359558105,0.05326676368713379,-0.5,0.502829372882843,-0.014670848846435547,-0.3276686668395996,0.3279969394207001,0.651361346244812,1.611349105834961,0.0,2.0,1.5,3.0,True,,False,False,-0.6070236996857497,-0.50596052987853,0.11298594070949464,False,,False,timeout
285,1787741344.1132731,14.250002900138497,0.050000300630927086,19.999879748352193,0.050000300630927086,19.999879748352193,2.9532238841056824e-06,False,False,7282548.928638447,7282548.9341014,5.4629528895020485,7282548.978638447,0.0,0.008018500171601772,124.71160174587119,0.04865225311368704,0.9730450658986161,285,284,-0.5891968525822895,-0.4769871411471514,0.113,-0.5511846978428648,-0.4185321216929845,0.113,-0.56632803400113,-0.4385160018905492,0.113,-0.5511846978428648,-0.4185321216929845,0.113,7282548.878638447,7282548.928638447,0.04865225311368704,0.049999999813735485,1,True,1762,5,1.8722996496662005,8.844990230934991,1.8500171601772142e-05,1,False,,True,215,0.03832279983907938,0.0768731003627181,13.008451529619583,False,False,False,,6.768387794494629,7.6815667152404785,3.539424180984497,5.886970520019531,,,3.694154977798462,True,0.20763287,0.896048271913,1,-1.0,-1.0,1.4142135381698608,-0.2076328694820404,-0.2076328694820404,0.293637216091156,-0.2076328694820404,-0.2076328694820404,0.293637216091156,-0.2076328843832016,-0.1953769326210022,0.2851026952266693,-0.2076328843832016,-0.1953769326210022,0.2851026952266693,-0.20763301849365234,-0.19537687301635742,0.2851027846336365,False,False,1.7253002151846886,,,,,,,,,,,2.4292003363370895,0.2106384038925171,-1.0,1.02194344997406,0.10653350502252579,-1.0,380.0477294921875,377.1230773925781,380.0477294921875,377.1230773925781,3.6060843467712402,4.0985026359558105,3.7114036083221436,3.5985026359558105,0.10531926155090332,-0.5,0.5109717845916748,-0.00429534912109375,-0.32285547256469727,0.32288405299186707,0.6375598311424255,1.7897098064422607,0.0,2.0,1.5,3.0,True,,False,False,-0.599288457058392,-0.4927575075655116,0.11307523258989839,False,,False,timeout
286,1787741344.1648655,14.303405299782753,0.05340239964425564,18.725750278294235,0.05340239964425564,18.725750278294235,0.0034053530544042587,True,False,7282548.978638447,7282548.9866085,7.970052771270275,7282549.028638447,0.0,0.008064399473369122,124.00179372342313,0.054857052862644196,1.0,286,285,-0.5789922875432851,-0.46225838535531677,0.113,-0.5339139480273264,-0.39947075411769667,0.113,-0.5511846978428648,-0.4185321216929845,0.113,-0.5339139480273264,-0.39947075411769667,0.113,7282548.928638447,7282548.978638447,0.054857052862644196,0.049999999813735485,1,True,1769,5,1.867675929091046,9.597014592852874,6.439947336912138e-05,1,False,,True,216,0.028222999535501003,0.06550069991499186,15.267012433421634,False,False,False,,6.560754776000977,7.486189842224121,3.5461578369140625,5.511983394622803,,,3.6035101413726807,True,0.20763287,0.896048271913,1,-1.0,-1.0,1.4142135381698608,-0.2076328694820404,-0.2076328694820404,0.293637216091156,-0.2076328694820404,-0.2076328694820404,0.293637216091156,-0.2076328843832016,-0.20635883510112762,0.292737752199173,-0.2076328843832016,-0.20635883510112762,0.292737752199173,-0.20763301849365234,-0.2063589096069336,0.2927378714084625,False,False,1.3426998630166054,,,,,,,,,,,1.8464000895619392,0.30906975269317627,-1.0,1.0466728210449219,0.2106384038925171,-1.0,395.8721008300781,324.72308349609375,395.8721008300781,324.72308349609375,3.7114036083221436,3.5985026359558105,3.865938425064087,3.0985026359558105,0.15453481674194336,-0.5,0.5233364105224609,0.00673365592956543,-0.3749871253967285,0.37504759430885315,0.7208288311958313,1.9206026792526245,0.0,2.0,1.5,3.0,True,,False,False,-0.5897623111333391,-0.47751708077224414,0.11298801443656283,False,,False,timeout
287,1787741344.2114246,14.350003199651837,0.04659789986908436,21.46019461841575,0.04659789986908436,21.46019461841575,3.2531097531318665e-06,False,False,7282549.028638447,7282549.0322665,3.628053702414036,7282549.0786384465,0.0,0.008002500049769878,124.96094892604921,0.052896853536367416,1.0,287,286,-0.5696298532968274,-0.4500829119984943,0.113,-0.5145337428721646,-0.38064282980932035,0.113,-0.5339139480273264,-0.39947075411769667,0.113,-0.5145337428721646,-0.38064282980932035,0.113,7282548.978638447,7282549.028638447,0.052896853536367416,0.049999999813735485,1,True,1775,5,1.8681719242553882,10.732382876633945,2.500049769878221e-06,1,False,,False,,,,,False,False,False,,6.353121757507324,7.2798309326171875,3.5650429725646973,5.195063591003418,,,3.4813270568847656,False,0.20763287,0.896048271913,1,-1.0,-1.0,1.4142135381698608,-0.2076328694820404,-0.2076328694820404,0.293637216091156,-0.2076328694820404,-0.2076328694820404,0.293637216091156,-0.2076328843832016,-0.20750044286251068,0.29354360699653625,-0.2076328843832016,-0.20750044286251068,0.29354360699653625,-0.20763301849365234,-0.20750045776367188,0.2935436964035034,False,False,1.265200786292553,,,,,,,,,,,2.0873993635177612,0.3840782344341278,-1.0,1.0712218284606934,0.30906975269317627,-1.0,415.53692626953125,272.32305908203125,415.53692626953125,272.32305908203125,3.865938425064087,3.0985026359558105,4.057977676391602,2.5985026359558105,0.19203925132751465,-0.5,0.5356109142303467,0.018885135650634766,-0.31691980361938477,0.31748199462890625,0.5892277956008911,2.1180429458618164,0.1180429458618164,2.0,1.5,3.0,True,,False,False,-0.5811274076428505,-0.46480747795989363,0.11300593011401694,False,,False,timeout
288,1787741344.2629743,14.400002399459481,0.04999919980764389,20.000320082064988,0.04999919980764389,20.000320082064988,2.4531036615371704e-06,False,False,7282549.0786384465,7282549.0834611,4.822653718292713,7282549.128638446,0.0,0.008516600355505943,117.41774396558418,0.051440153270959854,1.0,288,287,-0.5596704638964684,-0.4383912320169533,0.113,-0.4931303114036925,-0.36320604871883677,0.113,-0.5145337428721646,-0.38064282980932035,0.113,-0.4931303114036925,-0.36320604871883677,0.113,7282549.028638447,7282549.0786384465,0.051440153270959854,0.049999999813735485,1,True,1781,5,1.8672391804204467,11.907280976095755,0.0005166003555059431,1,False,,True,217,0.045682499185204506,0.06317500025033951,15.829046237235683,False,False,False,,6.145488739013672,7.072330474853516,3.599543333053589,4.88152551651001,,,3.3587892055511475,False,0.20763287,0.896048271913,1,-1.0,-1.0,1.4142135381698608,-0.2076328694820404,-0.2076328694820404,0.293637216091156,-0.2076328694820404,-0.2076328694820404,0.293637216091156,-0.2076328843832016,-0.2076191008090973,0.2936275005340576,-0.2076328843832016,-0.2076191008090973,0.2936275005340576,-0.20763301849365234,-0.20761919021606445,0.29362764954566956,False,False,1.484300009906292,,,,,,,,,,,2.1654004231095314,0.4759446978569031,-1.0,1.1074851751327515,0.3840782344341278,-1.0,439.9052734375,219.92306518554688,439.9052734375,219.92306518554688,4.057977676391602,2.5985026359558105,4.295949935913086,2.0985026359558105,0.23797225952148438,-0.5,0.553742527961731,0.0345003604888916,-0.3135380744934082,0.31543049216270447,0.5695586800575256,2.3285951614379883,0.3285951614379883,2.0,1.5,3.0,True,,False,False,-0.5719060166947859,-0.4524961456198735,0.11302959161134217,False,,False,timeout
289,1787741344.3115604,14.450001699849963,0.04999930039048195,20.000279847722904,0.04999930039048195,20.000279847722904,1.753680408000946e-06,False,False,7282549.128638446,7282549.1331157,4.477254115045071,7282549.178638446,0.0,0.008018000051379204,124.71938059266868,0.049494353123009205,0.9898870661478008,289,288,-0.5491288677255284,-0.42722159130282755,0.113,-0.4694447424331238,-0.34602349943440663,0.113,-0.4931303114036925,-0.36320604871883677,0.113,-0.4694447424331238,-0.34602349943440663,0.113,7282549.0786384465,7282549.128638446,0.049494353123009205,0.049999999813735485,1,True,1787,5,1.8667970947929866,13.243287956574365,1.800005137920363e-05,1,False,,True,218,0.0313120000064373,0.07946440018713474,12.584251534587178,False,False,False,,5.9378557205200195,6.864711284637451,3.6514739990234375,4.5725555419921875,,,3.2375175952911377,False,0.20763287,0.896048271913,1,-1.0,-1.0,1.4142135381698608,-0.2076328694820404,-0.2076328694820404,0.293637216091156,-0.2076328694820404,-0.2076328694820404,0.293637216091156,-0.2076328843832016,-0.207631453871727,0.2936362326145172,-0.2076328843832016,-0.207631453871727,0.2936362326145172,-0.20763301849365234,-0.20763158798217773,0.29363641142845154,False,False,1.3441992923617363,,,,,,,,,,,1.6729002818465233,0.5504400134086609,-1.0,1.1414833068847656,0.4759446978569031,-1.0,468.0877990722656,167.5230712890625,468.0877990722656,167.5230712890625,4.295949935913086,2.0985026359558105,4.571169853210449,1.5985026359558105,0.2752199172973633,-0.5,0.570741593837738,0.05193066596984863,-0.30896997451782227,0.31330373883247375,0.5441170334815979,2.5566163063049316,0.5566163063049316,2.0,1.5,3.0,True,,False,False,-0.5620526065775661,-0.44069266434081655,0.1129825471420365,False,,False,timeout
290,1787741344.362207,14.500757499597967,0.05075579974800348,19.7021819174337,0.05075579974800348,19.7021819174337,0.0007575536146759987,False,False,7282549.178638446,7282549.1835559,4.917453974485397,7282549.228638446,0.0,0.00800320040434599,124.95001367914873,0.04775915388017893,0.9551830811619129,290,289,-0.5380291317725574,-0.416606761735349,0.113,-0.443572493178516,-0.33029697350668563,0.113,-0.4694447424331238,-0.34602349943440663,0.113,-0.443572493178516,-0.33029697350668563,0.113,7282549.128638446,7282549.178638446,0.04775915388017893,0.049999999813735485,1,True,1793,5,1.6145347668445356,14.409586700832755,3.2004043459890608e-06,1,False,,True,219,0.019046999514102936,0.06404710002243519,15.613509427432437,False,False,False,,5.730222702026367,6.657079696655273,3.731745719909668,4.219427585601807,,,3.152151346206665,False,0.20763287,0.896048271913,1,-1.0,-1.0,1.4142135381698608,-0.2076328694820404,-0.2076328694820404,0.293637216091156,-0.2076328694820404,-0.2076328694820404,0.293637216091156,-0.2076328843832016,-0.20763273537158966,0.29363712668418884,-0.2076328843832016,-0.20763273537158966,0.29363712668418884,-0.20763301849365234,-0.20763254165649414,0.29363709688186646,False,False,1.1056000366806984,,,,,,,,,,,1.5437006950378418,0.6321889758110046,-1.0,1.1830735206604004,0.5504400134086609,-1.0,500.45587158203125,115.1230697631836,500.45587158203125,115.1230697631836,4.571169853210449,1.5985026359558105,4.887264251708984,1.0985026359558105,0.31609439849853516,-0.5,0.5915367007255554,0.08027172088623047,-0.35312795639038086,0.362136572599411,0.6098504662513733,2.752068281173706,0.752068281173706,2.0,1.5,3.0,True,,False,False,-0.5498692102827254,-0.42758328319572314,0.11302772792775959,False,,False,timeout
291,1787741344.4118283,14.550003599375486,0.0492460997775197,20.30617662145275,0.0492460997775197,20.30617662145275,3.6535784602165222e-06,False,False,7282549.228638446,7282549.2323974,3.758953884243965,7282549.278638446,0.0,0.008004100061953068,124.93596934818824,0.04590245429426432,0.9180490893052857,291,290,-0.5264189040941838,-0.40655235920599003,0.113,-0.4159062042064282,-0.31503919818011844,0.113,-0.443572493178516,-0.33029697350668563,0.113,-0.4159062042064282,-0.31503919818011844,0.113,7282549.178638446,7282549.228638446,0.04590245429426432,0.049999999813735485,1,True,1799,5,1.6120299407642886,15.960421325383347,4.100061953067613e-06,1,False,,False,,,,,False,False,False,,5.522589683532715,6.449447154998779,3.8180878162384033,3.9220595359802246,,,3.0484445095062256,False,0.20763287,0.896048271913,1,-0.7594883441925049,-1.0,1.2557159662246704,-0.1576947420835495,-0.2076328694820404,0.2607279121875763,-0.2076328694820404,-0.2076328694820404,0.293637216091156,-0.2076328843832016,-0.20763283967971802,0.293637216091156,-0.2076328843832016,-0.20763283967971802,0.293637216091156,-0.20763301849365234,-0.20763301849365234,0.2936374247074127,False,False,1.4616996049880981,,,,,,,,,,,2.0180996507406235,0.6762352585792542,-1.0,1.2071843147277832,0.6321889758110046,-1.0,535.0791015625,62.72307586669922,535.0791015625,62.72307586669922,4.887264251708984,1.0985026359558105,5.225381851196289,0.5985026359558105,0.3381175994873047,-0.5,0.6035921573638916,0.08634209632873535,-0.29736804962158203,0.30964934825897217,0.5029104948043823,3.019207239151001,1.019207239151001,2.0,1.5,3.0,True,,False,False,-0.5387765352174987,-0.4169037391463588,0.1129559620361332,False,,False,timeout
292,1787741344.4635453,14.600003900006413,0.050000300630927086,19.999879748352193,0.050000300630927086,19.999879748352193,3.954395651817322e-06,False,False,7282549.278638446,7282549.2838449,5.206454545259476,7282549.328638446,0.0,0.008010600693523884,124.83458335508388,0.05194465443491936,1.0,292,291,-0.5123375425213372,-0.39547151748567977,0.113,-0.3860579201362491,-0.29978113503992343,0.113,-0.4159062042064282,-0.31503919818011844,0.113,-0.3860579201362491,-0.29978113503992343,0.113,7282549.228638446,7282549.278638446,0.05194465443491936,0.049999999813735485,1,True,1806,5,1.8654814792125294,17.709466325614947,1.0600693523883653e-05,1,False,,True,220,0.03726140037178993,0.06302279978990555,15.867273484098233,False,False,False,,5.3149566650390625,6.241814136505127,3.9181067943573,3.630955696105957,,,2.9610421657562256,False,0.20763287,0.896048271913,1,1.0,-1.0,1.4142135381698608,0.2076328694820404,-0.2076328694820404,0.293637216091156,-0.1576947420835495,-0.2076328694820404,0.2607279121875763,-0.1628859043121338,-0.2076328843832016,0.2639000415802002,-0.1628859043121338,-0.2076328843832016,0.2639000415802002,-0.1628856658935547,-0.20763301849365234,0.2639000117778778,False,False,2.154500223696232,,,,,,,,,,,1.6908003017306328,0.7560471296310425,-1.0,1.253637671470642,0.6762352585792542,-1.0,573.7887573242188,52.400001525878906,573.7887573242188,10.323076248168945,5.225381851196289,0.5985026359558105,5.603405475616455,0.5,0.378023624420166,-0.09850263595581055,0.39064642786979675,0.10001897811889648,-0.2911038398742676,0.30780714750289917,0.4923374652862549,3.302232503890991,1.3022325038909912,2.0,1.5,3.0,True,,True,False,-0.5272028208504016,-0.40674204328632996,0.11297061795064463,False,,False,timeout
293,1787741344.5141635,14.652687999419868,0.05268409941345453,18.981059012743014,0.05268409941345453,18.981059012743014,0.002688053995370865,True,False,7282549.328638446,7282549.3354034,6.7649539560079575,7282549.378638445,0.0,0.00800309982150793,124.95158404903934,0.049961053766310215,0.9992210790485929,293,292,-0.4995797218093702,-0.38692727572803365,0.113,-0.36800156425755054,-0.3059503704137446,0.113,-0.3860579201362491,-0.29978113503992343,0.113,-0.36800156425755054,-0.3059503704137446,0.113,7282549.278638446,7282549.328638446,0.049961053766310215,0.049999999813735485,1,True,1812,5,1.6173488834840832,17.066995426447313,3.099821507930589e-06,1,False,,True,221,0.02572969999164343,0.08146340027451515,12.275451265601518,False,False,False,,5.152070999145508,6.034181118011475,4.051663398742676,3.3021693229675293,,,2.945298910140991,False,0.20763287,0.896048271913,1,-1.0,-0.8456566333770752,1.3096317052841187,-0.2076328694820404,-0.17558611929416656,0.27192258834838867,0.2076328694820404,-0.2076328694820404,0.293637216091156,0.1691168248653412,-0.2076328843832016,0.2677907943725586,0.14856365323066711,-0.2076328992843628,0.2553088068962097,0.14856386184692383,-0.20763301849365234,0.25530901551246643,True,False,1.0916991159319878,,,,,,,,,,,1.6050999984145164,0.9345698952674866,-1.0,1.3687297105789185,0.7560471296310425,-1.0,621.6387329101562,52.400001525878906,621.6387329101562,0.0,5.603405475616455,0.5,6.070690631866455,0.5,0.46728515625,0.0,0.46728515625,0.13355660438537598,-0.32878637313842773,0.354877233505249,0.5430626273155212,3.203132390975952,1.2031323909759521,2.0,1.5,3.0,True,,True,False,-0.5131807137048956,-0.39567911610803885,0.11300710714318188,False,,False,timeout
294,1787741344.5616705,14.700002099387348,0.047314099967479706,21.13534867380607,0.047314099967479706,21.13534867380607,2.154149115085602e-06,False,False,7282549.378638445,7282549.3826897,4.051255062222481,7282549.428638445,0.0,0.00800399947911501,124.93753936507859,0.048000154085457325,0.9600030852854367,294,293,-0.48592266635583853,-0.3799216824062469,0.113,-0.34908833281697693,-0.31988836686219324,0.113,-0.36800156425755054,-0.3059503704137446,0.113,-0.34908833281697693,-0.31988836686219324,0.113,7282549.328638446,7282549.378638445,0.048000154085457325,0.049999999813735485,1,True,1818,5,1.620514398861556,16.5620812980524,3.999479115009141e-06,1,False,,True,222,0.00615099910646677,0.06378019973635674,15.678847105114478,False,False,False,,5.300634860992432,5.826548099517822,4.184450149536133,3.0282444953918457,,,3.0127017498016357,False,0.20763287,0.896048271913,1,-1.0,-1.0,1.4142135381698608,-0.2076328694820404,-0.2076328694820404,0.293637216091156,-0.2076328694820404,-0.17558611929416656,0.27192258834838867,-0.1706055998802185,-0.17891743779182434,0.247219979763031,-0.16163253784179688,-0.17972473800182343,0.24171483516693115,-0.16163253784179688,-0.17972469329833984,0.24171479046344757,True,False,1.105399802327156,,,,,,,,,,,1.5565995126962662,1.0,-1.0,1.4142135381698608,0.9345698952674866,-1.0,672.8387451171875,52.400001525878906,672.8387451171875,0.0,6.070690631866455,0.5,6.570690631866455,0.5,0.5,0.0,0.5,0.13278675079345703,-0.2739248275756836,0.30441275238990784,0.2841664254665375,3.1543500423431396,1.1543500423431396,2.0,1.5,3.0,True,,True,False,-0.5005295149862988,-0.38693925579746813,0.1129818760543212,False,,False,timeout
295,1787741344.612765,14.750002900138497,0.050000800751149654,19.999679704669674,0.050000800751149654,19.999679704669674,2.9550865292549133e-06,False,False,7282549.428638445,7282549.4336106,4.9721552059054375,7282549.478638445,0.0,0.008024399168789387,124.61992218550944,0.0540800541639328,1.0,295,294,-0.46898762373761416,-0.37411132934239977,0.113,-0.3289260039804219,-0.33474687840736983,0.113,-0.34908833281697693,-0.31988836686219324,0.113,-0.3289260039804219,-0.33474687840736983,0.113,7282549.378638445,7282549.428638445,0.0540800541639328,0.049999999813735485,1,True,1825,5,1.8912744956626009,16.4394321929576,2.4399168789386583e-05,1,False,,False,,,,,False,False,False,,5.139002323150635,5.646823406219482,4.347947597503662,2.771245002746582,,,2.9824016094207764,False,0.20763287,0.896048271913,1,-1.0,-1.0,1.4142135381698608,-0.2076328694820404,-0.2076328694820404,0.293637216091156,-0.2076328694820404,-0.2076328694820404,0.293637216091156,-0.2028510570526123,-0.2047317624092102,0.28820765018463135,-0.2028510570526123,-0.2047317624092102,0.28820765018463135,-0.2028508186340332,-0.20473194122314453,0.2882075905799866,False,False,2.1922998130321503,,,,,,,,,,,2.4018995463848114,1.0,-1.0,1.4142135381698608,1.0,-1.0,724.0387573242188,52.400001525878906,724.0387573242188,0.0,6.570690631866455,0.5,7.070690631866455,0.5,0.5,0.0,0.5,0.1634974479675293,-0.25699949264526367,0.3045983612537384,0.3269948959350586,3.1779143810272217,1.1779143810272217,2.0,1.5,3.0,True,,True,False,-0.48704383003600504,-0.379738498301925,0.11301747584868577,False,,False,timeout
296,1787741344.661319,14.800001500174403,0.04999860003590584,20.0005600013173,0.04999860003590584,20.0005600013173,1.5553086996078491e-06,False,False,7282549.478638445,7282549.4822414,3.6029545590281487,7282549.528638445,0.0,0.008003400638699532,124.94688759733131,0.05212695524096489,1.0,296,295,-0.453914477788276,-0.37120169427246125,0.113,-0.3082968775219953,-0.3499493937583599,0.113,-0.3289260039804219,-0.33474687840736983,0.113,-0.3082968775219953,-0.3499493937583599,0.113,7282549.428638445,7282549.478638445,0.05212695524096489,0.049999999813735485,1,True,1831,5,1.9066088611187741,16.622373730702353,3.4006386995313886e-06,1,False,,True,223,0.030253300443291664,0.06689449958503246,14.948912185655223,False,False,False,,4.936151504516602,5.442091464996338,4.543942451477051,2.5338354110717773,,,2.9345836639404297,False,0.20763287,0.896048271913,1,-0.7580298781394958,-1.0,1.2548344135284424,-0.15739192068576813,-0.2076328694820404,0.26054486632347107,-0.2076328694820404,-0.2076328694820404,0.293637216091156,-0.20713576674461365,-0.2073313146829605,0.29307252168655396,-0.20713576674461365,-0.2073313146829605,0.29307252168655396,-0.20713567733764648,-0.20733118057250977,0.293072372674942,False,False,1.0892003774642944,,,,,,,,,,,1.5222998335957527,1.0,-1.0,1.4142135381698608,1.0,-1.0,775.2387084960938,52.400001525878906,775.2387084960938,0.0,7.070690631866455,0.5,7.570690631866455,0.5,0.5,0.0,0.5,0.19599485397338867,-0.2374095916748047,0.3078592121601105,0.39198970794677734,3.243600368499756,1.2436003684997559,2.0,1.5,3.0,True,,True,False,-0.47272931875819807,-0.3742866624617217,0.11302157492653978,False,,False,timeout
297,1787741344.711868,14.850001700222492,0.05000020004808903,19.999919981084542,0.05000020004808903,19.999919981084542,1.755543053150177e-06,False,False,7282549.528638445,7282549.5326213,3.9828550070524216,7282549.578638445,0.0,0.00819490011781454,122.02711267049406,0.05035035498440266,1.0,297,296,-0.4386064459435568,-0.3700251117315427,0.113,-0.28799401652399825,-0.36491146966657123,0.113,-0.3082968775219953,-0.3499493937583599,0.113,-0.28799401652399825,-0.36491146966657123,0.113,7282549.478638445,7282549.528638445,0.05035035498440266,0.049999999813735485,1,True,1837,5,1.914315047475772,16.98416867720733,0.0001949001178145407,1,False,,True,224,0.015316300094127655,0.07622740045189857,13.1186423001664,False,False,False,,4.729015827178955,5.234760284423828,4.772202014923096,2.3206536769866943,,,2.914426803588867,False,0.20763287,0.896048271913,1,-1.0,-1.0,1.4142135381698608,-0.2076328694820404,-0.2076328694820404,0.293637216091156,-0.15739192068576813,-0.2076328694820404,0.26054486632347107,-0.16256287693977356,-0.20760150253772736,0.26367607712745667,-0.16256287693977356,-0.20760150253772736,0.26367607712745667,-0.16256284713745117,-0.20760154724121094,0.26367607712745667,False,False,1.175600104033947,,,,,,,,,,,1.4920998364686966,1.0,-0.9020495414733887,1.3467344045639038,1.0,-1.0,826.4386596679688,52.400001525878906,826.4386596679688,5.132604122161865,7.570690631866455,0.5,8.070690155029297,0.5,0.4999995231628418,0.0,0.4999995231628418,0.22825956344604492,-0.213181734085083,0.31232815980911255,0.45651912689208984,3.3386101722717285,1.3386101722717285,2.0,1.5,3.0,True,,True,False,-0.4577324923935784,-0.3708312380198889,0.11306868550116843,False,,False,timeout
298,1787741344.7614725,14.900001900270581,0.05000020004808903,19.999919981084542,0.05000020004808903,19.999919981084542,1.955777406692505e-06,False,False,7282549.578638445,7282549.5825873,3.9488552138209343,7282549.6286384445,0.0,0.008005400188267231,124.9156789769994,0.04838205501437187,0.9676411038921815,298,297,-0.4232550925560762,-0.37035495473562674,0.113,-0.2676210271578102,-0.3799252262698479,0.113,-0.28799401652399825,-0.36491146966657123,0.113,-0.2676210271578102,-0.3799252262698479,0.113,7282549.528638445,7282549.578638445,0.04838205501437187,0.049999999813735485,1,True,1843,5,1.6624291698717846,17.255137940449437,5.400188267230821e-06,1,False,,True,225,0.001721000298857689,0.06460619997233152,15.478390625485844,False,False,False,,4.566452980041504,5.027158737182617,5.069129943847656,2.104574680328369,,,2.965498685836792,False,0.20763287,0.896048271913,1,0.4492911100387573,-1.0,1.09629487991333,0.09328760206699371,-0.2076328694820404,0.22762686014175415,-0.2076328694820404,-0.2076328694820404,0.293637216091156,-0.20294776558876038,-0.20762962102890015,0.29034093022346497,-0.20294776558876038,-0.20762962102890015,0.29034093022346497,-0.20294761657714844,-0.20762968063354492,0.2903408706188202,False,False,1.1256001889705658,,,,,,,,,,,1.543399877846241,1.0,-0.7073108553886414,1.2248626947402954,1.0,-0.9020495414733887,877.638671875,52.400001525878906,877.638671875,15.33691120147705,8.070690155029297,0.5,8.570690155029297,0.5,0.5,0.0,0.5,0.29692792892456055,-0.2160789966583252,0.3672278821468353,0.5938563942909241,3.403531074523926,1.4035310745239258,2.0,1.5,3.0,True,,True,False,-0.439837241221364,-0.36917606286384275,0.11309815335447737,False,,False,timeout
299,1787741344.8130891,14.950004000216722,0.05000209994614124,19.999160056820212,0.05000209994614124,19.999160056820212,4.055909812450409e-06,False,False,7282549.6286384445,7282549.6322354,3.5969559103250504,7282549.678638444,0.0,0.00802569929510355,124.59973433219662,0.04641485493630171,0.9282971021842104,299,298,-0.4079837959669794,-0.3719683964545055,0.113,-0.24717754544790377,-0.39499093179784844,0.113,-0.2676210271578102,-0.3799252262698479,0.113,-0.24717754544790377,-0.39499093179784844,0.113,7282549.578638445,7282549.6286384445,0.04641485493630171,0.049999999813735485,1,True,1849,5,1.6585821289275728,17.903055539910618,2.569929510354979e-05,1,False,,False,,,,,False,False,False,,4.3635053634643555,4.819529056549072,5.341988563537598,1.9437915086746216,,,3.037646532058716,False,0.20763287,0.896048271913,1,0.07825362682342529,-0.8440064191818237,0.8476263880729675,0.016248025000095367,-0.17524348199367523,0.1759950965642929,0.09328760206699371,-0.2076328694820404,0.22762686014175415,0.06249343603849411,-0.20763254165649414,0.21683335304260254,0.06249344348907471,-0.20763254165649414,0.21683335304260254,0.062493324279785156,-0.20763254165649414,0.21683332324028015,False,False,1.1748997494578362,,,,,,,,,,,1.672600395977497,1.0,-0.5476071834564209,1.140120029449463,1.0,-0.7073108553886414,928.8386840820312,52.400001525878906,928.8386840820312,23.70538330078125,8.570690155029297,0.5,9.070690155029297,0.5,0.5,0.0,0.5,0.2728586196899414,-0.16078317165374756,0.3167065680027008,0.5457172393798828,3.536813259124756,1.5368132591247559,2.0,1.5,3.0,True,,True,False,-0.42437428076206857,-0.3694322259347196,0.11309651485021639,False,,False,timeout
300,1787741344.8636155,15.002152900211513,0.052148899994790554,19.17585989541286,0.052148899994790554,19.17585989541286,0.0021529560908675194,True,False,7282549.678638444,7282549.684749,6.110555492341518,7282549.728638444,0.0,0.008002500049769878,124.96094892604921,0.05269985552877188,1.0,300,299,-0.3903619659605043,-0.3752023639054594,0.113,-0.22666320489561112,-0.4101088563396447,0.113,-0.24717754544790377,-0.39499093179784844,0.113,-0.22666320489561112,-0.4101088563396447,0.113,7282549.6286384445,7282549.678638444,0.05269985552877188,0.049999999813735485,1,True,1856,5,1.9089589412368466,18.64675223936606,2.500049769878221e-06,1,False,,True,226,0.023804500699043274,0.06359599996358156,15.724259396387398,False,False,False,,4.425998687744141,4.611896514892578,5.626129150390625,1.803929090499878,,,3.053685426712036,False,0.20763287,0.896048271913,1,-1.0,-1.0,1.4142135381698608,-0.2076328694820404,-0.2076328694820404,0.293637216091156,0.016248025000095367,-0.17524348199367523,0.1759950965642929,0.021055303514003754,-0.17861038446426392,0.1798471361398697,0.021055303514003754,-0.17861038446426392,0.1798471361398697,0.021055221557617188,-0.17861032485961914,0.17984706163406372,False,False,1.1252006515860558,,,,,,,,,,,1.6640005633234978,1.0,-0.42279791831970215,1.0857062339782715,1.0,-0.5476071834564209,980.0386962890625,52.400001525878906,980.0386962890625,30.24538803100586,9.070690155029297,0.5,9.570690155029297,0.5,0.5,0.0,0.5,0.28414058685302734,-0.13986241817474365,0.3166975975036621,0.5682811737060547,3.683100700378418,1.683100700378418,2.0,1.5,3.0,True,,True,False,-0.4089865365176185,-0.3710149101691766,0.11305501547397123,False,,False,timeout
301,1787741344.911233,15.050001599825919,0.04784869961440563,20.89920955132778,0.04784869961440563,20.89920955132778,1.6558915376663208e-06,False,False,7282549.728638444,7282549.7327041,4.06565610319376,7282549.778638444,0.0,0.008002899587154388,124.95471036586785,0.05073045566678047,1.0,301,300,-0.3754677359214654,-0.378948862687563,0.113,-0.2056732833589031,-0.425577257535447,0.113,-0.22666320489561112,-0.4101088563396447,0.113,-0.2056732833589031,-0.425577257535447,0.113,7282549.678638444,7282549.728638444,0.05073045566678047,0.049999999813735485,1,True,1862,5,1.9081328350620246,19.516158926082163,2.899587154388261e-06,1,False,,True,227,0.008260499686002731,0.08037689980119467,12.441385553230017,False,False,False,,4.447053909301758,4.433286190032959,5.917514801025391,1.6846492290496826,,,3.1172521114349365,False,0.20763287,0.896048271913,1,1.0,-0.8146295547485352,1.2898144721984863,0.2076328694820404,-0.16914387047290802,0.26780787110328674,-0.2076328694820404,-0.2076328694820404,0.293637216091156,-0.18386034667491913,-0.20461592078208923,0.275085985660553,-0.18386034667491913,-0.20461592078208923,0.275085985660553,-0.18386030197143555,-0.20461606979370117,0.27508607506752014,False,False,1.1122999712824821,,,,,,,,,,,1.5668002888560295,1.0,-0.32017335295677185,1.0500051975250244,1.0,-0.42279791831970215,1031.2386474609375,52.400001525878906,1031.2386474609375,35.62291717529297,9.570690155029297,0.5,10.070690155029297,0.5,0.5,0.0,0.5,0.2913856506347656,-0.11927986145019531,0.31485438346862793,0.5827713012695312,3.840453624725342,1.8404536247253418,2.0,1.5,3.0,True,,True,False,-0.39384245122894973,-0.37380461472035725,0.11306034770073065,False,,False,timeout
302,1787741344.9618099,15.100002699531615,0.050001099705696106,19.999560127396165,0.050001099705696106,19.999560127396165,2.755783498287201e-06,False,False,7282549.778638444,7282549.7826839,4.04545571655035,7282549.828638444,0.0,0.008012200705707073,124.8096542673603,0.04877025634050369,0.9754051304437411,302,301,-0.36077709841577743,-0.383429493333183,0.113,-0.1850147077797641,-0.4408014752455072,0.113,-0.2056732833589031,-0.425577257535447,0.113,-0.1850147077797641,-0.4408014752455072,0.113,7282549.728638444,7282549.778638444,0.04877025634050369,0.049999999813735485,1,True,1868,5,1.9048011344858076,20.39363655207206,1.2200705707073045e-05,1,False,,False,,,,,False,False,False,,4.263193607330322,4.228670120239258,6.213233470916748,1.5782634019851685,,,3.2904880046844482,False,0.20763287,0.896048271913,1,1.0,-0.5771663188934326,1.1546086072921753,0.2076328694820404,-0.11983869969844818,0.2397346943616867,0.2076328694820404,-0.16914387047290802,0.26780787110328674,0.1669364720582962,-0.17283126711845398,0.24028822779655457,0.12631836533546448,-0.17651157081127167,0.21705451607704163,0.12631845474243164,-0.1765117645263672,0.21705472469329834,True,False,1.6371998935937881,,,,,,,,,,,2.131899818778038,1.0,-0.2537061870098114,1.0316815376281738,1.0,-0.32017335295677185,1082.438720703125,52.400001525878906,1082.438720703125,39.105796813964844,10.070690155029297,0.5,10.570690155029297,0.5,0.5,0.0,0.5,0.2957186698913574,-0.10638582706451416,0.314272940158844,0.5914373397827148,4.005324840545654,2.0053248405456543,2.0,1.5,3.0,True,,True,False,-0.37883165763187443,-0.37735834874002827,0.11302882768282645,False,,False,timeout
303,1787741345.0154245,15.153992500156164,0.05398980062454939,18.52201690749152,0.05398980062454939,18.52201690749152,0.003992556594312191,True,False,7282549.828638444,7282549.8363958,7.7573563903570175,7282549.878638444,0.0,0.008423100225627422,118.72113274367594,0.05521025601774454,1.0,303,302,-0.3438845569819273,-0.3894064003161604,0.113,-0.1642841511399346,-0.45607873898164775,0.113,-0.1850147077797641,-0.4408014752455072,0.113,-0.1642841511399346,-0.45607873898164775,0.113,7282549.778638444,7282549.828638444,0.05521025601774454,0.049999999813735485,1,True,1875,5,1.9068525915624037,21.064360973598696,0.00042310022562742217,1,False,,True,228,0.04467360023409128,0.06308390013873577,15.851905126359876,False,False,False,,4.389512062072754,4.052158355712891,6.561704158782959,1.4733084440231323,,,3.3717777729034424,False,0.20763287,0.896048271913,1,0.9203941822052002,-0.8881586194038391,1.2790430784225464,0.19110408425331116,-0.1844109296798706,0.26557138562202454,0.2076328694820404,-0.11983869969844818,0.2397346943616867,0.19918009638786316,-0.12572996318340302,0.23554348945617676,0.19918009638786316,-0.12572996318340302,0.23554348945617676,0.19918012619018555,-0.12573003768920898,0.23554354906082153,False,False,1.1716000735759735,,,,,,,,,,,1.4788992702960968,1.0,-0.1622597873210907,1.0130785703659058,1.0,-0.2537061870098114,1133.638671875,52.400001525878906,1133.638671875,43.897586822509766,10.570690155029297,0.5,11.070690155029297,0.5,0.5,0.0,0.5,0.34847068786621094,-0.10495495796203613,0.36393317580223083,0.6969413757324219,4.1254448890686035,2.1254448890686035,2.0,1.5,3.0,True,,True,False,-0.3616794646833653,-0.3825544595535601,0.11302912521149594,False,,False,timeout
304,1787741345.062047,15.200002499856055,0.046009999699890614,21.73440570577481,0.046009999699890614,21.73440570577481,2.5564804673194885e-06,False,False,7282549.878638444,7282549.8828034,4.164956510066986,7282549.928638443,0.0,0.008003000169992447,124.95313991739472,0.053259856067597866,1.0,304,303,-0.32960935304199274,-0.3950748319584398,0.113,-0.1434812365754265,-0.47140932647160344,0.113,-0.1642841511399346,-0.45607873898164775,0.113,-0.1434812365754265,-0.47140932647160344,0.113,7282549.828638444,7282549.878638444,0.053259856067597866,0.049999999813735485,1,True,1881,5,1.905133687246309,22.022365464573916,3.000169992446733e-06,1,False,,True,229,0.010426400229334831,0.06786630023270845,14.734853625010867,False,False,False,,4.5886921882629395,3.9264283180236816,6.863021373748779,1.3951700925827026,,,3.402916431427002,False,0.20763287,0.896048271913,1,1.0,-1.0,1.4142135381698608,0.2076328694820404,-0.2076328694820404,0.293637216091156,0.19110408425331116,-0.1844109296798706,0.26557138562202454,0.19194360077381134,-0.17831094563007355,0.2619869112968445,0.19194360077381134,-0.17831094563007355,0.2619869112968445,0.19194364547729492,-0.17831087112426758,0.2619868814945221,False,False,1.1308994144201279,,,,,,,,,,,1.5915995463728905,1.0,-0.1177874505519867,1.0069130659103394,1.0,-0.1622597873210907,1184.838623046875,52.400001525878906,1184.838623046875,46.227935791015625,11.070690155029297,0.5,11.570690155029297,0.5,0.5,0.0,0.5,0.3013172149658203,-0.07813835144042969,0.3112839162349701,0.6026344299316406,4.30183744430542,2.30183744430542,2.0,1.5,3.0,True,,True,False,-0.34716757472039933,-0.3876816057039401,0.1130499366576895,False,,False,timeout
305,1787741345.1106114,15.250002699904144,0.05000020004808903,19.999919981084542,0.05000020004808903,19.999919981084542,2.7567148208618164e-06,False,False,7282549.928638443,7282549.9318608,3.2223565503954887,7282549.978638443,0.0,0.008036100305616856,124.43846666536095,0.05132795684039593,1.0,305,304,-0.3155066353237367,-0.4011600370626018,0.113,-0.12260558458684068,-0.4867935173852602,0.113,-0.1434812365754265,-0.47140932647160344,0.113,-0.12260558458684068,-0.4867935173852602,0.113,7282549.878638444,7282549.928638443,0.05132795684039593,0.049999999813735485,1,True,1887,5,1.903027206024583,23.008392082784397,3.6100305616855455e-05,1,False,,False,,,,,False,False,False,,4.780635833740234,3.748117446899414,7.165314674377441,1.3259741067886353,,,3.3990399837493896,False,0.20763287,0.896048271913,1,1.0,-0.2603163719177246,1.0333269834518433,0.2076328694820404,-0.05405023694038391,0.214552640914917,0.2076328694820404,-0.2076328694820404,0.293637216091156,0.20600195229053497,-0.20458479225635529,0.2903304100036621,0.20600195229053497,-0.20458479225635529,0.2903304100036621,0.20600175857543945,-0.20458483695983887,0.29033029079437256,False,False,1.1245999485254288,,,,,,,,,,,1.828099600970745,1.0,-0.08276510238647461,1.0034191608428955,1.0,-0.1177874505519867,1236.0386962890625,52.400001525878906,1236.0386962890625,48.063106536865234,11.570690155029297,0.5,12.070690155029297,0.5,0.5,0.0,0.5,0.3022933006286621,-0.06919598579406738,0.31011179089546204,0.6045866012573242,4.482138633728027,2.4821386337280273,2.0,1.5,3.0,True,,True,False,-0.3328353892620199,-0.3932946475509915,0.11303448860766796,False,,False,timeout
306,1787741345.1632714,15.30000269971788,0.049999999813735485,20.000000074505806,0.049999999813735485,20.000000074505806,2.7567148208618164e-06,False,False,7282549.978638443,7282549.9839784,5.339956842362881,7282550.028638443,0.0,0.00800270028412342,124.95782229704426,0.04936495702713728,0.9872991442207215,306,305,-0.30156242548006706,-0.40760038663705955,0.113,-0.10124531928940927,-0.5025348412721367,0.113,-0.12260558458684068,-0.4867935173852602,0.113,-0.10124531928940927,-0.5025348412721367,0.113,7282549.928638443,7282549.978638443,0.04936495702713728,0.049999999813735485,1,True,1893,5,1.6483760767004334,23.815713748801855,2.700284123420549e-06,1,False,,True,230,0.04901999980211258,0.0800308994948864,12.495173818006323,False,False,False,,4.986637592315674,3.543532609939575,7.5179338455200195,1.2559113502502441,,,3.4118428230285645,False,0.20763287,0.896048271913,1,1.0,-1.0,1.4142135381698608,0.2076328694820404,-0.2076328694820404,0.293637216091156,0.2076328694820404,-0.05405023694038391,0.214552640914917,0.2074633091688156,-0.06969857215881348,0.21885821223258972,0.2074633091688156,-0.06969857215881348,0.21885821223258972,0.20746326446533203,-0.06969857215881348,0.21885816752910614,False,False,1.756199635565281,,,,,,,,,,,2.3174993693828583,1.0,-0.04764385148882866,1.0011343955993652,1.0,-0.08276510238647461,1287.2386474609375,52.400001525878906,1287.2386474609375,49.903465270996094,12.070690155029297,0.5,12.570690155029297,0.5,0.5,0.0,0.5,0.3526191711425781,-0.07006275653839111,0.3595122694969177,0.7052383422851562,4.61508321762085,2.6150832176208496,2.0,1.5,3.0,True,,True,False,-0.31638500494474875,-0.4003891922715617,0.11306467503413631,False,,False,timeout
307,1787741345.2128103,15.351315500214696,0.051312800496816635,19.488314617753876,0.051312800496816635,19.488314617753876,0.0013155573979020119,True,False,7282550.028638443,7282550.03386,5.22155687212944,7282550.078638443,0.0,0.008000600151717663,124.99062333283938,0.047389157116413116,0.9477831458590297,307,306,-0.28776008578329465,-0.41433963990119044,0.113,-0.08022159816894342,-0.5180281508755716,0.113,-0.10124531928940927,-0.5025348412721367,0.113,-0.08022159816894342,-0.5180281508755716,0.113,7282549.978638443,7282550.028638443,0.047389157116413116,0.049999999813735485,1,True,1899,5,1.6478803413321716,24.84767666559284,6.001517176626447e-07,1,False,,True,231,0.03666240070015192,0.061648800037801266,16.220915887849056,False,False,False,,5.194100856781006,3.4738340377807617,7.820405006408691,1.2020748853683472,,,3.472515344619751,False,0.20763287,0.896048271913,1,1.0,-1.0,1.4142135381698608,0.2076328694820404,-0.2076328694820404,0.293637216091156,0.2076328694820404,-0.2076328694820404,0.293637216091156,0.20761524140834808,-0.19329436123371124,0.2836667001247406,0.20761524140834808,-0.19329436123371124,0.2836667001247406,0.20761537551879883,-0.19329428672790527,0.283666729927063,False,False,1.0753003880381584,,,,,,,,,,,1.440899446606636,1.0,-0.013581562787294388,1.0000921487808228,1.0,-0.04764385148882866,1338.438720703125,52.400001525878906,1338.438720703125,51.688323974609375,12.570690155029297,0.5,13.070690155029297,0.5,0.5,0.0,0.5,0.3024711608886719,-0.05383646488189697,0.30722492933273315,0.6049423217773438,4.801887035369873,2.801887035369873,2.0,1.5,3.0,True,,True,False,-0.3024159929088649,-0.40680605762231714,0.11302205241503867,False,,False,timeout
308,1787741345.2613497,15.400001700036228,0.04868619982153177,20.539701263719166,0.04868619982153177,20.539701263719166,1.757405698299408e-06,False,False,7282550.078638443,7282550.0826377,3.9992574602365494,7282550.128638443,0.0,0.008003699593245983,124.94222057557755,0.05343305692076683,1.0,308,307,-0.27181503012056507,-0.42251717966505625,0.113,-0.05912397745562055,-0.5335759203562634,0.113,-0.08022159816894342,-0.5180281508755716,0.113,-0.05912397745562055,-0.5335759203562634,0.113,7282550.028638443,7282550.078638443,0.05343305692076683,0.049999999813735485,1,True,1906,5,1.9030886905663915,25.89709374169965,3.6995932459829572e-06,1,False,,True,232,0.005722700618207455,0.06336500030010939,15.781582818019393,False,False,False,,5.401716232299805,3.2805397510528564,8.122928619384766,1.1548115015029907,,,3.453073740005493,False,0.20763287,0.896048271913,1,1.0,-1.0,1.4142135381698608,0.2076328694820404,-0.2076328694820404,0.293637216091156,0.2076328694820404,-0.2076328694820404,0.293637216091156,0.20763105154037476,-0.2061423510313034,0.2925838828086853,0.20763105154037476,-0.2061423510313034,0.2925838828086853,0.20763111114501953,-0.20614242553710938,0.29258397221565247,False,False,1.1462997645139694,,,,,,,,,,,1.5382999554276466,1.0,-0.0003705434501171112,1.0,1.0,-0.013581562787294388,1389.638671875,52.400001525878906,1389.638671875,52.380584716796875,13.070690155029297,0.5,13.570690155029297,0.5,0.5,0.0,0.5,0.3025236129760742,-0.047263383865356445,0.3061933219432831,0.6050472259521484,4.990903854370117,2.990903854370117,2.0,1.5,3.0,True,,True,False,-0.28861026946973684,-0.41356763766439647,0.11301701759763108,False,,False,timeout
309,1787741345.3119829,15.450002199970186,0.050000499933958054,19.99980002841623,0.050000499933958054,19.99980002841623,2.25752592086792e-06,False,False,7282550.128638443,,,7282550.178638442,,0.008011900819838047,124.81432589928316,0.0517339576035738,1.0,309,308,-0.2582704051126642,-0.42976071679562106,0.113,-0.03795206682142829,-0.5491784373641817,0.113,-0.05912397745562055,-0.5335759203562634,0.113,-0.03795206682142829,-0.5491784373641817,0.113,7282550.078638443,7282550.128638443,0.0517339576035738,0.049999999813735485,1,True,1912,5,1.9014219092381597,26.961448930397026,1.1900819838046861e-05,1,False,,False,,,,,False,False,False,,5.609347343444824,3.074397325515747,8.425237655639648,1.1121386289596558,,,3.4321563243865967,False,0.20763287,0.896048271913,1,0.9540863037109375,-1.0,1.3821290731430054,0.19809967279434204,-0.2076328694820404,0.2869754135608673,0.2076328694820404,-0.2076328694820404,0.293637216091156,0.20763269066810608,-0.20747794210910797,0.2935275733470917,0.20763269066810608,-0.20747794210910797,0.2935275733470917,0.20763254165649414,-0.20747804641723633,0.2935275137424469,False,False,1.3635000213980675,,,,,,,,,,,2.271999605000019,1.0,0.005549576133489609,1.000015377998352,1.0,-0.0003705434501171112,913.9443359375,116.84293365478516,913.9443359375,116.84293365478516,8.425237655639648,1.1121386289596558,8.925237655639648,1.1149134635925293,0.5,0.002774834632873535,0.500007688999176,0.3023090362548828,-0.04267287254333496,0.30530595779418945,0.6046180725097656,5.181736469268799,3.181736469268799,2.0,1.5,3.0,False,lag_over_hard_limit,False,False,-0.2749161453848507,-0.42057051261778355,0.11299762225841854,False,,False,timeout
310,1787741345.364658,15.503189999610186,0.053187799639999866,18.801304185705593,0.053187799639999866,18.801304185705593,0.0031900573521852493,True,False,7282550.178638442,7282550.1861204,7.481957785785198,7282550.228638442,0.0,0.008004900068044662,124.92348330392932,0.09977805707603693,1.0,310,-1,-0.2717171089366639,-0.42233671812444434,0.113,-0.2749161453848507,-0.42057051261778355,0.113,-0.2749161453848507,-0.42057051261778355,0.113,-0.2749161453848507,-0.42057051261778355,0.113,7282550.1324589,7282550.1324589,0.04595759976655245,0.0,1,True,1918,6,1.101827164281609,1.4671697101468117,4.900068044662309e-06,1,False,,True,234,0.017327699810266495,0.06444429978728294,15.51727621063134,False,False,False,,5.816979885101318,2.8669192790985107,8.713128089904785,1.0749937295913696,,,3.40568208694458,False,0.20763287,0.896048271913,1,1.0,-1.0,1.4142135381698608,0.2076328694820404,-0.2076328694820404,0.293637216091156,0.19809967279434204,-0.2076328694820404,0.2869754135608673,0.1990906298160553,-0.20761677622795105,0.2876487374305725,0.1990906298160553,-0.20761677622795105,0.2876487374305725,0.19909048080444336,-0.20761680603027344,0.28764864802360535,False,False,1.1462997645139694,,,,,,,,,,,1.575099304318428,1.0,0.007182944566011429,1.000025749206543,1.0,0.005549576133489609,913.9443359375,116.92850494384766,913.9443359375,116.92850494384766,8.425237655639648,1.1121386289596558,8.925237655639648,1.1157300472259521,0.5,0.0035914182662963867,0.5000128746032715,0.2878904342651367,-0.03714489936828613,0.29027682542800903,,0.29027682542800903,0.0,2.0,1.5,3.0,True,,False,False,-0.2619478914493108,-0.4274320776568614,0.11304484322787225,False,,False,timeout
311,1787741345.4102044,15.550003199838102,0.04681320022791624,21.361496226093667,0.04681320022791624,21.361496226093667,3.257766366004944e-06,False,False,7282550.228638442,7282550.2316542,3.0157575383782387,7282550.278638442,0.0,0.008001199923455715,124.98125400772393,0.04780275747179985,0.95605515299758,311,310,-0.2614141003465131,-0.4303112297775317,0.113,-0.25485881043299513,-0.4350403818997786,0.113,-0.2749161453848507,-0.42057051261778355,0.113,-0.25485881043299513,-0.4350403818997786,0.113,7282550.178638442,7282550.228638442,0.04780275747179985,0.049999999813735485,1,True,1923,6,0.5020104965133629,1.2999106102597042,1.199923455715013e-06,1,False,,False,,,,,False,False,False,,6.016070365905762,2.6593024730682373,8.65914535522461,1.087930679321289,,,3.0749073028564453,False,0.20763287,0.896048271913,1,1.0,-1.0,1.4142135381698608,0.2076328694820404,-0.2076328694820404,0.293637216091156,0.2076328694820404,-0.2076328694820404,0.293637216091156,0.20674487948417664,-0.2076312005519867,0.29300880432128906,0.20674487948417664,-0.2076312005519867,0.29300880432128906,0.20674467086791992,-0.20763111114501953,0.29300859570503235,False,False,1.1138003319501877,,,,,,,,,,,1.6321996226906776,1.0,-0.05618630722165108,1.0015772581100464,1.0,0.007182944566011429,965.1443481445312,113.9843521118164,965.1443481445312,113.9843521118164,8.925237655639648,1.1157300472259521,9.425237655639648,1.087636947631836,0.5,-0.02809309959411621,0.5007886290550232,-0.05398273468017578,0.012936949729919434,0.05551126226782799,-0.10777405649423599,0.26754048466682434,0.0,2.0,1.5,3.0,True,,False,False,-0.2645954158118838,-0.4264279005203184,0.11297903214785153,False,,False,timeout
312,1787741345.4618185,15.600002699531615,0.04999949969351292,20.000200124597306,0.04999949969351292,20.000200124597306,2.757646143436432e-06,False,False,7282550.278638442,7282550.2825428,3.9043575525283813,7282550.328638442,0.0,0.00800739973783493,124.88448594304643,0.045843557454645634,0.9168711525085239,312,311,-0.24865864440179225,-0.43886701749009727,0.113,-0.23318688037154575,-0.4489737976832817,0.113,-0.25485881043299513,-0.4350403818997786,0.113,-0.23318688037154575,-0.4489737976832817,0.113,7282550.228638442,7282550.278638442,0.045843557454645634,0.049999999813735485,1,True,1929,6,1.7028691555354432,3.5504379985299246,7.399737834930253e-06,1,False,,False,,,,,False,False,False,,6.222815036773682,2.4516713619232178,8.7224702835083,1.10433828830719,,,2.83964467048645,False,0.20763287,0.896048271913,1,1.0,-0.3900589942932129,1.0733805894851685,0.2076328694820404,-0.08098907023668289,0.2228691130876541,0.2076328694820404,-0.2076328694820404,0.293637216091156,0.20754054188728333,-0.20763269066810608,0.2935718297958374,0.20754054188728333,-0.20763269066810608,0.2935718297958374,0.20754051208496094,-0.20763278007507324,0.2935718595981598,False,False,1.883000135421753,,,,,,,,,,,1.7576999962329865,1.0,-0.08452947437763214,1.0035662651062012,1.0,-0.05618630722165108,1016.3443603515625,109.55501556396484,1016.3443603515625,109.55501556396484,9.425237655639648,1.087636947631836,9.925237655639648,1.0453722476959229,0.5,-0.042264699935913086,0.5017831325531006,0.0633249282836914,0.01640760898590088,0.06541602313518524,0.12441333383321762,0.7029657959938049,0.0,2.0,1.5,3.0,True,,False,False,-0.26261343408274296,-0.4291086303415183,0.11311858037898379,False,,False,timeout
313,1787741345.5176568,15.655142899602652,0.055140200071036816,18.135588893614923,0.055140200071036816,18.135588893614923,0.005142957903444767,True,False,7282550.328638442,7282550.33895,10.311557911336422,7282550.378638442,0.0,0.008003800176084042,124.94065044103367,0.05237285792827606,1.0,313,312,-0.23352268329265286,-0.4484596047887213,0.113,-0.21145704448528624,-0.4622300959995875,0.113,-0.23318688037154575,-0.4489737976832817,0.113,-0.21145704448528624,-0.4622300959995875,0.113,7282550.278638442,7282550.328638442,0.05237285792827606,0.049999999813735485,1,True,1936,6,1.9015690340897389,4.502517588783252,3.800176084041429e-06,1,False,,True,235,0.05197380017489195,0.02744700014591217,36.43385414376279,False,False,False,,6.430355548858643,2.2440385818481445,9.038477897644043,1.1020328998565674,,,2.8471879959106445,False,0.20763287,0.896048271913,1,0.011641740798950195,-1.0,1.0000677108764648,0.0024172081612050533,-0.2076328694820404,0.2076469361782074,0.2076328694820404,-0.08098907023668289,0.2228691130876541,0.20762327313423157,-0.09415390342473984,0.2279745191335678,0.20762327313423157,-0.09415390342473984,0.2279745191335678,0.20762348175048828,-0.09415388107299805,0.22797469794750214,False,False,1.331700012087822,,,,,,,,,,,2.1623000502586365,1.0,-0.06571130454540253,1.0021566152572632,1.0,-0.08452947437763214,1067.5443115234375,106.11174011230469,1067.5443115234375,106.11174011230469,9.925237655639648,1.0453722476959229,10.425237655639648,1.0125166177749634,0.5,-0.03285562992095947,0.5010783076286316,0.3160076141357422,-0.0023053884506225586,0.3160160183906555,0.6279184222221375,0.888568103313446,0.0,2.0,1.5,3.0,True,,False,False,-0.249716211280039,-0.4384922747549987,0.11286412335929134,False,,False,timeout
314,1787741345.5633504,15.700842400081456,0.04569950047880411,21.882077255172845,0.04569950047880411,21.882077255172845,0.0008424585685133934,False,False,7282550.378638442,7282550.3840315,5.3930580615997314,7282550.4286384415,0.0,0.008010799996554852,124.83147755905316,0.05043645855039358,1.0,314,313,-0.22052944325983692,-0.45665135316512395,0.113,-0.18997196500143224,-0.47600261612312333,0.113,-0.21145704448528624,-0.4622300959995875,0.113,-0.18997196500143224,-0.47600261612312333,0.113,7282550.328638442,7282550.378638442,0.05043645855039358,0.049999999813735485,1,True,1942,6,1.771074959273593,5.387964490640603,1.0799996554851365e-05,1,False,,True,237,0.005973599851131439,0.06441110000014305,15.525274370376831,False,False,False,,6.637979030609131,2.1498847007751465,9.36641788482666,1.0795804262161255,,,2.9308581352233887,False,0.20763287,0.896048271913,1,1.0,-0.3321906328201294,1.0537317991256714,0.2076328694820404,-0.06897369772195816,0.21878935396671295,0.0024172081612050533,-0.2076328694820404,0.2076469361782074,0.02374875545501709,-0.19583652913570404,0.19727125763893127,0.02374875545501709,-0.19583652913570404,0.19727125763893127,0.02374887466430664,-0.19583654403686523,0.19727128744125366,False,False,1.2450003996491432,,,,,,,,,,,1.6871001571416855,1.0,-0.03483871743083,1.000606656074524,1.0,-0.06571130454540253,1118.7442626953125,104.28619384765625,1118.7442626953125,104.28619384765625,10.425237655639648,1.0125166177749634,10.925237655639648,0.995097279548645,0.5,-0.01741933822631836,0.500303328037262,0.3279399871826172,-0.022452473640441895,0.3287076950073242,0.655998170375824,1.060941457748413,0.0,2.0,1.5,3.0,True,,False,False,-0.23557327811202863,-0.4473054175414748,0.1130846840904983,False,,False,timeout
315,1787741345.6120324,15.750001699663699,0.049159299582242966,20.34203108054888,0.049159299582242966,20.34203108054888,1.7583370208740234e-06,False,False,7282550.4286384415,7282550.4328802,4.241758957505226,7282550.478638441,0.0,0.008027499541640282,124.5717916036987,0.048499858006834984,0.9699971637502207,315,314,-0.20761972438467372,-0.46497399137701906,0.113,-0.16874782300489638,-0.4902858224508859,0.113,-0.18997196500143224,-0.47600261612312333,0.113,-0.16874782300489638,-0.4902858224508859,0.113,7282550.378638442,7282550.4286384415,0.048499858006834984,0.049999999813735485,1,True,1948,6,1.665267580084305,6.303877143614546,2.749954164028151e-05,1,False,,True,238,0.01826399937272072,0.027300700545310974,36.629096690771725,False,False,False,,6.6617279052734375,1.9540481567382812,9.688382148742676,1.056862235069275,,,3.156830310821533,False,0.20763287,0.896048271913,1,1.0,-1.0,1.4142135381698608,0.2076328694820404,-0.2076328694820404,0.293637216091156,0.2076328694820404,-0.06897369772195816,0.21878935396671295,0.18851780891418457,-0.0821613073348999,0.20564396679401398,0.18851780891418457,-0.0821613073348999,0.20564396679401398,0.18851757049560547,-0.0821613073348999,0.20564375817775726,False,False,1.1363998055458069,,,,,,,,,,,1.6211001202464104,0.8704412579536438,-0.04232671484351158,0.8714697360992432,1.0,-0.03483871743083,1163.3109130859375,102.06827545166016,1163.3109130859375,102.06827545166016,10.925237655639648,0.995097279548645,11.360458374023438,0.9739339351654053,0.43522071838378906,-0.021163344383239746,0.43573495745658875,0.3219642639160156,-0.022718191146850586,0.3227647840976715,0.6447288990020752,1.2383967638015747,0.0,2.0,1.5,3.0,True,,False,False,-0.22161779651687558,-0.4559545288287131,0.11287800307641599,False,,False,timeout
316,1787741345.662667,15.800003499723971,0.05000180006027222,19.999280001811915,0.05000180006027222,19.999280001811915,3.5585835576057434e-06,False,False,7282550.478638441,7282550.4830406,4.402158781886101,7282550.528638441,0.0,0.008020499721169472,124.68051053733964,0.046578758396208286,0.9315751713945537,316,315,-0.19476432979992248,-0.47338043189953927,0.113,-0.14985718132434425,-0.502836116310415,0.113,-0.16874782300489638,-0.4902858224508859,0.113,-0.14985718132434425,-0.502836116310415,0.113,7282550.4286384415,7282550.478638441,0.046578758396208286,0.049999999813735485,1,True,1954,6,1.62970409811776,7.00022915874654,2.0499721169471574e-05,1,False,,False,,,,,False,False,False,,6.850245475769043,1.8718868494033813,9.995891571044922,1.037325143814087,,,3.2544710636138916,False,0.20763287,0.896048271913,1,1.0,-0.0461430549621582,1.0010640621185303,0.2076328694820404,-0.009580815210938454,0.2078537940979004,0.2076328694820404,-0.2076328694820404,0.293637216091156,0.20564579963684082,-0.19458988308906555,0.2831173241138458,0.20564579963684082,-0.19458988308906555,0.2831173241138458,0.20564556121826172,-0.19458985328674316,0.2831171154975891,False,False,1.700100488960743,,,,,,,,,,,2.293100580573082,0.829894483089447,-0.01094100996851921,0.8299666047096252,0.8704412579536438,-0.04232671484351158,1205.801513671875,101.49496459960938,1205.801513671875,101.49496459960938,11.360458374023438,0.9739339351654053,11.775405883789062,0.9684634208679199,0.414947509765625,-0.0054705142974853516,0.4149835705757141,0.3075094223022461,-0.01953709125518799,0.3081294298171997,0.7070706486701965,1.36603844165802,0.0,2.0,1.5,3.0,True,,False,False,-0.20832623398868158,-0.46434338056209523,0.11300162526963743,False,,False,timeout
317,1787741345.7180607,15.853412699885666,0.05340920016169548,18.723365955163462,0.05340920016169548,18.723365955163462,0.003412758931517601,True,False,7282550.528638441,7282550.5381246,9.486159309744835,7282550.578638441,0.0,0.00801290012896061,124.79875998775422,0.05262355878949165,1.0,317,316,-0.17983445010319005,-0.4832911648833493,0.113,-0.13248211374956792,-0.5149764584789425,0.113,-0.14985718132434425,-0.502836116310415,0.113,-0.13248211374956792,-0.5149764584789425,0.113,7282550.478638441,7282550.528638441,0.05262355878949165,0.049999999813735485,1,True,1961,6,1.7839563758230585,7.481488794191991,1.290012896060927e-05,1,False,,True,239,0.044325100257992744,0.03655030019581318,27.359556409732296,False,False,False,,7.055891036987305,1.6772969961166382,10.315872192382812,1.0214346647262573,,,3.3253018856048584,False,0.20763287,0.896048271913,1,1.0,-0.9369880557060242,1.3703819513320923,0.2076328694820404,-0.19454951584339142,0.28453633189201355,0.2076328694820404,-0.009580815210938454,0.2078537940979004,0.2074262797832489,-0.028812825679779053,0.20941784977912903,0.2074262797832489,-0.028812825679779053,0.20941784977912903,0.2074260711669922,-0.028812766075134277,0.2094176560640335,False,False,2.2703995928168297,,,,,,,,,,,2.331400290131569,0.78557950258255,0.008970756083726883,0.7856307029724121,0.829894483089447,-0.01094100996851921,1246.023193359375,101.96503448486328,1246.023193359375,101.96503448486328,11.775405883789062,0.9684634208679199,12.168195724487305,0.9729487895965576,0.3927898406982422,0.004485368728637695,0.3928154706954956,0.3199806213378906,-0.01589047908782959,0.3203749358654022,0.7715059518814087,1.4604946374893188,0.0,2.0,1.5,3.0,True,,False,False,-0.19461881965707462,-0.47330755919889755,0.11299166240271917,False,,False,timeout
318,1787741345.7618608,15.900003300048411,0.04659060016274452,21.46355695155082,0.04659060016274452,21.46355695155082,3.359280526638031e-06,False,False,7282550.578638441,7282550.5829186,4.2801592499017715,7282550.628638441,0.0,0.0080059003084898,124.90787562512578,0.050678959116339684,1.0,318,317,-0.16714406781936278,-0.4919445415711085,0.113,-0.11583398361308284,-0.5272945968675871,0.113,-0.13248211374956792,-0.5149764584789425,0.113,-0.11583398361308284,-0.5272945968675871,0.113,7282550.528638441,7282550.578638441,0.050678959116339684,0.049999999813735485,1,True,1967,6,1.8855716982112258,8.11642190800215,5.900308489799333e-06,1,False,,True,240,0.025599299930036068,0.07767349947243929,12.874403841619467,False,False,False,,7.263317108154297,1.648484230041504,10.59557056427002,1.0095402002334595,,,3.392957925796509,False,0.20763287,0.896048271913,1,1.0,-1.0,1.4142135381698608,0.2076328694820404,-0.2076328694820404,0.293637216091156,0.2076328694820404,-0.19454951584339142,0.28453633189201355,0.20761136710643768,-0.17732088267803192,0.273029625415802,0.20761136710643768,-0.17732088267803192,0.273029625415802,0.2076115608215332,-0.17732083797454834,0.27302974462509155,False,False,1.1236993595957756,,,,,,,,,,,1.6673002392053604,0.7515594363212585,0.04245029762387276,0.7527573108673096,0.78557950258255,0.008970756083726883,1284.503173828125,104.1894302368164,1284.503173828125,104.1894302368164,12.168195724487305,0.9729487895965576,12.543975830078125,0.9941739439964294,0.3757801055908203,0.021225154399871826,0.3763790726661682,0.27969837188720703,-0.011894464492797852,0.27995115518569946,0.711642861366272,1.5730507373809814,0.0,2.0,1.5,3.0,True,,False,False,-0.18267917426240132,-0.4812581932837809,0.11302215840492771,False,,False,timeout
319,1787741345.8117528,15.950003099627793,0.04999979957938194,20.000080168568573,0.04999979957938194,20.000080168568573,3.159046173095703e-06,False,False,7282550.628638441,7282550.6329962,4.3577589094638824,7282550.678638441,0.0,0.00800739973783493,124.88448594304643,0.0487227588891983,0.9744551814140945,319,318,-0.15466388255514615,-0.5008976386960383,0.113,-0.10150627973036798,-0.5400506871691931,0.113,-0.11583398361308284,-0.5272945968675871,0.113,-0.10150627973036798,-0.5400506871691931,0.113,7282550.578638441,7282550.628638441,0.0487227588891983,0.049999999813735485,1,True,1973,6,1.9061610784208778,8.508039471356604,7.399737834930253e-06,1,False,,True,241,0.013571999967098236,0.06499319989234209,15.386225045950173,False,False,False,,7.47092866897583,1.4711633920669556,10.890621185302734,0.999998927116394,,,3.451998472213745,False,0.20763287,0.896048271913,1,1.0,-1.0,1.4142135381698608,0.2076328694820404,-0.2076328694820404,0.293637216091156,0.2076328694820404,-0.2076328694820404,0.293637216091156,0.20763064920902252,-0.20448188483715057,0.29141607880592346,0.20763064920902252,-0.20448188483715057,0.29141607880592346,0.20763063430786133,-0.204481840133667,0.2914160192012787,False,False,1.184600405395031,,,,,,,,,,,1.6408003866672516,0.717845618724823,0.06768761575222015,0.7210298180580139,0.7515594363212585,0.04245029762387276,1321.2567138671875,107.73626708984375,1321.2567138671875,107.73626708984375,12.543975830078125,0.9941739439964294,12.902898788452148,1.0280177593231201,0.35892295837402344,0.033843815326690674,0.3605150580406189,0.29505062103271484,-0.00954127311706543,0.29520484805107117,0.7812417149543762,1.653364896774292,0.0,2.0,1.5,3.0,True,,False,False,-0.17016641643284663,-0.48980678405405575,0.11309691423954803,False,,False,timeout
320,1787741345.8626187,16.00000260025263,0.04999950062483549,20.000199752060826,0.04999950062483549,20.000199752060826,2.6598572731018066e-06,False,False,7282550.678638441,7282550.682621,3.9825597777962685,7282550.72863844,0.0,0.008021400310099125,124.66651224736626,0.046774559654295444,0.9354911965708852,320,319,-0.14241421535403306,-0.5101640467674854,0.113,-0.08756897272456453,-0.5525204313977808,0.113,-0.10150627973036798,-0.5400506871691931,0.113,-0.08756897272456453,-0.5525204313977808,0.113,7282550.628638441,7282550.678638441,0.046774559654295444,0.049999999813735485,1,True,1979,6,1.892803289153255,8.822433852878822,2.1400310099124742e-05,1,False,,False,,,,,False,False,False,,7.678559303283691,1.2666815519332886,11.191922187805176,0.9939618110656738,,,3.5239317417144775,True,0.20763287,0.896048271913,1,1.0,-1.0,1.4142135381698608,0.2076328694820404,-0.2076328694820404,0.293637216091156,0.2076328694820404,-0.2076328694820404,0.293637216091156,0.2076326310634613,-0.20730531215667725,0.29340553283691406,0.2076326310634613,-0.20730531215667725,0.29340553283691406,0.20763254165649414,-0.20730531215667725,0.2934054732322693,False,False,1.646699383854866,,,,,,,,,,,1.9602002575993538,0.680454671382904,0.09761124849319458,0.6874201893806458,0.717845618724823,0.06768761575222015,1356.0960693359375,112.85108947753906,1356.0960693359375,112.85108947753906,12.902898788452148,1.0280177593231201,13.243125915527344,1.076823353767395,0.3402271270751953,0.0488055944442749,0.34370988607406616,0.3013010025024414,-0.006037116050720215,0.30136147141456604,0.8304886817932129,1.7113155126571655,0.0,2.0,1.5,3.0,True,,False,False,-0.15749882185770314,-0.4987305672248991,0.11297507367589252,False,,False,timeout
321,1787741345.9161284,16.052523399703205,0.052520799450576305,19.040075750199325,0.052520799450576305,19.040075750199325,0.002523459494113922,True,False,7282550.72863844,7282550.7366566,8.018159307539463,7282550.77863844,0.0,0.00800860021263361,124.86576598273624,0.052875359542667866,1.0,321,320,-0.12843934803611004,-0.5213800826274386,0.113,-0.07520756940508551,-0.5652608142107066,0.113,-0.08756897272456453,-0.5525204313977808,0.113,-0.07520756940508551,-0.5652608142107066,0.113,7282550.678638441,7282550.72863844,0.052875359542667866,0.049999999813735485,1,True,1986,6,1.8859925508549011,8.784629877748115,8.600212633609605e-06,1,False,,True,242,0.033846099860966206,0.062024700455367565,16.122609100217925,False,False,False,,7.8861918449401855,1.0593762397766113,11.541523933410645,0.9937171936035156,,,3.6559219360351562,True,0.20763287,0.896048271913,1,0.6164603233337402,-1.0,1.1747440099716187,0.12799742817878723,-0.2076328694820404,0.24391546845436096,0.2076328694820404,-0.2076328694820404,0.293637216091156,0.20763283967971802,-0.20759882032871246,0.29361310601234436,0.20763283967971802,-0.20759882032871246,0.29361310601234436,0.20763254165649414,-0.20759880542755127,0.29361289739608765,False,False,2.2523002699017525,,,,,,,,,,,1.769700087606907,0.6422771215438843,0.13422876596450806,0.6561533808708191,0.680454671382904,0.09761124849319458,1388.980712890625,119.8846664428711,1388.980712890625,119.8846664428711,13.243125915527344,1.076823353767395,13.564264297485352,1.1439377069473267,0.3211383819580078,0.06711435317993164,0.3280765116214752,0.34960174560546875,-0.0002446174621582031,0.3496018350124359,1.0067343711853027,1.7036303281784058,0.0,2.0,1.5,3.0,True,,False,False,-0.14302523785909438,-0.5094241648024255,0.11306809714614036,False,,False,timeout
322,1787741345.961971,16.100001899525523,0.047478499822318554,21.062165058760407,0.047478499822318554,21.062165058760407,1.959502696990967e-06,False,False,7282550.77863844,7282550.7831033,4.464860074222088,7282550.82863844,0.0,0.00801950041204691,124.69604696295022,0.05098635982722044,1.0,322,321,-0.1168415979053831,-0.531449617885277,0.113,-0.06485027111373179,-0.5779492574155385,0.113,-0.07520756940508551,-0.5652608142107066,0.113,-0.06485027111373179,-0.5779492574155385,0.113,7282550.72863844,7282550.77863844,0.05098635982722044,0.049999999813735485,1,True,1992,6,1.871060388423794,8.846175775624413,1.9500412046909166e-05,1,False,,True,243,0.01864529959857464,0.08260439988225698,12.10589268156883,False,False,False,,8.09382438659668,0.8517774343490601,11.842794418334961,1.003197193145752,,,3.7520267963409424,True,0.20763287,0.896048271913,1,1.0,-1.0,1.4142135381698608,0.2076328694820404,-0.2076328694820404,0.293637216091156,0.12799742817878723,-0.2076328694820404,0.24391546845436096,0.13627563416957855,-0.20762932300567627,0.24835656583309174,0.13627563416957855,-0.20762932300567627,0.24835656583309174,0.1362752914428711,-0.20762932300567627,0.24835637211799622,False,False,1.2558996677398682,,,,,,,,,,,1.6057994216680527,0.5724555253982544,0.17790105938911438,0.5994614958763123,0.6422771215438843,0.13422876596450806,1418.2904052734375,129.20669555664062,1418.2904052734375,129.20669555664062,13.564264297485352,1.1439377069473267,13.850492477416992,1.2328882217407227,0.2862281799316406,0.088950514793396,0.29973116517066956,0.3012704849243164,0.009479999542236328,0.30141958594322205,0.9047845005989075,1.7272135019302368,0.0,2.0,1.5,3.0,True,,False,False,-0.1309035439065728,-0.5191066954297687,0.11302525133252268,False,,False,timeout
323,1787741346.0118532,16.15000279992819,0.05000090040266514,19.999639845419626,0.05000090040266514,19.999639845419626,2.8600916266441345e-06,False,False,7282550.82863844,7282550.8329666,4.328159615397453,7282550.87863844,0.0,0.008011100813746452,124.82679013152281,0.04906126018613577,0.9812252073780641,323,322,-0.10574004991636923,-0.5420624703935497,0.113,-0.056493535032323954,-0.5912917997312948,0.113,-0.06485027111373179,-0.5779492574155385,0.113,-0.056493535032323954,-0.5912917997312948,0.113,7282550.77863844,7282550.82863844,0.04906126018613577,0.049999999813735485,1,True,1998,6,1.8670437062641507,8.830090948527145,1.1100813746452165e-05,1,False,,True,244,0.006134300492703915,0.06232589948922396,16.044694231374844,False,False,False,,8.23009967803955,0.6441481113433838,12.141679763793945,1.0208109617233276,,,3.929673433303833,True,0.20763287,0.896048271913,1,1.0,-1.0,1.4142135381698608,0.2076328694820404,-0.2076328694820404,0.293637216091156,0.2076328694820404,-0.2076328694820404,0.293637216091156,0.20021513104438782,-0.20763249695301056,0.2884395122528076,0.20021513104438782,-0.20763249695301056,0.2884395122528076,0.20021533966064453,-0.20763248205184937,0.28843966126441956,False,False,1.1962996795773506,,,,,,,,,,,1.7433008179068565,0.478089302778244,0.18783269822597504,0.5136638283729553,0.5724555253982544,0.17790105938911438,1442.7684326171875,139.04910278320312,1442.7684326171875,139.04910278320312,13.850492477416992,1.2328882217407227,14.089536666870117,1.326804518699646,0.239044189453125,0.09391629695892334,0.25683146715164185,0.2988853454589844,0.017613768577575684,0.2994038760662079,0.9696945548057556,1.7219226360321045,0.0,2.0,1.5,3.0,True,,False,False,-0.1191818047514611,-0.5291047462217812,0.1130427942952634,False,,False,timeout
324,1787741346.0628068,16.200002499856055,0.04999969992786646,20.000120029573768,0.04999969992786646,20.000120029573768,2.5602057576179504e-06,False,False,7282550.87863844,7282550.8828962,4.257760010659695,7282550.92863844,0.0,0.008014200255274773,124.77851415577265,0.04714275989681482,0.9428552014487058,324,323,-0.09519950648655122,-0.5532328706572432,0.113,-0.050606195928165294,-0.6027840903785473,0.113,-0.056493535032323954,-0.5912917997312948,0.113,-0.050606195928165294,-0.6027840903785473,0.113,7282550.82863844,7282550.87863844,0.04714275989681482,0.049999999813735485,1,True,2004,6,1.876674909971399,8.542728224627066,1.4200255274772478e-05,1,False,,False,,,,,False,False,False,,8.430315017700195,0.4365156292915344,12.437532424926758,1.0486711263656616,,,4.053705215454102,True,0.20763287,0.896048271913,1,0.8862295150756836,0.7803894281387329,1.1808515787124634,0.1840103715658188,0.16203449666500092,0.24518358707427979,0.2076328694820404,-0.2076328694820404,0.293637216091156,0.20686180889606476,-0.20763282477855682,0.2930924594402313,0.20686180889606476,-0.20763282477855682,0.2930924594402313,0.2068614959716797,-0.13651561737060547,0.24784711003303528,False,True,2.2665997967123985,,,,,,,,,,,1.6943002119660378,0.38002854585647583,0.22768057882785797,0.4430125653743744,0.478089302778244,0.18783269822597504,1462.22607421875,150.97958374023438,1462.22607421875,150.97958374023438,14.089536666870117,1.326804518699646,14.279550552368164,1.4406448602676392,0.19001388549804688,0.11384034156799316,0.22150596976280212,0.2958526611328125,0.027860164642333984,0.2971615493297577,1.1118210554122925,1.6752541065216064,0.0,2.0,1.5,3.0,True,,False,False,-0.10797866121561331,-0.5394893812493758,0.1130239807869435,False,,False,timeout
325,1787741346.1142359,16.251667799428105,0.05166529957205057,19.355350850244,0.05166529957205057,19.355350850244,0.0016678599640727043,True,False,7282550.92863844,7282550.9349009,6.262460723519325,7282550.978638439,0.0,0.007999199442565441,125.01250996178284,0.053499859757721424,1.0,325,324,-0.08369862214049226,-0.5669712922544383,0.113,-0.04675788814468701,-0.6134501553469254,0.113,-0.050606195928165294,-0.6027840903785473,0.113,-0.04675788814468701,-0.6134501553469254,0.113,7282550.87863844,7282550.92863844,0.053499859757721424,0.049999999813735485,1,True,2011,6,2.1185216421637327,8.055389945535316,0.0,1,False,,True,245,0.02338809985667467,0.0625074002891779,15.998105750258393,False,False,False,,8.637176513671875,0.30000001192092896,12.737079620361328,1.0899285078048706,,,4.175307750701904,True,0.20763287,0.896048271913,1,1.0,-1.0,1.4142135381698608,0.2076328694820404,-0.2076328694820404,0.293637216091156,0.1840103715658188,0.16203449666500092,0.24518358707427979,0.18638578057289124,0.13099969923496246,0.22781698405742645,0.18638578057289124,0.13099968433380127,0.22781696915626526,0.1863861083984375,0.13099968433380127,0.22781725227832794,False,False,1.5390999615192413,,,,,,,,,,,1.8566995859146118,0.2723204791545868,0.29876795411109924,0.4042533040046692,0.38002854585647583,0.22768057882785797,1476.168701171875,166.63502502441406,1476.168701171875,166.63502502441406,14.279550552368164,1.4406448602676392,14.41571044921875,1.5900288820266724,0.13615989685058594,0.1493840217590332,0.20212645828723907,0.2995471954345703,0.041257381439208984,0.30237507820129395,1.2557833194732666,1.5818402767181396,0.0,2.0,1.5,3.0,True,,False,False,-0.09714879576755836,-0.5506036779608694,0.11308617755128672,False,,False,timeout
326,1787741346.1627762,16.300003299489617,0.04833550006151199,20.688727720358642,0.04833550006151199,20.688727720358642,3.3602118492126465e-06,False,False,7282550.978638439,7282550.9831982,4.5597609132528305,7282551.028638439,0.0,0.008069099858403206,123.9295606137027,0.05163706000894308,1.0,326,325,-0.0750472392943025,-0.5796543543811007,0.113,-0.04731762494831933,-0.624335210742226,0.113,-0.04675788814468701,-0.6134501553469254,0.113,-0.04731762494831933,-0.624335210742226,0.113,7282550.92863844,7282550.978638439,0.05163706000894308,0.049999999813735485,1,True,2017,6,1.8688945750709922,7.126507362838169,6.90998584032057e-05,1,False,,True,246,0.008138099685311317,0.08466930035501719,11.810656233215747,False,False,False,,8.823562622070312,0.4309996962547302,13.079922676086426,1.1556512117385864,,,4.317605972290039,True,0.20763287,0.896048271913,1,1.0,-1.0,1.4142135381698608,0.2076328694820404,-0.2076328694820404,0.293637216091156,0.2076328694820404,-0.2076328694820404,0.293637216091156,0.2054242342710495,-0.17243142426013947,0.2682008743286133,0.2054242342710495,-0.17243140935897827,0.2682008743286133,0.20542430877685547,-0.13099968433380127,0.24363921582698822,False,True,1.2929998338222504,,,,,,,,,,,1.7923004925251007,0.22117307782173157,0.4120618999004364,0.4676671326160431,0.2723204791545868,0.29876795411109924,1484.800048828125,188.22708129882812,1487.49267578125,188.22708129882812,14.41571044921875,1.5900288820266724,14.5,1.7960598468780518,0.08428955078125,0.2060309648513794,0.2226061224937439,0.34284305572509766,0.06572270393371582,0.3490857183933258,1.3829214572906494,1.4046398401260376,0.0,2.0,1.5,3.0,True,,True,False,-0.08549634160971631,-0.5641597494554705,0.11310085768998997,False,,False,timeout
327,1787741346.2121673,16.350002099759877,0.04999880027025938,20.000479903411335,0.04999880027025938,20.000479903411335,2.16066837310791e-06,False,False,7282551.028638439,7282551.0325023,3.8638608530163765,7282551.078638439,0.0,0.00802990049123764,124.53454449295063,0.0497439606115222,0.9948792159366578,327,326,-0.06852576481978115,-0.5935368151835512,0.113,-0.05262975370977212,-0.6358038311008885,0.113,-0.04731762494831933,-0.624335210742226,0.113,-0.05262975370977212,-0.6358038311008885,0.113,7282550.978638439,7282551.028638439,0.0497439606115222,0.049999999813735485,1,True,2023,6,1.8647129685862665,6.376439624694723,2.9900491237640214e-05,1,False,,False,,,,,False,False,False,,9.028986930847168,0.30000001192092896,13.37209415435791,1.2326866388320923,,,4.442126274108887,True,0.20763287,0.896048271913,1,1.0,-1.0,1.4142135381698608,0.2076328694820404,-0.2076328694820404,0.293637216091156,0.2076328694820404,-0.2076328694820404,0.293637216091156,0.2074032872915268,-0.19966672360897064,0.28789395093917847,0.2074032872915268,-0.19966672360897064,0.28789395093917847,0.20740318298339844,0.0,0.20740318298339844,False,True,1.3549001887440681,,,,,,,,,,,2.2547999396920204,0.0971950963139534,0.5131866931915283,0.5223097801208496,0.22117307782173157,0.4120618999004364,1484.800048828125,215.11807250976562,1489.7762451171875,215.11807250976562,14.5,1.7960598468780518,14.5,2.0526533126831055,0.0,0.2565934658050537,0.2565934658050537,0.2921714782714844,0.07703542709350586,0.30215662717819214,0.8172721266746521,1.2607779502868652,0.0,2.0,1.5,3.0,True,,True,False,-0.07642270016865761,-0.576644926740782,0.11313402408025817,False,,False,timeout
328,1787741346.266061,16.403477899730206,0.05347579997032881,18.700047508496418,0.05347579997032881,18.700047508496418,0.0034779608249664307,True,False,7282551.078638439,7282551.0867975,8.159060962498188,7282551.128638439,0.0,0.00801669992506504,124.7396072383097,0.05580476112663746,1.0,328,327,-0.06537636056664964,-0.6111085656181687,0.113,-0.063024432274583,-0.6467917660882301,0.113,-0.05262975370977212,-0.6358038311008885,0.113,-0.063024432274583,-0.6467917660882301,0.113,7282551.028638439,7282551.078638439,0.05580476112663746,0.049999999813735485,1,True,2030,6,2.1270344764824474,5.694141589101255,1.6699925065040422e-05,1,False,,True,247,0.04848999995738268,0.06332959979772568,15.790404537435787,False,False,False,,9.236390113830566,0.30000001192092896,13.651880264282227,1.3426729440689087,,,4.536928176879883,True,0.20763287,0.896048271913,1,1.0,-1.0,1.4142135381698608,0.2076328694820404,-0.2076328694820404,0.293637216091156,0.2076328694820404,-0.2076328694820404,0.293637216091156,0.20760899782180786,-0.18604907393455505,0.2787754535675049,0.20760899782180786,-0.18604907393455505,0.2787754535675049,0.2076091766357422,0.0,0.2076091766357422,False,True,1.3411995023488998,,,,,,,,,,,2.10570078343153,0.027175672352313995,0.6857887506484985,0.6863269805908203,0.0971950963139534,0.5131866931915283,1484.800048828125,251.0533905029297,1486.19140625,251.0533905029297,14.5,2.0526533126831055,14.5,2.39554762840271,0.0,0.3428943157196045,0.3428943157196045,0.2797861099243164,0.1099863052368164,0.30062809586524963,0.42864030599594116,1.1060646772384644,0.0,2.0,1.5,3.0,True,,True,False,-0.06921563140202673,-0.59018813925904,0.11315273119979605,False,,False,timeout
329,1787741346.3123071,16.450002499856055,0.04652460012584925,21.49400526377434,0.04652460012584925,21.49400526377434,2.561137080192566e-06,False,False,7282551.128638439,7282551.1331185,4.480061121284962,7282551.178638439,0.0,0.008003300055861473,124.94845788864532,0.05409596115350723,1.0,329,328,-0.0677531967076895,-0.6262397818515312,0.113,-0.07669255813486406,-0.6612399741222901,0.113,-0.063024432274583,-0.6467917660882301,0.113,-0.07669255813486406,-0.6612399741222901,0.113,7282551.078638439,7282551.128638439,0.05409596115350723,0.049999999813735485,1,True,2036,6,2.1555721608983203,5.7581993076726565,3.300055861472917e-06,1,False,,True,248,0.01343930047005415,0.06334009952843189,15.787787001362751,False,False,False,,9.443999290466309,0.30000001192092896,13.905477523803711,1.4979617595672607,,,4.619513034820557,True,0.20763287,0.896048271913,1,1.0,-0.8466547727584839,1.3102763891220093,0.2076328694820404,-0.1757933646440506,0.2720564603805542,0.2076328694820404,-0.2076328694820404,0.293637216091156,0.20763041079044342,-0.18604907393455505,0.2787913978099823,0.20763041079044342,-0.18604907393455505,0.2787913978099823,0.20763015747070312,0.0,0.20763015747070312,False,True,1.4361999928951263,,,,,,,,,,,1.690099947154522,-0.04125266522169113,0.905983030796051,0.9069217443466187,0.027175672352313995,0.6857887506484985,1482.6878662109375,298.52691650390625,1482.6878662109375,298.52691650390625,14.5,2.39554762840271,14.479373931884766,2.848539113998413,-0.020626068115234375,0.4529914855957031,0.45346081256866455,0.2535972595214844,0.15528881549835205,0.2973653972148895,0.45287662744522095,1.0766230821609497,0.0,2.0,1.5,3.0,True,,False,False,-0.06495787250928767,-0.6048665517749192,0.11314259313456237,False,,False,timeout
330,1787741346.3610308,16.500000899657607,0.049998399801552296,20.000640099864818,0.049998399801552296,20.000640099864818,9.611248970031738e-07,False,False,7282551.178638439,7282551.1826404,4.001961089670658,7282551.2286384385,0.0,0.008022500202059746,124.64942035691739,0.0521652614697814,1.0,330,329,-0.07400802264612567,-0.6402403865519083,0.113,-0.09500180553258955,-0.6791724879314616,0.113,-0.07669255813486406,-0.6612399741222901,0.113,-0.09500180553258955,-0.6791724879314616,0.113,7282551.128638439,7282551.178638439,0.0521652614697814,0.049999999813735485,1,True,2042,6,1.950156624004918,6.372303483328849,2.2500202059745622e-05,1,False,,True,249,0.00231929961591959,0.08135770075023174,12.291399471452634,False,False,False,,9.651629447937012,0.30000001192092896,14.135893821716309,1.745415449142456,,,4.711459636688232,True,0.20763287,0.896048271913,1,1.0,-1.0,1.4142135381698608,0.2076328694820404,-0.2076328694820404,0.293637216091156,0.2076328694820404,-0.1757933646440506,0.2720564603805542,0.20763258635997772,-0.15751934051513672,0.2606216371059418,0.20763258635997772,-0.15751934051513672,0.2606216371059418,0.20763301849365234,0.0,0.20763301849365234,False,True,1.1518001556396484,,,,,,,,,,,1.681700348854065,-0.10063474625349045,1.0,1.0050508975982666,-0.04125266522169113,0.905983030796051,1477.535400390625,350.9269104003906,1477.535400390625,350.9269104003906,14.479373931884766,2.848539113998413,14.429056167602539,3.348539113998413,-0.05031776428222656,0.5,0.5025255084037781,0.23041629791259766,0.2474536895751953,0.3381198048591614,0.5220227837562561,1.1553616523742676,0.0,2.0,1.5,3.0,True,,False,False,-0.06540519809627482,-0.6227399828370769,0.11319587086925875,False,,False,timeout
331,1787741346.4123468,16.550004399381578,0.05000349972397089,19.99860020838933,0.05000349972397089,19.99860020838933,4.461035132408142e-06,False,False,7282551.2286384385,7282551.2331369,4.49846126139164,7282551.278638438,0.0,0.008160700090229511,122.53850637119493,0.05039876140654087,1.0,331,330,-0.08256276750399633,-0.6529853737490714,0.113,-0.11590713835578031,-0.6977730267143376,0.113,-0.09500180553258955,-0.6791724879314616,0.113,-0.11590713835578031,-0.6977730267143376,0.113,7282551.178638439,7282551.2286384385,0.05039876140654087,0.049999999813735485,1,True,2048,6,1.9614264504275996,7.54501013611613,0.0001607000902295111,1,False,,False,,,,,False,False,False,,9.859262466430664,0.30000001192092896,14.254668235778809,2.0004658699035645,,,4.712873458862305,True,0.20763287,0.896048271913,1,1.0,-1.0,1.4142135381698608,0.2076328694820404,-0.2076328694820404,0.293637216091156,0.2076328694820404,-0.2076328694820404,0.293637216091156,0.2076328843832016,-0.18604907393455505,0.27879324555397034,0.2076328843832016,-0.18604907393455505,0.27879324555397034,0.20763301849365234,0.0,0.20763301849365234,False,True,1.7231004312634468,,,,,,,,,,,2.4782000109553337,-0.15712720155715942,1.0,1.0122692584991455,-0.10063474625349045,1.0,1469.4903564453125,403.326904296875,1469.4903564453125,403.326904296875,14.429056167602539,3.348539113998413,14.350492477416992,3.848539113998413,-0.07856369018554688,0.5,0.5061346292495728,0.1187744140625,0.2550504207611084,0.2813504636287689,0.48132041096687317,1.35930597782135,0.0,2.0,1.5,3.0,True,,False,False,-0.07074149496418172,-0.6373351709152748,0.11321917765431655,False,,False,timeout
332,1787741346.464164,16.602651599794626,0.05264720041304827,18.994362324195997,0.05264720041304827,18.994362324195997,0.0026516616344451904,True,False,7282551.278638438,7282551.2856258,6.987361237406731,7282551.328638438,0.0,0.008016799576580524,124.73805668303095,0.05644396133720875,1.0,332,331,-0.09412061707697542,-0.6666727028460376,0.113,-0.13784468942639153,-0.7154613929161202,0.113,-0.11590713835578031,-0.6977730267143376,0.113,-0.13784468942639153,-0.7154613929161202,0.113,7282551.2286384385,7282551.278638438,0.05644396133720875,0.049999999813735485,1,True,2055,6,2.2003036634406623,8.751460448321104,1.6799576580524278e-05,1,False,,True,250,0.03750620037317276,0.06112019997090101,16.361203014324143,False,False,False,,10.066895484924316,0.30000001192092896,14.311929702758789,2.271134853363037,,,4.680351257324219,True,0.20763287,0.896048271913,1,0.6078286170959473,1.0,1.170237421989441,0.1262052059173584,0.2076328694820404,0.2429797649383545,0.2076328694820404,-0.2076328694820404,0.293637216091156,0.2076328843832016,-0.18604907393455505,0.27879324555397034,0.2076328843832016,-0.18604907393455505,0.27879324555397034,0.20763301849365234,0.0,0.20763301849365234,False,True,1.5312004834413528,,,,,,,,,,,1.6336999833583832,-0.18751952052116394,1.0,1.0174298286437988,-0.15712720155715942,1.0,1459.889404296875,455.7268981933594,1459.889404296875,455.7268981933594,14.350492477416992,3.848539113998413,14.256732940673828,4.348539352416992,-0.09375953674316406,0.5000002384185791,0.5087151527404785,0.05726146697998047,0.27066898345947266,0.27665966749191284,0.5107337832450867,1.5778754949569702,0.0,2.0,1.5,3.0,True,,False,False,-0.07914867524494866,-0.6505493650690163,0.1131120617754782,False,,False,timeout
333,1787741346.5113788,16.650003000162542,0.04735140036791563,21.11869959980276,0.04735140036791563,21.11869959980276,3.0621886253356934e-06,False,False,7282551.328638438,7282551.3327433,4.104861989617348,7282551.378638438,0.0,0.008014099672436714,124.78008021778778,0.046509161591529846,0.9301832352957995,333,332,-0.10303803390502068,-0.675853797665732,0.113,-0.15969620879998467,-0.7318077051884804,0.113,-0.13784468942639153,-0.7154613929161202,0.113,-0.15969620879998467,-0.7318077051884804,0.113,7282551.278638438,7282551.328638438,0.046509161591529846,0.049999999813735485,1,True,2060,6,1.9094325092404225,9.872279711156898,1.4099672436714006e-05,1,False,,True,251,0.010793300345540047,0.06768140010535717,14.775108056915732,False,False,False,,10.274528503417969,0.30000001192092896,14.329668045043945,2.5471835136413574,,,4.6361613273620605,True,0.20763287,0.896048271913,1,1.0,1.0,1.4142135381698608,0.2076328694820404,0.2076328694820404,0.293637216091156,0.1262052059173584,0.2076328694820404,0.2429797649383545,0.13466976583003998,0.18604907393455505,0.22967413067817688,0.13466976583003998,0.18604907393455505,0.22967413067817688,0.13466930389404297,0.18604907393455505,0.2296738624572754,False,False,1.129000447690487,,,,,,,,,,,1.553400419652462,-0.20770704746246338,1.0,1.0213433504104614,-0.18751952052116394,1.0,1449.2550048828125,508.12689208984375,1449.2550048828125,508.12689208984375,14.256732940673828,4.348539352416992,14.15287971496582,4.848539352416992,-0.10385322570800781,0.5,0.5106716156005859,0.01773834228515625,0.2760486602783203,0.27661797404289246,0.5269163250923157,1.802831768989563,0.0,2.0,1.5,3.0,True,,False,False,-0.08926694322032903,-0.6626275619494159,0.11313038736465278,False,,False,timeout
334,1787741346.5611665,16.70000320021063,0.05000020004808903,19.999919981084542,0.05000020004808903,19.999919981084542,3.2624229788780212e-06,False,False,7282551.378638438,7282551.3821238,3.4853620454669,7282551.428638438,0.0,0.00800309982150793,124.95158404903934,0.05256396159529686,1.0,334,333,-0.11605826307843012,-0.6881648114256588,0.113,-0.18139730925393618,-0.7481498034435818,0.113,-0.15969620879998467,-0.7318077051884804,0.113,-0.18139730925393618,-0.7481498034435818,0.113,7282551.328638438,7282551.378638438,0.05256396159529686,0.049999999813735485,1,True,2067,6,2.145805401081461,11.015575333337388,3.099821507930589e-06,1,False,,False,,,,,False,False,False,,10.409197807312012,0.486049085855484,14.324030876159668,2.8215601444244385,,,4.558566570281982,True,0.20763287,0.896048271913,1,1.0,1.0,1.4142135381698608,0.2076328694820404,0.2076328694820404,0.293637216091156,0.2076328694820404,0.2076328694820404,0.293637216091156,0.20004817843437195,0.20538920164108276,0.2867124080657959,0.20004817843437195,0.20538920164108276,0.2867124080657959,0.20004844665527344,0.20538923144340515,0.2867126166820526,False,False,1.1865999549627304,,,,,,,,,,,2.0398003980517387,-0.24228030443191528,1.0,1.0289313793182373,-0.20770704746246338,1.0,1436.85009765625,560.5269165039062,1436.85009765625,560.5269165039062,14.15287971496582,4.848539352416992,14.031739234924316,5.348539352416992,-0.1211404800415039,0.5,0.5144657492637634,-0.005637168884277344,0.27437663078308105,0.27443453669548035,0.5283029675483704,2.0341920852661133,0.03419208526611328,2.0,1.5,3.0,True,,False,False,-0.10013544439360807,-0.6737804791171903,0.11305395461860482,False,,False,timeout
335,1787741346.6145117,16.750002900138497,0.04999969992786646,20.000120029573768,0.04999969992786646,20.000120029573768,2.962537109851837e-06,False,False,7282551.428638438,7282551.4346715,6.033062003552914,7282551.478638438,0.0,0.008004100061953068,124.93596934818824,0.050636062398552895,1.0,335,334,-0.12761224159509485,-0.69828480313487,0.113,-0.20339109626784468,-0.762930420342011,0.113,-0.18139730925393618,-0.7481498034435818,0.113,-0.20339109626784468,-0.762930420342011,0.113,7282551.378638438,7282551.428638438,0.050636062398552895,0.049999999813735485,1,True,2073,6,1.8722953283570196,11.832943536941988,4.100061953067613e-06,1,False,,True,252,0.045103900134563446,0.0738757997751236,13.536232474558371,False,False,False,,10.609246253967285,0.6914383172988892,14.299272537231445,3.1423816680908203,,,4.429832458496094,True,0.20763287,0.896048271913,1,1.0,1.0,1.4142135381698608,0.2076328694820404,0.2076328694820404,0.293637216091156,0.2076328694820404,0.2076328694820404,0.293637216091156,0.20684444904327393,0.2073996365070343,0.2929150462150574,0.20684444904327393,0.2073996365070343,0.2929150462150574,0.20684432983398438,0.20739960670471191,0.2929149568080902,False,False,1.9648997113108635,,,,,,,,,,,2.5581996887922287,-0.2843974828720093,1.0,1.0396547317504883,-0.24228030443191528,1.0,1422.2889404296875,612.9268798828125,1422.2889404296875,612.9268798828125,14.031739234924316,5.348539352416992,13.889540672302246,5.848539352416992,-0.1421985626220703,0.5,0.5198273062705994,-0.024758338928222656,0.32082152366638184,0.3217754364013672,0.6173986196517944,2.2223198413848877,0.2223198413848877,2.0,1.5,3.0,True,,False,False,-0.11339715332424295,-0.6860998360236533,0.11308259303366258,False,,False,timeout
336,1787741346.6642067,16.801673899404705,0.05167099926620722,19.353215811601288,0.05167099926620722,19.353215811601288,0.001673961989581585,True,False,7282551.478638438,7282551.4845473,5.908862687647343,7282551.528638437,0.0,0.00800039991736412,124.9937516035409,0.048679362051188946,0.973587244650674,336,335,-0.13946719990036008,-0.7080508624764871,0.113,-0.2252668293476994,-0.7771085600155064,0.113,-0.20339109626784468,-0.762930420342011,0.113,-0.2252668293476994,-0.7771085600155064,0.113,7282551.428638438,7282551.478638438,0.048679362051188946,0.049999999813735485,1,True,2079,6,1.873297000360544,12.887115868131172,3.9991736412031686e-07,1,False,,True,253,0.03266089968383312,0.06585519947111607,15.184829869638428,False,False,False,,10.81609058380127,0.8988379240036011,14.268607139587402,3.416612386703491,,,4.273062229156494,True,0.20763287,0.896048271913,1,1.0,0.8972941040992737,1.3435537815093994,0.2076328694820404,0.18630774319171906,0.27896592020988464,0.2076328694820404,0.2076328694820404,0.293637216091156,0.20755089819431305,0.20760862529277802,0.293562114238739,0.20755089819431305,0.20760862529277802,0.293562114238739,0.2075510025024414,0.20760858058929443,0.2935621738433838,False,False,1.2165000662207603,,,,,,,,,,,1.5708999708294868,-0.315640389919281,1.0,1.0486319065093994,-0.2843974828720093,1.0,1406.1282958984375,665.326904296875,1406.1282958984375,665.326904296875,13.889540672302246,5.848539352416992,13.731720924377441,6.348539352416992,-0.1578197479248047,0.5,0.5243158340454102,-0.03066539764404297,0.2742307186126709,0.27593994140625,0.5235574841499329,2.4612925052642822,0.4612925052642822,2.0,1.5,3.0,True,,False,False,-0.12495628770118454,-0.696203902245677,0.11308441323002616,False,,False,timeout
337,1787741346.711495,16.850002199411392,0.04832830000668764,20.691809971830597,0.04832830000668764,20.691809971830597,2.2621825337409973e-06,False,False,7282551.528638437,7282551.5326096,3.9711622521281242,7282551.578638437,0.0,0.008007999509572983,124.87513252274461,0.04673806205391884,0.9347612445606338,337,336,-0.15157417052615638,-0.7175027837081742,0.113,-0.24769534143527724,-0.7907644923716949,0.113,-0.2252668293476994,-0.7771085600155064,0.113,-0.24769534143527724,-0.7907644923716949,0.113,7282551.478638438,7282551.528638437,0.04673806205391884,0.049999999813735485,1,True,2085,6,1.8696779165565218,13.955282734345722,7.999509572982622e-06,1,False,,True,254,0.0020163999870419502,0.06391269993036985,15.646342606234084,False,False,False,,11.023641586303711,1.1064465045928955,14.227956771850586,3.693202495574951,,,4.118123531341553,True,0.20763287,0.896048271913,1,1.0,1.0,1.4142135381698608,0.2076328694820404,0.2076328694820404,0.293637216091156,0.2076328694820404,0.18630774319171906,0.27896592020988464,0.20762436091899872,0.18852201104164124,0.2804432511329651,0.20762436091899872,0.18852201104164124,0.2804432511329651,0.2076244354248047,0.18852198123931885,0.2804432809352875,False,False,1.1753998696804047,,,,,,,,,,,1.5702005475759506,-0.35245513916015625,1.0,1.0602946281433105,-0.315640389919281,1.0,1388.08251953125,717.7269287109375,1388.08251953125,717.7269287109375,13.731720924377441,6.348539352416992,13.555493354797363,6.848539352416992,-0.17622756958007812,0.5,0.5301473140716553,-0.040650367736816406,0.27659010887145996,0.279561311006546,0.5263977646827698,2.701307773590088,0.7013077735900879,2.0,1.5,3.0,True,,False,False,-0.13685156323429062,-0.7059786455021945,0.11309286713569797,False,,False,timeout
338,1787741346.7622738,16.90000250004232,0.050000300630927086,19.999879748352193,0.050000300630927086,19.999879748352193,2.562999725341797e-06,False,False,7282551.578638437,7282551.5827967,4.158263094723225,7282551.628638437,0.0,0.00800039991736412,124.9937516035409,0.053002062253654,1.0,338,337,-0.1659916146197741,-0.7281443841519771,0.113,-0.2700364376983471,-0.8032410110547007,0.113,-0.24769534143527724,-0.7907644923716949,0.113,-0.2700364376983471,-0.8032410110547007,0.113,7282551.528638437,7282551.578638437,0.053002062253654,0.049999999813735485,1,True,2092,6,2.1289185582545556,14.960311232897972,3.9991736412031686e-07,1,False,,False,,,,,False,False,False,,11.231266021728516,1.2949684858322144,14.181363105773926,3.9708313941955566,,,3.982877492904663,True,0.20763287,0.896048271913,1,1.0,1.0,1.4142135381698608,0.2076328694820404,0.2076328694820404,0.293637216091156,0.2076328694820404,0.2076328694820404,0.293637216091156,0.20763199031352997,0.20564626157283783,0.29223522543907166,0.20763199031352997,0.20564626157283783,0.29223522543907166,0.20763206481933594,0.20564627647399902,0.29223528504371643,False,False,1.816900447010994,,,,,,,,,,,2.0805997774004936,-0.39552274346351624,1.0,1.075378179550171,-0.35245513916015625,1.0,1367.831787109375,770.1268920898438,1367.831787109375,770.1268920898438,13.555493354797363,6.848539352416992,13.357731819152832,7.348539352416992,-0.19776153564453125,0.5,0.5376891493797302,-0.046593666076660156,0.27762889862060547,0.2815116047859192,0.5231180191040039,2.944981575012207,0.944981575012207,2.0,1.5,3.0,True,,False,False,-0.14886775568736926,-0.7154957769748356,0.11312495803106486,False,,False,timeout
339,1787741346.8167179,16.954159500077367,0.05415700003504753,18.464833712222855,0.05415700003504753,18.464833712222855,0.004159563221037388,True,False,7282551.628638437,7282551.6374086,8.770163170993328,7282551.678638437,0.0,0.008003700524568558,124.94220603711373,0.05103356298059225,1.0,339,338,-0.17860170042031953,-0.7369138374282627,0.113,-0.2932410339159549,-0.8149626096133726,0.113,-0.2700364376983471,-0.8032410110547007,0.113,-0.2932410339159549,-0.8149626096133726,0.113,7282551.578638437,7282551.628638437,0.05103356298059225,0.049999999813735485,1,True,2098,6,1.8749273523387942,15.743441824938898,3.7005245685575727e-06,1,False,,True,255,0.04217599984258413,0.07898960076272488,12.659894344875575,False,False,False,,11.438898086547852,1.5006147623062134,14.116050720214844,4.297057151794434,,,3.87133526802063,True,0.20763287,0.896048271913,1,1.0,1.0,1.4142135381698608,0.2076328694820404,0.2076328694820404,0.293637216091156,0.2076328694820404,0.2076328694820404,0.293637216091156,0.20763278007507324,0.20742635428905487,0.2934911549091339,0.20763278007507324,0.20742635428905487,0.2934911549091339,0.20763301849365234,0.2074263095855713,0.29349130392074585,False,False,1.4675995334982872,,,,,,,,,,,1.8382007256150246,-0.46139904856681824,1.0,1.1013123989105225,-0.39552274346351624,1.0,1344.2081298828125,822.5269775390625,1344.2081298828125,822.5269775390625,13.357731819152832,7.348539352416992,13.127032279968262,7.848539352416992,-0.2306995391845703,0.5,0.5506561994552612,-0.06531238555908203,0.32622575759887695,0.3326995074748993,0.6088665127754211,3.1442949771881104,1.1442949771881104,2.0,1.5,3.0,True,,False,False,-0.1632038587388073,-0.7262161896247726,0.11304539469556661,False,,False,timeout
340,1787741346.8613763,17.000003200024366,0.04584369994699955,21.813248083294148,0.04584369994699955,21.813248083294148,3.2633543014526367e-06,False,False,7282551.678638437,7282551.6827506,4.112163558602333,7282551.728638437,0.0,0.008006799966096878,124.89384076463645,0.049082462675869465,0.9816492571743177,340,339,-0.19143594455327695,-0.7453518215392338,0.113,-0.3163428857799654,-0.8255715319201876,0.113,-0.2932410339159549,-0.8149626096133726,0.113,-0.3163428857799654,-0.8255715319201876,0.113,7282551.628638437,7282551.678638437,0.049082462675869465,0.049999999813735485,1,True,2104,6,1.866858237127093,16.711539205654464,6.799966096877885e-06,1,False,,True,256,0.0240045003592968,0.06424569990485907,15.565244078294608,False,False,False,,11.646531105041504,1.7080410718917847,14.048702239990234,4.579553127288818,,,3.74379563331604,True,0.20763287,0.896048271913,1,1.0,1.0,1.4142135381698608,0.2076328694820404,0.2076328694820404,0.293637216091156,0.2076328694820404,0.2076328694820404,0.293637216091156,0.2076328843832016,0.20761139690876007,0.29362204670906067,0.2076328843832016,0.20761139690876007,0.29362204670906067,0.20763301849365234,0.20761144161224365,0.2936221659183502,False,False,1.0981997475028038,,,,,,,,,,,1.549900509417057,-0.513477623462677,1.0,1.1241259574890137,-0.46139904856681824,1.0,1317.9180908203125,874.9269409179688,1317.9180908203125,874.9269409179688,13.127032279968262,7.848539352416992,12.870293617248535,8.348539352416992,-0.25673866271972656,0.5,0.5620629191398621,-0.06734848022460938,0.28249597549438477,0.29041314125061035,0.5170637965202332,3.3964314460754395,1.3964314460754395,2.0,1.5,3.0,True,,False,False,-0.17586274963764723,-0.7350570192872196,0.1130928141403767,False,,False,timeout
341,1787741346.912597,17.050003100186586,0.04999990016222,20.00003993519174,0.04999990016222,20.00003993519174,3.1637027859687805e-06,False,False,7282551.728638437,7282551.7333314,4.692963324487209,7282551.778638436,0.0,0.008020100183784962,124.6867217471672,0.047193863429129124,0.9438772720987993,341,340,-0.20450055611795326,-0.7534282863859447,0.113,-0.3403152034457844,-0.834891321558951,0.113,-0.3163428857799654,-0.8255715319201876,0.113,-0.3403152034457844,-0.834891321558951,0.113,7282551.678638437,7282551.728638437,0.047193863429129124,0.049999999813735485,1,True,2110,6,1.8680540473713525,17.70516597996516,2.0100183784961534e-05,1,False,,False,,,,,False,False,False,,11.854164123535156,1.9156525135040283,13.97542953491211,4.8623881340026855,,,3.630842447280884,True,0.20763287,0.896048271913,1,1.0,1.0,1.4142135381698608,0.2076328694820404,0.2076328694820404,0.293637216091156,0.2076328694820404,0.2076328694820404,0.293637216091156,0.2076328843832016,0.20763063430786133,0.29363563656806946,0.2076328843832016,0.20763063430786133,0.29363563656806946,0.20763301849365234,0.20763063430786133,0.2936357259750366,False,False,1.8293997272849083,,,,,,,,,,,2.0377999171614647,-0.5857163667678833,1.0,1.1589062213897705,-0.513477623462677,1.0,1287.929443359375,927.3269653320312,1287.929443359375,927.3269653320312,12.870293617248535,8.348539352416992,12.577435493469238,8.848539352416992,-0.2928581237792969,0.5,0.5794531106948853,-0.073272705078125,0.2828350067138672,0.29217207431793213,0.5071920156478882,3.6571269035339355,1.6571269035339355,2.0,1.5,3.0,True,,False,False,-0.18859856443708617,-0.743626071616055,0.11307641057936275,False,,False,timeout
342,1787741346.9635146,17.10000200010836,0.049998899921774864,20.000440040971643,0.049998899921774864,20.000440040971643,2.0638108253479004e-06,False,False,7282551.778638436,7282551.7836025,4.964063875377178,7282551.828638436,0.0,0.008029099553823471,124.54696735249699,0.05331106297671795,1.0,342,341,-0.22002898051554048,-0.762370756352728,0.113,-0.3650571816437838,-0.843533349595416,0.113,-0.3403152034457844,-0.834891321558951,0.113,-0.3650571816437838,-0.843533349595416,0.113,7282551.728638437,7282551.778638436,0.05331106297671795,0.049999999813735485,1,True,2117,6,1.8679671283691535,18.48732985733029,2.9099553823470903e-05,1,False,,True,257,0.04224380012601614,0.06374809984117746,15.686742075315314,False,False,False,,12.061797142028809,2.1232831478118896,13.875882148742676,5.193064212799072,,,3.5657341480255127,True,0.20763287,0.896048271913,1,1.0,1.0,1.4142135381698608,0.2076328694820404,0.2076328694820404,0.293637216091156,0.2076328694820404,0.2076328694820404,0.293637216091156,0.2076328843832016,0.2076326310634613,0.29363706707954407,0.2076328843832016,0.2076326310634613,0.29363706707954407,0.20763301849365234,0.20763254165649414,0.29363709688186646,False,False,1.7079999670386314,,,,,,,,,,,1.9894000142812729,-0.732810378074646,1.0,1.239762544631958,-0.5857163667678833,1.0,1250.4095458984375,979.7269287109375,1250.4095458984375,979.7269287109375,12.577435493469238,8.848539352416992,12.211030006408691,9.348539352416992,-0.3664054870605469,0.5,0.6198813915252686,-0.0995473861694336,0.3306760787963867,0.34533512592315674,0.5792466998100281,3.879234790802002,1.879234790802002,2.0,1.5,3.0,True,,False,False,-0.20380881225640682,-0.7531060382577889,0.11303548990660035,False,,False,timeout
343,1787741347.0168486,17.153280599974096,0.05327859986573458,18.769262002381122,0.05327859986573458,18.769262002381122,0.00328066386282444,True,False,7282551.828638436,7282551.8366931,8.054663427174091,7282551.878638436,0.0,0.007999700494110584,125.00467995473137,0.05134366359561682,1.0,343,342,-0.23361552363226823,-0.7695339260063158,0.113,-0.39132343448968765,-0.8498598918992353,0.113,-0.3650571816437838,-0.843533349595416,0.113,-0.39132343448968765,-0.8498598918992353,0.113,7282551.778638436,7282551.828638436,0.05134366359561682,0.049999999813735485,1,True,2123,6,1.8666225589602612,19.565083825727122,0.0,1,False,,True,258,0.032690499909222126,0.08199770003557205,12.195464013822123,False,False,False,,12.269430160522461,2.330915689468384,13.780138969421387,5.4774394035339355,,,3.490394353866577,False,0.20763287,0.896048271913,1,1.0,1.0,1.4142135381698608,0.2076328694820404,0.2076328694820404,0.293637216091156,0.2076328694820404,0.2076328694820404,0.293637216091156,0.2076328843832016,0.20763283967971802,0.293637216091156,0.2076328843832016,0.20763283967971802,0.293637216091156,0.20763301849365234,0.20763278007507324,0.2936372756958008,False,False,1.445399597287178,,,,,,,,,,,1.7932998016476631,-0.9269470572471619,1.0,1.3635361194610596,-0.732810378074646,1.0,1202.94970703125,995.5999755859375,1202.94970703125,1032.126953125,12.211030006408691,9.348539352416992,11.747556686401367,9.5,-0.4634733200073242,0.1514606475830078,0.48759394884109497,-0.09574317932128906,0.2843751907348633,0.3000600039958954,0.4613325893878937,4.177022457122803,2.1770224571228027,2.0,1.5,3.0,True,,True,False,-0.21708954122634727,-0.7608554105744638,0.11305703665693201,False,,False,timeout
344,1787741347.061562,17.200002199970186,0.046721599996089935,21.403376598483113,0.046721599996089935,21.403376598483113,2.2640451788902283e-06,False,False,7282551.878638436,7282551.8827015,4.063064232468605,7282551.928638436,0.0,0.008008499629795551,124.86733423567992,0.04940296337008476,0.9880592710825029,344,343,-0.247634788884154,-0.7757999394818581,0.113,-0.41137905648342593,-0.8422826769204954,0.113,-0.39132343448968765,-0.8498598918992353,0.113,-0.41137905648342593,-0.8422826769204954,0.113,7282551.828638436,7282551.878638436,0.04940296337008476,0.049999999813735485,1,True,2129,6,1.8632239153575456,19.534631863822547,8.499629795551134e-06,1,False,,True,259,0.016171900555491447,0.06259679980576038,15.975257570722912,False,False,False,,12.477063179016113,2.538548469543457,13.672109603881836,5.7614946365356445,,,3.437370777130127,False,0.20763287,0.896048271913,1,1.0,1.0,1.4142135381698608,0.2076328694820404,0.2076328694820404,0.293637216091156,0.2076328694820404,0.2076328694820404,0.293637216091156,0.2076328843832016,0.2076328545808792,0.293637216091156,0.2076328843832016,0.2076328545808792,0.293637216091156,0.20763301849365234,0.20763278007507324,0.2936372756958008,False,False,1.116100698709488,,,,,,,,,,,1.653599552810192,-1.0,1.0,1.4142135381698608,-0.9269470572471619,1.0,1151.749755859375,995.5999755859375,1151.749755859375,1048.0,11.747556686401367,9.5,11.247556686401367,9.5,-0.5,0.0,0.5,-0.10802936553955078,0.284055233001709,0.30390411615371704,0.39155736565589905,4.204798221588135,2.2047982215881348,2.0,1.5,3.0,True,,True,False,-0.2306482987098398,-0.7681437901223096,0.11305352026011264,False,,False,timeout
345,1787741347.1118307,17.250001499429345,0.049999299459159374,20.000280220262365,0.049999299459159374,20.000280220262365,1.5636906027793884e-06,False,False,7282551.928638436,7282551.9323442,3.705764189362526,7282551.978638436,0.0,0.008030999451875687,124.51750320645884,0.047467163763940334,0.9493432788153859,345,344,-0.2621645362139065,-0.7807629677104857,0.113,-0.4281737918190631,-0.8290882422408072,0.113,-0.41137905648342593,-0.8422826769204954,0.113,-0.4281737918190631,-0.8290882422408072,0.113,7282551.878638436,7282551.928638436,0.047467163763940334,0.049999999813735485,1,True,2135,6,1.8732331926073333,19.161340481225462,3.099945187568648e-05,1,False,,False,,,,,False,False,False,,12.684696197509766,2.7461812496185303,13.548044204711914,6.040006637573242,,,3.405092716217041,False,0.20763287,0.896048271913,1,1.0,0.06754875183105469,1.0022788047790527,0.2076328694820404,0.014025340788066387,0.20810602605342865,0.2076328694820404,0.2076328694820404,0.293637216091156,0.2076328843832016,0.2076328545808792,0.293637216091156,0.2076328843832016,0.2076328545808792,0.293637216091156,0.20763301849365234,0.20763278007507324,0.2936372756958008,False,False,1.4597997069358826,,,,,,,,,,,2.0027002319693565,-1.0,1.0,1.4142135381698608,-1.0,1.0,1100.5496826171875,995.5999755859375,1100.5496826171875,1048.0,11.247556686401367,9.5,10.747556686401367,9.5,-0.5,0.0,0.5,-0.12406539916992188,0.27851200103759766,0.3048953115940094,0.24813079833984375,4.154972553253174,2.154972553253174,2.0,1.5,3.0,True,,True,False,-0.24444588282426977,-0.7746846719741641,0.11306246909888742,False,,False,timeout
346,1787741347.1689043,17.305257299914956,0.05525580048561096,18.097647508706487,0.05525580048561096,18.097647508706487,0.005257364362478256,True,False,7282551.978638436,7282551.9900478,11.409364640712738,7282552.0286384355,0.0,0.008063599467277527,124.01409619339948,0.05359036382287741,1.0,346,345,-0.27961893427978546,-0.7847865804925217,0.113,-0.4449202690653899,-0.8159317205257741,0.113,-0.4281737918190631,-0.8290882422408072,0.113,-0.4449202690653899,-0.8159317205257741,0.113,7282551.928638436,7282551.978638436,0.05359036382287741,0.049999999813735485,1,True,2142,6,1.8739912050248497,18.694223300098756,6.359946727752669e-05,1,False,,True,261,0.011303500272333622,0.08266360033303499,12.097222912759685,False,False,False,,12.892329216003418,2.9538140296936035,13.36637020111084,6.353638648986816,,,3.432713508605957,False,0.20763287,0.896048271913,1,1.0,1.0,1.4142135381698608,0.2076328694820404,0.2076328694820404,0.293637216091156,0.2076328694820404,0.014025340788066387,0.20810602605342865,0.2076328843832016,0.034151166677474976,0.21042270958423615,0.2076328843832016,0.034151166677474976,0.21042270958423615,0.20763301849365234,0.03415107727050781,0.2104228287935257,False,False,1.750200055539608,,,,,,,,,,,2.3231003433465958,-1.0,1.0,1.4142135381698608,-1.0,1.0,1049.349853515625,995.5999755859375,1049.349853515625,1048.0,10.747556686401367,9.5,10.247556686401367,9.5,-0.5,0.0,0.5,-0.18167400360107422,0.3136320114135742,0.36245065927505493,0.36334800720214844,4.093626022338867,2.093626022338867,2.0,1.5,3.0,True,,True,False,-0.26131489313263134,-0.7807683246957352,0.11300129843350469,False,,False,timeout
347,1787741347.2130017,17.351444100029767,0.04618680011481047,21.651207650545498,0.04618680011481047,21.651207650545498,0.001444164663553238,True,False,7282552.0286384355,7282552.0342808,5.6423647329211235,7282552.078638435,0.0,0.008147899992763996,122.7310105534042,0.0517862644046545,1.0,347,346,-0.2948469643098731,-0.7867623566345312,0.113,-0.46161869592161237,-0.8028129486008329,0.113,-0.4449202690653899,-0.8159317205257741,0.113,-0.46161869592161237,-0.8028129486008329,0.113,7282551.978638436,7282552.0286384355,0.0517862644046545,0.049999999813735485,1,True,2148,6,1.8741883856741608,18.627965618631887,0.00014789999276399596,1,False,,True,262,0.02323170006275177,0.027721299789845943,36.07334459714947,False,False,False,,13.09996223449707,2.9879651069641113,13.179919242858887,6.607852935791016,,,3.6207709312438965,True,0.20763287,0.896048271913,1,-0.13568884134292603,1.0,1.009163737297058,-0.02817346341907978,0.2076328694820404,0.20953556895256042,0.2076328694820404,0.2076328694820404,0.293637216091156,0.2076328843832016,0.1895991414785385,0.28117474913597107,0.2076328843832016,0.1895991414785385,0.28117474913597107,0.20763301849365234,0.18959903717041016,0.28117480874061584,False,False,1.1567994952201843,,,,,,,,,,,1.6008000820875168,-1.0,1.0,1.4142135381698608,-1.0,1.0,998.1497802734375,995.5999755859375,998.1497802734375,1048.0,10.247556686401367,9.5,9.747556686401367,9.5,-0.5,0.0,0.5,-0.18645095825195312,0.2542142868041992,0.31525999307632446,0.37290191650390625,4.118648529052734,2.1186485290527344,2.0,1.5,3.0,True,,True,False,-0.2762378669796157,-0.7845357297194587,0.11304289095095198,False,,False,timeout
348,1787741347.2617815,17.40000140015036,0.04855730012059212,20.594225739826943,0.04855730012059212,20.594225739826943,1.4649704098701477e-06,False,False,7282552.078638435,7282552.0826511,4.012664780020714,7282552.128638435,0.0,0.00801989994943142,124.68983482404867,0.04985726438462734,0.9971452914072025,348,347,-0.3101868197189961,-0.7874697972396683,0.113,-0.47826927889674786,-0.7897317642264666,0.113,-0.46161869592161237,-0.8028129486008329,0.113,-0.47826927889674786,-0.7897317642264666,0.113,7282552.0286384355,7282552.078638435,0.04985726438462734,0.049999999813735485,1,True,2154,6,1.8742262330551336,18.68353323065815,1.9899949431419206e-05,1,False,,True,263,0.008313300088047981,0.03399559948593378,29.415571871699626,False,False,False,,13.307595252990723,3.1775641441345215,12.964378356933594,6.843472003936768,,,3.6819393634796143,True,0.20763287,0.896048271913,1,-1.0,1.0,1.4142135381698608,-0.2076328694820404,0.2076328694820404,0.293637216091156,-0.02817346341907978,0.2076328694820404,0.20953556895256042,-0.0036609694361686707,0.2057582139968872,0.20579077303409576,-0.0036609768867492676,0.2057582139968872,0.20579077303409576,-0.0036611557006835938,0.20575809478759766,0.2057906687259674,False,False,1.20489951223135,,,,,,,,,,,1.5606004744768143,-1.0,0.9844170212745667,1.4032379388809204,-1.0,1.0,946.9498291015625,995.5999755859375,946.9498291015625,1047.1834716796875,9.747556686401367,9.5,9.247556686401367,9.5,-0.5,0.0,0.5,-0.21554088592529297,0.23561906814575195,0.3193340301513672,0.43108177185058594,4.171939849853516,2.1719398498535156,2.0,1.5,3.0,True,,True,False,-0.29145706334931853,-0.7867950742794622,0.11288436035845181,False,,False,timeout
349,1787741347.3120878,17.45000270009041,0.05000129994004965,19.999480037498543,0.05000129994004965,19.999480037498543,2.7650967240333557e-06,False,False,7282552.128638435,7282552.1326386,4.000164568424225,7282552.178638435,0.0,0.008020400069653988,124.68205966228584,0.047928065061569214,0.9585613048023034,349,348,-0.3255368748869308,-0.7870166020651609,0.113,-0.49519729642135646,-0.776432619165745,0.113,-0.47826927889674786,-0.7897317642264666,0.113,-0.49519729642135646,-0.776432619165745,0.113,7282552.078638435,7282552.128638435,0.047928065061569214,0.049999999813735485,1,True,2160,6,1.8696270926545018,18.86821384661899,2.0400069653987718e-05,1,False,,False,,,,,False,False,False,,13.303934097290039,3.383322238922119,12.724532127380371,7.061995983123779,,,3.72402286529541,True,0.20763287,0.896048271913,1,-0.8687939047813416,1.0,1.3246897459030151,-0.1803901642560959,0.2076328694820404,0.2750491201877594,-0.2076328694820404,0.2076328694820404,0.293637216091156,-0.18642966449260712,0.20743799209594727,0.2789023816585541,-0.18642966449260712,0.20743799209594727,0.2789023816585541,-0.1864299774169922,0.20743799209594727,0.2789025902748108,False,False,1.6391994431614876,,,,,,,,,,,2.073700539767742,-1.0,0.8324989676475525,1.301174283027649,-1.0,0.9844170212745667,895.7498168945312,995.5999755859375,895.7498168945312,1039.222900390625,9.247556686401367,9.5,8.747556686401367,9.5,-0.5,0.0,0.5,-0.23984622955322266,0.21852397918701172,0.32446715235710144,0.4796924591064453,4.246554374694824,2.246554374694824,2.0,1.5,3.0,True,,True,False,-0.3068554013747597,-0.7877585797588369,0.11294937317993597,False,,False,timeout
350,1787741347.3680077,17.504346299916506,0.05434359982609749,18.40143095415201,0.05434359982609749,18.40143095415201,0.004346365109086037,True,False,7282552.178638435,7282552.1880074,9.368965402245522,7282552.228638435,0.0,0.008001199923455715,124.98125400772393,0.05404686462134123,1.0,350,349,-0.3433603976490364,-0.785194382295699,0.113,-0.5117518783897462,-0.7634268559866151,0.113,-0.49519729642135646,-0.776432619165745,0.113,-0.5117518783897462,-0.7634268559866151,0.113,7282552.128638435,7282552.178638435,0.05404686462134123,0.049999999813735485,1,True,2167,6,1.8744375056245255,18.853540854504487,1.199923455715013e-06,1,False,,True,264,0.033389399759471416,0.06347700022161007,15.753737519240246,False,False,False,,13.117504119873047,3.5907602310180664,12.420516967773438,7.292463779449463,,,3.766749382019043,True,0.20763287,0.896048271913,1,-0.7560446262359619,1.0,1.253636121749878,-0.15697970986366272,0.2076328694820404,0.2602960467338562,-0.1803901642560959,0.2076328694820404,0.2750491201877594,-0.18101800978183746,0.20761260390281677,0.2754460275173187,-0.18101800978183746,0.20761260390281677,0.2754460275173187,-0.18101787567138672,0.2076125144958496,0.2754458785057068,False,False,1.6703996807336807,,,,,,,,,,,1.8849000334739685,-1.0,0.7406997084617615,1.244442105293274,-1.0,0.8324989676475525,844.5498046875,995.5999755859375,844.5498046875,1034.4127197265625,8.747556686401367,9.5,8.247556686401367,9.5,-0.5,0.0,0.5,-0.3040151596069336,0.2304677963256836,0.381497859954834,0.6080303192138672,4.285306930541992,2.285306930541992,2.0,1.5,3.0,True,,True,False,-0.3247408833611169,-0.7873535051736607,0.11294107352876039,False,,False,timeout
351,1787741347.4121668,17.550657600164413,0.04631130024790764,21.593002024277656,0.04631130024790764,21.593002024277656,0.0006576655432581902,False,False,7282552.228638435,7282552.2335647,4.926265217363834,7282552.278638435,0.0,0.008169800043106079,122.402016539417,0.05231746472418308,1.0,351,350,-0.35850610757706675,-0.7826483559344172,0.113,-0.5282592329163313,-0.750458196065353,0.113,-0.5117518783897462,-0.7634268559866151,0.113,-0.5282592329163313,-0.750458196065353,0.113,7282552.178638435,7282552.228638435,0.05231746472418308,0.049999999813735485,1,True,2173,6,1.8710777257431928,19.14876827509902,0.00016980004310607894,1,False,,True,265,0.015001700259745121,0.07951680012047291,12.575958772044872,False,False,False,,12.93648624420166,3.798372745513916,12.140920639038086,7.473039627075195,,,3.759800672531128,True,0.20763287,0.896048271913,1,0.21286708116531372,1.0,1.0224051475524902,0.04419820383191109,0.2076328694820404,0.21228493750095367,-0.15697970986366272,0.2076328694820404,0.2602960467338562,-0.15947851538658142,0.20763075351715088,0.26180896162986755,-0.15947851538658142,0.20763075351715088,0.26180896162986755,-0.15947818756103516,0.20763063430786133,0.2618086636066437,False,False,1.1167991906404495,,,,,,,,,,,1.6703996807336807,-1.0,0.668022871017456,1.2026032209396362,-1.0,0.7406997084617615,793.3497924804688,995.5999755859375,793.3497924804688,1030.6043701171875,8.247556686401367,9.5,7.747556686401367,9.5,-0.5,0.0,0.5,-0.27959632873535156,0.18057584762573242,0.33283892273902893,0.5591926574707031,4.389402389526367,2.389402389526367,2.0,1.5,3.0,True,,True,False,-0.3400802817772388,-0.7859013138696875,0.1129801545222067,False,,False,timeout
352,1787741347.4629037,17.600002800114453,0.04934519995003939,20.265395641571452,0.04934519995003939,20.265395641571452,2.8656795620918274e-06,False,False,7282552.278638435,7282552.2828694,4.230965860188007,7282552.328638434,0.0,0.008028000593185425,124.56401670533643,0.050604465417563915,1.0,352,351,-0.37349638043105227,-0.7793053987733488,0.113,-0.5447195618111853,-0.7375264808540699,0.113,-0.5282592329163313,-0.750458196065353,0.113,-0.5447195618111853,-0.7375264808540699,0.113,7282552.228638435,7282552.278638435,0.050604465417563915,0.049999999813735485,1,True,2179,6,1.854055468359947,19.47854526464053,2.8000593185424638e-05,1,False,,False,,,,,False,False,False,,12.777008056640625,4.006003379821777,11.84410572052002,7.637779235839844,,,3.749680280685425,True,0.20763287,0.896048271913,1,-0.6689771413803101,0.6574417352676392,0.9379552602767944,-0.13890165090560913,0.13650651276111603,0.1947503387928009,0.04419820383191109,0.2076328694820404,0.21228493750095367,0.023025687783956528,0.2076326310634613,0.20890545845031738,0.023025691509246826,0.2076326310634613,0.20890545845031738,0.0230255126953125,0.20763254165649414,0.20890535414218903,False,False,1.6515003517270088,,,,,,,,,,,2.3079002276062965,-1.0,0.5771686434745789,1.1546097993850708,-1.0,0.668022871017456,742.1497802734375,995.5999755859375,742.1497802734375,1025.8436279296875,7.747556686401367,9.5,7.247556686401367,9.5,-0.5,0.0,0.5,-0.2968149185180664,0.16473960876464844,0.3394675850868225,0.5936298370361328,4.499953269958496,2.499953269958496,2.0,1.5,3.0,True,,True,False,-0.35542400479464753,-0.7834455881841184,0.1130154426415658,False,,False,timeout
353,1787741347.512241,17.650003399699926,0.05000059958547354,19.99976016868657,0.05000059958547354,19.99976016868657,3.4654513001441956e-06,False,False,7282552.328638434,7282552.333043,4.404565319418907,7282552.378638434,0.0,0.008004499599337578,124.92973328186015,0.048649865202605724,0.9729973076768119,353,352,-0.3883151048573049,-0.7752682150296761,0.113,-0.5611330657361965,-0.7246315527069245,0.113,-0.5447195618111853,-0.7375264808540699,0.113,-0.5611330657361965,-0.7246315527069245,0.113,7282552.278638435,7282552.328638434,0.048649865202605724,0.049999999813735485,1,True,2185,6,1.8557786229094357,19.863939136032535,4.499599337577653e-06,1,False,,True,266,0.03396899998188019,0.06445229984819889,15.51535014817543,False,False,False,,12.800033569335938,4.2136359214782715,11.539350509643555,7.7856059074401855,,,3.7879137992858887,True,0.20763287,0.896048271913,1,-1.0,1.0,1.4142135381698608,-0.2076328694820404,0.2076328694820404,0.293637216091156,-0.13890165090560913,0.13650651276111603,0.1947503387928009,-0.12206903845071793,0.14390018582344055,0.18870112299919128,-0.12206903100013733,0.14390018582344055,0.18870112299919128,-0.1220693588256836,0.14390039443969727,0.18870149552822113,False,False,1.262599602341652,,,,,,,,,,,1.921200193464756,-1.0,0.4403775632381439,1.0926721096038818,-1.0,0.5771686434745789,690.9498291015625,995.5999755859375,690.9498291015625,1018.67578125,7.247556686401367,9.5,6.747556686401367,9.5,-0.5,0.0,0.5,-0.30475521087646484,0.1478266716003418,0.33871591091156006,0.6095104217529297,4.6215410232543945,2.6215410232543945,2.0,1.5,3.0,True,,True,False,-0.3704282717713643,-0.7802129046359021,0.11294826433972102,False,,False,timeout
354,1787741347.5655844,17.703023900277913,0.05302050057798624,18.86062917359919,0.05302050057798624,18.86062917359919,0.0030239662155508995,True,False,7282552.378638434,7282552.3865173,7.878866046667099,7282552.428638434,0.0,0.008003800176084042,124.94065044103367,0.05472296569496393,1.0,354,353,-0.40537978089295107,-0.7698023682034231,0.113,-0.5778203986607382,-0.7115214964987822,0.113,-0.5611330657361965,-0.7246315527069245,0.113,-0.5778203986607382,-0.7115214964987822,0.113,7282552.328638434,7282552.378638434,0.05472296569496393,0.049999999813735485,1,True,2192,6,1.8481664471159942,20.050416513627162,3.800176084041429e-06,1,False,,True,267,0.02236550021916628,0.08063000068068504,12.402331533646514,False,False,False,,12.677964210510254,4.357536315917969,11.1701078414917,7.942469120025635,,,3.8891353607177734,True,0.20763287,0.896048271913,1,-1.0,1.0,1.4142135381698608,-0.2076328694820404,0.2076328694820404,0.293637216091156,-0.2076328694820404,0.2076328694820404,0.293637216091156,-0.19873839616775513,0.20100776851177216,0.28266778588294983,-0.19873839616775513,0.20100776851177216,0.28266778588294983,-0.19873809814453125,0.20100784301757812,0.2826676070690155,False,False,1.5535000711679459,,,,,,,,,,,1.8960004672408104,-1.0,0.3388432264328003,1.0558478832244873,-1.0,0.4403775632381439,639.7498168945312,995.5999755859375,639.7498168945312,1013.3553466796875,6.747556686401367,9.5,6.247556686401367,9.5,-0.5,0.0,0.5,-0.36924266815185547,0.15686321258544922,0.40118101239204407,0.7384853363037109,4.688801288604736,2.6888012886047363,2.0,1.5,3.0,True,,True,False,-0.38781993392924374,-0.7755663514475806,0.11298609328270547,False,,False,timeout
355,1787741347.6124055,17.750004299916327,0.04698039963841438,21.285472403311182,0.04698039963841438,21.285472403311182,4.366040229797363e-06,False,False,7282552.428638434,7282552.433103,4.464565776288509,7282552.478638434,0.0,0.00800700020045042,124.89071749289411,0.052787765860557556,1.0,355,354,-0.4198129395844385,-0.7645493356773166,0.113,-0.5941399417207786,-0.6987003867518989,0.113,-0.5778203986607382,-0.7115214964987822,0.113,-0.5941399417207786,-0.6987003867518989,0.113,7282552.378638434,7282552.428638434,0.052787765860557556,0.049999999813735485,1,True,2198,6,1.8596062975475238,20.494437813528947,7.000200450420213e-06,1,False,,True,268,0.0062060002237558365,0.06437529996037483,15.53390820105745,False,False,False,,12.479226112365723,4.558544158935547,10.848743438720703,8.062044143676758,,,3.8643221855163574,True,0.20763287,0.896048271913,1,-1.0,1.0,1.4142135381698608,-0.2076328694820404,0.2076328694820404,0.293637216091156,-0.2076328694820404,0.2076328694820404,0.293637216091156,-0.20670823752880096,0.20694418251514435,0.2924964725971222,-0.20670823752880096,0.20694418251514435,0.2924964725971222,-0.20670795440673828,0.20694398880004883,0.2924961447715759,False,False,1.1350000277161598,,,,,,,,,,,1.8571000546216965,-1.0,0.30765390396118164,1.0462557077407837,-1.0,0.3388432264328003,588.5498046875,995.5999755859375,588.5498046875,1011.7210083007812,6.247556686401367,9.5,5.747556686401367,9.5,-0.5,0.0,0.5,-0.3213644027709961,0.11957502365112305,0.34288957715034485,0.6427288055419922,4.8206467628479,2.8206467628479004,2.0,1.5,3.0,True,,True,False,-0.40236181960030015,-0.7709730825627245,0.1129137130411832,False,,False,timeout
356,1787741347.6621966,17.800003299489617,0.04999899957329035,20.00040017869085,0.04999899957329035,20.00040017869085,3.3657997846603394e-06,False,False,7282552.478638434,7282552.4831253,4.486866295337677,7282552.528638434,0.0,0.008222599513828754,121.61604104860047,0.051062965765595436,1.0,356,355,-0.4340738712444096,-0.7588450007026932,0.113,-0.6104132588455057,-0.6859155934501284,0.113,-0.5941399417207786,-0.6987003867518989,0.113,-0.6104132588455057,-0.6859155934501284,0.113,7282552.428638434,7282552.478638434,0.051062965765595436,0.049999999813735485,1,True,2204,6,1.8536699186200367,20.936105234860737,0.00022259951382875426,1,False,,False,,,,,False,False,False,,12.272518157958984,4.765488147735596,10.517048835754395,8.17167854309082,,,3.8319454193115234,True,0.20763287,0.896048271913,1,-0.9203364849090576,0.36616575717926025,0.990503191947937,-0.1910921037197113,0.07602804899215698,0.20566102862358093,-0.2076328694820404,0.2076328694820404,0.293637216091156,-0.2075367271900177,0.20756125450134277,0.293518602848053,-0.2075367271900177,0.20756125450134277,0.293518602848053,-0.2075366973876953,0.20756101608276367,0.29351842403411865,False,False,1.4407997950911522,,,,,,,,,,,2.7275001630187035,-1.0,0.26043298840522766,1.0333563089370728,-1.0,0.30765390396118164,537.3497924804688,995.5999755859375,537.3497924804688,1009.2467041015625,5.747556686401367,9.5,5.247556686401367,9.5,-0.5,0.0,0.5,-0.3316946029663086,0.1096343994140625,0.3493436872959137,0.6633892059326172,4.951009273529053,2.9510092735290527,2.0,1.5,3.0,True,,True,False,-0.4168884289047072,-0.7657915963528779,0.11287918120477113,False,,False,timeout
357,1787741347.711511,17.850001799874008,0.049998500384390354,20.000599864235173,0.049998500384390354,20.000599864235173,1.866370439529419e-06,False,False,7282552.528638434,,,7282552.5786384335,,0.008025400340557098,124.60437580246409,0.049165066331624985,0.9833013302955826,357,356,-0.4481707073690116,-0.7527461548949378,0.113,-0.6266405461631154,-0.6731669625094306,0.113,-0.6104132588455057,-0.6859155934501284,0.113,-0.6266405461631154,-0.6731669625094306,0.113,7282552.478638434,7282552.528638434,0.049165066331624985,0.049999999813735485,1,True,2210,6,1.852409348724271,21.393077919777852,2.5400340557098222e-05,1,False,,True,269,0.024431300349533558,0.06313979998230934,15.837870887778903,False,False,False,,12.064981460571289,4.973049163818359,10.180451393127441,8.26970386505127,,,3.7972867488861084,True,0.20763287,0.896048271913,1,-1.0,1.0,1.4142135381698608,-0.2076328694820404,0.2076328694820404,0.293637216091156,-0.1910921037197113,0.07602804899215698,0.20566102862358093,-0.19280153512954712,0.08970113098621368,0.212646946310997,-0.19280153512954712,0.08970113098621368,0.212646946310997,-0.19280147552490234,0.08970117568969727,0.21264691650867462,False,False,1.1423993855714798,,,,,,,,,,,1.5590991824865341,-1.0,0.22875307500362396,1.0258303880691528,-1.0,0.26043298840522766,991.2782592773438,878.6515502929688,991.2782592773438,878.6515502929688,10.180451393127441,8.26970386505127,9.680451393127441,8.384079933166504,-0.5,0.11437606811523438,0.5129150748252869,-0.3365974426269531,0.09802532196044922,0.3505806624889374,0.6731948852539062,5.0840020179748535,3.0840020179748535,2.0,1.5,3.0,False,lag_over_hard_limit,False,False,-0.43117516025668223,-0.760113155532061,0.11285605734014467,False,,False,timeout
358,1787741347.7639441,17.901400399394333,0.05139859952032566,19.45578302390415,0.05139859952032566,19.45578302390415,0.001400466077029705,True,False,7282552.5786384335,7282552.5846764,6.037966348230839,7282552.628638433,0.0,0.008006500080227852,124.89851870101295,0.10538956616073847,1.0,358,-1,-0.4317289095662762,-0.7598731237466986,0.113,-0.43117516025668223,-0.760113155532061,0.113,-0.43117516025668223,-0.760113155532061,0.113,-0.43117516025668223,-0.760113155532061,0.113,7282552.5324384,7282552.5324384,0.051589599810540676,0.0,1,True,2217,7,1.373996999301443,1.4343468304578093,6.500080227851701e-06,1,False,,True,270,0.012057899497449398,0.0820334991440177,12.190141959498812,False,False,False,,11.872179985046387,5.062750339508057,9.862747192382812,8.355120658874512,,,3.8571393489837646,True,0.20763287,0.896048271913,1,-1.0,0.8556841611862183,1.3161289691925049,-0.2076328694820404,0.17766815423965454,0.2732716202735901,-0.2076328694820404,0.2076328694820404,0.293637216091156,-0.20609112083911896,0.19537366926670074,0.2839796245098114,-0.20609112083911896,0.19537366926670074,0.2839796245098114,-0.20609092712402344,0.19537353515625,0.2839793860912323,False,False,1.304199919104576,,,,,,,,,,,1.656300388276577,-1.0,0.1915316879749298,1.0181770324707031,-1.0,0.22875307500362396,991.2782592773438,876.7012939453125,991.2782592773438,876.7012939453125,10.180451393127441,8.26970386505127,9.680451393127441,8.365469932556152,-0.5,0.09576606750488281,0.5090885162353516,-0.3177042007446289,0.08541679382324219,0.3289862871170044,,0.3289862871170044,0.0,2.0,1.5,3.0,True,,False,False,-0.44439156775549454,-0.7545401267522266,0.11294517255330577,False,,False,timeout
359,1787741347.8117824,17.950002999976277,0.04860260058194399,20.575030719066152,0.04860260058194399,20.575030719066152,3.0668452382087708e-06,False,False,7282552.628638433,7282552.6326941,4.055666737258434,7282552.678638433,0.0,0.008084800094366074,123.68889624084264,0.05352846626192331,1.0,359,358,-0.445287120819441,-0.7526549118606785,0.113,-0.4508233567478352,-0.7497236395459055,0.113,-0.43117516025668223,-0.760113155532061,0.113,-0.4508233567478352,-0.7497236395459055,0.113,7282552.5786384335,7282552.628638433,0.05352846626192331,0.049999999813735485,1,True,2223,7,0.526124583777889,1.1494939243103512,8.480009436607344e-05,1,False,,False,,,,,False,False,False,,11.666089057922363,5.258123874664307,9.94073486328125,8.330183982849121,,,3.523407459259033,True,0.20763287,0.896048271913,1,-0.05414247512817383,1.0,1.001464605331421,-0.011241757310926914,0.2076328694820404,0.20793697237968445,-0.2076328694820404,0.17766815423965454,0.2732716202735901,-0.20747257769107819,0.17950865626335144,0.2743505537509918,-0.20747257769107819,0.17950865626335144,0.2743505537509918,-0.2074728012084961,0.17950868606567383,0.27435073256492615,False,False,1.933700405061245,,,,,,,,,,,1.8464000895619392,-1.0,0.2613530158996582,1.0335886478424072,-1.0,0.1915316879749298,940.0782470703125,890.3961181640625,940.0782470703125,890.3961181640625,9.680451393127441,8.365469932556152,9.180451393127441,8.496146202087402,-0.5,0.13067626953125,0.5167942643165588,0.0779876708984375,-0.024936676025390625,0.08187743276357651,-0.15967026352882385,0.2626643776893616,0.0,2.0,1.5,3.0,True,,False,False,-0.4410465844697588,-0.7557691628494625,0.11300010689888784,False,,False,timeout
360,1787741347.8624973,18.000002400018275,0.04999940004199743,20.000239986080658,0.04999940004199743,20.000239986080658,2.4670735001564026e-06,False,False,7282552.678638433,7282552.6825984,3.9599668234586716,7282552.728638433,0.0,0.00800930056720972,124.85484738755159,0.05157896690070629,1.0,360,359,-0.45928091404184096,-0.7463251050213693,0.113,-0.47135484073306827,-0.7410603266361163,0.113,-0.4508233567478352,-0.7497236395459055,0.113,-0.47135484073306827,-0.7410603266361163,0.113,7282552.628638433,7282552.678638433,0.05157896690070629,0.049999999813735485,1,True,2229,7,1.8527422539247485,3.1694136090307627,9.300567209720445e-06,1,False,,True,271,0.04680170025676489,0.06350670009851456,15.746370043613561,False,False,False,,11.458616256713867,5.4376325607299805,9.892247200012207,8.323993682861328,,,3.2839903831481934,False,0.20763287,0.896048271913,1,-1.0,0.897026777267456,1.3433752059936523,-0.2076328694820404,0.18625223636627197,0.27892884612083435,-0.011241757310926914,0.2076328694820404,0.20793697237968445,-0.03164031356573105,0.20470930635929108,0.20714007318019867,-0.031640321016311646,0.20470930635929108,0.20714007318019867,-0.031640052795410156,0.20470952987670898,0.207140251994133,False,False,1.1813994497060776,,,,,,,,,,,1.6024000942707062,-1.0,0.2728554606437683,1.0365568399429321,-1.0,0.2613530158996582,888.8782348632812,904.6937255859375,888.8782348632812,904.6937255859375,9.180451393127441,8.496146202087402,8.680451393127441,8.632574081420898,-0.5,0.1364278793334961,0.5182784795761108,-0.04848766326904297,-0.006190299987792969,0.04888121411204338,0.08774612098932266,0.7323180437088013,0.0,2.0,1.5,3.0,True,,False,False,-0.442541951790109,-0.7542594630350815,0.11265577392145634,False,,False,timeout
361,1787741347.9159224,18.054376599378884,0.054374199360609055,18.39107539529937,0.054374199360609055,18.39107539529937,0.004376666620373726,True,False,7282552.728638433,7282552.7372051,8.566667325794697,7282552.778638433,0.0,0.008009299635887146,124.85486190569215,0.0576388668268919,1.0,361,360,-0.4757346437473985,-0.739225756118282,0.113,-0.4920484831476501,-0.7322098334902528,0.113,-0.47135484073306827,-0.7410603266361163,0.113,-0.4920484831476501,-0.7322098334902528,0.113,7282552.678638433,7282552.728638433,0.0576388668268919,0.049999999813735485,1,True,2236,7,2.1249911614131864,3.900730889798952,9.29963588714583e-06,1,False,,True,272,0.021419099532067776,0.0641164006665349,15.596633460460966,False,False,False,,11.426976203918457,5.6423420906066895,9.550569534301758,8.400022506713867,,,3.3355214595794678,False,0.20763287,0.896048271913,1,-0.8511704206466675,1.0,1.3131988048553467,-0.1767309606075287,0.2076328694820404,0.2726632356643677,-0.2076328694820404,0.18625223636627197,0.27892884612083435,-0.18933811783790588,0.1881709098815918,0.26694047451019287,-0.18933811783790588,0.1881709098815918,0.26694047451019287,-0.18933773040771484,0.1881709098815918,0.2669402062892914,False,False,1.1670002713799477,,,,,,,,,,,1.5424992889165878,-1.0,0.225668802857399,1.0251470804214478,-1.0,0.2728554606437683,837.6782836914062,916.5187377929688,837.6782836914062,916.5187377929688,8.680451393127441,8.632574081420898,8.180451393127441,8.745408058166504,-0.5,0.11283397674560547,0.5125734210014343,-0.3416776657104492,0.07602882385253906,0.35003429651260376,0.6746194958686829,0.9006585478782654,0.0,2.0,1.5,3.0,True,,False,False,-0.45627174688434363,-0.7477504888242916,0.1132886548069851,False,,False,timeout
362,1787741347.9617455,18.10017929971218,0.04580270033329725,21.832773891565267,0.04580270033329725,21.832773891565267,0.00017936713993549347,False,False,7282552.778638433,7282552.7831244,4.485967569053173,7282552.828638433,0.0,0.008010400459170341,124.83770381981286,0.04769656714051962,0.9539313463640635,362,361,-0.48742557858274216,-0.734014199441933,0.113,-0.5117622345527872,-0.7230299770573516,0.113,-0.4920484831476501,-0.7322098334902528,0.113,-0.5117622345527872,-0.7230299770573516,0.113,7282552.728638433,7282552.778638433,0.04769656714051962,0.049999999813735485,1,True,2241,7,1.7555430357617918,4.425312765176188,1.0400459170341325e-05,1,False,,True,273,0.0030437996610999107,0.07950059976428747,12.578521457258374,False,False,False,,11.237638473510742,5.830513000488281,9.179112434387207,8.489492416381836,,,3.3626925945281982,False,0.20763287,0.896048271913,1,-1.0,1.0,1.4142135381698608,-0.2076328694820404,0.2076328694820404,0.293637216091156,-0.1767309606075287,0.2076328694820404,0.2726632356643677,-0.1780414581298828,0.2056097686290741,0.2719818651676178,-0.1780414581298828,0.2056097686290741,0.2719818651676178,-0.1780414581298828,0.20560979843139648,0.2719818949699402,False,False,1.1622002348303795,,,,,,,,,,,1.6939006745815277,-1.0,0.20194180309772491,1.0201865434646606,-1.0,0.225668802857399,786.478271484375,927.1005859375,786.478271484375,927.1005859375,8.180451393127441,8.745408058166504,7.680451393127441,8.846379280090332,-0.5,0.10097122192382812,0.5100933313369751,-0.3714570999145508,0.08946990966796875,0.3820801377296448,0.7453380823135376,1.0309300422668457,0.0,2.0,1.5,3.0,True,,False,False,-0.4712989192849337,-0.7409460642038693,0.11272936028412776,False,,False,timeout
363,1787741348.0120153,18.150001999922097,0.04982270020991564,20.071172292684803,0.04982270020991564,20.071172292684803,2.0675361156463623e-06,False,False,7282552.828638433,7282552.8325641,3.925667144358158,7282552.878638432,0.0,0.008020699955523014,124.67739792602576,0.04576996713876724,0.9153993461854731,363,362,-0.5013666828293233,-0.7275666306617861,0.113,-0.5310941131345372,-0.7135877592926255,0.113,-0.5117622345527872,-0.7230299770573516,0.113,-0.5310941131345372,-0.7135877592926255,0.113,7282552.778638433,7282552.828638433,0.04576996713876724,0.049999999813735485,1,True,2247,7,1.632892044431398,4.917811725487348,2.0699955523013902e-05,1,False,,False,,,,,False,False,False,,11.05959701538086,6.036122798919678,8.804802894592285,8.585333824157715,,,3.403317928314209,False,0.20763287,0.896048271913,1,-0.48516035079956055,1.0,1.1114767789840698,-0.10073523223400116,0.2076328694820404,0.23077911138534546,-0.2076328694820404,0.2076328694820404,0.293637216091156,-0.20455679297447205,0.20742256939411163,0.29132044315338135,-0.20455679297447205,0.20742256939411163,0.29132044315338135,-0.20455646514892578,0.20742273330688477,0.2913203239440918,False,False,1.5191994607448578,,,,,,,,,,,2.105800434947014,-1.0,0.17238102853298187,1.0147488117218018,-1.0,0.20194180309772491,735.2782592773438,936.13330078125,735.2782592773438,936.13330078125,7.680451393127441,8.846379280090332,7.180451393127441,8.93256950378418,-0.5,0.08619022369384766,0.5073744058609009,-0.3743095397949219,0.0958414077758789,0.3863848149776459,0.7564782500267029,1.1542577743530273,0.0,2.0,1.5,3.0,True,,False,False,-0.4865018726606632,-0.7343246655196334,0.11300513678450834,False,,False,timeout
364,1787741348.0617626,18.2000035000965,0.05000150017440319,19.99939994824237,0.05000150017440319,19.99939994824237,3.567896783351898e-06,False,False,7282552.878638432,7282552.8825211,3.8826679810881615,7282552.928638432,0.0,0.008007899858057499,124.87668648775698,0.05205916706472635,1.0,364,363,-0.5174713513366961,-0.7197085234450703,0.113,-0.549826695428118,-0.7035497302642684,0.113,-0.5310941131345372,-0.7135877592926255,0.113,-0.549826695428118,-0.7035497302642684,0.113,7282552.828638433,7282552.878638432,0.05205916706472635,0.049999999813735485,1,True,2254,7,1.8786151637385455,5.495159256641672,7.899858057498765e-06,1,False,,True,274,0.039638000540435314,0.06417770031839609,15.581736257903229,False,False,False,,10.855040550231934,6.2435455322265625,8.452645301818848,8.670400619506836,,,3.414839506149292,False,0.20763287,0.896048271913,1,-1.0,1.0,1.4142135381698608,-0.2076328694820404,0.2076328694820404,0.293637216091156,-0.10073523223400116,0.2076328694820404,0.23077911138534546,-0.11152762174606323,0.20761102437973022,0.23567084968090057,-0.11152762174606323,0.20761102437973022,0.23567084968090057,-0.1115274429321289,0.207611083984375,0.23567081987857819,False,False,1.0986998677253723,,,,,,,,,,,1.5808995813131332,-1.0,0.14457575976848602,1.0103970766067505,-1.0,0.17238102853298187,684.0782470703125,943.708984375,684.0782470703125,943.708984375,7.180451393127441,8.93256950378418,6.680451393127441,9.004857063293457,-0.5,0.07228755950927734,0.5051984786987305,-0.3521575927734375,0.0850667953491211,0.3622862696647644,0.7124717235565186,1.2989264726638794,0.0,2.0,1.5,3.0,True,,False,False,-0.5005920554419798,-0.7279551878938758,0.11303726808637753,False,,False,timeout
365,1787741348.1141138,18.252601799555123,0.05259829945862293,19.012021496753174,0.05259829945862293,19.012021496753174,0.0026018675416707993,True,False,7282552.928638432,7282552.9355202,6.881767883896828,7282552.978638432,0.0,0.008008499629795551,124.86733423567992,0.05013886746019125,1.0,365,364,-0.5310887531777176,-0.7126032541699973,0.113,-0.5679864862362868,-0.6929102384873687,0.113,-0.549826695428118,-0.7035497302642684,0.113,-0.5679864862362868,-0.6929102384873687,0.113,7282552.878638432,7282552.928638432,0.05013886746019125,0.049999999813735485,1,True,2260,7,1.6117133500998588,5.794025391473222,8.499629795551134e-06,1,False,,True,275,0.013616499491035938,0.06347709987312555,15.753712787741463,False,False,False,,10.743513107299805,6.4511566162109375,8.037174224853516,8.75728702545166,,,3.5556304454803467,True,0.20763287,0.896048271913,1,-1.0,1.0,1.4142135381698608,-0.2076328694820404,0.2076328694820404,0.293637216091156,-0.2076328694820404,0.2076328694820404,0.293637216091156,-0.19764254987239838,0.20763060450553894,0.2866584062576294,-0.19764254987239838,0.20763060450553894,0.2866584062576294,-0.19764232635498047,0.20763063430786133,0.28665828704833984,False,False,1.1419998481869698,,,,,,,,,,,1.634400337934494,-0.9404651522636414,0.08490355312824249,0.9442898035049438,-1.0,0.14457575976848602,635.9264526367188,948.1580200195312,635.9264526367188,948.1580200195312,6.680451393127441,9.004857063293457,6.210218906402588,9.047308921813965,-0.4702324867248535,0.04245185852050781,0.47214484214782715,-0.41547107696533203,0.08688640594482422,0.4244590103626251,0.8385383486747742,1.379125714302063,0.0,2.0,1.5,3.0,True,,False,False,-0.5167792065285238,-0.7200189237576775,0.11291807595034892,False,,False,timeout
366,1787741348.1608462,18.300003100186586,0.04740130063146353,21.09646753735341,0.04740130063146353,21.09646753735341,3.168359398841858e-06,False,False,7282552.978638432,7282552.9820258,3.3873682841658592,7282553.028638432,0.0,0.00800239946693182,124.96251957082161,0.04820026736706495,0.9640053509324988,366,365,-0.5445201201814328,-0.705152322552405,0.113,-0.5849533466353942,-0.6821678030097396,0.113,-0.5679864862362868,-0.6929102384873687,0.113,-0.5849533466353942,-0.6821678030097396,0.113,7282552.928638432,7282552.978638432,0.04820026736706495,0.049999999813735485,1,True,2266,7,1.8637806665379226,6.514645373626893,2.3994669318197492e-06,1,False,,False,,,,,False,False,False,,10.545870780944824,6.658787250518799,7.7390031814575195,8.814667701721191,,,3.539255142211914,True,0.20763287,0.896048271913,1,-1.0,1.0,1.4142135381698608,-0.2076328694820404,0.2076328694820404,0.293637216091156,-0.2076328694820404,0.2076328694820404,0.293637216091156,-0.2065943330526352,0.2076326310634613,0.2929036021232605,-0.2065943330526352,0.2076326310634613,0.2929036021232605,-0.20659446716308594,0.20763254165649414,0.2929036319255829,False,False,1.1405004188418388,,,,,,,,,,,1.9697006791830063,-0.8449448943138123,0.05617106333374977,0.8468099236488342,-0.9404651522636414,0.08490355312824249,592.6652221679688,951.1013793945312,592.6652221679688,951.1013793945312,6.210218906402588,9.047308921813965,5.787746429443359,9.075394630432129,-0.4224724769592285,0.028085708618164062,0.4234050214290619,-0.2981710433959961,0.05738067626953125,0.30364206433296204,0.6398938894271851,1.5463839769363403,0.0,2.0,1.5,3.0,True,,False,False,-0.5282144393428796,-0.7141796177412056,0.11297652104027438,False,,False,timeout
367,1787741348.2131748,18.350002800114453,0.04999969992786646,20.000120029573768,0.04999969992786646,20.000120029573768,2.868473529815674e-06,False,False,7282553.028638432,7282553.0339196,5.281168036162853,7282553.078638432,0.0,0.008005599491298199,124.91256914450496,0.05425036791712046,1.0,367,366,-0.5599632258216312,-0.6960627390575811,0.113,-0.5994710688552854,-0.6723173351908831,0.113,-0.5849533466353942,-0.6821678030097396,0.113,-0.5994710688552854,-0.6723173351908831,0.113,7282552.978638432,7282553.028638432,0.05425036791712046,0.049999999813735485,1,True,2273,7,1.850592071011111,6.459995752827677,5.599491298198533e-06,1,False,,True,276,0.04577790014445782,0.07837220001965761,12.759626497012668,False,False,False,,10.339276313781738,6.866419792175293,7.316030502319336,8.882001876831055,,,3.6335363388061523,True,0.20763287,0.896048271913,1,-1.0,1.0,1.4142135381698608,-0.2076328694820404,0.2076328694820404,0.293637216091156,-0.2076328694820404,0.2076328694820404,0.293637216091156,-0.20752492547035217,0.20763283967971802,0.2935608923435211,-0.20752492547035217,0.20763283967971802,0.2935608923435211,-0.20752525329589844,0.20763301849365234,0.2935612201690674,False,False,1.7787003889679909,,,,,,,,,,,2.2491998970508575,-0.7353407740592957,-0.004789095371961594,0.7353563904762268,-0.8449448943138123,0.05617106333374977,555.0157470703125,950.8504028320312,555.0157470703125,950.8504028320312,5.787746429443359,9.075394630432129,5.4200758934021,9.072999954223633,-0.36767053604125977,-0.0023946762084960938,0.36767834424972534,-0.4229726791381836,0.06733417510986328,0.4282987117767334,1.007327675819397,1.5404716730117798,0.0,2.0,1.5,3.0,True,,False,False,-0.5440138836532561,-0.7054482044324295,0.11302500844924644,False,,False,timeout
368,1787741348.261986,18.40000250004232,0.04999969992786646,20.000120029573768,0.04999969992786646,20.000120029573768,2.5685876607894897e-06,False,False,7282553.078638432,7282553.0828711,4.2326683178544044,7282553.128638431,0.0,0.0080035999417305,124.9437762107566,0.05229446850717068,1.0,368,367,-0.572910908682243,-0.6878006186941873,0.113,-0.6111378443026098,-0.662666441873442,0.113,-0.5994710688552854,-0.6723173351908831,0.113,-0.6111378443026098,-0.662666441873442,0.113,7282553.028638432,7282553.078638432,0.05229446850717068,0.049999999813735485,1,True,2279,7,1.8413885486749677,6.416090473068254,3.599941730499101e-06,1,False,,True,277,0.03229850064963102,0.06549509987235069,15.268317812309473,False,False,False,,10.13175106048584,7.074052810668945,6.951425552368164,8.930109977722168,,,3.682311534881592,True,0.20763287,0.896048271913,1,-1.0,1.0,1.4142135381698608,-0.2076328694820404,0.2076328694820404,0.293637216091156,-0.2076328694820404,0.2076328694820404,0.293637216091156,-0.20762167870998383,0.2076328843832016,0.29362931847572327,-0.20762167870998383,0.2076328843832016,0.29362931847572327,-0.20762157440185547,0.20763301849365234,0.29362934827804565,False,False,1.1767996475100517,,,,,,,,,,,1.6390997916460037,-0.6383067965507507,-0.06160993501543999,0.6412732005119324,-0.7353407740592957,-0.004789095371961594,522.33447265625,947.6220703125,522.33447265625,947.6220703125,5.4200758934021,9.072999954223633,5.100922584533691,9.042195320129395,-0.3191533088684082,-0.03080463409423828,0.32063648104667664,-0.3646049499511719,0.04810810089111328,0.3677650988101959,0.9907678961753845,1.5380016565322876,0.0,2.0,1.5,3.0,True,,False,False,-0.5573285148031478,-0.6976117761079171,0.11296298758478084,False,,False,timeout
369,1787741348.3132522,18.451726799830794,0.05172429978847504,19.333272834808202,0.05172429978847504,19.333272834808202,0.001726868562400341,True,False,7282553.128638431,7282553.1343947,5.75626827776432,7282553.178638431,0.0,0.008007800206542015,124.87824049144541,0.050362168811261654,1.0,369,368,-0.5855106620240349,-0.6790174138897971,0.113,-0.6210688398948305,-0.6533612598811065,0.113,-0.6111378443026098,-0.662666441873442,0.113,-0.6210688398948305,-0.6533612598811065,0.113,7282553.078638432,7282553.128638431,0.050362168811261654,0.049999999813735485,1,True,2285,7,1.6023969198297485,5.987003265340636,7.800206542014909e-06,1,False,,True,278,0.004224799573421478,0.06322299968451262,15.817028691932888,False,False,False,,9.924129486083984,7.281685829162598,6.5301079750061035,8.97362995147705,,,3.792368173599243,True,0.20763287,0.896048271913,1,-1.0,0.563744068145752,1.1479579210281372,-0.2076328694820404,0.11705179512500763,0.23835380375385284,-0.2076328694820404,0.2076328694820404,0.293637216091156,-0.2076316922903061,0.2076328843832016,0.29363641142845154,-0.2076316922903061,0.2076328843832016,0.29363641142845154,-0.20763206481933594,0.20763301849365234,0.2936367690563202,False,False,1.1629005894064903,,,,,,,,,,,1.5762001276016235,-0.5437456369400024,-0.13197575509548187,0.5595327615737915,-0.6383067965507507,-0.06160993501543999,494.4946594238281,940.70654296875,494.4946594238281,940.70654296875,5.100922584533691,9.042195320129395,4.829049587249756,8.976207733154297,-0.27187299728393555,-0.06598758697509766,0.2797664999961853,-0.42131757736206055,0.04351997375488281,0.423559308052063,1.2948856353759766,1.4308291673660278,0.0,2.0,1.5,3.0,True,,False,False,-0.5723606531650074,-0.6881740914818543,0.11298944772050412,False,,False,timeout
370,1787741348.3624723,18.500002999790013,0.0482761999592185,20.714140732799056,0.0482761999592185,20.714140732799056,3.0687078833580017e-06,False,False,7282553.178638431,7282553.1828389,4.200468771159649,7282553.228638431,0.0,0.008038300089538097,124.40441248287145,0.0484510688111186,0.969021379832258,370,369,-0.597608001266617,-0.6695565574207398,0.113,-0.6285281594018944,-0.6439600983157929,0.113,-0.6210688398948305,-0.6533612598811065,0.113,-0.6285281594018944,-0.6439600983157929,0.113,7282553.128638431,7282553.178638431,0.0484510688111186,0.049999999813735485,1,True,2291,7,1.8504366251316098,5.8638389074193125,3.8300089538097215e-05,1,False,,False,,,,,False,False,False,,9.716497421264648,7.48931884765625,6.223142623901367,8.993444442749023,,,3.8034090995788574,True,0.20763287,0.896048271913,1,-1.0,-0.6094710230827332,1.1710913181304932,-0.2076328694820404,-0.1265462189912796,0.2431570589542389,-0.2076328694820404,0.11705179512500763,0.23835380375385284,-0.20763278007507324,0.12646786868572235,0.24311621487140656,-0.20763278007507324,0.12646786868572235,0.24311621487140656,-0.20763301849365234,0.12646770477294922,0.2431163340806961,False,False,1.7570005729794502,,,,,,,,,,,2.1080998703837395,-0.4741480052471161,-0.19044005870819092,0.5109635591506958,-0.5437456369400024,-0.13197575509548187,470.2182922363281,930.7275390625,470.2182922363281,930.7275390625,4.829049587249756,8.976207733154297,4.591975688934326,8.880988121032715,-0.2370738983154297,-0.09521961212158203,0.2554815113544464,-0.30696535110473633,0.019814491271972656,0.30760419368743896,1.049557089805603,1.3941996097564697,0.0,2.0,1.5,3.0,True,,False,False,-0.5829931902386849,-0.6809063630022043,0.11297203138116417,False,,False,timeout
371,1787741348.4132965,18.550003999844193,0.05000100005418062,19.99959998632846,0.05000100005418062,19.99959998632846,4.068948328495026e-06,False,False,7282553.228638431,7282553.2340853,5.446868948638439,7282553.278638431,0.0,0.008007099851965904,124.88916317866074,0.05457936879247427,1.0,371,370,-0.6107938383845173,-0.6574301982965509,0.113,-0.634067799961061,-0.6345285602209537,0.113,-0.6285281594018944,-0.6439600983157929,0.113,-0.634067799961061,-0.6345285602209537,0.113,7282553.178638431,7282553.228638431,0.05457936879247427,0.049999999813735485,1,True,2298,7,1.8526577963719335,5.117320765326565,7.099851965904069e-06,1,False,,True,279,0.03638000041246414,0.07979749981313944,12.531720947920478,False,False,False,,9.508864402770996,7.615786552429199,5.7961907386779785,8.997901916503906,,,3.9615890979766846,True,0.20763287,0.896048271913,1,-1.0,0.9845954179763794,1.4033631086349487,-0.2076328694820404,0.2044343650341034,0.2913843095302582,-0.2076328694820404,-0.1265462189912796,0.2431570589542389,-0.2076328843832016,-0.10024498403072357,0.23056554794311523,-0.2076328843832016,-0.10024498403072357,0.23056554794311523,-0.20763301849365234,-0.10024499893188477,0.23056566715240479,False,False,1.5427004545927048,,,,,,,,,,,2.628600224852562,-0.38345521688461304,-0.27389413118362427,0.47122809290885925,-0.4741480052471161,-0.19044005870819092,450.5854187011719,916.3756103515625,450.5854187011719,916.3756103515625,4.591975688934326,8.880988121032715,4.400248050689697,8.744041442871094,-0.1917276382446289,-0.1369466781616211,0.2356138378381729,-0.42695188522338867,0.0044574737548828125,0.42697516083717346,1.544254183769226,1.2098771333694458,0.0,2.0,1.5,3.0,True,,False,False,-0.5971991671968124,-0.6700165701714935,0.11295257248043471,False,,False,timeout
372,1787741348.467166,18.60457899980247,0.05457499995827675,18.3234081679251,0.05457499995827675,18.3234081679251,0.004579069092869759,True,False,7282553.278638431,7282553.287986,9.347569197416306,7282553.328638431,0.0,0.00801009964197874,124.84239206704416,0.05262706894427538,1.0,372,371,-0.6208206485512767,-0.6458048170405756,0.113,-0.6374771055528645,-0.6247034510417937,0.113,-0.634067799961061,-0.6345285602209537,0.113,-0.6374771055528645,-0.6247034510417937,0.113,7282553.228638431,7282553.278638431,0.05262706894427538,0.049999999813735485,1,True,2304,7,1.5981067843474663,4.285659060780421,1.0099641978740526e-05,1,False,,True,280,0.028969899751245975,0.06638400070369244,15.063870652561885,False,False,False,,9.301231384277344,7.5155415534973145,5.3722052574157715,8.966200828552246,,,4.188276290893555,True,0.20763287,0.896048271913,1,-1.0,0.5006161332130432,1.118309736251831,-0.2076328694820404,0.10394436120986938,0.2321978509426117,-0.2076328694820404,0.2044343650341034,0.2913843095302582,-0.2076328843832016,0.1727624237537384,0.2701078951358795,-0.2076328843832016,0.1727624237537384,0.2701078951358795,-0.20763301849365234,0.17276239395141602,0.2701079547405243,False,False,1.3052001595497131,,,,,,,,,,,1.8643001094460487,-0.30878645181655884,-0.3229624629020691,0.44682639837265015,-0.38345521688461304,-0.27389413118362427,434.7755126953125,899.4523315429688,434.7755126953125,899.4523315429688,4.400248050689697,8.744041442871094,4.24585485458374,8.582560539245605,-0.15439319610595703,-0.16148090362548828,0.22341293096542358,-0.42398548126220703,-0.031701087951660156,0.4251689612865448,1.542516827583313,0.9970234036445618,0.0,2.0,1.5,3.0,True,,False,False,-0.610438333287021,-0.6579538515325722,0.11294504471255463,False,,False,timeout
373,1787741348.513439,18.650882199406624,0.04630319960415363,21.596779672873726,0.04630319960415363,21.596779672873726,0.0008822688832879066,False,False,7282553.328638431,7282553.3342009,5.5624693632125854,7282553.3786384305,0.0,0.00800039991736412,124.9937516035409,0.05072026886045933,1.0,373,372,-0.6290452823332063,-0.6328501265713632,0.113,-0.638967127680669,-0.6148041158903141,0.113,-0.6374771055528645,-0.6247034510417937,0.113,-0.638967127680669,-0.6148041158903141,0.113,7282553.278638431,7282553.328638431,0.05072026886045933,0.049999999813735485,1,True,2310,7,1.8543486885999858,3.9115276393408274,3.9991736412031686e-07,1,False,,False,,,,,False,False,False,,9.093598365783691,7.6883039474487305,5.074855327606201,8.914844512939453,,,4.201749324798584,True,0.20763287,0.896048271913,1,-1.0,-0.5644418001174927,1.1483007669448853,-0.2076328694820404,-0.11719667166471481,0.23842497169971466,-0.2076328694820404,0.10394436120986938,0.2321978509426117,-0.2076328843832016,0.11109811067581177,0.235487163066864,-0.2076328843832016,0.11109811067581177,0.235487163066864,-0.20763301849365234,0.1110982894897461,0.23548737168312073,False,False,1.910700462758541,,,,,,,,,,,2.319199964404106,-0.2604312598705292,-0.37625035643577576,0.45759016275405884,-0.30878645181655884,-0.3229624629020691,421.44146728515625,879.73681640625,421.44146728515625,879.73681640625,4.24585485458374,8.582560539245605,4.1156392097473145,8.394434928894043,-0.13021564483642578,-0.1881256103515625,0.22879545390605927,-0.2973499298095703,-0.05135631561279297,0.3017522990703583,1.0859194993972778,0.8931150436401367,0.0,2.0,1.5,3.0,True,,False,False,-0.6190484487990882,-0.6484676600590887,0.11287010411034151,False,,False,timeout
374,1787741348.5631921,18.700003599748015,0.04912140034139156,20.357725819094004,0.04912140034139156,20.357725819094004,3.6694109439849854e-06,False,False,7282553.3786384305,7282553.3833865,4.748069681227207,7282553.42863843,0.0,0.008040799759328365,124.36573847518973,0.04902066942304373,0.980413392113199,374,373,-0.6346775656970411,-0.6185875274204133,0.113,-0.6388484270900664,-0.6045576531994216,0.113,-0.638967127680669,-0.6148041158903141,0.113,-0.6388484270900664,-0.6045576531994216,0.113,7282553.328638431,7282553.3786384305,0.04902066942304373,0.049999999813735485,1,True,2316,7,1.6118203575868368,3.0738097886871163,4.079975932836516e-05,1,False,,True,281,0.04139409959316254,0.061723499558866024,16.20128487767118,False,False,False,,8.885965347290039,7.799402236938477,4.6806182861328125,8.785903930664062,,,4.31950569152832,True,0.20763287,0.896048271913,1,-1.0,1.0,1.4142135381698608,-0.2076328694820404,0.2076328694820404,0.293637216091156,-0.2076328694820404,-0.11719667166471481,0.23842497169971466,-0.2076328843832016,-0.09346500784158707,0.2276996374130249,-0.2076328843832016,-0.09346500039100647,0.2276996225118637,-0.20763301849365234,-0.09346485137939453,0.22769969701766968,False,False,1.477300189435482,,,,,,,,,,,1.9195005297660828,-0.21554654836654663,-0.4562753438949585,0.5046260952949524,-0.2604312598705292,-0.37625035643577576,410.40545654296875,855.8279418945312,410.40545654296875,855.8279418945312,4.1156392097473145,8.394434928894043,4.007865905761719,8.16629695892334,-0.1077733039855957,-0.22813796997070312,0.2523133158683777,-0.39423704147338867,-0.12894058227539062,0.41478732228279114,1.44406259059906,0.6873494982719421,0.0,2.0,1.5,3.0,True,,False,False,-0.6290886009831044,-0.6337045241513504,0.11280929138366405,False,,False,timeout
375,1787741348.6124277,18.750002900138497,0.04999930039048195,20.000279847722904,0.04999930039048195,20.000279847722904,2.969987690448761e-06,False,False,7282553.42863843,7282553.4329304,4.29196935147047,7282553.47863843,0.0,0.008011899888515472,124.81434040800157,0.04707486927509308,0.9414973890092126,375,374,-0.6368569692810296,-0.6034190846679599,0.113,-0.6372117847414217,-0.5933340492220974,0.113,-0.6388484270900664,-0.6045576531994216,0.113,-0.6372117847414217,-0.5933340492220974,0.113,7282553.3786384305,7282553.42863843,0.04707486927509308,0.049999999813735485,1,True,2322,7,1.6235688583871797,2.6310647810786993,1.1899888515472246e-05,1,False,,True,282,0.028076800517737865,0.08331730030477047,12.002309200394762,False,False,False,,8.678332328796387,7.705937385559082,4.377135753631592,8.610665321350098,,,4.395318508148193,True,0.20763287,0.896048271913,1,-1.0,-1.0,1.4142135381698608,-0.2076328694820404,-0.2076328694820404,0.293637216091156,-0.2076328694820404,0.2076328694820404,0.293637216091156,-0.2076328843832016,0.1763332486152649,0.27240562438964844,-0.2076328843832016,0.1763332486152649,0.27240562438964844,-0.20763301849365234,0.17633342742919922,0.27240586280822754,False,False,1.218399964272976,,,,,,,,,,,1.6269003972411156,-0.20756152272224426,-0.5103596448898315,0.5509526133537292,-0.21554654836654663,-0.4562753438949585,399.7783203125,829.0850830078125,399.7783203125,829.0850830078125,4.007865905761719,8.16629695892334,3.904085159301758,7.911117076873779,-0.10378074645996094,-0.25517988204956055,0.275476336479187,-0.3034825325012207,-0.17523860931396484,0.35044288635253906,1.1417467594146729,0.5777745842933655,0.0,2.0,1.5,3.0,True,,False,False,-0.6351190801508484,-0.6195610958864467,0.11288686739678913,False,,False,timeout
376,1787741348.6612334,18.800001200288534,0.04999830015003681,20.00067996310198,0.04999830015003681,20.00067996310198,1.2703239917755127e-06,False,False,7282553.47863843,7282553.4827102,4.0717702358961105,7282553.52863843,0.0,0.008002400398254395,124.96250502763337,0.053354269824922085,1.0,376,375,-0.6356543827055168,-0.5855586956838597,0.113,-0.6351241980156297,-0.5813011153721965,0.113,-0.6372117847414217,-0.5933340492220974,0.113,-0.6351241980156297,-0.5813011153721965,0.113,7282553.42863843,7282553.47863843,0.053354269824922085,0.049999999813735485,1,True,2329,7,1.8886943359996344,2.3176609302456757,2.4003982543943647e-06,1,False,,True,283,0.014848700724542141,0.06299810018390417,15.87349455111818,False,False,False,,8.470699310302734,7.882270812988281,4.132167339324951,8.366636276245117,,,4.365486145019531,True,0.20763287,0.896048271913,1,-1.0,-0.8800607323646545,1.332106113433838,-0.2076328694820404,-0.1827295422554016,0.276589035987854,-0.2076328694820404,-0.2076328694820404,0.293637216091156,-0.2076328843832016,-0.16771891713142395,0.266910195350647,-0.2076328992843628,-0.13511589169502258,0.24772509932518005,-0.20763301849365234,-0.1351161003112793,0.24772532284259796,True,False,1.2250998988747597,,,,,,,,,,,1.5663998201489449,-0.2009032964706421,-0.6471155285835266,0.6775844097137451,-0.20756152272224426,-0.5103596448898315,389.4920654296875,795.1762084960938,389.4920654296875,795.1762084960938,3.904085159301758,7.911117076873779,3.803633451461792,7.587559223175049,-0.10045170783996582,-0.32355785369873047,0.3387923240661621,-0.24496841430664062,-0.24402904510498047,0.3457740545272827,1.1555874347686768,0.5094302892684937,0.0,2.0,1.5,3.0,True,,False,False,-0.637687843931716,-0.6043339473100224,0.11273243449488694,False,,False,timeout
377,1787741348.711478,18.850002699531615,0.050001499243080616,19.999400320749054,0.050001499243080616,19.999400320749054,2.769753336906433e-06,False,False,7282553.52863843,7282553.532582,3.9435699582099915,7282553.57863843,0.0,0.00800860021263361,124.86576598273624,0.0514011699706316,1.0,377,376,-0.6320417687085302,-0.5706345128025175,0.113,-0.6309258170951982,-0.5665159021090339,0.113,-0.6351241980156297,-0.5813011153721965,0.113,-0.6309258170951982,-0.5665159021090339,0.113,7282553.47863843,7282553.52863843,0.0514011699706316,0.049999999813735485,1,True,2335,7,1.8983064145632507,2.3250167466195766,8.600212633609605e-06,1,False,,False,,,,,False,False,False,,8.263066291809082,7.747154712677002,3.953315258026123,8.075789451599121,,,4.322262763977051,True,0.20763287,0.896048271913,1,-1.0,1.0,1.4142135381698608,-0.2076328694820404,0.2076328694820404,0.293637216091156,-0.2076328694820404,-0.1827295422554016,0.276589035987854,-0.2076328843832016,-0.17778003215789795,0.27334436774253845,-0.2076328843832016,-0.17778003215789795,0.27334436774253845,-0.20763301849365234,-0.1777801513671875,0.27334457635879517,False,False,1.662599854171276,,,,,,,,,,,1.9875997677445412,-0.23991680145263672,-0.7652702927589417,0.8019967079162598,-0.2009032964706421,-0.6471155285835266,377.2083435058594,755.0760498046875,377.2083435058594,755.0760498046875,3.803633451461792,7.587559223175049,3.6836750507354736,7.2049241065979,-0.11995840072631836,-0.38263511657714844,0.4009983241558075,-0.17885208129882812,-0.2908468246459961,0.34143802523612976,0.9764030575752258,0.5106597542762756,0.0,2.0,1.5,3.0,True,,False,False,-0.6370122744622527,-0.5889552020109025,0.1129439300510224,False,,False,timeout
378,1787741348.7622917,18.900002700276673,0.05000000074505806,19.99999970197678,0.05000000074505806,19.99999970197678,2.7706846594810486e-06,False,False,7282553.57863843,7282553.582722,4.083570092916489,7282553.62863843,0.0,0.008019999600946903,124.68828550589107,0.04945586994290352,0.9891174025428199,378,377,-0.6279452881558574,-0.5558308604764163,0.113,-0.6259976397579802,-0.5488261335823906,0.113,-0.6309258170951982,-0.5665159021090339,0.113,-0.6259976397579802,-0.5488261335823906,0.113,7282553.52863843,7282553.57863843,0.04945586994290352,0.049999999813735485,1,True,2341,7,1.6198824178871924,2.3460407116521793,1.9999600946903062e-05,1,False,,True,284,0.03520020004361868,0.06322859972715378,15.815627806328692,False,False,False,,8.05543327331543,7.5693745613098145,3.8099822998046875,7.700549125671387,,,4.247477054595947,True,0.20763287,0.896048271913,1,-1.0,-0.4468112289905548,1.0952808856964111,-0.2076328694820404,-0.0927726998925209,0.22741632163524628,-0.2076328694820404,0.2076328694820404,0.293637216091156,-0.2076328843832016,0.16756851971149445,0.266815721988678,-0.2076328992843628,0.1336691677570343,0.24693898856639862,-0.20763301849365234,0.13366937637329102,0.24693921208381653,True,False,1.2098997831344604,,,,,,,,,,,1.6214000061154366,-0.2713928818702698,-1.0,1.0361727476119995,-0.23991680145263672,-0.7652702927589417,363.3130187988281,702.676025390625,363.3130187988281,702.676025390625,3.6836750507354736,7.2049241065979,3.547978639602661,6.7049241065979,-0.1356964111328125,-0.5,0.5180863738059998,-0.14333295822143555,-0.3752403259277344,0.401683509349823,0.9998411536216736,0.5114662051200867,0.0,2.0,1.5,3.0,True,,False,False,-0.6331992473913908,-0.5711536230070433,0.11289624278641336,False,,False,timeout
379,1787741348.813769,18.950003099627793,0.050000399351119995,19.999840260827842,0.050000399351119995,19.999840260827842,3.170222043991089e-06,False,False,7282553.62863843,7282553.6336308,4.992370493710041,7282553.678638429,0.0,0.00805519986897707,124.1434124870436,0.047598070465028286,0.9519614128468983,379,378,-0.623526760576926,-0.54112035547514,0.113,-0.618720744893022,-0.5254760451035623,0.113,-0.6259976397579802,-0.5488261335823906,0.113,-0.618720744893022,-0.5254760451035623,0.113,7282553.57863843,7282553.62863843,0.047598070465028286,0.049999999813735485,1,True,2347,7,1.6101453276841955,3.2464430293227604,5.519986897706969e-05,1,False,,True,285,0.01981129962950945,0.0798998000100255,12.51567588247435,False,False,False,,7.847800254821777,7.7030439376831055,3.720181465148926,7.374227523803711,,,4.140695095062256,True,0.20763287,0.896048271913,1,-1.0,1.0,1.4142135381698608,-0.2076328694820404,0.2076328694820404,0.293637216091156,-0.2076328694820404,-0.0927726998925209,0.22741632163524628,-0.2076328843832016,-0.06923365592956543,0.21887144446372986,-0.2076328843832016,-0.06923365592956543,0.21887144446372986,-0.20763301849365234,-0.06923389434814453,0.21887165307998657,False,False,1.4236997812986374,,,,,,,,,,,2.031399868428707,-0.223236083984375,-1.0,1.0246142148971558,-0.2713928818702698,-1.0,351.8833312988281,650.2760009765625,351.8833312988281,650.2760009765625,3.547978639602661,6.7049241065979,3.4363605976104736,6.2049241065979,-0.1116180419921875,-0.5,0.5123071074485779,-0.08980083465576172,-0.3263216018676758,0.3384523391723633,0.6532698273658752,0.6911011934280396,0.0,2.0,1.5,3.0,True,,False,False,-0.6286631654926124,-0.5563805013803708,0.11295429311312852,False,,False,timeout
380,1787741348.8645673,19.00294249970466,0.05293940007686615,18.889522709891594,0.05293940007686615,18.889522709891594,0.002942570485174656,True,False,7282553.678638429,7282553.6856938,7.055371068418026,7282553.728638429,0.0,0.008491000160574913,117.77175610514786,0.05425767041742802,1.0,380,379,-0.6179962940879804,-0.5240754583069739,0.113,-0.6108545087255407,-0.5025677613683468,0.113,-0.618720744893022,-0.5254760451035623,0.113,-0.6108545087255407,-0.5025677613683468,0.113,7282553.62863843,7282553.678638429,0.05425767041742802,0.049999999813735485,1,True,2354,7,1.863894607499344,4.130129705185297,0.0004910001605749129,1,False,,True,287,0.008652299642562866,0.02878119982779026,34.744903130634256,False,False,False,,7.640167236328125,7.633810043334961,3.6371397972106934,7.05165433883667,,,4.04513692855835,True,0.20763287,0.896048271913,1,-0.23041653633117676,-0.07464462518692017,0.2422056943178177,-0.04784204810857773,-0.015498677268624306,0.05028986558318138,-0.2076328694820404,0.2076328694820404,0.293637216091156,-0.2076328843832016,0.17885209619998932,0.27404284477233887,-0.2076328843832016,0.17885209619998932,0.27404284477233887,-0.20763301849365234,0.17885208129882812,0.27404293417930603,False,False,1.2926002964377403,,,,,,,,,,,1.564900390803814,-0.1909007430076599,-1.0,1.0180585384368896,-0.223236083984375,-1.0,342.1092224121094,597.8760375976562,342.1092224121094,597.8760375976562,3.4363605976104736,6.2049241065979,3.3409101963043213,5.7049241065979,-0.09545040130615234,-0.5,0.5090292692184448,-0.08304166793823242,-0.322573184967041,0.3330906629562378,0.6498379111289978,0.8702093958854675,0.0,2.0,1.5,3.0,True,,False,False,-0.6239284823177252,-0.5417451296262211,0.11304657320218547,False,,False,timeout
381,1787741348.9137652,19.050003199838102,0.04706070013344288,21.24915262978349,0.04706070013344288,21.24915262978349,3.2708048820495605e-06,False,False,7282553.728638429,7282553.7340126,5.3741708397865295,7282553.778638429,0.0,0.008011099882423878,124.8268046431391,0.05228857044130564,1.0,381,380,-0.6127714384159384,-0.5096319254959576,0.113,-0.6015737532453962,-0.47959943795958776,0.113,-0.6108545087255407,-0.5025677613683468,0.113,-0.6015737532453962,-0.47959943795958776,0.113,7282553.678638429,7282553.728638429,0.05228857044130564,0.049999999813735485,1,True,2360,7,1.8695387202875235,5.074673582860294,1.109988242387755e-05,1,False,,False,,,,,False,False,False,,7.432534217834473,7.812662124633789,3.5583016872406006,6.73378849029541,,,4.0216474533081055,True,0.20763287,0.896048271913,1,-1.0,-1.0,1.4142135381698608,-0.2076328694820404,-0.2076328694820404,0.293637216091156,-0.04784204810857773,-0.015498677268624306,0.05028986558318138,-0.06445259600877762,0.004704420454800129,0.06462405622005463,-0.06445258855819702,0.004704415798187256,0.06462404876947403,-0.0644526481628418,0.004704475402832031,0.0646241083741188,False,False,2.180499956011772,,,,,,,,,,,2.8050998225808144,-0.07099833339452744,-1.0,1.0025172233581543,-0.1909007430076599,-1.0,338.4740905761719,545.4760131835938,338.4740905761719,545.4760131835938,3.3409101963043213,5.7049241065979,3.3054111003875732,5.2049241065979,-0.03549909591674805,-0.5,0.5012586116790771,-0.07883810997009277,-0.31786584854125977,0.3274967670440674,0.6424204111099243,1.0515801906585693,0.0,2.0,1.5,3.0,True,,False,False,-0.6191024066209014,-0.5272227237097996,0.1130127457079319,False,,False,timeout
382,1787741348.96147,19.100002199411392,0.04999899957329035,20.00040017869085,0.04999899957329035,20.00040017869085,2.2705644369125366e-06,False,False,7282553.778638429,7282553.7824966,3.8581714034080505,7282553.828638429,0.0,0.008001499809324741,124.9765698718915,0.05034137051552534,1.0,382,381,-0.6069007599310363,-0.4954394568038679,0.113,-0.5906149858489922,-0.45788099813927285,0.113,-0.6015737532453962,-0.47959943795958776,0.113,-0.5906149858489922,-0.45788099813927285,0.113,7282553.728638429,7282553.778638429,0.05034137051552534,0.049999999813735485,1,True,2366,7,1.6120943781312131,5.705726168397754,1.499809324741197e-06,1,False,,True,288,0.02462559938430786,0.03555919975042343,28.122117680336498,False,False,False,,7.368081569671631,7.817366600036621,3.474801778793335,6.363800525665283,,,4.1557769775390625,True,0.20763287,0.896048271913,1,-1.0,-1.0,1.4142135381698608,-0.2076328694820404,-0.2076328694820404,0.293637216091156,-0.2076328694820404,-0.2076328694820404,0.293637216091156,-0.1927490383386612,-0.18556003272533417,0.2675532102584839,-0.1927490383386612,-0.18556003272533417,0.2675532102584839,-0.1927490234375,-0.1855602264404297,0.26755332946777344,False,False,1.1350000277161598,,,,,,,,,,,1.6085999086499214,0.16346478462219238,-1.0,1.0132722854614258,-0.07099833339452744,-1.0,346.8434753417969,493.0760192871094,346.8434753417969,493.0760192871094,3.3054111003875732,5.2049241065979,3.387143611907959,4.7049241065979,0.08173251152038574,-0.5,0.5066361427307129,-0.08349990844726562,-0.36998796463012695,0.37929320335388184,0.7480617761611938,1.1711907386779785,0.0,2.0,1.5,3.0,True,,False,False,-0.6131242655570699,-0.510310578439743,0.11294952808739836,False,,False,timeout
383,1787741349.0118146,19.15000099968165,0.04999880027025938,20.000479903411335,0.04999880027025938,20.000479903411335,1.0710209608078003e-06,False,False,7282553.828638429,7282553.8328128,4.174371249973774,7282553.878638429,0.0,0.008007699623703957,124.87980905775417,0.04866187088191509,0.9732374212638938,383,382,-0.5998222524331197,-0.4818149155705422,0.113,-0.5752372450167254,-0.43890775891822564,0.113,-0.5906149858489922,-0.45788099813927285,0.113,-0.5752372450167254,-0.43890775891822564,0.113,7282553.778638429,7282553.828638429,0.04866187088191509,0.049999999813735485,1,True,2372,7,1.666409799165056,6.610874260205531,7.699623703956437e-06,1,False,,True,289,0.010786700062453747,0.08115950040519238,12.321416408522182,False,False,False,,7.175332546234131,7.631806373596191,3.419898748397827,6.05829381942749,,,4.071759223937988,True,0.20763287,0.896048271913,1,-1.0,-1.0,1.4142135381698608,-0.2076328694820404,-0.2076328694820404,0.293637216091156,-0.2076328694820404,-0.2076328694820404,0.293637216091156,-0.206085667014122,-0.20533838868141174,0.2909212112426758,-0.206085667014122,-0.20533838868141174,0.2909212112426758,-0.2060856819152832,-0.2053384780883789,0.29092130064964294,False,False,1.160099171102047,,,,,,,,,,,1.5929006040096283,0.19125527143478394,-1.0,1.018125057220459,0.16346478462219238,-1.0,356.6357727050781,440.676025390625,356.6357727050781,440.676025390625,3.387143611907959,4.7049241065979,3.482771158218384,4.2049241065979,0.0956275463104248,-0.5,0.5090625286102295,-0.05490303039550781,-0.30550670623779297,0.3104008436203003,0.5776292681694031,1.3537660837173462,0.0,2.0,1.5,3.0,True,,False,False,-0.6076345617519592,-0.4965338545350635,0.11288677128984902,False,,False,timeout
384,1787741349.0636759,19.20218039955944,0.052179399877786636,19.16465122907079,0.052179399877786636,19.16465122907079,0.002180471085011959,True,False,7282553.878638429,7282553.8849957,6.35727122426033,7282553.928638428,0.0,0.00801009964197874,124.84239206704416,0.05474367085844278,1.0,384,383,-0.5902050805395815,-0.4666986211177982,0.113,-0.558568236385921,-0.4196432575181597,0.113,-0.5752372450167254,-0.43890775891822564,0.113,-0.558568236385921,-0.4196432575181597,0.113,7282553.828638429,7282553.878638429,0.05474367085844278,0.049999999813735485,1,True,2379,7,2.087390350945606,7.757337267583065,1.0099641978740526e-05,1,False,,True,290,3.6699697375297546e-05,0.06352400034666061,15.742081646981303,False,False,False,,6.969246864318848,7.4264678955078125,3.394545316696167,5.773256301879883,,,3.938476800918579,True,0.20763287,0.896048271913,1,-1.0,-0.35469555854797363,1.0610414743423462,-0.2076328694820404,-0.07364645600318909,0.22030708193778992,-0.2076328694820404,-0.2076328694820404,0.293637216091156,-0.2074720412492752,-0.20739436149597168,0.2933548390865326,-0.2074720412492752,-0.20739436149597168,0.2933548390865326,-0.2074718475341797,-0.20739459991455078,0.293354868888855,False,False,1.293400302529335,,,,,,,,,,,1.6676997765898705,0.2111937701702118,-1.0,1.022058129310608,0.19125527143478394,-1.0,367.4488830566406,388.27606201171875,367.4488830566406,388.27606201171875,3.482771158218384,4.2049241065979,3.5883679389953613,3.7049241065979004,0.10559678077697754,-0.5,0.511029064655304,-0.025353431701660156,-0.2850375175476074,0.2861628532409668,0.5406026244163513,1.5708117485046387,0.0,2.0,1.5,3.0,True,,False,False,-0.6015485645071184,-0.4842212471698864,0.11305287191122732,False,,False,timeout
385,1787741349.1108148,19.25000340025872,0.04782300069928169,20.9104402772246,0.04782300069928169,20.9104402772246,3.471970558166504e-06,False,False,7282553.928638428,7282553.9317444,3.1059719622135162,7282553.978638428,0.0,0.008006900548934937,124.89227184581657,0.05278667155653238,1.0,385,384,-0.5812273487398204,-0.4542366746671641,0.113,-0.5414249087178049,-0.4006449189823948,0.113,-0.558568236385921,-0.4196432575181597,0.113,-0.5414249087178049,-0.4006449189823948,0.113,7282553.878638429,7282553.928638428,0.05278667155653238,0.049999999813735485,1,True,2385,7,2.1357728001946743,8.811208660890243,6.900548934936357e-06,1,False,,False,,,,,False,False,False,,6.761775016784668,7.219073295593262,3.3962974548339844,5.463764190673828,,,3.7957277297973633,True,0.20763287,0.896048271913,1,-1.0,-0.11710608005523682,1.006833553314209,-0.2076328694820404,-0.02431507222354412,0.20905174314975739,-0.2076328694820404,-0.07364645600318909,0.22030708193778992,-0.20761613547801971,-0.08754980564117432,0.2253207117319107,-0.20761613547801971,-0.08754980564117432,0.2253207117319107,-0.20761632919311523,-0.08754968643188477,0.22532086074352264,False,False,1.3223998248577118,,,,,,,,,,,1.5088999643921852,0.24214357137680054,-1.0,1.0288991928100586,0.2111937701702118,-1.0,379.84661865234375,335.87603759765625,379.84661865234375,335.87603759765625,3.5883679389953613,3.7049241065979004,3.709439754486084,3.2049241065979004,0.12107181549072266,-0.5,0.5144495964050293,0.0017521381378173828,-0.3094921112060547,0.30949705839157104,0.5932630896568298,1.7692962884902954,0.0,2.0,1.5,3.0,True,,False,False,-0.593830301883628,-0.4714783208425972,0.1127908239466283,False,,False,timeout
386,1787741349.1616304,19.30000269971788,0.049999299459159374,20.000280220262365,0.049999299459159374,20.000280220262365,2.771615982055664e-06,False,False,7282553.978638428,7282553.9827324,4.093972034752369,7282554.028638428,0.0,0.008395800366997719,119.10716742751629,0.051245071925222874,1.0,386,385,-0.5718057089436099,-0.4421063034686305,0.113,-0.5232722492003451,-0.38106078961177836,0.113,-0.5414249087178049,-0.4006449189823948,0.113,-0.5232722492003451,-0.38106078961177836,0.113,7282553.928638428,7282553.978638428,0.051245071925222874,0.049999999813735485,1,True,2391,7,1.880315673005945,9.67901832199281,0.00039580036699771864,1,False,,True,291,0.017997799441218376,0.0629297997802496,15.89072273377625,False,False,False,,6.554158687591553,7.131523609161377,3.4251110553741455,5.094710826873779,,,3.733570098876953,True,0.20763287,0.896048271913,1,-1.0,-1.0,1.4142135381698608,-0.2076328694820404,-0.2076328694820404,0.293637216091156,-0.2076328694820404,-0.02431507222354412,0.20905174314975739,-0.2076311558485031,-0.030888419598340988,0.2099161595106125,-0.2076311558485031,-0.030888419598340988,0.2099161595106125,-0.20763111114501953,-0.03088855743408203,0.2099161297082901,False,False,1.2136995792388916,,,,,,,,,,,1.80829968303442,0.39188188314437866,-1.0,1.0740443468093872,0.24214357137680054,-1.0,399.9110107421875,283.4760437011719,399.9110107421875,283.4760437011719,3.709439754486084,3.2049241065979004,3.9053807258605957,2.7049241065979004,0.19594097137451172,-0.5,0.5370222330093384,0.028813600540161133,-0.36905336380004883,0.37017643451690674,0.7104070782661438,1.911056399345398,0.0,2.0,1.5,3.0,True,,False,False,-0.5835480341520661,-0.4567915599204338,0.11285948431118278,False,,False,timeout
387,1787741349.2109542,19.3500009002164,0.04999820049852133,20.000719826498045,0.04999820049852133,20.000719826498045,9.723007678985596e-07,False,False,7282554.028638428,7282554.0324301,3.7916721776127815,7282554.078638428,0.0,0.008020499721169472,124.68051053733964,0.049334071576595306,0.9866814352075809,387,386,-0.5618152957931879,-0.43044159185751923,0.113,-0.5020302679827242,-0.3636780263080875,0.113,-0.5232722492003451,-0.38106078961177836,0.113,-0.5020302679827242,-0.3636780263080875,0.113,7282553.978638428,7282554.028638428,0.049334071576595306,0.049999999813735485,1,True,2397,7,1.8609117209089907,10.822675655153903,2.0499721169471574e-05,1,False,,True,292,0.0029343003407120705,0.08011410012841225,12.482197246141853,False,False,False,,6.346527576446533,7.100635051727295,3.4660463333129883,4.778727054595947,,,3.6997876167297363,True,0.20763287,0.896048271913,1,-1.0,-1.0,1.4142135381698608,-0.2076328694820404,-0.2076328694820404,0.293637216091156,-0.2076328694820404,-0.2076328694820404,0.293637216091156,-0.20763269066810608,-0.18925999104976654,0.2809460461139679,-0.20763269066810608,-0.18925999104976654,0.2809460461139679,-0.20763254165649414,-0.18926000595092773,0.28094595670700073,False,False,1.0656993836164474,,,,,,,,,,,1.5237005427479744,0.536285936832428,-1.0,1.13472580909729,0.39188188314437866,-1.0,427.36883544921875,231.0760498046875,427.36883544921875,231.0760498046875,3.9053807258605957,2.7049241065979004,4.173523902893066,2.2049241065979004,0.2681431770324707,-0.5,0.5673629641532898,0.04093527793884277,-0.31598377227783203,0.3186242878437042,0.5756480097770691,2.119828701019287,0.11982870101928711,2.0,1.5,3.0,True,,False,False,-0.5740345741720546,-0.4444765564700445,0.11290918410618568,False,,False,timeout
388,1787741349.2638261,19.40125019941479,0.05124929919838905,19.51246193882459,0.05124929919838905,19.51246193882459,0.0012502716854214668,True,False,7282554.078638428,7282554.0843192,5.680772475898266,7282554.128638428,0.0,0.008003500290215015,124.94533188467403,0.0473778722807765,0.9475574491454566,388,387,-0.5510986843950624,-0.4194417614796231,0.113,-0.4773074831763659,-0.34811874597985115,0.113,-0.5020302679827242,-0.3636780263080875,0.113,-0.4773074831763659,-0.34811874597985115,0.113,7282554.028638428,7282554.078638428,0.0473778722807765,0.049999999813735485,1,True,2403,7,1.8632397808027543,12.125294137067437,3.500290215015245e-06,1,False,,False,,,,,False,False,False,,6.138895034790039,6.911375045776367,3.5199670791625977,4.471627712249756,,,3.5792667865753174,True,0.20763287,0.896048271913,1,-1.0,-1.0,1.4142135381698608,-0.2076328694820404,-0.2076328694820404,0.293637216091156,-0.2076328694820404,-0.2076328694820404,0.293637216091156,-0.20763283967971802,-0.20572297275066376,0.2922898232936859,-0.20763283967971802,-0.20572297275066376,0.2922898232936859,-0.20763301849365234,-0.20572280883789062,0.2922898232936859,False,False,1.862899400293827,,,,,,,,,,,2.1758005023002625,0.6214144229888916,-1.0,1.1773512363433838,0.536285936832428,-1.0,459.18524169921875,178.67605590820312,459.18524169921875,178.67605590820312,4.173523902893066,2.2049241065979004,4.484230995178223,1.7049241065979004,0.31070709228515625,-0.5,0.5886755585670471,0.053920745849609375,-0.3070993423461914,0.3117971420288086,0.5219253301620483,2.3590424060821533,0.3590424060821533,2.0,1.5,3.0,True,,False,False,-0.564155159448278,-0.4327340322612291,0.11289878374729603,False,,False,timeout
389,1787741349.312065,19.45000320021063,0.04875300079584122,20.511557928251733,0.04875300079584122,20.511557928251733,3.2726675271987915e-06,False,False,7282554.128638428,7282554.1326977,4.059271886944771,7282554.1786384275,0.0,0.008006599731743336,124.89696419259649,0.05344157200306654,1.0,389,388,-0.5377639461138647,-0.4074762042123806,0.113,-0.4501827587743406,-0.3328479437545851,0.113,-0.4773074831763659,-0.34811874597985115,0.113,-0.4501827587743406,-0.3328479437545851,0.113,7282554.078638428,7282554.128638428,0.05344157200306654,0.049999999813735485,1,True,2410,7,2.1116768487705895,13.617778013263433,6.599731743335557e-06,1,False,,True,293,0.038848900236189365,0.0648082997649908,15.430122432253594,False,False,False,,5.931262016296387,6.705652236938477,3.591723680496216,4.167748928070068,,,3.451723098754883,False,0.20763287,0.896048271913,1,-1.0,-0.9299999475479126,1.365613341331482,-0.2076328694820404,-0.19309855997562408,0.28354623913764954,-0.2076328694820404,-0.2076328694820404,0.293637216091156,-0.2076328843832016,-0.20743431150913239,0.29349687695503235,-0.2076328843832016,-0.20743431150913239,0.29349687695503235,-0.20763301849365234,-0.20743417739868164,0.29349687695503235,False,False,1.2734998017549515,,,,,,,,,,,1.5789996832609177,0.7017348408699036,-1.0,1.2216511964797974,0.6214144229888916,-1.0,495.11407470703125,126.27604675292969,495.11407470703125,126.27604675292969,4.484230995178223,1.7049241065979004,4.8350982666015625,1.2049241065979004,0.35086727142333984,-0.5,0.6108255386352539,0.07175660133361816,-0.3038787841796875,0.3122360110282898,0.502785325050354,2.619556427001953,0.6195564270019531,2.0,1.5,3.0,True,,False,False,-0.5535809501046773,-0.4214661073910397,0.1128486554601893,False,,False,timeout
390,1787741349.3618207,19.500001300126314,0.04999809991568327,20.000760062610354,0.04999809991568327,20.000760062610354,1.3727694749832153e-06,False,False,7282554.1786384275,7282554.1825096,3.8711726665496826,7282554.228638427,0.0,0.008023500442504883,124.6338810804386,0.051533572375774384,1.0,390,389,-0.5257054836717395,-0.39796450957849533,0.113,-0.4211360408285421,-0.31880238227413094,0.113,-0.4501827587743406,-0.3328479437545851,0.113,-0.4211360408285421,-0.31880238227413094,0.113,7282554.128638428,7282554.1786384275,0.051533572375774384,0.049999999813735485,1,True,2416,7,1.859080064882899,14.974464799463986,2.3500442504882646e-05,1,False,,True,294,0.006688600406050682,0.06435570027679205,15.538639090228655,False,False,False,,5.723628997802734,6.498218059539795,3.6996548175811768,3.8238401412963867,,,3.3539183139801025,False,0.20763287,0.896048271913,1,-0.4961695671081543,-1.0,1.1163262128829956,-0.10302110761404037,-0.2076328694820404,0.23178601264953613,-0.2076328694820404,-0.19309855997562408,0.28354623913764954,-0.2076328843832016,-0.194588765501976,0.28456318378448486,-0.2076328843832016,-0.194588765501976,0.28456318378448486,-0.20763301849365234,-0.19458866119384766,0.28456321358680725,False,False,1.1016996577382088,,,,,,,,,,,1.5397006645798683,0.7637805342674255,-1.0,1.2583166360855103,0.7017348408699036,-1.0,534.2196044921875,73.87604522705078,534.2196044921875,73.87604522705078,4.8350982666015625,1.2049241065979004,5.216988563537598,0.7049241065979004,0.38189029693603516,-0.5,0.6291583180427551,0.10793113708496094,-0.34390878677368164,0.3604474663734436,0.5623679161071777,2.854461908340454,0.8544619083404541,2.0,1.5,3.0,True,,False,False,-0.5404631077907139,-0.40927066035866333,0.11296320783138139,False,,False,timeout
391,1787741349.4161124,19.554541800171137,0.05454050004482269,18.334998747319442,0.05454050004482269,18.334998747319442,0.004541873000562191,True,False,7282554.228638427,7282554.2371529,8.514472283422947,7282554.278638427,0.0,0.008011200465261936,124.82523740807474,0.05762087274342775,1.0,391,390,-0.5110728240821416,-0.3876226789409319,0.113,-0.38987151715109747,-0.3047848225783629,0.113,-0.4211360408285421,-0.31880238227413094,0.113,-0.38987151715109747,-0.3047848225783629,0.113,7282554.1786384275,7282554.228638427,0.05762087274342775,0.049999999813735485,1,True,2423,7,2.1081307749183558,16.788671367486167,1.1200465261936021e-05,1,False,,True,295,0.0005239006131887436,0.08188559953123331,12.212159472784636,False,False,False,,5.515995979309082,6.303629398345947,3.812474489212036,3.535346269607544,,,3.2504425048828125,False,0.20763287,0.896048271913,1,-1.0,-1.0,1.4142135381698608,-0.2076328694820404,-0.2076328694820404,0.293637216091156,-0.10302110761404037,-0.2076328694820404,0.23178601264953613,-0.11389569193124771,-0.20627689361572266,0.23563188314437866,-0.11389569193124771,-0.20627689361572266,0.23563188314437866,-0.11389589309692383,-0.20627689361572266,0.23563198745250702,False,False,1.1542001739144325,,,,,,,,,,,1.5810998156666756,0.8225094676017761,-1.0,1.294805645942688,0.7637805342674255,-1.0,576.3321533203125,52.400001525878906,576.3321533203125,21.47604751586914,5.216988563537598,0.7049241065979004,5.628243446350098,0.5,0.4112548828125,-0.2049241065979004,0.4594828188419342,0.11281967163085938,-0.2884938716888428,0.30976927280426025,0.47325077652931213,3.159738779067993,1.1597387790679932,2.0,1.5,3.0,True,,True,False,-0.5284795702828936,-0.3995147000059798,0.1129190178609216,False,,False,timeout
392,1787741349.4628737,19.60030240006745,0.04576059989631176,21.852860370403462,0.04576059989631176,21.852860370403462,0.0003024730831384659,False,False,7282554.278638427,7282554.2833128,4.67437319457531,7282554.328638427,0.0,0.008015799336135387,124.7536219490899,0.04765687230974436,0.9531374497456009,392,391,-0.5000993906366663,-0.3810381143443409,0.113,-0.36682127350591887,-0.3068201788521423,0.113,-0.38987151715109747,-0.3047848225783629,0.113,-0.36682127350591887,-0.3068201788521423,0.113,7282554.228638427,7282554.278638427,0.04765687230974436,0.049999999813735485,1,True,2428,7,1.8613863484578517,17.115511383682147,1.5799336135387254e-05,1,False,,False,,,,,False,False,False,,5.402100086212158,6.097352504730225,3.9411938190460205,3.258451461791992,,,3.1927428245544434,False,0.20763287,0.896048271913,1,-1.0,-1.0,1.4142135381698608,-0.2076328694820404,-0.2076328694820404,0.293637216091156,-0.2076328694820404,-0.2076328694820404,0.293637216091156,-0.19788874685764313,-0.2074919193983078,0.2867278456687927,-0.19788874685764313,-0.2074919193983078,0.2867278456687927,-0.19788885116577148,-0.20749187469482422,0.2867278754711151,False,False,1.5769992023706436,,,,,,,,,,,2.4528000503778458,0.9508073925971985,-1.0,1.3798675537109375,0.8225094676017761,-1.0,625.0134887695312,52.400001525878906,625.0134887695312,0.0,5.628243446350098,0.5,6.103647232055664,0.5,0.4754037857055664,0.0,0.4754037857055664,0.12871932983398438,-0.27689480781555176,0.30535128712654114,0.5194986462593079,3.2334487438201904,1.2334487438201904,2.0,1.5,3.0,True,,True,False,-0.5160685487561643,-0.3906015706838188,0.11295303597229932,False,,False,timeout
393,1787741349.5110908,19.650003500282764,0.04970110021531582,20.1202789408642,0.04970110021531582,20.1202789408642,3.573484718799591e-06,False,False,7282554.328638427,7282554.3325037,3.8652727380394936,7282554.378638427,0.0,0.008036700077354908,124.42917993390225,0.04582977294921875,0.9165954623989592,393,392,-0.486183074975878,-0.37456350182509845,0.113,-0.34750947356941425,-0.3210518980469236,0.113,-0.36682127350591887,-0.3068201788521423,0.113,-0.34750947356941425,-0.3210518980469236,0.113,7282554.278638427,7282554.328638427,0.04582977294921875,0.049999999813735485,1,True,2434,7,1.861437337099712,16.722643125988835,3.670007735490782e-05,1,False,,True,296,0.030866900458931923,0.06070860009640455,16.47213077573872,False,False,False,,5.204211235046387,5.8898606300354,4.084340572357178,2.9877212047576904,,,3.110711097717285,False,0.20763287,0.896048271913,1,-1.0,-1.0,1.4142135381698608,-0.2076328694820404,-0.2076328694820404,0.293637216091156,-0.2076328694820404,-0.2076328694820404,0.293637216091156,-0.2066199630498886,-0.20761820673942566,0.29291146993637085,-0.2066199630498886,-0.20761820673942566,0.29291146993637085,-0.2066197395324707,-0.20761823654174805,0.2929113209247589,False,False,1.1045997962355614,,,,,,,,,,,1.54039915651083,1.0,-1.0,1.4142135381698608,0.9508073925971985,-1.0,676.2135009765625,52.400001525878906,676.2135009765625,0.0,6.103647232055664,0.5,6.603647232055664,0.5,0.5,0.0,0.5,0.14314675331115723,-0.27073025703430176,0.30624479055404663,0.3011056184768677,3.204115629196167,1.204115629196167,2.0,1.5,3.0,True,,True,False,-0.5031307157054068,-0.38226224509930873,0.11295850668120255,False,,False,timeout
394,1787741349.5609407,19.700001999735832,0.04999849945306778,20.000600236786557,0.04999849945306778,20.000600236786557,2.073124051094055e-06,False,False,7282554.378638427,7282554.3825551,3.9166733622550964,7282554.428638427,0.0,0.008002100512385368,124.9671881092015,0.05201627314090729,1.0,394,393,-0.4690368479465087,-0.36941008141610393,0.113,-0.3273417144413805,-0.3359144114139772,0.113,-0.34750947356941425,-0.3210518980469236,0.113,-0.3273417144413805,-0.3359144114139772,0.113,7282554.328638427,7282554.378638427,0.05201627314090729,0.049999999813735485,1,True,2441,7,1.8797883972668097,16.439249140300515,2.1005123853681806e-06,1,False,,True,297,0.0009097997099161148,0.06538099981844425,15.294963411035141,False,False,False,,4.997591495513916,5.682242393493652,4.282846450805664,2.691784143447876,,,3.0746872425079346,False,0.20763287,0.896048271913,1,-0.7948054671287537,-0.9768896102905273,1.2593764066696167,-0.16502773761749268,-0.20283439755439758,0.2614879310131073,-0.2076328694820404,-0.2076328694820404,0.293637216091156,-0.2075275480747223,-0.20763134956359863,0.2935616672039032,-0.2075275480747223,-0.20763134956359863,0.2935616672039032,-0.20752763748168945,-0.20763111114501953,0.29356157779693604,False,False,1.1082999408245087,,,,,,,,,,,1.5727002173662186,1.0,-1.0,1.4142135381698608,1.0,-1.0,727.4134521484375,52.400001525878906,727.4134521484375,0.0,6.603647232055664,0.5,7.103647232055664,0.5,0.5,0.0,0.5,0.19850587844848633,-0.29593706130981445,0.3563472032546997,0.39701175689697266,3.192183256149292,1.192183256149292,2.0,1.5,3.0,True,,True,False,-0.4872103248008441,-0.37421478545149855,0.113000084202707,False,,False,timeout
395,1787741349.614313,19.752726799808443,0.05272480007261038,18.966406674332422,0.05272480007261038,18.966406674332422,0.0027268733829259872,True,False,7282554.428638427,7282554.4351184,6.4799729734659195,7282554.478638426,0.0,0.008001599460840225,124.9750134200035,0.05005977302789688,1.0,395,394,-0.4538748114925831,-0.36700477599730685,0.113,-0.3071045263642426,-0.350828090043248,0.113,-0.3273417144413805,-0.3359144114139772,0.113,-0.3071045263642426,-0.350828090043248,0.113,7282554.378638427,7282554.428638427,0.05005977302789688,0.049999999813735485,1,True,2447,7,1.890056662457944,16.655681345318353,1.5994608402250532e-06,1,False,,False,,,,,False,False,False,,4.790063858032227,5.474611282348633,4.4912190437316895,2.461759567260742,,,3.0276365280151367,False,0.20763287,0.896048271913,1,-1.0,-1.0,1.4142135381698608,-0.2076328694820404,-0.2076328694820404,0.293637216091156,-0.16502773761749268,-0.20283439755439758,0.2614879310131073,-0.1694456785917282,-0.2033330202102661,0.26468122005462646,-0.1694456785917282,-0.2033330202102661,0.26468122005462646,-0.16944551467895508,-0.20333290100097656,0.26468104124069214,False,False,1.4518005773425102,,,,,,,,,,,1.978900283575058,1.0,-1.0,1.4142135381698608,1.0,-1.0,778.6134643554688,52.400001525878906,778.6134643554688,0.0,7.103647232055664,0.5,7.603647232055664,0.5,0.5,0.0,0.5,0.2083725929260254,-0.2300245761871338,0.310371458530426,0.4167451858520508,3.266998767852783,1.2669987678527832,2.0,1.5,3.0,True,,True,False,-0.4726204226663833,-0.36942002749852265,0.11299362530500294,False,,False,timeout
396,1787741349.6640406,19.80000239983201,0.04727560002356768,21.152560718456947,0.04727560002356768,21.152560718456947,2.473592758178711e-06,False,False,7282554.478638426,7282554.4841421,5.503674037754536,7282554.528638426,0.0,0.008004299364984035,124.93285850534834,0.04810807295143604,0.9621614626130516,396,395,-0.4385392429632629,-0.3662611629317289,0.113,-0.2867975501986562,-0.36579319860039744,0.113,-0.3071045263642426,-0.350828090043248,0.113,-0.2867975501986562,-0.36579319860039744,0.113,7282554.428638427,7282554.478638426,0.04810807295143604,0.049999999813735485,1,True,2453,7,1.9010251198397765,17.075197504700366,4.299364984035325e-06,1,False,,True,298,0.03726049978286028,0.07969020027667284,12.548594388370775,False,False,False,,4.6206183433532715,5.271278381347656,4.726695537567139,2.2560524940490723,,,3.0170912742614746,False,0.20763287,0.896048271913,1,-1.0,-1.0,1.4142135381698608,-0.2076328694820404,-0.2076328694820404,0.293637216091156,-0.2076328694820404,-0.2076328694820404,0.293637216091156,-0.20366322994232178,-0.20718587934970856,0.2905248701572418,-0.20366322994232178,-0.20718587934970856,0.2905248701572418,-0.20366334915161133,-0.2071857452392578,0.2905248701572418,False,False,2.375599928200245,,,,,,,,,,,1.8255999311804771,1.0,-0.8625280857086182,1.3205887079238892,1.0,-1.0,829.8134765625,52.400001525878906,829.8134765625,7.20352840423584,7.603647232055664,0.5,8.103647232055664,0.5,0.5,0.0,0.5,0.23547649383544922,-0.20570707321166992,0.31267327070236206,0.47095298767089844,3.370544672012329,1.370544672012329,2.0,1.5,3.0,True,,True,False,-0.4575480969074892,-0.36649159515070434,0.11300483174026384,False,,False,timeout
397,1787741349.7123642,19.850002800114453,0.05000040028244257,19.99983988830477,0.05000040028244257,19.99983988830477,2.8740614652633667e-06,False,False,7282554.528638426,7282554.5328853,4.246873781085014,7282554.578638426,0.0,0.008012600243091583,124.80343080415051,0.04619257338345051,0.923851471110625,397,396,-0.4232001729175602,-0.36696610457590223,0.113,-0.2664204243240092,-0.3808100035796427,0.113,-0.2867975501986562,-0.36579319860039744,0.113,-0.2664204243240092,-0.3808100035796427,0.113,7282554.478638426,7282554.528638426,0.04619257338345051,0.049999999813735485,1,True,2459,7,1.905132395391818,17.644037795260783,1.2600243091583085e-05,1,False,,True,299,0.022899700328707695,0.06391340028494596,15.64617115568389,False,False,False,,4.41695499420166,5.064092636108398,4.985914707183838,2.0764966011047363,,,3.041290044784546,False,0.20763287,0.896048271913,1,-0.3468985855579376,-1.0,1.0584604740142822,-0.0720275491476059,-0.2076328694820404,0.21977119147777557,-0.2076328694820404,-0.2076328694820404,0.293637216091156,-0.20722022652626038,-0.2075863927602768,0.2933126986026764,-0.20722022652626038,-0.2075863927602768,0.2933126986026764,-0.20722007751464844,-0.20758628845214844,0.29331251978874207,False,False,1.2106997892260551,,,,,,,,,,,1.5486003831028938,1.0,-0.679509162902832,1.2090214490890503,1.0,-0.8625280857086182,881.0134887695312,52.400001525878906,881.0134887695312,16.793720245361328,8.103647232055664,0.5,8.603647232055664,0.5,0.5,0.0,0.5,0.2592191696166992,-0.17955589294433594,0.3153330087661743,0.5184383392333984,3.4936509132385254,1.4936509132385254,2.0,1.5,3.0,True,,True,False,-0.4421912679430805,-0.3654537881492508,0.11306444497245052,False,,False,timeout
398,1787741349.7673056,19.904669200070202,0.05466639995574951,18.292772174671537,0.05466639995574951,18.292772174671537,0.00466927420347929,True,False,7282554.578638426,7282554.5879837,9.345274418592453,7282554.628638426,0.0,0.008004999719560146,124.92192817402714,0.05238377396017313,1.0,398,397,-0.4054434595690783,-0.3693408630140932,0.113,-0.24557114317468387,-0.3961747606559295,0.113,-0.2664204243240092,-0.3808100035796427,0.113,-0.24557114317468387,-0.3961747606559295,0.113,7282554.528638426,7282554.578638426,0.05238377396017313,0.049999999813735485,1,True,2466,7,1.9023658551216853,18.113208826107225,4.999719560146165e-06,1,False,,False,,,,,False,False,False,,4.209734916687012,4.85650634765625,5.307931423187256,1.8952312469482422,,,3.1583516597747803,False,0.20763287,0.896048271913,1,-0.2922089099884033,-1.0,1.041818618774414,-0.060672175139188766,-0.2076328694820404,0.21631579101085663,-0.0720275491476059,-0.2076328694820404,0.21977119147777557,-0.08608105033636093,-0.2076280266046524,0.2247650921344757,-0.08608105033636093,-0.2076280266046524,0.2247650921344757,-0.08608102798461914,-0.2076282501220703,0.22476528584957123,False,False,1.7542997375130653,,,,,,,,,,,2.023099921643734,1.0,-0.5205643177032471,1.1273807287216187,1.0,-0.679509162902832,932.2135009765625,52.400001525878906,932.2135009765625,25.1224308013916,8.603647232055664,0.5,9.103647232055664,0.5,0.5,0.0,0.5,0.32201671600341797,-0.18126535415649414,0.36952927708625793,0.6440334320068359,3.5788843631744385,1.5788843631744385,2.0,1.5,3.0,True,,True,False,-0.42419576927525254,-0.3661402877094539,0.11308235943383799,False,,False,timeout
399,1787741349.815565,19.950947599485517,0.0462783994153142,21.608353197908684,0.0462783994153142,21.608353197908684,0.0009476738050580025,False,False,7282554.628638426,7282554.6356826,7.044173777103424,7282554.678638426,0.0,0.00801709946244955,124.73339075856485,0.05046127364039421,1.0,399,398,-0.3904112535027293,-0.3724862668121111,0.113,-0.2250512294919535,-0.4112967922839471,0.113,-0.24557114317468387,-0.3961747606559295,0.113,-0.2250512294919535,-0.4112967922839471,0.113,7282554.578638426,7282554.628638426,0.05046127364039421,0.049999999813735485,1,True,2472,7,1.8969958248203442,18.882322632147478,1.7099462449550462e-05,1,False,,True,300,0.04244659934192896,0.06409769970923662,15.601183888599012,False,False,False,,4.123653888702393,4.64887809753418,5.595068454742432,1.7613648176193237,,,3.2408013343811035,False,0.20763287,0.896048271913,1,0.7168049812316895,-1.0,1.2303696870803833,0.1488322764635086,-0.2076328694820404,0.25546517968177795,-0.060672175139188766,-0.2076328694820404,0.21631579101085663,-0.06331346929073334,-0.2076323926448822,0.21707096695899963,-0.06331346929073334,-0.2076323926448822,0.21707096695899963,-0.06331348419189453,-0.20763254165649414,0.21707111597061157,False,False,1.9521992653608322,,,,,,,,,,,2.5068996474146843,1.0,-0.4049763083457947,1.0788910388946533,1.0,-0.5205643177032471,983.4134521484375,52.400001525878906,983.4134521484375,31.179241180419922,9.103647232055664,0.5,9.603647232055664,0.5,0.5,0.0,0.5,0.2871370315551758,-0.13386642932891846,0.31680893898010254,0.5742740631103516,3.728426933288574,1.7284269332885742,2.0,1.5,3.0,True,,True,False,-0.408863299582931,-0.36808416861357357,0.11305331831887958,False,,False,timeout
