step,t_wall_s,t_task_s,control_dt_s,control_loop_hz_inst,vision_frame_available,vision_frame_id,vision_age_s,camera_dt_s,camera_hz_inst,hand_detected,microrobot_detected,dead_reckoning_used,dead_reckoning_age_s,hand_x_cm,hand_y_cm,robot_x_cm,robot_y_cm,microrobot_x_cm,microrobot_y_cm,distance_cm,in_zpd,virtual_hand_stride_cm,virtual_hand_smoothing_alpha,virtual_hand_delay_frames,virtual_hand_action_x,virtual_hand_action_y,virtual_hand_action_norm,virtual_hand_command_dx_cm,virtual_hand_command_dy_cm,virtual_hand_command_norm_cm,virtual_hand_delayed_dx_cm,virtual_hand_delayed_dy_cm,virtual_hand_delayed_norm_cm,virtual_hand_smoothed_dx_cm,virtual_hand_smoothed_dy_cm,virtual_hand_smoothed_norm_cm,virtual_hand_exec_dx_cm,virtual_hand_exec_dy_cm,virtual_hand_exec_norm_cm,virtual_hand_actual_dx_cm,virtual_hand_actual_dy_cm,virtual_hand_actual_norm_cm,virtual_hand_accel_clipped,virtual_hand_workspace_clipped,virtual_hand_policy_inference_ms,policy_inference_ms,action_x,action_y,action_norm,last_action_x,last_action_y,virtual_target_x_px,virtual_target_y_px,desired_target_x_px,desired_target_y_px,target_clipped,target_step_limited,robot_world_x,robot_world_y,robot_world_z,safety_stop,safety_reason,task_finished,done_reason
0,1787624567.207231,3.0081719160079956e-07,,,False,,,,,False,False,False,,9.904382705688477,8.802592277526855,7.4989824295043945,5.000028610229492,,,4.499493598937988,True,0.132048566,0.749402418931,0,-1.0,-1.0,1.4142135381698608,-0.132048562169075,-0.132048562169075,0.18674486875534058,-0.132048562169075,-0.132048562169075,0.18674486875534058,-0.09895750880241394,-0.09895750880241394,0.1399470567703247,-0.09895750880241394,-0.09895750880241394,0.1399470567703247,-0.09895706176757812,-0.09895706176757812,0.13994641602039337,False,False,2.3614000529050827,1.0075997561216354,0.0,0.0,0.0,0.0,0.0,767.8958129882812,524.0029907226562,767.8958129882812,524.0029907226562,False,False,-0.22711691424267572,-0.5227154231617607,0.11299366975407926,False,,False,timeout
1,1787624567.264552,0.0585011001676321,0.0585007993504405,17.093783522677118,False,,,,,False,False,False,,9.805425643920898,8.703635215759277,7.498150825500488,4.99959659576416,,,4.363876819610596,True,0.132048566,0.749402418931,0,-1.0,-1.0,1.4142135381698608,-0.132048562169075,-0.132048562169075,0.18674486875534058,-0.132048562169075,-0.132048562169075,0.18674486875534058,-0.12375590950250626,-0.12375590950250626,0.17501728236675262,-0.12375590950250626,-0.12375590950250626,0.17501728236675262,-0.12375545501708984,-0.12375545501708984,0.1750166416168213,False,False,1.5208004042506218,1.0415995493531227,0.0,-0.5,0.5,0.0,0.0,767.8106689453125,492.5177307128906,767.8106689453125,492.5177307128906,False,False,-0.22713579394832173,-0.5226733277620684,0.11299564357754519,False,,False,timeout
2,1787624567.3254242,0.11939050070941448,0.06088940054178238,16.423219658958523,False,,,,,False,False,False,,9.681670188903809,8.579879760742188,7.494826793670654,4.999978542327881,,,4.1949944496154785,True,0.132048566,0.749402418931,0,-1.0,-1.0,1.4142135381698608,-0.132048562169075,-0.132048562169075,0.18674486875534058,-0.132048562169075,-0.132048562169075,0.18674486875534058,-0.12997032701969147,-0.12997032701969147,0.18380579352378845,-0.12997032701969147,-0.12997032701969147,0.18380579352378845,-0.12997055053710938,-0.12997055053710938,0.18380612134933472,False,False,1.4974996447563171,0.9933998808264732,-0.5,-0.5,0.7071067690849304,0.0,-0.5,736.750244140625,492.5577087402344,736.750244140625,492.5577087402344,False,False,-0.22727335642366298,-0.5225936126611166,0.11297175861581966,False,,False,timeout
3,1787624567.387263,0.18116230051964521,0.06177179981023073,16.188616861935415,False,,,,,False,False,False,,9.5516996383667,8.449909210205078,7.490084171295166,4.91727876663208,,,4.090199947357178,True,0.132048566,0.749402418931,0,-1.0,-1.0,1.4142135381698608,-0.132048562169075,-0.132048562169075,0.18674486875534058,-0.132048562169075,-0.132048562169075,0.18674486875534058,-0.13152781128883362,-0.13152781128883362,0.18600840866565704,-0.13152781128883362,-0.13152781128883362,0.18600840866565704,-0.13152790069580078,-0.13152790069580078,0.1860085427761078,False,False,1.6336999833583832,1.3161003589630127,-1.0,-0.5,1.1180340051651,-0.5,-0.5,705.544677734375,483.8907775878906,705.544677734375,483.8907775878906,False,False,-0.22501823669553744,-0.5189730095893655,0.11281600216875796,False,,False,timeout
4,1787624567.4488673,0.2434381004422903,0.06227579992264509,16.057601849227698,False,,,,,False,False,False,,9.420171737670898,8.318381309509277,7.4021196365356445,4.797490119934082,,,4.0582275390625,True,0.132048566,0.749402418931,0,-1.0,-1.0,1.4142135381698608,-0.132048562169075,-0.132048562169075,0.18674486875534058,-0.132048562169075,-0.132048562169075,0.18674486875534058,-0.1319180727005005,-0.1319180727005005,0.18656031787395477,-0.1319180727005005,-0.1319180727005005,0.18656031787395477,-0.13191795349121094,-0.13191795349121094,0.18656016886234283,False,False,1.5662992373108864,0.9370995685458183,-0.5,-1.0,1.1180340051651,-1.0,-0.5,727.2570190429688,439.89697265625,727.2570190429688,439.89697265625,False,False,-0.22483389194121395,-0.5113827735662068,0.11283791429486306,False,,False,timeout
5,1787624567.5110776,0.30512060038745403,0.06168249994516373,16.212053676310276,False,,,,,False,False,False,,9.288253784179688,8.186463356018066,7.187602996826172,4.712021350860596,,,4.060108184814453,True,0.132048566,0.749402418931,0,-0.055416107177734375,-1.0,1.001534342765808,-0.007317617069929838,-0.132048562169075,0.13225115835666656,-0.007317617069929838,-0.132048562169075,0.13225115835666656,-0.03854215890169144,-0.13201582431793213,0.1375270038843155,-0.03854215890169144,-0.13201582431793213,0.1375270038843155,-0.03854179382324219,-0.13201618194580078,0.1375272423028946,False,False,1.600000075995922,0.9385999292135239,-0.5,-1.0,1.1180340051651,-0.5,-1.0,705.2904663085938,430.9398498535156,705.2904663085938,430.9398498535156,False,False,-0.23047752836328003,-0.5015938289333292,0.11273185953990952,False,,False,timeout
6,1787624567.5726013,0.3665642999112606,0.06144369952380657,16.27506168655334,False,,,,,False,False,False,,9.249711990356445,8.054447174072266,7.089327335357666,4.545044898986816,,,4.121063709259033,True,0.132048566,0.749402418931,0,-1.0,-0.7987973690032959,1.2798739671707153,-0.132048562169075,-0.10548004508018494,0.16900551319122314,-0.132048562169075,-0.10548004508018494,0.16900551319122314,-0.10861598700284958,-0.11212993413209915,0.1561107188463211,-0.10861598700284958,-0.11212993413209915,0.1561107188463211,-0.10861587524414062,-0.11213016510009766,0.15611080825328827,False,False,1.6701007261872292,0.9698998183012009,0.0,-1.0,1.0,-0.5,-1.0,725.9471435546875,413.44073486328125,725.9471435546875,413.44073486328125,False,False,-0.22929878067065995,-0.4916888026690793,0.11269725067462569,False,,False,timeout
7,1787624567.63411,0.4280811008065939,0.06151680089533329,16.255721777558506,False,,,,,False,False,False,,9.141096115112305,7.942317008972168,7.032418251037598,4.3251495361328125,,,4.186934471130371,True,0.132048566,0.749402418931,0,-1.0,-1.0,1.4142135381698608,-0.132048562169075,-0.132048562169075,0.18674486875534058,-0.132048562169075,-0.132048562169075,0.18674486875534058,-0.1261763870716095,-0.1270570605993271,0.17906416952610016,-0.1261763870716095,-0.1270570605993271,0.17906416952610016,-0.1261768341064453,-0.12705707550048828,0.17906449735164642,False,False,1.6724001616239548,0.9779995307326317,-0.5,-0.5,0.7071067690849304,0.0,-1.0,689.3995971679688,421.83563232421875,689.3995971679688,421.83563232421875,False,False,-0.22497650026699312,-0.4806968556929965,0.11268377601982686,False,,False,timeout
8,1787624567.6948953,0.48887050058692694,0.06078939978033304,16.45023644934106,False,,,,,False,False,False,,9.01491928100586,7.81525993347168,7.012599945068359,4.153872013092041,,,4.173133850097656,True,0.132048566,0.749402418931,0,-1.0,-1.0,1.4142135381698608,-0.132048562169075,-0.132048562169075,0.18674486875534058,-0.132048562169075,-0.132048562169075,0.18674486875534058,-0.13057711720466614,-0.13079769909381866,0.18481998145580292,-0.13057711720466614,-0.13079769909381866,0.18481998145580292,-0.13057708740234375,-0.1307978630065918,0.18482007086277008,False,False,1.7611002549529076,0.9739995002746582,-0.5,-0.5,0.7071067690849304,-0.5,-0.5,687.3701782226562,403.88580322265625,687.3701782226562,403.88580322265625,False,False,-0.22066275797354035,-0.4728140951263783,0.11283341321038204,False,,False,timeout
9,1787624567.7552855,0.5497870007529855,0.06091650016605854,16.415913541881057,False,,,,,False,False,False,,8.884342193603516,7.684462070465088,6.9573655128479,4.067818641662598,,,4.097968578338623,True,0.132048566,0.749402418931,0,-1.0,-1.0,1.4142135381698608,-0.132048562169075,-0.132048562169075,0.18674486875534058,-0.132048562169075,-0.132048562169075,0.18674486875534058,-0.13167980313301086,-0.13173513114452362,0.18626250326633453,-0.13167980313301086,-0.13173513114452362,0.18626250326633453,-0.13167953491210938,-0.13173532485961914,0.18626244366168976,False,False,1.6179000958800316,0.9508999064564705,-1.0,-0.5,1.1180340051651,-0.5,-0.5,650.9942626953125,394.8674011230469,650.9942626953125,394.8674011230469,False,False,-0.22022322859266108,-0.4675433376311603,0.11293022386559701,False,,False,timeout
10,1787624567.817112,0.6110741002485156,0.06128709949553013,16.316647520134858,False,,,,,False,False,False,,8.752662658691406,7.552726745605469,6.826618194580078,3.9894049167633057,,,4.050544261932373,True,0.132048566,0.749402418931,0,-1.0,-1.0,1.4142135381698608,-0.132048562169075,-0.132048562169075,0.18674486875534058,-0.132048562169075,-0.132048562169075,0.18674486875534058,-0.1319560706615448,-0.13197006285190582,0.1866239607334137,-0.1319560706615448,-0.13197006285190582,0.1866239607334137,-0.1319561004638672,-0.13196992874145508,0.18662388622760773,False,False,1.5498008579015732,1.0103005915880203,-0.5,-1.0,1.1180340051651,-1.0,-0.5,668.3256225585938,355.2096252441406,668.3256225585938,355.2096252441406,False,False,-0.22289918709102297,-0.46042542722470925,0.1129584744058257,False,,False,timeout
11,1787624567.8785653,0.6725339004769921,0.061459800228476524,16.270798087245723,False,,,,,False,False,False,,8.620706558227539,7.420756816864014,6.648075103759766,3.8844258785247803,,,4.049310207366943,True,0.132048566,0.749402418931,0,-1.0,-1.0,1.4142135381698608,-0.132048562169075,-0.132048562169075,0.18674486875534058,-0.132048562169075,-0.132048562169075,0.18674486875534058,-0.13202539086341858,-0.13202884793281555,0.1867145448923111,-0.13202539086341858,-0.13202884793281555,0.1867145448923111,-0.13202571868896484,-0.13202905654907227,0.18671491742134094,False,False,1.7546005547046661,1.1526001617312431,-0.5,-1.0,1.1180340051651,-0.5,-1.0,650.0428466796875,344.20782470703125,650.0428466796875,344.20782470703125,False,False,-0.2266165848186705,-0.4507929156001601,0.11290349004808803,False,,False,timeout
12,1787624567.939359,0.733377200551331,0.06084330007433891,16.43566339725476,False,,,,,False,False,False,,8.488680839538574,7.288727760314941,6.5414299964904785,3.719170570373535,,,4.06614351272583,True,0.132048566,0.749402418931,0,-1.0,-1.0,1.4142135381698608,-0.132048562169075,-0.132048562169075,0.18674486875534058,-0.132048562169075,-0.132048562169075,0.18674486875534058,-0.13204282522201538,-0.13204367458820343,0.18673735857009888,-0.13204282522201538,-0.13204367458820343,0.18673735857009888,-0.13204288482666016,-0.13204383850097656,0.186737522482872,False,False,1.7793001607060432,1.146400347352028,-0.5,-1.0,1.1180340051651,-0.5,-1.0,639.1223754882812,326.88909912109375,639.1223754882812,326.88909912109375,False,False,-0.225799374035763,-0.44061962615194517,0.11283325170925054,False,,False,timeout
13,1787624568.0006766,0.7946824999526143,0.061305299401283264,16.311803543350244,False,,,,,False,False,False,,8.356637954711914,7.156683921813965,6.480709075927734,3.5071282386779785,,,4.103457927703857,True,0.132048566,0.749402418931,0,-1.0,-1.0,1.4142135381698608,-0.132048562169075,-0.132048562169075,0.18674486875534058,-0.132048562169075,-0.132048562169075,0.18674486875534058,-0.1320471316576004,-0.1320473700761795,0.18674300611019135,-0.1320471316576004,-0.1320473700761795,0.18674300611019135,-0.13204669952392578,-0.13204717636108398,0.18674255907535553,False,False,1.6048997640609741,0.9620999917387962,-1.0,-0.5,1.1180340051651,-0.5,-1.0,602.1846313476562,336.1070556640625,602.1846313476562,336.1070556640625,False,False,-0.2218296122205764,-0.42971747274302824,0.11273610563280126,False,,False,timeout
14,1787624568.0614777,0.8555050007998943,0.060822500847280025,16.44128383525223,False,,,,,False,False,False,,8.224591255187988,7.024636745452881,6.373992443084717,3.330659866333008,,,4.131607532501221,True,0.132048566,0.749402418931,0,-1.0,-1.0,1.4142135381698608,-0.132048562169075,-0.132048562169075,0.18674486875534058,-0.132048562169075,-0.132048562169075,0.18674486875534058,-0.1320480853319168,-0.13204820454120636,0.18674427270889282,-0.1320480853319168,-0.13204820454120636,0.18674427270889282,-0.1320476531982422,-0.1320481300354004,0.18674391508102417,False,False,1.603499986231327,0.9259004145860672,-1.0,-0.5,1.1180340051651,-1.0,-0.5,591.2568359375,317.6131591796875,591.2568359375,317.6131591796875,False,False,-0.22067430845493277,-0.41900752044967593,0.11274151970585802,False,,False,timeout
15,1787624568.1222467,0.9162183003500104,0.06071329955011606,16.470855766528476,False,,,,,False,False,False,,8.092543601989746,6.8925886154174805,6.2122673988342285,3.2487874031066895,,,4.100332260131836,True,0.132048566,0.749402418931,0,-1.0,-1.0,1.4142135381698608,-0.132048562169075,-0.132048562169075,0.18674486875534058,-0.132048562169075,-0.132048562169075,0.18674486875534058,-0.1320483237504959,-0.13204845786094666,0.18674461543560028,-0.1320483237504959,-0.13204845786094666,0.18674461543560028,-0.1320481300354004,-0.1320486068725586,0.1867446005344391,False,False,1.5957998111844063,0.9530996903777122,-1.0,-0.5,1.1180340051651,-1.0,-0.5,574.6962280273438,309.0329284667969,574.6962280273438,309.0329284667969,False,False,-0.22444748076598048,-0.4108180231407371,0.1128430677356751,False,,False,timeout
16,1787624568.1829998,0.9770065005868673,0.06078820023685694,16.450561064541645,False,,,,,False,False,False,,7.960495471954346,6.760540008544922,5.994836807250977,3.1707351207733154,,,4.092739105224609,True,0.132048566,0.749402418931,0,-1.0,-1.0,1.4142135381698608,-0.132048562169075,-0.132048562169075,0.18674486875534058,-0.132048562169075,-0.132048562169075,0.18674486875534058,-0.13204845786094666,-0.1320485770702362,0.1867447942495346,-0.13204845786094666,-0.1320485770702362,0.1867447942495346,-0.1320486068725586,-0.1320486068725586,0.18674492835998535,False,False,1.696399413049221,0.9537003934383392,-1.0,-0.5,1.1180340051651,-1.0,-0.5,552.4313354492188,300.8530578613281,552.4313354492188,300.8530578613281,False,False,-0.23047136467280938,-0.40120293940976093,0.11289217653091593,False,,False,timeout
17,1787624568.244233,1.0379465008154511,0.06094000022858381,16.40958313503503,False,,,,,False,False,False,,7.828446865081787,6.628491401672363,5.835991382598877,3.079514503479004,,,4.070026397705078,True,0.132048566,0.749402418931,0,-1.0,-0.8136038780212402,1.2891669273376465,-0.132048562169075,-0.10743521898984909,0.1702326238155365,-0.132048562169075,-0.10743521898984909,0.1702326238155365,-0.1320485770702362,-0.11360327154397964,0.17419107258319855,-0.1320485770702362,-0.11360327154397964,0.17419107258319855,-0.1320486068725586,-0.11360311508178711,0.17419098317623138,False,False,1.6895001754164696,1.0043000802397728,-0.5,-1.0,1.1180340051651,-1.0,-0.5,566.885498046875,259.8531188964844,566.885498046875,259.8531188964844,False,False,-0.23385622533988845,-0.39268899502789895,0.11286606734032846,False,,False,timeout
18,1787624568.3045547,1.0985105000436306,0.060563999228179455,16.511459162933154,False,,,,,False,False,False,,7.6963982582092285,6.514888286590576,5.644985198974609,2.9829366207122803,,,4.084480285644531,True,0.132048566,0.749402418931,0,-1.0,-1.0,1.4142135381698608,-0.132048562169075,-0.132048562169075,0.18674486875534058,-0.132048562169075,-0.132048562169075,0.18674486875534058,-0.1320485770702362,-0.1274261772632599,0.18350546061992645,-0.1320485770702362,-0.1274261772632599,0.18350546061992645,-0.1320486068725586,-0.1274261474609375,0.18350546061992645,False,False,1.8605999648571014,0.9591002017259598,-1.0,-0.5,1.1180340051651,-0.5,-1.0,516.6065063476562,281.1717529296875,516.6065063476562,281.1717529296875,False,False,-0.23831591116105513,-0.3830222528895746,0.11286975934977601,False,,False,timeout
19,1787624568.3658159,1.159785500727594,0.0612750006839633,16.319869258878963,False,,,,,False,False,False,,7.56434965133667,6.387462139129639,5.547907829284668,2.7937917709350586,,,4.12074089050293,True,0.132048566,0.749402418931,0,-1.0,-1.0,1.4142135381698608,-0.132048562169075,-0.132048562169075,0.18674486875534058,-0.132048562169075,-0.132048562169075,0.18674486875534058,-0.1320485770702362,-0.13089019060134888,0.1859275996685028,-0.1320485770702362,-0.13089019060134888,0.1859275996685028,-0.1320486068725586,-0.1308903694152832,0.18592773377895355,False,False,1.53339933604002,0.9759999811649323,-1.0,-0.5,1.1180340051651,-1.0,-0.5,506.6657409667969,261.3493957519531,506.6657409667969,261.3493957519531,False,False,-0.23643158223535246,-0.37196810060514063,0.11271720952200842,False,,False,timeout
20,1787624568.4265969,1.2205816004425287,0.060796099714934826,16.448423577974125,False,,,,,False,False,False,,7.432301044464111,6.2565717697143555,5.404795169830322,2.693659543991089,,,4.099405288696289,True,0.132048566,0.749402418931,0,-1.0,-1.0,1.4142135381698608,-0.132048562169075,-0.132048562169075,0.18674486875534058,-0.132048562169075,-0.132048562169075,0.18674486875534058,-0.1320485770702362,-0.13175831735134125,0.18653975427150726,-0.1320485770702362,-0.13175831735134125,0.18653975427150726,-0.1320486068725586,-0.1317582130432129,0.18653970956802368,False,False,1.4807004481554031,1.0583000257611275,-1.0,-0.5,1.1180340051651,-1.0,-0.5,492.01104736328125,250.8555145263672,492.01104736328125,250.8555145263672,False,False,-0.23895386006737893,-0.3634943760902189,0.11269806941457479,False,,False,timeout
21,1787624568.4874015,1.281359100714326,0.06077750027179718,16.453457209131614,False,,,,,False,False,False,,7.300252437591553,6.124813556671143,5.173825740814209,2.6291091442108154,,,4.0916547775268555,True,0.132048566,0.749402418931,0,-1.0,-1.0,1.4142135381698608,-0.132048562169075,-0.132048562169075,0.18674486875534058,-0.132048562169075,-0.132048562169075,0.18674486875534058,-0.1320485770702362,-0.13197579979896545,0.18669342994689941,-0.1320485770702362,-0.13197579979896545,0.18669342994689941,-0.1320486068725586,-0.13197565078735352,0.18669334053993225,False,False,1.5965001657605171,0.9829001501202583,-1.0,-0.5,1.1180340051651,-1.0,-0.5,468.3597717285156,244.0906524658203,468.3597717285156,244.0906524658203,False,False,-0.24590122987291876,-0.3540880405982165,0.11285479894446244,False,,False,timeout
22,1787624568.5482397,1.3422127002850175,0.060853599570691586,16.432881654573837,False,,,,,False,False,False,,7.168203830718994,5.992837905883789,5.022698402404785,2.5351579189300537,,,4.069243907928467,True,0.132048566,0.749402418931,0,-1.0,-1.0,1.4142135381698608,-0.132048562169075,-0.132048562169075,0.18674486875534058,-0.132048562169075,-0.132048562169075,0.18674486875534058,-0.1320485770702362,-0.13203027844429016,0.1867319494485855,-0.1320485770702362,-0.13203027844429016,0.1867319494485855,-0.1320486068725586,-0.13203048706054688,0.18673211336135864,False,False,1.6061998903751373,1.0745003819465637,-1.0,-0.5,1.1180340051651,-1.0,-0.5,452.8843078613281,234.2445526123047,452.8843078613281,234.2445526123047,False,False,-0.24891554694190898,-0.34565643487912334,0.11284046983755386,False,,False,timeout
23,1787624568.7373846,1.4162433007732034,0.07403060048818588,13.507927713751076,False,,,,,False,False,False,,7.0361552238464355,5.860807418823242,4.782598972320557,2.4172990322113037,,,4.1153693199157715,True,0.132048566,0.749402418931,0,-1.0,-0.349581241607666,1.0593427419662476,-0.132048562169075,-0.046161700040102005,0.13988469541072845,-0.132048562169075,-0.046161700040102005,0.13988469541072845,-0.1320485770702362,-0.06768020987510681,0.1483827382326126,-0.1320485770702362,-0.06768020987510681,0.1483827382326126,-0.1320486068725586,-0.06768035888671875,0.14838282763957977,False,False,114.66540023684502,2.2575994953513145,-1.0,-0.5,1.1180340051651,-1.0,-0.5,428.29815673828125,221.8929443359375,428.29815673828125,221.8929443359375,False,False,-0.254633778879467,-0.3336444770841534,0.11289298017043031,False,,False,timeout
24,1787624568.7486017,1.5412164004519582,0.1249730996787548,8.00172199113661,False,,,,,False,False,False,,6.904106616973877,5.793127059936523,4.504373550415039,2.2812395095825195,,,4.253477573394775,True,0.132048566,0.749402418931,0,-1.0,-1.0,1.4142135381698608,-0.132048562169075,-0.132048562169075,0.18674486875534058,-0.132048562169075,-0.132048562169075,0.18674486875534058,-0.1320485770702362,-0.11591804027557373,0.17570947110652924,-0.1320485770702362,-0.11591804027557373,0.17570947110652924,-0.1320486068725586,-0.11591815948486328,0.1757095754146576,False,False,2.3082001134753227,1.0249000042676926,-0.5,-0.5,0.7071067690849304,-1.0,-0.5,430.52783203125,207.6339111328125,430.52783203125,207.6339111328125,False,False,-0.2612751790592979,-0.31974791444383555,0.11297495268455987,False,,False,timeout
25,1787624568.8121076,1.604003000073135,0.06278659962117672,15.926965403979596,True,1,0.02046949975192547,,,False,False,False,,6.772058010101318,5.67720890045166,4.451565742492676,2.2515571117401123,,,4.137604713439941,True,0.132048566,0.749402418931,0,-1.0,-1.0,1.4142135381698608,-0.132048562169075,-0.132048562169075,0.18674486875534058,-0.132048562169075,-0.132048562169075,0.18674486875534058,-0.1320485770702362,-0.12800630927085876,0.18390877544879913,-0.1320485770702362,-0.12800630927085876,0.18390877544879913,-0.1320486068725586,-0.1280064582824707,0.18390890955924988,False,False,2.0002005621790886,1.8386999145150185,0.0,-1.0,1.0,-0.5,-0.5,455.84033203125,173.0831756591797,455.84033203125,173.0831756591797,False,False,-0.26242215346459247,-0.3169390987959664,0.11298219418719335,False,,False,timeout
26,1787624568.8748798,1.6657974002882838,0.061794400215148926,16.182696110299805,True,2,0.0008001001551747322,1.5842443006113172,0.6312157787874806,False,False,False,,6.64000940322876,5.5492024421691895,4.381674289703369,2.1821811199188232,,,4.054245948791504,True,0.132048566,0.749402418931,0,-1.0,-1.0,1.4142135381698608,-0.132048562169075,-0.132048562169075,0.18674486875534058,-0.132048562169075,-0.132048562169075,0.18674486875534058,-0.1320485770702362,-0.13103561103343964,0.18602998554706573,-0.1320485770702362,-0.13103561103343964,0.18602998554706573,-0.1320486068725586,-0.13103580474853516,0.18603014945983887,False,False,2.4456996470689774,1.1914996430277824,-1.0,-0.5,1.1180340051651,0.0,-1.0,387.24346923828125,197.25259399414062,387.24346923828125,197.25259399414062,False,False,-0.2630543430250382,-0.31188417140859126,0.11291393151638077,False,,False,timeout
27,1787624568.9362204,1.727085500024259,0.061288099735975266,16.316381227480182,False,,,,,False,False,False,,6.507960796356201,5.418166637420654,4.296132564544678,2.0935845375061035,,,3.9931228160858154,True,0.132048566,0.749402418931,0,-1.0,-1.0,1.4142135381698608,-0.132048562169075,-0.132048562169075,0.18674486875534058,-0.132048562169075,-0.132048562169075,0.18674486875534058,-0.1320485770702362,-0.1317947655916214,0.18656550347805023,-0.1320485770702362,-0.1317947655916214,0.18656550347805023,-0.1320486068725586,-0.13179492950439453,0.18656563758850098,False,False,2.7101999148726463,2.1591000258922577,-0.5,-1.0,1.1180340051651,-1.0,-0.5,409.2039794921875,156.5276641845703,409.2039794921875,156.5276641845703,False,False,-0.26372008562528687,-0.3055289390618137,0.11289805369766084,False,,False,timeout
28,1787624568.9974842,1.7883509006351233,0.06126540061086416,16.32242652507312,True,3,0.04703320004045963,0.08146069943904877,12.275858259088835,False,False,False,,6.375912189483643,5.28637170791626,4.082484722137451,1.9877725839614868,,,4.0175323486328125,True,0.132048566,0.749402418931,0,-1.0,-0.08926522731781006,1.0039762258529663,-0.132048562169075,-0.011787344701588154,0.13257361948490143,-0.132048562169075,-0.011787344701588154,0.13257361948490143,-0.1320485770702362,-0.041860952973365784,0.13852496445178986,-0.1320485770702362,-0.041860952973365784,0.13852496445178986,-0.1320486068725586,-0.04186105728149414,0.13852502405643463,False,False,2.4327002465724945,1.3995999470353127,-0.5,-1.0,1.1180340051651,-0.5,-1.0,387.3264465332031,145.43856811523438,387.3264465332031,145.43856811523438,False,False,-0.26878464268773566,-0.2947903996339159,0.11288659210571936,False,,False,timeout
29,1787624569.0578132,1.8496822007000446,0.06133130006492138,16.304888351322475,True,4,0.027118200436234474,0.07653649989515543,13.065661499674844,False,False,False,,6.243863582611084,5.244510650634766,3.99631404876709,1.7591639757156372,,,4.147182464599609,True,0.132048566,0.749402418931,0,-1.0,-1.0,1.4142135381698608,-0.132048562169075,-0.132048562169075,0.18674486875534058,-0.132048562169075,-0.132048562169075,0.18674486875534058,-0.1320485770702362,-0.10944778472185135,0.17150989174842834,-0.1320485770702362,-0.10944778472185135,0.17150989174842834,-0.1320486068725586,-0.10944795608520508,0.1715100258588791,False,False,2.2708000615239143,1.150800846517086,-0.5,-0.5,0.7071067690849304,-0.5,-1.0,378.5025634765625,152.92037963867188,378.5025634765625,152.92037963867188,False,False,-0.26535336967386897,-0.282142306894225,0.11261348350295244,False,,False,timeout
30,1787624569.1213207,1.911230600439012,0.06154839973896742,16.247376117674783,True,5,0.021966200321912766,0.08102930057793856,12.341214756483595,False,False,False,,6.111814975738525,5.1350626945495605,3.896912097930908,1.5669333934783936,,,4.19968318939209,True,0.132048566,0.749402418931,0,-1.0,-1.0,1.4142135381698608,-0.132048562169075,-0.132048562169075,0.18674486875534058,-0.132048562169075,-0.132048562169075,0.18674486875534058,-0.1320485770702362,-0.126384899020195,0.18278393149375916,-0.1320485770702362,-0.126384899020195,0.18278393149375916,-0.1320486068725586,-0.12638473510742188,0.182783842086792,False,False,2.4685002863407135,1.8164003267884254,-1.0,0.0,1.0,-0.5,-0.5,337.60382080078125,164.21463012695312,337.60382080078125,164.21463012695312,False,False,-0.26349426210874977,-0.2707160699787564,0.11262491882677367,False,,False,timeout
31,1787624569.184159,1.9730488006025553,0.061818200163543224,16.176465787655555,True,6,0.010638300329446793,0.06670039985328913,14.992413871574236,False,False,False,,5.979766368865967,5.008677959442139,3.7781097888946533,1.503115177154541,,,4.139596939086914,True,0.132048566,0.749402418931,0,-1.0,-0.7472078800201416,1.2483266592025757,-0.132048562169075,-0.09866772592067719,0.1648397445678711,-0.132048562169075,-0.09866772592067719,0.1648397445678711,-0.1320485770702362,-0.10561354458332062,0.16908887028694153,-0.1320485770702362,-0.10561354458332062,0.16908887028694153,-0.1320486068725586,-0.10561370849609375,0.16908900439739227,False,False,2.2996999323368073,1.7921002581715584,-1.0,0.0,1.0,-1.0,0.0,325.43841552734375,157.52645874023438,325.43841552734375,157.52645874023438,False,False,-0.2661717448011742,-0.26450280778583474,0.1127357144021731,False,,False,timeout
32,1787624569.2425268,2.034467300400138,0.061418499797582626,16.281739269042827,True,7,0.0025516999885439873,0.0731472996994853,13.671044647011575,False,False,False,,5.847717761993408,4.903064250946045,3.577836751937866,1.5248388051986694,,,4.06998348236084,True,0.132048566,0.749402418931,0,-1.0,-1.0,1.4142135381698608,-0.132048562169075,-0.132048562169075,0.18674486875534058,-0.132048562169075,-0.132048562169075,0.18674486875534058,-0.1320485770702362,-0.12542404234409332,0.1821208894252777,-0.1320485770702362,-0.12542404234409332,0.1821208894252777,-0.1320486068725586,-0.12542390823364258,0.18212080001831055,False,False,1.9284002482891083,1.2454008683562279,-1.0,0.0,1.0,-1.0,0.0,304.93048095703125,159.80311584472656,304.93048095703125,159.80311584472656,False,False,-0.2744940338825348,-0.259854585190842,0.11286717389890805,False,,False,timeout
33,1787624569.3049164,2.0958397006615996,0.061372400261461735,16.293969206675158,False,,,,,False,False,False,,5.71566915512085,4.777640342712402,3.3634653091430664,1.5198771953582764,,,4.018194198608398,True,0.132048566,0.749402418931,0,-1.0,-1.0,1.4142135381698608,-0.132048562169075,-0.132048562169075,0.18674486875534058,-0.132048562169075,-0.132048562169075,0.18674486875534058,-0.1320485770702362,-0.13038843870162964,0.1855746954679489,-0.1320485770702362,-0.13038843870162964,0.1855746954679489,-0.1320486068725586,-0.1303882598876953,0.18557460606098175,False,False,2.4041002616286278,1.3704998418688774,-1.0,0.0,1.0,-1.0,0.0,282.9788513183594,159.2831268310547,282.9788513183594,159.2831268310547,False,False,-0.28255551057209244,-0.253619983670517,0.11289331715724465,False,,False,timeout
34,1787624569.3559222,2.1467981999740005,0.05095849931240082,19.623811797704345,True,8,0.04163629934191704,0.06949840020388365,14.388820419842109,False,False,False,,5.583620548248291,4.647252082824707,3.212355136871338,1.5176894664764404,,,3.9264564514160156,True,0.132048566,0.749402418931,0,-1.0,-0.7807223200798035,1.2686715126037598,-0.132048562169075,-0.10309325903654099,0.1675262451171875,-0.132048562169075,-0.10309325903654099,0.1675262451171875,-0.1320485770702362,-0.10993331670761108,0.17182014882564545,-0.1320485770702362,-0.10993331670761108,0.17182014882564545,-0.1320486068725586,-0.10993337631225586,0.17182019352912903,False,False,2.6909001171588898,1.4909002929925919,-1.0,0.0,1.0,-1.0,0.0,267.50518798828125,159.05386352539062,267.50518798828125,159.05386352539062,False,False,-0.2882677750671535,-0.24929083680506242,0.11296025454367602,False,,False,timeout
35,1787624569.4120805,2.202922400087118,0.056124200113117695,17.817625872342255,True,9,0.029016599990427494,0.07354229968041182,13.597616668850955,False,False,False,,5.451571941375732,4.537318706512451,3.027432680130005,1.518654227256775,,,3.871535301208496,True,0.132048566,0.749402418931,0,-1.0,-0.08455467224121094,1.003568410873413,-0.132048562169075,-0.011165322735905647,0.13251976668834686,-0.132048562169075,-0.011165322735905647,0.13251976668834686,-0.1320485770702362,-0.03591635450720787,0.1368459314107895,-0.1320485770702362,-0.03591635823249817,0.1368459314107895,-0.1320486068725586,-0.03591632843017578,0.13684596121311188,False,False,2.099200151860714,1.066400669515133,-1.0,0.0,1.0,-1.0,0.0,248.569091796875,159.15496826171875,248.569091796875,159.15496826171875,False,False,-0.29535446139169663,-0.2441646142741653,0.1129665473975077,False,,False,timeout
36,1787624569.471467,2.2642640005797148,0.061341600492596626,16.30215044879194,True,10,0.02010089997202158,0.06844979990273714,14.609246505043654,False,False,False,,5.319523334503174,4.501402378082275,2.8216536045074463,1.5200518369674683,,,3.8894476890563965,True,0.132048566,0.749402418931,0,-1.0,-1.0,1.4142135381698608,-0.132048562169075,-0.132048562169075,0.18674486875534058,-0.132048562169075,-0.132048562169075,0.18674486875534058,-0.1320485770702362,-0.10795805603265762,0.17056308686733246,-0.1320485770702362,-0.10795805603265762,0.17056308686733246,-0.1320486068725586,-0.10795783996582031,0.1705629825592041,False,False,1.8490999937057495,0.9950995445251465,-0.5,0.0,0.5,-1.0,0.0,258.21734619140625,159.30142211914062,258.21734619140625,159.30142211914062,False,False,-0.3032363321480624,-0.23848461013260971,0.11297344367699633,False,,False,timeout
37,1787624569.535879,2.3257829006761312,0.06151890009641647,16.25516708576932,True,11,0.005491900257766247,0.07025580015033484,14.233700247668933,False,False,False,,5.187474727630615,4.393444538116455,2.6295084953308105,1.5206515789031982,,,3.846573829650879,True,0.132048566,0.749402418931,0,-1.0,-1.0,1.4142135381698608,-0.132048562169075,-0.132048562169075,0.18674486875534058,-0.132048562169075,-0.132048562169075,0.18674486875534058,-0.1320485770702362,-0.12601147592067719,0.18252593278884888,-0.1320485770702362,-0.12601147592067719,0.18252593278884888,-0.1320486068725586,-0.12601137161254883,0.1825258880853653,False,False,2.1263007074594498,1.755700446665287,0.0,0.0,0.0,-0.5,0.0,269.26165771484375,159.36428833007812,269.26165771484375,159.36428833007812,False,False,-0.31056267879319116,-0.23315843403427694,0.11296830577017877,False,,False,timeout
38,1787624569.5974972,2.3873809007927775,0.06159800011664629,16.23429329046933,False,,,,,False,False,False,,5.055426120758057,4.267433166503906,2.5642385482788086,1.5176856517791748,,,3.7104079723358154,True,0.132048566,0.749402418931,0,-1.0,-0.2911266088485718,1.041515588760376,-0.132048562169075,-0.03844285011291504,0.1375306397676468,-0.132048562169075,-0.03844285011291504,0.1375306397676468,-0.1320485770702362,-0.06038730591535568,0.1452014297246933,-0.1320485770702362,-0.06038730591535568,0.1452014297246933,-0.1320486068725586,-0.06038713455200195,0.14520138502120972,False,False,3.499099984765053,1.9124001264572144,0.0,0.0,0.0,0.0,0.0,262.5780334472656,159.05345153808594,262.5780334472656,159.05345153808594,False,False,-0.3129568081112202,-0.23120835200126771,0.11297937378100464,False,,False,timeout
39,1787624569.6594968,2.448816300369799,0.0614353995770216,16.27726045382515,True,12,0.056485299952328205,0.07612730003893375,13.135892110827132,False,False,False,,4.923377513885498,4.207046031951904,2.578855514526367,1.5151654481887817,,,3.569734573364258,True,0.132048566,0.749402418931,0,-1.0,-0.6452494859695435,1.1901037693023682,-0.132048562169075,-0.08520426601171494,0.1571514904499054,-0.132048562169075,-0.08520426601171494,0.1571514904499054,-0.1320485770702362,-0.07898514717817307,0.15386837720870972,-0.1320485770702362,-0.07898514717817307,0.15386837720870972,-0.1320486068725586,-0.07898521423339844,0.1538684368133545,False,False,2.768700011074543,1.7200997099280357,0.0,-0.5,0.5,0.0,0.0,264.0747985839844,127.34932708740234,264.0747985839844,127.34932708740234,False,False,-0.31232856192617253,-0.23150146541616995,0.11299961105017803,False,,False,timeout
40,1787624569.711669,2.500298300758004,0.05148200038820505,19.424264645107073,True,13,0.037036800757050514,0.0723665002733469,13.818548585640352,False,False,False,,4.7913289070129395,4.128060817718506,2.5783889293670654,1.5160354375839233,,,3.4234163761138916,False,0.132048566,0.749402418931,0,-1.0,-0.371624618768692,1.0668200254440308,-0.132048562169075,-0.049072496592998505,0.1408720463514328,-0.132048562169075,-0.049072496592998505,0.1408720463514328,-0.1320485770702362,-0.05656854808330536,0.14365524053573608,-0.1320485770702362,-0.05656854808330536,0.14365524053573608,-0.1320486068725586,-0.05656862258911133,0.14365530014038086,False,False,2.666500397026539,1.5973001718521118,0.0,-0.5,0.5,0.0,-0.5,264.0270080566406,127.44050598144531,264.0270080566406,127.44050598144531,False,False,-0.3123714734830965,-0.23152768260177573,0.11298800152961952,False,,False,timeout
41,1787624569.7637286,2.556666800752282,0.056368499994277954,17.740404660431118,True,14,0.022899900563061237,0.0706038000062108,14.163543604055773,False,False,False,,4.659280300140381,4.0714921951293945,2.5738255977630615,1.4305000305175781,,,3.365109443664551,False,0.132048566,0.749402418931,0,-1.0,-0.5848324298858643,1.1584597826004028,-0.132048562169075,-0.07722628116607666,0.15297295153141022,-0.132048562169075,-0.07722628116607666,0.15297295153141022,-0.1320485770702362,-0.07204952090978622,0.15042592585086823,-0.1320485770702362,-0.07204952090978622,0.15042592585086823,-0.1320486068725586,-0.07204961776733398,0.1504260003566742,False,False,1.5401002019643784,0.9813001379370689,-0.5,-0.5,0.7071067690849304,0.0,-0.5,232.83975219726562,118.47640228271484,232.83975219726562,118.47640228271484,False,False,-0.31006642576665366,-0.22754241939798966,0.1129152334708298,False,,False,timeout
42,1787624569.8261044,2.6180036002770066,0.061336799524724483,16.303426454406154,True,15,0.0136657003313303,0.07050480041652918,14.183431398886132,False,False,False,,4.527231693267822,3.9994425773620605,2.5699899196624756,1.3100179433822632,,,3.3262288570404053,False,0.132048566,0.749402418931,0,-1.0,-0.2828751802444458,1.0392392873764038,-0.132048562169075,-0.037353262305259705,0.1372300535440445,-0.132048562169075,-0.037353262305259705,0.1372300535440445,-0.1320485770702362,-0.046048082411289215,0.13984724879264832,-0.1320485770702362,-0.046048082411289215,0.13984724879264832,-0.1320486068725586,-0.04604816436767578,0.1398472934961319,False,False,1.9297003746032715,1.7931004986166954,-0.5,0.0,0.5,-0.5,-0.5,232.4469757080078,137.28988647460938,232.4469757080078,137.28988647460938,False,False,-0.30671516981867525,-0.2219910682917514,0.11280451043058005,False,,False,timeout
43,1787624569.8897,2.6796233002096415,0.06161969993263483,16.228576268518683,True,16,0.003235899843275547,0.07057179976254702,14.169965954739721,False,False,False,,4.395183086395264,3.9533944129943848,2.4481253623962402,1.2289214134216309,,,3.3486993312835693,False,0.132048566,0.749402418931,0,-0.551946759223938,-1.0,1.142210602760315,-0.07288377732038498,-0.132048562169075,0.1508272886276245,-0.07288377732038498,-0.132048562169075,0.1508272886276245,-0.08771033585071564,-0.11049706488847733,0.1410769373178482,-0.08771033585071564,-0.11049706488847733,0.1410769373178482,-0.08771038055419922,-0.11049699783325195,0.141076922416687,False,False,2.1772999316453934,2.1890997886657715,-0.5,0.0,0.5,-0.5,0.0,219.96803283691406,128.7909698486328,219.96803283691406,128.7909698486328,False,False,-0.30900031432673714,-0.21492916527361483,0.11287452584134387,False,,False,timeout
44,1787624569.9520817,2.7409765999764204,0.061353299766778946,16.29904184129101,False,,,,,False,False,False,,4.3074727058410645,3.842897415161133,2.3524906635284424,1.2458335161209106,,,3.250645399093628,False,0.132048566,0.749402418931,0,-1.0,0.22347307205200195,1.0246659517288208,-0.132048562169075,0.029509298503398895,0.13530565798282623,-0.132048562169075,0.029509298503398895,0.13530565798282623,-0.1209375187754631,-0.005575940012931824,0.12106599658727646,-0.1209375187754631,-0.005575940012931824,0.12106599658727646,-0.12093734741210938,-0.005575895309448242,0.12106581777334213,False,False,2.9767993837594986,3.1884005293250084,-1.0,0.0,1.0,-0.5,0.0,179.45504760742188,130.5633544921875,179.45504760742188,130.5633544921875,False,False,-0.31313108319255484,-0.2130371393892318,0.11291436263114622,False,,False,timeout
45,1787624570.0131886,2.80299140047282,0.0620148004963994,16.125182891752758,True,17,0.057610100135207176,0.07205079961568117,13.879096489338052,False,False,False,,4.186535358428955,3.8373215198516846,2.244472026824951,1.243107795715332,,,3.240610122680664,False,0.132048566,0.749402418931,0,-1.0,-0.8220674991607666,1.2945250272750854,-0.132048562169075,-0.10855282843112946,0.17094016075134277,-0.132048562169075,-0.10855282843112946,0.17094016075134277,-0.12926411628723145,-0.08274705708026886,0.15348057448863983,-0.12926411628723145,-0.08274705708026886,0.15348057448863983,-0.12926435470581055,-0.08274698257446289,0.15348073840141296,False,False,2.958599478006363,1.9837003201246262,-1.0,0.0,1.0,-1.0,0.0,168.39393615722656,130.27769470214844,168.39393615722656,130.27769470214844,False,False,-0.31715956170395954,-0.20991387533200728,0.1129988912036491,False,,False,timeout
46,1787624570.0617132,2.853595900349319,0.050604499876499176,19.761088488978466,True,18,0.03867380041629076,0.06931969989091158,14.425913579742845,False,False,False,,4.0572710037231445,3.7545745372772217,2.0835721492767334,1.243894338607788,,,3.1935877799987793,False,0.132048566,0.749402418931,0,-1.0,-0.5821530818939209,1.1571093797683716,-0.132048562169075,-0.07687247544527054,0.15279462933540344,-0.132048562169075,-0.07687247544527054,0.15279462933540344,-0.13135084509849548,-0.07834461331367493,0.15294091403484344,-0.13135084509849548,-0.07834461331367493,0.15294091403484344,-0.13135075569152832,-0.07834458351135254,0.15294082462787628,False,False,1.7806999385356903,0.9780004620552063,-1.0,0.0,1.0,-1.0,0.0,151.91778564453125,130.36013793945312,151.91778564453125,130.36013793945312,False,False,-0.32329347541928366,-0.2054864017915588,0.1129418345087302,False,,False,timeout
47,1787624570.11893,2.9107980001717806,0.057202099822461605,17.48187571966246,True,19,0.03089309949427843,0.06921190023422241,14.448382382449623,False,False,False,,3.925920248031616,3.676229953765869,1.8631880283355713,1.244150161743164,,,3.1890242099761963,False,0.132048566,0.749402418931,0,-1.0,-0.013439983129501343,1.00009024143219,-0.132048562169075,-0.0017747303936630487,0.1320604830980301,-0.132048562169075,-0.0017747303936630487,0.1320604830980301,-0.1318736970424652,-0.020962947979569435,0.1335294544696808,-0.1318736970424652,-0.020962946116924286,0.1335294544696808,-0.13187360763549805,-0.020962953567504883,0.13352936506271362,False,False,1.7328998073935509,0.9944997727870941,-1.0,0.0,1.0,-1.0,0.0,129.35044860839844,130.38693237304688,129.35044860839844,130.38693237304688,False,False,-0.3316574078804207,-0.1993949974833506,0.11296311991487595,False,,False,timeout
48,1787624570.1793253,2.972256500273943,0.06145850010216236,16.27114228849877,True,20,0.020681800320744514,0.06498540006577969,15.388071766701097,False,False,False,,3.794046640396118,3.6552670001983643,1.6942570209503174,1.242469310760498,,,3.1985480785369873,False,0.132048566,0.749402418931,0,-1.0,-0.16241562366485596,1.0131036043167114,-0.132048562169075,-0.021446749567985535,0.1337788701057434,-0.132048562169075,-0.021446749567985535,0.1337788701057434,-0.13200470805168152,-0.02132550999522209,0.13371619582176208,-0.13200470805168152,-0.02132550999522209,0.13371619582176208,-0.1320047378540039,-0.02132558822631836,0.13371624052524567,False,False,1.7097005620598793,1.2068003416061401,-0.5,0.0,0.5,-1.0,0.0,142.7719268798828,130.21078491210938,142.7719268798828,130.21078491210938,False,False,-0.3380039323850017,-0.1946485587609593,0.1129467833516839,False,,False,timeout
49,1787624570.2418656,3.033771499991417,0.061514999717473984,16.256197750025176,True,21,0.013854899443686008,0.07167160045355558,13.952527830713324,False,False,False,,3.6620419025421143,3.633941411972046,1.4923756122589111,1.2456417083740234,,,3.2266743183135986,False,0.132048566,0.749402418931,0,-1.0,-0.36216986179351807,1.063563346862793,-0.132048562169075,-0.047824010252952576,0.14044201374053955,-0.132048562169075,-0.047824010252952576,0.14044201374053955,-0.13203758001327515,-0.04118356853723526,0.1383112668991089,-0.13203758001327515,-0.04118356853723526,0.1383112668991089,-0.13203763961791992,-0.0411834716796875,0.13831129670143127,False,False,2.2415006533265114,1.2342995032668114,-0.5,0.0,0.5,-0.5,0.0,122.0992660522461,130.54324340820312,122.0992660522461,130.54324340820312,False,False,-0.34572458088952107,-0.18922017584053477,0.11295910646892017,False,,False,timeout
50,1787624570.3045003,3.0953705003485084,0.06159900035709143,16.2340296791014,True,22,0.011227100156247616,0.06833849940449,14.63304006839661,False,False,False,,3.5300042629241943,3.5927579402923584,1.4112812280654907,1.2418140172958374,,,3.164794445037842,False,0.132048566,0.749402418931,0,-1.0,-1.0,1.4142135381698608,-0.132048562169075,-0.132048562169075,0.18674486875534058,-0.132048562169075,-0.132048562169075,0.18674486875534058,-0.13204582035541534,-0.10927798599004745,0.17139945924282074,-0.13204582035541534,-0.10927798599004745,0.17139945924282074,-0.13204574584960938,-0.10927796363830566,0.17139939963817596,False,False,1.6520004719495773,1.000700518488884,0.0,0.0,0.0,-0.5,0.0,144.51519775390625,130.14212036132812,144.51519775390625,130.14212036132812,False,False,-0.34867628281170415,-0.186811030909392,0.1129356877822216,False,,False,timeout
51,1787624570.366607,3.157532200217247,0.06216169986873865,16.087076159622587,True,23,0.0018179994076490402,0.06425470020622015,15.563063819309447,False,False,False,,3.397958517074585,3.4834799766540527,1.3298486471176147,1.2432806491851807,,,3.0488641262054443,False,0.132048566,0.749402418931,0,-1.0,-1.0,1.4142135381698608,-0.132048562169075,-0.132048562169075,0.18674486875534058,-0.132048562169075,-0.132048562169075,0.18674486875534058,-0.1320478469133377,-0.1263422966003418,0.18275395035743713,-0.1320478469133377,-0.1263422966003418,0.18275395035743713,-0.1320478916168213,-0.1263422966003418,0.18275399506092072,False,False,2.492399886250496,1.8084999173879623,0.0,0.0,0.0,0.0,0.0,136.17649841308594,130.29580688476562,136.17649841308594,130.29580688476562,False,False,-0.35178989072786504,-0.1846342136699667,0.11294106861286855,False,,False,timeout
52,1787624570.4262347,3.21921110060066,0.06167890038341284,16.212999806801477,False,,,,,False,False,False,,3.2659106254577637,3.357137680053711,1.337564468383789,1.2391536235809326,,,2.864328145980835,False,0.132048566,0.749402418931,0,-1.0,1.0,1.4142135381698608,-0.132048562169075,0.132048562169075,0.18674486875534058,-0.132048562169075,0.132048562169075,0.18674486875534058,-0.13204839825630188,0.06729643791913986,0.14820793271064758,-0.13204839825630188,0.06729644536972046,0.14820793271064758,-0.1320483684539795,0.06729650497436523,0.14820793271064758,False,False,1.8060002475976944,1.2113992124795914,0.0,0.0,0.0,0.0,0.0,136.9665985107422,129.86331176757812,136.9665985107422,129.86331176757812,False,False,-0.3513812251874826,-0.18465952407261385,0.11292705748440567,False,,False,timeout
53,1787624570.4924812,3.280302100814879,0.06109100021421909,16.369023202983136,True,24,0.05496680084615946,0.07154589984565973,13.977041342092562,False,False,False,,3.133862257003784,3.424434185028076,1.340427279472351,1.2394030094146729,,,2.8267951011657715,False,0.132048566,0.749402418931,0,-1.0,0.08588434755802155,1.0036813020706177,-0.132048562169075,0.011340904980897903,0.1325346678495407,-0.132048562169075,0.011340904980897903,0.1325346678495407,-0.13204851746559143,0.025363242253661156,0.13446228206157684,-0.13204851746559143,0.025363244116306305,0.13446228206157684,-0.1320486068725586,0.02536320686340332,0.1344623565673828,False,False,3.2347002997994423,2.052299678325653,0.0,0.0,0.0,0.0,0.0,137.25975036621094,129.88943481445312,137.25975036621094,129.88943481445312,False,False,-0.3512803602374911,-0.18474967234114678,0.11298138885820537,False,,False,timeout
54,1787624570.5505042,3.341471000574529,0.06116889975965023,16.348176997285886,True,25,0.03962730057537556,0.06992689985781908,14.300648277462312,False,False,False,,3.0018136501312256,3.4497973918914795,1.3337123394012451,1.2360919713974,,,2.771832227706909,False,0.132048566,0.749402418931,0,-0.6869851350784302,0.3457150459289551,0.7690691947937012,-0.09071540087461472,0.04565117508172989,0.10155448317527771,-0.09071540087461472,0.04565117508172989,0.10155448317527771,-0.10107339918613434,0.040567055344581604,0.10891059786081314,-0.10107339918613434,0.040567055344581604,0.10891059786081314,-0.1010735034942627,0.04056715965270996,0.10891073197126389,False,False,2.090100198984146,1.4861002564430237,0.0,0.0,0.0,0.0,0.0,136.57212829589844,129.54244995117188,136.57212829589844,129.54244995117188,False,False,-0.35143915983978746,-0.18441456517950688,0.11295516567462359,False,,False,timeout
55,1787624570.6117325,3.4029328003525734,0.061461799778044224,16.2702687459736,True,26,0.03432120010256767,0.07620500028133392,13.122498475273224,False,False,False,,2.900740146636963,3.4903645515441895,1.332918405532837,1.2332746982574463,,,2.7481849193573,False,0.132048566,0.749402418931,0,-1.0,-0.391194611787796,1.073793888092041,-0.132048562169075,-0.05165668576955795,0.14179293811321259,-0.132048562169075,-0.05165668576955795,0.14179293811321259,-0.12428627908229828,-0.028545614331960678,0.127522274851799,-0.12428627908229828,-0.028545618057250977,0.127522274851799,-0.12428617477416992,-0.028545618057250977,0.12752217054367065,False,False,2.22610030323267,1.5759998932480812,0.0,0.0,0.0,0.0,0.0,136.4908447265625,129.2471923828125,136.4908447265625,129.2471923828125,False,False,-0.3513887108355184,-0.18426491237262937,0.11300809246409976,False,,False,timeout
56,1787624570.6730425,3.4639129005372524,0.06098010018467903,16.398792343264226,True,27,0.02355870045721531,0.06676129996776581,14.978737689092746,False,False,False,,2.776453971862793,3.4618189334869385,1.3318288326263428,1.233062982559204,,,2.655992269515991,False,0.132048566,0.749402418931,0,-1.0,-0.18507809937000275,1.0169827938079834,-0.132048562169075,-0.02443929761648178,0.13429111242294312,-0.132048562169075,-0.02443929761648178,0.13429111242294312,-0.13010331988334656,-0.025468330830335617,0.13257266581058502,-0.13010331988334656,-0.025468330830335617,0.13257266581058502,-0.13010334968566895,-0.02546834945678711,0.13257268071174622,False,False,2.315700054168701,1.1206995695829391,0.0,0.0,0.0,0.0,0.0,136.3792724609375,129.22500610351562,136.3792724609375,129.22500610351562,False,False,-0.35142377292497823,-0.1842253071400332,0.11298497410710245,False,,False,timeout
57,1787624570.732217,3.5251612002030015,0.06124829966574907,16.326983858446837,True,28,0.021080799400806427,0.07175219990313053,13.936854916644448,False,False,False,,2.646350622177124,3.4363505840301514,1.3301125764846802,1.232468605041504,,,2.5670173168182373,False,0.132048566,0.749402418931,0,-1.0,0.7405331134796143,1.2443429231643677,-0.132048562169075,0.0977863296866417,0.1643136888742447,-0.132048562169075,0.0977863296866417,0.1643136888742447,-0.13156110048294067,0.06689900159835815,0.14759336411952972,-0.13156110048294067,0.06689900159835815,0.14759336411952972,-0.1315610408782959,0.06689906120300293,0.14759333431720734,False,False,1.487799920141697,0.9674001485109329,0.0,0.0,0.0,0.0,0.0,136.2035369873047,129.16270446777344,136.2035369873047,129.16270446777344,False,False,-0.35147155284129133,-0.18415108526211335,0.11299432667104178,False,,False,timeout
58,1787624570.7957108,3.5866119004786015,0.061450700275599957,16.273207555245175,True,29,0.016917300410568714,0.06372009962797165,15.693635224026284,False,False,False,,2.514789581298828,3.5032496452331543,1.3290761709213257,1.2318212985992432,,,2.5622847080230713,False,0.132048566,0.749402418931,0,-0.7101989984512329,-0.639699399471283,0.9558231830596924,-0.0937807559967041,-0.08447138220071793,0.12621507048606873,-0.0937807559967041,-0.08447138220071793,0.12621507048606873,-0.10324840247631073,-0.04653831198811531,0.11325214058160782,-0.10324840247631073,-0.04653830826282501,0.11325214058160782,-0.10324835777282715,-0.046538352966308594,0.11325211822986603,False,False,2.0426996052265167,1.7858995124697685,1.0,0.0,1.0,0.0,0.0,197.5373992919922,129.09487915039062,197.5373992919922,129.09487915039062,False,False,-0.3514921795326595,-0.18409317216767124,0.11298198512187838,False,,False,timeout
59,1787624570.8561335,3.6480764001607895,0.061464499682188034,16.269554054302223,True,30,0.014463500119745731,0.06562190037220716,15.238815004259308,False,False,False,,2.411541223526001,3.4567112922668457,1.347362756729126,1.2329589128494263,,,2.465268850326538,False,0.132048566,0.749402418931,0,-1.0,1.0,1.4142135381698608,-0.132048562169075,0.132048562169075,0.18674486875534058,-0.132048562169075,0.132048562169075,0.18674486875534058,-0.12483129650354385,0.08729511499404907,0.15232627093791962,-0.12483129650354385,0.08729511499404907,0.15232627093791962,-0.1248311996459961,0.0872950553894043,0.15232615172863007,False,False,1.7657000571489334,1.2230994179844856,1.0,0.0,1.0,1.0,0.0,199.40994262695312,129.21409606933594,199.40994262695312,129.21409606933594,False,False,-0.3508349300158067,-0.18464840671388102,0.11297775704294738,False,,False,timeout
60,1787624570.9183419,3.709264600649476,0.06118820048868656,16.34302025575823,True,31,0.006640600040555,0.06391760054975748,15.645142987204864,False,False,False,,2.286710023880005,3.54400634765625,1.562435507774353,1.23111093044281,,,2.423645496368408,False,0.132048566,0.749402418931,0,-1.0,0.5401285886764526,1.1365468502044678,-0.132048562169075,0.0713232010602951,0.1500793844461441,-0.132048562169075,0.0713232010602951,0.1500793844461441,-0.13023990392684937,0.07532571256160736,0.15045396983623505,-0.13023990392684937,0.07532571256160736,0.15045396983623505,-0.13023996353149414,0.07532572746276855,0.15045402944087982,False,False,2.0030997693538666,1.7500007525086403,1.0,0.0,1.0,1.0,0.0,221.4333953857422,129.02041625976562,221.4333953857422,129.02041625976562,False,False,-0.3426623427656545,-0.19049392172080012,0.11300173163399563,False,,False,timeout
61,1787624570.9784856,3.7704179007560015,0.06115330010652542,16.35234726920803,False,,,,,False,False,False,,2.1564700603485107,3.6193320751190186,1.7749199867248535,1.2344270944595337,,,2.4152331352233887,False,0.132048566,0.749402418931,0,-1.0,-0.14916950464248657,1.0110645294189453,-0.132048562169075,-0.01969761773943901,0.13350962102413177,-0.132048562169075,-0.01969761773943901,0.13350962102413177,-0.13159532845020294,0.004115002229809761,0.13165965676307678,-0.13159532845020294,0.004115000367164612,0.13165965676307678,-0.13159537315368652,0.004115104675292969,0.13165968656539917,False,False,1.6235997900366783,2.209499478340149,1.0,0.0,1.0,1.0,0.0,243.19180297851562,129.36795043945312,243.19180297851562,129.36795043945312,False,False,-0.3347205903566048,-0.19651311158894463,0.11296912274729332,False,,False,timeout
62,1787624571.0418806,3.831742700189352,0.06132479943335056,16.306616723415896,True,32,0.06009529996663332,0.06900409981608391,14.491892549359997,False,False,False,,2.024874687194824,3.6234471797943115,1.9666187763214111,1.2357239723205566,,,2.3884336948394775,False,0.132048566,0.749402418931,0,-1.0,1.0,1.4142135381698608,-0.132048562169075,0.132048562169075,0.18674486875534058,-0.132048562169075,0.132048562169075,0.18674486875534058,-0.1319349855184555,0.09998874366283417,0.1655433177947998,-0.1319349855184555,0.09998874366283417,0.1655433177947998,-0.1319350004196167,0.09998869895935059,0.1655433028936386,False,False,2.8026001527905464,2.1539004519581795,1.0,0.0,1.0,1.0,0.0,262.82177734375,129.50387573242188,262.82177734375,129.50387573242188,False,False,-0.3274947042276367,-0.20187589048720955,0.11293298587435295,False,,False,timeout
63,1787624571.104415,3.893251799978316,0.061509099788963795,16.257757038080143,True,33,0.051888699643313885,0.06933029927313328,14.423708111519977,False,False,False,,1.8929396867752075,3.723435878753662,2.175199270248413,1.2337895631790161,,,2.5055956840515137,False,0.132048566,0.749402418931,0,-1.0,-1.0,1.4142135381698608,-0.132048562169075,-0.132048562169075,0.18674486875534058,-0.132048562169075,-0.132048562169075,0.18674486875534058,-0.13202010095119476,-0.07390058040618896,0.15129640698432922,-0.13202010095119476,-0.07390058040618896,0.15129640698432922,-0.13202011585235596,-0.07390069961547852,0.1512964814901352,False,False,2.5797002017498016,0.9958995506167412,1.0,0.0,1.0,1.0,0.0,284.1803894042969,129.3011474609375,284.1803894042969,129.3011474609375,False,False,-0.3195223009630829,-0.20756932925842572,0.11296194502805765,False,,False,timeout
64,1787624571.1625154,3.9543803008273244,0.06112850084900856,16.35898126260394,True,34,0.04926620051264763,0.06941380072385073,14.406357087091441,False,False,False,,1.7609195709228516,3.6495351791381836,2.353335380554199,1.2341452836990356,,,2.4869792461395264,False,0.132048566,0.749402418931,0,0.09865543246269226,-1.0,1.004854679107666,0.013027307577431202,-0.132048562169075,0.13268961012363434,0.013027307577431202,-0.132048562169075,0.13268961012363434,-0.02332122251391411,-0.11747684329748154,0.11976931244134903,-0.023321226239204407,-0.11747684329748154,0.11976931244134903,-0.02332127094268799,-0.1174769401550293,0.11976941674947739,False,False,2.069000154733658,1.4744000509381294,1.0,0.0,1.0,1.0,0.0,302.4215393066406,129.3384246826172,302.4215393066406,129.3384246826172,False,False,-0.312760080710348,-0.21253106271041264,0.11291057405885578,False,,False,timeout
65,1787624571.224932,4.015793700702488,0.06141339987516403,16.283091345418352,True,35,0.033476500771939754,0.06375169940292835,15.685856367211857,False,False,False,,1.7375982999801636,3.5320582389831543,2.5647342205047607,1.2344847917556763,,,2.441925048828125,False,0.132048566,0.749402418931,0,-0.9734188914299011,-1.0,1.395544409751892,-0.1285385638475418,-0.132048562169075,0.1842796355485916,-0.1285385638475418,-0.132048562169075,0.1842796355485916,-0.10217136144638062,-0.12839694321155548,0.1640876680612564,-0.10217136144638062,-0.12839694321155548,0.1640876680612564,-0.10217130184173584,-0.12839698791503906,0.1640876680612564,False,False,2.1591996774077415,1.3900995254516602,1.0,0.0,1.0,1.0,0.0,324.0688171386719,129.37400817871094,324.0688171386719,129.37400817871094,False,False,-0.3047192409803124,-0.21842547488802702,0.11295996875579911,False,,False,timeout
66,1787624571.2878234,4.077627200633287,0.06183349993079901,16.172463165099025,True,36,0.03044150024652481,0.07720080018043518,12.953233614972655,False,False,False,,1.6354269981384277,3.4036612510681152,2.74328351020813,1.2360256910324097,,,2.434335470199585,False,0.132048566,0.749402418931,0,0.8196603059768677,-1.0,1.2929977178573608,0.1082349643111229,-0.132048562169075,0.17073848843574524,0.1082349643111229,-0.132048562169075,0.17073848843574524,0.05550766363739967,-0.13113348186016083,0.14239764213562012,0.055507659912109375,-0.13113348186016083,0.14239764213562012,0.055507659912109375,-0.1311335563659668,0.1423977166414261,False,False,2.4338997900485992,1.3963999226689339,1.0,0.0,1.0,1.0,0.0,342.35223388671875,129.53549194335938,342.35223388671875,129.53549194335938,False,False,-0.29795296882078826,-0.2234691590493131,0.11295521385463425,False,,False,timeout
67,1787624571.3491583,4.139029500074685,0.06140229944139719,16.286035036104916,True,37,0.023468799889087677,0.06486489996314049,15.41665832473727,False,False,False,,1.690934658050537,3.2725276947021484,2.9491169452667236,1.2354304790496826,,,2.3943240642547607,False,0.132048566,0.749402418931,0,1.0,0.9928755164146423,1.4091848134994507,0.132048562169075,0.13110777735710144,0.18608082830905914,0.132048562169075,0.13110777735710144,0.18608082830905914,0.11286759376525879,0.06539073586463928,0.13044172525405884,0.11100403964519501,0.05900588631629944,0.1257123351097107,0.11100399494171143,0.0590059757232666,0.1257123351097107,True,False,2.4309996515512466,1.783500425517559,1.0,0.0,1.0,1.0,0.0,363.4295959472656,129.47311401367188,363.4295959472656,129.47311401367188,False,False,-0.29007051522525673,-0.2291857586128027,0.11297019916624387,False,,False,timeout
68,1787624571.4115376,4.200384700670838,0.061355200596153736,16.29853688495134,True,38,0.0059957001358270645,0.06838009972125292,14.62413778389379,False,False,False,,1.8019386529922485,3.331533670425415,3.150380849838257,1.2351630926132202,,,2.4926023483276367,False,0.132048566,0.749402418931,0,-1.0,0.349614679813385,1.0593538284301758,-0.132048562169075,0.04616611450910568,0.13988614082336426,-0.132048562169075,0.04616611450910568,0.13988614082336426,-0.07114017754793167,0.049383752048015594,0.08660069108009338,-0.07114017009735107,0.049383752048015594,0.08660068362951279,-0.07114017009735107,0.04938364028930664,0.08660062402486801,False,False,2.477699890732765,1.803399994969368,1.0,0.0,1.0,1.0,0.0,384.03900146484375,129.44509887695312,384.03900146484375,129.44509887695312,False,False,-0.28235849645371885,-0.23479968412493257,0.11297378310041778,False,,False,timeout
69,1787624571.4707973,4.261657100170851,0.0612723995000124,16.32056208276612,False,,,,,False,False,False,,1.7307984828948975,3.3809173107147217,3.3271636962890625,1.2347408533096313,,,2.674781322479248,False,0.132048566,0.749402418931,0,0.6923723816871643,-1.0,1.2162975072860718,0.0914267748594284,-0.132048562169075,0.16061033308506012,0.0914267748594284,-0.132048562169075,0.16061033308506012,0.05068788677453995,-0.08658208698034286,0.10032805800437927,0.05068788677453995,-0.08658209443092346,0.10032806545495987,0.05068790912628174,-0.08658218383789062,0.10032815486192703,False,False,2.459600567817688,2.0603006705641747,1.0,0.0,1.0,1.0,0.0,402.14154052734375,129.40084838867188,402.14154052734375,129.40084838867188,False,False,-0.27556784431751546,-0.23973041930071876,0.11298107334896709,False,,False,timeout
70,1787624571.534063,4.322885900735855,0.06122880056500435,16.3321833969022,True,39,0.04913699999451637,0.07882910035550594,12.685670589797025,False,False,False,,1.7814863920211792,3.294335126876831,3.5347402095794678,1.2348612546920776,,,2.7046871185302734,False,0.132048566,0.749402418931,0,1.0,-0.5046346187591553,1.1201143264770508,0.132048562169075,-0.06663627922534943,0.1479094922542572,0.132048562169075,-0.06663627922534943,0.1479094922542572,0.11165977269411087,-0.0716346725821495,0.1326628476381302,0.11165977269411087,-0.0716346725821495,0.1326628476381302,0.11165976524353027,-0.07163476943969727,0.13266289234161377,False,False,2.7907993644475937,2.0250994712114334,1.0,0.0,1.0,1.0,0.0,423.39739990234375,129.41346740722656,423.39739990234375,129.41346740722656,False,False,-0.2675990343288855,-0.24555770056334705,0.11297760619143718,False,,False,timeout
71,1787624571.596269,4.384019800461829,0.061133899725973606,16.357536562895493,True,40,0.04038919974118471,0.07970959972590208,12.54554035447056,False,False,False,,1.8931461572647095,3.222700357437134,3.7346200942993164,1.2346136569976807,,,2.7098920345306396,False,0.132048566,0.749402418931,0,1.0,-0.8685230612754822,1.3245121240615845,0.132048562169075,-0.11468721926212311,0.17489992082118988,0.132048562169075,-0.11468721926212311,0.17489992082118988,0.12693917751312256,-0.10389837622642517,0.16403788328170776,0.12693917751312256,-0.10389837622642517,0.16403788328170776,0.12693917751312256,-0.10389828681945801,0.164037823677063,False,False,3.0330000445246696,2.0997002720832825,1.0,0.0,1.0,1.0,0.0,443.8651123046875,129.38751220703125,443.8651123046875,129.38751220703125,False,False,-0.2599013253449021,-0.2511624373492177,0.11296039319091668,False,,False,timeout
72,1787624571.6533802,4.445316200144589,0.06129639968276024,16.314171879188727,True,41,0.03091169986873865,0.06953050009906292,14.38217758502038,False,False,False,,2.020085334777832,3.118802070617676,3.9117431640625,1.2342103719711304,,,2.6702163219451904,False,0.132048566,0.749402418931,0,0.15090978145599365,0.12134051322937012,0.19364215433597565,0.01992741972208023,0.01602284051477909,0.02557016909122467,0.01992741972208023,0.01602284051477909,0.02557016909122467,0.04674430564045906,-0.014029102399945259,0.048804156482219696,0.04674430191516876,-0.01402910053730011,0.0488041527569294,0.046744346618652344,-0.01402902603149414,0.04880417510867119,False,False,1.63979921489954,1.125900074839592,1.0,0.0,1.0,1.0,0.0,462.0024719238281,129.34524536132812,462.0024719238281,129.34524536132812,False,False,-0.2530632271291616,-0.2561289728310342,0.11298588732306598,False,,False,timeout
73,1787624571.7146852,4.506591300480068,0.06127510033547878,16.319842717923578,True,42,0.018977000378072262,0.07077410072088242,14.129462470230196,False,False,False,,2.0668296813964844,3.1047730445861816,4.117276668548584,1.2347770929336548,,,2.77510666847229,False,0.132048566,0.749402418931,0,-0.36222243309020996,-1.0,1.0635812282562256,-0.04783095046877861,-0.132048562169075,0.14044436812400818,-0.04783095046877861,-0.132048562169075,0.14044436812400818,-0.02413060888648033,-0.10247314721345901,0.10527598112821579,-0.02413061261177063,-0.10247314721345901,0.10527598112821579,-0.024130582809448242,-0.10247325897216797,0.10527608543634415,False,False,1.6691004857420921,1.0124994441866875,1.0,0.0,1.0,1.0,0.0,483.04913330078125,129.40463256835938,483.04913330078125,129.40463256835938,False,False,-0.2451458251504809,-0.2619486229840659,0.11299255997247182,False,,False,timeout
74,1787624571.776783,4.568698700517416,0.06210740003734827,16.101140917163658,True,43,0.017328199930489063,0.07320639956742525,13.660007948881171,False,False,False,,2.042699098587036,3.0022997856140137,4.318526744842529,1.2353007793426514,,,2.881263017654419,False,0.132048566,0.749402418931,0,1.0,-1.0,1.4142135381698608,0.132048562169075,-0.132048562169075,0.18674486875534058,0.132048562169075,-0.132048562169075,0.18674486875534058,0.09291044622659683,-0.12463705986738205,0.1554565727710724,0.09291044622659683,-0.12463705986738205,0.1554565727710724,0.0929105281829834,-0.12463712692260742,0.15545667707920074,False,False,1.8846001476049423,1.7729001119732857,1.0,0.0,1.0,1.0,0.0,503.6571350097656,129.4595184326172,503.6571350097656,129.4595184326172,False,False,-0.23737875066782452,-0.26765566859613243,0.11299413652194185,False,,False,timeout
75,1787624571.8394258,4.630182499997318,0.06148379947990179,16.264447032537184,True,44,0.01582919992506504,0.0637557003647089,15.684872007986542,False,False,False,,2.1356096267700195,2.8776626586914062,4.523841381072998,1.2353764772415161,,,2.8984055519104004,False,0.132048566,0.749402418931,0,1.0,-0.3183501362800598,1.0494507551193237,0.132048562169075,-0.04203767701983452,0.13857845962047577,0.132048562169075,-0.04203767701983452,0.13857845962047577,0.12224066257476807,-0.06273689866065979,0.13739977777004242,0.12224066257476807,-0.06273689866065979,0.13739977777004242,0.12224054336547852,-0.06273698806762695,0.13739970326423645,False,False,2.2242004051804543,1.7683999612927437,1.0,0.0,1.0,1.0,0.0,524.6813354492188,129.4674530029297,524.6813354492188,129.4674530029297,False,False,-0.22942695832887083,-0.2734675959170633,0.11298812504538809,False,,False,timeout
76,1787624571.900601,4.691515200771391,0.0613327007740736,16.304515982161305,True,45,0.005855800583958626,0.06298169959336519,15.877628048407653,False,False,False,,2.257850170135498,2.8149256706237793,4.7030720710754395,1.235863447189331,,,2.91076397895813,False,0.132048566,0.749402418931,0,1.0,0.32799744606018066,1.0524173974990845,0.132048562169075,0.04331159219145775,0.13897019624710083,0.132048562169075,0.04331159219145775,0.13897019624710083,0.1295906901359558,0.016736073419451714,0.13066691160202026,0.1295906901359558,0.016736075282096863,0.13066691160202026,0.12959074974060059,0.01673603057861328,0.13066697120666504,False,False,2.4424996227025986,1.7603002488613129,1.0,0.0,1.0,1.0,0.0,543.0345458984375,129.51849365234375,543.0345458984375,129.51849365234375,False,False,-0.22248636893748205,-0.2785687335540952,0.1129689749646848,False,,False,timeout
77,1787624571.9613605,4.752825400792062,0.06131020002067089,16.310499715591327,False,,,,,False,False,False,,2.3874409198760986,2.8316617012023926,4.9098429679870605,1.2358309030532837,,,2.9848263263702393,False,0.132048566,0.749402418931,0,1.0,0.20757228136062622,1.0213159322738647,0.132048562169075,0.027409620583057404,0.13486330211162567,0.132048562169075,0.027409620583057404,0.13486330211162567,0.1314326375722885,0.024734843522310257,0.13373985886573792,0.1314326375722885,0.024734843522310257,0.13373985886573792,0.13143253326416016,0.0247347354888916,0.13373973965644836,False,False,1.5128999948501587,2.7171997353434563,1.0,0.0,1.0,1.0,0.0,564.2079467773438,129.51507568359375,564.2079467773438,129.51507568359375,False,False,-0.21444782053632774,-0.2844367855559477,0.11298730008521808,False,,False,timeout
78,1787624572.0257523,4.814730100333691,0.06190469954162836,16.15386242731929,True,46,0.060151600278913975,0.07130790036171675,14.023691553494016,False,False,False,,2.518873453140259,2.856396436691284,5.113293170928955,1.235935926437378,,,3.058906078338623,False,0.132048566,0.749402418931,0,1.0,-0.6526577472686768,1.1941365003585815,0.132048562169075,-0.08618251979351044,0.15768401324748993,0.132048562169075,-0.08618251979351044,0.15768401324748993,0.13189418613910675,-0.058386921882629395,0.14423976838588715,0.13189418613910675,-0.058386921882629395,0.14423976838588715,0.13189411163330078,-0.058387041091918945,0.14423973858356476,False,False,2.846900373697281,1.949399709701538,1.0,0.0,1.0,1.0,0.0,585.0411987304688,129.52609252929688,585.0411987304688,129.52609252929688,False,False,-0.20652827265665488,-0.29022721340351637,0.11297917601637035,False,,False,timeout
79,1787624572.0863054,4.8761704005301,0.061440300196409225,16.275962142164847,True,47,0.05515499971807003,0.06919089984148741,14.452767665848336,False,False,False,,2.6507675647735596,2.7980093955993652,5.293251037597656,1.2353951930999756,,,3.069931983947754,False,0.132048566,0.749402418931,0,1.0,1.0,1.4142135381698608,0.132048562169075,0.132048562169075,0.18674486875534058,0.132048562169075,0.132048562169075,0.18674486875534058,0.1320098489522934,0.08432585746049881,0.15664434432983398,0.1320098489522934,0.08432585000991821,0.15664434432983398,0.13200974464416504,0.08432579040527344,0.15664421021938324,False,False,2.1032001823186874,2.0452002063393593,1.0,0.0,1.0,1.0,0.0,603.4688720703125,129.46942138671875,603.4688720703125,129.46942138671875,False,False,-0.19949211719912888,-0.29532903083335504,0.11298141439624493,False,,False,timeout
80,1787624572.1497717,4.93760110065341,0.06143070012331009,16.27850566561501,True,48,0.053043500520288944,0.06615899968892336,15.115101568977085,False,False,False,,2.7827773094177246,2.8823351860046387,5.501742362976074,1.2353659868240356,,,3.178879976272583,False,0.132048566,0.749402418931,0,1.0,-1.0,1.4142135381698608,0.132048562169075,-0.132048562169075,0.18674486875534058,0.132048562169075,-0.132048562169075,0.18674486875534058,0.13203883171081543,-0.07782567292451859,0.1532680243253708,0.13203883171081543,-0.07782566547393799,0.1532680243253708,0.13203883171081543,-0.07782554626464844,0.153267964720726,False,False,2.847699448466301,2.3309998214244843,1.0,0.0,1.0,1.0,0.0,624.8184204101562,129.4663543701172,624.8184204101562,129.4663543701172,False,False,-0.19134449284088761,-0.3012769184985312,0.11298722349991214,False,,False,timeout
81,1787624572.2104373,4.999219700694084,0.06161860004067421,16.22886594859188,True,49,0.04538340028375387,0.06354339979588985,15.73727567634306,False,False,False,,2.91481614112854,2.8045096397399902,5.701745986938477,1.234592080116272,,,3.198690176010132,False,0.132048566,0.749402418931,0,1.0,-0.4416479170322418,1.0931847095489502,0.132048562169075,-0.05831897258758545,0.1443534791469574,0.132048562169075,-0.05831897258758545,0.1443534791469574,0.13204611837863922,-0.06320726871490479,0.14639444649219513,0.13204611837863922,-0.06320726871490479,0.14639444649219513,0.13204622268676758,-0.06320714950561523,0.1463944911956787,False,False,2.9322002083063126,1.7061997205018997,1.0,0.0,1.0,1.0,0.0,645.2987670898438,129.38525390625,645.2987670898438,129.38525390625,False,False,-0.18349167675725012,-0.3069592891938886,0.11299122226520103,False,,False,timeout
82,1787624572.2697244,5.060464800335467,0.061245099641382694,16.327836934798782,True,50,0.03591919969767332,0.06928100064396858,14.433971661854992,False,False,False,,3.0468623638153076,2.741302490234375,5.8782525062561035,1.2343651056289673,,,3.2074334621429443,False,0.132048566,0.749402418931,0,0.6019253730773926,0.599127471446991,0.8492749333381653,0.07948338240385056,0.0791139230132103,0.11214553564786911,0.07948338240385056,0.0791139230132103,0.11214553564786911,0.0926554948091507,0.04344860464334488,0.1023368090391159,0.0926554948091507,0.04344860464334488,0.1023368090391159,0.09265542030334473,0.043448686599731445,0.10233677178621292,False,False,2.016499638557434,1.1761998757719994,1.0,0.5,1.1180340051651,1.0,0.0,663.373046875,160.8014678955078,663.373046875,160.8014678955078,False,False,-0.17656380161743623,-0.3120030901836734,0.11303970317064047,False,,False,timeout
83,1787624572.3310463,5.121952400542796,0.061487600207328796,16.26344167975527,True,51,0.02361730020493269,0.0707956999540329,14.125151677987397,False,False,False,,3.1395177841186523,2.7847511768341064,6.084395885467529,1.240904688835144,,,3.325021743774414,False,0.132048566,0.749402418931,0,1.0,0.9159929156303406,1.3561131954193115,0.132048562169075,0.12095554918050766,0.1790727972984314,0.132048562169075,0.12095554918050766,0.1790727972984314,0.12217672914266586,0.10153251886367798,0.15885844826698303,0.12217672914266586,0.10153251886367798,0.15885844826698303,0.1221766471862793,0.1015324592590332,0.15885834395885468,False,False,2.3750001564621925,0.9775999933481216,1.0,0.5,1.1180340051651,1.0,0.5,684.482177734375,161.48681640625,684.482177734375,161.48681640625,False,False,-0.16866837106265584,-0.3182106388712567,0.11293597365193267,False,,False,timeout
84,1787624572.3928955,5.1837976006791,0.0618452001363039,16.169403572080732,True,52,0.016766300424933434,0.0737025998532772,13.568042402720407,False,False,False,,3.2616944313049316,2.8862836360931396,6.286618232727051,1.3647657632827759,,,3.3860273361206055,False,0.132048566,0.749402418931,0,1.0,-0.9594959616661072,1.3858689069747925,0.132048562169075,-0.12670005857944489,0.18300198018550873,0.132048562169075,-0.12670005857944489,0.18300198018550873,0.12957468628883362,-0.06950554251670837,0.1470395177602768,0.12957468628883362,-0.06950554251670837,0.1470395177602768,0.12957477569580078,-0.06950545310974121,0.14703956246376038,False,False,2.349499613046646,1.9534993916749954,1.0,0.0,1.0,1.0,0.5,705.189697265625,143.02745056152344,705.189697265625,143.02745056152344,False,False,-0.16453129242993977,-0.32959981562701407,0.11278397475353089,False,,False,timeout
85,1787624572.4543169,5.245264099910855,0.061466499231755733,16.269024793970456,True,53,0.008486899547278881,0.06870379950851202,14.555235767944763,False,False,False,,3.3912692070007324,2.8167781829833984,6.459217071533203,1.4471584558486938,,,3.359786033630371,False,0.132048566,0.749402418931,0,-0.0897524356842041,-1.0,1.0040196180343628,-0.011851680465042591,-0.132048562169075,0.13257935643196106,-0.011851680465042591,-0.132048562169075,0.13257935643196106,0.023589447140693665,-0.1163754016160965,0.11874214559793472,0.023589447140693665,-0.1163754016160965,0.11874214559793472,0.023589372634887695,-0.11637544631958008,0.11874216794967651,False,False,2.4484004825353622,1.2253997847437859,1.0,0.0,1.0,1.0,0.0,722.8638305664062,151.66220092773438,722.8638305664062,151.66220092773438,False,False,-0.16028255471694303,-0.33826928646735804,0.11286732134810297,False,,False,timeout
86,1787624572.516714,5.306617200374603,0.06135310046374798,16.29909478806006,False,,,,,False,False,False,,3.41485857963562,2.7004027366638184,6.667617321014404,1.4292306900024414,,,3.4923226833343506,False,0.132048566,0.749402418931,0,1.0,0.9955773949623108,1.4110897779464722,0.132048562169075,0.13146457076072693,0.18633238971233368,0.132048562169075,0.13146457076072693,0.18633238971233368,0.10486894845962524,0.06935645639896393,0.12572912871837616,0.10299863666296005,0.0650826096534729,0.12183786183595657,0.10299873352050781,0.06508255004882812,0.12183791399002075,True,False,2.2930996492505074,3.428500145673752,1.0,0.0,1.0,1.0,0.0,744.2040405273438,149.7833709716797,744.2040405273438,149.7833709716797,False,False,-0.15152203349160293,-0.34346967403120565,0.11290759176058718,False,,False,timeout
87,1787624572.578916,5.36786950007081,0.061252299696207047,16.32591763835315,True,54,0.058538599871098995,0.06974250078201294,14.338459171769573,False,False,False,,3.517857313156128,2.7654852867126465,6.869134426116943,1.4289946556091309,,,3.6079447269439697,True,0.132048566,0.749402418931,0,1.0,-1.0,1.4142135381698608,0.132048562169075,-0.132048562169075,0.18674486875534058,0.132048562169075,-0.132048562169075,0.18674486875534058,0.12476874142885208,-0.08264797925949097,0.14965938031673431,0.12476874142885208,-0.08264797925949097,0.14965938031673431,0.12476873397827148,-0.08264803886413574,0.1496593952178955,False,False,2.9089003801345825,1.9829003140330315,1.0,0.0,1.0,1.0,0.0,764.8392944335938,149.75863647460938,764.8392944335938,149.75863647460938,False,False,-0.14356384738709035,-0.34927697005391384,0.11291246706782641,False,,False,timeout
88,1787624572.6299765,5.418727500364184,0.05085800029337406,19.66258984292552,True,55,0.03619709983468056,0.07292019948363304,13.713621288494284,False,False,False,,3.6426260471343994,2.6828372478485107,7.020309925079346,1.4297257661819458,,,3.6026430130004883,True,0.132048566,0.749402418931,0,1.0,0.6477558612823486,1.1914644241333008,0.132048562169075,0.08553522825241089,0.1573311686515808,0.132048562169075,0.08553522825241089,0.1573311686515808,0.13022425770759583,0.04338890314102173,0.13726235926151276,0.13022425770759583,0.04338890314102173,0.13726235926151276,0.13022422790527344,0.04338884353637695,0.13726231455802917,False,False,2.842400223016739,1.384800300002098,1.0,0.0,1.0,1.0,0.0,780.3197021484375,149.83526611328125,780.3197021484375,149.83526611328125,False,False,-0.13761263440440466,-0.35368107626225986,0.11295761829109718,False,,False,timeout
89,1787624572.6840043,5.474933600053191,0.056206099689006805,17.791663280908764,True,56,0.02324729971587658,0.07282759994268417,13.731058016287877,False,False,False,,3.772850275039673,2.7262260913848877,7.199173450469971,1.4269331693649292,,,3.6644034385681152,True,0.132048566,0.749402418931,0,0.4997975826263428,-1.0,1.1179434061050415,0.06599755585193634,-0.132048562169075,0.14762283861637115,0.06599755585193634,-0.132048562169075,0.14762283861637115,0.08209259808063507,-0.08808436989784241,0.12040785700082779,0.08209259808063507,-0.08808436989784241,0.12040785700082779,0.0820925235748291,-0.08808445930480957,0.12040787190198898,False,False,2.0201997831463814,1.756099984049797,1.0,0.0,1.0,1.0,0.0,798.6353759765625,149.54258728027344,798.6353759765625,149.54258728027344,False,False,-0.1304470970030666,-0.3587352310013586,0.11298597843074669,False,,False,timeout
90,1787624572.7463408,5.536233300343156,0.061299700289964676,16.313293462606197,True,57,0.016459899954497814,0.06915620062500238,14.460019361423175,False,False,False,,3.854942798614502,2.638141632080078,7.4032368659973145,1.4268418550491333,,,3.749351739883423,True,0.132048566,0.749402418931,0,1.0,0.95346599817276,1.381700873374939,0.132048562169075,0.12590381503105164,0.18245162069797516,0.132048562169075,0.12590381503105164,0.18245162069797516,0.11952969431877136,0.07227887213230133,0.13968387246131897,0.11952969431877136,0.07227887213230133,0.13968387246131897,0.11952972412109375,0.07227897644042969,0.13968394696712494,False,False,2.464200370013714,1.9159000366926193,1.0,0.0,1.0,1.0,0.0,819.5314331054688,149.5330352783203,819.5314331054688,149.5330352783203,False,False,-0.12235458530914838,-0.3646504379258366,0.11295756713029262,False,,False,timeout
91,1787624572.8076239,5.59745420049876,0.061220900155603886,16.334291025749717,True,58,0.004045000299811363,0.06809499952942133,14.685366134233352,False,False,False,,3.9744725227355957,2.710420608520508,7.580874443054199,1.4259196519851685,,,3.8283257484436035,True,0.132048566,0.749402418931,0,1.0,-0.6424083113670349,1.188565731048584,0.132048562169075,-0.08482909202575684,0.15694838762283325,0.132048562169075,-0.08482909202575684,0.15694838762283325,0.1289113610982895,-0.04545819014310837,0.13669157028198242,0.1289113610982895,-0.04545819014310837,0.13669157028198242,0.12891149520874023,-0.045458078384399414,0.13669165968894958,False,False,2.05290038138628,2.0219003781676292,1.0,0.0,1.0,1.0,0.0,837.7216186523438,149.43637084960938,837.7216186523438,149.43637084960938,False,False,-0.11527160581455152,-0.36977055169150136,0.11295923961243064,False,,False,timeout
92,1787624572.8691885,5.658580300398171,0.0611260998994112,16.359623821012544,True,59,0.0010010004043579102,0.07363140024244785,13.581162339807152,False,False,False,,4.103384017944336,2.6649625301361084,7.781885147094727,1.4246751070022583,,,3.8819689750671387,True,0.132048566,0.749402418931,0,1.0,-0.21511012315750122,1.0228745937347412,0.132048562169075,-0.02840498276054859,0.1350691169500351,0.132048562169075,-0.02840498276054859,0.1350691169500351,0.1312624216079712,-0.03267844766378403,0.13526900112628937,0.1312624216079712,-0.03267844766378403,0.13526900112628937,0.13126230239868164,-0.03267836570739746,0.13526886701583862,False,False,2.3017004132270813,1.9092997536063194,1.0,0.0,1.0,1.0,0.0,858.3050537109375,149.3059539794922,858.3050537109375,149.3059539794922,False,False,-0.10723672713027085,-0.3755652044954785,0.11296731611639524,False,,False,timeout
93,1787624572.927428,5.720402400009334,0.06182209961116314,16.175445452186345,False,,,,,False,False,False,,4.234646320343018,2.632284164428711,7.982047080993652,1.4265090227127075,,,3.9366109371185303,True,0.132048566,0.749402418931,0,1.0,-0.8217302560806274,1.2943109273910522,0.132048562169075,-0.10850829631090164,0.17091189324855804,0.132048562169075,-0.10850829631090164,0.17091189324855804,0.13185152411460876,-0.08950550109148026,0.15936140716075897,0.13185152411460876,-0.08950550109148026,0.15936140716075897,0.1318516731262207,-0.08950543403625488,0.15936149656772614,False,False,1.6625002026557922,1.3932008296251297,1.0,0.0,1.0,1.0,0.0,878.8016967773438,149.49813842773438,878.8016967773438,149.49813842773438,False,False,-0.09931846209349267,-0.38148358696409645,0.1129115331696568,False,,False,timeout
94,1787624572.9904754,5.781341100111604,0.06093870010226965,16.409933233261654,True,60,0.05459639988839626,0.06416899990290403,15.583848922581447,False,False,False,,4.366497993469238,2.542778730392456,8.159253120422363,1.425524353981018,,,3.953890323638916,True,0.132048566,0.749402418931,0,1.0,-0.14201301336288452,1.0100334882736206,0.132048562169075,-0.01875261403620243,0.1333734691143036,0.132048562169075,-0.01875261403620243,0.1333734691143036,0.13199922442436218,-0.036483097821474075,0.13694821298122406,0.13199922442436218,-0.036483097821474075,0.13694821298122406,0.13199901580810547,-0.036483049392700195,0.13694798946380615,False,False,2.2373003885149956,2.0089996978640556,0.5,0.0,0.5,1.0,0.0,866.2275390625,149.3949432373047,866.2275390625,149.3949432373047,False,False,-0.09221406838525886,-0.38661495303526505,0.11291362315995582,False,,False,timeout
95,1787624573.0538802,5.842689500190318,0.061348400078713894,16.30034359032895,True,61,0.05152300000190735,0.06944289989769459,14.400320284337646,False,False,False,,4.498497009277344,2.506295680999756,8.356999397277832,1.426629900932312,,,4.006709098815918,True,0.132048566,0.749402418931,0,1.0,-1.0,1.4142135381698608,0.132048562169075,-0.132048562169075,0.18674486875534058,0.132048562169075,-0.132048562169075,0.18674486875534058,0.13203614950180054,-0.10810007154941559,0.1706434041261673,0.13203614950180054,-0.10810007154941559,0.1706434041261673,0.1320362091064453,-0.10810017585754395,0.17064350843429565,False,False,2.965199761092663,1.453799195587635,0.5,0.0,0.5,0.5,0.0,886.4767456054688,149.5108184814453,886.4767456054688,149.5108184814453,False,False,-0.08434293119639467,-0.3924495298379709,0.11294662273654724,False,,False,timeout
96,1787624573.1000652,5.893031200394034,0.050341700203716755,19.864247650622048,True,62,0.03406929969787598,0.06414289958775043,15.590190129025178,False,False,False,,4.630533218383789,2.398195505142212,8.422131538391113,1.4235600233078003,,,3.914860486984253,True,0.132048566,0.749402418931,0,1.0,-1.0,1.4142135381698608,0.132048562169075,-0.132048562169075,0.18674486875534058,0.132048562169075,-0.132048562169075,0.18674486875534058,0.1320454627275467,-0.12604714930057526,0.18254831433296204,0.1320454627275467,-0.12604714930057526,0.18254831433296204,0.13204526901245117,-0.12604713439941406,0.1825481653213501,False,False,1.6387002542614937,0.9808000177145004,0.5,0.0,0.5,0.5,0.0,893.1463012695312,149.1890869140625,893.1463012695312,149.1890869140625,False,False,-0.08163809735288519,-0.3942196363216232,0.11295255894476837,False,,False,timeout
97,1787624573.1605835,5.950512200593948,0.05748100019991398,17.39705287872664,True,63,0.010447400622069836,0.0677963001653552,14.750067445583307,False,False,False,,4.76257848739624,2.272148370742798,8.505402565002441,1.4237117767333984,,,3.837782859802246,True,0.132048566,0.749402418931,0,1.0,-0.24814796447753906,1.0303287506103516,0.132048562169075,-0.032767582684755325,0.1360534280538559,0.132048562169075,-0.032767582684755325,0.1360534280538559,0.13204772770404816,-0.05614320933818817,0.14348749816417694,0.13204772770404816,-0.05614320933818817,0.14348749816417694,0.1320476531982422,-0.05614328384399414,0.14348745346069336,False,False,2.323899418115616,1.7400998622179031,1.0,0.0,1.0,0.5,0.0,932.3932495117188,149.20498657226562,932.3932495117188,149.20498657226562,False,False,-0.07830739657227404,-0.3966669997212794,0.1129717781163542,False,,False,timeout
98,1787624573.2207592,6.011677000671625,0.06116480007767677,16.34927276358365,False,,,,,False,False,False,,4.894626140594482,2.2160050868988037,8.604469299316406,1.4232969284057617,,,3.7935898303985596,True,0.132048566,0.749402418931,0,1.0,-1.0,1.4142135381698608,0.132048562169075,-0.132048562169075,0.18674486875534058,0.132048562169075,-0.132048562169075,0.18674486875534058,0.1320483237504959,-0.11302687972784042,0.17381551861763,0.1320483237504959,-0.11302687972784042,0.17381551861763,0.1320481300354004,-0.11302685737609863,0.17381536960601807,False,False,2.7150996029376984,2.040899358689785,1.0,0.0,1.0,1.0,0.0,942.5377197265625,149.16152954101562,942.5377197265625,149.16152954101562,False,False,-0.07432265779714177,-0.3995543092019607,0.1129736328637391,False,,False,timeout
99,1787624573.2853901,6.073192900046706,0.06151589937508106,16.25596000641553,True,64,0.05298499949276447,0.08111190050840378,12.328647137251984,False,False,False,,5.026674270629883,2.102978229522705,8.825520515441895,1.426121711730957,,,3.8586742877960205,True,0.132048566,0.749402418931,0,1.0,-1.0,1.4142135381698608,0.132048562169075,-0.132048562169075,0.18674486875534058,0.132048562169075,-0.132048562169075,0.18674486875534058,0.13204845786094666,-0.1272817701101303,0.18340513110160828,0.13204845786094666,-0.1272817701101303,0.18340513110160828,0.1320486068725586,-0.1272817850112915,0.18340525031089783,False,False,2.96150054782629,2.014799974858761,1.0,0.0,1.0,1.0,0.0,965.1732788085938,149.45755004882812,965.1732788085938,149.45755004882812,False,False,-0.06553873073727201,-0.40617406624754854,0.11292149109105325,False,,False,timeout
100,1787624573.3467581,6.134473400190473,0.0612805001437664,16.31840467447168,True,65,0.04998849984258413,0.08041329961270094,12.435753846892936,False,False,False,,5.158722877502441,1.9756964445114136,9.028409957885742,1.4253259897232056,,,3.9086296558380127,True,0.132048566,0.749402418931,0,1.0,-1.0,1.4142135381698608,0.132048562169075,-0.132048562169075,0.18674486875534058,0.132048562169075,-0.132048562169075,0.18674486875534058,0.1320485770702362,-0.13085401058197021,0.18590211868286133,0.1320485770702362,-0.13085401058197021,0.18590211868286133,0.1320486068725586,-0.13085401058197021,0.18590214848518372,False,False,2.965100109577179,2.238299697637558,0.5,0.0,0.5,1.0,0.0,955.2291870117188,149.37416076660156,955.2291870117188,149.37416076660156,False,False,-0.05735273847893783,-0.41210946929110576,0.11292380567715855,False,,False,timeout
101,1787624573.3932478,6.18513619992882,0.05066279973834753,19.738348554848677,True,66,0.03425449971109629,0.06399700045585632,15.625732344905403,False,False,False,,5.290771484375,1.8448424339294434,9.177034378051758,1.425778865814209,,,3.9087917804718018,True,0.132048566,0.749402418931,0,1.0,-1.0,1.4142135381698608,0.132048562169075,-0.132048562169075,0.18674486875534058,0.132048562169075,-0.132048562169075,0.18674486875534058,0.1320485770702362,-0.1317492127418518,0.18653331696987152,0.1320485770702362,-0.1317492127418518,0.18653331696987152,0.1320486068725586,-0.13174915313720703,0.18653330206871033,False,False,1.8199002370238304,0.9416993707418442,1.0,0.5,1.1180340051651,0.5,0.0,1001.1683349609375,180.8616180419922,1001.1683349609375,180.8616180419922,False,False,-0.051380064810947146,-0.41651060829038306,0.11293021848375717,False,,False,timeout
102,1787624573.4494483,6.242383000440896,0.057246800512075424,17.468225141928478,True,67,0.024229800328612328,0.06639729999005795,15.060853380329258,False,False,False,,5.422820091247559,1.7130932807922363,9.272960662841797,1.4237018823623657,,,3.8610010147094727,True,0.132048566,0.749402418931,0,1.0,-0.47266870737075806,1.106081247329712,0.132048562169075,-0.0624152235686779,0.14605644345283508,0.132048562169075,-0.0624152235686779,0.14605644345283508,0.1320485770702362,-0.0797901377081871,0.15428316593170166,0.1320485770702362,-0.0797901377081871,0.15428316593170166,0.1320486068725586,-0.07979011535644531,0.15428316593170166,False,False,1.5819007530808449,0.9287996217608452,0.5,0.0,0.5,1.0,0.5,980.271240234375,149.20394897460938,980.271240234375,149.20394897460938,False,False,-0.04744449185130486,-0.4192483018540238,0.11295330418114387,False,,False,timeout
103,1787624573.5126219,6.303583400323987,0.06120039988309145,16.339762516425676,True,68,0.009260599501430988,0.06727019976824522,14.865423373873318,False,False,False,,5.554868698120117,1.633303165435791,9.468392372131348,1.5290755033493042,,,3.9149112701416016,True,0.132048566,0.749402418931,0,1.0,-0.5462214350700378,1.1394550800323486,0.132048562169075,-0.07212775200605392,0.15046340227127075,0.132048562169075,-0.07212775200605392,0.15046340227127075,0.1320485770702362,-0.07404792308807373,0.15139326453208923,0.1320485770702362,-0.07404792308807373,0.15139326453208923,0.1320486068725586,-0.07404792308807373,0.15139329433441162,False,False,2.5328006595373154,1.7431005835533142,1.0,1.0,1.4142135381698608,0.5,0.0,1031.00341796875,223.1271209716797,1031.00341796875,223.1271209716797,False,False,-0.04295958537760948,-0.4297320773073052,0.11277812929862294,False,,False,timeout
104,1787624573.5749362,6.364769900217652,0.061186499893665314,16.343474487638257,True,69,0.0006606997922062874,0.07617899961769581,13.126977316826139,False,False,False,,5.686917304992676,1.5592552423477173,9.54609489440918,1.5200577974319458,,,3.8593766689300537,True,0.132048566,0.749402418931,0,1.0,-1.0,1.4142135381698608,0.132048562169075,-0.132048562169075,0.18674486875534058,0.132048562169075,-0.132048562169075,0.18674486875534058,0.1320485770702362,-0.1175137385725975,0.17676624655723572,0.1320485770702362,-0.1175137385725975,0.17676624655723572,0.1320486068725586,-0.11751377582550049,0.1767662912607193,False,False,2.5033997371792793,1.8672002479434013,1.0,1.0,1.4142135381698608,1.0,1.0,1038.960205078125,222.1820526123047,1038.960205078125,222.1820526123047,False,False,-0.03953046545584094,-0.43162760828071844,0.11277239391618367,False,,False,timeout
105,1787624573.6341295,6.426095700822771,0.061325800605118275,16.30635051043328,False,,,,,False,False,False,,5.818965911865234,1.4417414665222168,9.7799654006958,1.7516273260116577,,,3.9731028079986572,True,0.132048566,0.749402418931,0,1.0,0.39705586433410645,1.0759429931640625,0.132048562169075,0.0524306558072567,0.14207673072814941,0.132048562169075,0.0524306558072567,0.14207673072814941,0.1320485770702362,0.009842995554208755,0.13241492211818695,0.1320485770702362,0.009842991828918457,0.13241492211818695,0.1320486068725586,0.009842991828918457,0.13241495192050934,False,False,2.476099878549576,1.206899993121624,1.0,0.5,1.1180340051651,1.0,1.0,1062.908447265625,215.0105438232422,1062.908447265625,215.0105438232422,False,False,-0.03757575806700178,-0.44886840353489643,0.11227616120845388,False,,False,timeout
106,1787624573.6975036,6.487278300337493,0.061182599514722824,16.344516380991013,True,70,0.05610429961234331,0.06978200003504753,14.330343061215741,False,False,False,,5.951014518737793,1.4515844583511353,9.970975875854492,1.948333740234375,,,4.050536632537842,True,0.132048566,0.749402418931,0,1.0,-1.0,1.4142135381698608,0.132048562169075,-0.132048562169075,0.18674486875534058,0.132048562169075,-0.132048562169075,0.18674486875534058,0.1320485770702362,-0.09649088233709335,0.16354607045650482,0.1320485770702362,-0.09649088233709335,0.16354607045650482,0.1320486068725586,-0.09649085998535156,0.16354608535766602,False,False,2.9062004759907722,1.4492003247141838,1.0,0.5,1.1180340051651,1.0,0.5,1082.468017578125,235.6253662109375,1082.468017578125,235.6253662109375,False,False,-0.03622712434246989,-0.4632577684378581,0.11236429140408352,False,,False,timeout
107,1787624573.7607012,6.548517300747335,0.06123900040984154,16.32946314125815,True,71,0.04413409996777773,0.06743380054831505,14.82935845034448,False,False,False,,6.083063125610352,1.3550935983657837,10.14346694946289,2.013805389404297,,,4.113487720489502,True,0.132048566,0.749402418931,0,1.0,-1.0,1.4142135381698608,0.132048562169075,-0.132048562169075,0.18674486875534058,0.132048562169075,-0.132048562169075,0.18674486875534058,0.1320485770702362,-0.12313788384199142,0.18055404722690582,0.1320485770702362,-0.12313788384199142,0.18055404722690582,0.1320486068725586,-0.12313783168792725,0.18055403232574463,False,False,2.8504999354481697,2.1289000287652016,1.0,0.0,1.0,1.0,0.5,1100.1309814453125,211.0467987060547,1100.1309814453125,211.0467987060547,False,False,-0.03138531689410267,-0.47127536582029583,0.11261027778008573,False,,False,timeout
108,1787624573.8200583,6.609931600280106,0.06141429953277111,16.282852814536994,True,72,0.024625100195407867,0.07283770013600588,13.729153970165921,False,False,False,,6.21511173248291,1.2319557666778564,10.35586929321289,2.108288288116455,,,4.232473850250244,True,0.132048566,0.749402418931,0,1.0,-0.6805737614631653,1.2096199989318848,0.132048562169075,-0.08986878395080566,0.15972858667373657,0.132048562169075,-0.08986878395080566,0.15972858667373657,0.1320485770702362,-0.09820592403411865,0.16456376016139984,0.1320485770702362,-0.09820592403411865,0.16456376016139984,0.1320486068725586,-0.09820592403411865,0.16456377506256104,False,False,1.9608000293374062,1.7201993614435196,0.5,0.5,0.7071067690849304,1.0,0.0,1091.1610107421875,252.3885955810547,1091.1610107421875,252.3885955810547,False,False,-0.025870250248534694,-0.48176357684230764,0.11263771008484708,False,,False,timeout
109,1787624573.8802922,6.671223999932408,0.061292399652302265,16.315236565590038,True,73,0.0167239997535944,0.08092219941318035,12.357548450878156,False,False,False,,6.347160339355469,1.1337498426437378,10.542302131652832,2.097062110900879,,,4.304321765899658,True,0.132048566,0.749402418931,0,1.0,0.027164891362190247,1.0003688335418701,0.132048562169075,0.003587084822356701,0.1320972740650177,0.132048562169075,0.003587084822356701,0.1320972740650177,0.1320485770702362,-0.021921996027231216,0.1338558942079544,0.1320485770702362,-0.021921992301940918,0.1338558942079544,0.1320486068725586,-0.021921992301940918,0.1338559240102768,False,False,2.068399451673031,0.9829001501202583,0.5,0.0,0.5,0.5,0.5,1110.2518310546875,219.77212524414062,1110.2518310546875,219.77212524414062,False,False,-0.017969547213138683,-0.48682115327433845,0.1127464927014662,False,,False,timeout
110,1787624573.942626,6.732542900368571,0.06131890043616295,16.308185451581384,True,74,0.010471600107848644,0.06919279973953962,14.452370821303226,False,False,False,,6.479208946228027,1.1118278503417969,10.620529174804688,2.1991918087005615,,,4.281692981719971,True,0.132048566,0.749402418931,0,1.0,0.22608041763305664,1.0252376794815063,0.132048562169075,0.029853593558073044,0.13538116216659546,0.132048562169075,0.029853593558073044,0.13538116216659546,0.1320485770702362,0.016878757625818253,0.13312295079231262,0.1320485770702362,0.016878757625818253,0.13312295079231262,0.1320486068725586,0.016878724098205566,0.13312296569347382,False,False,2.3523997515439987,1.7678998410701752,0.5,0.0,0.5,0.5,0.0,1118.26220703125,230.4752960205078,1118.26220703125,230.4752960205078,False,False,-0.018125412087734372,-0.4936541549716153,0.11286280082712026,False,,False,timeout
111,1787624574.0040274,6.7938985005021095,0.061355600133538246,16.298430751610873,True,75,0.0037925001233816147,0.06757520046085119,14.798328279904059,False,False,False,,6.611257553100586,1.1287065744400024,10.713224411010742,2.1854279041290283,,,4.235893249511719,True,0.132048566,0.749402418931,0,1.0,1.0,1.4142135381698608,0.132048562169075,0.132048562169075,0.18674486875534058,0.132048562169075,0.132048562169075,0.18674486875534058,0.1320485770702362,0.10318727791309357,0.1675841361284256,0.1320485770702362,0.10318727791309357,0.1675841361284256,0.1320486068725586,0.10318732261657715,0.16758418083190918,False,False,2.345600165426731,2.0385002717375755,0.5,0.5,0.7071067690849304,0.5,0.0,1127.754150390625,260.47283935546875,1127.754150390625,260.47283935546875,False,False,-0.013927701156413277,-0.49581383139423113,0.11285491594462184,False,,False,timeout
112,1787624574.0648246,6.855302200652659,0.06140370015054941,16.285663527575746,False,,,,,False,False,False,,6.7433061599731445,1.2318938970565796,10.819021224975586,2.1884496212005615,,,4.186460494995117,True,0.132048566,0.749402418931,0,1.0,1.0,1.4142135381698608,0.132048562169075,0.132048562169075,0.18674486875534058,0.132048562169075,0.132048562169075,0.18674486875534058,0.1320485770702362,0.12481600046157837,0.18170267343521118,0.1320485770702362,0.12481600046157837,0.18170267343521118,0.1320486068725586,0.12481606006622314,0.18170273303985596,False,False,2.2182995453476906,2.7091996744275093,0.5,1.0,1.1180340051651,0.5,0.5,1138.5877685546875,292.22955322265625,1138.5877685546875,292.22955322265625,False,False,-0.009741910412319536,-0.49910623923545433,0.11297717679610057,False,,False,timeout
113,1787624574.1260786,6.917021100409329,0.06171889975667,16.202492331239743,True,76,0.06086309999227524,0.06804030016064644,14.697172082412212,False,False,False,,6.875354766845703,1.3567099571228027,10.912569046020508,2.30633282661438,,,4.14739465713501,True,0.132048566,0.749402418931,0,1.0,-1.0,1.4142135381698608,0.132048562169075,-0.132048562169075,0.18674486875534058,0.132048562169075,-0.132048562169075,0.18674486875534058,0.1320485770702362,-0.06767891347408295,0.14838215708732605,0.1320485770702362,-0.06767891347408295,0.14838215708732605,0.1320486068725586,-0.06767892837524414,0.14838217198848724,False,False,2.431800588965416,1.477699726819992,1.0,0.5,1.1180340051651,0.5,1.0,1178.8870849609375,273.1436767578125,1178.8870849609375,273.1436767578125,False,False,-0.009795696931593963,-0.5070847309141518,0.11289910239785497,False,,False,timeout
114,1787624574.1910517,6.978757600300014,0.06173649989068508,16.197873247927387,True,77,0.05195910017937422,0.06636760011315346,15.067593197509774,False,False,False,,7.007403373718262,1.2890310287475586,11.023425102233887,2.521475315093994,,,4.2008748054504395,True,0.132048566,0.749402418931,0,1.0,1.0,1.4142135381698608,0.132048562169075,0.132048562169075,0.18674486875534058,0.132048562169075,0.132048562169075,0.18674486875534058,0.1320485770702362,0.0819973349571228,0.15543612837791443,0.1320485770702362,0.0819973349571228,0.15543612837791443,0.1320486068725586,0.08199739456176758,0.1554361879825592,False,False,2.945699729025364,1.9560996443033218,0.5,1.0,1.1180340051651,1.0,0.5,1159.518798828125,327.130615234375,1159.518798828125,327.130615234375,False,False,-0.012314051666309054,-0.5198279155086187,0.11283023860395842,False,,False,timeout
115,1787624574.2380362,7.028339100070298,0.0495814997702837,20.168813057957205,True,78,0.03227199986577034,0.07031989935785532,14.220725699720326,False,False,False,,7.13945198059082,1.3710284233093262,11.178021430969238,2.588991403579712,,,4.218231678009033,True,0.132048566,0.749402418931,0,1.0,-0.21042273938655853,1.0218991041183472,0.132048562169075,-0.027786020189523697,0.13494029641151428,0.132048562169075,-0.027786020189523697,0.13494029641151428,0.1320485770702362,-0.0002745632082223892,0.1320488601922989,0.1320485770702362,-0.00027456134557724,0.1320488601922989,0.1320486068725586,-0.0002745389938354492,0.13204888999462128,False,False,1.8109995871782303,1.499599777162075,0.5,0.5,0.7071067690849304,0.5,1.0,1175.3494873046875,302.76629638671875,1175.3494873046875,302.76629638671875,False,False,-0.008260826625269238,-0.527404603423632,0.11276224084042637,False,,False,timeout
116,1787624574.294881,7.086781200021505,0.05844209995120764,17.11095256390314,True,79,0.018306399695575237,0.06926560029387474,14.437180877048307,False,False,False,,7.271500587463379,1.3707538843154907,11.299541473388672,2.769463539123535,,,4.26397705078125,True,0.132048566,0.749402418931,0,1.0,-0.15626096725463867,1.0121351480484009,0.132048562169075,-0.020634036511182785,0.1336509883403778,0.132048562169075,-0.020634036511182785,0.1336509883403778,0.1320485770702362,-0.015531995333731174,0.13295890390872955,0.1320485770702362,-0.015531995333731174,0.13295890390872955,0.1320486068725586,-0.01553201675415039,0.13295893371105194,False,False,1.9891997799277306,1.7654001712799072,0.5,0.5,0.7071067690849304,0.5,0.5,1187.7930908203125,321.6797790527344,1187.7930908203125,321.6797790527344,False,False,-0.009220762024306543,-0.5389116053460231,0.11275541634448075,False,,False,timeout
117,1787624574.3585184,7.148416500538588,0.061635300517082214,16.224468634217985,True,80,0.005213700234889984,0.07240760046988726,13.810704863999439,False,False,False,,7.4035491943359375,1.3552218675613403,11.3628568649292,2.8651580810546875,,,4.237454891204834,True,0.132048566,0.749402418931,0,1.0,-1.0,1.4142135381698608,0.132048562169075,-0.132048562169075,0.18674486875534058,0.132048562169075,-0.132048562169075,0.18674486875534058,0.1320485770702362,-0.1028497964143753,0.1673765480518341,0.1320485770702362,-0.1028497964143753,0.1673765480518341,0.1320486068725586,-0.10284984111785889,0.1673765927553177,False,False,2.344300039112568,1.7256997525691986,0.5,0.5,0.7071067690849304,0.5,0.5,1194.276611328125,331.70855712890625,1194.276611328125,331.70855712890625,False,False,-0.009774134181875973,-0.5449692488276202,0.11265436679072544,False,,False,timeout
118,1787624574.421023,7.209926700219512,0.061510199680924416,16.25746632570469,False,,,,,False,False,False,,7.535597801208496,1.2523720264434814,11.475728988647461,2.9514989852905273,,,4.290881633758545,True,0.132048566,0.749402418931,0,1.0,1.0,1.4142135381698608,0.132048562169075,0.132048562169075,0.18674486875534058,0.132048562169075,0.132048562169075,0.18674486875534058,0.1320485770702362,0.0731835886836052,0.1509723961353302,0.1320485770702362,0.07318359613418579,0.1509723961353302,0.1320486068725586,0.07318353652954102,0.1509723961353302,False,False,3.1797997653484344,3.2259002327919006,0.5,0.0,0.5,0.5,0.5,1205.8345947265625,309.31707763671875,1205.8345947265625,309.31707763671875,False,False,-0.008023613125063847,-0.5521003132228841,0.11287666358117256,False,,False,timeout
119,1787624574.4820194,7.271862200461328,0.061935500241816044,16.14582906565184,True,81,0.05764670018106699,0.07472859974950552,13.38175749782622,False,False,False,,7.667646408081055,1.3255555629730225,11.575260162353516,3.0463075637817383,,,4.269711017608643,True,0.132048566,0.749402418931,0,0.7467007637023926,0.9925104379653931,1.242030143737793,0.09860076010227203,0.13105957210063934,0.16400828957557678,0.09860076010227203,0.13105957210063934,0.16400828957557678,0.10698270797729492,0.11655597388744354,0.1582106053829193,0.10698270797729492,0.11655597388744354,0.1582106053829193,0.10698270797729492,0.11655592918395996,0.15821056067943573,False,False,2.538500353693962,2.0492998883128166,0.5,0.0,0.5,0.5,0.0,1216.0267333984375,319.2530212402344,1216.0267333984375,319.2530212402344,False,False,-0.007087517066493154,-0.5591933487427059,0.11290190110331573,False,,False,timeout
120,1787624574.5453691,7.3331177001819015,0.061255499720573425,16.325064762538172,True,82,0.04359409958124161,0.07138950005173683,14.007662181067074,False,False,False,,7.77462911605835,1.4421114921569824,11.669161796569824,3.020145893096924,,,4.202092170715332,True,0.132048566,0.749402418931,0,1.0,-1.0,1.4142135381698608,0.132048562169075,-0.132048562169075,0.18674486875534058,0.132048562169075,-0.132048562169075,0.18674486875534058,0.12576711177825928,-0.0697488784790039,0.1438133269548416,0.12576711177825928,-0.0697488784790039,0.1438133269548416,0.12576723098754883,-0.0697488784790039,0.14381343126296997,False,False,2.9766997322440147,2.207099460065365,1.0,-0.5,1.1180340051651,0.5,0.0,1256.3621826171875,285.0712890625,1256.3621826171875,285.0712890625,False,False,-0.002446060341015106,-0.5608805000870336,0.1128547690697742,False,,False,timeout
121,1787624574.6040466,7.394812799990177,0.0616950998082757,16.208742721992667,True,83,0.034249999560415745,0.07493169978260994,13.34548666186909,False,False,False,,7.900396347045898,1.3723626136779785,11.772095680236816,3.0155603885650635,,,4.205966472625732,True,0.132048566,0.749402418931,0,1.0,0.6431043744087219,1.1889420747756958,0.132048562169075,0.08492100983858109,0.15699809789657593,0.132048562169075,0.08492100983858109,0.15699809789657593,0.13047447800636292,0.04616110771894455,0.13839955627918243,0.13047447800636292,0.04616110771894455,0.13839955627918243,0.13047409057617188,0.04616105556488037,0.1383991837501526,False,False,1.7642993479967117,1.0277004912495613,1.0,-0.5,1.1180340051651,1.0,-0.5,1266.902587890625,284.5907287597656,1266.902587890625,284.5907287597656,False,False,0.001863127695924384,-0.5637754764288609,0.113008326101298,False,,False,timeout
122,1787624574.6633587,7.456312000751495,0.06149920076131821,16.26037391739537,True,84,0.024567500688135624,0.07103780005127192,14.077012509934775,False,False,False,,8.03087043762207,1.4185236692428589,11.996354103088379,2.8979761600494385,,,4.232474327087402,True,0.132048566,0.749402418931,0,1.0,-1.0,1.4142135381698608,0.132048562169075,-0.132048562169075,0.18674486875534058,0.132048562169075,-0.132048562169075,0.18674486875534058,0.13165399432182312,-0.08738966286182404,0.15801812708377838,0.13165399432182312,-0.08738966286182404,0.15801812708377838,0.1316537857055664,-0.08738970756530762,0.15801797807216644,False,False,1.6029998660087585,0.9758006781339645,0.5,0.5,0.7071067690849304,1.0,-0.5,1259.1466064453125,335.14788818359375,1259.1466064453125,335.14788818359375,False,False,0.014790953287904252,-0.5654321084093685,0.11299794839182786,False,,False,timeout
123,1787624574.7259192,7.51777380052954,0.061461799778044224,16.2702687459736,True,85,0.009666500613093376,0.07118789944797754,14.04733118626118,False,False,False,,8.162524223327637,1.3311339616775513,12.188104629516602,2.814605951309204,,,4.290219783782959,True,0.132048566,0.749402418931,0,1.0,-0.6170374155044556,1.1750469207763672,0.132048562169075,-0.08147890120744705,0.1551632583141327,0.132048562169075,-0.08147890120744705,0.1551632583141327,0.13194963335990906,-0.08296012878417969,0.15586240589618683,0.13194963335990906,-0.08296012878417969,0.15586240589618683,0.13194942474365234,-0.08296012878417969,0.1558622270822525,False,False,2.1525993943214417,1.6843006014823914,0.5,0.0,0.5,0.5,0.5,1278.7818603515625,294.970703125,1278.7818603515625,294.970703125,False,False,0.02532176590878722,-0.5675995623505813,0.1129398137483606,False,,False,timeout
124,1787624574.7877452,7.578664599917829,0.06089079938828945,16.42284236774728,True,86,0.006987500004470348,0.0763626005500555,13.095415724409522,False,False,False,,8.294473648071289,1.2481738328933716,12.263747215270996,2.942195415496826,,,4.315650939941406,True,0.132048566,0.749402418931,0,1.0,-0.9973970651626587,1.4123742580413818,0.132048562169075,-0.13170485198497772,0.18650197982788086,0.132048562169075,-0.13170485198497772,0.18650197982788086,0.13202372193336487,-0.11948954313993454,0.17806744575500488,0.13202372193336487,-0.11948954313993454,0.17806744575500488,0.13202381134033203,-0.11948955059051514,0.17806752026081085,False,False,2.199399285018444,0.9527998045086861,0.5,0.0,0.5,0.5,0.0,1286.5277099609375,308.34210205078125,1286.5277099609375,308.34210205078125,False,False,0.02419760548755373,-0.5754158167752552,0.11299921718629416,False,,False,timeout
125,1787624574.8482938,7.64025910012424,0.061594500206410885,16.235215752199867,False,,,,,False,False,False,,8.426497459411621,1.1286842823028564,12.357868194580078,2.9207615852355957,,,4.320557594299316,True,0.132048566,0.749402418931,0,1.0,-0.9097415804862976,1.3518985509872437,0.132048562169075,-0.12013006955385208,0.17851625382900238,0.132048562169075,-0.12013006955385208,0.17851625382900238,0.13204234838485718,-0.11996954679489136,0.17840369045734406,0.13204234838485718,-0.11996954679489136,0.17840369045734406,0.13204193115234375,-0.11996960639953613,0.17840340733528137,False,False,2.8280001133680344,1.1894004419445992,0.5,0.5,0.7071067690849304,0.5,0.0,1296.165771484375,337.53582763671875,1296.165771484375,337.53582763671875,False,False,0.028731446684872118,-0.5773318046233531,0.11288906015699163,False,,False,timeout
126,1787624574.9120839,7.701947200112045,0.06168809998780489,16.210581946885863,True,87,0.0579368993639946,0.06357149966061115,15.730319488114878,False,False,False,,8.558539390563965,1.0087146759033203,12.462882995605469,2.928109884262085,,,4.3506293296813965,True,0.132048566,0.749402418931,0,1.0,-1.0,1.4142135381698608,0.132048562169075,-0.132048562169075,0.18674486875534058,0.132048562169075,-0.132048562169075,0.18674486875534058,0.1320468932390213,-0.12902159988880157,0.18461570143699646,0.1320468932390213,-0.12902159988880157,0.18461570143699646,0.13204669952392578,-0.12902158498764038,0.18461555242538452,False,False,2.5412002578377724,2.067999914288521,0.0,1.0,1.0,0.5,0.5,1276.19921875,369.74591064453125,1276.19921875,369.74591064453125,False,False,0.03276424048541151,-0.5808263490460643,0.11288331450346228,False,,False,timeout
127,1787624574.975377,7.763136500492692,0.06118930038064718,16.342726486153417,True,88,0.05044330004602671,0.07259420026093721,13.775205132166708,False,False,False,,8.69058609008789,0.8796930909156799,12.546577453613281,3.047956943511963,,,4.423803329467773,True,0.132048566,0.749402418931,0,1.0,0.8559112548828125,1.3162765502929688,0.132048562169075,0.1130218505859375,0.17381243407726288,0.132048562169075,0.1130218505859375,0.17381243407726288,0.1320480853319168,0.05236635357141495,0.142052561044693,0.1320480853319168,0.05236634612083435,0.142052561044693,0.1320476531982422,0.05236631631851196,0.14205214381217957,False,False,3.9619002491235733,1.3621998950839043,0.0,0.5,0.5,0.0,1.0,1284.76953125,350.86590576171875,1284.76953125,350.86590576171875,False,False,0.032216737473678904,-0.5885424966944486,0.1130172866031986,False,,False,timeout
128,1787624575.0376847,7.8243665006011724,0.061230000108480453,16.33186343668646,True,89,0.044498300179839134,0.0684136999770999,14.616955380789664,False,False,False,,8.822633743286133,0.9320594072341919,12.533318519592285,3.2608797550201416,,,4.380934238433838,True,0.132048566,0.749402418931,0,1.0,1.0,1.4142135381698608,0.132048562169075,0.132048562169075,0.18674486875534058,0.132048562169075,0.132048562169075,0.18674486875534058,0.1320483237504959,0.11208038032054901,0.1732015311717987,0.1320483237504959,0.11208038032054901,0.1732015311717987,0.1320486068725586,0.11208033561706543,0.17320172488689423,False,False,2.942499704658985,2.2245999425649643,0.0,0.5,0.5,0.0,0.5,1283.411865234375,373.1802062988281,1283.411865234375,373.1802062988281,False,False,0.024668987243386058,-0.5973209442249202,0.11290367256413383,False,,False,timeout
129,1787624575.095304,7.886174200102687,0.061807699501514435,16.179214047199697,True,90,0.02807480003684759,0.06717579998075962,14.886313230157562,False,False,False,,8.954682350158691,1.0441397428512573,12.525124549865723,3.333805561065674,,,4.2415361404418945,True,0.132048566,0.749402418931,0,1.0,0.514039933681488,1.1243829727172852,0.132048562169075,0.06787823140621185,0.14847315847873688,0.132048562169075,0.06787823140621185,0.14847315847873688,0.1320485770702362,0.07895516604185104,0.15385299921035767,0.1320485770702362,0.07895516604185104,0.15385299921035767,0.1320486068725586,0.07895517349243164,0.15385302901268005,False,False,2.241699956357479,1.9871992990374565,0.5,0.0,0.5,0.0,0.5,1313.292724609375,349.3828125,1313.292724609375,349.3828125,False,False,0.02194273384807009,-0.600209086225011,0.1128417459439858,False,,False,timeout
130,1787624575.1549041,7.947806200012565,0.06163199990987778,16.225337510745447,True,91,0.021350800059735775,0.07823699992150068,12.781676201839959,False,False,False,,9.08673095703125,1.123094916343689,12.535185813903809,3.418961524963379,,,4.142806053161621,True,0.132048566,0.749402418931,0,1.0,1.0,1.4142135381698608,0.132048562169075,0.132048562169075,0.18674486875534058,0.132048562169075,0.132048562169075,0.18674486875534058,0.1320485770702362,0.11874347925186157,0.1775861531496048,0.1320485770702362,0.11874347925186157,0.1775861531496048,0.1320486068725586,0.11874353885650635,0.17758621275424957,False,False,1.8536997959017754,0.9608995169401169,1.0,0.0,1.0,0.5,0.0,1345.0430908203125,358.30718994140625,1345.0430908203125,358.30718994140625,False,False,0.019559019435225405,-0.6041698840946069,0.11294999804821307,False,,False,timeout
131,1787624575.218424,8.00928240083158,0.0614762008190155,16.26645737175556,True,92,0.014637000858783722,0.06835060007870197,14.63044945982266,False,False,False,,9.218779563903809,1.2418384552001953,12.661009788513184,3.4047412872314453,,,4.0653533935546875,True,0.132048566,0.749402418931,0,1.0,-0.06485903263092041,1.0021010637283325,0.132048562169075,-0.008564542047679424,0.13232600688934326,0.132048562169075,-0.008564542047679424,0.13232600688934326,0.1320485770702362,0.023338554427027702,0.13409516215324402,0.1320485770702362,0.02333855628967285,0.13409516215324402,0.1320486068725586,0.02333855628967285,0.1340951919555664,False,False,1.8837004899978638,1.1793999001383781,0.5,1.0,1.1180340051651,1.0,0.0,1327.2073974609375,419.6968688964844,1327.2073974609375,419.6968688964844,False,False,0.025124596697055992,-0.6073667967240552,0.11285820266531255,False,,False,timeout
132,1787624575.2804043,8.071297000162303,0.062014599330723286,16.12523519932797,True,93,0.007607500068843365,0.06819279957562685,14.664304827241839,False,False,False,,9.350828170776367,1.2651770114898682,12.881570816040039,3.4242019653320312,,,4.138542175292969,True,0.132048566,0.749402418931,0,1.0,1.0,1.4142135381698608,0.132048562169075,0.132048562169075,0.18674486875534058,0.132048562169075,0.132048562169075,0.18674486875534058,0.1320485770702362,0.1048060953617096,0.16858571767807007,0.1320485770702362,0.1048060953617096,0.16858571767807007,0.1320486068725586,0.10480606555938721,0.16858571767807007,False,False,1.9100001081824303,1.7117001116275787,1.0,0.0,1.0,0.5,1.0,1380.512939453125,358.85638427734375,1380.512939453125,358.85638427734375,False,False,0.03343681992112673,-0.6148851872944505,0.11296035527069653,False,,False,timeout
133,1787624575.3407483,8.132692300714552,0.061395300552248955,16.287891597647196,True,94,0.0033712005242705345,0.0690411003306508,14.484126052609417,False,False,False,,9.482876777648926,1.3699830770492554,12.963285446166992,3.6311511993408203,,,4.1504364013671875,True,0.132048566,0.749402418931,0,1.0,1.0,1.4142135381698608,0.132048562169075,0.132048562169075,0.18674486875534058,0.132048562169075,0.132048562169075,0.18674486875534058,0.1320485770702362,0.12522165477275848,0.18198156356811523,0.1320485770702362,0.12522165477275848,0.18198156356811523,0.1320486068725586,0.1252216100692749,0.18198156356811523,False,False,1.636400818824768,1.6975002363324165,1.0,0.0,1.0,1.0,0.0,1388.8804931640625,380.5446472167969,1388.8804931640625,380.5446472167969,False,False,0.029946280931856993,-0.6262191117972793,0.11296819580225172,False,,False,timeout
134,1787624575.4021065,8.19409599993378,0.06140369921922684,16.285663774583767,True,95,3.6199577152729034e-05,0.0656385999172926,15.234937997764154,False,False,False,,9.614925384521484,1.4952046871185303,13.175850868225098,3.5983989238739014,,,4.1356520652771,True,0.132048566,0.749402418931,0,1.0,0.4607764482498169,1.1010518074035645,0.132048562169075,0.060844868421554565,0.1453922986984253,0.132048562169075,0.060844868421554565,0.1453922986984253,0.1320485770702362,0.07697752118110657,0.1528475135564804,0.1320485770702362,0.07697752118110657,0.1528475135564804,0.1320486068725586,0.07697749137878418,0.1528475284576416,False,False,1.9621001556515694,0.9946003556251526,0.5,0.5,0.7071067690849304,1.0,0.0,1379.9271240234375,408.55218505859375,1379.9271240234375,408.55218505859375,False,False,0.0396529239352427,-0.6312752733868227,0.1129041905424087,False,,False,timeout
135,1787624575.463513,8.255407799966633,0.06131180003285408,16.31007407161668,False,,,,,False,False,False,,9.746973991394043,1.5721821784973145,13.368200302124023,3.60184907913208,,,4.151244163513184,True,0.132048566,0.749402418931,0,1.0,-0.7211927175521851,1.2329310178756714,0.132048562169075,-0.09523246437311172,0.16280676424503326,0.132048562169075,-0.09523246437311172,0.16280676424503326,0.1320485770702362,-0.05207706242799759,0.14194662868976593,0.1320485770702362,-0.05207705497741699,0.14194662868976593,0.1320486068725586,-0.05207705497741699,0.14194665849208832,False,False,2.5405995547771454,1.369900070130825,0.5,0.5,0.7071067690849304,0.5,0.5,1399.6236572265625,408.91375732421875,1399.6236572265625,408.91375732421875,False,False,0.04736250735875932,-0.6372744970979862,0.1129295894814869,False,,False,timeout
136,1787624575.528117,8.316897900775075,0.06149010080844164,16.262780298820317,True,96,0.05428960081189871,0.06473580002784729,15.447403130413646,False,False,False,,9.879022598266602,1.5201051235198975,13.434423446655273,3.7143993377685547,,,4.178014278411865,True,0.132048566,0.749402418931,0,1.0,1.0,1.4142135381698608,0.132048562169075,0.132048562169075,0.18674486875534058,0.132048562169075,0.132048562169075,0.18674486875534058,0.1320485770702362,0.08590712398290634,0.1575336754322052,0.1320485770702362,0.08590713143348694,0.1575336903333664,0.1320486068725586,0.08590710163116455,0.1575336903333664,False,False,3.368300385773182,1.3415999710559845,0.0,1.0,1.0,0.5,0.5,1375.6849365234375,452.1490173339844,1375.6849365234375,452.1490173339844,False,False,0.04633617681129726,-0.6440910826042509,0.11299656856287098,False,,False,timeout
137,1787624575.5887058,8.378591100685298,0.061693199910223484,16.2092418849275,True,97,0.04151050001382828,0.06885339971631765,14.523611094297335,False,False,False,,10.01107120513916,1.606012225151062,13.52534294128418,3.823826313018799,,,4.155575275421143,True,0.132048566,0.749402418931,0,1.0,-0.22489553689956665,1.0249770879745483,0.132048562169075,-0.029697131365537643,0.13534675538539886,0.132048562169075,-0.029697131365537643,0.13534675538539886,0.1320485770702362,-0.0007269922643899918,0.13205057382583618,0.1320485770702362,-0.0007269904017448425,0.13205057382583618,0.1320486068725586,-0.0007269382476806641,0.13205060362815857,False,False,2.3346003144979477,1.5393001958727837,0.0,1.0,1.0,0.0,1.0,1384.9949951171875,463.61700439453125,1384.9949951171875,463.61700439453125,False,False,0.0464182183028748,-0.6515173708581469,0.11286760658464778,False,,False,timeout
138,1787624575.6478639,8.439796800725162,0.061205700039863586,16.338347561561992,True,98,0.03379350062459707,0.07416570000350475,13.483321804456025,False,False,False,,10.143119812011719,1.6052852869033813,13.510055541992188,4.042263031005859,,,4.156334400177002,True,0.132048566,0.749402418931,0,1.0,0.6715285181999207,1.2045540809631348,0.132048562169075,0.08867437392473221,0.15905962884426117,0.132048562169075,0.08867437392473221,0.15905962884426117,0.1320485770702362,0.0662706196308136,0.14774511754512787,0.1320485770702362,0.0662706196308136,0.14774511754512787,0.1320486068725586,0.06627058982849121,0.14774513244628906,False,False,1.4671003445982933,1.315699890255928,0.0,1.0,1.0,0.0,1.0,1383.4296875,486.5091857910156,1383.4296875,486.5091857910156,False,False,0.0385988913376689,-0.6603184691962911,0.1129378597773159,False,,False,timeout
139,1787624575.7112787,8.501208900474012,0.06141209974884987,16.283436066989847,True,99,0.013030200265347958,0.06895420048385859,14.502379738767168,False,False,False,,10.275168418884277,1.6715558767318726,13.503042221069336,4.221682071685791,,,4.113673686981201,True,0.132048566,0.749402418931,0,1.0,-0.11265420913696289,1.0063254833221436,0.132048562169075,-0.014875826425850391,0.13288383185863495,0.132048562169075,-0.014875826425850391,0.13288383185863495,0.1320485770702362,0.005459269508719444,0.13216137886047363,0.1320485770702362,0.0054592713713645935,0.13216137886047363,0.1320486068725586,0.005459308624267578,0.13216140866279602,False,False,2.6420000940561295,1.7953002825379372,0.0,1.0,1.0,0.0,1.0,1382.71142578125,505.312255859375,1382.71142578125,505.312255859375,False,False,0.03242438968429631,-0.6676892772604092,0.11290841501802967,False,,False,timeout
140,1787624575.7723525,8.563295000232756,0.06208609975874424,16.106664839405692,False,,,,,False,False,False,,10.407217025756836,1.6770151853561401,13.505884170532227,4.424065589904785,,,4.141017436981201,True,0.132048566,0.749402418931,0,1.0,1.0,1.4142135381698608,0.132048562169075,0.132048562169075,0.18674486875534058,0.132048562169075,0.132048562169075,0.18674486875534058,0.1320485770702362,0.10032559931278229,0.16583742201328278,0.1320485770702362,0.10032559931278229,0.16583742201328278,0.1320486068725586,0.1003255844116211,0.16583743691444397,False,False,2.0079994574189186,3.3034002408385277,0.0,1.0,1.0,0.0,1.0,1383.0025634765625,526.5220947265625,1383.0025634765625,526.5220947265625,False,False,0.025917781667796725,-0.676301174187124,0.11295310357367816,False,,False,timeout
141,1787624575.8346486,8.62453450076282,0.061239500530064106,16.32932978460648,True,100,0.05865360051393509,0.08214270044118166,12.17393626736256,False,False,False,,10.539265632629395,1.7773407697677612,13.504905700683594,4.622401237487793,,,4.109670162200928,True,0.132048566,0.749402418931,0,1.0,1.0,1.4142135381698608,0.132048562169075,0.132048562169075,0.18674486875534058,0.132048562169075,0.132048562169075,0.18674486875534058,0.1320485770702362,0.12409885227680206,0.18121080100536346,0.1320485770702362,0.12409885227680206,0.18121080100536346,0.1320486068725586,0.12409889698028564,0.18121084570884705,False,False,2.386299893260002,2.002499997615814,0.0,1.0,1.0,0.0,1.0,1382.90234375,547.3076171875,1382.90234375,547.3076171875,False,False,0.01941284424075757,-0.6845960940992022,0.11287146722682323,False,,False,timeout
142,1787624575.8981051,8.685902800410986,0.0613682996481657,16.29505796532021,True,101,0.05242780037224293,0.07804479915648699,12.813153609312367,False,False,False,,10.671314239501953,1.9014396667480469,13.507966995239258,4.825509548187256,,,4.073915004730225,True,0.132048566,0.749402418931,0,1.0,1.0,1.4142135381698608,0.132048562169075,0.132048562169075,0.18674486875534058,0.132048562169075,0.132048562169075,0.18674486875534058,0.1320485770702362,0.13005639612674713,0.18534155189990997,0.1320485770702362,0.13005639612674713,0.18534155189990997,0.1320486068725586,0.13005638122558594,0.18534156680107117,False,False,3.081199713051319,2.0347991958260536,0.0,1.0,1.0,0.0,1.0,1383.2159423828125,568.5933837890625,1383.2159423828125,568.5933837890625,False,False,0.01293859677643274,-0.6931833240633266,0.11294295117218547,False,,False,timeout
143,1787624575.9567611,8.747105900198221,0.06120309978723526,16.339041706651656,True,102,0.0456278994679451,0.067246800288558,14.870596009162822,False,False,False,,10.803362846374512,2.031496047973633,13.50337028503418,5.00499963760376,,,4.016436576843262,True,0.132048566,0.749402418931,0,1.0,1.0,1.4142135381698608,0.132048562169075,0.132048562169075,0.18674486875534058,0.132048562169075,0.132048562169075,0.18674486875534058,0.1320485770702362,0.13154932856559753,0.1863921880722046,0.1320485770702362,0.13154932856559753,0.1863921880722046,0.1320486068725586,0.13154935836791992,0.18639224767684937,False,False,2.155800350010395,1.4973999932408333,0.0,1.0,1.0,0.0,1.0,1382.7449951171875,587.4039306640625,1382.7449951171875,587.4039306640625,False,False,0.006944338676170742,-0.7005242450700844,0.11295900353120557,False,,False,timeout
144,1787624576.0193527,8.808183000423014,0.06107710022479296,16.37274848215651,True,103,0.03556300047785044,0.06800429988652468,14.704952505483465,False,False,False,,10.93541145324707,2.1630454063415527,13.504475593566895,5.212777614593506,,,3.987600326538086,True,0.132048566,0.749402418931,0,0.7560155391693115,1.0,1.2536184787750244,0.099830761551857,0.132048562169075,0.16553853452205658,0.099830761551857,0.132048562169075,0.16553853452205658,0.10790447145700455,0.13192346692085266,0.17043231427669525,0.10790447145700455,0.13192346692085266,0.17043231427669525,0.10790443420410156,0.13192343711853027,0.17043226957321167,False,False,2.6604002341628075,2.0065996795892715,0.0,1.0,1.0,0.0,1.0,1382.8582763671875,609.1790771484375,1382.8582763671875,609.1790771484375,False,False,0.00028651340546268856,-0.7091872653826999,0.1129679090734853,False,,False,timeout
145,1787624576.0776384,8.869557400234044,0.061374399811029434,16.29343835669237,True,104,0.027829299680888653,0.07115500047802925,14.053826059754902,False,False,False,,11.043315887451172,2.294968843460083,13.502753257751465,5.412716388702393,,,3.9710428714752197,True,0.132048566,0.749402418931,0,1.0,1.0,1.4142135381698608,0.132048562169075,0.132048562169075,0.18674486875534058,0.132048562169075,0.132048562169075,0.18674486875534058,0.1259980946779251,0.13201719522476196,0.18249399960041046,0.1259980946779251,0.13201719522476196,0.18249399960041046,0.12599849700927734,0.1320171356201172,0.18249423801898956,False,False,1.7846999689936638,1.766500063240528,0.0,1.0,1.0,0.0,1.0,1382.681884765625,630.1326904296875,1382.681884765625,630.1326904296875,False,False,-0.006207742375897242,-0.7174085386584984,0.11291643940659833,False,,False,timeout
146,1787624576.1398413,8.930730500258505,0.061173100024461746,16.34705449944702,True,105,0.01498360000550747,0.06910519953817129,14.47069115902972,False,False,False,,11.16931438446045,2.4269859790802,13.501449584960938,5.594492435455322,,,3.9334402084350586,True,0.132048566,0.749402418931,0,1.0,1.0,1.4142135381698608,0.132048562169075,0.132048562169075,0.18674486875534058,0.132048562169075,0.132048562169075,0.18674486875534058,0.1305324286222458,0.13204067945480347,0.18567028641700745,0.1305324286222458,0.13204067945480347,0.18567028641700745,0.13053226470947266,0.13204073905944824,0.18567021191120148,False,False,2.13409960269928,1.1710003018379211,0.0,1.0,1.0,0.0,1.0,1382.5484619140625,649.1828002929688,1382.5484619140625,649.1828002929688,False,False,-0.012081392114875938,-0.7248652568495104,0.11300014099037706,False,,False,timeout
147,1787624576.2002227,8.992179700173438,0.06144919991493225,16.27360488638353,True,106,0.00477719958871603,0.07401170022785664,13.511377213620861,False,False,False,,11.299846649169922,2.5590267181396484,13.500911712646484,5.8035736083984375,,,3.920685052871704,True,0.132048566,0.749402418931,0,1.0,1.0,1.4142135381698608,0.132048562169075,0.132048562169075,0.18674486875534058,0.132048562169075,0.132048562169075,0.18674486875534058,0.1316685676574707,0.13204659521579742,0.1864749789237976,0.1316685676574707,0.13204659521579742,0.1864749789237976,0.1316680908203125,0.13204669952392578,0.18647471070289612,False,False,1.6853995621204376,1.201900653541088,0.0,1.0,1.0,0.0,1.0,1382.493408203125,671.094482421875,1382.493408203125,671.094482421875,False,False,-0.0187755440825594,-0.73344110286794,0.1129590367413868,False,,False,timeout
148,1787624576.2620804,9.053481000475585,0.061301300302147865,16.312867672807947,False,,,,,False,False,False,,11.431514739990234,2.691073417663574,13.500330924987793,5.981016635894775,,,3.8863513469696045,True,0.132048566,0.749402418931,0,1.0,1.0,1.4142135381698608,0.132048562169075,0.132048562169075,0.18674486875534058,0.132048562169075,0.132048562169075,0.18674486875534058,0.13195320963859558,0.1320480853319168,0.18667711317539215,0.13195320963859558,0.1320480853319168,0.18667711317539215,0.13195323944091797,0.1320481300354004,0.18667717278003693,False,False,3.08229960501194,1.9165007397532463,0.0,1.0,1.0,0.0,1.0,1382.433837890625,689.6905517578125,1382.433837890625,689.6905517578125,False,False,-0.02444201956849159,-0.740690419077126,0.11295640654054201,False,,False,timeout
149,1787624576.3253677,9.115216600708663,0.061735600233078,16.198109295521174,True,107,0.05753230024129152,0.07165489997714758,13.955779720841468,False,False,False,,11.563467979431152,2.8231215476989746,13.499756813049316,6.186451435089111,,,3.8808765411376953,True,0.132048566,0.749402418931,0,1.0,1.0,1.4142135381698608,0.132048562169075,0.132048562169075,0.18674486875534058,0.132048562169075,0.132048562169075,0.18674486875534058,0.13202467560768127,0.13204845786094666,0.18672789633274078,0.13202467560768127,0.13204845786094666,0.18672789633274078,0.13202476501464844,0.1320483684539795,0.18672789633274078,False,False,2.509700134396553,1.391800120472908,0.0,1.0,1.0,0.0,1.0,1382.3751220703125,711.2200927734375,1382.3751220703125,711.2200927734375,False,False,-0.030976123735284845,-0.7490575786924756,0.11294053557328129,False,,False,timeout
150,1787624576.38654,9.176393700763583,0.06117710005491972,16.34598565643489,True,108,0.050151800736784935,0.07062739972025156,14.158810942508223,False,False,False,,11.6954927444458,2.955169916152954,13.498037338256836,6.384707927703857,,,3.874390125274658,True,0.132048566,0.749402418931,0,1.0,1.0,1.4142135381698608,0.132048562169075,0.132048562169075,0.18674486875534058,0.132048562169075,0.132048562169075,0.18674486875534058,0.13204258680343628,0.13204851746559143,0.18674060702323914,0.13204258680343628,0.13204851746559143,0.18674060702323914,0.13204288482666016,0.1320486068725586,0.18674089014530182,False,False,2.4835001677274704,1.3624001294374466,0.0,1.0,1.0,0.0,1.0,1382.198974609375,731.9973754882812,1382.198974609375,731.9973754882812,False,False,-0.03730510758445239,-0.7570681652180601,0.11293215976788087,False,,False,timeout
151,1787624576.448682,9.237494300119579,0.061100599355995655,16.366451565779485,True,109,0.043289000168442726,0.06821100041270256,14.660391930181623,False,False,False,,11.827535629272461,3.0872185230255127,13.50017261505127,6.588290691375732,,,3.88010573387146,True,0.132048566,0.749402418931,0,1.0,1.0,1.4142135381698608,0.132048562169075,0.132048562169075,0.18674486875534058,0.132048562169075,0.132048562169075,0.18674486875534058,0.1320471316576004,0.1320485770702362,0.1867438554763794,0.1320471316576004,0.1320485770702362,0.1867438554763794,0.13204669952392578,0.1320486068725586,0.1867435872554779,False,False,2.7206996455788612,1.4156997203826904,0.0,1.0,1.0,0.0,1.0,1382.417724609375,753.3328857421875,1382.417724609375,753.3328857421875,False,False,-0.043627680009708715,-0.7653823447307497,0.11303563086840641,False,,False,timeout
152,1787624576.5069475,9.298732700757682,0.061238400638103485,16.329623072778038,True,110,0.035132200457155704,0.06796859949827194,14.712676256120657,False,False,False,,11.959582328796387,3.2192671298980713,13.499104499816895,6.766224384307861,,,3.86665678024292,True,0.132048566,0.749402418931,0,1.0,1.0,1.4142135381698608,0.132048562169075,0.132048562169075,0.18674486875534058,0.132048562169075,0.132048562169075,0.18674486875534058,0.1320480853319168,0.1320485770702362,0.1867445409297943,0.1320480853319168,0.1320485770702362,0.1867445409297943,0.1320476531982422,0.1320486068725586,0.18674425780773163,False,False,2.0618997514247894,1.5679998323321342,0.0,1.0,1.0,0.0,1.0,1382.308349609375,771.9803466796875,1382.308349609375,771.9803466796875,False,False,-0.04925008519929333,-0.7725359982120146,0.11297842954518494,False,,False,timeout
153,1787624576.5701065,9.360003700479865,0.06127099972218275,16.320934937151954,True,111,0.02744629979133606,0.06938870064914227,14.411568319407078,False,False,False,,12.091629981994629,3.35131573677063,13.49902629852295,6.97507381439209,,,3.887465238571167,True,0.132048566,0.749402418931,0,1.0,1.0,1.4142135381698608,0.132048562169075,0.132048562169075,0.18674486875534058,0.132048562169075,0.132048562169075,0.18674486875534058,0.1320483237504959,0.1320485770702362,0.18674470484256744,0.1320483237504959,0.1320485770702362,0.18674470484256744,0.1320486068725586,0.1320486068725586,0.18674492835998535,False,False,1.9239000976085663,1.746799796819687,0.0,1.0,1.0,0.0,1.0,1382.30029296875,793.8677368164062,1382.30029296875,793.8677368164062,False,False,-0.05578078274790026,-0.7809392178996883,0.11299522245891486,False,,False,timeout
154,1787624576.630414,9.421359900385141,0.0613561999052763,16.298271430496552,True,112,0.012580100446939468,0.06896069925278425,14.50101305287483,False,False,False,,12.223678588867188,3.4833643436431885,13.498855590820312,7.1742658615112305,,,3.904975175857544,True,0.132048566,0.749402418931,0,1.0,1.0,1.4142135381698608,0.132048562169075,0.132048562169075,0.18674486875534058,0.132048562169075,0.132048562169075,0.18674486875534058,0.1320485770702362,0.1320485770702362,0.18674488365650177,0.1320485770702362,0.1320485770702362,0.18674488365650177,0.1320486068725586,0.1320486068725586,0.18674492835998535,False,False,2.3733992129564285,1.1694002896547318,0.0,0.5,0.5,0.0,1.0,1382.2828369140625,783.3031005859375,1382.2828369140625,783.3031005859375,False,False,-0.061990833091354725,-0.7889221547538641,0.1129241923903232,False,,False,timeout
155,1787624576.6917121,9.482642900198698,0.06128299981355667,16.317739063726215,True,113,0.00776199996471405,0.07624249998480082,13.116044203683682,False,False,False,,12.355727195739746,3.615412950515747,13.499286651611328,7.346565246582031,,,3.902463912963867,True,0.132048566,0.749402418931,0,0.5865373611450195,1.0,1.1593214273452759,0.07745141535997391,0.132048562169075,0.15308672189712524,0.07745141535997391,0.132048562169075,0.15308672189712524,0.09113334119319916,0.1320485770702362,0.1604434847831726,0.09113334119319916,0.1320485770702362,0.1604434847831726,0.09113311767578125,0.1320486068725586,0.16044338047504425,False,False,2.3982003331184387,1.7290003597736359,-1.0,1.0,1.4142135381698608,0.0,0.5,1320.886962890625,832.7999877929688,1320.886962890625,832.7999877929688,False,False,-0.06732233860656761,-0.7958221082157887,0.11299443945905639,False,,False,timeout
156,1787624576.753279,9.544174000620842,0.061531100422143936,16.251944027318547,True,114,0.0035557998344302177,0.06608090084046125,15.132965611565956,False,False,False,,12.446860313415527,3.7474615573883057,13.474699974060059,7.442953109741211,,,3.8357675075531006,True,0.132048566,0.749402418931,0,1.0,1.0,1.4142135381698608,0.132048562169075,0.132048562169075,0.18674486875534058,0.132048562169075,0.132048562169075,0.18674486875534058,0.12179524451494217,0.1320485770702362,0.17964105308055878,0.12179524451494217,0.1320485770702362,0.17964105308055878,0.121795654296875,0.1320486068725586,0.17964135110378265,False,False,1.5334999188780785,1.7943000420928001,-1.0,1.0,1.4142135381698608,-1.0,1.0,1318.3692626953125,842.9015502929688,1318.3692626953125,842.9015502929688,False,False,-0.07126217654209567,-0.7989248215598254,0.11279038727042125,False,,False,timeout
157,1787624576.8156486,9.605606900528073,0.06143289990723133,16.27792276630407,False,,,,,False,False,False,,12.568655967712402,3.8795101642608643,13.260987281799316,7.637993812561035,,,3.8217172622680664,True,0.132048566,0.749402418931,0,1.0,1.0,1.4142135381698608,0.132048562169075,0.132048562169075,0.18674486875534058,0.132048562169075,0.132048562169075,0.18674486875534058,0.12947919964790344,0.1320485770702362,0.184936985373497,0.12947919964790344,0.1320485770702362,0.184936985373497,0.12947940826416016,0.1320483684539795,0.184936985373497,False,False,3.0431002378463745,2.013099379837513,-1.0,1.0,1.4142135381698608,-1.0,1.0,1296.4849853515625,863.341796875,1296.4849853515625,863.341796875,False,False,-0.08555697360735988,-0.8002532246030875,0.1128943059127947,False,,False,timeout
158,1787624576.8770618,9.666819100268185,0.06121219974011183,16.336612705403375,True,115,0.05833270028233528,0.06573509983718395,15.212572924919122,False,False,False,,12.698135375976562,4.011558532714844,13.048439025878906,7.848631858825684,,,3.8530306816101074,True,0.132048566,0.749402418931,0,-0.3048909902572632,1.0,1.0454466342926025,-0.04026041552424431,0.132048562169075,0.13804972171783447,-0.04026041552424431,0.132048562169075,0.13804972171783447,0.0022759735584259033,0.13204851746559143,0.13206812739372253,0.0022759735584259033,0.13204851746559143,0.13206812739372253,0.0022764205932617188,0.1320486068725586,0.1320682317018509,False,False,2.6399996131658554,2.0826999098062515,-0.5,1.0,1.1180340051651,-1.0,1.0,1305.4400634765625,885.4166870117188,1305.4400634765625,885.4166870117188,False,False,-0.10020775929209128,-0.8022273457685104,0.11304574816136582,False,,False,timeout
159,1787624576.940452,9.728195500560105,0.06137640029191971,16.292907294070346,True,116,0.050958200357854366,0.06818149983882904,14.666735146100509,False,False,False,,12.700411796569824,4.143607139587402,12.864551544189453,8.042082786560059,,,3.9019296169281006,True,0.132048566,0.749402418931,0,0.8548998832702637,1.0,1.3156191110610962,0.11288829892873764,0.132048562169075,0.17372561991214752,0.11288829892873764,0.132048562169075,0.17372561991214752,0.0851692333817482,0.1320485770702362,0.15713250637054443,0.0851692333817482,0.1320485770702362,0.15713250637054443,0.08516883850097656,0.1320486068725586,0.1571323126554489,False,False,3.20499949157238,2.0148996263742447,-1.0,1.0,1.4142135381698608,-0.5,1.0,1255.89013671875,905.6903076171875,1255.89013671875,905.6903076171875,False,False,-0.11315806506424803,-0.8043694167826322,0.11287229822840116,False,,False,timeout
160,1787624576.9975333,9.789446700364351,0.061251199804246426,16.32621080396652,True,117,0.044867999851703644,0.06844109948724508,14.611103671506086,False,False,False,,12.7855806350708,4.275655746459961,12.766311645507812,8.251115798950195,,,3.975506544113159,True,0.132048566,0.749402418931,0,-1.0,1.0,1.4142135381698608,-0.132048562169075,0.132048562169075,0.18674486875534058,-0.132048562169075,0.132048562169075,0.18674486875534058,-0.07761440426111221,0.1320485770702362,0.15316925942897797,-0.07761439681053162,0.1320485770702362,0.15316925942897797,-0.07761478424072266,0.1320486068725586,0.15316948294639587,False,False,1.8661003559827805,1.365000382065773,-0.5,0.5,0.7071067690849304,-1.0,1.0,1276.55029296875,896.1569213867188,1276.55029296875,896.1569213867188,False,False,-0.12324119118478652,-0.8096718707113236,0.11322650497194733,False,,False,timeout
161,1787624577.061685,9.850463100709021,0.06101640034466982,16.38903629763791,True,118,0.03485290054231882,0.06733970064669847,14.850080864578775,False,False,False,,12.707965850830078,4.4077043533325195,12.566725730895996,8.422119140625,,,4.0168986320495605,True,0.132048566,0.749402418931,0,1.0,1.0,1.4142135381698608,0.132048562169075,0.132048562169075,0.18674486875534058,0.132048562169075,0.132048562169075,0.18674486875534058,0.07950743287801743,0.1320485770702362,0.15413714945316315,0.07950744032859802,0.1320485770702362,0.15413714945316315,0.07950782775878906,0.1320486068725586,0.15413737297058105,False,False,2.5939997285604477,1.9000004976987839,-1.0,0.5,1.1180340051651,-0.5,0.5,1225.3927001953125,914.078125,1225.3927001953125,914.078125,False,False,-0.13599859617874416,-0.8104366764091958,0.11275741402570486,False,,False,timeout
162,1787624577.1189494,9.911880100145936,0.06141699943691492,16.28213701692086,True,119,0.02645369991660118,0.07102769985795021,14.079014271895627,False,False,False,,12.787473678588867,4.539752960205078,12.469423294067383,8.510303497314453,,,3.9832684993743896,True,0.132048566,0.749402418931,0,-1.0,1.0,1.4142135381698608,-0.132048562169075,0.132048562169075,0.18674486875534058,-0.132048562169075,0.132048562169075,0.18674486875534058,-0.07903303951025009,0.1320485770702362,0.15389297902584076,-0.07903304696083069,0.1320485770702362,0.15389297902584076,-0.07903289794921875,0.1320486068725586,0.15389293432235718,False,False,1.5432992950081825,0.9661996737122536,-1.0,0.0,1.0,-1.0,0.5,1215.428955078125,891.8797607421875,1215.428955078125,891.8797607421875,False,False,-0.14234043708264923,-0.8109970166256435,0.11300294989467927,False,,False,timeout
163,1787624577.1833253,9.973236200399697,0.061356100253760815,16.29829790133549,True,120,0.010346399620175362,0.0698269996792078,14.321107946698264,False,False,False,,12.708440780639648,4.671801567077637,12.274825096130371,8.592068672180176,,,3.9441750049591064,True,0.132048566,0.749402418931,0,-1.0,1.0,1.4142135381698608,-0.132048562169075,0.132048562169075,0.18674486875534058,-0.132048562169075,0.132048562169075,0.18674486875534058,-0.11876296252012253,0.1320485770702362,0.17759917676448822,-0.11876296252012253,0.1320485770702362,0.17759917676448822,-0.11876296997070312,0.1320486068725586,0.1775992065668106,False,False,2.4102991446852684,1.7793001607060432,-1.0,0.0,1.0,-1.0,0.0,1195.5020751953125,900.4488525390625,1195.5020751953125,900.4488525390625,False,False,-0.15216585168505567,-0.8084121811884747,0.11289454833275771,False,,False,timeout
164,1787624577.2449422,10.03480810020119,0.06157189980149269,16.241175003922113,True,121,0.006275699473917484,0.07746210042387247,12.909538916812245,False,False,False,,12.589677810668945,4.803850173950195,12.058749198913574,8.577564239501953,,,3.810879707336426,True,0.132048566,0.749402418931,0,-1.0,1.0,1.4142135381698608,-0.132048562169075,0.132048562169075,0.18674486875534058,-0.132048562169075,0.132048562169075,0.18674486875534058,-0.12871922552585602,0.1320485770702362,0.18440569937229156,-0.12871922552585602,0.1320485770702362,0.18440569937229156,-0.12871932983398438,0.1320486068725586,0.18440580368041992,False,False,2.40509957075119,1.8018996343016624,-1.0,0.0,1.0,-1.0,0.0,1173.3758544921875,898.9287109375,1173.3758544921875,898.9287109375,False,False,-0.1599190491628312,-0.8014284423983697,0.11284857143802449,False,,False,timeout
165,1787624577.3040512,10.096967400051653,0.06215929985046387,16.087697293980018,True,122,0.0010437993332743645,0.06572549976408482,15.214794921140214,False,False,False,,12.460958480834961,4.935898780822754,11.858652114868164,8.574729919433594,,,3.6883416175842285,True,0.132048566,0.749402418931,0,-0.8576827645301819,1.0,1.3174291849136353,-0.11325577646493912,0.132048562169075,0.17396463453769684,-0.11325577646493912,0.132048562169075,0.17396463453769684,-0.11713090538978577,0.1320485770702362,0.1765119731426239,-0.11713090538978577,0.1320485770702362,0.1765119731426239,-0.11713123321533203,0.1320486068725586,0.176512211561203,False,False,1.5540998429059982,0.9869001805782318,-1.0,0.0,1.0,-1.0,0.0,1152.885986328125,898.6317138671875,1152.885986328125,898.6317138671875,False,False,-0.16740145374606777,-0.7953866285364873,0.112995249786155,False,,False,timeout
166,1787624577.3672075,10.158140600658953,0.061173200607299805,16.34702762112254,False,,,,,False,False,False,,12.343827247619629,5.0679473876953125,11.678561210632324,8.574592590332031,,,3.569193124771118,True,0.132048566,0.749402418931,0,-0.519349217414856,1.0,1.1268202066421509,-0.06857931613922119,0.132048562169075,0.1487949788570404,-0.06857931613922119,0.132048562169075,0.1487949788570404,-0.08074630796909332,0.1320485770702362,0.1547798216342926,-0.08074630796909332,0.1320485770702362,0.1547798216342926,-0.08074665069580078,0.1320486068725586,0.15478003025054932,False,False,2.2961003705859184,1.9835997372865677,-1.0,0.0,1.0,-1.0,0.0,1134.4447021484375,898.6173095703125,1134.4447021484375,898.6173095703125,False,False,-0.17419642136421148,-0.7900520673457058,0.1128618079859969,False,,False,timeout
167,1787624577.429397,10.219398500397801,0.06125789973884821,16.324425164152753,True,123,0.05526630021631718,0.0673038000240922,14.858002068858491,False,False,False,,12.263080596923828,5.199995994567871,11.469858169555664,8.572941780090332,,,3.4649624824523926,False,0.132048566,0.749402418931,0,-1.0,1.0,1.4142135381698608,-0.132048562169075,0.132048562169075,0.18674486875534058,-0.132048562169075,0.132048562169075,0.18674486875534058,-0.11919242143630981,0.1320485770702362,0.17788664996623993,-0.11919242143630981,0.1320485770702362,0.17788664996623993,-0.11919212341308594,0.1320486068725586,0.1778864711523056,False,False,2.743300050497055,1.3997005298733711,-1.0,0.5,1.1180340051651,-1.0,0.0,1113.073486328125,929.88427734375,1113.073486328125,929.88427734375,False,False,-0.18201415491721987,-0.7838216099960301,0.11292037361005003,False,,False,timeout
168,1787624577.4929216,10.280767899937928,0.061369399540126324,16.294765917436603,True,124,0.04434239957481623,0.0684815002605319,14.602483826954536,False,False,False,,12.143888473510742,5.33204460144043,11.26888656616211,8.579776763916016,,,3.3635387420654297,False,0.132048566,0.749402418931,0,-1.0,1.0,1.4142135381698608,-0.132048562169075,0.132048562169075,0.18674486875534058,-0.132048562169075,0.132048562169075,0.18674486875534058,-0.12882676720619202,0.1320485770702362,0.18448080122470856,-0.12882676720619202,0.1320485770702362,0.18448080122470856,-0.12882709503173828,0.1320486068725586,0.18448103964328766,False,False,3.655100241303444,2.1115001291036606,-1.0,0.0,1.0,-1.0,0.5,1092.4940185546875,899.16064453125,1092.4940185546875,899.16064453125,False,False,-0.1897763684438815,-0.7781629305323134,0.11291288013415242,False,,False,timeout
169,1787624577.5489466,10.341802900657058,0.06103500071913004,16.384041750106388,True,125,0.031910600140690804,0.07201739959418774,13.885533296604983,False,False,False,,12.015061378479004,5.464093208312988,11.070625305175781,8.692303657531738,,,3.363525152206421,False,0.132048566,0.749402418931,0,-1.0,1.0,1.4142135381698608,-0.132048562169075,0.132048562169075,0.18674486875534058,-0.132048562169075,0.132048562169075,0.18674486875534058,-0.13124126195907593,0.1320485770702362,0.1861748993396759,-0.13124126195907593,0.1320485770702362,0.1861748993396759,-0.1312408447265625,0.1320486068725586,0.18617463111877441,False,False,1.5206998214125633,1.2941006571054459,-1.0,0.0,1.0,-1.0,0.0,1072.1920166015625,910.9534301757812,1072.1920166015625,910.9534301757812,False,False,-0.20050837506187189,-0.7767414569668414,0.11313316306523384,False,,False,timeout
170,1787624577.6123545,10.403260600753129,0.061457700096070766,16.27135409292568,True,126,0.024862900376319885,0.07346950005739927,13.611090305755903,False,False,False,,11.883820533752441,5.596141815185547,10.880271911621094,8.668339729309082,,,3.2319514751434326,False,0.132048566,0.749402418931,0,-0.9957057237625122,1.0,1.4111802577972412,-0.13148151338100433,0.132048562169075,0.18634434044361115,-0.13148151338100433,0.132048562169075,0.18634434044361115,-0.13142120838165283,0.1320485770702362,0.1863017976284027,-0.13142120838165283,0.1320485770702362,0.1863017976284027,-0.13142108917236328,0.1320486068725586,0.18630173802375793,False,False,1.7475998029112816,0.9936997666954994,-1.0,0.0,1.0,-1.0,0.0,1052.6998291015625,908.4420166015625,1052.6998291015625,908.4420166015625,False,False,-0.20693960975810635,-0.7702082143658109,0.1126639186744656,False,,False,timeout
171,1787624577.6726732,10.464602500200272,0.06134189944714308,16.30207099898622,True,127,0.01830699946731329,0.06850509997457266,14.597453333710547,False,False,False,,11.752399444580078,5.7281904220581055,10.67465591430664,8.666211128234863,,,3.1294562816619873,False,0.132048566,0.749402418931,0,-1.0,1.0,1.4142135381698608,-0.132048562169075,0.132048562169075,0.18674486875534058,-0.132048562169075,0.132048562169075,0.18674486875534058,-0.13189131021499634,0.1320485770702362,0.18663370609283447,-0.13189131021499634,0.1320485770702362,0.18663370609283447,-0.13189125061035156,0.1320486068725586,0.18663369119167328,False,False,1.7667999491095543,1.3736998662352562,-1.0,0.0,1.0,-1.0,0.0,1031.644775390625,908.2189331054688,1031.644775390625,908.2189331054688,False,False,-0.21456708070908107,-0.764092739521179,0.11309251242090455,False,,False,timeout
172,1787624577.7362294,10.526138300076127,0.061535799875855446,16.250702875682713,True,128,0.0058062998577952385,0.06790270004421473,14.726954883220428,False,False,False,,11.620508193969727,5.860239028930664,10.469181060791016,8.666491508483887,,,3.033250331878662,False,0.132048566,0.749402418931,0,-1.0,1.0,1.4142135381698608,-0.132048562169075,0.132048562169075,0.18674486875534058,-0.132048562169075,0.132048562169075,0.18674486875534058,-0.1320091336965561,0.1320485770702362,0.18671700358390808,-0.1320091336965561,0.1320485770702362,0.18671700358390808,-0.13200950622558594,0.1320486068725586,0.18671728670597076,False,False,2.024199813604355,1.8234997987747192,-1.0,0.0,1.0,-1.0,0.0,1010.6041259765625,908.2483520507812,1010.6041259765625,908.2483520507812,False,False,-0.2222460240794149,-0.7580863428961994,0.1128348934595353,False,,False,timeout
173,1787624577.797077,10.588006700389087,0.06186840031296015,16.163340169481007,False,,,,,False,False,False,,11.48849868774414,5.992287635803223,10.286224365234375,8.667694091796875,,,2.9331319332122803,False,0.132048566,0.749402418931,0,-1.0,0.7779566049575806,1.2669713497161865,-0.132048562169075,0.10272805392742157,0.167301744222641,-0.132048562169075,0.10272805392742157,0.167301744222641,-0.13203877210617065,0.11007571220397949,0.17190374433994293,-0.13203877210617065,0.11007571220397949,0.17190374433994293,-0.13203907012939453,0.1100759506225586,0.17190413177013397,False,False,3.324299119412899,1.9491994753479958,-1.0,0.0,1.0,-1.0,0.0,991.8693237304688,908.3743286132812,991.8693237304688,908.3743286132812,False,False,-0.22909964135557184,-0.7527843586608988,0.1130239751534052,False,,False,timeout
174,1787624577.8601058,10.649512600153685,0.061505899764597416,16.25860289545096,True,129,0.058505499735474586,0.07403049990534782,13.507946066534151,False,False,False,,11.356459617614746,6.102363586425781,10.075383186340332,8.665790557861328,,,2.865713596343994,False,0.132048566,0.749402418931,0,-1.0,0.6405042409896851,1.187537670135498,-0.132048562169075,0.08457766473293304,0.1568126380443573,-0.132048562169075,0.08457766473293304,0.1568126380443573,-0.132046177983284,0.09096747636795044,0.1603473573923111,-0.132046177983284,0.09096747636795044,0.1603473573923111,-0.13204574584960938,0.09096765518188477,0.1603471040725708,False,False,2.9891999438405037,1.9120005890727043,-1.0,0.0,1.0,-1.0,0.0,970.2791748046875,908.1748046875,970.2791748046875,908.1748046875,False,False,-0.23689001450281655,-0.7465553851273701,0.11287928547883114,False,,False,timeout
175,1787624577.9223099,10.711161199957132,0.06164859980344772,16.220968573305285,True,130,0.05591429956257343,0.07109179999679327,14.066319885628257,False,False,False,,11.224413871765137,6.193331241607666,9.872135162353516,8.665955543518066,,,2.818249225616455,False,0.132048566,0.749402418931,0,-1.0,1.0,1.4142135381698608,-0.132048562169075,0.132048562169075,0.18674486875534058,-0.132048562169075,0.132048562169075,0.18674486875534058,-0.1320478469133377,0.12175378203392029,0.1796124130487442,-0.1320478469133377,0.12175378203392029,0.1796124130487442,-0.1320476531982422,0.12175369262695312,0.1796122044324875,False,False,2.7178004384040833,2.0492998883128166,-1.0,0.0,1.0,-1.0,0.0,949.4666137695312,908.1921997070312,949.4666137695312,908.1921997070312,False,False,-0.2444442741801643,-0.7406395538825074,0.11295449137188857,False,,False,timeout
176,1787624577.973473,10.762088000774384,0.050926800817251205,19.636026295632828,True,131,0.03769390005618334,0.06382230017334223,15.668504539698295,False,False,False,,11.092366218566895,6.315084934234619,9.716506004333496,8.66701889038086,,,2.724809169769287,False,0.132048566,0.749402418931,0,-1.0,1.0,1.4142135381698608,-0.132048562169075,0.132048562169075,0.18674486875534058,-0.132048562169075,0.132048562169075,0.18674486875534058,-0.1320483237504959,0.12946869432926178,0.18492946028709412,-0.1320483237504959,0.12946869432926178,0.18492946028709412,-0.1320486068725586,0.1294689178466797,0.18492981791496277,False,False,2.5652991607785225,0.9827995672821999,-1.0,0.0,1.0,-1.0,0.0,933.5302124023438,908.3035888671875,933.5302124023438,908.3035888671875,False,False,-0.2502467389825646,-0.7361534559089683,0.11301763099582321,False,,False,timeout
177,1787624578.0266476,10.81856320053339,0.0564751997590065,17.7068873464325,True,132,0.023272600024938583,0.06914819963276386,14.461692499744839,False,False,False,,10.960317611694336,6.444553852081299,9.533397674560547,8.666766166687012,,,2.640895366668701,False,0.132048566,0.749402418931,0,-1.0,0.8000328540802002,1.2806453704833984,-0.132048562169075,0.10564319044351578,0.1691073775291443,-0.132048562169075,0.10564319044351578,0.1691073775291443,-0.1320485770702362,0.11161385476589203,0.17290019989013672,-0.1320485770702362,0.11161385476589203,0.17290019989013672,-0.1320486068725586,0.11161375045776367,0.17290015518665314,False,False,1.6720006242394447,0.9725000709295273,-1.0,0.0,1.0,-1.0,0.0,914.7799072265625,908.2770385742188,914.7799072265625,908.2770385742188,False,False,-0.2570209739751834,-0.7308237794751814,0.11294766573000294,False,,False,timeout
178,1787624578.0886693,10.88060689996928,0.06204369943588972,16.117672045544424,True,133,0.013373099267482758,0.07089340034872293,14.10568536818694,False,False,False,,10.828269004821777,6.5561676025390625,9.327603340148926,8.666797637939453,,,2.589740753173828,False,0.132048566,0.749402418931,0,-1.0,1.0,1.4142135381698608,-0.132048562169075,0.132048562169075,0.18674486875534058,-0.132048562169075,0.132048562169075,0.18674486875534058,-0.1320485770702362,0.12692764401435852,0.18315963447093964,-0.1320485770702362,0.12692764401435852,0.18315963447093964,-0.1320486068725586,0.12692785263061523,0.18315979838371277,False,False,1.7381999641656876,1.3199001550674438,-1.0,0.0,1.0,-1.0,0.0,893.7064819335938,908.2803955078125,893.7064819335938,908.2803955078125,False,False,-0.26463110914669535,-0.7248558500827135,0.11292559759448524,False,,False,timeout
179,1787624578.1511235,10.94207760039717,0.061470700427889824,16.26791289246951,True,134,0.011311099864542484,0.07195109967142344,13.898328233573427,False,False,False,,10.696220397949219,6.683095455169678,9.119534492492676,8.66647720336914,,,2.5337209701538086,False,0.132048566,0.749402418931,0,-1.0,0.7349748611450195,1.2410430908203125,-0.132048562169075,0.09705237299203873,0.1638779640197754,-0.132048562169075,0.09705237299203873,0.1638779640197754,-0.1320485770702362,0.10453908890485764,0.16841985285282135,-0.1320485770702362,0.10453908890485764,0.16841985285282135,-0.1320486068725586,0.1045389175415039,0.1684197634458542,False,False,2.004600130021572,1.2014005333185196,-1.0,0.0,1.0,-1.0,0.0,872.4002685546875,908.2467651367188,872.4002685546875,908.2467651367188,False,False,-0.2723019899336301,-0.7188186155472877,0.11296398994531273,False,,False,timeout
180,1787624578.213706,11.003572700545192,0.061495100148022175,16.26145819086307,True,135,0.004413600079715252,0.06352720037102699,15.741288678858142,False,False,False,,10.56417179107666,6.787634372711182,8.936716079711914,8.665185928344727,,,2.484715700149536,False,0.132048566,0.749402418931,0,-1.0,1.0,1.4142135381698608,-0.132048562169075,0.132048562169075,0.18674486875534058,-0.132048562169075,0.132048562169075,0.18674486875534058,-0.1320485770702362,0.12515470385551453,0.18193550407886505,-0.1320485770702362,0.12515470385551453,0.18193550407886505,-0.1320486068725586,0.1251544952392578,0.1819353848695755,False,False,2.3876000195741653,1.8042000010609627,-1.0,0.0,1.0,-1.0,0.0,853.6796875,908.1115112304688,853.6796875,908.1115112304688,False,False,-0.27900249877173394,-0.713482898115812,0.11289340400467684,False,,False,timeout
181,1787624578.273672,11.065574100241065,0.06200139969587326,16.12866814144776,False,,,,,False,False,False,,10.432123184204102,6.9127888679504395,8.727694511413574,8.666576385498047,,,2.4455771446228027,False,0.132048566,0.749402418931,0,-1.0,-0.4492408037185669,1.0962742567062378,-0.132048562169075,-0.05932160094380379,0.14476144313812256,-0.132048562169075,-0.05932160094380379,0.14476144313812256,-0.1320485770702362,-0.013092339038848877,0.1326960325241089,-0.1320485770702362,-0.013092339038848877,0.1326960325241089,-0.1320486068725586,-0.013092517852783203,0.13269607722759247,False,False,2.5706999003887177,1.3321004807949066,-1.0,0.0,1.0,-1.0,0.0,832.2759399414062,908.2572021484375,832.2759399414062,908.2572021484375,False,False,-0.28673164048757854,-0.7075052565407884,0.1129638484376855,False,,False,timeout
182,1787624578.3362153,11.127101600170135,0.06152749992907047,16.25289506566674,True,136,0.05532030016183853,0.06839890033006668,14.620118089243922,False,False,False,,10.300074577331543,6.899696350097656,8.521328926086426,8.665794372558594,,,2.506598949432373,False,0.132048566,0.749402418931,0,-1.0,0.36445367336273193,1.0643432140350342,-0.132048562169075,0.04812558367848396,0.14054499566555023,-0.132048562169075,0.04812558367848396,0.14054499566555023,-0.1320485770702362,0.03278447687625885,0.1360575258731842,-0.1320485770702362,0.03278447687625885,0.1360575258731842,-0.1320486068725586,0.032784461975097656,0.1360575407743454,False,False,2.1355999633669853,1.3477001339197159,-1.0,0.0,1.0,-1.0,0.0,811.1441040039062,908.17529296875,811.1441040039062,908.17529296875,False,False,-0.29428864144142713,-0.701529104874945,0.11295713177713632,False,,False,timeout
183,1787624578.3999205,11.187745400704443,0.06064380053430796,16.489731698696406,True,137,0.052587900310754776,0.07296120002865791,13.70591491926143,False,False,False,,10.168025970458984,6.932480812072754,8.341432571411133,8.667145729064941,,,2.519028663635254,False,0.132048566,0.749402418931,0,-1.0,1.0,1.4142135381698608,-0.132048562169075,0.132048562169075,0.18674486875534058,-0.132048562169075,0.132048562169075,0.18674486875534058,-0.1320485770702362,0.10717321932315826,0.1700674146413803,-0.1320485770702362,0.10717321932315826,0.1700674146413803,-0.1320486068725586,0.10717344284057617,0.17006757855415344,False,False,3.17430030554533,2.006600610911846,-1.0,0.0,1.0,-1.0,0.0,792.7227172851562,908.31689453125,792.7227172851562,908.31689453125,False,False,-0.30092272293827244,-0.6964078846910907,0.11302728163707079,False,,False,timeout
184,1787624578.4468715,11.238778600469232,0.05103319976478815,19.595087210071025,True,138,0.034086099825799465,0.06303649954497814,15.863825041339338,False,False,False,,10.035977363586426,7.03965425491333,8.159650802612305,8.667049407958984,,,2.483750581741333,False,0.132048566,0.749402418931,0,-1.0,0.35260093212127686,1.0603430271148682,-0.132048562169075,0.04656044766306877,0.14001677930355072,-0.132048562169075,0.04656044766306877,0.14001677930355072,-0.1320485770702362,0.061749912798404694,0.14577338099479675,-0.1320485770702362,0.061749912798404694,0.14577338099479675,-0.1320486068725586,0.061749935150146484,0.14577341079711914,False,False,2.105800434947014,1.1499002575874329,-1.0,0.0,1.0,-1.0,0.0,774.1082763671875,908.3067626953125,774.1082763671875,908.3067626953125,False,False,-0.3075752430371839,-0.6911833021328042,0.11300865244568073,False,,False,timeout
185,1787624578.5041463,11.295001500286162,0.056222899816930294,17.786346902350132,True,139,0.018343999981880188,0.06952780019491911,14.382736073865848,False,False,False,,9.903928756713867,7.101404190063477,7.976048469543457,8.666101455688477,,,2.4829418659210205,False,0.132048566,0.749402418931,0,-1.0,0.8728416562080383,1.3273478746414185,-0.132048562169075,0.11525748670101166,0.17527438700199127,-0.132048562169075,0.11525748670101166,0.17527438700199127,-0.1320485770702362,0.10184862464666367,0.16676321625709534,-0.1320485770702362,0.10184862464666367,0.16676321625709534,-0.1320486068725586,0.10184860229492188,0.16676321625709534,False,False,2.188299782574177,1.060199923813343,-1.0,0.0,1.0,-1.0,0.0,755.307373046875,908.2073974609375,755.307373046875,908.2073974609375,False,False,-0.31426050591463456,-0.6858809079545088,0.11297761860253212,False,,False,timeout
186,1787624578.566195,11.35664140060544,0.06163990031927824,16.22325790308334,True,140,0.015546699985861778,0.07197710033506155,13.893307667923365,False,False,False,,9.771880149841309,7.203252792358398,7.796070575714111,8.66586685180664,,,2.4582643508911133,False,0.132048566,0.749402418931,0,-0.21120738983154297,1.0,1.0220609903335571,-0.027889631688594818,0.132048562169075,0.13496167957782745,-0.027889631688594818,0.132048562169075,0.13496167957782745,-0.053991615772247314,0.12448052316904068,0.1356852799654007,-0.053991615772247314,0.12448052316904068,0.1356852799654007,-0.05399131774902344,0.1244807243347168,0.13568533957004547,False,False,2.3819003254175186,1.8188999965786934,-1.0,0.0,1.0,-1.0,0.0,736.8776245117188,908.1828002929688,736.8776245117188,908.1828002929688,False,False,-0.320823216232967,-0.6807183822124012,0.11297046113148837,False,,False,timeout
187,1787624578.6276853,11.418605600483716,0.061964199878275394,16.13835088590564,True,141,0.011213299818336964,0.06442900002002716,15.520961053084157,False,False,False,,9.717888832092285,7.327733516693115,7.587109088897705,8.6664400100708,,,2.5164175033569336,False,0.132048566,0.749402418931,0,-1.0,-0.1901472806930542,1.0179173946380615,-0.132048562169075,-0.02510867454111576,0.13441453874111176,-0.132048562169075,-0.02510867454111576,0.13441453874111176,-0.11248759925365448,0.012378064915537834,0.11316658556461334,-0.11248759925365448,0.012378066778182983,0.11316658556461334,-0.11248779296875,0.012378215789794922,0.11316679418087006,False,False,1.8622996285557747,1.7469990998506546,-1.0,0.0,1.0,-1.0,0.0,715.4799194335938,908.2428588867188,715.4799194335938,908.2428588867188,False,False,-0.32845390937868124,-0.6747675793049117,0.11296806336130562,False,,False,timeout
188,1787624578.687942,11.479922800324857,0.0613171998411417,16.308637749126877,True,142,0.00048070028424263,0.06630259938538074,15.082364933952995,False,False,False,,9.605401039123535,7.34011173248291,7.381523609161377,8.665535926818848,,,2.588895559310913,False,0.132048566,0.749402418931,0,-1.0,0.15434157848358154,1.011840581893921,-0.132048562169075,0.02038058266043663,0.13361209630966187,-0.132048562169075,0.02038058266043663,0.13361209630966187,-0.1271466761827469,0.018375208601355553,0.1284676045179367,-0.1271466761827469,0.018375208601355553,0.1284676045179367,-0.12714672088623047,0.018375396728515625,0.12846767902374268,False,False,1.827799715101719,1.3717003166675568,-1.0,0.0,1.0,-1.0,0.0,694.427978515625,908.1481323242188,694.427978515625,908.1481323242188,False,False,-0.3359077562785204,-0.6688650494091872,0.11293452997533032,False,,False,timeout
189,1787624578.750436,11.541361500509083,0.061438700184226036,16.276386007540296,False,,,,,False,False,False,,9.478254318237305,7.358487129211426,7.20283842086792,8.665828704833984,,,2.6242446899414062,False,0.132048566,0.749402418931,0,-1.0,1.0,1.4142135381698608,-0.132048562169075,0.132048562169075,0.18674486875534058,-0.132048562169075,0.132048562169075,0.18674486875534058,-0.130820170044899,0.10356234014034271,0.16685046255588531,-0.130820170044899,0.10356234014034271,0.16685046255588531,-0.13082027435302734,0.1035623550415039,0.16685055196285248,False,False,2.409299835562706,1.4931000769138336,-1.0,0.0,1.0,-1.0,0.0,676.1306762695312,908.1788330078125,676.1306762695312,908.1788330078125,False,False,-0.342405715884596,-0.6637855693807404,0.11293346510447168,False,,False,timeout
190,1787624578.8147635,11.602550300769508,0.061188800260424614,16.342860061709285,True,143,0.05518730077892542,0.07204330060631037,13.880541168770502,False,False,False,,9.347434043884277,7.46204948425293,6.994797706604004,8.66629409790039,,,2.642934560775757,False,0.132048566,0.749402418931,0,-1.0,1.0,1.4142135381698608,-0.132048562169075,0.132048562169075,0.18674486875534058,-0.132048562169075,0.132048562169075,0.18674486875534058,-0.1317407488822937,0.12490998208522797,0.1815437376499176,-0.1317407488822937,0.12490998208522797,0.1815437376499176,-0.13174057006835938,0.12490987777709961,0.18154354393482208,False,False,2.7570007368922234,2.361600287258625,-1.0,0.0,1.0,-1.0,0.0,654.8272705078125,908.2276611328125,654.8272705078125,908.2276611328125,False,False,-0.3499623943935301,-0.6578861604923357,0.112933314719462,False,,False,timeout
191,1787624578.8615158,11.652368700131774,0.049818399362266064,20.07290504715472,True,144,0.03513449989259243,0.06818869989365339,14.665186483384971,False,False,False,,9.215693473815918,7.586959362030029,6.84221887588501,8.666657447814941,,,2.6075141429901123,False,0.132048566,0.749402418931,0,-1.0,1.0,1.4142135381698608,-0.132048562169075,0.132048562169075,0.18674486875534058,-0.132048562169075,0.132048562169075,0.18674486875534058,-0.13197137415409088,0.13025961816310883,0.18542926013469696,-0.13197137415409088,0.13025961816310883,0.18542926013469696,-0.1319713592529297,0.13025951385498047,0.185429185628891,False,False,1.9633006304502487,1.4533000066876411,-1.0,0.0,1.0,-1.0,0.0,639.2032470703125,908.2657470703125,639.2032470703125,908.2657470703125,False,False,-0.35549680707183584,-0.6535668196692259,0.11296778954653441,False,,False,timeout
192,1787624578.9186902,11.709580900147557,0.05721220001578331,17.478789484133223,True,145,0.02294280007481575,0.06960109993815422,14.367589030756335,False,False,False,,9.083722114562988,7.71721887588501,6.638489723205566,8.665748596191406,,,2.622760057449341,False,0.132048566,0.749402418931,0,-1.0,0.7785727977752686,1.2673498392105103,-0.132048562169075,0.10280942171812057,0.16735172271728516,-0.132048562169075,0.10280942171812057,0.16735172271728516,-0.1320292055606842,0.10968834161758423,0.17164860665798187,-0.1320292055606842,0.10968834161758423,0.17164860665798187,-0.13202953338623047,0.10968828201293945,0.1716488152742386,False,False,2.0890003070235252,1.7927000299096107,-1.0,0.0,1.0,-1.0,0.0,618.3413696289062,908.17041015625,618.3413696289062,908.17041015625,False,False,-0.36283756285153274,-0.647752894945023,0.1129512749254571,False,,False,timeout
193,1787624578.9799778,11.770880400203168,0.061299500055611134,16.313346749855974,True,146,0.01612779963761568,0.06940339971333742,14.40851606881482,False,False,False,,8.951692581176758,7.826907157897949,6.459827423095703,8.666635513305664,,,2.6295504570007324,False,0.132048566,0.749402418931,0,-1.0,-0.8309328556060791,1.3001728057861328,-0.132048562169075,-0.10972348600625992,0.17168594896793365,-0.132048562169075,-0.10972348600625992,0.17168594896793365,-0.13204379379749298,-0.05473942682147026,0.1429404467344284,-0.13204379379749298,-0.05473943054676056,0.1429404467344284,-0.13204383850097656,-0.05473947525024414,0.142940491437912,False,False,1.9939001649618149,1.481299288570881,-1.0,0.0,1.0,-1.0,0.0,600.0463256835938,908.2633666992188,600.0463256835938,908.2633666992188,False,False,-0.3693107733817169,-0.6427289773147702,0.11301098004594481,False,,False,timeout
194,1787624579.0422077,11.832062700763345,0.06118230056017637,16.344596245060146,True,147,0.011039800010621548,0.06811629980802536,14.680773953052887,False,False,False,,8.819648742675781,7.772167682647705,6.2480082511901855,8.666565895080566,,,2.7227344512939453,False,0.132048566,0.749402418931,0,-1.0,1.0,1.4142135381698608,-0.132048562169075,0.132048562169075,0.18674486875534058,-0.132048562169075,0.132048562169075,0.18674486875534058,-0.1320473700761795,0.08523993194103241,0.15716981887817383,-0.1320473700761795,0.08523993194103241,0.15716981887817383,-0.1320476531982422,0.08523988723754883,0.15717004239559174,False,False,2.4880999699234962,1.8844995647668839,-1.0,0.0,1.0,-1.0,0.0,578.3560791015625,908.2561645507812,578.3560791015625,908.2561645507812,False,False,-0.37694238295449073,-0.6367380660483434,0.11302903800705952,False,,False,timeout
195,1787624579.1024442,11.89335330016911,0.06129059940576553,16.315715781789713,True,148,0.0006593996658921242,0.066269900649786,15.08980683832109,False,False,False,,8.687601089477539,7.857407569885254,6.046053409576416,8.666109085083008,,,2.762566089630127,False,0.132048566,0.749402418931,0,-1.0,0.9297329783439636,1.3654316663742065,-0.132048562169075,0.12276989966630936,0.18030327558517456,-0.132048562169075,0.12276989966630936,0.18030327558517456,-0.1320483237504959,0.11336496472358704,0.17403556406497955,-0.1320483237504959,0.11336496472358704,0.17403556406497955,-0.1320486068725586,0.11336517333984375,0.174035906791687,False,False,1.6903001815080643,1.7398996278643608,-1.0,0.0,1.0,-1.0,0.0,557.6759033203125,908.2081909179688,557.6759033203125,908.2081909179688,False,False,-0.38419558978023133,-0.6310204170399685,0.11297251695636622,False,,False,timeout
196,1787624579.162473,11.954903900623322,0.061550600454211235,16.246795199730354,False,,,,,False,False,False,,8.55555248260498,7.970772743225098,5.8631486892700195,8.665998458862305,,,2.780715227127075,False,0.132048566,0.749402418931,0,-1.0,1.0,1.4142135381698608,-0.132048562169075,0.132048562169075,0.18674486875534058,-0.132048562169075,0.132048562169075,0.18674486875534058,-0.1320485770702362,0.1273665428161621,0.18346406519412994,-0.1320485770702362,0.1273665428161621,0.18346406519412994,-0.1320486068725586,0.1273660659790039,0.18346376717090607,False,False,2.4327002465724945,1.3917004689574242,-1.0,0.0,1.0,-1.0,0.0,538.9464111328125,908.1966552734375,538.9464111328125,908.1966552734375,False,False,-0.39076238438455896,-0.62586237153336,0.1129914509813256,False,,False,timeout
197,1787624579.2146134,12.005416500382125,0.050512599758803844,19.79704083288071,True,149,0.040332100354135036,0.07167859934270382,13.951165468773773,False,False,False,,8.423503875732422,8.098138809204102,5.67588996887207,8.665186882019043,,,2.8055169582366943,False,0.132048566,0.749402418931,0,-1.0,0.2912560999393463,1.0415518283843994,-0.132048562169075,0.03845994919538498,0.13753540813922882,-0.132048562169075,0.03845994919538498,0.13753540813922882,-0.1320485770702362,0.060739606618881226,0.14534829556941986,-0.1320485770702362,0.060739606618881226,0.14534829556941986,-0.1320486068725586,0.06073951721191406,0.14534828066825867,False,False,2.5423001497983932,1.5506995841860771,-1.0,0.0,1.0,-1.0,0.0,519.7711791992188,908.1116333007812,519.7711791992188,908.1116333007812,False,False,-0.3974564616530915,-0.6205619025429835,0.1129765371313779,False,,False,timeout
198,1787624579.272872,12.06274800002575,0.05733149964362383,17.442418325284745,True,150,0.029757400043308735,0.07268610037863255,13.757788556420739,False,False,False,,8.291455268859863,8.158878326416016,5.495721817016602,8.665679931640625,,,2.8412978649139404,False,0.132048566,0.749402418931,0,-1.0,-0.36309531331062317,1.0638788938522339,-0.132048562169075,-0.04794621467590332,0.14048367738723755,-0.132048562169075,-0.04794621467590332,0.14048367738723755,-0.1320485770702362,-0.02070983499288559,0.13366271555423737,-0.1320485770702362,-0.02070983499288559,0.13366271555423737,-0.1320486068725586,-0.020709991455078125,0.13366277515888214,False,False,2.0881006494164467,1.769700087606907,-1.0,0.0,1.0,-1.0,0.0,501.3219299316406,908.1632690429688,501.3219299316406,908.1632690429688,False,False,-0.4039214963858254,-0.6155202720022795,0.11290511758686907,False,,False,timeout
199,1787624579.3319414,12.123947400599718,0.06119940057396889,16.340029324165457,True,151,0.011491400189697742,0.0676044998690486,14.791914768055706,False,False,False,,8.159406661987305,8.138168334960938,5.31110954284668,8.666555404663086,,,2.89689302444458,False,0.132048566,0.749402418931,0,-1.0,-1.0,1.4142135381698608,-0.132048562169075,-0.132048562169075,0.18674486875534058,-0.132048562169075,-0.132048562169075,0.18674486875534058,-0.1320485770702362,-0.10414738208055496,0.16817699372768402,-0.1320485770702362,-0.10414738208055496,0.16817699372768402,-0.1320486068725586,-0.10414695739746094,0.16817675530910492,False,False,1.8047001212835312,1.194399781525135,-1.0,0.0,1.0,-1.0,0.0,482.4176330566406,908.2550048828125,482.4176330566406,908.2550048828125,False,False,-0.410545877718963,-0.610376902065993,0.11294675745769671,False,,False,timeout
200,1787624579.3932126,12.185130500234663,0.06118309963494539,16.344382778358604,True,152,0.0028665000572800636,0.0794673003256321,12.583792275594028,False,False,False,,8.027358055114746,8.034021377563477,5.1020989418029785,8.666166305541992,,,2.9927828311920166,False,0.132048566,0.749402418931,0,-1.0,1.0,1.4142135381698608,-0.132048562169075,0.132048562169075,0.18674486875534058,-0.132048562169075,0.132048562169075,0.18674486875534058,-0.1320485770702362,0.0728585347533226,0.15081509947776794,-0.1320485770702362,0.0728585422039032,0.15081509947776794,-0.1320486068725586,0.07285881042480469,0.15081524848937988,False,False,1.9522001966834068,1.092500053346157,-1.0,0.0,1.0,-1.0,0.0,461.01495361328125,908.2142333984375,461.01495361328125,908.2142333984375,False,False,-0.41799666285904313,-0.6045084624002979,0.11290522456117946,False,,False,timeout
201,1787624579.455394,12.246324400417507,0.06119390018284321,16.341498041668665,False,,,,,False,False,False,,7.8953094482421875,8.106880187988281,4.922855377197266,8.66639518737793,,,3.024655342102051,False,0.132048566,0.749402418931,0,-1.0,-0.1865711212158203,1.0172555446624756,-0.132048562169075,-0.024636447429656982,0.13432712852954865,-0.132048562169075,-0.024636447429656982,0.13432712852954865,-0.1320485770702362,-0.00020437315106391907,0.13204872608184814,-0.1320485770702362,-0.0002043694257736206,0.13204872608184814,-0.1320486068725586,-0.0002040863037109375,0.13204875588417053,False,False,2.717699855566025,1.3877004384994507,-1.0,0.0,1.0,-1.0,0.0,442.6604309082031,908.2381591796875,442.6604309082031,908.2381591796875,False,False,-0.42439110250105583,-0.5995062149293758,0.11290191469331715,False,,False,timeout
202,1787624579.5175498,12.307488700374961,0.061164299957454205,16.349406446172008,True,153,0.05350110027939081,0.06980619952082634,14.325375208281535,False,False,False,,7.763260841369629,8.10667610168457,4.719998359680176,8.667051315307617,,,3.0944252014160156,False,0.132048566,0.749402418931,0,-1.0,-1.0,1.4142135381698608,-0.132048562169075,-0.132048562169075,0.18674486875534058,-0.132048562169075,-0.132048562169075,0.18674486875534058,-0.1320485770702362,-0.09900864958763123,0.16504405438899994,-0.1320485770702362,-0.09900864958763123,0.16504405438899994,-0.1320486068725586,-0.09900856018066406,0.16504402458667755,False,False,2.5217998772859573,1.506100408732891,-1.0,0.0,1.0,-1.0,0.0,421.8878173828125,908.3069458007812,421.8878173828125,908.3069458007812,False,False,-0.43162699186845355,-0.5938696093769686,0.1129042822148898,False,,False,timeout
203,1787624579.5808253,12.368611400015652,0.06112269964069128,16.360533907672313,True,154,0.05092039983719587,0.07200179994106293,13.88854168671547,False,False,False,,7.63121223449707,8.007667541503906,4.51703405380249,8.667043685913086,,,3.1832189559936523,False,0.132048566,0.749402418931,0,-1.0,-0.4762871563434601,1.1076323986053467,-0.132048562169075,-0.06289303302764893,0.14626125991344452,-0.132048562169075,-0.06289303302764893,0.14626125991344452,-0.1320485770702362,-0.0719434916973114,0.15037517249584198,-0.1320485770702362,-0.0719434916973114,0.15037517249584198,-0.1320486068725586,-0.07194328308105469,0.150375097990036,False,False,3.391299396753311,2.054099924862385,-1.0,0.0,1.0,-1.0,0.0,401.10430908203125,908.30615234375,401.10430908203125,908.30615234375,False,False,-0.43883706484266594,-0.5882131466109821,0.11292352756809793,False,,False,timeout
204,1787624579.6296592,12.41852920036763,0.04991780035197735,20.032934002477294,True,155,0.0308958999812603,0.06342090014368296,15.767672766145768,False,False,False,,7.499163627624512,7.935724258422852,4.362195014953613,8.667723655700684,,,3.2212412357330322,False,0.132048566,0.749402418931,0,-1.0,0.5017362236976624,1.1188114881515503,-0.132048562169075,0.06625355035066605,0.14773745834827423,-0.132048562169075,0.06625355035066605,0.14773745834827423,-0.1320485770702362,0.03162175416946411,0.13578203320503235,-0.1320485770702362,0.03162175416946411,0.13578203320503235,-0.1320486068725586,0.03162193298339844,0.13578210771083832,False,False,2.5885002687573433,1.2566996738314629,-1.0,0.0,1.0,-1.0,0.0,385.2487487792969,908.37744140625,385.2487487792969,908.37744140625,False,False,-0.44434751404294315,-0.5839315126394455,0.11289526101046997,False,,False,timeout
205,1787624579.684821,12.475696200504899,0.0571670001372695,17.49260933053682,True,156,0.019601999782025814,0.06994559988379478,14.29682498486489,False,False,False,,7.367115020751953,7.96734619140625,4.181205749511719,8.66801643371582,,,3.2620480060577393,False,0.132048566,0.749402418931,0,-1.0,0.35841289162635803,1.062289834022522,-0.132048562169075,0.047327905893325806,0.14027385413646698,-0.132048562169075,0.047327905893325806,0.14027385413646698,-0.1320485770702362,0.04339202493429184,0.13899530470371246,-0.1320485770702362,0.04339202493429184,0.13899530470371246,-0.1320486068725586,0.043392181396484375,0.13899537920951843,False,False,1.8261000514030457,1.7540007829666138,-1.0,0.0,1.0,-1.0,0.0,366.7154846191406,908.4080810546875,366.7154846191406,908.4080810546875,False,False,-0.45076640626048775,-0.5789137299473125,0.11290407224244192,False,,False,timeout
206,1787624579.7473822,12.537277100607753,0.061580900102853775,16.238801289519607,True,157,0.011763299815356731,0.06846120022237301,14.606813739049839,False,False,False,,7.2350664138793945,8.010738372802734,3.9766430854797363,8.667831420898438,,,3.3240177631378174,False,0.132048566,0.749402418931,0,-1.0,1.0,1.4142135381698608,-0.132048562169075,0.132048562169075,0.18674486875534058,-0.132048562169075,0.132048562169075,0.18674486875534058,-0.1320485770702362,0.10983148217201233,0.17175500094890594,-0.1320485770702362,0.10983148217201233,0.17175500094890594,-0.1320486068725586,0.1098318099975586,0.17175523936748505,False,False,2.2367993369698524,1.75509974360466,-1.0,0.0,1.0,-1.0,0.0,345.76824951171875,908.3887939453125,345.76824951171875,908.3887939453125,False,False,-0.4579963314968123,-0.5732309274753294,0.11294113608751419,False,,False,timeout
207,1787624579.8076763,12.598579600453377,0.06130249984562397,16.312548468957488,True,158,0.0019391998648643494,0.06942129973322153,14.404800887377371,False,False,False,,7.103017807006836,8.120570182800293,3.7707762718200684,8.666068077087402,,,3.376596212387085,False,0.132048566,0.749402418931,0,-1.0,0.22119350731372833,1.0241711139678955,-0.132048562169075,0.029208283871412277,0.1352403312921524,-0.132048562169075,0.029208283871412277,0.1352403312921524,-0.1320485770702362,0.04941234365105629,0.14099080860614777,-0.1320485770702362,0.04941234365105629,0.14099080860614777,-0.1320486068725586,0.04941272735595703,0.1409909576177597,False,False,1.8826993182301521,2.3058997467160225,-1.0,0.0,1.0,-1.0,0.0,324.6875,908.2039184570312,324.6875,908.2039184570312,False,False,-0.4652190144895351,-0.5674587357317481,0.11296171746931649,False,,False,timeout
208,1787624579.8681078,12.66008620057255,0.06150660011917353,16.25841776431191,False,,,,,False,False,False,,6.970969200134277,8.16998291015625,3.5895369052886963,8.66519832611084,,,3.4175024032592773,False,0.132048566,0.749402418931,0,-1.0,0.02562132477760315,1.0003281831741333,-0.132048562169075,0.003383259056136012,0.13209189474582672,-0.132048562169075,0.003383259056136012,0.13209189474582672,-0.1320485770702362,0.0149181317538023,0.1328885853290558,-0.1320485770702362,0.014918133616447449,0.1328885853290558,-0.1320486068725586,0.014918327331542969,0.13288864493370056,False,False,1.7457995563745499,2.1879998967051506,-1.0,0.0,1.0,-1.0,0.0,306.1285705566406,908.11279296875,306.1285705566406,908.11279296875,False,False,-0.4715854756809302,-0.5624121657591383,0.11303746490105002,False,,False,timeout
209,1787624579.932303,12.721208600327373,0.061122399754822254,16.36061417763796,True,159,0.057854400016367435,0.07112450059503317,14.059852675715419,False,False,False,,6.838920593261719,8.184901237487793,3.376697540283203,8.664868354797363,,,3.495333671569824,False,0.132048566,0.749402418931,0,-1.0,-0.5256422758102417,1.1297343969345093,-0.132048562169075,-0.0694103091955185,0.14917980134487152,-0.132048562169075,-0.0694103091955185,0.14917980134487152,-0.1320485770702362,-0.048277754336595535,0.1405971795320511,-0.1320485770702362,-0.04827775061130524,0.1405971795320511,-0.1320486068725586,-0.048277854919433594,0.14059725403785706,False,False,2.5798995047807693,1.372000202536583,-1.0,0.0,1.0,-1.0,0.0,284.3338623046875,908.0782470703125,284.3338623046875,908.0782470703125,False,False,-0.4790679733987712,-0.5565226900011647,0.1130947656112553,False,,False,timeout
210,1787624579.99395,12.782778900116682,0.0615702997893095,16.24159705932812,True,160,0.041623800061643124,0.06709529925137758,14.904173782032402,False,False,False,,6.70687198638916,8.13662338256836,3.176713705062866,8.665907859802246,,,3.5696160793304443,True,0.132048566,0.749402418931,0,-1.0,-1.0,1.4142135381698608,-0.132048562169075,-0.132048562169075,0.18674486875534058,-0.132048562169075,-0.132048562169075,0.18674486875534058,-0.1320485770702362,-0.11105582118034363,0.17254048585891724,-0.1320485770702362,-0.11105582118034363,0.17254048585891724,-0.1320486068725586,-0.11105537414550781,0.17254023253917694,False,False,2.937699668109417,2.02960055321455,-1.0,0.0,1.0,-1.0,0.0,263.85546875,908.1871337890625,263.85546875,908.1871337890625,False,False,-0.4861215734524715,-0.5510519512604386,0.11317235622161484,False,,False,timeout
211,1787624580.0552435,12.844112600199878,0.06133370008319616,16.304250332909135,True,161,0.03256489988416433,0.07742150034755468,12.916308719294722,False,False,False,,6.574823379516602,8.025568008422852,2.997143030166626,8.66611099243164,,,3.6345691680908203,True,0.132048566,0.749402418931,0,-1.0,-0.3056601881980896,1.0456711053848267,-0.132048562169075,-0.04036198928952217,0.13807937502861023,-0.132048562169075,-0.04036198928952217,0.13807937502861023,-0.1320485770702362,-0.058077577501535416,0.144256129860878,-0.1320485770702362,-0.058077577501535416,0.144256129860878,-0.1320486068725586,-0.05807781219482422,0.14425624907016754,False,False,2.0054997876286507,1.9416995346546173,-0.5,0.0,0.5,-1.0,0.0,276.18743896484375,908.2083740234375,276.18743896484375,908.2083740234375,False,False,-0.4924264352846849,-0.5461183425575582,0.11313083099954416,False,,False,timeout
212,1787624580.115525,12.905405400320888,0.06129280012100935,16.315129966745143,True,162,0.021047099493443966,0.07038780022412539,14.207007419124464,False,False,False,,6.442774772644043,7.967490196228027,2.7903530597686768,8.666150093078613,,,3.7186436653137207,True,0.132048566,0.749402418931,0,-1.0,1.0,1.4142135381698608,-0.132048562169075,0.132048562169075,0.18674486875534058,-0.132048562169075,0.132048562169075,0.18674486875534058,-0.1320485770702362,0.08440335094928741,0.15671870112419128,-0.1320485770702362,0.08440335094928741,0.15671870112419128,-0.1320486068725586,0.08440303802490234,0.15671855211257935,False,False,2.5384007021784782,1.7948998138308525,-0.5,0.0,0.5,-0.5,0.0,255.0121612548828,908.2125244140625,255.0121612548828,908.2125244140625,False,False,-0.4996704905053652,-0.5404380812060027,0.11313699897418114,False,,False,timeout
213,1787624580.1765637,12.966444700025022,0.061039299704134464,16.38288782550147,True,163,0.009389800019562244,0.0728126997128129,13.733867909639248,False,False,False,,6.310726165771484,8.05189323425293,2.7090625762939453,8.662652969360352,,,3.6530821323394775,True,0.132048566,0.749402418931,0,-1.0,0.5628142356872559,1.1475015878677368,-0.132048562169075,0.07431881129741669,0.15152592957019806,-0.132048562169075,0.07431881129741669,0.15152592957019806,-0.1320485770702362,0.07684589177370071,0.15278127789497375,-0.1320485770702362,0.07684589177370071,0.15278127789497375,-0.1320486068725586,0.07684612274169922,0.1527814120054245,False,False,2.444300800561905,1.790899783372879,-0.5,0.0,0.5,-0.5,0.0,246.68801879882812,907.8460083007812,246.68801879882812,907.8460083007812,False,False,-0.5024246486843402,-0.5380677220940879,0.11307353091033726,False,,False,timeout
214,1787624580.2360384,13.02791259996593,0.061467899940907955,16.268654061084696,False,,,,,False,False,False,,6.178677558898926,8.128739356994629,2.625298261642456,8.664610862731934,,,3.5935585498809814,True,0.132048566,0.749402418931,0,-1.0,0.35936790704727173,1.0626124143600464,-0.132048562169075,0.04745401442050934,0.1403164565563202,-0.132048562169075,0.04745401442050934,0.1403164565563202,-0.1320485770702362,0.054819606244564056,0.1429755836725235,-0.1320485770702362,0.054819606244564056,0.1429755836725235,-0.1320486068725586,0.05482006072998047,0.14297577738761902,False,False,2.2967997938394547,2.055499702692032,-1.0,-1.0,1.4142135381698608,-0.5,0.0,207.39053344726562,845.1712036132812,207.39053344726562,845.1712036132812,False,False,-0.505403435634955,-0.5358484172789522,0.11312204142400466,False,,False,timeout
215,1787624580.2870603,13.077911300584674,0.049998700618743896,20.000519766009926,True,164,0.03977819997817278,0.07270400039851665,13.754401333057906,False,False,False,,6.046628952026367,8.18355941772461,2.5254111289978027,8.657271385192871,,,3.5529394149780273,True,0.132048566,0.749402418931,0,-1.0,0.33215004205703735,1.0537189245224,-0.132048562169075,0.04385993629693985,0.13914206624031067,-0.132048562169075,0.04385993629693985,0.13914206624031067,-0.1320485770702362,0.04660651832818985,0.14003212749958038,-0.1320485770702362,0.04660651832818985,0.14003212749958038,-0.1320486068725586,0.04660606384277344,0.14003199338912964,False,False,2.069000154733658,2.0135995000600815,-1.0,-1.0,1.4142135381698608,-1.0,-1.0,197.16209411621094,844.4019775390625,197.16209411621094,844.4019775390625,False,False,-0.508705267221539,-0.5328183478629174,0.11311995085882812,False,,False,timeout
216,1787624580.3424065,13.135296100750566,0.05738480016589165,17.42621734517043,True,165,0.025309200398623943,0.08141560014337301,12.282658338684456,False,False,False,,5.914580345153809,8.230165481567383,2.3349883556365967,8.464913368225098,,,3.5872809886932373,True,0.132048566,0.749402418931,0,-1.0,-1.0,1.4142135381698608,-0.132048562169075,-0.132048562169075,0.18674486875534058,-0.132048562169075,-0.132048562169075,0.18674486875534058,-0.1320485770702362,-0.08727814257144928,0.1582854986190796,-0.1320485770702362,-0.08727814257144928,0.1582854986190796,-0.1320486068725586,-0.08727836608886719,0.15828564763069153,False,False,1.6951998695731163,0.9850999340415001,-1.0,-1.0,1.4142135381698608,-1.0,-1.0,177.66281127929688,824.2429809570312,177.66281127929688,824.2429809570312,False,False,-0.5104339118854659,-0.5199206756192366,0.1127131579072401,False,,False,timeout
217,1787624580.4056365,13.196536000818014,0.061239900067448616,16.32922324985208,True,166,0.01881720032542944,0.07150869909673929,13.984312574994092,False,False,False,,5.78253173828125,8.142887115478516,2.141557455062866,8.264372825622559,,,3.643000602722168,True,0.132048566,0.749402418931,0,-1.0,1.0,1.4142135381698608,-0.132048562169075,0.132048562169075,0.18674486875534058,-0.132048562169075,0.132048562169075,0.18674486875534058,-0.1320485770702362,0.07708576321601868,0.15290206670761108,-0.1320485770702362,0.07708576321601868,0.15290206670761108,-0.1320486068725586,0.07708549499511719,0.15290194749832153,False,False,1.9784001633524895,1.2963004410266876,-1.0,-1.0,1.4142135381698608,-1.0,-1.0,157.85548400878906,803.2262573242188,157.85548400878906,803.2262573242188,False,False,-0.5120610728164675,-0.5065907641696055,0.11301043414487166,False,,False,timeout
218,1787624580.4649827,13.257901300676167,0.061365299858152866,16.295854535242558,True,167,0.013599500060081482,0.06773170083761215,14.764135369898892,False,False,False,,5.650483131408691,8.219972610473633,1.936566948890686,8.068315505981445,,,3.7170114517211914,True,0.132048566,0.749402418931,0,-1.0,0.2937313914299011,1.042246699333191,-0.132048562169075,0.03878680616617203,0.13762716948986053,-0.132048562169075,0.03878680616617203,0.13762716948986053,-0.1320485770702362,0.04838436096906662,0.14063382148742676,-0.1320485770702362,0.04838436096906662,0.14063382148742676,-0.1320486068725586,0.048384666442871094,0.1406339555978775,False,False,1.6641998663544655,0.9711999446153641,-1.0,-1.0,1.4142135381698608,-1.0,-1.0,136.8644561767578,782.6795043945312,136.8644561767578,782.6795043945312,False,False,-0.5142103737368691,-0.49310250302368674,0.1128554092899188,False,,False,timeout
219,1787624580.5273268,13.319248800165951,0.06134749948978424,16.300582881402082,True,168,0.003590899519622326,0.06658459920436144,15.018487937890866,False,False,False,,5.518434524536133,8.268357276916504,1.7290295362472534,7.864333152770996,,,3.810882568359375,True,0.132048566,0.749402418931,0,-1.0,-1.0,1.4142135381698608,-0.132048562169075,-0.132048562169075,0.18674486875534058,-0.132048562169075,-0.132048562169075,0.18674486875534058,-0.1320485770702362,-0.0868324264883995,0.15804018080234528,-0.1320485770702362,-0.0868324339389801,0.15804018080234528,-0.1320486068725586,-0.08683204650878906,0.15803998708724976,False,False,2.02069990336895,1.1521996930241585,-0.5,-1.0,1.1180340051651,-1.0,-1.0,146.33261108398438,761.3021240234375,146.33261108398438,761.3021240234375,False,False,-0.5162493708347247,-0.4792026609181447,0.11299976749718432,False,,False,timeout
220,1787624580.5886567,13.380582900717854,0.06133410055190325,16.304143877576912,False,,,,,False,False,False,,5.386385917663574,8.181525230407715,1.5517902374267578,7.682276248931885,,,3.8669593334198,True,0.132048566,0.749402418931,0,-1.0,-1.0,1.4142135381698608,-0.132048562169075,-0.132048562169075,0.18674486875534058,-0.132048562169075,-0.132048562169075,0.18674486875534058,-0.1320485770702362,-0.12071740627288818,0.17891204357147217,-0.1320485770702362,-0.12071740627288818,0.17891204357147217,-0.1320486068725586,-0.12071704864501953,0.17891182005405426,False,False,2.8676996007561684,1.8505994230508804,0.0,-1.0,1.0,-0.5,-1.0,158.9033203125,742.2225341796875,158.9033203125,742.2225341796875,False,False,-0.5177921651877165,-0.4669944351831604,0.112835128048217,False,,False,timeout
221,1787624580.6511106,13.442053399980068,0.06147049926221371,16.267966130132056,True,169,0.0571638997644186,0.07135670073330402,14.014100844397282,False,False,False,,5.254337310791016,8.060808181762695,1.466615080833435,7.473610877990723,,,3.832967519760132,True,0.132048566,0.749402418931,0,-1.0,-1.0,1.4142135381698608,-0.132048562169075,-0.132048562169075,0.18674486875534058,-0.132048562169075,-0.132048562169075,0.18674486875534058,-0.1320485770702362,-0.12920890748500824,0.1847478598356247,-0.1320485770702362,-0.12920890748500824,0.1847478598356247,-0.1320486068725586,-0.12920904159545898,0.18474796414375305,False,False,1.8036998808383942,1.4065001159906387,0.0,-1.0,1.0,0.0,-1.0,150.18138122558594,720.3544311523438,150.18138122558594,720.3544311523438,False,False,-0.5154258444002512,-0.4561890414794102,0.11294824540990546,False,,False,timeout
222,1787624580.7139251,13.503797300159931,0.061743900179862976,16.19593185864436,True,170,0.05387119948863983,0.06951299961656332,14.38579841923155,False,False,False,,5.122288703918457,7.931599140167236,1.4914922714233398,7.271439075469971,,,3.690324306488037,True,0.132048566,0.749402418931,0,-1.0,-0.7583650350570679,1.2550368309020996,-0.132048562169075,-0.1001410111784935,0.16572581231594086,-0.132048562169075,-0.1001410111784935,0.16572581231594086,-0.1320485770702362,-0.10742538422346115,0.17022643983364105,-0.1320485770702362,-0.10742538422346115,0.17022643983364105,-0.1320486068725586,-0.10742521286010742,0.1702263504266739,False,False,2.4880003184080124,1.4535998925566673,0.0,-1.0,1.0,0.0,-1.0,152.7288055419922,699.1668701171875,152.7288055419922,699.1668701171875,False,False,-0.5093502445391301,-0.4486164891215945,0.11292589361490078,False,,False,timeout
223,1787624580.7741256,13.565034100785851,0.061236800625920296,16.330049737718014,True,171,0.04755250085145235,0.06475420016795397,15.443013694961634,False,False,False,,4.990240097045898,7.824173927307129,1.4894003868103027,7.090250015258789,,,3.5769433975219727,True,0.132048566,0.749402418931,0,-1.0,-1.0,1.4142135381698608,-0.132048562169075,-0.132048562169075,0.18674486875534058,-0.132048562169075,-0.132048562169075,0.18674486875534058,-0.1320485770702362,-0.1258780062198639,0.1824338287115097,-0.1320485770702362,-0.1258780062198639,0.1824338287115097,-0.1320486068725586,-0.12587785720825195,0.18243373930454254,False,False,2.2571999579668045,1.4503998681902885,0.0,-1.0,1.0,0.0,-1.0,152.5146026611328,680.17822265625,152.5146026611328,680.17822265625,False,False,-0.5047464024080818,-0.4411418240615269,0.11288497508409953,False,,False,timeout
224,1787624580.8373294,13.626173600554466,0.06113949976861477,16.35603830231758,True,172,0.03546189982444048,0.06755529996007681,14.802687584704243,False,False,False,,4.85819149017334,7.698296070098877,1.4818518161773682,6.88232946395874,,,3.473538875579834,False,0.132048566,0.749402418931,0,-1.0,-1.0,1.4142135381698608,-0.132048562169075,-0.132048562169075,0.18674486875534058,-0.132048562169075,-0.132048562169075,0.18674486875534058,-0.1320485770702362,-0.13050219416618347,0.1856546550989151,-0.1320485770702362,-0.13050219416618347,0.1856546550989151,-0.1320486068725586,-0.13050222396850586,0.1856546849012375,False,False,3.1415997073054314,1.3824999332427979,-0.5,-1.0,1.1180340051651,0.0,-1.0,121.0216293334961,658.3881225585938,121.0216293334961,658.3881225585938,False,False,-0.4996279708842894,-0.43239606462674063,0.11289963596102312,False,,False,timeout
225,1787624580.897496,13.687331800349057,0.06115819979459047,16.351037201203745,True,173,0.027077799662947655,0.07323409989476204,13.65484113871827,False,False,False,,4.726142883300781,7.567793846130371,1.4710172414779663,6.680294036865234,,,3.373944044113159,False,0.132048566,0.749402418931,0,-1.0,0.5744061470031738,1.1532312631607056,-0.132048562169075,0.0758495032787323,0.15228253602981567,-0.132048562169075,0.0758495032787323,0.15228253602981567,-0.1320485770702362,0.024138260632753372,0.1342366635799408,-0.1320485770702362,0.024138256907463074,0.1342366635799408,-0.1320486068725586,0.024138450622558594,0.13423672318458557,False,False,1.9735004752874374,1.0585002601146698,-0.5,-1.0,1.1180340051651,-0.5,-1.0,119.91215515136719,637.21484375,119.91215515136719,637.21484375,False,False,-0.4947615344272147,-0.4237735544425035,0.11289654416850826,False,,False,timeout
226,1787624580.9577448,13.748659200035036,0.06132739968597889,16.305925330609234,True,174,0.019162999466061592,0.06953640002757311,14.380957305863868,False,False,False,,4.594094276428223,7.59193229675293,1.364349365234375,6.502787113189697,,,3.4084439277648926,False,0.132048566,0.749402418931,0,-1.0,-1.0,1.4142135381698608,-0.132048562169075,-0.132048562169075,0.18674486875534058,-0.132048562169075,-0.132048562169075,0.18674486875534058,-0.1320485770702362,-0.09290847182273865,0.16145838797092438,-0.1320485770702362,-0.09290847182273865,0.16145838797092438,-0.1320486068725586,-0.09290838241577148,0.161458358168602,False,False,1.8782000988721848,1.7464999109506607,0.0,-1.0,1.0,-0.5,-1.0,139.70938110351562,618.6121215820312,139.70938110351562,618.6121215820312,False,False,-0.4939180937029063,-0.4135241676145538,0.11292382402647491,False,,False,timeout
227,1787624581.0190318,13.80995920021087,0.0613000001758337,16.31321365630648,True,175,0.01340549997985363,0.06924839969724417,14.44076692561888,False,False,False,,4.462045669555664,7.499023914337158,1.2579460144042969,6.291326999664307,,,3.424147605895996,False,0.132048566,0.749402418931,0,-1.0,0.4945659637451172,1.115614414215088,-0.132048562169075,0.06530672311782837,0.14731527864933014,-0.132048562169075,0.06530672311782837,0.14731527864933014,-0.1320485770702362,0.02565840259194374,0.1345183253288269,-0.1320485770702362,0.025658398866653442,0.1345183253288269,-0.1320486068725586,0.025658607482910156,0.13451839983463287,False,False,1.913200132548809,1.7271004617214203,0.0,-1.0,1.0,0.0,-1.0,128.8136749267578,596.4510498046875,128.8136749267578,596.4510498046875,False,False,-0.49217722999890945,-0.4018493407400036,0.11287042573837401,False,,False,timeout
228,1787624581.0785053,13.871503100730479,0.06154390051960945,16.24856389596845,True,176,0.010779100470244884,0.06705369986593723,14.913420169197739,False,False,False,,4.3299970626831055,7.524682521820068,1.280226707458496,6.088313102722168,,,3.37109112739563,False,0.132048566,0.749402418931,0,-1.0,-1.0,1.4142135381698608,-0.132048562169075,-0.132048562169075,0.18674486875534058,-0.132048562169075,-0.132048562169075,0.18674486875534058,-0.1320485770702362,-0.09252752363681793,0.16123947501182556,-0.1320485770702362,-0.09252752363681793,0.16123947501182556,-0.1320486068725586,-0.09252738952636719,0.16123943030834198,False,False,1.7476007342338562,0.9743999689817429,0.0,-1.0,1.0,0.0,-1.0,131.09521484375,575.1752319335938,131.09521484375,575.1752319335938,False,False,-0.48607427367901074,-0.3940030731065624,0.11292844203494751,False,,False,timeout
229,1787624581.1430113,13.932790700346231,0.0612875996157527,16.316514372721016,True,177,0.004588199779391289,0.06417300086468458,15.5828773241975,False,False,False,,4.197948455810547,7.432155132293701,1.2788892984390259,5.907434463500977,,,3.2932779788970947,False,0.132048566,0.749402418931,0,-1.0,-1.0,1.4142135381698608,-0.132048562169075,-0.132048562169075,0.18674486875534058,-0.132048562169075,-0.132048562169075,0.18674486875534058,-0.1320485770702362,-0.12214464694261551,0.1798781305551529,-0.1320485770702362,-0.12214464694261551,0.1798781305551529,-0.1320486068725586,-0.12214469909667969,0.17987819015979767,False,False,2.6280004531145096,1.896800473332405,0.0,-1.0,1.0,0.0,-1.0,130.95826721191406,556.2191162109375,130.95826721191406,556.2191162109375,False,False,-0.48137400311960554,-0.38641021605327397,0.11284308318157914,False,,False,timeout
230,1787624581.205823,13.99466080032289,0.06187009997665882,16.162896138478217,False,,,,,False,False,False,,4.065899848937988,7.3100104331970215,1.2771855592727661,5.7004218101501465,,,3.2198917865753174,False,0.132048566,0.749402418931,0,-1.0,-1.0,1.4142135381698608,-0.132048562169075,-0.132048562169075,0.18674486875534058,-0.132048562169075,-0.132048562169075,0.18674486875534058,-0.1320485770702362,-0.12956666946411133,0.18499822914600372,-0.1320485770702362,-0.12956666946411133,0.18499822914600372,-0.1320486068725586,-0.12956666946411133,0.1849982589483261,False,False,3.025699406862259,2.100599929690361,0.0,-1.0,1.0,0.0,-1.0,130.78379821777344,534.5242309570312,130.78379821777344,534.5242309570312,False,False,-0.47598313470616616,-0.3776870648049267,0.11286845307414611,False,,False,timeout
231,1787624581.2535372,14.04550710041076,0.05084630008786917,19.667114387317604,True,178,0.03602979984134436,0.0674808993935585,14.81900817841584,False,False,False,,3.9338512420654297,7.18044376373291,1.2733200788497925,5.524837493896484,,,3.133601427078247,False,0.132048566,0.749402418931,0,-1.0,-0.4272667169570923,1.0874543190002441,-0.132048562169075,-0.05641995742917061,0.14359678328037262,-0.132048562169075,-0.05641995742917061,0.14359678328037262,-0.1320485770702362,-0.07475034892559052,0.15173806250095367,-0.1320485770702362,-0.07475034892559052,0.15173806250095367,-0.1320486068725586,-0.07475042343139648,0.15173813700675964,False,False,1.674099825322628,1.7165997996926308,0.0,-1.0,1.0,0.0,-1.0,130.38796997070312,516.1229858398438,130.38796997070312,516.1229858398438,False,False,-0.4714826398091264,-0.3701982120719883,0.11287861808091836,False,,False,timeout
232,1787624581.309997,14.10191410034895,0.05640699993818998,17.728296152885036,True,179,0.012989100068807602,0.08163900021463633,12.249047604342403,False,False,False,,3.801802635192871,7.105693340301514,1.2701798677444458,5.34334135055542,,,3.084639310836792,False,0.132048566,0.749402418931,0,-1.0,0.07117009162902832,1.0025293827056885,-0.132048562169075,0.009397908113896847,0.1323825716972351,-0.132048562169075,0.009397908113896847,0.1323825716972351,-0.1320485770702362,-0.011689458973705769,0.1325649619102478,-0.1320485770702362,-0.011689461767673492,0.1325649619102478,-0.1320486068725586,-0.01168966293334961,0.13256500661373138,False,False,1.7301002517342567,0.9435005486011505,0.0,-1.0,1.0,0.0,-1.0,130.06642150878906,497.1022033691406,130.06642150878906,497.1022033691406,False,False,-0.4667858751064118,-0.3624572702473159,0.11289224737721272,False,,False,timeout
233,1787624581.3739657,14.163830100558698,0.061916000209748745,16.150914087027036,True,180,0.007841699756681919,0.07908579986542463,12.6444949877429,False,False,False,,3.6697540283203125,7.094003677368164,1.2706217765808105,5.159816265106201,,,3.0817067623138428,False,0.132048566,0.749402418931,0,-1.0,-1.0,1.4142135381698608,-0.132048562169075,-0.132048562169075,0.18674486875534058,-0.132048562169075,-0.132048562169075,0.18674486875534058,-0.1320485770702362,-0.10188691318035126,0.16678659617900848,-0.1320485770702362,-0.10188691318035126,0.16678659617900848,-0.1320486068725586,-0.10188674926757812,0.16678652167320251,False,False,2.6457002386450768,1.7148004844784737,0.0,-1.0,1.0,0.0,-1.0,130.11166381835938,477.8687438964844,130.11166381835938,477.8687438964844,False,False,-0.4618918184525808,-0.35470449017387273,0.11287076005541892,False,,False,timeout
234,1787624581.4342315,14.225154099985957,0.06132399942725897,16.306829452409993,True,181,0.004527299664914608,0.06705829966813326,14.912397196900736,False,False,False,,3.537705421447754,6.992116928100586,1.2697807550430298,4.950135707855225,,,3.051748514175415,False,0.132048566,0.749402418931,0,-0.9517124891281128,-1.0,1.3804914951324463,-0.12567226588726044,-0.132048562169075,0.1822919100522995,-0.12567226588726044,-0.132048562169075,0.1822919100522995,-0.1272701621055603,-0.12449008226394653,0.17803223431110382,-0.1272701621055603,-0.12449008226394653,0.17803223431110382,-0.12727022171020508,-0.12449026107788086,0.17803239822387695,False,False,1.917799934744835,1.7142994329333305,0.0,-1.0,1.0,0.0,-1.0,130.0255584716797,455.89422607421875,130.0255584716797,455.89422607421875,False,False,-0.45633003775441944,-0.3457802330057407,0.11289782214413813,False,,False,timeout
235,1787624581.4964757,14.286341600120068,0.06118750013411045,16.34320731862235,False,,,,,False,False,False,,3.410435199737549,6.867626667022705,1.2688099145889282,4.77011775970459,,,2.997683048248291,False,0.132048566,0.749402418931,0,-1.0,-1.0,1.4142135381698608,-0.132048562169075,-0.132048562169075,0.18674486875534058,-0.132048562169075,-0.132048562169075,0.18674486875534058,-0.1308511197566986,-0.13015446066856384,0.18455947935581207,-0.1308511197566986,-0.13015446066856384,0.18455947935581207,-0.13085103034973145,-0.13015460968017578,0.18455950915813446,False,False,3.88879980891943,1.935899257659912,0.0,-1.0,1.0,0.0,-1.0,129.92613220214844,437.02838134765625,129.92613220214844,437.02838134765625,False,False,-0.45154811563854574,-0.3380861252086494,0.11284305496758028,False,,False,timeout
236,1787624581.5596912,14.347541400231421,0.0611998001113534,16.339922649755295,True,182,0.056234899908304214,0.06463400088250637,15.471732932297199,False,False,False,,3.2795841693878174,6.737472057342529,1.2691292762756348,4.562219142913818,,,2.9620354175567627,False,0.132048566,0.749402418931,0,-0.9906857013702393,-0.997808039188385,1.4060864448547363,-0.13081862032413483,-0.13175912201404572,0.18567168712615967,-0.13081862032413483,-0.13175912201404572,0.18567168712615967,-0.13082674145698547,-0.13135702908039093,0.18539229035377502,-0.13082674145698547,-0.13135702908039093,0.18539229035377502,-0.13082671165466309,-0.13135719299316406,0.18539239466190338,False,False,2.8985999524593353,1.4799004420638084,0.0,-1.0,1.0,0.0,-1.0,129.95883178710938,415.2405700683594,129.95883178710938,415.2405700683594,False,False,-0.44595514002462033,-0.32921034740069377,0.11281999075813748,False,,False,timeout
237,1787624581.620735,14.408534300513566,0.060992900282144547,16.395350858446495,True,183,0.03925330005586147,0.0711018992587924,14.064321915793844,False,False,False,,3.1487574577331543,6.606114864349365,1.263519048690796,4.364045143127441,,,2.9293344020843506,False,0.132048566,0.749402418931,0,-1.0,-1.0,1.4142135381698608,-0.132048562169075,-0.132048562169075,0.18674486875534058,-0.132048562169075,-0.132048562169075,0.18674486875534058,-0.13174235820770264,-0.13187530636787415,0.18640586733818054,-0.13174235820770264,-0.13187530636787415,0.18640586733818054,-0.1317424774169922,-0.13187551498413086,0.18640609085559845,False,False,2.8627002611756325,2.01330054551363,0.0,-1.0,1.0,0.0,-1.0,129.3843536376953,394.4719543457031,129.3843536376953,394.4719543457031,False,False,-0.44081992768144573,-0.3205583419348708,0.11280676484240254,False,,False,timeout
238,1787624581.6772132,14.470168600790203,0.06163430027663708,16.22473193516658,True,184,0.030685100704431534,0.07755430042743683,12.894191482465159,False,False,False,,3.017014980316162,6.474239349365234,1.260884165763855,4.1573004722595215,,,2.907266855239868,False,0.132048566,0.749402418931,0,-1.0,0.8849517107009888,1.3353424072265625,-0.132048562169075,0.11685659736394882,0.17633004486560822,-0.132048562169075,0.11685659736394882,0.17633004486560822,-0.13197185099124908,0.05452492833137512,0.14279194176197052,-0.13197185099124908,0.05452492833137512,0.14279194176197052,-0.1319718360900879,0.054524898529052734,0.14279191195964813,False,False,1.4965999871492386,0.9764004498720169,0.0,-1.0,1.0,0.0,-1.0,129.11453247070312,372.80511474609375,129.11453247070312,372.80511474609375,False,False,-0.4353270908505783,-0.3115892300679793,0.11274080902906745,False,,False,timeout
239,1787624581.7417262,14.531618300825357,0.06144970003515482,16.273472440514908,True,185,0.012389100156724453,0.07020180020481348,14.244648956045342,False,False,False,,2.885043144226074,6.528764247894287,1.259887456893921,3.9759528636932373,,,3.026215076446533,False,0.132048566,0.749402418931,0,-1.0,-1.0,1.4142135381698608,-0.132048562169075,-0.132048562169075,0.18674486875534058,-0.132048562169075,-0.132048562169075,0.18674486875534058,-0.13202932476997375,-0.08529370278120041,0.15718384087085724,-0.13202932476997375,-0.085293710231781,0.15718384087085724,-0.13202929496765137,-0.08529376983642578,0.15718385577201843,False,False,2.3290999233722687,1.8226997926831245,0.0,-0.5,0.5,0.0,-1.0,129.01248168945312,385.2398681640625,129.01248168945312,385.2398681640625,False,False,-0.4304450454326373,-0.3037317960855746,0.11280510423061352,False,,False,timeout
240,1787624581.801209,14.593180800788105,0.0615624999627471,16.243654832164438,False,,,,,False,False,False,,2.753013849258423,6.443470478057861,1.259399652481079,3.770904779434204,,,3.0616157054901123,False,0.132048566,0.749402418931,0,-1.0,-1.0,1.4142135381698608,-0.132048562169075,-0.132048562169075,0.18674486875534058,-0.132048562169075,-0.132048562169075,0.18674486875534058,-0.1320437341928482,-0.12033192068338394,0.17864859104156494,-0.1320437341928482,-0.12033192068338394,0.17864859104156494,-0.13204383850097656,-0.1203317642211914,0.17864856123924255,False,False,2.1769003942608833,1.3780994340777397,0.5,-1.0,1.1180340051651,0.0,-0.5,159.68252563476562,332.3108215332031,159.68252563476562,332.3108215332031,False,False,-0.4248832524778691,-0.29483540500851035,0.11278009053405544,False,,False,timeout
241,1787624581.8555534,14.64424560032785,0.051064799539744854,19.58296143357379,True,186,0.04223680030554533,0.07974640000611544,12.539751009742307,False,False,False,,2.6209700107574463,6.32313871383667,1.2602545022964478,3.710221290588379,,,2.9459943771362305,False,0.132048566,0.749402418931,0,-1.0,-1.0,1.4142135381698608,-0.132048562169075,-0.132048562169075,0.18674486875534058,-0.132048562169075,-0.132048562169075,0.18674486875534058,-0.1320473700761795,-0.1291123628616333,0.18467947840690613,-0.1320473700761795,-0.1291123628616333,0.18467947840690613,-0.13204741477966309,-0.12911224365234375,0.18467943370342255,False,False,2.8240997344255447,2.0055007189512253,0.5,-1.0,1.1180340051651,0.5,-1.0,159.7700653076172,325.9512023925781,159.7700653076172,325.9512023925781,False,False,-0.4231969081529613,-0.2922239062494489,0.1129348477322028,False,,False,timeout
242,1787624581.9133599,14.699968799948692,0.055723199620842934,17.945846735368654,True,187,0.029979299753904343,0.08319699950516224,12.019664242073437,False,False,False,,2.488922595977783,6.194026470184326,1.3437535762786865,3.545668363571167,,,2.8853445053100586,False,0.132048566,0.749402418931,0,-1.0,-1.0,1.4142135381698608,-0.132048562169075,-0.132048562169075,0.18674486875534058,-0.132048562169075,-0.132048562169075,0.18674486875534058,-0.13204826414585114,-0.13131272792816162,0.1862250715494156,-0.13204826414585114,-0.13131272792816162,0.1862250715494156,-0.1320483684539795,-0.13131284713745117,0.18622522056102753,False,False,3.6317994818091393,1.5528993681073189,0.5,-1.0,1.1180340051651,0.5,-1.0,168.3203582763672,308.7060241699219,168.3203582763672,308.7060241699219,False,False,-0.41563782029378776,-0.2873542875512142,0.1127777444593287,False,,False,timeout
243,1787624581.9695158,14.761416700668633,0.06144790071994066,16.273948959748378,True,188,0.02485170029103756,0.06756970006972551,14.79953291146912,False,False,False,,2.3568742275238037,6.062713623046875,1.4608289003372192,3.3163087368011475,,,2.8888816833496094,False,0.132048566,0.749402418931,0,-1.0,-1.0,1.4142135381698608,-0.132048562169075,-0.132048562169075,0.18674486875534058,-0.132048562169075,-0.132048562169075,0.18674486875534058,-0.13204851746559143,-0.13186419010162354,0.1866145133972168,-0.13204851746559143,-0.13186419010162354,0.1866145133972168,-0.1320486068725586,-0.13186407089233398,0.1866144835948944,False,False,1.657799817621708,1.1817002668976784,1.0,-1.0,1.4142135381698608,0.5,-1.0,211.02886962890625,284.66912841796875,211.02886962890625,284.66912841796875,False,False,-0.40503130691369726,-0.2805568875673869,0.11271554014569662,False,,False,timeout
244,1787624582.0307047,14.822601900435984,0.06118519976735115,16.343821770663027,True,189,0.010179400444030762,0.06656940001994371,15.021916972368794,False,False,False,,2.224825620651245,5.930849552154541,1.5645967721939087,3.1205568313598633,,,2.886805534362793,False,0.132048566,0.749402418931,0,-1.0,-1.0,1.4142135381698608,-0.132048562169075,-0.132048562169075,0.18674486875534058,-0.132048562169075,-0.132048562169075,0.18674486875534058,-0.1320485770702362,-0.1320023238658905,0.18671217560768127,-0.1320485770702362,-0.1320023238658905,0.18671217560768127,-0.1320486068725586,-0.1320023536682129,0.18671222031116486,False,False,2.0190002396702766,1.0818997398018837,1.0,-1.0,1.4142135381698608,1.0,-1.0,221.65472412109375,264.15435791015625,221.65472412109375,264.15435791015625,False,False,-0.3957949822274388,-0.27483452774389255,0.11272830590705071,False,,False,timeout
245,1787624582.0941834,14.884088000282645,0.06148609984666109,16.263838534138273,True,190,0.00647209957242012,0.07586249988526106,13.181743305486364,False,False,False,,2.0927770137786865,5.798847198486328,1.7713005542755127,2.935173273086548,,,2.881661891937256,False,0.132048566,0.749402418931,0,-1.0,-0.5682129859924316,1.1501591205596924,-0.132048562169075,-0.07503170520067215,0.15187685191631317,-0.132048562169075,-0.07503170520067215,0.15187685191631317,-0.1320485770702362,-0.08930841088294983,0.15941397845745087,-0.1320485770702362,-0.08930841088294983,0.15941397845745087,-0.1320486068725586,-0.08930826187133789,0.1594139188528061,False,False,2.280900254845619,1.7428994178771973,1.0,-1.0,1.4142135381698608,1.0,-1.0,242.82119750976562,244.7261505126953,242.82119750976562,244.7261505126953,False,False,-0.38299145362601866,-0.27237950903129593,0.11269469104417112,False,,False,timeout
246,1787624582.154414,14.945297600701451,0.061209600418806076,16.337306454507736,False,,,,,False,False,False,,1.960728406906128,5.70953893661499,1.982836365699768,2.728168487548828,,,2.981452465057373,False,0.132048566,0.749402418931,0,0.4204822778701782,-1.0,1.0848065614700317,0.055524080991744995,-0.132048562169075,0.14324715733528137,0.055524080991744995,-0.132048562169075,0.14324715733528137,0.008518818765878677,-0.12133794277906418,0.12163662165403366,0.008518815040588379,-0.12133794277906418,0.12163662165403366,0.008518815040588379,-0.121337890625,0.12163656949996948,False,False,2.6874998584389687,1.9873995333909988,1.0,-1.0,1.4142135381698608,1.0,-1.0,264.4824523925781,223.0320587158203,264.4824523925781,223.0320587158203,False,False,-0.3693369447269316,-0.26909120826085353,0.11261245338746226,False,,False,timeout
247,1787624582.2167358,15.006603199988604,0.06130559928715229,16.3117237516275,True,191,0.05030099954456091,0.06518669985234737,15.340552632133132,False,False,False,,1.9692472219467163,5.58820104598999,2.182354211807251,2.524303674697876,,,3.0712997913360596,False,0.132048566,0.749402418931,0,-0.5938408374786377,-1.0,1.1630334854125977,-0.07841582596302032,-0.132048562169075,0.15357691049575806,-0.07841582596302032,-0.132048562169075,0.15357691049575806,-0.0566302165389061,-0.1293644905090332,0.1412166953086853,-0.0566302165389061,-0.1293644905090332,0.1412166953086853,-0.05663025379180908,-0.1293644905090332,0.1412166953086853,False,False,2.6989998295903206,1.4247000217437744,1.0,-1.0,1.4142135381698608,1.0,-1.0,284.9130859375,201.66702270507812,284.9130859375,201.66702270507812,False,False,-0.35614640761473465,-0.26559147415950535,0.11263850628520405,False,,False,timeout
248,1787624582.2811944,15.067860800772905,0.06125760078430176,16.324504831999004,True,192,0.04133890010416508,0.07904040068387985,12.651757725767048,False,False,False,,1.9126169681549072,5.458836555480957,2.365800380706787,2.3425393104553223,,,3.1490767002105713,False,0.132048566,0.749402418931,0,1.0,-1.0,1.4142135381698608,0.132048562169075,-0.132048562169075,0.18674486875534058,0.132048562169075,-0.132048562169075,0.18674486875534058,0.08476610481739044,-0.13137593865394592,0.15634874999523163,0.08476610481739044,-0.13137593865394592,0.15634874999523163,0.08476614952087402,-0.13137578964233398,0.15634864568710327,False,False,3.0469000339508057,2.152899280190468,1.0,-1.0,1.4142135381698608,1.0,-1.0,303.69793701171875,182.6181182861328,303.69793701171875,182.6181182861328,False,False,-0.3441182362135075,-0.262609588588379,0.11252255401109057,False,,False,timeout
249,1787624582.3383656,15.129153599962592,0.061292799189686775,16.31513021464782,True,193,0.03459069970995188,0.06987100001424551,14.312089419016717,False,False,False,,1.9973831176757812,5.327460765838623,2.5772335529327393,2.1330618858337402,,,3.2465999126434326,False,0.132048566,0.749402418931,0,1.0,-1.0,1.4142135381698608,0.132048562169075,-0.132048562169075,0.18674486875534058,0.132048562169075,-0.132048562169075,0.18674486875534058,0.12019969522953033,-0.13187995553016663,0.1784384697675705,0.12019969522953033,-0.13187995553016663,0.1784384697675705,0.12019968032836914,-0.1318798065185547,0.17843835055828094,False,False,1.6930997371673584,1.4082007110118866,1.0,-1.0,1.4142135381698608,1.0,-1.0,325.3487243652344,160.66488647460938,325.3487243652344,160.66488647460938,False,False,-0.3301841648671405,-0.2591559092110933,0.11249990407753666,False,,False,timeout
250,1787624582.397471,15.190380800515413,0.06122720055282116,16.332610195648137,True,194,0.02441520057618618,0.06813239958137274,14.677304867351216,False,False,False,,2.1175827980041504,5.195580959320068,2.7815356254577637,1.9283101558685303,,,3.334050416946411,False,0.132048566,0.749402418931,0,-0.6073703765869141,-1.0,1.1699994802474976,-0.0802023857831955,-0.132048562169075,0.15449674427509308,-0.0802023857831955,-0.132048562169075,0.15449674427509308,-0.02998211234807968,-0.13200627267360687,0.13536833226680756,-0.02998211979866028,-0.13200627267360687,0.13536833226680756,-0.02998208999633789,-0.13200616836547852,0.135368213057518,False,False,1.6214000061154366,0.999700278043747,1.0,-1.0,1.4142135381698608,1.0,-1.0,346.26922607421875,139.20689392089844,346.26922607421875,139.20689392089844,False,False,-0.31657941206287576,-0.2556958779626393,0.11249601762761581,False,,False,timeout
251,1787624582.461071,15.251876800321043,0.06149599980562925,16.261220293363888,True,195,0.013031300157308578,0.07131330017000437,14.022629686413218,False,False,False,,2.0876007080078125,5.06357479095459,2.9651806354522705,1.7445404529571533,,,3.4330942630767822,False,0.132048566,0.749402418931,0,0.9565742015838623,-1.0,1.3838475942611694,0.12631425261497498,-0.132048562169075,0.18273508548736572,0.12631425261497498,-0.132048562169075,0.18273508548736572,0.08714676648378372,-0.1320379376411438,0.15820422768592834,0.08714676648378372,-0.1320379376411438,0.15820422768592834,0.08714675903320312,-0.13203811645507812,0.1582043617963791,False,False,1.8870998173952103,1.7576999962329865,1.0,-0.5,1.1180340051651,1.0,-1.0,365.07452392578125,151.38784790039062,365.07452392578125,151.38784790039062,False,False,-0.30429569417150387,-0.2525823001445068,0.11242299895747374,False,,False,timeout
252,1787624582.5233617,15.313283300027251,0.061406499706208706,16.284921055334014,True,196,0.009704399853944778,0.0728727001696825,13.72255999395551,False,False,False,,2.1747474670410156,4.931536674499512,3.1793408393859863,1.5452663898468018,,,3.5321431159973145,True,0.132048566,0.749402418931,0,1.0,-1.0,1.4142135381698608,0.132048562169075,-0.132048562169075,0.18674486875534058,0.132048562169075,-0.132048562169075,0.18674486875534058,0.12079627811908722,-0.1320459395647049,0.1789633184671402,0.12079627811908722,-0.1320459395647049,0.1789633184671402,0.12079620361328125,-0.13204574584960938,0.17896313965320587,False,False,2.3479005321860313,1.766500063240528,1.0,0.0,1.0,1.0,-0.5,387.0044860839844,161.9439239501953,387.0044860839844,161.9439239501953,False,False,-0.2903347339835452,-0.2496090679347446,0.11231278156634647,False,,False,timeout
253,1787624582.581738,15.374730099923909,0.06144679989665747,16.274240508567107,True,197,0.0029604993760585785,0.0647350000217557,15.44759403203718,False,False,False,,2.295543670654297,4.799490928649902,3.3803322315216064,1.4813218116760254,,,3.490990161895752,False,0.132048566,0.749402418931,0,0.1476677656173706,-1.0,1.010844111442566,0.019499316811561584,-0.132048562169075,0.133480504155159,0.019499316811561584,-0.132048562169075,0.133480504155159,0.04488407075405121,-0.1320478469133377,0.13946761190891266,0.04488407075405121,-0.1320478469133377,0.13946761190891266,0.04488396644592285,-0.1320476531982422,0.13946738839149475,False,False,1.7459997907280922,0.9789997711777687,1.0,0.0,1.0,1.0,0.0,407.5860290527344,155.24252319335938,407.5860290527344,155.24252319335938,False,False,-0.2807792307698943,-0.2523558441513098,0.11259937380206544,False,,False,timeout
254,1787624582.6432583,15.436224300414324,0.061494200490415096,16.261696095323117,False,,,,,False,False,False,,2.3404276371002197,4.66744327545166,3.558899402618408,1.498239517211914,,,3.3953683376312256,False,0.132048566,0.749402418931,0,0.5408008694648743,-1.0,1.136866569519043,0.07141197472810745,-0.132048562169075,0.15012159943580627,0.07141197472810745,-0.132048562169075,0.15012159943580627,0.0647641196846962,-0.1320483237504959,0.1470753252506256,0.0647641196846962,-0.1320483237504959,0.1470753252506256,0.06476402282714844,-0.1320481300354004,0.1470751166343689,False,False,1.9124997779726982,1.2877993285655975,1.0,-0.5,1.1180340051651,1.0,0.0,425.87127685546875,125.57550048828125,425.87127685546875,125.57550048828125,False,False,-0.2744372401827354,-0.2581254653016443,0.11280979508861692,False,,False,timeout
255,1787624582.706634,15.497470300644636,0.06124600023031235,16.32759684288856,True,198,0.05717090051621199,0.06819629948586226,14.663552238744414,False,False,False,,2.405191659927368,4.53539514541626,3.7677161693573,1.489896535873413,,,3.336395502090454,False,0.132048566,0.749402418931,0,0.6632807850837708,-1.0,1.199975609779358,0.08758527040481567,-0.132048562169075,0.1584550440311432,0.08758527040481567,-0.132048562169075,0.1584550440311432,0.0818663164973259,-0.13204845786094666,0.1553669422864914,0.0818663164973259,-0.13204845786094666,0.1553669422864914,0.08186626434326172,-0.1320486068725586,0.15536704659461975,False,False,2.6010992005467415,1.4876993373036385,1.0,-0.5,1.1180340051651,1.0,-0.5,447.2541809082031,124.70115661621094,447.2541809082031,124.70115661621094,False,False,-0.2661806167073669,-0.26361537374719074,0.11292977577312992,False,,False,timeout
256,1787624582.7718892,15.558627900667489,0.06115760002285242,16.35119755559956,True,199,0.04898930061608553,0.06890919990837574,14.511850396313374,False,False,False,,2.48705792427063,4.403346538543701,3.970163583755493,1.3599337339401245,,,3.385552167892456,False,0.132048566,0.749402418931,0,-0.171522855758667,-0.35841071605682373,0.3973390758037567,-0.02264934591948986,-0.047327619045972824,0.05246805027127266,-0.02264934591948986,-0.047327619045972824,0.05246805027127266,0.0035420116037130356,-0.06855849176645279,0.06864992529153824,0.003542013466358185,-0.06855849176645279,0.06864992529153824,0.0035419464111328125,-0.0685586929321289,0.06865012645721436,False,False,2.7101002633571625,2.040000632405281,1.0,0.0,1.0,1.0,-0.5,467.9847717285156,142.52105712890625,467.9847717285156,142.52105712890625,False,False,-0.25454604810322146,-0.2634545028153039,0.11274012275994069,False,,False,timeout
257,1787624582.831113,15.619852600619197,0.06122469995170832,16.333277268631146,True,200,0.039672099985182285,0.06895329989492893,14.502569152220422,False,False,False,,2.4905998706817627,4.334787845611572,4.1518778800964355,1.2779556512832642,,,3.4790902137756348,False,0.132048566,0.749402418931,0,0.0788811445236206,-1.0,1.0031063556671143,0.010416141711175442,-0.132048562169075,0.13245874643325806,0.010416141711175442,-0.132048562169075,0.13245874643325806,0.008693484589457512,-0.11613815277814865,0.1164630725979805,0.008693484589457512,-0.11613815277814865,0.1164630725979805,0.008693456649780273,-0.11613798141479492,0.11646290123462677,False,False,3.029400482773781,2.0715007558465004,1.0,0.0,1.0,1.0,0.0,486.59228515625,133.92974853515625,486.59228515625,133.92974853515625,False,False,-0.2450966735515245,-0.26487669356461463,0.11268363139774232,False,,False,timeout
258,1787624582.8911967,15.682135000824928,0.06228240020573139,16.055900169177765,True,201,0.03359830006957054,0.07054680027067661,14.174987329874105,False,False,False,,2.499293327331543,4.218649864196777,4.356534957885742,1.2981510162353516,,,3.461019992828369,False,0.132048566,0.749402418931,0,0.7704763412475586,-1.0,1.2623920440673828,0.1017402932047844,-0.132048562169075,0.16669705510139465,0.1017402932047844,-0.132048562169075,0.16669705510139465,0.07842297852039337,-0.12806139886379242,0.15016619861125946,0.07842297852039337,-0.12806139886379242,0.15016619861125946,0.07842302322387695,-0.12806129455566406,0.1501661241054535,False,False,2.009499818086624,1.1127004399895668,1.0,0.0,1.0,1.0,0.0,507.5491638183594,136.04623413085938,507.5491638183594,136.04623413085938,False,False,-0.23778787794848202,-0.2715697185687009,0.1128338566975414,False,,False,timeout
259,1787624582.952372,15.743226600810885,0.061091599985957146,16.368862498770135,True,202,0.026183700188994408,0.06834940053522587,14.630706226671595,False,False,False,,2.57771635055542,4.090588569641113,4.554846286773682,1.2922098636627197,,,3.426363468170166,False,0.132048566,0.749402418931,0,1.0,-0.2573026418685913,1.0325719118118286,0.132048562169075,-0.033976443111896515,0.1363496333360672,0.132048562169075,-0.033976443111896515,0.1363496333360672,0.11861012876033783,-0.05755387619137764,0.13183631002902985,0.11861012876033783,-0.05755387246608734,0.13183631002902985,0.11861014366149902,-0.057553768157958984,0.13183626532554626,False,False,1.6843006014823914,1.0833004489541054,1.0,0.0,1.0,1.0,0.0,527.8562622070312,135.42359924316406,527.8562622070312,135.42359924316406,False,False,-0.2299305410952488,-0.2769128944713064,0.11295562482601293,False,,False,timeout
260,1787624583.0156198,15.80448460020125,0.06125799939036369,16.3243986083768,True,203,0.019531499594449997,0.06850689928978682,14.5970699355398,False,False,False,,2.696326494216919,4.033034801483154,4.7356109619140625,1.2954821586608887,,,3.413630962371826,False,0.132048566,0.749402418931,0,1.0,-0.828874409198761,1.2988582849502563,0.132048562169075,-0.10945167392492294,0.17151236534118652,0.132048562169075,-0.10945167392492294,0.17151236534118652,0.12868091464042664,-0.09644617885351181,0.16081245243549347,0.12868091464042664,-0.09644617885351181,0.16081245243549347,0.12868094444274902,-0.09644627571105957,0.16081252694129944,False,False,2.4824999272823334,1.8044998869299889,1.0,0.0,1.0,1.0,0.0,546.3665161132812,135.7665252685547,546.3665161132812,135.7665252685547,False,False,-0.22301716964341334,-0.2821840739091192,0.11292912966828088,False,,False,timeout
261,1787624583.0768454,15.865742900408804,0.061258300207555294,16.324318445203364,True,204,0.01231869962066412,0.06791920028626919,14.723377127309373,False,False,False,,2.825007438659668,3.9365885257720947,4.940202236175537,1.2954440116882324,,,3.383739709854126,False,0.132048566,0.749402418931,0,1.0,0.25701916217803955,1.032501220703125,0.132048562169075,0.03393901139497757,0.13634030520915985,0.132048562169075,0.03393901139497757,0.13634030520915985,0.13120463490486145,0.0012647733092308044,0.13121072947978973,0.13120463490486145,0.0012647733092308044,0.13121072947978973,0.13120460510253906,0.001264810562133789,0.13121069967746735,False,False,2.5815004482865334,1.8385006114840508,1.0,0.0,1.0,1.0,0.0,567.316650390625,135.76254272460938,567.316650390625,135.76254272460938,False,False,-0.21506686066987818,-0.28799089916344617,0.11296895374495337,False,,False,timeout
262,1787624583.1350749,15.927007300779223,0.061264400370419025,16.322693015091374,True,205,0.004150800406932831,0.06846380047500134,14.606258972800333,False,False,False,,2.956212043762207,3.9378533363342285,5.141060829162598,1.2943919897079468,,,3.429497241973877,False,0.132048566,0.749402418931,0,1.0,-1.0,1.4142135381698608,0.132048562169075,-0.132048562169075,0.18674486875534058,0.132048562169075,-0.132048562169075,0.18674486875534058,0.13183706998825073,-0.0986405536532402,0.16465409100055695,0.13183706998825073,-0.0986405536532402,0.16465409100055695,0.1318371295928955,-0.09864044189453125,0.16465407609939575,False,False,1.550000160932541,1.7096996307373047,1.0,0.0,1.0,1.0,0.0,587.8846435546875,135.65228271484375,587.8846435546875,135.65228271484375,False,False,-0.2072169646581039,-0.2936562003254189,0.11299435942727225,False,,False,timeout
263,1787624583.1966422,15.988559200428426,0.061551899649202824,16.24645227359691,False,,,,,False,False,False,,3.0880491733551025,3.8392128944396973,5.320601940155029,1.2938002347946167,,,3.3857667446136475,False,0.132048566,0.749402418931,0,1.0,-1.0,1.4142135381698608,0.132048562169075,-0.132048562169075,0.18674486875534058,0.132048562169075,-0.132048562169075,0.18674486875534058,0.1319955736398697,-0.12367656081914902,0.18088316917419434,0.1319955736398697,-0.12367656081914902,0.18088316917419434,0.13199567794799805,-0.12367653846740723,0.1808832287788391,False,False,1.7635002732276917,2.1296003833413124,1.0,0.0,1.0,1.0,0.0,606.2696533203125,135.5902557373047,606.2696533203125,135.5902557373047,False,False,-0.20019889571202848,-0.2987445288211337,0.11298479858232499,False,,False,timeout
264,1787624583.2591908,16.050103000365198,0.06154379993677139,16.24859045147319,True,206,0.056727600283920765,0.06943189911544323,14.402601869456532,False,False,False,,3.2200448513031006,3.71553635597229,5.525699138641357,1.292468547821045,,,3.3447420597076416,False,0.132048566,0.749402418931,0,0.46105802059173584,-1.0,1.1011695861816406,0.060882050544023514,-0.132048562169075,0.14540787041187286,0.060882050544023514,-0.132048562169075,0.14540787041187286,0.07870294898748398,-0.12995055317878723,0.15192531049251556,0.07870294898748398,-0.12995055317878723,0.15192531049251556,0.07870292663574219,-0.12995052337646484,0.15192526578903198,False,False,2.3297006264328957,1.4209002256393433,1.0,0.0,1.0,1.0,0.0,627.2716064453125,135.45071411132812,627.2716064453125,135.45071411132812,False,False,-0.19214820130266028,-0.30453746300138124,0.11297425266794625,False,,False,timeout
265,1787624583.3107789,16.100501600652933,0.05039860028773546,19.841820889683532,True,207,0.03713059984147549,0.07095190044492483,14.094055180047397,False,False,False,,3.2987477779388428,3.585585832595825,5.675917148590088,1.2921795845031738,,,3.303126811981201,False,0.132048566,0.749402418931,0,1.0,0.11465883255004883,1.0065518617630005,0.132048562169075,0.0151405343785882,0.1329137235879898,0.132048562169075,0.0151405343785882,0.1329137235879898,0.11868026852607727,-0.021218931302428246,0.12056221812963486,0.11868026852607727,-0.021218933165073395,0.12056221812963486,0.11868023872375488,-0.02121901512145996,0.12056221067905426,False,False,2.591300755739212,1.5769992023706436,1.0,0.0,1.0,1.0,0.0,642.6539306640625,135.42042541503906,642.6539306640625,135.42042541503906,False,False,-0.18626331319939293,-0.3088180332624123,0.11301325411223617,False,,False,timeout
266,1787624583.3659198,16.157738000154495,0.05723639950156212,17.471399471462345,True,208,0.02922539971768856,0.0695594996213913,14.37618162066932,False,False,False,,3.4174280166625977,3.5643668174743652,5.879453182220459,1.2925587892532349,,,3.350026845932007,False,0.132048566,0.749402418931,0,1.0,-1.0,1.4142135381698608,0.132048562169075,-0.132048562169075,0.18674486875534058,0.132048562169075,-0.132048562169075,0.18674486875534058,0.12869848310947418,-0.1042749434709549,0.16563986241817474,0.12869848310947418,-0.1042749434709549,0.16563986241817474,0.12869858741760254,-0.10427498817443848,0.1656399667263031,False,False,1.734800636768341,0.9772991761565208,1.0,0.0,1.0,1.0,0.0,663.4959716796875,135.4601593017578,663.4959716796875,135.4601593017578,False,False,-0.17830077231338887,-0.31466176382915867,0.11300823195912474,False,,False,timeout
267,1787624583.428251,16.21915590018034,0.061417900025844574,16.281898267104562,True,209,0.01956610009074211,0.06514940038323402,15.349335436974284,False,False,False,,3.5461266040802,3.4600918292999268,6.054308891296387,1.2927688360214233,,,3.3148555755615234,False,0.132048566,0.749402418931,0,1.0,-1.0,1.4142135381698608,0.132048562169075,-0.132048562169075,0.18674486875534058,0.132048562169075,-0.132048562169075,0.18674486875534058,0.13120906054973602,-0.12508857250213623,0.1812814623117447,0.13120906054973602,-0.12508857250213623,0.1812814623117447,0.131209135055542,-0.12508845329284668,0.1812814325094223,False,False,1.9012000411748886,1.7878999933600426,1.0,0.0,1.0,1.0,0.0,681.4012451171875,135.482177734375,681.4012451171875,135.482177734375,False,False,-0.17144529451492777,-0.3196851760938721,0.11298976572011568,False,,False,timeout
268,1787624583.4875183,16.280504600144923,0.06134869996458292,16.30026391068283,True,210,0.01023240014910698,0.07107449974864721,14.069743769375364,False,False,False,,3.677335739135742,3.33500337600708,6.263552188873291,1.2932720184326172,,,3.2950239181518555,False,0.132048566,0.749402418931,0,1.0,-0.681618869304657,1.2102082967758179,0.132048562169075,-0.09000679105520248,0.1598062813282013,0.132048562169075,-0.09000679105520248,0.1598062813282013,0.13183820247650146,-0.09879817068576813,0.16474947333335876,0.13183820247650146,-0.09879817068576813,0.16474947333335876,0.13183832168579102,-0.09879827499389648,0.1647496372461319,False,False,1.6863001510500908,1.217399723827839,1.0,0.0,1.0,1.0,0.0,702.8277587890625,135.534912109375,702.8277587890625,135.534912109375,False,False,-0.1632354546824364,-0.325718071917911,0.11301880648163326,False,,False,timeout
269,1787624583.5497887,16.341700999997556,0.061196399852633476,16.340830545719868,False,,,,,False,False,False,,3.809174060821533,3.2362051010131836,6.4401655197143555,1.2922931909561157,,,3.2712244987487793,False,0.132048566,0.749402418931,0,1.0,-1.0,1.4142135381698608,0.132048562169075,-0.132048562169075,0.18674486875534058,0.132048562169075,-0.132048562169075,0.18674486875534058,0.13199587166309357,-0.12371611595153809,0.18091045320034027,0.13199587166309357,-0.12371611595153809,0.18091045320034027,0.13199591636657715,-0.12371611595153809,0.18091046810150146,False,False,2.584400586783886,2.081099897623062,1.0,0.0,1.0,1.0,0.0,720.9129638671875,135.4323272705078,720.9129638671875,135.4323272705078,False,False,-0.15625074244196896,-0.3307555931821442,0.11299859092469229,False,,False,timeout
270,1787624583.615613,16.403357500210404,0.061656500212848186,16.2188900853574,True,211,0.051936199888587,0.07071529980748892,14.141211346375394,False,False,False,,3.9411699771881104,3.1124889850616455,6.6419572830200195,1.2920377254486084,,,3.25703763961792,False,0.132048566,0.749402418931,0,1.0,-0.25534623861312866,1.0320861339569092,0.132048562169075,-0.03371810540556908,0.13628548383712769,0.132048562169075,-0.03371810540556908,0.13628548383712769,0.13203535974025726,-0.05627138912677765,0.14352631568908691,0.13203535974025726,-0.05627138912677765,0.14352631568908691,0.132035493850708,-0.05627131462097168,0.14352641999721527,False,False,3.1842999160289764,2.1660001948475838,1.0,0.0,1.0,1.0,0.0,741.576416015625,135.40554809570312,741.576416015625,135.40554809570312,False,False,-0.14828348974014194,-0.33655989463489283,0.11300463074545075,False,,False,timeout
271,1787624583.6743941,16.46514190081507,0.06178440060466528,16.185315228654837,True,212,0.04663360025733709,0.08148500043898821,12.272197270818557,False,False,False,,4.073205471038818,3.056217670440674,6.8400092124938965,1.2911200523376465,,,3.2818856239318848,False,0.132048566,0.749402418931,0,1.0,-1.0,1.4142135381698608,0.132048562169075,-0.132048562169075,0.18674486875534058,0.132048562169075,-0.132048562169075,0.18674486875534058,0.13204528391361237,-0.11305896192789078,0.17383407056331635,0.13204528391361237,-0.11305896192789078,0.17383407056331635,0.13204526901245117,-0.11305904388427734,0.17383411526679993,False,False,2.637600526213646,1.02160032838583,1.0,0.0,1.0,1.0,0.0,761.8568725585938,135.30938720703125,761.8568725585938,135.30938720703125,False,False,-0.14042928586862594,-0.3422366956608277,0.11302423315133324,False,,False,timeout
272,1787624583.7379231,16.526715300045907,0.06157339923083782,16.24077950043027,True,213,0.03430330008268356,0.06671550031751394,14.989020471116563,False,False,False,,4.2052507400512695,2.9431586265563965,7.0430588722229,1.2919007539749146,,,3.283261775970459,False,0.132048566,0.749402418931,0,1.0,-1.0,1.4142135381698608,0.132048562169075,-0.132048562169075,0.18674486875534058,0.132048562169075,-0.132048562169075,0.18674486875534058,0.13204772770404816,-0.12728983163833618,0.18341021239757538,0.13204772770404816,-0.12728983163833618,0.18341021239757538,0.1320476531982422,-0.1272897720336914,0.18341010808944702,False,False,1.835099421441555,1.0548001155257225,1.0,0.0,1.0,1.0,0.0,782.6492309570312,135.39120483398438,782.6492309570312,135.39120483398438,False,False,-0.13241616607105733,-0.34814468793515285,0.1129877381144049,False,,False,timeout
273,1787624583.797801,16.588666200637817,0.061950900591909885,16.141815380333455,True,214,0.029553200118243694,0.07391309924423695,13.529401557031457,False,False,False,,4.337298393249512,2.815868854522705,7.219862461090088,1.2914551496505737,,,3.2608301639556885,False,0.132048566,0.749402418931,0,0.652396559715271,-1.0,1.1939938068389893,0.08614803105592728,-0.132048562169075,0.1576651781797409,0.08614803105592728,-0.132048562169075,0.1576651781797409,0.09765036404132843,-0.1308560073375702,0.16327549517154694,0.09765036404132843,-0.1308560073375702,0.16327549517154694,0.09765052795410156,-0.13085603713989258,0.1632756143808365,False,False,1.8043005838990211,2.0181993022561073,1.0,0.0,1.0,1.0,0.0,800.75390625,135.34449768066406,800.75390625,135.34449768066406,False,False,-0.12539188334850704,-0.35324699208205795,0.11297138175829512,False,,False,timeout
274,1787624583.858191,16.650119400583208,0.061453199945390224,16.272545626405787,True,215,0.018644100055098534,0.06669240072369576,14.994212071371736,False,False,False,,4.434948921203613,2.6850128173828125,7.42717981338501,1.2920721769332886,,,3.300565004348755,False,0.132048566,0.749402418931,0,0.3517787456512451,1.0,1.0600699186325073,0.0464518778026104,0.132048562169075,0.1399807184934616,0.0464518778026104,0.132048562169075,0.1399807184934616,0.05928213521838188,0.06616530567407608,0.08883816748857498,0.05978862941265106,0.06356446444988251,0.08726466447114944,0.05978870391845703,0.06356453895568848,0.0872647687792778,True,False,1.9392995163798332,1.7972998321056366,1.0,0.0,1.0,1.0,0.0,821.9832153320312,135.40916442871094,821.9832153320312,135.40916442871094,False,False,-0.11717701810287613,-0.3592913761762176,0.11297042346453214,False,,False,timeout
275,1787624583.9205654,16.711475000716746,0.061355600133538246,16.298430751610873,True,216,0.006934800185263157,0.07236819993704557,13.818224038595936,False,False,False,,4.49473762512207,2.748577356338501,7.625289440155029,1.291675090789795,,,3.452958106994629,False,0.132048566,0.749402418931,0,1.0,-0.856014609336853,1.3163437843322754,0.132048562169075,-0.11303550004959106,0.1738213151693344,0.132048562169075,-0.11303550004959106,0.1738213151693344,0.11394041031599045,-0.06877996027469635,0.1330905705690384,0.11394041031599045,-0.06877996027469635,0.1330905705690384,0.11394023895263672,-0.06877994537353516,0.13309042155742645,False,False,1.9193002954125404,1.7647994682192802,1.0,0.0,1.0,1.0,0.0,842.2696533203125,135.3675537109375,842.2696533203125,135.3675537109375,False,False,-0.10928182692139561,-0.3650333053189723,0.11295256720365847,False,,False,timeout
276,1787624583.9830627,16.77293230034411,0.06145729962736368,16.271460120495643,True,217,0.0006569996476173401,0.07305929996073246,13.687511385100526,False,False,False,,4.608677864074707,2.679797410964966,7.82703161239624,1.2919654846191406,,,3.504836320877075,True,0.132048566,0.749402418931,0,1.0,-1.0,1.4142135381698608,0.132048562169075,-0.132048562169075,0.18674486875534058,0.132048562169075,-0.132048562169075,0.18674486875534058,0.1275106519460678,-0.11619359254837036,0.17251062393188477,0.1275106519460678,-0.11619359254837036,0.17251062393188477,0.12751054763793945,-0.11619353294372559,0.17251050472259521,False,False,2.655799500644207,1.7802007496356964,1.0,0.0,1.0,1.0,0.0,862.927978515625,135.39797973632812,862.927978515625,135.39797973632812,False,False,-0.10124948472600932,-0.3709221886964376,0.11296009666359749,False,,False,timeout
277,1787624584.0446818,16.83452060073614,0.06158830039203167,16.236850077606306,False,,,,,False,False,False,,4.7361884117126465,2.5636038780212402,8.009284973144531,1.2915445566177368,,,3.511594533920288,True,0.132048566,0.749402418931,0,1.0,-1.0,1.4142135381698608,0.132048562169075,-0.132048562169075,0.18674486875534058,0.132048562169075,-0.132048562169075,0.18674486875534058,0.13091135025024414,-0.12807533144950867,0.18314221501350403,0.13091135025024414,-0.12807533144950867,0.18314221501350403,0.13091135025024414,-0.12807536125183105,0.18314224481582642,False,False,2.765499986708164,2.108200453221798,1.0,0.0,1.0,1.0,0.0,881.5908203125,135.35386657714844,881.5908203125,135.35386657714844,False,False,-0.093959035761888,-0.37622054175208597,0.11296273343668345,False,,False,timeout
278,1787624584.1085532,16.896320500411093,0.06179989967495203,16.181256041833148,True,218,0.0522579001262784,0.06773729994893074,14.762914978216303,False,False,False,,4.867099761962891,2.435528516769409,8.215231895446777,1.2915693521499634,,,3.538167715072632,True,0.132048566,0.749402418931,0,1.0,-0.7082922458648682,1.2254297733306885,0.132048562169075,-0.09352897107601166,0.16181622445583344,0.132048562169075,-0.09352897107601166,0.16181622445583344,0.13176357746124268,-0.10218621045351028,0.16674430668354034,0.13176357746124268,-0.10218621045351028,0.16674430668354034,0.13176345825195312,-0.10218620300292969,0.166744202375412,False,False,3.971399739384651,2.0040003582835197,1.0,0.0,1.0,1.0,0.0,902.6798095703125,135.35647583007812,902.6798095703125,135.35647583007812,False,False,-0.08572240996410632,-0.38224061902799555,0.11294131572966573,False,,False,timeout
279,1787624584.1667292,16.95759590063244,0.06127540022134781,16.3197628475319,True,219,0.04291839990764856,0.07207729946821928,13.873993717549386,False,False,False,,4.998863220214844,2.3333423137664795,8.416138648986816,1.2916733026504517,,,3.572512626647949,True,0.132048566,0.749402418931,0,1.0,-1.0,1.4142135381698608,0.132048562169075,-0.132048562169075,0.18674486875534058,0.132048562169075,-0.132048562169075,0.18674486875534058,0.1319771111011505,-0.12456512451171875,0.18147845566272736,0.1319771111011505,-0.12456512451171875,0.18147845566272736,0.13197708129882812,-0.12456512451171875,0.18147842586040497,False,False,2.3614000529050827,1.3968991115689278,1.0,0.0,1.0,1.0,0.0,923.2526245117188,135.3673553466797,923.2526245117188,135.3673553466797,False,False,-0.07767531923284747,-0.38812759437246896,0.11293276242702537,False,,False,timeout
280,1787624584.2271023,17.019000400789082,0.061404500156641006,16.28545135045527,True,220,0.03296630084514618,0.07032639998942614,14.219411204758869,False,False,False,,5.130840301513672,2.2087771892547607,8.596121788024902,1.2918205261230469,,,3.584548234939575,True,0.132048566,0.749402418931,0,1.0,-1.0,1.4142135381698608,0.132048562169075,-0.132048562169075,0.18674486875534058,0.132048562169075,-0.132048562169075,0.18674486875534058,0.1320306360721588,-0.1301732212305069,0.1854107826948166,0.1320306360721588,-0.1301732212305069,0.1854107826948166,0.13203048706054688,-0.1301732063293457,0.18541066348552704,False,False,1.4861999079585075,1.1334000155329704,1.0,0.0,1.0,1.0,0.0,941.6829223632812,135.38278198242188,941.6829223632812,135.38278198242188,False,False,-0.07045578708147425,-0.39341285247063723,0.11292677018689765,False,,False,timeout
281,1787624584.2878482,17.07977110054344,0.06077069975435734,16.455298425756546,True,221,0.010492600500583649,0.07135030068457127,14.015357894858028,False,False,False,,5.262870788574219,2.078603982925415,8.80455493927002,1.292042851448059,,,3.6279752254486084,True,0.132048566,0.749402418931,0,1.0,-0.32582759857177734,1.0517431497573853,0.132048562169075,-0.04302506521344185,0.13888117671012878,0.132048562169075,-0.04302506521344185,0.13888117671012878,0.13204403221607208,-0.06486417353153229,0.147115558385849,0.13204403221607208,-0.06486417353153229,0.147115558385849,0.13204383850097656,-0.0648641586303711,0.14711537957191467,False,False,1.8018996343016624,1.763099804520607,1.0,0.0,1.0,1.0,0.0,963.0264282226562,135.40609741210938,963.0264282226562,135.40609741210938,False,False,-0.06208222166004033,-0.3995465010540291,0.11292044809410891,False,,False,timeout
282,1787624584.3482692,17.141261000186205,0.06148989964276552,16.2628335028947,False,,,,,False,False,False,,5.394914627075195,2.013739824295044,8.980175018310547,1.2916254997253418,,,3.6572587490081787,True,0.132048566,0.749402418931,0,1.0,-1.0,1.4142135381698608,0.132048562169075,-0.132048562169075,0.18674486875534058,0.132048562169075,-0.132048562169075,0.18674486875534058,0.1320473700761795,-0.11521230638027191,0.1752437800168991,0.1320473700761795,-0.11521230638027191,0.1752437800168991,0.13204717636108398,-0.1152123212814331,0.17524364590644836,False,False,2.2213999181985855,1.3281991705298424,1.0,0.0,1.0,1.0,0.0,981.0099487304688,135.3623504638672,981.0099487304688,135.3623504638672,False,False,-0.05499535095114801,-0.40469624824351763,0.11293488013491348,False,,False,timeout
283,1787624584.4148114,17.202515300363302,0.06125430017709732,16.325384456418867,True,222,0.05911269970238209,0.08324699942022562,12.012444976569821,False,False,False,,5.526961803436279,1.8985275030136108,9.18657398223877,1.2921768426895142,,,3.7095043659210205,True,0.132048566,0.749402418931,0,1.0,-0.36916470527648926,1.0659655332565308,0.132048562169075,-0.04874766990542412,0.14075921475887299,0.132048562169075,-0.04874766990542412,0.14075921475887299,0.13204820454120636,-0.06540355086326599,0.14735791087150574,0.13204820454120636,-0.06540355086326599,0.14735791087150574,0.1320481300354004,-0.06540358066558838,0.14735785126686096,False,False,3.0837999656796455,2.0924992859363556,1.0,0.0,1.0,1.0,0.0,1002.1452026367188,135.42013549804688,1002.1452026367188,135.42013549804688,False,False,-0.046685743675701184,-0.4108056907452137,0.11292204693117897,False,,False,timeout
284,1787624584.4741144,17.263857600279152,0.06134229991585016,16.30196457211105,True,223,0.04000930022448301,0.07439120020717382,13.442450144843425,False,False,False,,5.65900993347168,1.8331239223480225,9.388639450073242,1.2912877798080444,,,3.768782615661621,True,0.132048566,0.749402418931,0,1.0,0.3822528123855591,1.0705686807632446,0.132048562169075,0.05047593265771866,0.14136704802513123,0.132048562169075,0.05047593265771866,0.14136704802513123,0.13204845786094666,0.02143680490553379,0.1337771713733673,0.13204845786094666,0.02143680304288864,0.1337771713733673,0.1320486068725586,0.02143681049346924,0.13377732038497925,False,False,3.2676998525857925,1.2167999520897865,1.0,0.0,1.0,1.0,0.0,1022.8367309570312,135.32696533203125,1022.8367309570312,135.32696533203125,False,False,-0.03848955634394419,-0.41673364044814293,0.11290006230035257,False,,False,timeout
285,1787624584.5353234,17.325173600576818,0.061316000297665596,16.308956799944298,True,224,0.03242960013449192,0.08018170017749071,12.471673683476327,False,False,False,,5.791058540344238,1.8545607328414917,9.591673851013184,1.2914162874221802,,,3.8421099185943604,True,0.132048566,0.749402418931,0,1.0,0.3073309659957886,1.0461608171463013,0.132048562169075,0.04058261215686798,0.13814403116703033,0.132048562169075,0.04058261215686798,0.13814403116703033,0.1320485770702362,0.03578472137451172,0.13681145012378693,0.1320485770702362,0.03578472137451172,0.13681145012378693,0.1320486068725586,0.03578472137451172,0.13681147992610931,False,False,2.2918004542589188,2.2363001480698586,1.0,0.0,1.0,1.0,0.0,1043.62744140625,135.34042358398438,1043.62744140625,135.34042358398438,False,False,-0.030272110275230944,-0.42274679581627245,0.11289489299108102,False,,False,timeout
286,1787624584.595106,17.387036500498652,0.06186289992183447,16.16477729404099,True,225,0.021800200454890728,0.06889319978654385,14.515220705357905,False,False,False,,5.923107147216797,1.8903454542160034,9.771870613098145,1.2915537357330322,,,3.8950650691986084,True,0.132048566,0.749402418931,0,1.0,-1.0,1.4142135381698608,0.132048562169075,-0.132048562169075,0.18674486875534058,0.132048562169075,-0.132048562169075,0.18674486875534058,0.1320485770702362,-0.08998994529247284,0.159796804189682,0.1320485770702362,-0.08998994529247284,0.159796804189682,0.1320486068725586,-0.08998990058898926,0.159796804189682,False,False,1.7585000023245811,1.0018004104495049,0.5,0.0,0.5,1.0,0.0,1031.359619140625,135.35482788085938,1031.359619140625,135.35482788085938,False,False,-0.022967244442226885,-0.42809378409525484,0.11289271056968256,False,,False,timeout
287,1787624584.6555333,17.448541100136936,0.06150459963828325,16.25894658092457,True,226,0.009754999540746212,0.07249190006405115,13.794644630868238,False,False,False,,6.0551557540893555,1.8003555536270142,9.971187591552734,1.2915951013565063,,,3.948941946029663,True,0.132048566,0.749402418931,0,1.0,-1.0,1.4142135381698608,0.132048562169075,-0.132048562169075,0.18674486875534058,0.132048562169075,-0.132048562169075,0.18674486875534058,0.1320485770702362,-0.12150876224040985,0.17944695055484772,0.1320485770702362,-0.12150876224040985,0.17944695055484772,0.1320486068725586,-0.12150871753692627,0.17944693565368652,False,False,1.6130004078149796,1.1678999289870262,1.0,1.0,1.4142135381698608,0.5,0.0,1082.4896240234375,198.23916625976562,1082.4896240234375,198.23916625976562,False,False,-0.014869932192863169,-0.43401322878568543,0.11294057656555144,False,,False,timeout
288,1787624584.7199273,17.50981800071895,0.061276900582015514,16.31936325926862,True,227,0.00037380028516054153,0.07354839984327555,13.596488871694044,False,False,False,,6.187204360961914,1.678846836090088,10.056913375854492,1.3105181455612183,,,3.8871986865997314,True,0.132048566,0.749402418931,0,-0.20668840408325195,0.26269733905792236,0.33426037430763245,-0.027292907238006592,0.0346888042986393,0.044138599187135696,-0.027292907238006592,0.0346888042986393,0.044138599187135696,0.012637689709663391,-0.004453916102647781,0.013399573974311352,0.012637689709663391,-0.004453912377357483,0.013399572111666203,0.012637615203857422,-0.004453897476196289,0.013399496674537659,False,False,2.572299912571907,1.8579000607132912,1.0,1.0,1.4142135381698608,1.0,1.0,1091.2679443359375,200.22230529785156,1091.2679443359375,200.22230529785156,False,False,-0.01200180842974104,-0.43740923843309965,0.11271661521634668,False,,False,timeout
289,1787624584.7788892,17.571405600756407,0.06158760003745556,16.237034717895042,False,,,,,False,False,False,,6.1998419761657715,1.6743929386138916,10.27148151397705,1.5337047576904297,,,4.074069499969482,True,0.132048566,0.749402418931,0,1.0,-0.677613377571106,1.2079569101333618,0.132048562169075,-0.08947787433862686,0.15950897336006165,0.132048562169075,-0.08947787433862686,0.15950897336006165,0.10212446749210358,-0.06817106902599335,0.12278721481561661,0.10212446749210358,-0.06817106902599335,0.12278721481561661,0.10212469100952148,-0.06817102432250977,0.12278737872838974,False,False,2.400299534201622,1.2164004147052765,1.0,0.5,1.1180340051651,1.0,1.0,1113.23974609375,192.17225646972656,1113.23974609375,192.17225646972656,False,False,-0.01057877871630156,-0.45376789430481484,0.11243773053197918,False,,False,timeout
290,1787624584.8319087,17.62174990028143,0.05034429952502251,19.863222041712437,True,228,0.040951999835669994,0.07066650036722422,14.150976697634928,False,False,False,,6.301966667175293,1.6062219142913818,10.450018882751465,1.7157390117645264,,,4.1494975090026855,True,0.132048566,0.749402418931,0,1.0,-0.5031381845474243,1.1194409132003784,0.132048562169075,-0.06643867492675781,0.1478205770254135,0.132048562169075,-0.06643867492675781,0.1478205770254135,0.12454970926046371,-0.06687279045581818,0.1413668990135193,0.12454970926046371,-0.06687279045581818,0.1413668990135193,0.12454986572265625,-0.06687283515930176,0.14136706292629242,False,False,2.7587004005908966,1.0120002552866936,0.5,1.0,1.1180340051651,1.0,0.5,1100.802001953125,242.689453125,1100.802001953125,242.689453125,False,False,-0.009276870314193976,-0.4671894355063592,0.11239422400638487,False,,False,timeout
291,1787624584.8896809,17.679513200186193,0.0577632999047637,17.31203033152077,True,229,0.028259700164198875,0.07171260006725788,13.944550874771226,False,False,False,,6.426516532897949,1.53934907913208,10.619585990905762,1.7904667854309082,,,4.200582504272461,True,0.132048566,0.749402418931,0,1.0,-0.9693741798400879,1.392726182937622,0.132048562169075,-0.12800446152687073,0.18390747904777527,0.132048562169075,-0.12800446152687073,0.18390747904777527,0.13016940653324127,-0.11268502473831177,0.17216849327087402,0.13016940653324127,-0.11268502473831177,0.17216849327087402,0.13016939163208008,-0.11268496513366699,0.17216844856739044,False,False,2.4442998692393303,1.3151001185178757,0.5,0.5,0.7071067690849304,0.5,1.0,1118.1656494140625,219.08090209960938,1118.1656494140625,219.08090209960938,False,False,-0.0048315938839706704,-0.4755652925638092,0.11257606876118409,False,,False,timeout
292,1787624584.9511204,17.740986100398004,0.061472900211811066,16.26733075150838,True,230,0.02191110048443079,0.07009459938853979,14.266434343349658,False,False,False,,6.556685924530029,1.426664113998413,10.724061965942383,1.9918944835662842,,,4.205533027648926,True,0.132048566,0.749402418931,0,1.0,-1.0,1.4142135381698608,0.132048562169075,-0.132048562169075,0.18674486875534058,0.132048562169075,-0.132048562169075,0.18674486875534058,0.13157764077186584,-0.12719608843326569,0.1830068975687027,0.13157764077186584,-0.12719608843326569,0.1830068975687027,0.1315774917602539,-0.1271960735321045,0.18300676345825195,False,False,2.159600146114826,2.351200208067894,0.5,0.5,0.7071067690849304,0.5,0.5,1128.8638916015625,240.19052124023438,1128.8638916015625,240.19052124023438,False,False,-0.0071766140588113946,-0.4876016618977116,0.11263539085232158,False,,False,timeout
293,1787624585.0105872,17.802515000104904,0.06152889970690012,16.252525313529304,True,231,0.017205500043928623,0.06781799998134375,14.745347846811951,False,False,False,,6.688263416290283,1.2994680404663086,10.799701690673828,2.068378210067749,,,4.182720184326172,True,0.132048566,0.749402418931,0,1.0,-1.0,1.4142135381698608,0.132048562169075,-0.132048562169075,0.18674486875534058,0.132048562169075,-0.132048562169075,0.18674486875534058,0.13193050026893616,-0.13083253800868988,0.1858031451702118,0.13193050026893616,-0.13083253800868988,0.1858031451702118,0.13193035125732422,-0.13083255290985107,0.18580305576324463,False,False,1.7541004344820976,1.234300434589386,0.5,0.5,0.7071067690849304,0.5,0.5,1136.6094970703125,248.20602416992188,1136.6094970703125,248.20602416992188,False,False,-0.006606409236799056,-0.4932379149581764,0.11279981508507303,False,,False,timeout
294,1787624585.073318,17.864228500053287,0.06171349994838238,16.20391001703691,True,232,0.010525299236178398,0.06623860076069832,15.096937261895409,False,False,False,,6.820193767547607,1.1686354875564575,10.909496307373047,2.168834924697876,,,4.209845066070557,True,0.132048566,0.749402418931,0,1.0,0.04074772447347641,1.000829815864563,0.132048562169075,0.005380678456276655,0.13215814530849457,0.132048562169075,0.005380678456276655,0.13215814530849457,0.13201893866062164,-0.02875402756035328,0.13511399924755096,0.13201893866062164,-0.02875402569770813,0.13511399924755096,0.13201904296875,-0.028753995895385742,0.13511410355567932,False,False,2.5551002472639084,1.2095002457499504,0.5,0.0,0.5,0.5,0.5,1147.8524169921875,227.2938995361328,1147.8524169921875,227.2938995361328,False,False,-0.005434442089248936,-0.5009469714147847,0.11280289955862895,False,,False,timeout
295,1787624585.1326392,17.925575600005686,0.06134709995239973,16.30068904277329,False,,,,,False,False,False,,6.952212810516357,1.1398814916610718,10.994648933410645,2.2550888061523438,,,4.19344425201416,True,0.132048566,0.749402418931,0,1.0,0.2589832544326782,1.032991886138916,0.132048562169075,0.03419836610555649,0.1364050954580307,0.132048562169075,0.03419836610555649,0.1364050954580307,0.13204115629196167,0.018422655761241913,0.133320152759552,0.13204115629196167,0.018422655761241913,0.133320152759552,0.13204097747802734,0.018422603607177734,0.13331995904445648,False,False,1.6352999955415726,2.1598003804683685,1.0,-1.0,1.4142135381698608,0.5,0.0,1187.2921142578125,173.45330810546875,1187.2921142578125,173.45330810546875,False,False,-0.004798670333706569,-0.5072880981067472,0.11288843833557513,False,,False,timeout
296,1787624585.198124,17.98695550020784,0.06137990020215511,16.291978264977512,True,233,0.05821399949491024,0.0683879991993308,14.622448553953092,False,False,False,,7.084253787994385,1.1583040952682495,11.100526809692383,2.2262139320373535,,,4.155825138092041,True,0.132048566,0.749402418931,0,1.0,0.061103902757167816,1.001865029335022,0.132048562169075,0.008068682625889778,0.13229484856128693,0.132048562169075,0.008068682625889778,0.13229484856128693,0.1320466548204422,0.01066334918141365,0.13247650861740112,0.1320466548204422,0.01066334918141365,0.13247650861740112,0.13204669952392578,0.010663390159606934,0.1324765533208847,False,False,2.718600444495678,1.9965004175901413,1.0,-0.5,1.1180340051651,1.0,-1.0,1198.134033203125,201.86721801757812,1198.134033203125,201.86721801757812,False,False,0.0004407001004159373,-0.5091881618621382,0.11283071247578033,False,,False,timeout
297,1787624585.259496,18.04828270059079,0.06132720038294792,16.30597832210927,True,234,0.05116729997098446,0.0753803001716733,13.266065506804441,False,False,False,,7.2163004875183105,1.1689674854278564,11.324699401855469,1.9867411851882935,,,4.188997268676758,True,0.132048566,0.749402418931,0,1.0,-0.6912409663200378,1.2156537771224976,0.132048562169075,-0.09127737581729889,0.1605253368616104,0.132048562169075,-0.09127737581729889,0.1605253368616104,0.1320480853319168,-0.06573126465082169,0.1475035399198532,0.1320480853319168,-0.06573126465082169,0.1475035399198532,0.1320481300354004,-0.06573128700256348,0.14750359952449799,False,False,3.35059966892004,2.0093005150556564,0.5,1.0,1.1180340051651,1.0,-0.5,1190.3692626953125,271.0904846191406,1190.3692626953125,271.0904846191406,False,False,0.017432999197591684,-0.5053612364659007,0.11289633282461518,False,,False,timeout
298,1787624585.309946,18.098780400119722,0.05049769952893257,19.802882296193545,True,235,0.03296330012381077,0.06802770029753447,14.699894243466629,False,False,False,,7.348348617553711,1.103236198425293,11.482719421386719,1.9260915517807007,,,4.215461254119873,True,0.132048566,0.749402418931,0,1.0,-1.0,1.4142135381698608,0.132048562169075,-0.132048562169075,0.18674486875534058,0.132048562169075,-0.132048562169075,0.18674486875534058,0.13204845786094666,-0.11542961001396179,0.17538754642009735,0.13204845786094666,-0.11542961001396179,0.17538754642009735,0.1320486068725586,-0.11542963981628418,0.1753876656293869,False,False,2.3955004289746284,2.089099958539009,0.5,0.5,0.7071067690849304,0.5,1.0,1206.550537109375,233.29440307617188,1206.550537109375,233.29440307617188,False,False,0.025892016223288353,-0.5074317384463383,0.11292653362831634,False,,False,timeout
299,1787624585.3660908,18.15598260052502,0.057202200405299664,17.481844979994023,True,236,0.021945999935269356,0.068703499622643,14.55529930050935,False,False,False,,7.4803972244262695,0.9878065586090088,11.577570915222168,2.108673334121704,,,4.247725963592529,True,0.132048566,0.749402418931,0,1.0,0.028787851333618164,1.000414252281189,0.132048562169075,0.003801394486799836,0.13210326433181763,0.132048562169075,0.003801394486799836,0.13210326433181763,0.1320485770702362,-0.02607761323451996,0.13459892570972443,0.1320485770702362,-0.02607761323451996,0.13459892570972443,0.1320486068725586,-0.026077628135681152,0.13459894061088562,False,False,3.0501997098326683,1.901400275528431,0.5,0.0,0.5,0.5,0.5,1216.2633056640625,220.9889678955078,1216.2633056640625,220.9889678955078,False,False,0.02372833386301089,-0.5183368989337138,0.11275693515256319,False,,False,timeout
300,1787624585.426379,18.217330900020897,0.061348299495875835,16.300370315353653,True,237,0.014443399384617805,0.06824890058487654,14.65225067994125,False,False,False,,7.612445831298828,0.9617289304733276,11.66109561920166,2.2317934036254883,,,4.243185997009277,True,0.132048566,0.749402418931,0,1.0,-0.2162422239780426,1.0231132507324219,0.132048562169075,-0.02855447493493557,0.13510063290596008,0.132048562169075,-0.02855447493493557,0.13510063290596008,0.1320485770702362,-0.02793378196656704,0.13497081398963928,0.1320485770702362,-0.02793378196656704,0.13497081398963928,0.1320486068725586,-0.027933776378631592,0.13497084379196167,False,False,2.101699821650982,1.6938000917434692,0.5,0.0,0.5,0.5,0.0,1224.816162109375,233.89193725585938,1224.816162109375,233.89193725585938,False,False,0.023070414230219015,-0.5262640314127778,0.112757296097229,False,,False,timeout
301,1787624585.4875424,18.2784820003435,0.06115110032260418,16.352935510963412,False,,,,,False,False,False,,7.744494438171387,0.933795154094696,11.771623611450195,2.1785714626312256,,,4.2151198387146,True,0.132048566,0.749402418931,0,1.0,-1.0,1.4142135381698608,0.132048562169075,-0.132048562169075,0.18674486875534058,0.132048562169075,-0.132048562169075,0.18674486875534058,0.1320485770702362,-0.10595764219760895,0.1693040132522583,0.1320485770702362,-0.10595764219760895,0.1693040132522583,0.1320486068725586,-0.10595762729644775,0.1693040281534195,False,False,2.164199948310852,3.0275005847215652,1.0,-1.0,1.4142135381698608,0.5,0.0,1266.854248046875,165.43429565429688,1266.854248046875,165.43429565429688,False,False,0.0293430163884642,-0.5272544872091898,0.11280683418178557,False,,False,timeout
302,1787624585.5487304,18.33966140076518,0.06117940042167902,16.34537104168233,True,238,0.05728720035403967,0.06882569938898087,14.529456422205309,False,False,False,,7.876543045043945,0.8278375267982483,11.864043235778809,2.1754748821258545,,,4.209071636199951,True,0.132048566,0.749402418931,0,1.0,-1.0,1.4142135381698608,0.132048562169075,-0.132048562169075,0.18674486875534058,0.132048562169075,-0.132048562169075,0.18674486875534058,0.1320485770702362,-0.12551023066043854,0.182180255651474,0.1320485770702362,-0.12551023066043854,0.182180255651474,0.1320486068725586,-0.12551021575927734,0.182180255651474,False,False,2.6016002520918846,1.8795998767018318,1.0,-1.0,1.4142135381698608,1.0,-1.0,1276.318115234375,165.10977172851562,1276.318115234375,165.10977172851562,False,False,0.033224040585392314,-0.5299044603336608,0.11288156654465455,False,,False,timeout
303,1787624585.611945,18.40073380060494,0.06107239983975887,16.374008596744023,True,239,0.05551140010356903,0.07976939994841814,12.536135418426579,False,False,False,,8.008591651916504,0.702327311038971,12.090630531311035,1.9340534210205078,,,4.263823509216309,True,0.132048566,0.749402418931,0,1.0,-0.8468896746635437,1.310428261756897,0.132048562169075,-0.11183056235313416,0.17304015159606934,0.132048562169075,-0.11183056235313416,0.17304015159606934,0.1320485770702362,-0.11525864899158478,0.17527516186237335,0.1320485770702362,-0.11525864899158478,0.17527516186237335,0.1320486068725586,-0.11525863409042358,0.17527517676353455,False,False,2.6747994124889374,2.0914003252983093,0.5,0.0,0.5,1.0,-1.0,1268.800537109375,202.6887969970703,1268.800537109375,202.6887969970703,False,False,0.0505525593209383,-0.5261162450249659,0.11286765891717915,False,,False,timeout
304,1787624585.6576953,18.45065509993583,0.04992129933089018,20.031529896122365,True,240,0.0358428992331028,0.06255840044468641,15.985063442985426,False,False,False,,8.140640258789062,0.5870686769485474,12.250675201416016,1.7736458778381348,,,4.277891159057617,True,0.132048566,0.749402418931,0,1.0,-1.0,1.4142135381698608,0.132048562169075,-0.132048562169075,0.18674486875534058,0.132048562169075,-0.132048562169075,0.18674486875534058,0.1320485770702362,-0.1278410404920578,0.1837937980890274,0.1320485770702362,-0.1278410404920578,0.1837937980890274,0.1320486068725586,-0.127841055393219,0.1837938278913498,False,False,1.5779007226228714,0.9685996919870377,0.5,0.0,0.5,0.5,0.0,1285.189208984375,185.87808227539062,1285.189208984375,185.87808227539062,False,False,0.06252003007957792,-0.523873238931827,0.1128696760922692,False,,False,timeout
305,1787624585.7155185,18.508426600135863,0.05777150020003319,17.30957299944628,True,241,0.013451299630105495,0.069599200040102,14.367981232885079,False,False,False,,8.272688865661621,0.45922762155532837,12.33138370513916,1.7761324644088745,,,4.266994476318359,True,0.132048566,0.749402418931,0,1.0,-1.0,1.4142135381698608,0.132048562169075,-0.132048562169075,0.18674486875534058,0.132048562169075,-0.132048562169075,0.18674486875534058,0.1320485770702362,-0.13099417090415955,0.18600080907344818,0.1320485770702362,-0.13099417090415955,0.18600080907344818,0.1320486068725586,-0.13099417090415955,0.18600082397460938,False,False,1.5222998335957527,0.9845998138189316,0.5,0.0,0.5,0.5,0.0,1293.45361328125,186.13868713378906,1293.45361328125,186.13868713378906,False,False,0.06576730975885443,-0.5264292191997918,0.11295003000555767,False,,False,timeout
306,1787624585.7778597,18.569765400141478,0.06133880000561476,16.302894740498072,True,242,0.0001758001744747162,0.0801614997908473,12.47481649681133,False,False,False,,8.40473747253418,0.3282334506511688,12.422895431518555,1.799766182899475,,,4.279135704040527,True,0.132048566,0.749402418931,0,1.0,-0.5852537155151367,1.1586724519729614,0.132048562169075,-0.07728191465139389,0.15300104022026062,0.132048562169075,-0.07728191465139389,0.15300104022026062,0.1320485770702362,-0.0907420739531517,0.16022156178951263,0.1320485770702362,-0.0907420739531517,0.16022156178951263,0.1320486068725586,-0.028233438730239868,0.13503319025039673,False,True,1.9447999075055122,1.7270995303988457,0.5,0.0,0.5,0.5,0.0,1302.824462890625,188.61549377441406,1302.824462890625,188.61549377441406,False,False,0.0687507279958281,-0.5302498629408721,0.11290080665476512,False,,False,timeout
307,1787624585.8424516,18.63125990051776,0.06149450037628412,16.261616793062988,False,,,,,False,False,False,,8.536786079406738,0.30000001192092896,12.530635833740234,1.7853220701217651,,,4.261105060577393,True,0.132048566,0.749402418931,0,1.0,-0.20440852642059326,1.0206776857376099,0.132048562169075,-0.02699185162782669,0.13477902114391327,0.132048562169075,-0.02699185162782669,0.13477902114391327,0.1320485770702362,-0.02730298973619938,0.1348416805267334,0.1320485770702362,-0.02730298973619938,0.1348416805267334,0.1320486068725586,0.0,0.1320486068725586,False,True,2.927900291979313,3.5267993807792664,0.5,0.0,0.5,0.5,0.0,1313.857177734375,187.1017608642578,1313.857177734375,187.1017608642578,False,False,0.07369074367674489,-0.5328819449119244,0.11291061029331592,False,,False,timeout
308,1787624585.9039807,18.69282680004835,0.06156689953058958,16.242494061328344,True,243,0.05678789969533682,0.0746116004884243,13.4027415770976,False,False,False,,8.668834686279297,0.30000001192092896,12.614808082580566,1.7885286808013916,,,4.217395305633545,True,0.132048566,0.749402418931,0,1.0,-1.0,1.4142135381698608,0.132048562169075,-0.132048562169075,0.18674486875534058,0.132048562169075,-0.132048562169075,0.18674486875534058,0.1320485770702362,-0.09895750880241394,0.1650133728981018,0.1320485770702362,-0.09895750880241394,0.1650133728981018,0.1320486068725586,0.0,0.1320486068725586,False,True,2.890399657189846,1.997699961066246,0.5,0.5,0.7071067690849304,0.5,0.0,1322.476318359375,218.8778076171875,1322.476318359375,218.8778076171875,False,False,0.07706465841368694,-0.5355811345187069,0.1129156713101921,False,,False,timeout
309,1787624585.9641278,18.754053600132465,0.061226800084114075,16.332717023038743,True,244,0.05399709939956665,0.06688329949975014,14.95141548756481,False,False,False,,8.800883293151855,0.30000001192092896,12.714540481567383,1.7949590682983398,,,4.189464569091797,True,0.132048566,0.749402418931,0,1.0,0.6947963833808899,1.2176790237426758,0.132048562169075,0.09174686670303345,0.1607927531003952,0.132048562169075,0.09174686670303345,0.1607927531003952,0.1320485770702362,0.06875532120466232,0.14887619018554688,0.1320485770702362,0.06875532120466232,0.14887619018554688,0.1320486068725586,0.06875532865524292,0.14887621998786926,False,False,3.422999754548073,1.4861999079585075,1.0,-0.5,1.1180340051651,0.5,0.5,1363.408935546875,156.67172241210938,1363.408935546875,156.67172241210938,False,False,0.08097628601513475,-0.5388980010656563,0.11293046444479789,False,,False,timeout
310,1787624586.0232496,18.81513660028577,0.061083000153303146,16.371167059415036,True,245,0.044087800197303295,0.06357930041849613,15.728389482390178,False,False,False,,8.932931900024414,0.3687553405761719,12.833234786987305,1.8949486017227173,,,4.188272476196289,True,0.132048566,0.749402418931,0,1.0,-0.09381091594696045,1.0043905973434448,0.132048562169075,-0.012387597002089024,0.13262833654880524,0.132048562169075,-0.012387597002089024,0.13262833654880524,0.1320485770702362,0.007946623489260674,0.13228747248649597,0.1320485770702362,0.007946625351905823,0.13228747248649597,0.1320486068725586,0.007946610450744629,0.13228750228881836,False,False,1.981300301849842,1.2793000787496567,0.5,0.5,0.7071067690849304,1.0,-0.5,1344.84326171875,230.03060913085938,1344.84326171875,230.03060913085938,False,False,0.08250802067052844,-0.5469240713933342,0.11302693457723158,False,,False,timeout
311,1787624586.0867398,18.876521600410342,0.06138500012457371,16.29062471239906,True,246,0.03283299971371889,0.07099759951233864,14.084983251105701,False,False,False,,9.064980506896973,0.3767019510269165,13.020532608032227,1.7741779088974,,,4.195155620574951,True,0.132048566,0.749402418931,0,1.0,-1.0,1.4142135381698608,0.132048562169075,-0.132048562169075,0.18674486875534058,0.132048562169075,-0.132048562169075,0.18674486875534058,0.1320485770702362,-0.09696611016988754,0.16382689774036407,0.1320485770702362,-0.09696611016988754,0.16382689774036407,0.1320486068725586,-0.07670193910598755,0.15270894765853882,False,True,2.3940997198224068,1.0557007044553757,0.5,0.5,0.7071067690849304,0.5,0.5,1364.0225830078125,217.3738555908203,1364.0225830078125,217.3738555908203,False,False,0.09437451130142838,-0.5473018267730064,0.11292657415114649,False,,False,timeout
312,1787624586.145959,18.93784340005368,0.06132179964333773,16.30741442384665,True,247,0.0257594995200634,0.07264210004359484,13.76612184118945,False,False,False,,9.197029113769531,0.30000001192092896,13.115394592285156,1.9072853326797485,,,4.235204219818115,True,0.132048566,0.749402418931,0,0.48444294929504395,-0.16034752130508423,0.5102903842926025,0.06396999210119247,-0.021173659712076187,0.06738311052322388,0.06396999210119247,-0.021173659712076187,0.06738311052322388,0.08103032410144806,-0.035088911652565,0.08830144256353378,0.08103032410144806,-0.035088911652565,0.08830144256353378,0.08102989196777344,0.0,0.08102989196777344,False,True,1.775600016117096,0.9546997025609016,0.5,0.0,0.5,0.5,0.5,1373.7364501953125,199.88351440429688,1373.7364501953125,199.88351440429688,False,False,0.09378775075017463,-0.5560694513901945,0.11304522101402914,False,,False,timeout
313,1787624586.2080014,18.99993159994483,0.06208819989115,16.106120031715385,True,248,0.014398099854588509,0.06839110050350428,14.621785475564343,False,False,False,,9.278059005737305,0.30000001192092896,13.210589408874512,2.0029237270355225,,,4.285410404205322,True,0.132048566,0.749402418931,0,1.0,-0.3689618706703186,1.0658953189849854,0.132048562169075,-0.04872088506817818,0.1407499462366104,0.132048562169075,-0.04872088506817818,0.1407499462366104,0.11926340311765671,-0.03651154786348343,0.12472711503505707,0.11926340311765671,-0.03651154786348343,0.12472711503505707,0.1192636489868164,0.0,0.1192636489868164,False,True,1.4805002138018608,1.2568002566695213,0.5,0.0,0.5,0.5,0.0,1383.484375,209.90640258789062,1383.484375,209.90640258789062,False,False,0.09448844015649224,-0.5631860000036545,0.1130643918077985,False,,False,timeout
314,1787624586.2694972,19.0617114007473,0.061779800802469254,16.18652030292774,True,249,0.004650300368666649,0.07345640007406473,13.613517664787798,False,False,False,,9.397322654724121,0.30000001192092896,13.313630104064941,1.9691472053527832,,,4.257172107696533,True,0.132048566,0.749402418931,0,1.0,0.055178940296173096,1.0015212297439575,0.132048562169075,0.007286299951374531,0.13224944472312927,0.132048562169075,0.007286299951374531,0.13224944472312927,0.12884469330310822,0.005460370797663927,0.12896034121513367,0.12884469330310822,0.005460370797663927,0.12896034121513367,0.1288442611694336,0.005460381507873535,0.12895990908145905,False,False,1.9099004566669464,1.239599660038948,0.5,0.0,0.5,0.5,0.0,1394.03564453125,206.3666229248047,1394.03564453125,206.3666229248047,False,False,0.09991579432163655,-0.564848886353362,0.11292633253171648,False,,False,timeout
315,1787624586.330762,19.122667300514877,0.06095589976757765,16.40530291264601,False,,,,,False,False,False,,9.526166915893555,0.3054603934288025,13.403526306152344,1.9696722030639648,,,4.21942138671875,True,0.132048566,0.749402418931,0,1.0,-1.0,1.4142135381698608,0.132048562169075,-0.132048562169075,0.18674486875534058,0.132048562169075,-0.132048562169075,0.18674486875534058,0.13124556839466095,-0.0975891500711441,0.16355134546756744,0.13124556839466095,-0.0975891500711441,0.16355134546756744,0.13124561309814453,-0.005460381507873535,0.13135914504528046,False,True,2.5689005851745605,1.424100250005722,0.5,0.0,0.5,0.5,0.0,1403.2410888671875,206.42166137695312,1403.2410888671875,206.42166137695312,False,False,0.10363465090438356,-0.5676215075798231,0.11307107698402961,False,,False,timeout
316,1787624586.3930845,19.183971100486815,0.06130379997193813,16.312202513673718,True,250,0.043349700048565865,0.07152869924902916,13.980402418873467,False,False,False,,9.6574125289917,0.30000001192092896,13.505555152893066,1.9721474647521973,,,4.195745468139648,True,0.132048566,0.749402418931,0,1.0,-0.26944583654403687,1.0356645584106445,0.132048562169075,-0.03557993471622467,0.1367580145597458,0.132048562169075,-0.03557993471622467,0.1367580145597458,0.1318473368883133,-0.028032047674059868,0.13479435443878174,0.1318473368883133,-0.028032047674059868,0.13479435443878174,0.13184738159179688,0.0,0.13184738159179688,False,True,1.9840998575091362,1.5783002600073814,0.0,1.0,1.0,0.5,0.0,1382.9688720703125,269.56103515625,1382.9688720703125,269.56103515625,False,False,0.10779483178708942,-0.5708536848415267,0.11292053726982806,False,,False,timeout
317,1787624586.4572837,19.24508250039071,0.06111139990389347,16.363559034364208,True,251,0.03594010043889284,0.08383910078555346,11.927608843966905,False,False,False,,9.789259910583496,0.30000001192092896,13.596259117126465,1.9927796125411987,,,4.166382789611816,True,0.132048566,0.749402418931,0,1.0,-0.05532479286193848,1.0015292167663574,0.132048562169075,-0.007305559236556292,0.13225048780441284,0.132048562169075,-0.007305559236556292,0.13225048780441284,0.13199813663959503,-0.005474803503602743,0.13211162388324738,0.13199813663959503,-0.005474803503602743,0.13211162388324738,0.13199806213378906,0.0,0.13199806213378906,False,True,2.666500397026539,2.0267004147171974,0.0,1.0,1.0,0.0,1.0,1392.2569580078125,271.72332763671875,1392.2569580078125,271.72332763671875,False,False,0.11086597999065873,-0.574539775972245,0.1129463352783916,False,,False,timeout
318,1787624586.5153744,19.306283900514245,0.06120140012353659,16.3394954687552,True,252,0.029320300556719303,0.06823739968240261,14.654720207016986,False,False,False,,9.921257972717285,0.30000001192092896,13.58128833770752,2.2130300998687744,,,4.129831314086914,True,0.132048566,0.749402418931,0,1.0,0.1550000160932541,1.0119411945343018,0.132048562169075,0.020467529073357582,0.13362538814544678,0.132048562169075,0.020467529073357582,0.13362538814544678,0.13203591108322144,0.015338415279984474,0.13292384147644043,0.13203591108322144,0.015338415279984474,0.13292384147644043,0.1320362091064453,0.015338420867919922,0.1329241394996643,False,False,1.8258001655340195,1.796499826014042,0.0,1.0,1.0,0.0,1.0,1390.7239990234375,294.8055725097656,1390.7239990234375,294.8055725097656,False,False,0.10272883222739781,-0.5837422762237149,0.11298614740227435,False,,False,timeout
319,1787624586.5755267,19.367563500069082,0.06127959955483675,16.31864449612042,True,253,0.017019099555909634,0.06781690008938313,14.74558699501147,False,False,False,,10.05329418182373,0.3153384327888489,13.576720237731934,2.4201388359069824,,,4.104231357574463,True,0.132048566,0.749402418931,0,1.0,1.0,1.4142135381698608,0.132048562169075,0.132048562169075,0.18674486875534058,0.132048562169075,0.132048562169075,0.18674486875534058,0.1320454627275467,0.10280127823352814,0.16734427213668823,0.1320454627275467,0.10280127823352814,0.16734427213668823,0.13204574584960938,0.10280126333236694,0.16734449565410614,False,False,1.7031002789735794,1.1865003034472466,0.0,1.0,1.0,0.0,1.0,1390.256103515625,316.51055908203125,1390.256103515625,316.51055908203125,False,False,0.09550208609002582,-0.5926514619878951,0.11298634027521529,False,,False,timeout
320,1787624586.6368437,19.428774300031364,0.06121079996228218,16.336986293533094,True,254,0.01071929931640625,0.07358490023761988,13.589744591224648,False,False,False,,10.18533992767334,0.4181396961212158,13.580084800720215,2.590975761413574,,,4.030571937561035,True,0.132048566,0.749402418931,0,1.0,0.2329675555229187,1.0267783403396606,0.132048562169075,0.03076303005218506,0.13558460772037506,0.132048562169075,0.03076303005218506,0.13558460772037506,0.1320478469133377,0.04881563410162926,0.14078210294246674,0.1320478469133377,0.04881563410162926,0.14078210294246674,0.1320476531982422,0.048815637826919556,0.1407819241285324,False,False,2.042500302195549,0.9674001485109329,0.0,1.0,1.0,0.0,1.0,1390.6007080078125,334.41424560546875,1390.6007080078125,334.41424560546875,False,False,0.08985666552789802,-0.6001928132449795,0.11283966347322807,False,,False,timeout
321,1787624586.699019,19.48992170020938,0.06114740017801523,16.35392505795426,False,,,,,False,False,False,,10.317387580871582,0.4669553339481354,13.579310417175293,2.7967209815979004,,,4.008484363555908,True,0.132048566,0.749402418931,0,1.0,1.0,1.4142135381698608,0.132048562169075,0.132048562169075,0.18674486875534058,0.132048562169075,0.132048562169075,0.18674486875534058,0.1320483237504959,0.11119058728218079,0.17262707650661469,0.1320483237504959,0.11119058728218079,0.17262707650661469,0.1320486068725586,0.11119058728218079,0.1726272851228714,False,False,2.3715998977422714,2.222999930381775,0.0,1.0,1.0,0.0,1.0,1390.5213623046875,355.9763488769531,1390.5213623046875,355.9763488769531,False,False,0.08288204991430545,-0.6090963775856546,0.11290464493813747,False,,False,timeout
322,1787624586.763243,19.5510177006945,0.061096000485122204,16.367683515445744,True,255,0.05186960007995367,0.06750829983502626,14.812993401459597,False,False,False,,10.44943618774414,0.5781459212303162,13.575996398925781,2.997652530670166,,,3.953402519226074,True,0.132048566,0.749402418931,0,1.0,1.0,1.4142135381698608,0.132048562169075,0.132048562169075,0.18674486875534058,0.132048562169075,0.132048562169075,0.18674486875534058,0.1320485770702362,0.1268216073513031,0.18308617174625397,0.1320485770702362,0.1268216073513031,0.18308617174625397,0.1320486068725586,0.1268215775489807,0.18308617174625397,False,False,3.292200155556202,2.029399387538433,0.0,1.0,1.0,0.0,1.0,1390.1820068359375,377.03399658203125,1390.1820068359375,377.03399658203125,False,False,0.07599095298098534,-0.6176809463677609,0.11293837102938824,False,,False,timeout
323,1787624586.8233204,19.61208050046116,0.06106279976665974,16.376582859307405,True,256,0.04211989976465702,0.08147149998694658,12.274230867974945,False,False,False,,10.5814847946167,0.7049674987792969,13.578730583190918,3.171433925628662,,,3.881615400314331,True,0.132048566,0.749402418931,0,1.0,1.0,1.4142135381698608,0.132048562169075,0.132048562169075,0.18674486875534058,0.132048562169075,0.132048562169075,0.18674486875534058,0.1320485770702362,0.13073869049549103,0.18582096695899963,0.1320485770702362,0.13073869049549103,0.18582096695899963,0.1320486068725586,0.13073867559432983,0.18582096695899963,False,False,2.2120000794529915,1.9719991832971573,0.0,1.0,1.0,0.0,1.0,1390.4620361328125,395.24627685546875,1390.4620361328125,395.24627685546875,False,False,0.07028125579379425,-0.6252509723345537,0.11292338051150612,False,,False,timeout
324,1787624586.8826325,19.673511300235987,0.06143079977482557,16.278479259028,True,257,0.02645799983292818,0.07043659966439009,14.197164609942973,False,False,False,,10.713533401489258,0.8357061743736267,13.577963829040527,3.3809421062469482,,,3.831864833831787,True,0.132048566,0.749402418931,0,1.0,-0.07153213024139404,1.0025551319122314,0.132048562169075,-0.009445714764297009,0.1323859691619873,0.132048562169075,-0.009445714764297009,0.1323859691619873,0.1320485770702362,0.02568415366113186,0.13452324271202087,0.1320485770702362,0.025684155523777008,0.13452324271202087,0.1320486068725586,0.0256841778755188,0.13452327251434326,False,False,2.2988002747297287,1.1911997571587563,0.0,1.0,1.0,0.0,1.0,1390.3834228515625,417.2027282714844,1390.3834228515625,417.2027282714844,False,False,0.0632554826364115,-0.6342215382527895,0.11290034042840957,False,,False,timeout
325,1787624586.9435036,19.735425900667906,0.0619146004319191,16.15127923016468,True,258,0.013842100277543068,0.07709330040961504,12.97129575056149,False,False,False,,10.845582008361816,0.8613903522491455,13.57709789276123,3.5809578895568848,,,3.8545074462890625,True,0.132048566,0.749402418931,0,1.0,1.0,1.4142135381698608,0.132048562169075,0.132048562169075,0.18674486875534058,0.132048562169075,0.132048562169075,0.18674486875534058,0.1320485770702362,0.1053939014673233,0.16895177960395813,0.1320485770702362,0.1053939014673233,0.16895177960395813,0.1320486068725586,0.10539388656616211,0.16895177960395813,False,False,1.6315998509526253,1.214800402522087,0.0,1.0,1.0,0.0,1.0,1390.2947998046875,438.16436767578125,1390.2947998046875,438.16436767578125,False,False,0.056567636120284676,-0.6427495595009262,0.11292189103269351,False,,False,timeout
326,1787624587.007367,19.797237600199878,0.06181169953197241,16.178167039117653,True,259,0.0075752995908260345,0.07453500013798475,13.41651570602704,False,False,False,,10.977630615234375,0.9667842388153076,13.578405380249023,3.7848281860351562,,,3.8347623348236084,True,0.132048566,0.749402418931,0,1.0,1.0,1.4142135381698608,0.132048562169075,0.132048562169075,0.18674486875534058,0.132048562169075,0.132048562169075,0.18674486875534058,0.1320485770702362,0.12536895275115967,0.18208295106887817,0.1320485770702362,0.12536895275115967,0.18208295106887817,0.1320486068725586,0.12536895275115967,0.18208296597003937,False,False,2.081899903714657,1.7558000981807709,0.0,1.0,1.0,0.0,1.0,1390.4285888671875,459.52996826171875,1390.4285888671875,459.52996826171875,False,False,0.04986514396489429,-0.6514766246721718,0.11287203787651393,False,,False,timeout
327,1787624587.0666409,19.858706300146878,0.06146869994699955,16.268442326944196,True,260,0.004026699811220169,0.0680693993344903,14.690889148088997,False,False,False,,11.109679222106934,1.0921531915664673,13.579316139221191,3.9656903743743896,,,3.788973569869995,True,0.132048566,0.749402418931,0,1.0,1.0,1.4142135381698608,0.132048562169075,0.132048562169075,0.18674486875534058,0.132048562169075,0.132048562169075,0.18674486875534058,0.1320485770702362,0.13037467002868652,0.1855650395154953,0.1320485770702362,0.13037467002868652,0.1855650395154953,0.1320486068725586,0.13037467002868652,0.1855650544166565,False,False,1.8140003085136414,1.1933008208870888,0.0,1.0,1.0,0.0,1.0,1390.52197265625,478.484375,1390.52197265625,478.484375,False,False,0.04392968416442023,-0.6591841900123272,0.11286437891832067,False,,False,timeout
328,1787624587.1300492,19.919872800819576,0.06116650067269802,16.348818209349602,False,,,,,False,False,False,,11.241727828979492,1.2225278615951538,13.577613830566406,4.173950672149658,,,3.763942003250122,True,0.132048566,0.749402418931,0,1.0,1.0,1.4142135381698608,0.132048562169075,0.132048562169075,0.18674486875534058,0.132048562169075,0.132048562169075,0.18674486875534058,0.1320485770702362,0.131629079580307,0.18644849956035614,0.1320485770702362,0.131629079580307,0.18644849956035614,0.1320486068725586,0.1316291093826294,0.18644852936267853,False,False,2.958400174975395,1.59549992531538,0.0,1.0,1.0,0.0,1.0,1390.34765625,500.30999755859375,1390.34765625,500.30999755859375,False,False,0.03700779301765787,-0.6679443707551386,0.11291015523973805,False,,False,timeout
329,1787624587.1799183,19.970810000784695,0.05093719996511936,19.632017478086297,True,261,0.036828700453042984,0.06501890067011118,15.380143153661384,False,False,False,,11.37377643585205,1.3541569709777832,13.578125953674316,4.324899673461914,,,3.6992526054382324,True,0.132048566,0.749402418931,0,1.0,1.0,1.4142135381698608,0.132048562169075,0.132048562169075,0.18674486875534058,0.132048562169075,0.132048562169075,0.18674486875534058,0.1320485770702362,0.13194343447685242,0.18667055666446686,0.1320485770702362,0.13194343447685242,0.18667055666446686,0.1320486068725586,0.1319434642791748,0.18667060136795044,False,False,2.6579005643725395,1.364000141620636,0.0,1.0,1.0,0.0,1.0,1390.400146484375,516.1295166015625,1390.400146484375,516.1295166015625,False,False,0.03207767520390428,-0.6743262251670494,0.11294481398575093,False,,False,timeout
330,1787624587.2372553,20.02715970017016,0.05634969938546419,17.746323598985466,True,262,0.021157000213861465,0.07962079998105764,12.559532185533266,False,False,False,,11.50582504272461,1.486100435256958,13.578972816467285,4.502011775970459,,,3.6597354412078857,True,0.132048566,0.749402418931,0,1.0,0.5137712955474854,1.1242601871490479,0.132048562169075,0.0678427591919899,0.14845693111419678,0.132048562169075,0.0678427591919899,0.14845693111419678,0.1320485770702362,0.08390623331069946,0.1564515382051468,0.1320485770702362,0.08390623331069946,0.1564515382051468,0.1320486068725586,0.08390617370605469,0.1564515233039856,False,False,1.9843000918626785,1.7605004832148552,0.0,1.0,1.0,0.0,1.0,1390.48681640625,534.6907958984375,1390.48681640625,534.6907958984375,False,False,0.02632012396596049,-0.6817995495401201,0.11289442506099821,False,,False,timeout
331,1787624587.298349,20.08926880080253,0.06210910063236952,16.100700055521784,True,263,0.009596400894224644,0.07170269917696714,13.946476373670842,False,False,False,,11.637873649597168,1.5700066089630127,13.578681945800781,4.707990646362305,,,3.6896722316741943,True,0.132048566,0.749402418931,0,0.9369181394577026,1.0,1.3703341484069824,0.12371869385242462,0.132048562169075,0.18095064163208008,0.12371869385242462,0.132048562169075,0.18095064163208008,0.12580615282058716,0.11998419463634491,0.17384877800941467,0.12580615282058716,0.11998419463634491,0.17384877800941467,0.12580585479736328,0.11998414993286133,0.17384852468967438,False,False,2.0107999444007874,1.7520999535918236,0.0,1.0,1.0,0.0,1.0,1390.45703125,556.2774047851562,1390.45703125,556.2774047851562,False,False,0.019595916903154483,-0.6904220317418052,0.11290001771333705,False,,False,timeout
332,1787624587.3596735,20.15067690052092,0.061408099718391895,16.284496745312854,False,,,,,False,False,False,,11.763679504394531,1.689990758895874,13.579202651977539,4.907133102416992,,,3.6940667629241943,True,0.132048566,0.749402418931,0,1.0,1.0,1.4142135381698608,0.132048562169075,0.132048562169075,0.18674486875534058,0.132048562169075,0.132048562169075,0.18674486875534058,0.13048414885997772,0.12902525067329407,0.18350376188755035,0.13048414885997772,0.12902525067329407,0.18350376188755035,0.13048458099365234,0.12902522087097168,0.18350404500961304,False,False,2.5233998894691467,3.079199232161045,0.0,1.0,1.0,0.0,1.0,1390.5103759765625,577.1475830078125,1390.5103759765625,577.1475830078125,False,False,0.013150847528525526,-0.6987523317347264,0.11291401740025632,False,,False,timeout
333,1787624587.4239883,20.211786600761116,0.0611097002401948,16.36401415928157,True,264,0.05693940073251724,0.07366920076310635,13.574193688019507,False,False,False,,11.894164085388184,1.8190159797668457,13.580284118652344,5.086899280548096,,,3.6772356033325195,True,0.132048566,0.749402418931,0,1.0,1.0,1.4142135381698608,0.132048562169075,0.132048562169075,0.18674486875534058,0.132048562169075,0.132048562169075,0.18674486875534058,0.13165663182735443,0.13129091262817383,0.18593217432498932,0.13165663182735443,0.13129091262817383,0.18593217432498932,0.13165664672851562,0.13129091262817383,0.18593217432498932,False,False,3.0257999897003174,2.0433999598026276,0.0,1.0,1.0,0.0,1.0,1390.62109375,595.9869995117188,1390.62109375,595.9869995117188,False,False,0.007377137790376293,-0.7062650775422528,0.1129794580587631,False,,False,timeout
334,1787624587.4730666,20.261823300272226,0.05003669951111078,19.98533096248579,True,265,0.03452540002763271,0.07569119986146688,13.211575478130095,False,False,False,,12.0258207321167,1.9503068923950195,13.57732105255127,5.269303321838379,,,3.663726329803467,True,0.132048566,0.749402418931,0,1.0,1.0,1.4142135381698608,0.132048562169075,0.132048562169075,0.18674486875534058,0.132048562169075,0.132048562169075,0.18674486875534058,0.13195034861564636,0.131858691573143,0.18654116988182068,0.13195034861564636,0.131858691573143,0.18654116988182068,0.13195037841796875,0.13185858726501465,0.1865411251783371,False,False,3.0469000339508057,1.318800263106823,0.0,1.0,1.0,0.0,1.0,1390.3177490234375,615.1029663085938,1390.3177490234375,615.1029663085938,False,False,0.0013755452927428418,-0.7137400219805821,0.11297400221584257,False,,False,timeout
335,1787624587.5271142,20.319002400152385,0.0571790998801589,17.48890769697127,True,266,0.024445099756121635,0.07193479966372252,13.901477514009269,False,False,False,,12.157771110534668,2.082165479660034,13.578124046325684,5.443441390991211,,,3.6490516662597656,True,0.132048566,0.749402418931,0,1.0,1.0,1.4142135381698608,0.132048562169075,0.132048562169075,0.18674486875534058,0.132048562169075,0.132048562169075,0.18674486875534058,0.13202396035194397,0.13200095295906067,0.18669380247592926,0.13202396035194397,0.13200095295906067,0.18669380247592926,0.13202381134033203,0.13200092315673828,0.1866936832666397,False,False,1.6350997611880302,1.7333999276161194,0.0,1.0,1.0,0.0,1.0,1390.39990234375,633.3526611328125,1390.39990234375,633.3526611328125,False,False,-0.004190871765090173,-0.7209634538254706,0.1130419956135986,False,,False,timeout
336,1787624587.5911434,20.38103390019387,0.06203150004148483,16.12084181957924,True,267,0.01747839991003275,0.06726390030235052,14.866815565333122,False,False,False,,12.289794921875,2.2141664028167725,13.580743789672852,5.650671005249023,,,3.6709823608398438,True,0.132048566,0.749402418931,0,1.0,1.0,1.4142135381698608,0.132048562169075,0.132048562169075,0.18674486875534058,0.132048562169075,0.132048562169075,0.18674486875534058,0.13204234838485718,0.13203662633895874,0.18673202395439148,0.13204234838485718,0.13203662633895874,0.18673202395439148,0.13204193115234375,0.13203668594360352,0.18673178553581238,False,False,2.583300694823265,1.7980998381972313,0.0,1.0,1.0,0.0,1.0,1390.668212890625,655.0703125,1390.668212890625,655.0703125,False,False,-0.01072639311636452,-0.7295807768304055,0.11304832559478031,False,,False,timeout
337,1787624587.6501925,20.442138300277293,0.06110440008342266,16.365433563454545,True,268,0.007093500345945358,0.06899189949035645,14.49445525325445,False,False,False,,12.421836853027344,2.346203088760376,13.57857894897461,5.832688331604004,,,3.673367738723755,True,0.132048566,0.749402418931,0,1.0,1.0,1.4142135381698608,0.132048562169075,0.132048562169075,0.18674486875534058,0.132048562169075,0.132048562169075,0.18674486875534058,0.1320468932390213,0.13204558193683624,0.18674157559871674,0.1320468932390213,0.13204558193683624,0.18674157559871674,0.13204669952392578,0.13204550743103027,0.18674138188362122,False,False,1.8897997215390205,1.7318995669484138,0.0,1.0,1.0,0.0,1.0,1390.446533203125,674.1456909179688,1390.446533203125,674.1456909179688,False,False,-0.016624033782876593,-0.7369881115691246,0.11292123005305524,False,,False,timeout
338,1787624587.7120779,20.503993100486696,0.06185480020940304,16.166894026245387,True,269,0.0005777999758720398,0.07149210013449192,13.987559438298584,False,False,False,,12.55388355255127,2.4782485961914062,13.579289436340332,6.041437149047852,,,3.707798480987549,True,0.132048566,0.749402418931,0,1.0,1.0,1.4142135381698608,0.132048562169075,0.132048562169075,0.18674486875534058,0.132048562169075,0.132048562169075,0.18674486875534058,0.1320480853319168,0.13204778730869293,0.18674397468566895,0.1320480853319168,0.13204778730869293,0.18674397468566895,0.1320476531982422,0.1320478916168213,0.18674375116825104,False,False,1.750800758600235,1.1785002425312996,0.0,1.0,1.0,0.0,1.0,1390.519287109375,696.0225830078125,1390.519287109375,696.0225830078125,False,False,-0.023237787798720117,-0.745550254047333,0.11296101894316728,False,,False,timeout
339,1787624587.7733006,20.565264300443232,0.06127119995653629,16.320881600317374,False,,,,,False,False,False,,12.685931205749512,2.6102964878082275,13.58013916015625,6.218684196472168,,,3.7175354957580566,True,0.132048566,0.749402418931,0,1.0,1.0,1.4142135381698608,0.132048562169075,0.132048562169075,0.18674486875534058,0.132048562169075,0.132048562169075,0.18674486875534058,0.1320483237504959,0.13204839825630188,0.1867445856332779,0.1320483237504959,0.13204839825630188,0.1867445856332779,0.1320486068725586,0.1320483684539795,0.18674476444721222,False,False,2.1470002830028534,1.3500005006790161,0.0,1.0,1.0,0.0,1.0,1390.606201171875,714.5980834960938,1390.606201171875,714.5980834960938,False,False,-0.028824476168317615,-0.7528028785597538,0.11292030200838596,False,,False,timeout
340,1787624587.8365495,20.626438700594008,0.06117440015077591,16.346707079028324,True,270,0.05557380057871342,0.06836909987032413,14.626490649967645,False,False,False,,12.81797981262207,2.742344856262207,13.57744026184082,6.425288677215576,,,3.7604329586029053,True,0.132048566,0.749402418931,0,1.0,1.0,1.4142135381698608,0.132048562169075,0.132048562169075,0.18674486875534058,0.132048562169075,0.132048562169075,0.18674486875534058,0.1320485770702362,0.13204851746559143,0.18674485385417938,0.1320485770702362,0.13204851746559143,0.18674485385417938,0.1320486068725586,0.1320486068725586,0.18674492835998535,False,False,2.5404999032616615,1.9857995212078094,0.0,1.0,1.0,0.0,1.0,1390.3299560546875,736.250244140625,1390.3299560546875,736.250244140625,False,False,-0.03545957083917332,-0.7611162592967136,0.11294311886070971,False,,False,timeout
341,1787624587.898763,20.687579600140452,0.061140899546444416,16.355663842341258,True,271,0.0475984001532197,0.06775720044970512,14.758579064114093,False,False,False,,12.950028419494629,2.8743934631347656,13.577929496765137,6.623436450958252,,,3.8012607097625732,True,0.132048566,0.749402418931,0,1.0,1.0,1.4142135381698608,0.132048562169075,0.132048562169075,0.18674486875534058,0.132048562169075,0.132048562169075,0.18674486875534058,0.1320485770702362,0.1320485770702362,0.18674488365650177,0.1320485770702362,0.1320485770702362,0.18674488365650177,0.1320486068725586,0.1320486068725586,0.18674492835998535,False,False,2.8497008606791496,2.0895004272460938,0.0,1.0,1.0,0.0,1.0,1390.3800048828125,757.01611328125,1390.3800048828125,757.01611328125,False,False,-0.04167919585110296,-0.7691536657727912,0.11302206865051082,False,,False,timeout
342,1787624587.9599931,20.748744800686836,0.06116520054638386,16.349165719511745,True,272,0.036288900300860405,0.06880840007215738,14.533109314434412,False,False,False,,13.082077026367188,3.006442070007324,13.579641342163086,6.826806545257568,,,3.8526294231414795,True,0.132048566,0.749402418931,0,1.0,1.0,1.4142135381698608,0.132048562169075,0.132048562169075,0.18674486875534058,0.132048562169075,0.132048562169075,0.18674486875534058,0.1320485770702362,0.1320485770702362,0.18674488365650177,0.1320485770702362,0.1320485770702362,0.18674488365650177,0.1320486068725586,0.1320486068725586,0.18674492835998535,False,False,2.691899426281452,2.042500302195549,0.0,1.0,1.0,0.0,1.0,1390.55517578125,778.3292846679688,1390.55517578125,778.3292846679688,False,False,-0.047992709546258394,-0.7774101132272566,0.1129487276489454,False,,False,timeout
343,1787624588.0194614,20.810282099992037,0.06153729930520058,16.250306908016828,True,273,0.027865800075232983,0.0724804000928998,13.796833333125603,False,False,False,,13.214125633239746,3.138490676879883,13.577618598937988,7.009342670440674,,,3.887881278991699,True,0.132048566,0.749402418931,0,-1.0,0.9011325836181641,1.3461202383041382,-0.132048562169075,0.11899325996637344,0.1777532547712326,-0.132048562169075,0.11899325996637344,0.1777532547712326,-0.06586644798517227,0.12226489931344986,0.1388779878616333,-0.06578266620635986,0.12226904183626175,0.138841912150383,-0.06578254699707031,0.1222691535949707,0.13884195685386658,True,False,1.869400031864643,1.2716995552182198,0.0,0.5,0.5,0.0,1.0,1390.34814453125,766.0191650390625,1390.34814453125,766.0191650390625,False,False,-0.05377928658112253,-0.7846880644700296,0.1129225079005082,False,,False,timeout
344,1787624588.080595,20.871506799943745,0.06122469995170832,16.333277268631146,True,274,0.024577599950134754,0.06996079999953508,14.29371876831948,False,False,False,,13.148343086242676,3.2607598304748535,13.576773643493652,7.208686828613281,,,3.9711055755615234,True,0.132048566,0.749402418931,0,1.0,1.0,1.4142135381698608,0.132048562169075,0.132048562169075,0.18674486875534058,0.132048562169075,0.132048562169075,0.18674486875534058,0.08247256278991699,0.12959785759449005,0.15361422300338745,0.08247256278991699,0.12959785759449005,0.15361422300338745,0.0824728012084961,0.12959790229797363,0.15361438691616058,False,False,1.8269997090101242,1.1758999899029732,-0.5,1.0,1.1180340051651,0.0,0.5,1359.5416259765625,818.3504028320312,1359.5416259765625,818.3504028320312,False,False,-0.0600240717739881,-0.7926504030836137,0.11288045646129483,False,,False,timeout
345,1787624588.1417408,20.932657500728965,0.06115070078521967,16.35304235534948,True,275,0.008258400484919548,0.06450639944523573,15.502337885855406,False,False,False,,13.230815887451172,3.390357732772827,13.566781997680664,7.280964374542236,,,3.905085563659668,True,0.132048566,0.749402418931,0,0.9594405293464661,1.0,1.3858305215835571,0.1266927421092987,0.132048562169075,0.18299691379070282,0.1266927421092987,0.132048562169075,0.18299691379070282,0.11561132967472076,0.13143442571163177,0.1750456690788269,0.11561132967472076,0.13143442571163177,0.1750456690788269,0.11561107635498047,0.13143444061279297,0.17504552006721497,False,False,2.046700567007065,1.822800375521183,-0.5,1.0,1.1180340051651,-0.5,1.0,1358.5184326171875,825.9251098632812,1358.5184326171875,825.9251098632812,False,False,-0.06266006491566117,-0.7952382048733956,0.11264042779775102,False,,False,timeout
346,1787624588.2045465,20.994417500682175,0.061759999953210354,16.191709856826495,True,276,0.001129399985074997,0.07747669983655214,12.907106292725928,False,False,False,,13.346426963806152,3.52179217338562,13.457342147827148,7.500410079956055,,,3.98016357421875,True,0.132048566,0.749402418931,0,-0.2689635157585144,1.0,1.035539150238037,-0.035516247153282166,0.132048562169075,0.13674145936965942,-0.035516247153282166,0.132048562169075,0.13674145936965942,0.002355894073843956,0.13189466297626495,0.13191570341587067,0.0023558959364891052,0.13189466297626495,0.13191570341587067,0.0023555755615234375,0.13189458847045898,0.1319156140089035,False,False,2.901599742472172,1.7318995669484138,-1.0,1.0,1.4142135381698608,-0.5,1.0,1316.591796875,848.9230346679688,1316.591796875,848.9230346679688,False,False,-0.07371201562181984,-0.8006901243934053,0.11315015394841295,False,,False,timeout
347,1787624588.264857,21.055796900764108,0.061379400081932545,16.292111012247528,False,,,,,False,False,False,,13.348782539367676,3.653686761856079,13.338107109069824,7.703667163848877,,,4.049994468688965,True,0.132048566,0.749402418931,0,-0.2209106683731079,1.0,1.0241100788116455,-0.029170935973525047,0.132048562169075,0.13523226976394653,-0.029170935973525047,0.132048562169075,0.13523226976394653,-0.021270466968417168,0.13200996816158295,0.13371261954307556,-0.021270466968417168,0.13200996816158295,0.13371261954307556,-0.021270751953125,0.13200998306274414,0.13371267914772034,False,False,2.493000589311123,1.5088999643921852,-1.0,1.0,1.4142135381698608,-1.0,1.0,1304.3822021484375,870.2243041992188,1304.3822021484375,870.2243041992188,False,False,-0.08459237038595505,-0.8051791445365822,0.11288608044458308,False,,False,timeout
348,1787624588.326004,21.116860800422728,0.06106389965862036,16.37628788188326,True,277,0.05071599967777729,0.06888920068740845,14.516063330994342,False,False,False,,13.32751178741455,3.7856967449188232,13.143732070922852,7.876424312591553,,,4.09485387802124,True,0.132048566,0.749402418931,0,1.0,1.0,1.4142135381698608,0.132048562169075,0.132048562169075,0.18674486875534058,0.132048562169075,0.132048562169075,0.18674486875534058,0.09362711012363434,0.1320388913154602,0.16186508536338806,0.09362711012363434,0.1320388913154602,0.16186508536338806,0.0936269760131836,0.13203883171081543,0.16186495125293732,False,False,2.4533001706004143,1.4525000005960464,-0.5,1.0,1.1180340051651,-1.0,1.0,1315.1981201171875,888.3292846679688,1315.1981201171875,888.3292846679688,False,False,-0.09738607227703834,-0.8061857766216506,0.11284013470886214,False,,False,timeout
349,1787624588.38959,21.17852080054581,0.06166000012308359,16.217969477843564,True,278,0.044754800386726856,0.07317529991269112,13.665813480684697,False,False,False,,13.421138763427734,3.9177355766296387,12.939676284790039,8.086341857910156,,,4.19631814956665,True,0.132048566,0.749402418931,0,-1.0,1.0,1.4142135381698608,-0.132048562169075,0.132048562169075,0.18674486875534058,-0.132048562169075,0.132048562169075,0.18674486875534058,-0.07549481838941574,0.13204611837863922,0.15210404992103577,-0.07549482583999634,0.13204611837863922,0.15210406482219696,-0.07549476623535156,0.13204622268676758,0.15210412442684174,False,False,2.6332996785640717,1.360500231385231,-1.0,0.5,1.1180340051651,-0.5,1.0,1263.582763671875,878.888671875,1263.582763671875,878.888671875,False,False,-0.11161884663755409,-0.8083642731250947,0.11302889492691469,False,,False,timeout
350,1787624588.4495862,21.239472500048578,0.06095169950276613,16.406433424462882,True,279,0.03543809987604618,0.06729419995099306,14.860121685498141,False,False,False,,13.345643997192383,4.049781799316406,12.85474681854248,8.27685260772705,,,4.25547981262207,True,0.132048566,0.749402418931,0,-1.0,1.0,1.4142135381698608,-0.132048562169075,0.132048562169075,0.18674486875534058,-0.132048562169075,0.132048562169075,0.18674486875534058,-0.1178763136267662,0.13204796612262726,0.1770070344209671,-0.1178763136267662,0.13204796612262726,0.1770070344209671,-0.11787605285644531,0.1320481300354004,0.17700698971748352,False,False,2.379900775849819,1.3113003224134445,-1.0,0.5,1.1180340051651,-1.0,0.5,1254.8861083984375,898.8541870117188,1254.8861083984375,898.8541870117188,False,False,-0.12063684617974856,-0.8133270606567105,0.11319758413916983,False,,False,timeout
351,1787624588.5097713,21.3006107006222,0.06113820057362318,16.35638587033308,True,280,0.02866890002042055,0.0702711995691061,14.230581036496751,False,False,False,,13.227767944335938,4.181829929351807,12.620465278625488,8.34980583190918,,,4.211987495422363,True,0.132048566,0.749402418931,0,-0.6913011074066162,1.0,1.2156879901885986,-0.09128531813621521,0.132048562169075,0.16052985191345215,-0.09128531813621521,0.132048562169075,0.16052985191345215,-0.09794888645410538,0.13204845786094666,0.16441039741039276,-0.09794888645410538,0.13204845786094666,0.16441039741039276,-0.09794902801513672,0.1320486068725586,0.16441060602664948,False,False,2.0534005016088486,1.1430000886321068,-1.0,0.5,1.1180340051651,-1.0,0.5,1230.8956298828125,906.4996948242188,1230.8956298828125,906.4996948242188,False,False,-0.13178031916231236,-0.809199033103877,0.11247309930542446,False,,False,timeout
352,1787624588.5731404,21.361996000632644,0.061385300010442734,16.29054512774039,True,281,0.022824699990451336,0.0679141003638506,14.724482760464884,False,False,False,,13.1298189163208,4.313878536224365,12.444159507751465,8.443907737731934,,,4.186558246612549,True,0.132048566,0.749402418931,0,-1.0,0.5571901798248291,1.1447536945343018,-0.132048562169075,0.07357615977525711,0.15116307139396667,-0.132048562169075,0.07357615977525711,0.15116307139396667,-0.12350329756736755,0.0882292091846466,0.15178094804286957,-0.12350329756736755,0.0882292091846466,0.15178094804286957,-0.1235036849975586,0.08822917938232422,0.15178126096725464,False,False,2.566499635577202,1.7586993053555489,-1.0,0.0,1.0,-1.0,0.5,1212.8419189453125,884.9215087890625,1212.8419189453125,884.9215087890625,False,False,-0.14131541454637706,-0.8076405816754969,0.11309669750717645,False,,False,timeout
353,1787624588.6335235,21.423445500433445,0.06144949980080128,16.27352546793164,True,282,0.013775399886071682,0.06723290029913187,14.87367041360422,False,False,False,,13.006315231323242,4.4021077156066895,12.227143287658691,8.537920951843262,,,4.2085700035095215,True,0.132048566,0.749402418931,0,-1.0,1.0,1.4142135381698608,-0.132048562169075,0.132048562169075,0.18674486875534058,-0.132048562169075,0.132048562169075,0.18674486875534058,-0.12990723550319672,0.12106752395629883,0.1775759905576706,-0.12990723550319672,0.12106752395629883,0.1775759905576706,-0.12990760803222656,0.12106752395629883,0.17757627367973328,False,False,2.2074999287724495,1.7411001026630402,-1.0,0.0,1.0,-1.0,0.0,1190.619384765625,894.7741088867188,1190.619384765625,894.7741088867188,False,False,-0.15236189512511952,-0.8048736886351889,0.11275263035668279,False,,False,timeout
354,1787624588.6948686,21.48479530028999,0.06134979985654354,16.299971676164162,False,,,,,False,False,False,,12.876407623291016,4.523175239562988,12.04196834564209,8.515048027038574,,,4.078153610229492,True,0.132048566,0.749402418931,0,-0.29672908782958984,1.0,1.0430954694747925,-0.039182648062705994,0.132048562169075,0.13773925602436066,-0.039182648062705994,0.132048562169075,0.13773925602436066,-0.06191810220479965,0.12929673492908478,0.14335793256759644,-0.06191810220479965,0.12929673492908478,0.14335793256759644,-0.06191825866699219,0.12929677963256836,0.1433580368757248,False,False,2.9691001400351524,2.8066998347640038,-1.0,0.0,1.0,-1.0,0.0,1171.6575927734375,892.3770751953125,1171.6575927734375,892.3770751953125,False,False,-0.15869863007346982,-0.7984791244104957,0.1128442884825793,False,,False,timeout
355,1787624588.7571974,21.546101700514555,0.06130640022456646,16.31151064712627,True,283,0.05750990007072687,0.07049079984426498,14.186248449574919,False,False,False,,12.814489364624023,4.652472019195557,11.837862968444824,8.511310577392578,,,3.9805068969726562,True,0.132048566,0.749402418931,0,-1.0,1.0,1.4142135381698608,-0.132048562169075,0.132048562169075,0.18674486875534058,-0.132048562169075,0.132048562169075,0.18674486875534058,-0.11447407305240631,0.13135896623134613,0.17423975467681885,-0.11447407305240631,0.13135896623134613,0.17423975467681885,-0.11447429656982422,0.13135910034179688,0.17423999309539795,False,False,2.900000661611557,2.0006000995635986,-1.0,0.0,1.0,-1.0,0.0,1150.7572021484375,891.9853515625,1150.7572021484375,891.9853515625,False,False,-0.16631037946920155,-0.7922827342681474,0.11291910947506742,False,,False,timeout
356,1787624588.8186305,21.607345200143754,0.061243499629199505,16.32826350640522,True,284,0.051405999809503555,0.07930929958820343,12.608861825691136,False,False,False,,12.7000150680542,4.7838311195373535,11.635071754455566,8.513298988342285,,,3.878535270690918,True,0.132048566,0.749402418931,0,-1.0,1.0,1.4142135381698608,-0.132048562169075,0.132048562169075,0.18674486875534058,-0.132048562169075,0.132048562169075,0.18674486875534058,-0.12764449417591095,0.13187578320503235,0.1835329383611679,-0.12764449417591095,0.13187578320503235,0.1835329383611679,-0.12764453887939453,0.13187599182128906,0.18353311717510223,False,False,2.4545006453990936,2.00009997934103,-1.0,0.0,1.0,-1.0,0.0,1129.9913330078125,892.1937255859375,1129.9913330078125,892.1937255859375,False,False,-0.17402883598554497,-0.7863604369690482,0.112905598081112,False,,False,timeout
357,1787624588.877901,21.668779500760138,0.06143430061638355,16.277551627784234,True,285,0.04169110022485256,0.06695429980754852,14.935560567049027,False,False,False,,12.572370529174805,4.915707111358643,11.422677040100098,8.510534286499023,,,3.7741990089416504,True,0.132048566,0.749402418931,0,-1.0,1.0,1.4142135381698608,-0.132048562169075,0.132048562169075,0.18674486875534058,-0.132048562169075,0.132048562169075,0.18674486875534058,-0.13094492256641388,0.13200530409812927,0.18593540787696838,-0.13094492256641388,0.13200530409812927,0.18593540787696838,-0.13094520568847656,0.1320052146911621,0.18593554198741913,False,False,2.0111994817852974,1.5609003603458405,-1.0,0.0,1.0,-1.0,0.0,1108.2420654296875,891.9039916992188,1108.2420654296875,891.9039916992188,False,False,-0.1819556841186806,-0.7799783348386408,0.11291156740007247,False,,False,timeout
358,1787624588.9404092,21.730177100747824,0.06139759998768568,16.287281590820598,True,286,0.0338839003816247,0.07115630060434341,14.053569276463476,False,False,False,,12.441425323486328,5.047712326049805,11.239109992980957,8.509918212890625,,,3.6650283336639404,True,0.132048566,0.749402418931,0,-1.0,1.0,1.4142135381698608,-0.132048562169075,0.132048562169075,0.18674486875534058,-0.132048562169075,0.132048562169075,0.18674486875534058,-0.13177205622196198,0.1320376992225647,0.18654176592826843,-0.13177205622196198,0.1320376992225647,0.18654176592826843,-0.13177204132080078,0.13203763961791992,0.18654170632362366,False,False,2.4431003257632256,1.0225996375083923,-1.0,0.0,1.0,-1.0,0.0,1089.44482421875,891.8394775390625,1089.44482421875,891.8394775390625,False,False,-0.18884751125867758,-0.7745411538607595,0.11295389565840726,False,,False,timeout
359,1787624589.0001738,21.792091300711036,0.06191419996321201,16.151383698637417,True,287,0.024933000095188618,0.06919899955391884,14.451075975756192,False,False,False,,12.309653282165527,5.179749965667725,11.030117988586426,8.507152557373047,,,3.5649430751800537,True,0.132048566,0.749402418931,0,-1.0,1.0,1.4142135381698608,-0.132048562169075,0.132048562169075,0.18674486875534058,-0.132048562169075,0.132048562169075,0.18674486875534058,-0.13197925686836243,0.13204582035541534,0.1866939216852188,-0.13197925686836243,0.13204582035541534,0.1866939216852188,-0.13197898864746094,0.13204574584960938,0.1866936832666397,False,False,1.5952996909618378,1.7142007127404213,-1.0,0.0,1.0,-1.0,0.0,1068.0440673828125,891.5496215820312,1068.0440673828125,891.5496215820312,False,False,-0.1966205327651048,-0.768279897551081,0.11293775919196189,False,,False,timeout
360,1787624589.061521,21.853414700366557,0.061323399655520916,16.306988940884175,True,288,0.018298200331628323,0.07087189983576536,14.109964630796478,False,False,False,,12.177674293518066,5.311795711517334,10.82225227355957,8.50637435913086,,,3.4702308177948,False,0.132048566,0.749402418931,0,-1.0,1.0,1.4142135381698608,-0.132048562169075,0.132048562169075,0.18674486875534058,-0.132048562169075,0.132048562169075,0.18674486875534058,-0.13203111290931702,0.1320478469133377,0.18673202395439148,-0.13203111290931702,0.1320478469133377,0.18673202395439148,-0.13203144073486328,0.1320476531982422,0.18673211336135864,False,False,1.9240006804466248,1.369900070130825,-1.0,0.0,1.0,-1.0,0.0,1046.758544921875,891.4680786132812,1046.758544921875,891.4680786132812,False,False,-0.20439592437931917,-0.7621407657618433,0.11291631913112105,False,,False,timeout
361,1787624589.122849,21.914779900573194,0.06136520020663738,16.295880998231276,True,289,0.0074674999341368675,0.06795910000801086,14.714732830218797,False,False,False,,12.045642852783203,5.443843364715576,10.642597198486328,8.504321098327637,,,3.366758346557617,False,0.132048566,0.749402418931,0,-0.9306100606918335,1.0,1.366028904914856,-0.12288571894168854,0.132048562169075,0.1803821474313736,-0.12288571894168854,0.132048562169075,0.1803821474313736,-0.12517760694026947,0.1320483237504959,0.18195107579231262,-0.12517760694026947,0.1320483237504959,0.18195107579231262,-0.12517738342285156,0.1320481300354004,0.18195079267024994,False,False,1.8456000834703445,1.750599592924118,-1.0,0.5,1.1180340051651,-1.0,0.0,1028.3619384765625,922.69287109375,1028.3619384765625,922.69287109375,False,False,-0.21106502801997018,-0.756789018122276,0.11292547915802545,False,,False,timeout
362,1787624589.1842175,21.97615780029446,0.06137789972126484,16.292509267037406,True,290,0.0005478998646140099,0.07219660002738237,13.851067773561704,False,False,False,,11.920465469360352,5.575891494750977,10.430620193481445,8.5122652053833,,,3.2927086353302,False,0.132048566,0.749402418931,0,-1.0,1.0,1.4142135381698608,-0.132048562169075,0.132048562169075,0.18674486875534058,-0.132048562169075,0.132048562169075,0.18674486875534058,-0.13032665848731995,0.13204845786094666,0.18553121387958527,-0.13032665848731995,0.13204845786094666,0.18553121387958527,-0.1303262710571289,0.1320486068725586,0.18553104996681213,False,False,1.647799275815487,1.290900632739067,-1.0,0.5,1.1180340051651,-1.0,0.5,1006.6554565429688,923.525390625,1006.6554565429688,923.525390625,False,False,-0.21922163924718735,-0.7508929281296114,0.1128949950856419,False,,False,timeout
363,1787624589.245424,22.03738670051098,0.06122890021651983,16.332156815878843,False,,,,,False,False,False,,11.790139198303223,5.707940101623535,10.254322052001953,8.622969627380371,,,3.2948644161224365,False,0.132048566,0.749402418931,0,-1.0,1.0,1.4142135381698608,-0.132048562169075,0.132048562169075,0.18674486875534058,-0.132048562169075,0.132048562169075,0.18674486875534058,-0.13161695003509521,0.1320485770702362,0.18643993139266968,-0.13161695003509521,0.1320485770702362,0.18643993139266968,-0.13161659240722656,0.1320486068725586,0.18643969297409058,False,False,2.3966003209352493,1.4917002990841866,-1.0,0.5,1.1180340051651,-1.0,0.5,988.6025390625,935.1272583007812,988.6025390625,935.1272583007812,False,False,-0.22899821263530268,-0.7500946350475709,0.11308284875386371,False,,False,timeout
364,1787624589.3088522,22.09859160054475,0.06120490003377199,16.33856111926029,True,291,0.05415039975196123,0.06829150021076202,14.643110737262885,False,False,False,,11.658522605895996,5.839988708496094,10.045488357543945,8.724809646606445,,,3.3051583766937256,False,0.132048566,0.749402418931,0,-1.0,1.0,1.4142135381698608,-0.132048562169075,0.132048562169075,0.18674486875534058,-0.132048562169075,0.132048562169075,0.18674486875534058,-0.1319403052330017,0.1320485770702362,0.18666833639144897,-0.1319403052330017,0.1320485770702362,0.18666833639144897,-0.13193988800048828,0.1320486068725586,0.18666806817054749,False,False,2.9298998415470123,2.323300577700138,-1.0,0.0,1.0,-1.0,0.5,967.2179565429688,914.3600463867188,967.2179565429688,914.3600463867188,False,False,-0.23969581172169413,-0.7480024321691962,0.11285680815229238,False,,False,timeout
365,1787624589.372235,22.15995420049876,0.061362599954009056,16.296571539496284,True,292,0.04637390002608299,0.06916860025376081,14.457427161042316,False,False,False,,11.526582717895508,5.972037315368652,9.843008995056152,8.813732147216797,,,3.30297589302063,False,0.132048566,0.749402418931,0,-0.5181169509887695,1.0,1.1262526512145996,-0.06841659545898438,0.132048562169075,0.14872005581855774,-0.06841659545898438,0.132048562169075,0.14872005581855774,-0.08433537185192108,0.1320485770702362,0.1566821038722992,-0.08433537185192108,0.1320485770702362,0.1566821038722992,-0.0843353271484375,0.1320486068725586,0.1566821038722992,False,False,3.374599851667881,2.0687002688646317,-1.0,0.0,1.0,-1.0,0.0,946.484130859375,923.6790771484375,946.484130859375,923.6790771484375,False,False,-0.24975171385276596,-0.7455957534168379,0.11308927461021978,False,,False,timeout
366,1787624589.4324038,22.2212743004784,0.06132009997963905,16.307866430942603,True,293,0.037831200286746025,0.0687982002273202,14.535263955973281,False,False,False,,11.44224739074707,6.104085922241211,9.635817527770996,8.788466453552246,,,3.2355968952178955,False,0.132048566,0.749402418931,0,-1.0,1.0,1.4142135381698608,-0.132048562169075,0.132048562169075,0.18674486875534058,-0.132048562169075,0.132048562169075,0.18674486875534058,-0.12009173631668091,0.1320485770702362,0.17849048972129822,-0.12009173631668091,0.1320485770702362,0.17849048972129822,-0.12009143829345703,0.1320486068725586,0.1784902960062027,False,False,2.775999717414379,1.4778003096580505,-1.0,0.0,1.0,-1.0,0.0,925.2677001953125,921.03125,925.2677001953125,921.03125,False,False,-0.25669962941865015,-0.7385813195741645,0.1127410029002528,False,,False,timeout
367,1787624589.4911084,22.283017300069332,0.06174299959093332,16.196168093959034,True,294,0.029935999773442745,0.06986329983919859,14.313666865173243,False,False,False,,11.322155952453613,6.2361345291137695,9.456954956054688,8.790576934814453,,,3.162933826446533,False,0.132048566,0.749402418931,0,-0.3704831600189209,1.0,1.066422939300537,-0.04892176762223244,0.132048562169075,0.14081960916519165,-0.04892176762223244,0.132048562169075,0.14081960916519165,-0.0667567104101181,0.1320485770702362,0.14796379208564758,-0.0667567104101181,0.1320485770702362,0.14796379208564758,-0.0667562484741211,0.1320486068725586,0.14796361327171326,False,False,1.8945001065731049,1.4919005334377289,-1.0,0.0,1.0,-1.0,0.0,906.9521484375,921.25244140625,906.9521484375,921.25244140625,False,False,-0.2633699108321517,-0.7334729783750153,0.11307453826988123,False,,False,timeout
368,1787624589.5523891,22.34427130036056,0.061254000291228294,16.325464381845478,True,295,0.021332399919629097,0.06964239943772554,14.359068729304814,False,False,False,,11.255399703979492,6.368183135986328,9.243806838989258,8.79283332824707,,,3.150465726852417,False,0.132048566,0.749402418931,0,-1.0,1.0,1.4142135381698608,-0.132048562169075,0.132048562169075,0.18674486875534058,-0.132048562169075,0.132048562169075,0.18674486875534058,-0.11568646132946014,0.1320485770702362,0.17555677890777588,-0.11568646132946014,0.1320485770702362,0.17555677890777588,-0.11568641662597656,0.1320486068725586,0.17555676400661469,False,False,1.7848005518317223,1.797899603843689,-1.0,-0.5,1.1180340051651,-1.0,0.0,885.1257934570312,890.0489501953125,885.1257934570312,890.0489501953125,False,False,-0.27129817832919073,-0.7273855571981098,0.11289609782165043,False,,False,timeout
369,1787624589.6147165,22.405660800635815,0.06138950027525425,16.289430529915784,True,296,0.013656600378453732,0.0698612006381154,14.314096964637798,False,False,False,,11.139713287353516,6.500231742858887,9.036993026733398,8.78084945678711,,,3.1020395755767822,False,0.132048566,0.749402418931,0,-1.0,1.0,1.4142135381698608,-0.132048562169075,0.132048562169075,0.18674486875534058,-0.132048562169075,0.132048562169075,0.18674486875534058,-0.12794823944568634,0.1320485770702362,0.1838683784008026,-0.12794823944568634,0.1320485770702362,0.1838683784008026,-0.12794780731201172,0.1320486068725586,0.18386809527873993,False,False,2.3694997653365135,1.7670998349785805,-1.0,-0.5,1.1180340051651,-1.0,-0.5,863.9480590820312,888.79296875,863.9480590820312,888.79296875,False,False,-0.27857690323665646,-0.7209324978661126,0.1130288756680784,False,,False,timeout
370,1787624589.675873,22.46686140075326,0.06120060011744499,16.33970905646322,True,297,0.007058900780975819,0.06906049977988005,14.480057387180075,False,False,False,,11.011765480041504,6.632280349731445,8.85431957244873,8.66714859008789,,,2.9656805992126465,False,0.132048566,0.749402418931,0,-1.0,1.0,1.4142135381698608,-0.132048562169075,0.132048562169075,0.18674486875534058,-0.132048562169075,0.132048562169075,0.18674486875534058,-0.1310209184885025,0.1320485770702362,0.186019629240036,-0.1310209184885025,0.1320485770702362,0.186019629240036,-0.13102054595947266,0.1320486068725586,0.1860193908214569,False,False,1.9485997036099434,1.0367995128035545,-1.0,0.0,1.0,-1.0,-0.5,845.2423095703125,908.3171997070312,845.2423095703125,908.3171997070312,False,False,-0.28209083549578245,-0.7111810011890548,0.11269968975767418,False,,False,timeout
371,1787624589.737177,22.52803450077772,0.061173100024461746,16.34705449944702,True,298,0.004300300031900406,0.06780049949884415,14.749153876322811,False,False,False,,10.880744934082031,6.764328956604004,8.642555236816406,8.571294784545898,,,2.876563787460327,False,0.132048566,0.749402418931,0,-1.0,1.0,1.4142135381698608,-0.132048562169075,0.132048562169075,0.18674486875534058,-0.132048562169075,0.132048562169075,0.18674486875534058,-0.13179093599319458,0.1320485770702362,0.18656279146671295,-0.13179093599319458,0.1320485770702362,0.18656279146671295,-0.1317911148071289,0.1320486068725586,0.1865629404783249,False,False,2.475299872457981,1.7303992062807083,-1.0,0.0,1.0,-1.0,0.0,823.5576171875,898.2716674804688,823.5576171875,898.2716674804688,False,False,-0.28717901511038146,-0.701291719937807,0.11294714455782914,False,,False,timeout
372,1787624589.797608,22.589527900330722,0.06149339955300093,16.2619079001821,False,,,,,False,False,False,,10.748953819274902,6.8963775634765625,8.464611053466797,8.595096588134766,,,2.8467295169830322,False,0.132048566,0.749402418931,0,-1.0,-1.0,1.4142135381698608,-0.132048562169075,-0.132048562169075,0.18674486875534058,-0.132048562169075,-0.132048562169075,0.18674486875534058,-0.13198404014110565,-0.06586644798517227,0.14750653505325317,-0.13198404014110565,-0.06586644053459167,0.14750652015209198,-0.13198375701904297,-0.06586647033691406,0.14750629663467407,False,False,2.37210001796484,2.0055007189512253,-1.0,0.0,1.0,-1.0,0.0,805.336181640625,900.76611328125,805.336181640625,900.76611328125,False,False,-0.29438591499117217,-0.6971068975563534,0.11300716592646246,False,,False,timeout
373,1787624589.8608634,22.65072480030358,0.061196899972856045,16.340697003337606,True,299,0.05370219983160496,0.06392770074307919,15.642671148442016,False,False,False,,10.61697006225586,6.830511093139648,8.256438255310059,8.59493350982666,,,2.947082757949829,False,0.132048566,0.749402418931,0,-1.0,0.8614711165428162,1.3198986053466797,-0.132048562169075,0.11375602334737778,0.1742907166481018,-0.132048562169075,0.11375602334737778,0.1742907166481018,-0.13203231990337372,0.06874305754899979,0.14885611832141876,-0.13203231990337372,0.06874305009841919,0.14885610342025757,-0.1320323944091797,0.06874322891235352,0.1488562524318695,False,False,2.828500233590603,2.054300159215927,-1.0,0.0,1.0,-1.0,0.0,784.019287109375,900.7490234375,784.019287109375,900.7490234375,False,False,-0.30201624614039857,-0.6911150120444236,0.11289674768383137,False,,False,timeout
374,1787624589.9209168,22.71183150075376,0.06110670045018196,16.36481748536338,True,300,0.04528290033340454,0.07358989957720041,13.588821370124814,False,False,False,,10.48493766784668,6.899254322052002,8.05523681640625,8.59001350402832,,,2.9600865840911865,False,0.132048566,0.749402418931,0,-1.0,1.0,1.4142135381698608,-0.132048562169075,0.132048562169075,0.18674486875534058,-0.132048562169075,0.132048562169075,0.18674486875534058,-0.13204450905323029,0.11618439853191376,0.1758822500705719,-0.13204450905323029,0.11618439853191376,0.1758822500705719,-0.13204479217529297,0.11618423461914062,0.17588235437870026,False,False,2.3139994591474533,1.4271000400185585,-1.0,0.0,1.0,-1.0,0.0,763.416259765625,900.2333984375,763.416259765625,900.2333984375,False,False,-0.30924558577304284,-0.6851454910293006,0.11301079640470102,False,,False,timeout
375,1787624589.982544,22.77336300071329,0.061531499959528446,16.25183849991853,True,301,0.03834840003401041,0.06923529971390963,14.443499257346268,False,False,False,,10.352892875671387,7.015438556671143,7.850430965423584,8.590136528015137,,,2.9566855430603027,False,0.132048566,0.749402418931,0,-1.0,0.8207817673683167,1.2937089204788208,-0.132048562169075,0.10838305205106735,0.17083239555358887,-0.132048562169075,0.10838305205106735,0.17083239555358887,-0.1320476084947586,0.1103380024433136,0.17207860946655273,-0.1320476084947586,0.1103380024433136,0.17207860946655273,-0.1320476531982422,0.11033821105957031,0.17207877337932587,False,False,2.017100341618061,1.3036001473665237,-1.0,0.0,1.0,-1.0,0.0,742.4441528320312,900.2462768554688,742.4441528320312,900.2462768554688,False,False,-0.31673529507655646,-0.6792817383081169,0.11292115904415055,False,,False,timeout
376,1787624590.0419476,22.83484320063144,0.0614801999181509,16.265399288410062,True,302,0.02331330068409443,0.06846060045063496,14.606941706873757,False,False,False,,10.220845222473145,7.125776767730713,7.667734622955322,8.589933395385742,,,2.9431493282318115,False,0.132048566,0.749402418931,0,-0.4337582588195801,0.9275822043418884,1.0239896774291992,-0.05727715417742729,0.12248589843511581,0.1352163702249527,-0.05727715417742729,0.12248589843511581,0.1352163702249527,-0.0760144591331482,0.11944171786308289,0.14157867431640625,-0.0760144591331482,0.11944171786308289,0.14157867431640625,-0.07601451873779297,0.11944150924682617,0.1415785402059555,False,False,1.789000816643238,0.9801993146538734,-1.0,0.0,1.0,-1.0,0.0,723.736083984375,900.2249755859375,723.736083984375,900.2249755859375,False,False,-0.3233969547230902,-0.6740469688359892,0.11295722723125667,False,,False,timeout
377,1787624590.1073213,22.896185000427067,0.061341799795627594,16.302097482168747,True,303,0.014422300271689892,0.07651690021157265,13.06900824830796,False,False,False,,10.144830703735352,7.245218276977539,7.455896377563477,8.590243339538574,,,3.0065693855285645,False,0.132048566,0.749402418931,0,-1.0,1.0,1.4142135381698608,-0.132048562169075,0.132048562169075,0.18674486875534058,-0.132048562169075,0.132048562169075,0.18674486875534058,-0.11800656467676163,0.128889262676239,0.17475123703479767,-0.11800656467676163,0.128889262676239,0.17475123703479767,-0.11800670623779297,0.1288890838623047,0.1747511923313141,False,False,2.6765000075101852,1.8347995355725288,-1.0,0.5,1.1180340051651,-1.0,0.0,702.0438232421875,931.6975708007812,702.0438232421875,931.6975708007812,False,False,-0.3311236570030512,-0.6680088434420703,0.11298339368736945,False,,False,timeout
378,1787624590.1667318,22.957630000077188,0.061444999650120735,16.274717319459455,True,304,0.007194699719548225,0.07022880017757416,14.239172497201874,False,False,False,,10.026823997497559,7.374107360839844,7.250303745269775,8.602212905883789,,,3.0360019207000732,False,0.132048566,0.749402418931,0,-1.0,0.09559279680252075,1.0045585632324219,-0.132048562169075,0.012622890993952751,0.13265052437782288,-0.132048562169075,0.012622890993952751,0.13265052437782288,-0.12852969765663147,0.04175891727209091,0.1351432204246521,-0.12852969765663147,0.04175891727209091,0.1351432204246521,-0.12852954864501953,0.04175901412963867,0.13514311611652374,False,False,1.9786003977060318,1.8056007102131844,-1.0,0.5,1.1180340051651,-1.0,0.5,680.9911499023438,932.9519653320312,680.9911499023438,932.9519653320312,False,False,-0.33893099669890053,-0.6626208332022356,0.11286859495702839,False,,False,timeout
379,1787624590.2292583,23.019108700565994,0.06147870048880577,16.26579599193192,True,305,0.001652199774980545,0.06867179926484823,14.562018335114173,False,False,False,,9.898294448852539,7.415866374969482,7.07277774810791,8.71308708190918,,,3.109071731567383,False,0.132048566,0.749402418931,0,-1.0,0.5535702109336853,1.142996072769165,-0.132048562169075,0.07309815287590027,0.1509309858083725,-0.132048562169075,0.07309815287590027,0.1509309858083725,-0.13116669654846191,0.0652446374297142,0.1464976668357849,-0.13116669654846191,0.0652446374297142,0.1464976668357849,-0.1311664581298828,0.06524467468261719,0.1464974731206894,False,False,2.1369997411966324,2.208900637924671,-1.0,0.0,1.0,-1.0,0.5,662.8124389648438,913.1315307617188,662.8124389648438,913.1315307617188,False,False,-0.348419993328006,-0.6619529813103938,0.11306204163028674,False,,False,timeout
380,1787624590.2901354,23.08100340049714,0.061894699931144714,16.15647221995516,False,,,,,False,False,False,,9.767127990722656,7.4811110496521,6.856734752655029,8.806182861328125,,,3.197843551635742,False,0.132048566,0.749402418931,0,-1.0,0.9031674861907959,1.3474833965301514,-0.132048562169075,0.1192619651556015,0.1779332458972931,-0.132048562169075,0.1192619651556015,0.1779332458972931,-0.13182750344276428,0.10572536289691925,0.1689862161874771,-0.13182750344276428,0.10572536289691925,0.1689862161874771,-0.13182735443115234,0.10572528839111328,0.16898605227470398,False,False,2.516699954867363,2.006600610911846,-1.0,-0.5,1.1180340051651,-1.0,0.0,640.6896362304688,891.4479370117188,640.6896362304688,891.4479370117188,False,False,-0.3587836913870544,-0.6594926016635161,0.11291730455821455,False,,False,timeout
381,1787624590.343513,23.131136000156403,0.05013259965926409,19.947100425605164,True,306,0.03681469988077879,0.06701850052922964,14.921252969004538,False,False,False,,9.635300636291504,7.586836338043213,6.701584815979004,8.786642074584961,,,3.1695775985717773,False,0.132048566,0.749402418931,0,-1.0,1.0,1.4142135381698608,-0.132048562169075,0.132048562169075,0.18674486875534058,-0.132048562169075,0.132048562169075,0.18674486875534058,-0.1319931149482727,0.12545201182365417,0.18209993839263916,-0.1319931149482727,0.12545201182365417,0.18209993839263916,-0.13199329376220703,0.12545204162597656,0.1821000874042511,False,False,3.310900181531906,2.136699855327606,-1.0,-0.5,1.1180340051651,-1.0,-0.5,624.8023071289062,889.4000854492188,624.8023071289062,889.4000854492188,False,False,-0.3638535392819738,-0.6543209344749134,0.11294131532544568,False,,False,timeout
382,1787624590.3952453,23.18811230082065,0.05697630066424608,17.551157030935894,True,307,0.023825000040233135,0.07720549963414669,12.952445159201028,False,False,False,,9.503307342529297,7.7122883796691895,6.518995761871338,8.69060230255127,,,3.140575408935547,False,0.132048566,0.749402418931,0,-1.0,0.4776446223258972,1.1082167625427246,-0.132048562169075,0.06307228654623032,0.14633843302726746,-0.132048562169075,0.06307228654623032,0.14633843302726746,-0.13203470408916473,0.07870450615882874,0.15371260046958923,-0.13203470408916473,0.07870450615882874,0.15371260046958923,-0.1320343017578125,0.0787043571472168,0.1537121683359146,False,False,1.7206007614731789,0.9745005518198013,-1.0,0.0,1.0,-1.0,-0.5,606.105224609375,910.7750854492188,606.105224609375,910.7750854492188,False,False,-0.3678281473148938,-0.6453522300924439,0.1128537602726822,False,,False,timeout
383,1787624590.4565558,23.249515400268137,0.061403099447488785,16.285822849304022,True,308,0.008606400340795517,0.06962649989873171,14.362347690239355,False,False,False,,9.371273040771484,7.790992736816406,6.3118438720703125,8.586027145385742,,,3.1610419750213623,False,0.132048566,0.749402418931,0,-1.0,1.0,1.4142135381698608,-0.132048562169075,0.132048562169075,0.18674486875534058,-0.132048562169075,0.132048562169075,0.18674486875534058,-0.1320449858903885,0.11868062615394592,0.17754146456718445,-0.1320449858903885,0.11868062615394592,0.17754146456718445,-0.13204479217529297,0.11868047714233398,0.17754121124744415,False,False,1.4611994847655296,1.01460050791502,-1.0,0.0,1.0,-1.0,0.0,584.892822265625,899.8156127929688,584.892822265625,899.8156127929688,False,False,-0.37245705550646213,-0.6353496059664004,0.11298017157851493,False,,False,timeout
384,1787624590.5178163,23.310757800005376,0.061242399737238884,16.328556756275223,True,309,0.0013464000076055527,0.07662170007824898,13.051133020786047,False,False,False,,9.239228248596191,7.90967321395874,6.111295223236084,8.612983703613281,,,3.2060272693634033,False,0.132048566,0.749402418931,0,-1.0,-1.0,1.4142135381698608,-0.132048562169075,-0.132048562169075,0.18674486875534058,-0.132048562169075,-0.132048562169075,0.18674486875534058,-0.1320476084947586,-0.06921646744012833,0.14908887445926666,-0.1320476084947586,-0.06921645998954773,0.14908887445926666,-0.1320476531982422,-0.06921625137329102,0.1490887999534607,False,False,1.7627999186515808,0.965300016105175,-1.0,-1.0,1.4142135381698608,-1.0,0.0,564.3566284179688,839.7606201171875,564.3566284179688,839.7606201171875,False,False,-0.3804124644790479,-0.6307548259512055,0.11307392810398614,False,,False,timeout
385,1787624590.5820277,23.371852700598538,0.06109490059316158,16.367978182976717,False,,,,,False,False,False,,9.10718059539795,7.840456962585449,5.9251251220703125,8.597173690795898,,,3.270794630050659,False,0.132048566,0.749402418931,0,-1.0,-0.9939373731613159,1.409933090209961,-0.132048562169075,-0.13124799728393555,0.18617963790893555,-0.132048562169075,-0.13124799728393555,0.18617963790893555,-0.1320483237504959,-0.11570298671722412,0.17556747794151306,-0.1320483237504959,-0.11570298671722412,0.17556747794151306,-0.1320486068725586,-0.11570310592651367,0.17556777596473694,False,False,2.9645999893546104,2.0934995263814926,-1.0,0.0,1.0,-1.0,-1.0,545.2928466796875,900.9837646484375,545.2928466796875,900.9837646484375,False,False,-0.3866803378931246,-0.6248783385054688,0.11295695750444582,False,,False,timeout
386,1787624590.6340725,23.42286390066147,0.051011200062930584,19.6035380223625,True,310,0.03643900062888861,0.06850249972194433,14.598007431247892,False,False,False,,8.97513198852539,7.7247538566589355,5.736774444580078,8.386701583862305,,,3.30531907081604,False,0.132048566,0.749402418931,0,-1.0,-0.6830524206161499,1.211016297340393,-0.132048562169075,-0.09019608795642853,0.15991297364234924,-0.132048562169075,-0.09019608795642853,0.15991297364234924,-0.1320485770702362,-0.09658808261156082,0.16360343992710114,-0.1320485770702362,-0.09658808261156082,0.16360343992710114,-0.1320486068725586,-0.096588134765625,0.1636034995317459,False,False,2.632599323987961,2.0676003769040108,-1.0,0.5,1.1180340051651,-1.0,0.0,526.0057373046875,910.3663330078125,526.0057373046875,910.3663330078125,False,False,-0.3877683214262027,-0.6112062339245484,0.11262212098228952,False,,False,timeout
387,1787624590.6869829,23.478896300308406,0.05603239964693785,17.846817311074233,True,311,0.02706350013613701,0.07734120078384876,12.929719087175473,False,False,False,,8.843083381652832,7.6281657218933105,5.5672993659973145,8.39013671875,,,3.363236665725708,False,0.132048566,0.749402418931,0,-1.0,1.0,1.4142135381698608,-0.132048562169075,0.132048562169075,0.18674486875534058,-0.132048562169075,0.132048562169075,0.18674486875534058,-0.1320485770702362,0.07475275546312332,0.15173925459384918,-0.1320485770702362,0.07475274801254272,0.15173925459384918,-0.1320486068725586,0.0747528076171875,0.15173929929733276,False,False,1.5390003100037575,0.9966995567083359,-1.0,0.5,1.1180340051651,-1.0,0.5,508.6514587402344,910.7263793945312,508.6514587402344,910.7263793945312,False,False,-0.3939526621005202,-0.6065763349190608,0.11316013791082255,False,,False,timeout
388,1787624590.7473047,23.540227900259197,0.061331599950790405,16.3048086272387,True,312,0.019631199538707733,0.06508489977568388,15.364546975512225,False,False,False,,8.711034774780273,7.702918529510498,5.384428024291992,8.517812728881836,,,3.424962043762207,False,0.132048566,0.749402418931,0,-1.0,0.8980737924575806,1.3440746068954468,-0.132048562169075,0.1185893565416336,0.17748311161994934,-0.132048562169075,0.1185893565416336,0.17748311161994934,-0.1320485770702362,0.1076040267944336,0.17033922672271729,-0.1320485770702362,0.1076040267944336,0.17033922672271729,-0.1320486068725586,0.1076040267944336,0.17033925652503967,False,False,1.5332996845245361,1.0051997378468513,-1.0,0.0,1.0,-1.0,0.5,489.9254455566406,892.6668090820312,489.9254455566406,892.6668090820312,False,False,-0.4039428058860788,-0.606523845949451,0.1128852791724333,False,,False,timeout
389,1787624590.8086011,23.6015349002555,0.06130699999630451,16.311351070192284,True,313,0.008413500152528286,0.06875929981470108,14.54348724746896,False,False,False,,8.578986167907715,7.810522556304932,5.173451900482178,8.604935646057129,,,3.4969637393951416,False,0.132048566,0.749402418931,0,-1.0,0.06706076860427856,1.0022460222244263,-0.132048562169075,0.008855277672410011,0.13234515488147736,-0.132048562169075,0.008855277672410011,0.13234515488147736,-0.1320485770702362,0.03360147401690483,0.13625669479370117,-0.1320485770702362,0.03360147774219513,0.13625669479370117,-0.1320486068725586,0.03360128402709961,0.13625666499137878,False,False,1.633799634873867,0.9522000327706337,-1.0,0.0,1.0,-1.0,0.0,468.32147216796875,901.7972412109375,468.32147216796875,901.7972412109375,False,False,-0.41381796990858044,-0.6040739806873008,0.11307785972837422,False,,False,timeout
390,1787624590.8709497,23.662816900759935,0.06128200050443411,16.318005152714363,True,314,0.000831100158393383,0.07252459973096848,13.788424944219216,False,False,False,,8.446937561035156,7.844123840332031,4.96641731262207,8.576187133789062,,,3.5566751956939697,True,0.132048566,0.749402418931,0,-1.0,0.8670619130134583,1.3235543966293335,-0.132048562169075,0.11449427902698517,0.1747734695672989,-0.132048562169075,0.11449427902698517,0.1747734695672989,-0.1320485770702362,0.09422268718481064,0.16221818327903748,-0.1320485770702362,0.09422268718481064,0.16221818327903748,-0.1320486068725586,0.0942225456237793,0.1622181385755539,False,False,1.6434993594884872,1.1678999289870262,-1.0,0.0,1.0,-1.0,0.0,447.12115478515625,898.7843627929688,447.12115478515625,898.7843627929688,False,False,-0.4204406320810351,-0.5971390905410503,0.1127272603534413,False,,False,timeout
391,1787624590.9341748,23.724048100411892,0.06123119965195656,16.331543489007018,False,,,,,False,False,False,,8.314888954162598,7.9383463859558105,4.7867817878723145,8.580463409423828,,,3.586063861846924,True,0.132048566,0.749402418931,0,-1.0,0.48321717977523804,1.110629916191101,-0.132048562169075,0.0638081356883049,0.1466570794582367,-0.132048562169075,0.0638081356883049,0.1466570794582367,-0.1320485770702362,0.07142990827560425,0.15013013780117035,-0.1320485770702362,0.07142990827560425,0.15013013780117035,-0.1320486068725586,0.07142972946166992,0.15013007819652557,False,False,2.957800403237343,2.468000166118145,-1.0,0.0,1.0,-1.0,0.0,428.7264709472656,899.2325439453125,428.7264709472656,899.2325439453125,False,False,-0.42695587420510417,-0.5922913772337821,0.11309985751356595,False,,False,timeout
392,1787624590.9955554,23.785417600534856,0.06136950012296438,16.294739210785934,True,315,0.05801689997315407,0.06886640004813671,14.52086938334243,False,False,False,,8.182840347290039,8.00977611541748,4.57791805267334,8.577797889709473,,,3.6493990421295166,True,0.132048566,0.749402418931,0,-1.0,-0.05494511127471924,1.001508355140686,-0.132048562169075,-0.007255422882735729,0.13224774599075317,-0.132048562169075,-0.007255422882735729,0.13224774599075317,-0.1320485770702362,0.012462886050343513,0.13263539969921112,-0.1320485770702362,0.012462884187698364,0.13263539969921112,-0.1320486068725586,0.012462615966796875,0.13263539969921112,False,False,2.4477001279592514,2.0417002961039543,-1.0,0.0,1.0,-1.0,0.0,407.33880615234375,898.9532470703125,407.33880615234375,898.9532470703125,False,False,-0.43431649557364316,-0.5863603699247244,0.11282258838337707,False,,False,timeout
393,1787624591.0477662,23.835386300459504,0.04996869992464781,20.01252787260801,True,316,0.037611099891364574,0.06571950018405914,15.216183890615756,False,False,False,,8.05079174041748,8.022238731384277,4.42327356338501,8.579489707946777,,,3.6700704097747803,True,0.132048566,0.749402418931,0,-1.0,0.6198924779891968,1.1765486001968384,-0.132048562169075,0.081855908036232,0.15536154806613922,-0.132048562169075,0.081855908036232,0.15536154806613922,-0.1320485770702362,0.06446611881256104,0.1469445675611496,-0.1320485770702362,0.06446611881256104,0.1469445675611496,-0.1320486068725586,0.06446647644042969,0.14694474637508392,False,False,3.125099465250969,2.2475002333521843,-1.0,0.0,1.0,-1.0,0.0,391.50323486328125,899.1305541992188,391.50323486328125,899.1305541992188,False,False,-0.4398551121634532,-0.5821213322090165,0.11296073788772706,False,,False,timeout
394,1787624591.1022594,23.893172800540924,0.057786500081419945,17.30507988182398,True,317,0.02785210032016039,0.07006650045514107,14.272155645053711,False,False,False,,7.918743133544922,8.086705207824707,4.217590808868408,8.577606201171875,,,3.73356556892395,True,0.132048566,0.749402418931,0,-1.0,0.5166587233543396,1.1255826950073242,-0.132048562169075,0.06822404265403748,0.14863157272338867,-0.132048562169075,0.06822404265403748,0.14863157272338867,-0.1320485770702362,0.06728240847587585,0.14820171892642975,-0.1320485770702362,0.06728240847587585,0.14820171892642975,-0.1320486068725586,0.06728267669677734,0.1482018679380417,False,False,2.0080991089344025,1.7718002200126648,-1.0,0.0,1.0,-1.0,0.0,370.4413146972656,898.93310546875,370.4413146972656,898.93310546875,False,False,-0.4471018014688996,-0.5763271808820567,0.11293337674593507,False,,False,timeout
395,1787624591.1644456,23.954356100410223,0.061183299869298935,16.344329288159045,True,318,0.016882999800145626,0.06755169946700335,14.803476565211586,False,False,False,,7.786694526672363,8.153987884521484,4.038386821746826,8.577729225158691,,,3.772183418273926,True,0.132048566,0.749402418931,0,-1.0,1.0,1.4142135381698608,-0.132048562169075,0.132048562169075,0.18674486875534058,-0.132048562169075,0.132048562169075,0.18674486875534058,-0.1320485770702362,0.11581838130950928,0.17564374208450317,-0.1320485770702362,0.11581838130950928,0.17564374208450317,-0.1320486068725586,0.11581802368164062,0.17564353346824646,False,False,2.092599868774414,1.757100224494934,-1.0,0.0,1.0,-1.0,0.0,352.0908203125,898.9459838867188,352.0908203125,898.9459838867188,False,False,-0.45345205298127395,-0.5713570996153479,0.11292399213047255,False,,False,timeout
396,1787624591.2262354,24.016117400489748,0.06176130007952452,16.19136900797731,True,319,0.008306399919092655,0.07214689999818802,13.860609395900797,False,False,False,,7.654645919799805,8.269805908203125,3.8246238231658936,8.575064659118652,,,3.842167615890503,True,0.132048566,0.749402418931,0,-1.0,1.0,1.4142135381698608,-0.132048562169075,0.132048562169075,0.18674486875534058,-0.132048562169075,0.132048562169075,0.18674486875534058,-0.1320485770702362,0.12798121571540833,0.18389132618904114,-0.1320485770702362,0.12798121571540833,0.18389132618904114,-0.1320486068725586,0.12798118591308594,0.18389132618904114,False,False,2.300400286912918,1.7357999458909035,-1.0,0.0,1.0,-1.0,0.0,330.20147705078125,898.6668090820312,330.20147705078125,898.6668090820312,False,False,-0.4609412078427862,-0.5653260626699963,0.11292924131655788,False,,False,timeout
397,1787624591.286516,24.07740609999746,0.06128869950771332,16.316221555233813,False,,,,,False,False,False,,7.522597312927246,8.397787094116211,3.647268056869507,8.572582244873047,,,3.8792693614959717,True,0.132048566,0.749402418931,0,-1.0,0.31083253026008606,1.0471947193145752,-0.132048562169075,0.04104498773813248,0.13828057050704956,-0.132048562169075,0.04104498773813248,0.13828057050704956,-0.1320485770702362,0.06283098459243774,0.14623460173606873,-0.1320485770702362,0.06283098459243774,0.14623460173606873,-0.1320486068725586,0.06283092498779297,0.14623460173606873,False,False,2.105000428855419,3.0271001160144806,-1.0,-1.0,1.4142135381698608,-1.0,0.0,312.04022216796875,835.5266723632812,312.04022216796875,835.5266723632812,False,False,-0.4671380363008985,-0.560319169952308,0.112985677090238,False,,False,timeout
398,1787624591.3490496,24.13896440062672,0.061558300629258156,16.244762928441013,True,320,0.0601694006472826,0.07034189999103546,14.21627792435863,False,False,False,,7.3905487060546875,8.460618019104004,3.439345359802246,8.55810832977295,,,3.9524059295654297,True,0.132048566,0.749402418931,0,-1.0,1.0,1.4142135381698608,-0.132048562169075,0.132048562169075,0.18674486875534058,-0.132048562169075,0.132048562169075,0.18674486875534058,-0.1320485770702362,0.11470278352499008,0.17491012811660767,-0.1320485770702362,0.11470278352499008,0.17491012811660767,-0.1320486068725586,0.11470317840576172,0.17491041123867035,False,False,2.616199664771557,2.0604003220796585,-1.0,-1.0,1.4142135381698608,-1.0,-1.0,290.74896240234375,834.009765625,290.74896240234375,834.009765625,False,False,-0.47409107762864866,-0.5539972927202864,0.1130484292654845,False,,False,timeout
399,1787624591.3989074,24.189806200563908,0.050841799937188625,19.66885517891632,True,321,0.03604270052164793,0.07131670042872429,14.021961111330793,False,False,False,,7.258500099182129,8.575321197509766,3.2578091621398926,8.340803146362305,,,4.007558822631836,True,0.132048566,0.749402418931,0,-1.0,1.0,1.4142135381698608,-0.132048562169075,0.132048562169075,0.18674486875534058,-0.132048562169075,0.132048562169075,0.18674486875534058,-0.1320485770702362,0.12770184874534607,0.18369700014591217,-0.1320485770702362,0.12770184874534607,0.18369700014591217,-0.1320486068725586,0.1277017593383789,0.1836969554424286,False,False,1.91430002450943,1.432100310921669,-1.0,-0.5,1.1180340051651,-1.0,-1.0,272.15966796875,842.6761474609375,272.15966796875,842.6761474609375,False,False,-0.47483668990360106,-0.5403043955233336,0.11258552508970279,False,,False,timeout
400,1787624591.4545372,24.246462300419807,0.05665609985589981,17.65035013958636,True,322,0.023110900074243546,0.07463280018419027,13.398934483659284,False,False,False,,7.12645149230957,8.703022956848145,3.078665018081665,8.15638542175293,,,4.084530353546143,True,0.132048566,0.749402418931,0,-1.0,-1.0,1.4142135381698608,-0.132048562169075,-0.132048562169075,0.18674486875534058,-0.132048562169075,-0.132048562169075,0.18674486875534058,-0.1320485770702362,-0.06695576012134552,0.14805370569229126,-0.1320485770702362,-0.06695576012134552,0.14805370569229126,-0.1320486068725586,-0.06695556640625,0.14805364608764648,False,False,1.7761001363396645,1.7206007614731789,-1.0,0.0,1.0,-1.0,-0.5,253.81527709960938,854.7891845703125,253.81527709960938,854.7891845703125,False,False,-0.4763557589450941,-0.5279696764907347,0.11296585237361183,False,,False,timeout
401,1787624591.5166354,24.307556200772524,0.061093900352716446,16.36824616249168,True,323,0.012468600645661354,0.069586799480021,14.370541646869519,False,False,False,,6.994402885437012,8.636067390441895,2.894489288330078,8.085205078125,,,4.136754989624023,True,0.132048566,0.749402418931,0,-1.0,0.5295782685279846,1.1315711736679077,-0.132048562169075,0.0699300467967987,0.14942233264446259,-0.132048562169075,0.0699300467967987,0.14942233264446259,-0.1320485770702362,0.0356268435716629,0.13677023351192474,-0.1320485770702362,0.0356268435716629,0.13677023351192474,-0.1320486068725586,0.03562641143798828,0.13677015900611877,False,False,1.8140999600291252,1.740400679409504,-1.0,0.0,1.0,-1.0,0.0,234.95571899414062,847.3294677734375,234.95571899414062,847.3294677734375,False,False,-0.4810004440713149,-0.5200368495034418,0.11292008695338873,False,,False,timeout
402,1787624591.579491,24.36937279999256,0.06181659922003746,16.176884730272516,False,,,,,False,False,False,,6.862354278564453,8.671693801879883,2.680013656616211,8.1035795211792,,,4.220749855041504,True,0.132048566,0.749402418931,0,-1.0,-0.22227799892425537,1.0244059562683105,-0.132048562169075,-0.0293514896184206,0.1352713257074356,-0.132048562169075,-0.0293514896184206,0.1352713257074356,-0.1320485770702362,-0.013068185187876225,0.13269364833831787,-0.1320485770702362,-0.01306818425655365,0.13269364833831787,-0.1320486068725586,-0.013068199157714844,0.13269367814064026,False,False,2.811000682413578,1.9872002303600311,-0.5,-1.0,1.1180340051651,-1.0,0.0,243.71340942382812,786.3751220703125,243.71340942382812,786.3751220703125,False,False,-0.48903174453692777,-0.5148802786105995,0.11308296937387696,False,,False,timeout
403,1787624591.6409745,24.430830100551248,0.061457300558686256,16.271459873918296,True,324,0.05430200044065714,0.07174250017851591,13.938739206352068,False,False,False,,6.7303056716918945,8.658625602722168,2.4874930381774902,8.076943397521973,,,4.282500743865967,True,0.132048566,0.749402418931,0,-1.0,-0.7436882257461548,1.2462232112884521,-0.132048562169075,-0.09820295870304108,0.16456197202205658,-0.132048562169075,-0.09820295870304108,0.16456197202205658,-0.1320485770702362,-0.07686839252710342,0.15279258787631989,-0.1320485770702362,-0.07686839252710342,0.15279258787631989,-0.1320486068725586,-0.07686805725097656,0.15279245376586914,False,False,2.5546997785568237,1.9722003489732742,-0.5,-1.0,1.1180340051651,-0.5,-1.0,223.99928283691406,783.5836791992188,223.99928283691406,783.5836791992188,False,False,-0.4951132012599512,-0.5085245663939608,0.11300104715419981,False,,False,timeout
404,1787624591.703246,24.49200800061226,0.061177900061011314,16.345771904604817,True,325,0.05116500053554773,0.08175340015441179,12.231907151399811,False,False,False,,6.598257064819336,8.581757545471191,2.4126148223876953,7.84869384765625,,,4.2493510246276855,True,0.132048566,0.749402418931,0,-1.0,0.42668551206588745,1.0872260332107544,-0.132048562169075,0.056343208998441696,0.14356663823127747,-0.132048562169075,0.056343208998441696,0.14356663823127747,-0.1320485770702362,0.022960787639021873,0.13402993977069855,-0.1320485770702362,0.022960789501667023,0.13402993977069855,-0.1320486068725586,0.022960662841796875,0.13402993977069855,False,False,2.92969960719347,1.974000595510006,-0.5,-1.0,1.1180340051651,-0.5,-1.0,216.33177185058594,759.6631469726562,216.33177185058594,759.6631469726562,False,False,-0.49184432235125364,-0.49726212661758884,0.11268569579776946,False,,False,timeout
405,1787624591.7510393,24.541985400021076,0.04997739940881729,20.009044324614745,True,326,0.03277959953993559,0.06399399973452091,15.626465045918362,False,False,False,,6.466208457946777,8.604718208312988,2.3218889236450195,7.6656389236450195,,,4.249382972717285,True,0.132048566,0.749402418931,0,-1.0,-1.0,1.4142135381698608,-0.132048562169075,-0.132048562169075,0.18674486875534058,-0.132048562169075,-0.132048562169075,0.18674486875534058,-0.1320485770702362,-0.09320361912250519,0.16162841022014618,-0.1320485770702362,-0.09320361912250519,0.16162841022014618,-0.1320486068725586,-0.09320354461669922,0.16162839531898499,False,False,1.578199677169323,1.7117001116275787,-0.5,-0.5,0.7071067690849304,-0.5,-1.0,207.04144287109375,771.9189453125,207.04144287109375,771.9189453125,False,False,-0.49029686003762035,-0.4873626356519103,0.11297128882243668,False,,False,timeout
406,1787624591.8075218,24.59942060057074,0.05743520054966211,17.41092553747308,True,327,0.013570500537753105,0.06836589984595776,14.627175276756438,False,False,False,,6.334159851074219,8.511514663696289,2.226271867752075,7.4947638511657715,,,4.231846809387207,True,0.132048566,0.749402418931,0,-1.0,-0.23540663719177246,1.0273345708847046,-0.132048562169075,-0.03108510747551918,0.13565805554389954,-0.132048562169075,-0.03108510747551918,0.13565805554389954,-0.1320485770702362,-0.04665183275938034,0.14004720747470856,-0.1320485770702362,-0.04665183275938034,0.14004720747470856,-0.1320486068725586,-0.04665184020996094,0.14004723727703094,False,False,1.8415004014968872,1.2259995564818382,-0.5,-1.0,1.1180340051651,-0.5,-0.5,197.250244140625,722.5712280273438,197.250244140625,722.5712280273438,False,False,-0.4892349193907249,-0.47780158256173433,0.11290842659720235,False,,False,timeout
407,1787624591.8687766,24.660690700635314,0.06127010006457567,16.321174585092063,True,328,0.005592800676822662,0.07664899993687868,13.046484635461798,False,False,False,,6.20211124420166,8.464862823486328,2.122194766998291,7.390111923217773,,,4.219100475311279,True,0.132048566,0.749402418931,0,-1.0,1.0,1.4142135381698608,-0.132048562169075,0.132048562169075,0.18674486875534058,-0.132048562169075,0.132048562169075,0.18674486875534058,-0.1320485770702362,0.08726666867733002,0.1582791805267334,-0.1320485770702362,0.08726666867733002,0.1582791805267334,-0.1320486068725586,0.08726692199707031,0.15827934443950653,False,False,1.8335003405809402,1.7137005925178528,-0.5,-1.0,1.1180340051651,-0.5,-1.0,186.59274291992188,711.603759765625,186.59274291992188,711.603759765625,False,False,-0.49019113291718336,-0.4706894085858975,0.11322135849447518,False,,False,timeout
408,1787624591.9290445,24.721976700238883,0.06128599960356951,16.316940352911477,False,,,,,False,False,False,,6.070062637329102,8.552129745483398,2.0302236080169678,7.184237480163574,,,4.265141010284424,True,0.132048566,0.749402418931,0,-1.0,-1.0,1.4142135381698608,-0.132048562169075,-0.132048562169075,0.18674486875534058,-0.132048562169075,-0.132048562169075,0.18674486875534058,-0.1320485770702362,-0.07708863168954849,0.1529035121202469,-0.1320485770702362,-0.0770886242389679,0.1529035121202469,-0.1320486068725586,-0.0770883560180664,0.15290339291095734,False,False,1.5986999496817589,2.034899778664112,-0.5,-0.5,0.7071067690849304,-0.5,-1.0,177.17489624023438,721.4680786132812,177.17489624023438,721.4680786132812,False,False,-0.48808773385238213,-0.4597653412557818,0.11270921923892965,False,,False,timeout
409,1787624591.9944816,24.78433350007981,0.062356799840927124,16.036743427356935,True,329,0.06142649985849857,0.06924150045961142,14.44220580666504,False,False,False,,5.938014030456543,8.475041389465332,1.9206020832061768,6.982972145080566,,,4.285542011260986,True,0.132048566,0.749402418931,0,-1.0,-0.7177927494049072,1.230945348739624,-0.132048562169075,-0.09478349983692169,0.16254456341266632,-0.132048562169075,-0.09478349983692169,0.16254456341266632,-0.1320485770702362,-0.09034913778305054,0.15999935567378998,-0.1320485770702362,-0.09034913778305054,0.15999935567378998,-0.1320486068725586,-0.09034919738769531,0.15999941527843475,False,False,2.5598006322979927,1.973399892449379,-0.5,0.0,0.5,-0.5,-0.5,165.9496612548828,731.8154907226562,165.9496612548828,731.8154907226562,False,False,-0.4867241186710614,-0.44851787383337705,0.11301904448567653,False,,False,timeout
410,1787624592.0466888,24.83534590061754,0.05101240053772926,19.603076692311124,True,330,0.03586009982973337,0.06816439982503653,14.67041450620539,False,False,False,,5.805965423583984,8.384692192077637,1.841704249382019,6.92462682723999,,,4.2245893478393555,True,0.132048566,0.749402418931,0,-1.0,0.820981502532959,1.2938356399536133,-0.132048562169075,0.10840942710638046,0.17084912955760956,-0.132048562169075,0.10840942710638046,0.17084912955760956,-0.1320485770702362,0.05860099941492081,0.14446765184402466,-0.1320485770702362,0.05860099196434021,0.14446765184402466,-0.1320486068725586,0.05860137939453125,0.14446783065795898,False,False,2.610299736261368,2.02069990336895,-0.5,-0.5,0.7071067690849304,-0.5,0.0,157.87051391601562,694.2608642578125,157.87051391601562,694.2608642578125,False,False,-0.4879975124885148,-0.4439631069613861,0.11296410378892369,False,,False,timeout
411,1787624592.1012826,24.892166300676763,0.056820400059223175,17.599312904479955,True,331,0.017517900094389915,0.07622450031340122,13.119141429441257,False,False,False,,5.673916816711426,8.443293571472168,1.7496325969696045,6.930114269256592,,,4.205914497375488,True,0.132048566,0.749402418931,0,-0.9411947727203369,0.8105078935623169,1.242083191871643,-0.12428341805934906,0.10702640563249588,0.1640152931213379,-0.12428341805934906,0.10702640563249588,0.1640152931213379,-0.12622934579849243,0.09489120543003082,0.1579183042049408,-0.12622934579849243,0.09489120543003082,0.1579183042049408,-0.12622928619384766,0.09489154815673828,0.15791845321655273,False,False,1.9690999761223793,1.2840991839766502,-0.5,-0.5,0.7071067690849304,-0.5,-0.5,148.4423828125,694.8359375,148.4423828125,694.8359375,False,False,-0.49140036324378844,-0.44167143333115505,0.1130756483738522,False,,False,timeout
412,1787624592.1615858,24.953526300378144,0.06135999970138073,16.297262139287426,True,332,4.099961370229721e-05,0.07516979984939098,13.303214881555945,False,False,False,,5.547687530517578,8.538185119628906,1.6457990407943726,6.825602054595947,,,4.2611823081970215,True,0.132048566,0.749402418931,0,-1.0,0.3769482374191284,1.0686861276626587,-0.132048562169075,0.04977547377347946,0.14111846685409546,-0.132048562169075,0.04977547377347946,0.14111846685409546,-0.1305902600288391,0.061081454157829285,0.14416921138763428,-0.1305902600288391,0.061081454157829285,0.14416921138763428,-0.13059043884277344,0.061081886291503906,0.14416955411434174,False,False,2.100599929690361,1.8109995871782303,-0.5,0.0,0.5,-0.5,-0.5,137.809814453125,715.3231201171875,137.809814453125,715.3231201171875,False,False,-0.49235521319539677,-0.4345355254287698,0.11281277812874234,False,,False,timeout
413,1787624592.2231395,25.014977600425482,0.06145130004733801,16.273048726872602,False,,,,,False,False,False,,5.417097091674805,8.59926700592041,1.541955590248108,6.723320960998535,,,4.305333614349365,True,0.132048566,0.749402418931,0,-1.0,-1.0,1.4142135381698608,-0.132048562169075,-0.132048562169075,0.18674486875534058,-0.132048562169075,-0.132048562169075,0.18674486875534058,-0.13168315589427948,-0.08365053683519363,0.15600597858428955,-0.13168315589427948,-0.08365052938461304,0.15600597858428955,-0.131683349609375,-0.08365058898925781,0.15600617229938507,False,False,2.084699459373951,1.9902996718883514,0.0,-1.0,1.0,-0.5,0.0,157.89625549316406,641.7239990234375,157.89625549316406,641.7239990234375,False,False,-0.49336941077822916,-0.4274849499380034,0.11296298307594313,False,,False,timeout
414,1787624592.2882211,25.07699180021882,0.062014199793338776,16.125339088990625,True,333,0.05557139962911606,0.07883690018206835,12.684415517233294,False,False,False,,5.28541374206543,8.515616416931152,1.4486918449401855,6.726777076721191,,,4.23324728012085,True,0.132048566,0.749402418931,0,-1.0,-0.9517658352851868,1.380528211593628,-0.132048562169075,-0.12567931413650513,0.1822967827320099,-0.132048562169075,-0.12567931413650513,0.1822967827320099,-0.1319570392370224,-0.11514701694250107,0.17513279616832733,-0.1319570392370224,-0.11514701694250107,0.17513279616832733,-0.1319570541381836,-0.11514663696289062,0.17513255774974823,False,False,2.6965998113155365,1.4334004372358322,0.0,-0.5,0.5,0.0,-1.0,148.34603881835938,673.5262451171875,148.34603881835938,673.5262451171875,False,False,-0.4967608924065433,-0.42508293743774506,0.1131186280845679,False,,False,timeout
415,1787624592.3505738,25.13837580010295,0.06138399988412857,16.29089016498841,True,334,0.047584399580955505,0.0682643000036478,14.648945348396797,False,False,False,,5.153456687927246,8.400469779968262,1.4683690071105957,6.495227813720703,,,4.148471832275391,True,0.132048566,0.749402418931,0,-1.0,-1.0,1.4142135381698608,-0.132048562169075,-0.132048562169075,0.18674486875534058,-0.132048562169075,-0.132048562169075,0.18674486875534058,-0.13202562928199768,-0.12781298160552979,0.18375779688358307,-0.13202562928199768,-0.12781298160552979,0.18375779688358307,-0.13202571868896484,-0.12781333923339844,0.18375809490680695,False,False,2.724999561905861,2.017800696194172,0.0,-1.0,1.0,0.0,-0.5,150.36099243164062,617.8198852539062,150.36099243164062,617.8198852539062,False,False,-0.49003141064386174,-0.41604870457211596,0.112485511008538,False,,False,timeout
416,1787624592.4098105,25.199609700590372,0.06123390048742294,16.330823155800662,True,335,0.038347200490534306,0.06903249956667423,14.485930630893087,False,False,False,,5.021430969238281,8.272656440734863,1.466286301612854,6.406048774719238,,,4.015379905700684,True,0.132048566,0.749402418931,0,-1.0,-1.0,1.4142135381698608,-0.132048562169075,-0.132048562169075,0.18674486875534058,-0.132048562169075,-0.132048562169075,0.18674486875534058,-0.13204282522201538,-0.1309872269630432,0.18599183857440948,-0.13204282522201538,-0.1309872269630432,0.18599183857440948,-0.13204288482666016,-0.13098716735839844,0.18599183857440948,False,False,2.6252996176481247,1.3780994340777397,0.0,-1.0,1.0,0.0,-1.0,150.14772033691406,608.4739379882812,150.14772033691406,608.4739379882812,False,False,-0.4877755118798311,-0.41229570430336016,0.11310746584333908,False,,False,timeout
417,1787624592.4711742,25.260969100520015,0.06135939992964268,16.297421440669936,True,336,0.02905610017478466,0.07054369989782572,14.175610315993955,False,False,False,,4.889388084411621,8.141669273376465,1.4625858068466187,6.170130729675293,,,3.9534716606140137,True,0.132048566,0.749402418931,0,-1.0,-1.0,1.4142135381698608,-0.132048562169075,-0.132048562169075,0.18674486875534058,-0.132048562169075,-0.132048562169075,0.18674486875534058,-0.1320471316576004,-0.13178257644176483,0.1865558624267578,-0.1320471316576004,-0.13178257644176483,0.1865558624267578,-0.13204717636108398,-0.13178253173828125,0.1865558624267578,False,False,2.423900179564953,1.3988995924592018,0.0,-1.0,1.0,0.0,-1.0,149.76878356933594,583.7496948242188,149.76878356933594,583.7496948242188,False,False,-0.4817269407365206,-0.40238975386514464,0.112679130204528,False,,False,timeout
418,1787624592.5324657,25.32237710058689,0.06140800006687641,16.284523171426354,True,337,0.02350390050560236,0.07057979982346296,14.168359821099525,False,False,False,,4.757340908050537,8.009886741638184,1.461395502090454,5.9901814460754395,,,3.865548610687256,True,0.132048566,0.749402418931,0,-1.0,-1.0,1.4142135381698608,-0.132048562169075,-0.132048562169075,0.18674486875534058,-0.132048562169075,-0.132048562169075,0.18674486875534058,-0.13204820454120636,-0.13198189437389374,0.18669746816158295,-0.13204820454120636,-0.13198189437389374,0.18669746816158295,-0.1320481300354004,-0.13198184967041016,0.18669739365577698,False,False,2.119399607181549,1.7243996262550354,0.0,-1.0,1.0,0.0,-1.0,149.64691162109375,564.8909912109375,149.64691162109375,564.8909912109375,False,False,-0.47703894804233277,-0.39485208214509987,0.11292895798886547,False,,False,timeout
419,1787624592.5923722,25.383282800205052,0.060905699618160725,16.418824613613374,True,338,0.012556599453091621,0.06696560047566891,14.93304014145796,False,False,False,,4.625292778015137,7.877904891967773,1.4593788385391235,5.778400897979736,,,3.7988061904907227,True,0.132048566,0.749402418931,0,-1.0,-1.0,1.4142135381698608,-0.132048562169075,-0.132048562169075,0.18674486875534058,-0.132048562169075,-0.132048562169075,0.18674486875534058,-0.13204845786094666,-0.13203184306621552,0.1867329627275467,-0.13204845786094666,-0.13203184306621552,0.1867329627275467,-0.1320486068725586,-0.13203191757202148,0.18673312664031982,False,False,1.8710000440478325,1.7943000420928001,0.0,-1.0,1.0,0.0,-1.0,149.44039916992188,542.6964111328125,149.44039916992188,542.6964111328125,False,False,-0.47152542419928206,-0.38593479725488083,0.11280187167835892,False,,False,timeout
420,1787624592.6525826,25.444522900506854,0.06124010030180216,16.329169858831406,True,339,0.0028651002794504166,0.07184689957648516,13.918485082789724,False,False,False,,4.493244171142578,7.745872974395752,1.4566887617111206,5.596439838409424,,,3.720313310623169,True,0.132048566,0.749402418931,0,-1.0,-1.0,1.4142135381698608,-0.132048562169075,-0.132048562169075,0.18674486875534058,-0.132048562169075,-0.132048562169075,0.18674486875534058,-0.1320485770702362,-0.13204438984394073,0.1867419183254242,-0.1320485770702362,-0.13204438984394073,0.1867419183254242,-0.1320486068725586,-0.13204431533813477,0.1867418885231018,False,False,1.7641996964812279,0.9727999567985535,0.0,-1.0,1.0,0.0,-1.0,149.16493225097656,523.6268920898438,149.16493225097656,523.6268920898438,False,False,-0.4668067792720877,-0.3782213860677481,0.11291092287536439,False,,False,timeout
421,1787624592.7127001,25.505640500225127,0.061117599718272686,16.36189910287043,False,,,,,False,False,False,,4.3611955642700195,7.613828659057617,1.4552404880523682,5.387085914611816,,,3.6610050201416016,True,0.132048566,0.749402418931,0,-1.0,-1.0,1.4142135381698608,-0.132048562169075,-0.132048562169075,0.18674486875534058,-0.132048562169075,-0.132048562169075,0.18674486875534058,-0.1320485770702362,-0.13204748928546906,0.18674412369728088,-0.1320485770702362,-0.13204748928546906,0.18674412369728088,-0.1320486068725586,-0.1320476531982422,0.18674425780773163,False,False,1.8710000440478325,1.3600001111626625,0.0,-1.0,1.0,0.0,-1.0,149.01663208007812,501.6866149902344,149.01663208007812,501.6866149902344,False,False,-0.46130060322362976,-0.3693624757777302,0.11289524997342236,False,,False,timeout
422,1787624592.778063,25.566806400194764,0.061165899969637394,16.348978769157284,True,340,0.05588679946959019,0.07093990035355091,14.09643931012295,False,False,False,,4.229146957397461,7.481781005859375,1.455945611000061,5.183123588562012,,,3.6020095348358154,True,0.132048566,0.749402418931,0,-1.0,-1.0,1.4142135381698608,-0.132048562169075,-0.132048562169075,0.18674486875534058,-0.132048562169075,-0.132048562169075,0.18674486875534058,-0.1320485770702362,-0.1320483237504959,0.18674470484256744,-0.1320485770702362,-0.1320483237504959,0.18674470484256744,-0.1320486068725586,-0.1320481300354004,0.1867446005344391,False,False,2.926500514149666,2.07389984279871,0.0,-1.0,1.0,0.0,-1.0,149.08883666992188,480.3113708496094,149.08883666992188,480.3113708496094,False,False,-0.45584116773697037,-0.3607592666106399,0.11283219377686637,False,,False,timeout
423,1787624592.8392057,25.628039400093257,0.06123299989849329,16.331063342604683,True,341,0.04085059929639101,0.06958239991217852,14.371450269926333,False,False,False,,4.097098350524902,7.349732875823975,1.4555801153182983,5.0006561279296875,,,3.5349369049072266,True,0.132048566,0.749402418931,0,-1.0,-1.0,1.4142135381698608,-0.132048562169075,-0.132048562169075,0.18674486875534058,-0.132048562169075,-0.132048562169075,0.18674486875534058,-0.1320485770702362,-0.13204845786094666,0.1867447942495346,-0.1320485770702362,-0.13204845786094666,0.1867447942495346,-0.1320486068725586,-0.1320486068725586,0.18674492835998535,False,False,2.261100336909294,1.4308001846075058,0.0,-1.0,1.0,0.0,-1.0,149.05140686035156,461.18878173828125,149.05140686035156,461.18878173828125,False,False,-0.45097687783153845,-0.35301000981214936,0.11286696260533306,False,,False,timeout
424,1787624592.8983595,25.689247600734234,0.06120820064097643,16.337680074368013,True,342,0.03272730018943548,0.07594589982181787,13.167267783332237,False,False,False,,3.9650497436523438,7.217684268951416,1.4548289775848389,4.791132926940918,,,3.491326332092285,False,0.132048566,0.749402418931,0,-1.0,-1.0,1.4142135381698608,-0.132048562169075,-0.132048562169075,0.18674486875534058,-0.132048562169075,-0.132048562169075,0.18674486875534058,-0.1320485770702362,-0.1320485770702362,0.18674488365650177,-0.1320485770702362,-0.1320485770702362,0.18674488365650177,-0.1320486068725586,-0.1320486068725586,0.18674492835998535,False,False,2.553599886596203,1.412699930369854,0.0,-1.0,1.0,0.0,-1.0,148.97447204589844,439.23077392578125,148.97447204589844,439.23077392578125,False,False,-0.44538457765205935,-0.3440727721218024,0.11279743487221054,False,,False,timeout
425,1787624592.9594965,25.750373700633645,0.0611260998994112,16.359623821012544,True,343,0.03043390065431595,0.06932510063052177,14.424789735678074,False,False,False,,3.833001136779785,7.085635662078857,1.454310417175293,4.589386940002441,,,3.4481048583984375,False,0.132048566,0.749402418931,0,-1.0,-1.0,1.4142135381698608,-0.132048562169075,-0.132048562169075,0.18674486875534058,-0.132048562169075,-0.132048562169075,0.18674486875534058,-0.1320485770702362,-0.1320485770702362,0.18674488365650177,-0.1320485770702362,-0.1320485770702362,0.18674488365650177,-0.1320486068725586,-0.1320486068725586,0.18674492835998535,False,False,2.036299556493759,1.6704993322491646,0.0,-1.0,1.0,0.0,-1.0,148.92138671875,418.0877380371094,148.92138671875,418.0877380371094,False,False,-0.43997349762545335,-0.335442558315733,0.11278852857940684,False,,False,timeout
426,1787624593.0229938,25.811872300691903,0.06149860005825758,16.260532744691762,True,344,0.02028609998524189,0.06342749949544668,15.766032209290984,False,False,False,,3.7009525299072266,6.953587055206299,1.4504196643829346,4.383333683013916,,,3.416299343109131,False,0.132048566,0.749402418931,0,-1.0,-1.0,1.4142135381698608,-0.132048562169075,-0.132048562169075,0.18674486875534058,-0.132048562169075,-0.132048562169075,0.18674486875534058,-0.1320485770702362,-0.1320485770702362,0.18674488365650177,-0.1320485770702362,-0.1320485770702362,0.18674488365650177,-0.1320486068725586,-0.1320486068725586,0.18674492835998535,False,False,2.5019003078341484,1.7945999279618263,0.0,-1.0,1.0,0.0,-1.0,148.52297973632812,396.4933776855469,148.52297973632812,396.4933776855469,False,False,-0.4345497658021097,-0.32650519097884334,0.11279113962920581,False,,False,timeout
427,1787624593.082334,25.873252500779927,0.06138020008802414,16.291898667093292,True,345,0.010565200820565224,0.07164650037884712,13.957415850212826,False,False,False,,3.568903923034668,6.82153844833374,1.4474573135375977,4.197481155395508,,,3.3743462562561035,False,0.132048566,0.749402418931,0,-1.0,-0.4900139570236206,1.113603949546814,-0.132048562169075,-0.06470564007759094,0.14704979956150055,-0.132048562169075,-0.06470564007759094,0.14704979956150055,-0.1320485770702362,-0.08158162236213684,0.1552172303199768,-0.1320485770702362,-0.08158162236213684,0.1552172303199768,-0.1320486068725586,-0.08158159255981445,0.155217245221138,False,False,2.242899499833584,1.7787003889679909,0.0,-1.0,1.0,0.0,-1.0,148.21963500976562,377.01605224609375,148.21963500976562,377.01605224609375,False,False,-0.4296214798600436,-0.3184320344491955,0.1127734393546498,False,,False,timeout
428,1787624593.1446035,25.9345080005005,0.061255499720573425,16.325064762538172,False,,,,,False,False,False,,3.4368553161621094,6.739956855773926,1.4460505247116089,3.986114263534546,,,3.398080825805664,False,0.132048566,0.749402418931,0,-0.1781935691833496,-1.0,1.0157524347305298,-0.023530203849077225,-0.132048562169075,0.1341286450624466,-0.023530203849077225,-0.132048562169075,0.1341286450624466,-0.05072465166449547,-0.11940165609121323,0.1297295093536377,-0.05072465538978577,-0.11940165609121323,0.1297295093536377,-0.05072474479675293,-0.11940145492553711,0.12972936034202576,False,False,3.3743996173143387,1.9074995070695877,0.0,-1.0,1.0,0.0,-1.0,148.07557678222656,354.8647766113281,148.07557678222656,354.8647766113281,False,False,-0.42392591439807725,-0.3092732150346681,0.1127938478307828,False,,False,timeout
429,1787624593.2058513,25.99564930051565,0.0611413000151515,16.355556714564276,True,346,0.0561452005058527,0.07110229972749949,14.064242701466949,False,False,False,,3.3861305713653564,6.620555400848389,1.4450609683990479,3.806908369064331,,,3.4182393550872803,False,0.132048566,0.749402418931,0,-1.0,0.4663921594619751,1.103413701057434,-0.132048562169075,0.0615864135324955,0.14570418000221252,-0.132048562169075,0.0615864135324955,0.14570418000221252,-0.11166900396347046,0.016231290996074677,0.11284246295690536,-0.11166900396347046,0.016231298446655273,0.11284246295690536,-0.11166906356811523,0.016231060028076172,0.11284248530864716,False,False,2.7809003368020058,1.4872001484036446,0.0,-1.0,1.0,0.0,-1.0,147.97425842285156,336.083984375,147.97425842285156,336.083984375,False,False,-0.41907328176616104,-0.30148743239597897,0.11282596381480448,False,,False,timeout
430,1787624593.2537696,26.045679800212383,0.05003049969673157,19.987807558622663,True,347,0.03581929951906204,0.07721269968897104,12.951237348625419,False,False,False,,3.274461507797241,6.636786460876465,1.4450483322143555,3.6220569610595703,,,3.526378631591797,True,0.132048566,0.749402418931,0,-0.4404069185256958,-1.0,1.092684030532837,-0.05815510079264641,-0.132048562169075,0.1442873477935791,-0.05815510079264641,-0.132048562169075,0.1442873477935791,-0.07156556844711304,-0.0948900431394577,0.11885180324316025,-0.07156556844711304,-0.0948900431394577,0.11885180324316025,-0.07156562805175781,-0.09489011764526367,0.11885190010070801,False,False,1.546899788081646,0.9543001651763916,0.0,-1.0,1.0,0.0,-1.0,147.9729461669922,316.7115783691406,147.9729461669922,316.7115783691406,False,False,-0.41401507661995623,-0.29345884439915276,0.11283612292150047,False,,False,timeout
431,1787624593.3114638,26.103365099988878,0.0576852997764945,17.335439078492545,True,348,0.024207599461078644,0.06995380017906427,14.295149047517784,False,False,False,,3.2028958797454834,6.541896343231201,1.441741704940796,3.443057060241699,,,3.564332962036133,True,0.132048566,0.749402418931,0,-1.0,-1.0,1.4142135381698608,-0.132048562169075,-0.132048562169075,0.18674486875534058,-0.132048562169075,-0.132048562169075,0.18674486875534058,-0.11689168214797974,-0.12273673713207245,0.16949327290058136,-0.11689168214797974,-0.12273673713207245,0.16949327290058136,-0.11689162254333496,-0.12273693084716797,0.16949337720870972,False,False,1.6837995499372482,0.9864000603556633,0.0,-1.0,1.0,0.0,-1.0,147.63433837890625,297.952392578125,147.63433837890625,297.952392578125,False,False,-0.4092227023027464,-0.2855694453088224,0.11282386828822379,False,,False,timeout
432,1787624593.3726842,26.164585700258613,0.06122060026973486,16.33437103840947,True,349,0.013193800114095211,0.06929520051926374,14.431013872627508,False,False,False,,3.0860042572021484,6.419159412384033,1.438745379447937,3.259809970855713,,,3.562997579574585,True,0.132048566,0.749402418931,0,-1.0,-1.0,1.4142135381698608,-0.132048562169075,-0.132048562169075,0.18674486875534058,-0.132048562169075,-0.132048562169075,0.18674486875534058,-0.12825027108192444,-0.12971508502960205,0.18241199851036072,-0.12825027108192444,-0.12971508502960205,0.18241199851036072,-0.1282503604888916,-0.1297149658203125,0.18241196870803833,False,False,2.3861993104219437,0.9819995611906052,0.0,-1.0,1.0,0.0,-1.0,147.32752990722656,278.74810791015625,147.32752990722656,278.74810791015625,False,False,-0.404286992329297,-0.27747838298100846,0.11280607165870703,False,,False,timeout
433,1787624593.4362411,26.226221900433302,0.06163620017468929,16.2242318177597,True,350,0.006049999967217445,0.0722370995208621,13.843302217736463,False,False,False,,2.957753896713257,6.289444446563721,1.4367990493774414,3.0475234985351562,,,3.5809712409973145,True,0.132048566,0.749402418931,0,-1.0,-0.32369399070739746,1.0510841608047485,-0.132048562169075,-0.04274332523345947,0.1387941539287567,-0.132048562169075,-0.04274332523345947,0.1387941539287567,-0.1310967355966568,-0.06453820317983627,0.14612165093421936,-0.1310967355966568,-0.06453820317983627,0.14612165093421936,-0.13109683990478516,-0.06453800201416016,0.14612165093421936,False,False,2.3228004574775696,1.8184008076786995,0.0,-1.0,1.0,0.0,-1.0,147.1282196044922,256.5004577636719,147.1282196044922,256.5004577636719,False,False,-0.3984932956407946,-0.2681150772588105,0.11279335615577683,False,,False,timeout
434,1787624593.4966261,26.28754010051489,0.06131820008158684,16.308371717849703,False,,,,,False,False,False,,2.8266570568084717,6.2249064445495605,1.4360623359680176,2.845017910003662,,,3.654777765274048,True,0.132048566,0.749402418931,0,-1.0,-0.5703794956207275,1.1512309312820435,-0.132048562169075,-0.07531779259443283,0.15201839804649353,-0.132048562169075,-0.07531779259443283,0.15201839804649353,-0.1318100541830063,-0.07261639833450317,0.15048930048942566,-0.1318100541830063,-0.07261639833450317,0.15048930048942566,-0.13180994987487793,-0.0726165771484375,0.15048930048942566,False,False,2.777600660920143,2.5182003155350685,0.0,-0.5,0.5,0.0,-1.0,147.0527801513672,266.7178649902344,147.0527801513672,266.7178649902344,False,False,-0.39290520166600695,-0.25918183904165076,0.11280468108159913,False,,False,timeout
435,1787624593.5601897,26.34898820053786,0.06144810002297163,16.273896176222895,True,351,0.057956100441515446,0.06878009997308254,14.539089073603488,False,False,False,,2.6948471069335938,6.152289867401123,1.4355368614196777,2.648132085800171,,,3.723571300506592,True,0.132048566,0.749402418931,0,0.2503936290740967,-1.0,1.0308719873428345,0.03306411951780319,-0.132048562169075,0.13612516224384308,0.03306411951780319,-0.132048562169075,0.13612516224384308,-0.00825292058289051,-0.1171550452709198,0.11744537204504013,-0.008252918720245361,-0.1171550452709198,0.11744537204504013,-0.008252859115600586,-0.11715507507324219,0.11744539439678192,False,False,2.8561996296048164,1.9429996609687805,1.0,-1.0,1.4142135381698608,0.0,-0.5,208.43896484375,214.6442413330078,208.43896484375,214.6442413330078,False,False,-0.38744622537231116,-0.2504715368417391,0.11274982163019634,False,,False,timeout
436,1787624593.6223695,26.410724500194192,0.06173629965633154,16.19792578380493,True,352,0.0408092001453042,0.07130790036171675,14.023691553494016,False,False,False,,2.686594247817993,6.035134792327881,1.4488953351974487,2.574532985687256,,,3.6752774715423584,True,0.132048566,0.749402418931,0,-1.0,-1.0,1.4142135381698608,-0.132048562169075,-0.132048562169075,0.18674486875534058,-0.132048562169075,-0.132048562169075,0.18674486875534058,-0.10102565586566925,-0.12831628322601318,0.1633133590221405,-0.10102565586566925,-0.12831628322601318,0.1633133590221405,-0.10102558135986328,-0.12831640243530273,0.16331340372562408,False,False,2.9395995661616325,2.1428996697068214,1.0,-1.0,1.4142135381698608,1.0,-1.0,209.806884765625,206.93106079101562,209.806884765625,206.93106079101562,False,False,-0.3848972567035914,-0.247580566179621,0.11289195224416544,False,,False,timeout
437,1787624593.6820781,26.472915700636804,0.06219120044261217,16.079445209017383,True,353,0.028827800415456295,0.07843870017677546,12.748808913792853,False,False,False,,2.58556866645813,5.906818389892578,1.7011295557022095,2.333052635192871,,,3.6815803050994873,True,0.132048566,0.749402418931,0,-1.0,-1.0,1.4142135381698608,-0.132048562169075,-0.132048562169075,0.18674486875534058,-0.132048562169075,-0.132048562169075,0.18674486875534058,-0.12427427619695663,-0.13111329078674316,0.18065102398395538,-0.12427427619695663,-0.13111329078674316,0.18065102398395538,-0.12427425384521484,-0.13111305236816406,0.18065083026885986,False,False,2.380100078880787,0.9857006371021271,1.0,-1.0,1.4142135381698608,1.0,-1.0,235.63568115234375,181.62391662597656,235.63568115234375,181.62391662597656,False,False,-0.3687350760862648,-0.24380816997114518,0.11238337918959454,False,,False,timeout
438,1787624593.7455208,26.534374500624835,0.06145879998803139,16.271062894080945,True,354,0.021229900419712067,0.07417189981788397,13.48219477262041,False,False,False,,2.461294412612915,5.775705337524414,1.9032814502716064,2.132153272628784,,,3.6860344409942627,True,0.132048566,0.749402418931,0,-0.3977924585342407,-1.0,1.0762150287628174,-0.05252792313694954,-0.132048562169075,0.14211265742778778,-0.05252792313694954,-0.132048562169075,0.14211265742778778,-0.07050737738609314,-0.1318141222000122,0.14948663115501404,-0.07050737738609314,-0.1318141222000122,0.14948663115501404,-0.07050728797912598,-0.13181400299072266,0.1494864821434021,False,False,2.5658002123236656,1.7910003662109375,1.0,-1.0,1.4142135381698608,1.0,-1.0,256.3360290527344,160.56967163085938,256.3360290527344,160.56967163085938,False,False,-0.35549847113815924,-0.24043866684445206,0.11251537191050974,False,,False,timeout
439,1787624593.805893,26.59575470071286,0.06138020008802414,16.291898667093292,True,355,0.014267399907112122,0.06905880011618137,14.480413767943341,False,False,False,,2.390787124633789,5.643891334533691,2.082909345626831,1.9508899450302124,,,3.705812454223633,True,0.132048566,0.749402418931,0,-1.0,-0.42640650272369385,1.0871165990829468,-0.132048562169075,-0.05630636587738991,0.14355218410491943,-0.132048562169075,-0.05630636587738991,0.14355218410491943,-0.11662646383047104,-0.07522839307785034,0.13878415524959564,-0.11662646383047104,-0.07522839307785034,0.13878415524959564,-0.11662650108337402,-0.07522821426391602,0.13878409564495087,False,False,2.3903995752334595,1.7666006460785866,1.0,-1.0,1.4142135381698608,1.0,-1.0,274.7299499511719,141.57327270507812,274.7299499511719,141.57327270507812,False,False,-0.34359970820111874,-0.23730670108786753,0.11245147546848006,False,,False,timeout
440,1787624593.8663745,26.657266000285745,0.061511299572885036,16.25717562372577,True,356,0.001124899834394455,0.06834069918841124,14.63256905293081,False,False,False,,2.274160623550415,5.568663120269775,2.2952818870544434,1.7381125688552856,,,3.83060884475708,True,0.132048566,0.749402418931,0,-0.9967930912971497,-1.0,1.4119478464126587,-0.13162510097026825,-0.132048562169075,0.1864456683397293,-0.13162510097026825,-0.132048562169075,0.1864456683397293,-0.1278664767742157,-0.11780951917171478,0.17386466264724731,-0.1278664767742157,-0.11780951917171478,0.17386466264724731,-0.12786650657653809,-0.11780929565429688,0.17386452853679657,False,False,1.8707998096942902,1.76170002669096,0.5,-0.5,0.7071067690849304,1.0,-1.0,265.7568664550781,150.7141876220703,265.7568664550781,150.7141876220703,False,False,-0.32950285361482073,-0.23365322504764935,0.11242395260344956,False,,False,timeout
441,1787624593.928178,26.719043999910355,0.06177799962460995,16.186992231481042,False,,,,,False,False,False,,2.146294116973877,5.4508538246154785,2.487163543701172,1.5445581674575806,,,3.92113995552063,True,0.132048566,0.749402418931,0,1.0,-1.0,1.4142135381698608,0.132048562169075,-0.132048562169075,0.18674486875534058,0.132048562169075,-0.132048562169075,0.18674486875534058,0.06691446900367737,-0.1284802258014679,0.14486101269721985,0.06691446900367737,-0.1284802258014679,0.14486101269721985,0.06691455841064453,-0.1284804344177246,0.14486125111579895,False,False,2.195100300014019,2.0684003829956055,1.0,-0.5,1.1180340051651,0.5,-0.5,316.1255187988281,130.4296875,316.1255187988281,130.4296875,False,False,-0.3166604112366831,-0.23027578087657485,0.1123860762509642,False,,False,timeout
442,1787624593.9906845,26.780439800582826,0.06139580067247152,16.28775891912714,True,357,0.05182609986513853,0.07465590070933104,13.394788496269696,False,False,False,,2.2132086753845215,5.322373390197754,2.560764789581299,1.478928804397583,,,3.8591270446777344,True,0.132048566,0.749402418931,0,0.2010817527770996,-1.0,1.0200165510177612,0.026552556082606316,-0.132048562169075,0.1346917301416397,0.026552556082606316,-0.132048562169075,0.1346917301416397,0.036667175590991974,-0.1311543881893158,0.13618353009223938,0.036667175590991974,-0.1311543881893158,0.13618353009223938,0.0366671085357666,-0.13115453720092773,0.13618366420269012,False,False,2.1236995235085487,1.4100000262260437,1.0,0.0,1.0,1.0,-0.5,323.66229248046875,154.99172973632812,323.66229248046875,154.99172973632812,False,False,-0.3119665188534133,-0.22936423399269043,0.11260704262607361,False,,False,timeout
443,1787624594.0550773,26.841827900148928,0.06138809956610203,16.289802210332493,True,358,0.04305899981409311,0.07286980003118515,13.723106136863871,False,False,False,,2.249875783920288,5.191218852996826,2.785665512084961,1.3769469261169434,,,3.8517191410064697,True,0.132048566,0.749402418931,0,-1.0,-1.0,1.4142135381698608,-0.132048562169075,-0.132048562169075,0.18674486875534058,-0.132048562169075,-0.132048562169075,0.18674486875534058,-0.08976881951093674,-0.1318245232105255,0.15948712825775146,-0.08976882696151733,-0.1318245232105255,0.15948714315891266,-0.08976888656616211,-0.13182449340820312,0.15948714315891266,False,False,2.7053002268075943,1.988699659705162,1.0,0.0,1.0,1.0,0.0,346.6921081542969,144.30404663085938,346.6921081542969,144.30404663085938,False,False,-0.3004438547946723,-0.23102487218341816,0.11258987872585113,False,,False,timeout
444,1787624594.1126416,26.903526100330055,0.061698200181126595,16.207928222611244,True,359,0.0395433995872736,0.06974940001964569,14.337040888069847,False,False,False,,2.160106897354126,5.059394359588623,2.986569404602051,1.3994420766830444,,,3.7521047592163086,True,0.132048566,0.749402418931,0,-0.3382430970668793,-1.0,1.0556554794311523,-0.04466451331973076,-0.132048562169075,0.1393977850675583,-0.04466451331973076,-0.132048562169075,0.1393977850675583,-0.055967554450035095,-0.1319923996925354,0.1433679312467575,-0.055967554450035095,-0.1319923996925354,0.1433679312467575,-0.05596756935119629,-0.13199234008789062,0.14336787164211273,False,False,2.1855002269148827,0.981699675321579,1.0,0.0,1.0,1.0,0.0,367.26470947265625,146.66152954101562,367.26470947265625,146.66152954101562,False,False,-0.29343478410085844,-0.23764715093270697,0.11283582498287265,False,,False,timeout
445,1787624594.1750884,26.96493080072105,0.06140470039099455,16.28539824528901,True,360,0.02191470004618168,0.0652142995968461,15.334060262580234,False,False,False,,2.1041393280029297,4.927402019500732,3.1887073516845703,1.3974634408950806,,,3.6927976608276367,True,0.132048566,0.749402418931,0,1.0,-1.0,1.4142135381698608,0.132048562169075,-0.132048562169075,0.18674486875534058,0.132048562169075,-0.132048562169075,0.18674486875534058,0.08493217080831528,-0.13203446567058563,0.15699227154254913,0.08493217825889587,-0.13203446567058563,0.15699227154254913,0.08493208885192871,-0.1320343017578125,0.1569920927286148,False,False,2.284199930727482,2.4064993485808372,1.0,0.0,1.0,1.0,0.0,387.9635925292969,146.45416259765625,387.9635925292969,146.45416259765625,False,False,-0.2856521592685753,-0.24320845842446945,0.11284222717624556,False,,False,timeout
446,1787624594.2356682,27.026601500809193,0.06167070008814335,16.21515563421109,True,361,0.021188500337302685,0.07903449982404709,12.65270232906237,False,False,False,,2.1890714168548584,4.79536771774292,3.371828317642212,1.3954370021820068,,,3.5997836589813232,True,0.132048566,0.749402418931,0,1.0,-1.0,1.4142135381698608,0.132048562169075,-0.132048562169075,0.18674486875534058,0.132048562169075,-0.132048562169075,0.18674486875534058,0.12024128437042236,-0.1320449858903885,0.17858847975730896,0.12024128437042236,-0.1320449858903885,0.17858847975730896,0.12024140357971191,-0.13204479217529297,0.178588405251503,False,False,2.357100136578083,1.1871997267007828,1.0,0.0,1.0,1.0,0.0,406.7152404785156,146.24179077148438,406.7152404785156,146.24179077148438,False,False,-0.2785827570965307,-0.2482446250159183,0.11297545821233518,False,,False,timeout
447,1787624594.2966743,27.08859740011394,0.06199589930474758,16.13009910678755,True,362,0.01296560000628233,0.062396700493991375,16.0264884534447,False,False,False,,2.3093128204345703,4.663322925567627,3.5775883197784424,1.3974272012710571,,,3.503512144088745,True,0.132048566,0.749402418931,0,1.0,-1.0,1.4142135381698608,0.132048562169075,-0.132048562169075,0.18674486875534058,0.132048562169075,-0.132048562169075,0.18674486875534058,0.12908971309661865,-0.1320476084947586,0.1846638172864914,0.12908971309661865,-0.1320476084947586,0.1846638172864914,0.1290898323059082,-0.1320476531982422,0.18466393649578094,False,False,1.7748000100255013,1.4576995745301247,1.0,0.0,1.0,1.0,0.0,427.7850646972656,146.4503631591797,427.7850646972656,146.4503631591797,False,False,-0.2707513899495803,-0.254105781380256,0.11294222115635245,False,,False,timeout
448,1787624594.3581407,27.150058400817215,0.061461000703275204,16.270480281111187,True,363,0.006521100178360939,0.07022699993103743,14.239537513805162,False,False,False,,2.4384026527404785,4.531275272369385,3.778578281402588,1.397276520729065,,,3.4085216522216797,False,0.132048566,0.749402418931,0,0.5719484686851501,-1.0,1.152009129524231,0.07552497088909149,-0.132048562169075,0.1521211415529251,0.07552497088909149,-0.132048562169075,0.1521211415529251,0.08894819021224976,-0.1320483237504959,0.15921224653720856,0.08894819021224976,-0.1320483237504959,0.15921224653720856,0.08894824981689453,-0.1320481300354004,0.159212127327919,False,False,1.6411002725362778,1.3724993914365768,1.0,0.0,1.0,1.0,0.0,448.36639404296875,146.43458557128906,448.36639404296875,146.43458557128906,False,False,-0.26302631173667007,-0.25974650888295125,0.11298452357683673,False,,False,timeout
449,1787624594.4205692,27.211448499932885,0.06139009911566973,16.289271631828193,False,,,,,False,False,False,,2.527350902557373,4.399227142333984,3.957474946975708,1.3971787691116333,,,3.325289487838745,False,0.132048566,0.749402418931,0,-0.5503548383712769,-1.0,1.1414422988891602,-0.07267356663942337,-0.132048562169075,0.1507258117198944,-0.07267356663942337,-0.132048562169075,0.1507258117198944,-0.03217152878642082,-0.13204845786094666,0.1359110027551651,-0.03217153251171112,-0.13204845786094666,0.1359110027551651,-0.03217148780822754,-0.1320486068725586,0.13591113686561584,False,False,3.314899280667305,1.8886998295783997,1.0,-0.5,1.1180340051651,1.0,0.0,466.6854553222656,114.98432922363281,466.6854553222656,114.98432922363281,False,False,-0.2561400282631965,-0.26477720295213597,0.1129951907883599,False,,False,timeout
450,1787624594.4830735,27.27299250010401,0.061544000171124935,16.24853758643361,True,364,0.056981099769473076,0.06790549959987402,14.726347731662301,False,False,False,,2.4951794147491455,4.267178535461426,4.166043758392334,1.389279842376709,,,3.327775478363037,False,0.132048566,0.749402418931,0,-1.0,-1.0,1.4142135381698608,-0.132048562169075,-0.132048562169075,0.18674486875534058,-0.132048562169075,-0.132048562169075,0.18674486875534058,-0.10701960325241089,-0.1320485770702362,0.16997064650058746,-0.10701960325241089,-0.1320485770702362,0.16997064650058746,-0.10701966285705566,-0.1320486068725586,0.16997072100639343,False,False,2.4365000426769257,1.47240050137043,1.0,0.0,1.0,1.0,-0.5,488.0428771972656,145.59652709960938,488.0428771972656,145.59652709960938,False,False,-0.24786623791062773,-0.2703012616156638,0.11301914696135404,False,,False,timeout
451,1787624594.546424,27.334222100675106,0.06122960057109594,16.33197000589385,True,365,0.0538119999691844,0.07286830060184002,13.723388520669696,False,False,False,,2.38815975189209,4.135129928588867,4.367527484893799,1.2654523849487305,,,3.486107587814331,False,0.132048566,0.749402418931,0,0.41632241010665894,0.41547417640686035,0.5881693363189697,0.05497477576136589,0.054862767457962036,0.07766691595315933,0.05497477576136589,0.054862767457962036,0.07766691595315933,0.014379359781742096,0.008023228496313095,0.016466274857521057,0.014379359781742096,0.008023232221603394,0.016466276720166206,0.014379262924194336,0.008023262023925781,0.016466205939650536,False,False,3.387000411748886,2.081899903714657,1.0,0.0,1.0,1.0,0.0,508.6748046875,132.61941528320312,508.6748046875,132.61941528320312,False,False,-0.23638428880774826,-0.27040361397125684,0.11272748688140238,False,,False,timeout
452,1787624594.607146,27.394865199923515,0.06064309924840927,16.489922388427914,True,366,0.04309139959514141,0.06399980001151562,15.625048825466141,False,False,False,,2.402539014816284,4.143153190612793,4.550820827484131,1.2956353425979614,,,3.566997766494751,True,0.132048566,0.749402418931,0,1.0,-1.0,1.4142135381698608,0.132048562169075,-0.132048562169075,0.18674486875534058,0.132048562169075,-0.132048562169075,0.18674486875534058,0.10256091505289078,-0.09694689512252808,0.14112916588783264,0.10256091505289078,-0.09694689512252808,0.14112916588783264,0.10256099700927734,-0.09694671630859375,0.14112910628318787,False,False,3.098100423812866,2.033400349318981,1.0,0.0,1.0,1.0,0.0,527.4440307617188,135.78257751464844,527.4440307617188,135.78257751464844,False,False,-0.2301893070197781,-0.2769535472826341,0.11275726947515585,False,,False,timeout
453,1787624594.6644588,27.456328799948096,0.061463600024580956,16.269792195707264,True,367,0.03619010001420975,0.07136139925569296,14.013178138743175,False,False,False,,2.5051000118255615,4.046206474304199,4.75346565246582,1.2918815612792969,,,3.5554821491241455,True,0.132048566,0.749402418931,0,1.0,0.5787842273712158,1.1554181575775146,0.132048562169075,0.07642762362957001,0.15257130563259125,0.132048562169075,0.07642762362957001,0.15257130563259125,0.12465904653072357,0.032980434596538544,0.12894800305366516,0.12465904653072357,0.03298044204711914,0.12894800305366516,0.12465906143188477,0.03298044204711914,0.12894801795482635,False,False,1.7288001254200935,1.3097003102302551,1.0,0.0,1.0,1.0,0.0,548.1948852539062,135.38919067382812,548.1948852539062,135.38919067382812,False,False,-0.22221565734311186,-0.2825280297938557,0.11288729424269009,False,,False,timeout
454,1787624594.724766,27.517696600407362,0.06136780045926571,16.295190515484958,True,368,0.025862899608910084,0.06836230028420687,14.627945458866034,False,False,False,,2.6297590732574463,4.079186916351318,4.957691669464111,1.2897961139678955,,,3.633176565170288,True,0.132048566,0.749402418931,0,1.0,-0.459264874458313,1.1004199981689453,0.132048562169075,-0.060645267367362976,0.14530888199806213,0.132048562169075,-0.060645267367362976,0.14530888199806213,0.13019676506519318,-0.037182893604040146,0.13540223240852356,0.13019676506519318,-0.037182897329330444,0.13540223240852356,0.13019680976867676,-0.03718280792236328,0.13540224730968475,False,False,1.6828998923301697,0.9722001850605011,1.0,0.0,1.0,1.0,0.0,569.1076049804688,135.17062377929688,569.1076049804688,135.17062377929688,False,False,-0.21421612109684632,-0.28823306203294363,0.11297264522494779,False,,False,timeout
455,1787624594.7876859,27.579622700810432,0.06192610040307045,16.148279860851975,True,369,0.018976500257849693,0.07169630005955696,13.947721139993503,False,False,False,,2.759955883026123,4.042004108428955,5.13791561126709,1.2918169498443604,,,3.6356873512268066,True,0.132048566,0.749402418931,0,1.0,-1.0,1.4142135381698608,0.132048562169075,-0.132048562169075,0.18674486875534058,0.132048562169075,-0.132048562169075,0.18674486875534058,0.1315845102071762,-0.10827542841434479,0.1704055517911911,0.1315845102071762,-0.10827542841434479,0.1704055517911911,0.13158440589904785,-0.1082754135131836,0.17040546238422394,False,False,1.8180003389716148,1.8156999722123146,1.0,0.0,1.0,1.0,0.0,587.5625610351562,135.38241577148438,587.5625610351562,135.38241577148438,False,False,-0.20726150034371166,-0.29345051462883537,0.11291860362525316,False,,False,timeout
456,1787624594.8512306,27.64114070031792,0.06151799950748682,16.255405052277403,True,370,0.01112150028347969,0.06881329976022243,14.532074518798916,False,False,False,,2.891540288925171,3.9337286949157715,5.345968723297119,1.2917617559432983,,,3.6061346530914307,True,0.132048566,0.749402418931,0,1.0,-1.0,1.4142135381698608,0.132048562169075,-0.132048562169075,0.18674486875534058,0.132048562169075,-0.132048562169075,0.18674486875534058,0.13193224370479584,-0.12609106302261353,0.18249677121639252,0.13193224370479584,-0.12609106302261353,0.18249677121639252,0.13193225860595703,-0.12609100341796875,0.18249675631523132,False,False,2.558699809014797,1.863599754869938,1.0,0.0,1.0,1.0,0.0,608.8671875,135.3766326904297,608.8671875,135.3766326904297,False,False,-0.19914702432156248,-0.2993759148518588,0.11302919604756126,False,,False,timeout
457,1787624594.9106398,27.702571900561452,0.06143120024353266,16.278373139962827,True,371,0.00031800009310245514,0.06937170028686523,14.41510004605349,False,False,False,,3.023472547531128,3.8076376914978027,5.546408653259277,1.2920645475387573,,,3.562767744064331,True,0.132048566,0.749402418931,0,0.3224327564239502,-1.0,1.0506963729858398,0.042576782405376434,-0.132048562169075,0.13874293863773346,0.042576782405376434,-0.132048562169075,0.13874293863773346,0.06496904790401459,-0.13055559992790222,0.1458277851343155,0.06496904790401459,-0.13055559992790222,0.1458277851343155,0.06496906280517578,-0.1305556297302246,0.14582781493663788,False,False,2.0134998485445976,1.2290999293327332,1.0,0.0,1.0,1.0,0.0,629.3922729492188,135.40835571289062,629.3922729492188,135.40835571289062,False,False,-0.1913262787542257,-0.30511084935062727,0.1130060179026575,False,,False,timeout
458,1787624594.9739277,27.76379800029099,0.061226099729537964,16.33290385011344,False,,,,,False,False,False,,3.0884416103363037,3.677082061767578,5.722993850708008,1.2918035984039307,,,3.5539300441741943,True,0.132048566,0.749402418931,0,1.0,-1.0,1.4142135381698608,0.132048562169075,-0.132048562169075,0.18674486875534058,0.132048562169075,-0.132048562169075,0.18674486875534058,0.11523859947919846,-0.13167443871498108,0.1749802678823471,0.11523859947919846,-0.13167443871498108,0.1749802678823471,0.11523866653442383,-0.13167452812194824,0.17498037219047546,False,False,2.855699509382248,2.051199786365032,1.0,0.0,1.0,1.0,0.0,647.4745483398438,135.38101196289062,647.4745483398438,135.38101196289062,False,False,-0.18440872805569775,-0.310147822858971,0.11300863913718237,False,,False,timeout
459,1787624595.0374336,27.825002600438893,0.061204600147902966,16.338641173759267,True,372,0.0537667004391551,0.07223779987543821,13.843168005176372,False,False,False,,3.2036802768707275,3.54540753364563,5.9312028884887695,1.2923465967178345,,,3.537748336791992,True,0.132048566,0.749402418931,0,1.0,-1.0,1.4142135381698608,0.132048562169075,-0.132048562169075,0.18674486875534058,0.132048562169075,-0.132048562169075,0.18674486875534058,0.12783603370189667,-0.13195481896400452,0.18372295796871185,0.12783603370189667,-0.13195481896400452,0.18372295796871185,0.12783598899841309,-0.13195490837097168,0.18372300267219543,False,False,2.855799160897732,2.6008998975157738,1.0,0.0,1.0,1.0,0.0,668.795166015625,135.43792724609375,668.795166015625,135.43792724609375,False,False,-0.17626452530250983,-0.3161353071647883,0.11302352472296706,False,,False,timeout
460,1787624595.0967114,27.886539800092578,0.06153719965368509,16.250333223281732,True,373,0.0458279000595212,0.0693102004006505,14.427890760948005,False,False,False,,3.3315162658691406,3.413452625274658,6.130660533905029,1.2929837703704834,,,3.5116372108459473,True,0.132048566,0.749402418931,0,1.0,-1.0,1.4142135381698608,0.132048562169075,-0.132048562169075,0.18674486875534058,0.132048562169075,-0.132048562169075,0.18674486875534058,0.13099288940429688,-0.1320250928401947,0.18598324060440063,0.13099288940429688,-0.1320250928401947,0.18598324060440063,0.13099288940429688,-0.13202500343322754,0.18598316609859467,False,False,2.5989003479480743,1.141900196671486,1.0,0.0,1.0,1.0,0.0,689.2196655273438,135.50469970703125,689.2196655273438,135.50469970703125,False,False,-0.16845228079484223,-0.32188669739910275,0.11300040951455903,False,,False,timeout
461,1787624595.1571262,27.947987500578165,0.06144770048558712,16.27400199027066,True,374,0.027646000497043133,0.06914889998733997,14.461546028687131,False,False,False,,3.4625091552734375,3.2814276218414307,6.3084588050842285,1.292816400527954,,,3.4718875885009766,False,0.132048566,0.749402418931,0,1.0,-1.0,1.4142135381698608,0.132048562169075,-0.132048562169075,0.18674486875534058,0.132048562169075,-0.132048562169075,0.18674486875534058,0.13178400695323944,-0.13204264640808105,0.1865537017583847,0.13178400695323944,-0.13204264640808105,0.1865537017583847,0.13178396224975586,-0.13204264640808105,0.18655367195606232,False,False,2.0125992596149445,1.0141003876924515,1.0,0.0,1.0,1.0,0.0,707.4261474609375,135.48715209960938,707.4261474609375,135.48715209960938,False,False,-0.1614541582754038,-0.32698889016387245,0.11300500262827147,False,,False,timeout
462,1787624595.2200074,28.009878400713205,0.06189090013504028,16.157464147687165,True,375,0.014478799887001514,0.07962770015001297,12.558443834445432,False,False,False,,3.5942931175231934,3.1493849754333496,6.516863822937012,1.2925280332565308,,,3.462562322616577,False,0.132048566,0.749402418931,0,1.0,-1.0,1.4142135381698608,0.132048562169075,-0.132048562169075,0.18674486875534058,0.132048562169075,-0.132048562169075,0.18674486875534058,0.1319822520017624,-0.13204707205295563,0.18669693171977997,0.1319822520017624,-0.13204707205295563,0.18669693171977997,0.13198232650756836,-0.13204717636108398,0.18669705092906952,False,False,2.0323004573583603,1.7544999718666077,1.0,0.0,1.0,1.0,0.0,728.766845703125,135.45693969726562,728.766845703125,135.45693969726562,False,False,-0.15323446902991583,-0.332975451769241,0.11299057170216982,False,,False,timeout
463,1787624595.280446,28.071312800049782,0.06143439933657646,16.277525471053572,True,376,0.0012007998302578926,0.07506429962813854,13.321912080095407,False,False,False,,3.7262754440307617,3.0173377990722656,6.715646743774414,1.2915081977844238,,,3.4517862796783447,False,0.132048566,0.749402418931,0,1.0,-0.3614587187767029,1.0633214712142944,0.132048562169075,-0.04773010313510895,0.14041006565093994,0.132048562169075,-0.04773010313510895,0.14041006565093994,0.13203196227550507,-0.0688597559928894,0.14890971779823303,0.13203196227550507,-0.0688597559928894,0.14890971779823303,0.13203191757202148,-0.06885981559753418,0.14890970289707184,False,False,2.015800215303898,1.8178001046180725,1.0,0.0,1.0,1.0,0.0,749.1221923828125,135.35006713867188,749.1221923828125,135.35006713867188,False,False,-0.1453569674470905,-0.3386624216850577,0.11298655511224306,False,,False,timeout
464,1787624595.342826,28.13271180074662,0.0613990006968379,16.28691002541839,False,,,,,False,False,False,,3.858307361602783,2.9484779834747314,6.891841411590576,1.2916009426116943,,,3.4565258026123047,False,0.132048566,0.749402418931,0,1.0,0.07943975925445557,1.0031503438949585,0.132048562169075,0.010489906184375286,0.13246455788612366,0.132048562169075,0.010489906184375286,0.13246455788612366,0.13204438984394073,-0.009394940920174122,0.13237819075584412,0.13204438984394073,-0.009394939988851547,0.13237819075584412,0.13204431533813477,-0.00939488410949707,0.13237811625003815,False,False,2.9691997915506363,3.4857001155614853,1.0,0.0,1.0,1.0,0.0,767.1646118164062,135.35977172851562,767.1646118164062,135.35977172851562,False,False,-0.13839390541312813,-0.34375650092894433,0.11302312866957423,False,,False,timeout
465,1787624595.403071,28.193983600474894,0.061271799728274345,16.320721839977914,True,377,0.056651500053703785,0.07470609992742538,13.385787786693033,False,False,False,,3.990351676940918,2.9390830993652344,7.101005554199219,1.2925069332122803,,,3.51957106590271,True,0.132048566,0.749402418931,0,0.27707433700561523,-1.0,1.037675380706787,0.036587268114089966,-0.132048562169075,0.13702353835105896,0.036587268114089966,-0.132048562169075,0.13702353835105896,0.060508571565151215,-0.10131184756755829,0.11800583451986313,0.060508571565151215,-0.10131184756755829,0.11800583451986313,0.06050872802734375,-0.10131192207336426,0.11800597608089447,False,False,2.149399369955063,1.4455998316407204,1.0,0.0,1.0,1.0,0.0,788.5829467773438,135.45472717285156,788.5829467773438,135.45472717285156,False,False,-0.13013870065199237,-0.3498499077816677,0.11296471092094848,False,,False,timeout
466,1787624595.4655228,28.25536430068314,0.06138070020824671,16.291765923283595,True,378,0.04859280027449131,0.0676536001265049,14.781179392229067,False,False,False,,4.050860404968262,2.83777117729187,7.299871444702148,1.2918518781661987,,,3.5980467796325684,True,0.132048566,0.749402418931,0,1.0,-1.0,1.4142135381698608,0.132048562169075,-0.132048562169075,0.18674486875534058,0.132048562169075,-0.132048562169075,0.18674486875534058,0.11412084847688675,-0.12434603273868561,0.1687764823436737,0.11412084847688675,-0.12434603273868561,0.1687764823436737,0.1141209602355957,-0.12434601783752441,0.16877655684947968,False,False,2.915499731898308,1.3373000547289848,1.0,0.0,1.0,1.0,0.0,808.9468383789062,135.38607788085938,808.9468383789062,135.38607788085938,False,False,-0.12222831528125083,-0.35558547962411374,0.11295286254907651,False,,False,timeout
467,1787624595.528888,28.316618300043046,0.06125399935990572,16.325464630062307,True,379,0.04191469959914684,0.06900510005652905,14.491682486958195,False,False,False,,4.164981365203857,2.7134251594543457,7.503549575805664,1.2927610874176025,,,3.628267526626587,True,0.132048566,0.749402418931,0,1.0,-0.019927382469177246,1.000198483467102,0.132048562169075,-0.002631382318213582,0.132074773311615,0.132048562169075,-0.002631382318213582,0.132074773311615,0.1275559365749359,-0.03313277289271355,0.13178883492946625,0.1275559365749359,-0.033132776618003845,0.13178883492946625,0.12755584716796875,-0.03313279151916504,0.13178876042366028,False,False,2.752000465989113,2.011900767683983,1.0,0.0,1.0,1.0,0.0,829.8035278320312,135.48135375976562,829.8035278320312,135.48135375976562,False,False,-0.11416160665884464,-0.36154151953483044,0.11296157418981151,False,,False,timeout
468,1787624595.586159,28.37802250031382,0.06140420027077198,16.285530885352053,True,380,0.03309070039540529,0.06793150026351213,14.72071124766734,False,False,False,,4.292537212371826,2.6802923679351807,7.68339204788208,1.2920869588851929,,,3.664015531539917,True,0.132048566,0.749402418931,0,1.0,-1.0,1.4142135381698608,0.132048562169075,-0.132048562169075,0.18674486875534058,0.132048562169075,-0.132048562169075,0.18674486875534058,0.13092269003391266,-0.10726050287485123,0.1692500114440918,0.13092269003391266,-0.10726050287485123,0.1692500114440918,0.13092279434204102,-0.10726046562194824,0.16925007104873657,False,False,1.873600296676159,1.2492993846535683,1.0,0.0,1.0,1.0,0.0,848.2193603515625,135.4107208251953,848.2193603515625,135.4107208251953,False,False,-0.106980301801364,-0.3667430078314906,0.11294201653472022,False,,False,timeout
469,1787624595.6484308,28.439329200424254,0.061306700110435486,16.311430858268984,True,381,0.021528800018131733,0.07023089937865734,14.238746888437152,False,False,False,,4.423460006713867,2.5730319023132324,7.889894962310791,1.2927956581115723,,,3.695291042327881,True,0.132048566,0.749402418931,0,0.8279778957366943,-1.0,1.2982863187789917,0.10933329164981842,-0.132048562169075,0.1714368462562561,0.10933329164981842,-0.132048562169075,0.1714368462562561,0.11474356055259705,-0.12583671510219574,0.17029669880867004,0.11474356055259705,-0.12583671510219574,0.17029669880867004,0.11474370956420898,-0.12583661079406738,0.17029671370983124,False,False,1.9426997750997543,1.7719995230436325,1.0,0.0,1.0,1.0,0.0,869.365234375,135.4849853515625,869.365234375,135.4849853515625,False,False,-0.09876705187529577,-0.3727925674388931,0.1129844092069612,False,,False,timeout
470,1787624595.7089593,28.500909300521016,0.06158010009676218,16.239012252800464,True,382,0.015978200361132622,0.07286790013313293,13.72346394191345,False,False,False,,4.538203716278076,2.447195291519165,8.092761993408203,1.2917522192001343,,,3.737637519836426,True,0.132048566,0.749402418931,0,1.0,0.2827261686325073,1.0391987562179565,0.132048562169075,0.03733358532190323,0.1372247040271759,0.132048562169075,0.03733358532190323,0.1372247040271759,0.12771201133728027,-0.0035564694553613663,0.12776152789592743,0.12771201133728027,-0.003556467592716217,0.12776152789592743,0.12771177291870117,-0.003556489944458008,0.12776128947734833,False,False,2.0604003220796585,1.3354001566767693,1.0,0.0,1.0,1.0,0.0,890.1388549804688,135.37564086914062,890.1388549804688,135.37564086914062,False,False,-0.09062857307435278,-0.37866823013024664,0.11295853227718135,False,,False,timeout
471,1787624595.7718413,28.56224580015987,0.06133649963885546,16.30350616497391,True,383,0.00748009979724884,0.06714239995926619,14.893718434352628,False,False,False,,4.665915489196777,2.443638801574707,8.274182319641113,1.292460560798645,,,3.7874531745910645,True,0.132048566,0.749402418931,0,1.0,-1.0,1.4142135381698608,0.132048562169075,-0.132048562169075,0.18674486875534058,0.132048562169075,-0.132048562169075,0.18674486875534058,0.13096177577972412,-0.09984875470399857,0.16468381881713867,0.13096177577972412,-0.09984875470399857,0.16468381881713867,0.13096189498901367,-0.09984874725341797,0.16468390822410583,False,False,2.6646004989743233,1.7681997269392014,1.0,0.0,1.0,1.0,0.0,908.7162475585938,135.44985961914062,908.7162475585938,135.44985961914062,False,False,-0.08339012672308384,-0.38400553977947616,0.11295153329634833,False,,False,timeout
472,1787624595.8320389,28.623959800228477,0.061714000068604946,16.2037787031847,True,384,0.0005810996517539024,0.06982379965484142,14.321764282999203,False,False,False,,4.796877384185791,2.343790054321289,8.482601165771484,1.2928142547607422,,,3.8326375484466553,True,0.132048566,0.749402418931,0,1.0,-0.26265639066696167,1.033918857574463,0.132048562169075,-0.03468339890241623,0.13652750849723816,0.132048562169075,-0.03468339890241623,0.13652750849723816,0.13177624344825745,-0.05101367458701134,0.14130595326423645,0.13177624344825745,-0.05101367458701134,0.14130595326423645,0.1317763328552246,-0.05101370811462402,0.1413060426712036,False,False,1.906299963593483,0.9519997984170914,1.0,0.0,1.0,1.0,0.0,930.0584106445312,135.4869384765625,930.0584106445312,135.4869384765625,False,False,-0.07504542442411981,-0.3901271004163059,0.11292045557683437,False,,False,timeout
473,1787624595.8947356,28.685622700490057,0.061662900261580944,16.217206711943287,False,,,,,False,False,False,,4.928653717041016,2.292776346206665,8.660563468933105,1.29293954372406,,,3.863524913787842,True,0.132048566,0.749402418931,0,1.0,-1.0,1.4142135381698608,0.132048562169075,-0.132048562169075,0.18674486875534058,0.132048562169075,-0.132048562169075,0.18674486875534058,0.13198032975196838,-0.11174142360687256,0.1729304939508438,0.13198032975196838,-0.11174142360687256,0.1729304939508438,0.13198041915893555,-0.11174130439758301,0.17293047904968262,False,False,2.6625003665685654,1.319199800491333,1.0,0.0,1.0,1.0,0.0,948.2817993164062,135.50006103515625,948.2817993164062,135.50006103515625,False,False,-0.06790222841391498,-0.39535512833760383,0.1129102072454475,False,,False,timeout
474,1787624595.9560628,28.74696550052613,0.06134280003607273,16.30183166422055,True,385,0.04973980039358139,0.06861710082739592,14.573626514991759,False,False,False,,5.060634136199951,2.181035041809082,8.863598823547363,1.2925485372543335,,,3.905374526977539,True,0.132048566,0.749402418931,0,1.0,-1.0,1.4142135381698608,0.132048562169075,-0.132048562169075,0.18674486875534058,0.132048562169075,-0.132048562169075,0.18674486875534058,0.13203148543834686,-0.12695960700511932,0.18316946923732758,0.13203148543834686,-0.12695960700511932,0.18316946923732758,0.13203144073486328,-0.12695956230163574,0.1831694096326828,False,False,2.261199988424778,1.508600078523159,0.5,0.0,0.5,1.0,0.0,938.3525390625,135.45907592773438,938.3525390625,135.45907592773438,False,False,-0.05972161609201715,-0.40130592954508226,0.1129469038854599,False,,False,timeout
475,1787624596.019502,28.8083371007815,0.06137160025537014,16.294181605807125,True,386,0.04002390056848526,0.0741343991830945,13.489014695192115,False,False,False,,5.1926655769348145,2.0540754795074463,9.055851936340332,1.2919909954071045,,,3.937636375427246,True,0.132048566,0.749402418931,0,1.0,-0.45277875661849976,1.0977288484573364,0.132048562169075,-0.0597887821495533,0.14495351910591125,0.132048562169075,-0.0597887821495533,0.14495351910591125,0.13204427063465118,-0.07662161439657211,0.15266485512256622,0.13204427063465118,-0.07662161439657211,0.15266485512256622,0.13204431533813477,-0.0766216516494751,0.152664914727211,False,False,2.8644995763897896,1.4211004599928856,0.5,0.0,0.5,0.5,0.0,958.0392456054688,135.40066528320312,958.0392456054688,135.40066528320312,False,False,-0.051955632694003204,-0.40694233509967026,0.11293902011874438,False,,False,timeout
476,1787624596.07845,28.870345800183713,0.0620086994022131,16.126769463645772,True,387,0.02693440020084381,0.07079160027205944,14.125969693535625,False,False,False,,5.324709892272949,1.9774538278579712,9.133197784423828,1.289475917816162,,,3.8701283931732178,True,0.132048566,0.749402418931,0,1.0,-1.0,1.4142135381698608,0.132048562169075,-0.132048562169075,0.18674486875534058,0.132048562169075,-0.132048562169075,0.18674486875534058,0.13204748928546906,-0.11815870553255081,0.17719486355781555,0.13204748928546906,-0.11815870553255081,0.17719486355781555,0.1320476531982422,-0.11815869808197021,0.1771949827671051,False,False,1.673700287938118,0.9476998820900917,1.0,0.0,1.0,0.5,0.0,996.6795043945312,135.13706970214844,996.6795043945312,135.13706970214844,False,False,-0.048753582762737606,-0.40910988682558747,0.11293577306627699,False,,False,timeout
477,1787624596.1397195,28.931659100577235,0.061313300393521786,16.309674957664775,True,388,0.017733599990606308,0.07510040048509836,13.315508220204803,False,False,False,,5.456757545471191,1.859295129776001,9.22917366027832,1.2910513877868652,,,3.8149735927581787,True,0.132048566,0.749402418931,0,1.0,-1.0,1.4142135381698608,0.132048562169075,-0.132048562169075,0.18674486875534058,0.132048562169075,-0.132048562169075,0.18674486875534058,0.1320483237504959,-0.12856778502464294,0.18429985642433167,0.1320483237504959,-0.12856778502464294,0.18429985642433167,0.1320481300354004,-0.12856781482696533,0.18429973721504211,False,False,2.0576994866132736,1.239200122654438,1.0,0.0,1.0,1.0,0.0,1006.5074462890625,135.30218505859375,1006.5074462890625,135.30218505859375,False,False,-0.044928744684240705,-0.41201246199940916,0.11294396651557334,False,,False,timeout
478,1787624596.2021499,28.99301420059055,0.06135510001331568,16.298563604052045,True,389,0.006962800398468971,0.07052099984139204,14.180173313609965,False,False,False,,5.588805675506592,1.7307273149490356,9.457054138183594,1.2930243015289307,,,3.8929333686828613,True,0.132048566,0.749402418931,0,1.0,-0.7946690917015076,1.2773014307022095,0.132048562169075,-0.10493490844964981,0.168665811419487,0.132048562169075,-0.10493490844964981,0.168665811419487,0.13204845786094666,-0.11085724830627441,0.1724126636981964,0.13204845786094666,-0.11085724830627441,0.1724126636981964,0.1320486068725586,-0.11085724830627441,0.17241276800632477,False,False,1.8882006406784058,1.743200235068798,0.5,0.0,0.5,1.0,0.0,999.1223754882812,135.50894165039062,999.1223754882812,135.50894165039062,False,False,-0.03577717718841236,-0.4188345747899342,0.11288041034720486,False,,False,timeout
479,1787624596.2635987,29.054479700513184,0.06146549992263317,16.269289296576183,True,390,0.002614600583910942,0.07212379947304726,13.865048809217283,False,False,False,,5.72085428237915,1.6198700666427612,9.646883010864258,1.2910265922546387,,,3.939776659011841,True,0.132048566,0.749402418931,0,1.0,-1.0,1.4142135381698608,0.132048562169075,-0.132048562169075,0.18674486875534058,0.132048562169075,-0.132048562169075,0.18674486875534058,0.1320485770702362,-0.1267380714416504,0.18302832543849945,0.1320485770702362,-0.1267380714416504,0.18302832543849945,0.1320486068725586,-0.1267380714416504,0.18302834033966064,False,False,2.131599932909012,2.2481000050902367,1.0,1.0,1.4142135381698608,0.5,0.0,1049.2808837890625,198.17959594726562,1049.2808837890625,198.17959594726562,False,False,-0.028021244395483973,-0.4243647504436016,0.11286554598646592,False,,False,timeout
480,1787624596.3249943,29.11594150029123,0.061461799778044224,16.2702687459736,False,,,,,False,False,False,,5.852902889251709,1.4931319952011108,9.718404769897461,1.299221158027649,,,3.8703625202178955,True,0.132048566,0.749402418931,0,1.0,-0.9904670119285583,1.4074889421463013,0.132048562169075,-0.13078974187374115,0.1858568787574768,0.132048562169075,-0.13078974187374115,0.1858568787574768,0.1320485770702362,-0.12977439165115356,0.18514378368854523,0.1320485770702362,-0.12977439165115356,0.18514378368854523,0.1320486068725586,-0.12977445125579834,0.18514384329319,False,False,2.5140000507235527,1.5946999192237854,1.0,1.0,1.4142135381698608,1.0,1.0,1056.604736328125,199.0383758544922,1056.604736328125,199.0383758544922,False,False,-0.025386943249085414,-0.42685190356430225,0.11282193735133246,False,,False,timeout
481,1787624596.3882763,29.177110200747848,0.06116870045661926,16.348230263763707,True,391,0.05592950060963631,0.0658148005604744,15.194150730292693,False,False,False,,5.984951496124268,1.3633575439453125,9.953690528869629,1.5402418375015259,,,3.9726788997650146,True,0.132048566,0.749402418931,0,0.7420098781585693,-0.0541529655456543,0.7439833283424377,0.09798134118318558,-0.007150821387767792,0.09824193269014359,0.09798134118318558,-0.007150821387767792,0.09824193269014359,0.10651851445436478,-0.037880003452301025,0.11305347830057144,0.10651851445436478,-0.037880003452301025,0.11305347830057144,0.10651874542236328,-0.03787994384765625,0.11305367946624756,False,False,2.8282003477215767,1.9781999289989471,1.0,0.5,1.1180340051651,1.0,1.0,1080.6978759765625,192.8573455810547,1080.6978759765625,192.8573455810547,False,False,-0.023692134282815313,-0.44460954991481005,0.11238331872890849,False,,False,timeout
482,1787624596.4493244,29.238187300041318,0.06107709929347038,16.372748731813264,True,392,0.043427299708127975,0.06974640022963285,14.33765752365144,False,False,False,,6.091470241546631,1.3254776000976562,10.148256301879883,1.7302993535995483,,,4.076934337615967,True,0.132048566,0.749402418931,0,1.0,-1.0,1.4142135381698608,0.132048562169075,-0.132048562169075,0.18674486875534058,0.132048562169075,-0.132048562169075,0.18674486875534058,0.12565085291862488,-0.10845012962818146,0.16598062217235565,0.12565085291862488,-0.10845012962818146,0.16598062217235565,0.12565088272094727,-0.10845017433166504,0.16598066687583923,False,False,2.776999957859516,1.4054998755455017,1.0,0.0,1.0,1.0,0.5,1100.6214599609375,181.3353729248047,1100.6214599609375,181.3353729248047,False,False,-0.021992661020584385,-0.45885214350904463,0.11240886196794302,False,,False,timeout
483,1787624596.5084927,29.299348100088537,0.0611608000472188,16.350342036532492,True,393,0.030907100066542625,0.0731472996994853,13.671044647011575,False,False,False,,6.217121124267578,1.2170274257659912,10.323827743530273,1.7899694442749023,,,4.146480560302734,True,0.132048566,0.749402418931,0,1.0,0.17354556918144226,1.0149472951889038,0.132048562169075,0.022916443645954132,0.13402234017848969,0.132048562169075,0.022916443645954132,0.13402234017848969,0.13044531643390656,-0.010003712028265,0.13082833588123322,0.13044531643390656,-0.010003715753555298,0.13082833588123322,0.1304454803466797,-0.01000368595123291,0.13082849979400635,False,False,1.9763996824622154,1.1309003457427025,1.0,-0.5,1.1180340051651,1.0,0.0,1118.5999755859375,156.1488037109375,1118.5999755859375,156.1488037109375,False,False,-0.016820920371391254,-0.4667256034518861,0.11263541670190724,False,,False,timeout
484,1787624596.5709233,29.360775399953127,0.06142729986459017,16.27940674918793,True,394,0.02115389984101057,0.07368030026555061,13.57214881584233,False,False,False,,6.347566604614258,1.2070237398147583,10.5341796875,1.765687346458435,,,4.2237229347229,True,0.132048566,0.749402418931,0,1.0,-0.8226492404937744,1.2948945760726929,0.132048562169075,-0.10862965136766434,0.17098896205425262,0.132048562169075,-0.10862965136766434,0.17098896205425262,0.13164682686328888,-0.08391422033309937,0.15611688792705536,0.13164682686328888,-0.08391422033309937,0.15611688792705536,0.13164663314819336,-0.08391416072845459,0.15611669421195984,False,False,1.980799250304699,1.7368001863360405,0.5,0.5,0.7071067690849304,1.0,-0.5,1109.4200439453125,216.48403930664062,1109.4200439453125,216.48403930664062,False,False,-0.007491315253673014,-0.47191717942160866,0.11276708092717765,False,,False,timeout
485,1787624596.630474,29.422437800094485,0.061662400141358376,16.21733824352512,True,395,0.012006199918687344,0.07117609959095716,14.049660008723613,False,False,False,,6.479213237762451,1.1231095790863037,10.719794273376465,1.662941336631775,,,4.274803638458252,True,0.132048566,0.749402418931,0,1.0,-1.0,1.4142135381698608,0.132048562169075,-0.132048562169075,0.18674486875534058,0.132048562169075,-0.132048562169075,0.18674486875534058,0.1319478303194046,-0.11998619139194489,0.1783449351787567,0.1319478303194046,-0.11998619139194489,0.1783449351787567,0.13194799423217773,-0.11998617649078369,0.17834503948688507,False,False,1.9794004037976265,1.351499930024147,0.5,0.5,0.7071067690849304,0.5,0.5,1128.427001953125,205.7162628173828,1128.427001953125,205.7162628173828,False,False,0.003430127607612953,-0.47289636870315593,0.11277066527772564,False,,False,timeout
486,1787624596.6931553,29.484069600701332,0.06163180060684681,16.225389979745422,True,396,0.009459600783884525,0.07081099972128868,14.122099729363928,False,False,False,,6.611161231994629,1.00312340259552,10.800063133239746,1.7934770584106445,,,4.262811183929443,True,0.132048566,0.749402418931,0,0.7030284404754639,-1.0,1.2223948240280151,0.09283389151096344,-0.132048562169075,0.1614154726266861,0.09283389151096344,-0.132048562169075,0.1614154726266861,0.10263578593730927,-0.12902575731277466,0.16486889123916626,0.10263578593730927,-0.12902575731277466,0.16486889123916626,0.10263586044311523,-0.12902575731277466,0.16486893594264984,False,False,2.108899876475334,1.7493003979325294,0.5,0.5,0.7071067690849304,0.5,0.5,1136.646484375,219.39639282226562,1136.646484375,219.39639282226562,False,False,0.002411247546024513,-0.4810909355925996,0.11278090312862729,False,,False,timeout
487,1787624596.7536087,29.545591700822115,0.06152210012078285,16.254321585848935,True,397,0.0032464005053043365,0.06418650038540363,15.579599978119473,False,False,False,,6.713797092437744,0.8740976452827454,10.893533706665039,1.8995678424835205,,,4.303694725036621,True,0.132048566,0.749402418931,0,1.0,-1.0,1.4142135381698608,0.132048562169075,-0.132048562169075,0.18674486875534058,0.132048562169075,-0.132048562169075,0.18674486875534058,0.12467780709266663,-0.13129104673862457,0.18105770647525787,0.12467780709266663,-0.13129104673862457,0.18105770647525787,0.12467765808105469,-0.13129103183746338,0.18105760216712952,False,False,1.981399953365326,1.1695995926856995,0.5,-0.5,0.7071067690849304,0.5,0.5,1146.2178955078125,167.6347198486328,1146.2178955078125,167.6347198486328,False,False,0.0027331086526533764,-0.4885854761705147,0.11287957501120696,False,,False,timeout
488,1787624596.8170836,29.60702140070498,0.06142969988286495,16.278770723392995,False,,,,,False,False,False,,6.838474750518799,0.742806613445282,11.000768661499023,1.9710793495178223,,,4.339739799499512,True,0.132048566,0.749402418931,0,1.0,0.5561774969100952,1.144261121749878,0.132048562169075,0.07344243675470352,0.15109802782535553,0.132048562169075,0.07344243675470352,0.15109802782535553,0.13020142912864685,0.02213672548532486,0.13206985592842102,0.13020142912864685,0.022136718034744263,0.13206985592842102,0.1302013397216797,0.02213674783706665,0.13206976652145386,False,False,3.22089996188879,2.1460000425577164,0.5,-0.5,0.7071067690849304,0.5,-0.5,1157.19873046875,175.12911987304688,1157.19873046875,175.12911987304688,False,False,0.0047492895740794405,-0.49495664611899787,0.11289382441776857,False,,False,timeout
489,1787624596.8784943,29.668314900249243,0.061293499544262886,16.314943793963884,True,398,0.05668599996715784,0.06772749964147806,14.765051202149714,False,False,False,,6.9686760902404785,0.7649433612823486,11.096268653869629,1.81920325756073,,,4.260103702545166,True,0.132048566,0.749402418931,0,1.0,1.0,1.4142135381698608,0.132048562169075,0.132048562169075,0.18674486875534058,0.132048562169075,0.132048562169075,0.18674486875534058,0.13158564269542694,0.10450492054224014,0.16803587973117828,0.13158564269542694,0.10450492054224014,0.16803587973117828,0.13158559799194336,0.10450494289398193,0.1680358648300171,False,False,2.0364997908473015,1.2672003358602524,0.5,0.0,0.5,0.5,-0.5,1166.9779052734375,190.65249633789062,1166.9779052734375,190.65249633789062,False,False,0.013637600495571018,-0.49109945641752223,0.11278604939449516,False,,False,timeout
490,1787624596.9409204,29.729612600058317,0.0612976998090744,16.31382585504394,True,399,0.04673509951680899,0.06968339998275042,14.350620093846485,False,False,False,,7.100261688232422,0.8694483041763306,11.193561553955078,1.7422282695770264,,,4.185313701629639,True,0.132048566,0.749402418931,0,1.0,1.0,1.4142135381698608,0.132048562169075,0.132048562169075,0.18674486875534058,0.132048562169075,0.132048562169075,0.18674486875534058,0.13193254172801971,0.12514619529247284,0.18184544146060944,0.13193254172801971,0.12514619529247284,0.18184544146060944,0.13193273544311523,0.12514621019363403,0.18184560537338257,False,False,3.569900058209896,1.3727005571126938,0.5,1.0,1.1180340051651,0.5,0.0,1176.9407958984375,245.4655303955078,1176.9407958984375,245.4655303955078,False,False,0.02015312967489653,-0.49060608954357193,0.11291516666655625,False,,False,timeout
491,1787624597.00052,29.79145450051874,0.06184190046042204,16.17026631709008,True,400,0.042624300345778465,0.07084600068628788,14.115122805987102,False,False,False,,7.232194423675537,0.9945945143699646,11.29247760772705,1.7783845663070679,,,4.135241985321045,True,0.132048566,0.749402418931,0,1.0,0.20990508794784546,1.0217926502227783,0.132048562169075,0.02771766483783722,0.13492624461650848,0.132048562169075,0.02771766483783722,0.13492624461650848,0.1320195347070694,0.05213301628828049,0.1419401615858078,0.1320195347070694,0.05213301628828049,0.1419401615858078,0.1320195198059082,0.052133023738861084,0.1419401466846466,False,False,2.1716998890042305,1.5835994854569435,1.0,0.5,1.1180340051651,0.5,1.0,1217.7896728515625,217.81472778320312,1217.7896728515625,217.81472778320312,False,False,0.023001655570277568,-0.4951787043145619,0.11294997038301242,False,,False,timeout
492,1787624597.0596747,29.852589400485158,0.06113489996641874,16.357268933936222,True,401,0.03441449999809265,0.06595969945192337,15.160772537007675,False,False,False,,7.364213943481445,1.0467275381088257,11.416755676269531,2.01641583442688,,,4.166940212249756,True,0.132048566,0.749402418931,0,1.0,0.21360695362091064,1.0225595235824585,0.132048562169075,0.028206491842865944,0.13502751290798187,0.132048562169075,0.028206491842865944,0.13502751290798187,0.13204127550125122,0.034202419221401215,0.1363990604877472,0.13204127550125122,0.034202419221401215,0.1363990604877472,0.13204145431518555,0.0342024564743042,0.13639923930168152,False,False,1.6194004565477371,1.0056998580694199,1.0,0.5,1.1180340051651,1.0,0.5,1230.515869140625,242.7603759765625,1230.515869140625,242.7603759765625,False,False,0.020210516496519344,-0.5094359415882187,0.11278850193221471,False,,False,timeout
493,1787624597.1221206,29.914098599925637,0.06150919944047928,16.257730698765993,True,402,0.016778199933469296,0.06934520043432713,14.42060869010023,False,False,False,,7.496255397796631,1.0809299945831299,11.611042022705078,2.0757739543914795,,,4.233341693878174,True,0.132048566,0.749402418931,0,1.0,-0.22616666555404663,1.0252567529678345,0.132048562169075,-0.02986498363316059,0.13538368046283722,0.132048562169075,-0.02986498363316059,0.13538368046283722,0.13204677402973175,-0.013809838332235813,0.1327669471502304,0.13204677402973175,-0.013809837400913239,0.1327669471502304,0.13204669952392578,-0.013809800148010254,0.13276687264442444,False,False,1.8180999904870987,1.1550001800060272,0.5,1.0,1.1180340051651,1.0,0.5,1219.6907958984375,280.4211120605469,1219.6907958984375,280.4211120605469,False,False,0.02618334498428613,-0.5178954058683554,0.11274812190687994,False,,False,timeout
494,1787624597.1824799,29.97538210079074,0.061283500865101814,16.317605650519468,True,403,0.006643800064921379,0.07914259936660528,12.635420216207308,False,False,False,,7.628302097320557,1.0671201944351196,11.81213092803955,2.1876730918884277,,,4.331288814544678,True,0.132048566,0.749402418931,0,0.5672006607055664,0.30770981311798096,0.6452921032905579,0.07489803433418274,0.040632639080286026,0.08520989865064621,0.07489803433418274,0.040632639080286026,0.08520989865064621,0.0892193466424942,0.026989495381712914,0.09321226179599762,0.0892193466424942,0.026989497244358063,0.09321226179599762,0.08921957015991211,0.026989459991455078,0.09321245551109314,False,False,1.6898997128009796,0.9764004498720169,0.5,0.5,0.7071067690849304,0.5,1.0,1240.2823486328125,260.7081298828125,1240.2823486328125,260.7081298828125,False,False,0.030697180893910856,-0.5288753039069929,0.11269219020095644,False,,False,timeout
495,1787624597.2978246,30.0366852004081,0.06130309961736202,16.312388871716756,False,,,,,False,False,False,,7.717521667480469,1.0941096544265747,11.879796981811523,2.3828632831573486,,,4.357226371765137,True,0.132048566,0.749402418931,0,1.0,0.18492181599140167,1.0169543027877808,0.132048562169075,0.024418659508228302,0.13428735733032227,0.132048562169075,0.024418659508228302,0.13428735733032227,0.12131571769714355,0.02506289631128311,0.12387757003307343,0.12131571769714355,0.02506289631128311,0.12387757003307343,0.12131595611572266,0.025062918663024902,0.12387780845165253,False,False,2.3919008672237396,1.3959994539618492,0.5,0.0,0.5,0.5,0.5,1247.211181640625,249.7240753173828,1247.211181640625,249.7240753173828,False,False,0.0270034261958625,-0.5394760973261198,0.11275285250330384,False,,False,timeout
496,1787624597.3132515,30.10326740052551,0.06658220011740923,15.019029083398076,True,404,0.05997390020638704,0.07141770049929619,14.002131026465278,False,False,False,,7.838837623596191,1.1191725730895996,11.989296913146973,2.4613983631134033,,,4.362096309661865,True,0.132048566,0.749402418931,0,1.0,-1.0,1.4142135381698608,0.132048562169075,-0.132048562169075,0.18674486875534058,0.132048562169075,-0.132048562169075,0.18674486875534058,0.12935899198055267,-0.0926768034696579,0.15913119912147522,0.12935899198055267,-0.0926768034696579,0.15913119912147522,0.12935876846313477,-0.09267675876617432,0.1591309905052185,False,False,2.819000743329525,1.3135001063346863,0.5,0.0,0.5,0.5,0.0,1258.4239501953125,257.95452880859375,1258.4239501953125,257.95452880859375,False,False,0.028875688148977476,-0.5462137955226672,0.11275530230909148,False,,False,timeout
497,1787624597.3695104,30.15931160002947,0.056044199503958225,17.843059743040367,True,405,0.04501379933208227,0.07484459970146418,13.361017414599615,False,False,False,,7.968196392059326,1.0264958143234253,12.078648567199707,2.431284189224243,,,4.343874931335449,True,0.132048566,0.749402418931,0,1.0,0.329181969165802,1.052787184715271,0.132048562169075,0.04346800595521927,0.13901902735233307,0.132048562169075,0.04346800595521927,0.13901902735233307,0.1313745081424713,0.009350460022687912,0.1317068338394165,0.1313745081424713,0.00935046374797821,0.1317068338394165,0.13137483596801758,0.009350419044494629,0.13170717656612396,False,False,2.4827001616358757,1.5101004391908646,0.5,-0.5,0.7071067690849304,0.5,0.0,1267.57373046875,223.3585968017578,1267.57373046875,223.3585968017578,False,False,0.033519443890619185,-0.5475942954855905,0.11280212859913077,False,,False,timeout
498,1787624597.432391,30.221148299984634,0.061836699955165386,16.171626246631025,True,406,0.03544009942561388,0.07071700040251017,14.140871280005593,False,False,False,,8.099571228027344,1.03584623336792,12.185906410217285,2.425640106201172,,,4.316209316253662,True,0.132048566,0.749402418931,0,1.0,0.1813291609287262,1.0163072347640991,0.132048562169075,0.023944254964590073,0.13420189917087555,0.132048562169075,0.023944254964590073,0.13420189917087555,0.13187971711158752,0.020287074148654938,0.13343097269535065,0.13187971711158752,0.020287074148654938,0.13343097269535065,0.1318798065185547,0.020287036895751953,0.1334310621023178,False,False,2.9287002980709076,1.2429999187588692,0.5,0.0,0.5,0.5,-0.5,1278.5567626953125,254.2070770263672,1278.5567626953125,254.2070770263672,False,False,0.038089847109679706,-0.5505879726179903,0.11296322323202194,False,,False,timeout
499,1787624597.4927073,30.282588600181043,0.061440300196409225,16.275962142164847,True,407,0.027053999714553356,0.07150189951062202,13.985642435295642,False,False,False,,8.231451034545898,1.0561332702636719,12.268970489501953,2.319856643676758,,,4.230669021606445,True,0.132048566,0.749402418931,0,1.0,-1.0,1.4142135381698608,0.132048562169075,-0.132048562169075,0.18674486875534058,0.132048562169075,-0.132048562169075,0.18674486875534058,0.13200627267360687,-0.09387362748384476,0.16198121011257172,0.13200627267360687,-0.09387362748384476,0.16198121011257172,0.13200664520263672,-0.09387362003326416,0.1619815081357956,False,False,1.9477996975183487,1.7196005210280418,0.5,0.5,0.7071067690849304,0.5,0.0,1287.0626220703125,274.56097412109375,1287.0626220703125,274.56097412109375,False,False,0.04500466090110561,-0.5484709818731666,0.1127477295587587,False,,False,timeout
500,1787624597.5521443,30.344062300398946,0.06147370021790266,16.267119051811612,True,408,0.017622100189328194,0.06973499990999699,14.340001452507972,False,False,False,,8.363457679748535,0.9622596502304077,12.380497932434082,2.3468177318573,,,4.2489542961120605,True,0.132048566,0.749402418931,0,1.0,-1.0,1.4142135381698608,0.132048562169075,-0.132048562169075,0.18674486875534058,0.132048562169075,-0.132048562169075,0.18674486875534058,0.13203805685043335,-0.12248200923204422,0.18009966611862183,0.13203805685043335,-0.12248200923204422,0.18009966611862183,0.13203811645507812,-0.12248200178146362,0.1800997108221054,False,False,1.8326006829738617,1.6968995332717896,0.5,0.0,0.5,0.5,0.5,1298.4830322265625,245.94650268554688,1298.4830322265625,245.94650268554688,False,False,0.04867808088961771,-0.5530275308422616,0.1129893707621378,False,,False,timeout
501,1787624597.6145933,30.40546950045973,0.06140720006078482,16.284735324361563,False,,,,,False,False,False,,8.495495796203613,0.8397776484489441,12.46884536743164,2.4519155025482178,,,4.287947654724121,True,0.132048566,0.749402418931,0,1.0,-0.9288226366043091,1.364811897277832,0.132048562169075,-0.12264969199895859,0.18022145330905914,0.132048562169075,-0.12264969199895859,0.18022145330905914,0.1320459395647049,-0.12260766327381134,0.18019092082977295,0.1320459395647049,-0.12260766327381134,0.18019092082977295,0.13204574584960938,-0.12260764837265015,0.180190771818161,False,False,2.5794003158807755,3.041299991309643,0.5,0.0,0.5,0.5,0.0,1307.52978515625,256.96075439453125,1307.52978515625,256.96075439453125,False,False,0.04879816475616584,-0.5602989178882153,0.11298958701426641,False,,False,timeout
502,1787624597.678629,30.466973000206053,0.06150349974632263,16.25923734624209,True,409,0.057362399995326996,0.07090810034424067,14.102761111146062,False,False,False,,8.627541542053223,0.717170000076294,12.563321113586426,2.4324262142181396,,,4.293304443359375,True,0.132048566,0.749402418931,0,1.0,-0.7567722797393799,1.254075050354004,0.132048562169075,-0.09993068873882294,0.1655988097190857,0.132048562169075,-0.09993068873882294,0.1655988097190857,0.1320478469133377,-0.10561347007751465,0.16908825933933258,0.1320478469133377,-0.10561347007751465,0.16908825933933258,0.1320476531982422,-0.10561347007751465,0.16908811032772064,False,False,2.821600064635277,2.059600315988064,0.5,0.5,0.7071067690849304,0.5,0.0,1317.2042236328125,286.3582458496094,1317.2042236328125,286.3582458496094,False,False,0.05332150743377775,-0.5623116548708261,0.11293631920922273,False,,False,timeout
503,1787624597.7420287,30.528697000816464,0.06172400061041117,16.201153361911658,True,410,0.051186300814151764,0.08355760015547276,11.96779225515494,False,False,False,,8.759589195251465,0.6115565299987793,12.667108535766602,2.434976100921631,,,4.312026023864746,True,0.132048566,0.749402418931,0,1.0,-1.0,1.4142135381698608,0.132048562169075,-0.132048562169075,0.18674486875534058,0.132048562169075,-0.132048562169075,0.18674486875534058,0.1320483237504959,-0.12542398273944855,0.1821206659078598,0.1320483237504959,-0.12542398273944855,0.1821206659078598,0.1320486068725586,-0.12542396783828735,0.18212085962295532,False,False,3.475799225270748,2.3906994611024857,0.0,1.0,1.0,0.5,0.5,1297.1119384765625,318.06549072265625,1297.1119384765625,318.06549072265625,False,False,0.057496043421834266,-0.5655722136681551,0.11301768205198252,False,,False,timeout
504,1787624597.7991598,30.589942200109363,0.06124519929289818,16.327810367921476,True,411,0.04551389999687672,0.06750359944999218,14.814024854197843,False,False,False,,8.891637802124023,0.48613256216049194,12.763106346130371,2.5744740962982178,,,4.398799896240234,True,0.132048566,0.749402418931,0,1.0,-1.0,1.4142135381698608,0.132048562169075,-0.132048562169075,0.18674486875534058,0.132048562169075,-0.132048562169075,0.18674486875534058,0.1320485770702362,-0.13038845360279083,0.1855747252702713,0.1320485770702362,-0.13038845360279083,0.1855747252702713,0.1320486068725586,-0.13038843870162964,0.1855747252702713,False,False,2.6885997503995895,0.9487997740507126,0.0,1.0,1.0,0.0,1.0,1306.9420166015625,332.6849060058594,1306.9420166015625,332.6849060058594,False,False,0.05677630206859061,-0.5745710499280842,0.11300870459941018,False,,False,timeout
505,1787624597.8594258,30.651340200565755,0.061398000456392765,16.28717535696034,True,412,0.025029600597918034,0.0669165002182126,14.943997321124558,False,False,False,,9.023686408996582,0.3557441234588623,12.739805221557617,2.770961284637451,,,4.432021141052246,True,0.132048566,0.749402418931,0,1.0,1.0,1.4142135381698608,0.132048562169075,0.132048562169075,0.18674486875534058,0.132048562169075,0.132048562169075,0.18674486875534058,0.1320485770702362,0.0662824809551239,0.14775043725967407,0.1320485770702362,0.0662824809551239,0.14775043725967407,0.1320486068725586,0.0662824809551239,0.14775046706199646,False,False,1.7928993329405785,1.6914000734686852,-0.5,1.0,1.1180340051651,0.0,1.0,1273.8360595703125,353.2767333984375,1273.8360595703125,353.2767333984375,False,False,0.049274898559648964,-0.5824062509626479,0.1129111476576224,False,,False,timeout
506,1787624597.9218142,30.71269920002669,0.06135899946093559,16.29752780823379,True,413,0.004079099744558334,0.0818902999162674,12.211458512455044,False,False,False,,9.15573501586914,0.4220266044139862,12.729907989501953,2.978053331375122,,,4.39408540725708,True,0.132048566,0.749402418931,0,1.0,1.0,1.4142135381698608,0.132048562169075,0.132048562169075,0.18674486875534058,0.132048562169075,0.132048562169075,0.18674486875534058,0.1320485770702362,0.11556773632764816,0.17547856271266937,0.1320485770702362,0.11556773632764816,0.17547856271266937,0.1320486068725586,0.11556771397590637,0.17547857761383057,False,False,2.295500598847866,2.158000133931637,0.0,0.5,0.5,-0.5,1.0,1303.5426025390625,343.53997802734375,1303.5426025390625,343.53997802734375,False,False,0.04199759367479094,-0.5910766988425511,0.1129808431695947,False,,False,timeout
507,1787624597.9830408,30.774008099921048,0.06130889989435673,16.31084559865095,False,,,,,False,False,False,,9.2877836227417,0.5375943183898926,12.613973617553711,3.1651763916015625,,,4.23883581161499,True,0.132048566,0.749402418931,0,1.0,1.0,1.4142135381698608,0.132048562169075,0.132048562169075,0.18674486875534058,0.132048562169075,0.132048562169075,0.18674486875534058,0.1320485770702362,0.12791849672794342,0.18384768068790436,0.1320485770702362,0.12791849672794342,0.18384768068790436,0.1320486068725586,0.12791848182678223,0.18384768068790436,False,False,2.849400043487549,1.2831995263695717,0.0,1.0,1.0,0.0,0.5,1291.6707763671875,394.5904846191406,1291.6707763671875,394.5904846191406,False,False,0.03109384814652116,-0.5956407537029791,0.11282432225824239,False,,False,timeout
508,1787624598.0473282,30.835152000188828,0.06114390026777983,16.354861165553686,True,414,0.055524399504065514,0.08230909984558821,12.149324945552788,False,False,False,,9.419832229614258,0.6655128002166748,12.631936073303223,3.242502450942993,,,4.118068218231201,True,0.132048566,0.749402418931,0,1.0,-0.20526206493377686,1.0208488702774048,0.132048562169075,-0.027104560285806656,0.13480162620544434,0.132048562169075,-0.027104560285806656,0.13480162620544434,0.1320485770702362,0.011743837967514992,0.13256977498531342,0.1320485770702362,0.011743836104869843,0.13256977498531342,0.1320486068725586,0.01174384355545044,0.1325698047876358,False,False,3.0486006289720535,2.076299861073494,1.0,0.0,1.0,0.0,1.0,1354.9503173828125,339.81427001953125,1354.9503173828125,339.81427001953125,False,False,0.029277483729735182,-0.5995148827946309,0.11297768449169308,False,,False,timeout
509,1787624598.0942628,30.885100000537932,0.049948000349104404,20.020821514588032,True,415,0.03474779985845089,0.07142319995909929,14.001052887194259,False,False,False,,9.551880836486816,0.6772566437721252,12.650592803955078,3.42657732963562,,,4.142557144165039,True,0.132048566,0.749402418931,0,1.0,0.9608256220817566,1.3867897987365723,0.132048562169075,0.126875638961792,0.18312358856201172,0.132048562169075,0.126875638961792,0.18312358856201172,0.1320485770702362,0.09802389144897461,0.16445519030094147,0.1320485770702362,0.09802389144897461,0.16445519030094147,0.1320486068725586,0.09802389144897461,0.16445522010326385,False,False,2.1472005173563957,1.407199539244175,1.0,0.0,1.0,1.0,0.0,1356.8607177734375,359.10528564453125,1356.8607177734375,359.10528564453125,False,False,0.023985525897540324,-0.6079881760727486,0.11296054209301057,False,,False,timeout
510,1787624598.1514788,30.942378000356257,0.05727799981832504,17.4587102058698,True,416,0.02751259971410036,0.07030780054628849,14.223172851803703,False,False,False,,9.683929443359375,0.7752805352210999,12.828692436218262,3.426121711730957,,,4.112966537475586,True,0.132048566,0.749402418931,0,1.0,1.0,1.4142135381698608,0.132048562169075,0.132048562169075,0.18674486875534058,0.132048562169075,0.132048562169075,0.18674486875534058,0.1320485770702362,0.12352205812931061,0.18081627786159515,0.1320485770702362,0.12352205812931061,0.18081627786159515,0.1320486068725586,0.12352204322814941,0.18081629276275635,False,False,2.132900059223175,1.1740000918507576,1.0,0.0,1.0,1.0,0.0,1375.09814453125,359.05755615234375,1375.09814453125,359.05755615234375,False,False,0.031226104328599975,-0.6133639680720708,0.1128231585381701,False,,False,timeout
511,1787624598.212964,31.003868800587952,0.061490800231695175,16.262595318845015,True,417,0.016049600206315517,0.06450799945741892,15.50195337649697,False,False,False,,9.815978050231934,0.8988025784492493,13.036599159240723,3.3970561027526855,,,4.075986862182617,True,0.132048566,0.749402418931,0,1.0,1.0,1.4142135381698608,0.132048562169075,0.132048562169075,0.18674486875534058,0.132048562169075,0.132048562169075,0.18674486875534058,0.1320485770702362,0.12991183996200562,0.18524014949798584,0.1320485770702362,0.12991183996200562,0.18524014949798584,0.1320486068725586,0.12991183996200562,0.18524016439914703,False,False,1.9061006605625153,1.7670001834630966,1.0,0.0,1.0,1.0,0.0,1396.3878173828125,356.011474609375,1396.3878173828125,356.011474609375,False,False,0.040635274732786955,-0.6184271237917705,0.11300391345138741,False,,False,timeout
512,1787624598.274253,31.065140200778842,0.061271400190889835,16.32082826383141,False,,,,,False,False,False,,9.948026657104492,1.0287144184112549,13.229813575744629,3.414832592010498,,,4.057546615600586,True,0.132048566,0.749402418931,0,1.0,1.0,1.4142135381698608,0.132048562169075,0.132048562169075,0.18674486875534058,0.132048562169075,0.132048562169075,0.18674486875534058,0.1320485770702362,0.1315131038427353,0.18636663258075714,0.1320485770702362,0.1315131038427353,0.18636663258075714,0.1320486068725586,0.13151311874389648,0.18636666238307953,False,False,3.3403998240828514,1.871500164270401,0.5,1.0,1.1180340051651,1.0,0.0,1385.452880859375,420.75445556640625,1385.452880859375,420.75445556640625,False,False,0.04791576586937664,-0.6250632256615926,0.11299778758936138,False,,False,timeout
513,1787624598.3385444,31.126360200345516,0.06121999956667423,16.334531314573233,True,418,0.056797100231051445,0.07296270038932562,13.70563307914929,False,False,False,,10.08007526397705,1.1602275371551514,13.423866271972656,3.429856777191162,,,4.041306018829346,True,0.132048566,0.749402418931,0,0.894210934638977,0.5928350687026978,1.0728776454925537,0.11807926744222641,0.07828301936388016,0.14167195558547974,0.11807926744222641,0.07828301936388016,0.14167195558547974,0.12157994508743286,0.09162235260009766,0.15223777294158936,0.12157994508743286,0.09162235260009766,0.15223777294158936,0.12158012390136719,0.09162235260009766,0.1522379219532013,False,False,2.792300656437874,2.0155003294348717,0.5,1.0,1.1180340051651,0.5,1.0,1405.323974609375,422.3290100097656,1405.323974609375,422.3290100097656,False,False,0.05533210712441097,-0.6316164288150821,0.11290000399141968,False,,False,timeout
514,1787624598.3967519,31.187652500346303,0.06129230000078678,16.315263091565555,True,419,0.04537129960954189,0.0820883996784687,12.181989220363544,False,False,False,,10.201655387878418,1.251849889755249,13.502584457397461,3.6475563049316406,,,4.07866907119751,True,0.132048566,0.749402418931,0,1.0,1.0,1.4142135381698608,0.132048562169075,0.132048562169075,0.18674486875534058,0.132048562169075,0.132048562169075,0.18674486875534058,0.12942519783973694,0.12191784381866455,0.17780561745166779,0.12942519783973694,0.12191784381866455,0.17780561745166779,0.129425048828125,0.12191784381866455,0.17780551314353943,False,False,2.5394996628165245,1.4117993414402008,0.0,1.0,1.0,0.5,1.0,1382.66455078125,445.1438903808594,1382.66455078125,445.1438903808594,False,False,0.051321847531926534,-0.6433189027157967,0.11305657052893621,False,,False,timeout
515,1787624598.4723554,31.248887700028718,0.06123519968241453,16.330476673323872,True,420,0.0388179998844862,0.07237130030989647,13.817632068485223,False,False,False,,10.331080436706543,1.3737677335739136,13.588923454284668,3.8588342666625977,,,4.097450256347656,True,0.132048566,0.749402418931,0,1.0,1.0,1.4142135381698608,0.132048562169075,0.132048562169075,0.18674486875534058,0.132048562169075,0.132048562169075,0.18674486875534058,0.13139110803604126,0.1295098215341568,0.18448960781097412,0.13139110803604126,0.1295098215341568,0.18448960781097412,0.1313915252685547,0.1295098066329956,0.184489905834198,False,False,1.8742000684142113,1.3760998845100403,0.0,1.0,1.0,0.0,1.0,1391.5057373046875,467.28582763671875,1391.5057373046875,467.28582763671875,False,False,0.047846540499946535,-0.6549428221852647,0.11296046707937091,False,,False,timeout
516,1787624598.505907,31.29885910078883,0.04997140076011419,20.011446243031326,True,421,0.019711600616574287,0.0677834004163742,14.75287450699262,False,False,False,,10.462471961975098,1.5032775402069092,13.581329345703125,4.00071382522583,,,3.9955549240112305,True,0.132048566,0.749402418931,0,1.0,1.0,1.4142135381698608,0.132048562169075,0.132048562169075,0.18674486875534058,0.132048562169075,0.132048562169075,0.18674486875534058,0.131883904337883,0.1314123570919037,0.18617886304855347,0.131883904337883,0.1314123570919037,0.18617886304855347,0.1318836212158203,0.13141238689422607,0.18617868423461914,False,False,1.566799357533455,0.9760009124875069,0.0,1.0,1.0,0.0,1.0,1390.7281494140625,482.15478515625,1390.7281494140625,482.15478515625,False,False,0.042857098237556526,-0.6607298106450636,0.11277567831776017,False,,False,timeout
517,1787624598.5641954,31.35611109994352,0.05725199915468693,17.466638977935762,True,422,0.008543199859559536,0.06908069923520088,14.475823364139288,False,False,False,,10.594355583190918,1.6346899271011353,13.565496444702148,4.185647487640381,,,3.9160008430480957,True,0.132048566,0.749402418931,0,1.0,1.0,1.4142135381698608,0.132048562169075,0.132048562169075,0.18674486875534058,0.132048562169075,0.132048562169075,0.18674486875534058,0.13200722634792328,0.13188913464546204,0.18660293519496918,0.13200722634792328,0.13188913464546204,0.18660293519496918,0.13200759887695312,0.13188910484313965,0.18660317361354828,False,False,2.1055005490779877,1.2671994045376778,0.0,1.0,1.0,0.0,1.0,1389.1068115234375,501.53582763671875,1389.1068115234375,501.53582763671875,False,False,0.03613314221585229,-0.6680693235197036,0.113046948724427,False,,False,timeout
518,1787624598.6267884,31.417719000019133,0.06160790007561445,16.231684552998075,True,423,0.0005831997841596603,0.06842080038040876,14.615438498821398,False,False,False,,10.726363182067871,1.766579031944275,13.571419715881348,4.3883442878723145,,,3.868849992752075,True,0.132048566,0.749402418931,0,1.0,1.0,1.4142135381698608,0.132048562169075,0.132048562169075,0.18674486875534058,0.132048562169075,0.132048562169075,0.18674486875534058,0.13203829526901245,0.1320085972547531,0.18670934438705444,0.13203829526901245,0.1320085972547531,0.18670934438705444,0.13203811645507812,0.13200855255126953,0.1867091804742813,False,False,2.1542999893426895,1.1670999228954315,0.0,1.0,1.0,0.0,1.0,1389.71337890625,522.7784423828125,1389.71337890625,522.7784423828125,False,False,0.029730053585453286,-0.6767926762277532,0.11288702691189674,False,,False,timeout
519,1787624598.6870017,31.478918600827456,0.06119960080832243,16.339975862457123,False,,,,,False,False,False,,10.85840129852295,1.8985875844955444,13.572259902954102,4.587340831756592,,,3.8202645778656006,True,0.132048566,0.749402418931,0,1.0,1.0,1.4142135381698608,0.132048562169075,0.132048562169075,0.18674486875534058,0.132048562169075,0.132048562169075,0.18674486875534058,0.1320459395647049,0.13203853368759155,0.18673592805862427,0.1320459395647049,0.13203853368759155,0.18673592805862427,0.13204574584960938,0.13203847408294678,0.18673573434352875,False,False,2.5901999324560165,2.0121997222304344,0.0,1.0,1.0,0.0,1.0,1389.7994384765625,543.63330078125,1389.7994384765625,543.63330078125,False,False,0.02326598453385025,-0.6851748573574186,0.11295749656545297,False,,False,timeout
520,1787624598.7503736,31.54025030042976,0.06133169960230589,16.304782135246796,True,424,0.054643199779093266,0.06956429965794086,14.37518964349767,False,False,False,,10.990447044372559,2.030626058578491,13.572216987609863,4.791022300720215,,,3.779592990875244,True,0.132048566,0.749402418931,0,1.0,1.0,1.4142135381698608,0.132048562169075,0.132048562169075,0.18674486875534058,0.132048562169075,0.132048562169075,0.18674486875534058,0.1320478469133377,0.13204602897167206,0.18674257397651672,0.1320478469133377,0.13204602897167206,0.18674257397651672,0.1320476531982422,0.13204598426818848,0.1867424100637436,False,False,2.9940996319055557,2.0301993936300278,0.0,1.0,1.0,0.0,1.0,1389.7950439453125,564.9791259765625,1389.7950439453125,564.9791259765625,False,False,0.016637415199958042,-0.6936958341159982,0.11288690230625828,False,,False,timeout
521,1787624598.8122118,31.602082500234246,0.061832199804484844,16.172803218420633,True,425,0.05108819995075464,0.06878240033984184,14.538602826583173,False,False,False,,11.1224946975708,2.1626720428466797,13.569911003112793,4.971609592437744,,,3.725584030151367,True,0.132048566,0.749402418931,0,0.9363483190536499,1.0,1.3699445724487305,0.12364345043897629,0.132048562169075,0.1808992177248001,0.12364345043897629,0.132048562169075,0.1808992177248001,0.12574951350688934,0.13204790651798248,0.1823447048664093,0.12574951350688934,0.13204790651798248,0.1823447048664093,0.1257495880126953,0.1320478916168213,0.18234474956989288,False,False,3.079799935221672,1.4525000005960464,0.0,1.0,1.0,0.0,1.0,1389.558837890625,583.9046630859375,1389.558837890625,583.9046630859375,False,False,0.010689848396253095,-0.7011555873955331,0.11297597911753297,False,,False,timeout
522,1787624598.8722503,31.663633200339973,0.06155070010572672,16.246768895922912,True,426,0.044192600063979626,0.06507479958236217,15.3669316911894,False,False,False,,11.248244285583496,2.294719934463501,13.567204475402832,5.179455280303955,,,3.7012529373168945,True,0.132048566,0.749402418931,0,1.0,1.0,1.4142135381698608,0.132048562169075,0.132048562169075,0.18674486875534058,0.132048562169075,0.132048562169075,0.18674486875534058,0.13047005236148834,0.13204839825630188,0.18563193082809448,0.13047005236148834,0.13204839825630188,0.18563193082809448,0.13047027587890625,0.1320483684539795,0.18563206493854523,False,False,2.0393002778291702,1.6626007854938507,0.0,1.0,1.0,0.0,1.0,1389.28173828125,605.6868896484375,1389.28173828125,605.6868896484375,False,False,0.003866549491630261,-0.7097096354508033,0.1129406278008973,False,,False,timeout
523,1787624598.9314291,31.724338500760496,0.06070530042052269,16.473026129064824,True,427,0.024107100442051888,0.06844850070774555,14.609523797602204,False,False,False,,11.378714561462402,2.4267683029174805,13.56690502166748,5.37862491607666,,,3.67445707321167,True,0.132048566,0.749402418931,0,1.0,-0.2893412113189697,1.0410178899765015,0.132048562169075,-0.03820709139108658,0.13746492564678192,0.132048562169075,-0.03820709139108658,0.13746492564678192,0.1316530406475067,0.004458514973521233,0.13172851502895355,0.1316530406475067,0.004458516836166382,0.13172851502895355,0.13165283203125,0.004458427429199219,0.13172830641269684,False,False,1.6377000138163567,1.1921999976038933,0.0,1.0,1.0,0.0,1.0,1389.2510986328125,626.5598754882812,1389.2510986328125,626.5598754882812,False,False,-0.0025564866362889674,-0.7179460699702639,0.11290408038993627,False,,False,timeout
524,1787624598.994862,31.785770600661635,0.061432099901139736,16.27813474729434,True,428,0.015147199854254723,0.08079629950225353,12.376804459616476,False,False,False,,11.510367393493652,2.4312267303466797,13.568507194519043,5.558809757232666,,,3.7440240383148193,True,0.132048566,0.749402418931,0,1.0,1.0,1.4142135381698608,0.132048562169075,0.132048562169075,0.18674486875534058,0.132048562169075,0.132048562169075,0.18674486875534058,0.13194939494132996,0.10007478296756744,0.1656067818403244,0.13194939494132996,0.10007478296756744,0.1656067818403244,0.13194942474365234,0.10007476806640625,0.1656067967414856,False,False,2.164800651371479,1.7542000859975815,0.0,1.0,1.0,0.0,1.0,1389.4151611328125,645.4432373046875,1389.4151611328125,645.4432373046875,False,False,-0.008272945215155625,-0.7254288742432952,0.11303789185932107,False,,False,timeout
525,1787624599.0553374,31.847395600751042,0.06162500008940697,16.2271805038406,True,429,0.0058869002386927605,0.07039240002632141,14.20607906004165,False,False,False,,11.642316818237305,2.531301498413086,13.567728042602539,5.768049240112305,,,3.7661311626434326,True,0.132048566,0.749402418931,0,1.0,0.5586593151092529,1.1454694271087646,0.132048562169075,0.07377015799283981,0.15125758945941925,0.132048562169075,0.07377015799283981,0.15125758945941925,0.13202372193336487,0.08036202937364578,0.154558464884758,0.13202372193336487,0.08036202937364578,0.154558464884758,0.13202381134033203,0.08036208152770996,0.15455856919288635,False,False,1.7477991059422493,1.192399300634861,0.0,1.0,1.0,0.0,1.0,1389.33544921875,667.3715209960938,1389.33544921875,667.3715209960938,False,False,-0.014992943809829764,-0.734008146147804,0.11292534594110083,False,,False,timeout
526,1787624599.1167736,31.908787400461733,0.061391799710690975,16.288820407815095,False,,,,,False,False,False,,11.774340629577637,2.611663579940796,13.567734718322754,5.94521427154541,,,3.7853431701660156,True,0.132048566,0.749402418931,0,1.0,1.0,1.4142135381698608,0.132048562169075,0.132048562169075,0.18674486875534058,0.132048562169075,0.132048562169075,0.18674486875534058,0.13204234838485718,0.1190960481762886,0.1778174638748169,0.13204234838485718,0.1190960481762886,0.1778174638748169,0.13204193115234375,0.11909604072570801,0.17781715095043182,False,False,2.544799819588661,1.8178001046180725,0.0,1.0,1.0,0.0,1.0,1389.3360595703125,685.9384155273438,1389.3360595703125,685.9384155273438,False,False,-0.02063677038221508,-0.7412673620512253,0.11290832538399914,False,,False,timeout
527,1787624599.180151,31.970044700428843,0.06125729996711016,16.32458499700302,True,430,0.05721750017255545,0.0708896005526185,14.106441455509968,False,False,False,,11.90638256072998,2.730759620666504,13.567466735839844,6.149534702301025,,,3.800950288772583,True,0.132048566,0.749402418931,0,1.0,1.0,1.4142135381698608,0.132048562169075,0.132048562169075,0.18674486875534058,0.132048562169075,0.132048562169075,0.18674486875534058,0.1320468932390213,0.12880268692970276,0.1844627559185028,0.1320468932390213,0.12880268692970276,0.1844627559185028,0.13204669952392578,0.12880277633666992,0.18446269631385803,False,False,2.488299272954464,1.3981005176901817,0.0,1.0,1.0,0.0,1.0,1389.30859375,707.3511962890625,1389.30859375,707.3511962890625,False,False,-0.027134435003169494,-0.7496024790344721,0.11284585810252952,False,,False,timeout
528,1787624599.243537,32.03123040031642,0.06118569988757372,16.343688179386035,True,431,0.049722399562597275,0.07164679933339357,13.957357611282909,False,False,False,,12.038429260253906,2.859562397003174,13.56566333770752,6.348392009735107,,,3.8084611892700195,True,0.132048566,0.749402418931,0,1.0,1.0,1.4142135381698608,0.132048562169075,0.132048562169075,0.18674486875534058,0.132048562169075,0.132048562169075,0.18674486875534058,0.1320480853319168,0.13123516738414764,0.18617025017738342,0.1320480853319168,0.13123516738414764,0.18617025017738342,0.1320476531982422,0.13123512268066406,0.18616992235183716,False,False,3.0056992545723915,2.031799405813217,0.0,1.0,1.0,0.0,1.0,1389.1239013671875,728.1914672851562,1389.1239013671875,728.1914672851562,False,False,-0.03349647714294573,-0.757638907147316,0.11292542055514741,False,,False,timeout
529,1787624599.3064203,32.09311190061271,0.06188150029629469,16.159918476635212,True,432,0.04034989979118109,0.06833980046212673,14.632761483612914,False,False,False,,12.170476913452148,2.990797519683838,13.566985130310059,6.552401542663574,,,3.825605630874634,True,0.132048566,0.749402418931,0,0.20391952991485596,0.9854466915130615,1.0063241720199585,0.02692728117108345,0.13012681901454926,0.13288366794586182,0.02692728117108345,0.13012681901454926,0.13288366794586182,0.053270187228918076,0.1304045468568802,0.14086540043354034,0.053270190954208374,0.1304045468568802,0.14086540043354034,0.05327033996582031,0.13040447235107422,0.14086538553237915,False,False,2.6162005960941315,2.050400711596012,0.0,1.0,1.0,0.0,1.0,1389.25927734375,749.5716552734375,1389.25927734375,749.5716552734375,False,False,-0.039875191634350104,-0.7659498908633112,0.1129781335116846,False,,False,timeout
530,1787624599.3627076,32.15455670002848,0.06144479941576719,16.274770354989435,True,433,0.031665499322116375,0.07126490026712418,14.032153223419561,False,False,False,,12.223747253417969,3.121201992034912,13.567370414733887,6.733485221862793,,,3.8540775775909424,True,0.132048566,0.749402418931,0,0.8045903444290161,1.0,1.2834974527359009,0.1062449961900711,0.132048562169075,0.1694839894771576,0.1062449961900711,0.132048562169075,0.1694839894771576,0.09296967089176178,0.13163655996322632,0.16115689277648926,0.09296967089176178,0.13163655996322632,0.16115689277648926,0.09296989440917969,0.1316366195678711,0.1611570566892624,False,False,1.9474998116493225,1.3204999268054962,0.0,1.0,1.0,0.0,1.0,1389.2987060546875,768.5491943359375,1389.2987060546875,768.5491943359375,False,False,-0.04554876066000543,-0.7732780178238664,0.11295289028279103,False,,False,timeout
531,1787624599.4235976,32.21650000009686,0.06194330006837845,16.14379600208759,True,434,0.023958799429237843,0.07011919934302568,14.261429242909113,False,False,False,,12.316717147827148,3.252838611602783,13.567072868347168,6.942121505737305,,,3.895407199859619,True,0.132048566,0.749402418931,0,0.8181967735290527,0.784163236618042,1.1332951784133911,0.10804171115159988,0.10354762524366379,0.14965000748634338,0.10804171115159988,0.10354762524366379,0.14965000748634338,0.1042647510766983,0.11058665812015533,0.15198864042758942,0.1042647510766983,0.11058665812015533,0.15198864042758942,0.10426521301269531,0.11058664321899414,0.1519889533519745,False,False,1.620299182832241,0.9901998564600945,0.0,1.0,1.0,0.0,1.0,1389.2681884765625,790.414306640625,1389.2681884765625,790.414306640625,False,False,-0.05209204937255217,-0.7816696086911279,0.11300621278304361,False,,False,timeout
532,1787624599.4859993,32.27797040063888,0.0614704005420208,16.267992256149462,True,435,0.013601000420749187,0.06965370010584593,14.356739103312496,False,False,False,,12.420982360839844,3.3634252548217773,13.566375732421875,7.143055438995361,,,3.949370861053467,True,0.132048566,0.749402418931,0,1.0,1.0,1.4142135381698608,0.132048562169075,0.132048562169075,0.18674486875534058,0.132048562169075,0.132048562169075,0.18674486875534058,0.12508611381053925,0.1266702562570572,0.17802216112613678,0.12508611381053925,0.1266702562570572,0.17802216112613678,0.12508583068847656,0.12667036056518555,0.17802204191684723,False,False,1.8386999145150185,1.1801999062299728,0.0,0.5,0.5,0.0,1.0,1389.1968994140625,780.0322265625,1389.1968994140625,780.0322265625,False,False,-0.05838701127992548,-0.789709723337957,0.11295269822780699,False,,False,timeout
533,1787624599.5475,32.33940440043807,0.06143399979919195,16.277631332302622,True,436,0.0006063003093004227,0.07183399982750416,13.920984525451903,False,False,False,,12.54606819152832,3.490095615386963,13.567914009094238,7.317058086395264,,,3.961036443710327,True,0.132048566,0.749402418931,0,-0.32495760917663574,1.0,1.0514739751815796,-0.04291018471121788,0.132048562169075,0.13884562253952026,-0.04291018471121788,0.132048562169075,0.13884562253952026,-0.0008107908070087433,0.13070079684257507,0.13070331513881683,-0.0008107870817184448,0.13070079684257507,0.13070331513881683,-0.0008106231689453125,0.13070082664489746,0.13070334494113922,False,False,1.8450003117322922,1.7454000189900398,-1.0,1.0,1.4142135381698608,0.0,0.5,1327.914306640625,829.7077026367188,1327.914306640625,829.7077026367188,False,False,-0.06373679167575837,-0.7967138091594803,0.11297921009281647,False,,False,timeout
534,1787624599.6109967,32.40083240065724,0.06142800021916628,16.27922114397577,False,,,,,False,False,False,,12.545257568359375,3.6207964420318604,13.5443696975708,7.413017272949219,,,3.9216277599334717,True,0.132048566,0.749402418931,0,1.0,1.0,1.4142135381698608,0.132048562169075,0.132048562169075,0.18674486875534058,0.132048562169075,0.132048562169075,0.18674486875534058,0.09875436872243881,0.13171081244945526,0.1646212786436081,0.09875436872243881,0.13171081244945526,0.1646212786436081,0.0987539291381836,0.13171076774597168,0.16462098062038422,False,False,2.958199940621853,3.5356003791093826,-1.0,1.0,1.4142135381698608,-1.0,1.0,1325.50341796875,839.7642822265625,1325.50341796875,839.7642822265625,False,False,-0.06762845762008791,-0.7998317216375352,0.11278241280721331,False,,False,timeout
535,1787624599.6724508,32.462322800420225,0.06149039976298809,16.2627012322973,True,437,0.05668650008738041,0.07443520054221153,13.434504007722918,False,False,False,,12.644011497497559,3.752507209777832,13.297219276428223,7.63847541809082,,,3.940485954284668,True,0.132048566,0.749402418931,0,0.6040379405021667,1.0,1.1682729721069336,0.07976233959197998,0.132048562169075,0.1542687714099884,0.07976233959197998,0.132048562169075,0.1542687714099884,0.08452158421278,0.13196390867233276,0.15671110153198242,0.08452158421278,0.13196390867233276,0.15671110153198242,0.08452129364013672,0.13196396827697754,0.15671101212501526,False,False,2.2502997890114784,1.9971998408436775,-1.0,1.0,1.4142135381698608,-1.0,1.0,1300.1951904296875,863.3922729492188,1300.1951904296875,863.3922729492188,False,False,-0.08417034444556704,-0.8013615619811351,0.11286403815285195,False,,False,timeout
536,1787624599.736305,32.524029600434005,0.061706800013780594,16.205669387760768,True,438,0.05513069964945316,0.06724669970571995,14.870618251544334,False,False,False,,12.728532791137695,3.8844711780548096,13.095254898071289,7.843307971954346,,,3.975785970687866,True,0.132048566,0.749402418931,0,1.0,1.0,1.4142135381698608,0.132048562169075,0.132048562169075,0.18674486875534058,0.132048562169075,0.132048562169075,0.18674486875534058,0.12013833969831467,0.13202735781669617,0.17850615084171295,0.12013833969831467,0.13202735781669617,0.17850615084171295,0.12013816833496094,0.13202738761901855,0.1785060614347458,False,False,2.9218001291155815,2.0089000463485718,-0.5,1.0,1.1180340051651,-1.0,1.0,1310.234130859375,884.8587036132812,1310.234130859375,884.8587036132812,False,False,-0.09824224334749856,-0.8034204568095822,0.11305693626521152,False,,False,timeout
537,1787624599.7853858,32.57524050027132,0.05121089983731508,19.527092927028495,True,439,0.03549230005592108,0.06283830013126135,15.913861417497372,False,False,False,,12.848670959472656,4.016498565673828,12.945894241333008,7.9966912269592285,,,3.981379985809326,True,0.132048566,0.749402418931,0,0.1804662048816681,1.0,1.0161535739898682,0.02383030205965042,0.132048562169075,0.13418161869049072,0.02383030205965042,0.132048562169075,0.13418161869049072,0.04796481877565384,0.1320432424545288,0.140485018491745,0.04796481877565384,0.1320432424545288,0.140485018491745,0.047965049743652344,0.13204336166381836,0.14048521220684052,False,False,2.460000105202198,1.3645002618432045,-1.0,1.0,1.4142135381698608,-0.5,1.0,1264.219482421875,900.9332275390625,1264.219482421875,900.9332275390625,False,False,-0.10865866775312347,-0.805011212926253,0.11293205790507539,False,,False,timeout
538,1787624599.8429997,32.631772900000215,0.056532399728894234,17.688971365015146,True,440,0.01991839986294508,0.07087980024516582,14.108391904902447,False,False,False,,12.896636009216309,4.1485419273376465,12.850534439086914,8.184127807617188,,,4.035849094390869,True,0.132048566,0.749402418931,0,-0.7062075138092041,1.0,1.2242258787155151,-0.09325368702411652,0.132048562169075,0.16165725886821747,-0.09325368702411652,0.132048562169075,0.16165725886821747,-0.05786461383104324,0.13204725086688995,0.14416931569576263,-0.05786461383104324,0.13204725086688995,0.14416931569576263,-0.05786418914794922,0.13204717636108398,0.14416907727718353,False,False,2.603699453175068,1.832299865782261,-0.5,0.5,0.7071067690849304,-1.0,1.0,1285.1746826171875,889.1365966796875,1285.1746826171875,889.1365966796875,False,False,-0.11799625514525827,-0.8095518576218921,0.11316781383393801,False,,False,timeout
539,1787624599.901796,32.69275060016662,0.06097770016640425,16.399437782518262,True,441,0.011615400202572346,0.07207740005105734,13.873974356617078,False,False,False,,12.83877182006836,4.2805891036987305,12.646867752075195,8.379690170288086,,,4.103590488433838,True,0.132048566,0.749402418931,0,-1.0,1.0,1.4142135381698608,-0.132048562169075,0.132048562169075,0.18674486875534058,-0.132048562169075,0.132048562169075,0.18674486875534058,-0.11345813423395157,0.13204820454120636,0.17409616708755493,-0.11345813423395157,0.13204820454120636,0.17409616708755493,-0.11345767974853516,0.1320481300354004,0.17409580945968628,False,False,1.9300999119877815,1.7683999612927437,-1.0,0.5,1.1180340051651,-0.5,0.5,1233.5992431640625,909.6315307617188,1233.5992431640625,909.6315307617188,False,False,-0.13167149782388096,-0.81116061680916,0.11282249332212328,False,,False,timeout
540,1787624599.959761,32.7537060007453,0.060955400578677654,16.40543726243352,False,,,,,False,False,False,,12.725314140319824,4.412637233734131,12.562344551086426,8.449845314025879,,,4.040496349334717,True,0.132048566,0.749402418931,0,-1.0,1.0,1.4142135381698608,-0.132048562169075,0.132048562169075,0.18674486875534058,-0.132048562169075,0.132048562169075,0.18674486875534058,-0.12738972902297974,0.13204845786094666,0.18348006904125214,-0.12738972902297974,0.13204845786094666,0.18348006904125214,-0.12738990783691406,0.1320486068725586,0.18348030745983124,False,False,1.5404997393488884,0.9570000693202019,-1.0,0.5,1.1180340051651,-1.0,0.5,1224.9439697265625,916.9837646484375,1224.9439697265625,916.9837646484375,False,False,-0.13699647625497713,-0.8113941235700368,0.11292568976888377,False,,False,timeout
541,1787624600.0251231,32.81493999995291,0.06123399920761585,16.330796827583768,False,,,,,False,False,False,,12.59792423248291,4.5446858406066895,12.337491989135742,8.551568984985352,,,4.015337944030762,True,0.132048566,0.749402418931,0,-1.0,1.0,1.4142135381698608,-0.132048562169075,0.132048562169075,0.18674486875534058,-0.132048562169075,0.132048562169075,0.18674486875534058,-0.13088110089302063,0.1320485770702362,0.18592119216918945,-0.13088110089302063,0.1320485770702362,0.18592119216918945,-0.13088130950927734,0.1320486068725586,0.18592135608196259,False,False,3.5416996106505394,2.5100000202655792,-1.0,0.0,1.0,-1.0,0.5,1201.919189453125,896.2044067382812,1201.919189453125,896.2044067382812,False,False,-0.14858271822844993,-0.8086885596057877,0.1127774208982073,False,,False,timeout
542,1787624600.0858014,32.87667779996991,0.061737800016999245,16.197532139542616,True,442,0.056406899355351925,0.0692794993519783,14.434284447112487,False,False,False,,12.467042922973633,4.676734447479248,12.128490447998047,8.641626358032227,,,3.9793195724487305,True,0.132048566,0.749402418931,0,-1.0,1.0,1.4142135381698608,-0.132048562169075,0.132048562169075,0.18674486875534058,-0.132048562169075,0.132048562169075,0.18674486875534058,-0.1317560374736786,0.1320485770702362,0.18653814494609833,-0.1317560374736786,0.1320485770702362,0.18653814494609833,-0.13175582885742188,0.1320486068725586,0.18653801083564758,False,False,2.0233001559972763,1.5839999541640282,-1.0,0.0,1.0,-1.0,0.0,1180.5174560546875,905.6424560546875,1180.5174560546875,905.6424560546875,False,False,-0.15918066000013775,-0.8060067713071413,0.11302850440402253,False,,False,timeout
543,1787624600.150111,32.937890000641346,0.0612122006714344,16.336612456847433,True,443,0.045868500135838985,0.13950899988412857,7.167996335939373,False,False,False,,12.335287094116211,4.808783054351807,11.942597389221191,8.618739128112793,,,3.830139636993408,True,0.132048566,0.749402418931,0,-1.0,1.0,1.4142135381698608,-0.132048562169075,0.132048562169075,0.18674486875534058,-0.132048562169075,0.132048562169075,0.18674486875534058,-0.1319752037525177,0.1320485770702362,0.186693012714386,-0.1319752037525177,0.1320485770702362,0.186693012714386,-0.1319751739501953,0.1320486068725586,0.1866929978132248,False,False,2.360300160944462,2.1220995113253593,-1.0,0.0,1.0,-1.0,0.0,1161.48193359375,903.2438354492188,1161.48193359375,903.2438354492188,False,False,-0.16553177270627756,-0.7995981488725581,0.1126818002473572,False,,False,timeout
544,1787624600.2112029,32.99994720052928,0.06205719988793135,16.11416566983191,True,444,0.035941099748015404,0.07138520013540983,14.008505938249252,False,False,False,,12.203311920166016,4.940831661224365,11.72850513458252,8.62132740020752,,,3.71099591255188,True,0.132048566,0.749402418931,0,-1.0,1.0,1.4142135381698608,-0.132048562169075,0.132048562169075,0.18674486875534058,-0.132048562169075,0.132048562169075,0.18674486875534058,-0.1320301592350006,0.1320485770702362,0.18673187494277954,-0.1320301592350006,0.1320485770702362,0.18673187494277954,-0.13203048706054688,0.1320486068725586,0.18673211336135864,False,False,2.3959996178746223,2.041500061750412,-1.0,0.0,1.0,-1.0,0.0,1139.558837890625,903.51513671875,1139.558837890625,903.51513671875,False,False,-0.1736911266001989,-0.7933614866035691,0.11306682331012304,False,,False,timeout
545,1787624600.268581,33.06147960014641,0.061532399617135525,16.251600883797163,True,445,0.02657459955662489,0.07197580020874739,13.893558628035478,False,False,False,,12.071281433105469,5.072880268096924,11.523469924926758,8.621058464050293,,,3.5902180671691895,True,0.132048566,0.749402418931,0,-1.0,1.0,1.4142135381698608,-0.132048562169075,0.132048562169075,0.18674486875534058,-0.132048562169075,0.132048562169075,0.18674486875534058,-0.13204403221607208,0.1320485770702362,0.1867416799068451,-0.13204403221607208,0.1320485770702362,0.1867416799068451,-0.13204383850097656,0.1320486068725586,0.18674156069755554,False,False,1.5910007059574127,0.9781001135706902,-1.0,0.0,1.0,-1.0,0.0,1118.563232421875,903.4869384765625,1118.563232421875,903.4869384765625,False,False,-0.1814102759130095,-0.787291821997947,0.1129147168642075,False,,False,timeout
546,1787624600.330097,33.12302220053971,0.06154260039329529,16.248907157146128,True,446,0.018321599811315536,0.07090819999575615,14.102741291696164,False,False,False,,11.939237594604492,5.204928874969482,11.342047691345215,8.620416641235352,,,3.467303514480591,False,0.132048566,0.749402418931,0,-1.0,1.0,1.4142135381698608,-0.132048562169075,0.132048562169075,0.18674486875534058,-0.132048562169075,0.132048562169075,0.18674486875534058,-0.1320473700761795,0.1320485770702362,0.18674403429031372,-0.1320473700761795,0.1320485770702362,0.18674403429031372,-0.1320476531982422,0.1320486068725586,0.18674425780773163,False,False,1.6794996336102486,1.188499853014946,-1.0,0.0,1.0,-1.0,0.0,1099.9857177734375,903.4196166992188,1099.9857177734375,903.4196166992188,False,False,-0.18821749238660737,-0.7819141227382953,0.11297353492723627,False,,False,timeout
547,1787624600.3946016,33.184489300474524,0.06146709993481636,16.268865800736716,True,447,0.015187599696218967,0.06978750042617321,14.329213596894473,False,False,False,,11.80718994140625,5.336977481842041,11.12798023223877,8.619596481323242,,,3.3521504402160645,False,0.132048566,0.749402418931,0,-1.0,1.0,1.4142135381698608,-0.132048562169075,0.132048562169075,0.18674486875534058,-0.132048562169075,0.132048562169075,0.18674486875534058,-0.1320483237504959,0.1320485770702362,0.18674470484256744,-0.1320483237504959,0.1320485770702362,0.18674470484256744,-0.1320486068725586,0.1320486068725586,0.18674492835998535,False,False,1.9899001345038414,1.7737997695803642,-1.0,0.0,1.0,-1.0,0.0,1078.0650634765625,903.3336791992188,1078.0650634765625,903.3336791992188,False,False,-0.1962343889498087,-0.7755767920241748,0.11292092060186254,False,,False,timeout
548,1787624600.455997,33.24590890016407,0.06141959968954325,16.281447698368034,True,448,0.007140999659895897,0.06460659950971603,15.478294904680943,False,False,False,,11.675141334533691,5.4690260887146,10.922717094421387,8.618670463562012,,,3.238271474838257,False,0.132048566,0.749402418931,0,-1.0,1.0,1.4142135381698608,-0.132048562169075,0.132048562169075,0.18674486875534058,-0.132048562169075,0.132048562169075,0.18674486875534058,-0.1320485770702362,0.1320485770702362,0.18674488365650177,-0.1320485770702362,0.1320485770702362,0.18674488365650177,-0.1320486068725586,0.1320486068725586,0.18674492835998535,False,False,2.452700398862362,1.7628995701670647,-1.0,0.0,1.0,-1.0,0.0,1057.0462646484375,903.2366333007812,1057.0462646484375,903.2366333007812,False,False,-0.20390401962634877,-0.7695052960699477,0.112982721681858,False,,False,timeout
549,1787624600.5165315,33.30742660071701,0.06151770055294037,16.25548404787056,False,,,,,False,False,False,,11.543092727661133,5.601074695587158,10.743368148803711,8.617938041687012,,,3.121061325073242,False,0.132048566,0.749402418931,0,-1.0,1.0,1.4142135381698608,-0.132048562169075,0.132048562169075,0.18674486875534058,-0.132048562169075,0.132048562169075,0.18674486875534058,-0.1320485770702362,0.1320485770702362,0.18674488365650177,-0.1320485770702362,0.1320485770702362,0.18674488365650177,-0.1320486068725586,0.1320486068725586,0.18674492835998535,False,False,2.739500254392624,1.8317000940442085,-1.0,0.0,1.0,-1.0,0.0,1038.680908203125,903.1598510742188,1038.680908203125,903.1598510742188,False,False,-0.21059676571125527,-0.7642118739438263,0.11290317748944924,False,,False,timeout
550,1787624600.5806642,33.36903840024024,0.06161179952323437,16.23065723998032,True,449,0.0589753994718194,0.06946349982172251,14.396049760903088,False,False,False,,11.411044120788574,5.733123302459717,10.53360366821289,8.619255065917969,,,3.016564130783081,False,0.132048566,0.749402418931,0,-1.0,0.9314109086990356,1.3665746450424194,-0.132048562169075,0.12299147248268127,0.18045420944690704,-0.132048562169075,0.12299147248268127,0.18045420944690704,-0.1320485770702362,0.12526115775108337,0.1820087432861328,-0.1320485770702362,0.12526115775108337,0.1820087432861328,-0.1320486068725586,0.1252613067626953,0.18200887739658356,False,False,3.18090058863163,1.9460003823041916,-1.0,0.0,1.0,-1.0,0.0,1017.2009887695312,903.2979736328125,1017.2009887695312,903.2979736328125,False,False,-0.2184747725648793,-0.7581162854491168,0.11294248458029937,False,,False,timeout
551,1787624600.6409907,33.43074810039252,0.061709700152277946,16.20490777839383,True,450,0.05570110026746988,0.07159790024161339,13.966890043219317,False,False,False,,11.278995513916016,5.858384609222412,10.3274507522583,8.619121551513672,,,2.9201207160949707,False,0.132048566,0.749402418931,0,-1.0,0.09329211711883545,1.0043423175811768,-0.132048562169075,0.012319089844822884,0.13262195885181427,-0.132048562169075,0.012319089844822884,0.13262195885181427,-0.1320485770702362,0.04062213376164436,0.13815565407276154,-0.1320485770702362,0.040622130036354065,0.13815565407276154,-0.1320486068725586,0.04062223434448242,0.1381557136774063,False,False,2.732899971306324,1.681700348854065,-1.0,0.0,1.0,-1.0,0.0,996.0908813476562,903.2839965820312,996.0908813476562,903.2839965820312,False,False,-0.22616212795876492,-0.7520801513544809,0.11297529959594176,False,,False,timeout
552,1787624600.7032998,33.49210300017148,0.061354899778962135,16.298616795115166,True,451,0.04372019972652197,0.06467899959534407,15.460968881033608,False,False,False,,11.146946907043457,5.8990068435668945,10.123329162597656,8.617778778076172,,,2.9050841331481934,False,0.132048566,0.749402418931,0,-0.799614429473877,1.0,1.2803840637207031,-0.10558793693780899,0.132048562169075,0.16907286643981934,-0.10558793693780899,0.132048562169075,0.16907286643981934,-0.11221891641616821,0.10913734138011932,0.15653766691684723,-0.11221891641616821,0.10913734138011932,0.15653766691684723,-0.11221885681152344,0.10913753509521484,0.15653777122497559,False,False,2.6253005489706993,1.4386000111699104,-1.0,0.0,1.0,-1.0,0.0,975.1888427734375,903.1432495117188,975.1888427734375,903.1432495117188,False,False,-0.23372578676887015,-0.7460661654346206,0.11293187869428012,False,,False,timeout
553,1787624600.7656543,33.55336800031364,0.06126500014215708,16.322533219287298,True,452,0.03408209979534149,0.07333760056644678,13.635570188773224,False,False,False,,11.034728050231934,6.008144378662109,9.93922233581543,8.618597984313965,,,2.8310070037841797,False,0.132048566,0.749402418931,0,-1.0,1.0,1.4142135381698608,-0.132048562169075,0.132048562169075,0.18674486875534058,-0.132048562169075,0.132048562169075,0.18674486875534058,-0.12707927823066711,0.12630711495876312,0.1791720688343048,-0.12707927823066711,0.12630711495876312,0.1791720688343048,-0.12707901000976562,0.12630701065063477,0.17917180061340332,False,False,2.8297007083892822,1.4340002089738846,-1.0,0.0,1.0,-1.0,0.0,956.3363037109375,903.2291259765625,956.3363037109375,903.2291259765625,False,False,-0.24059507372931016,-0.7407305218918835,0.11297115680482958,False,,False,timeout
554,1787624600.8234565,33.615391900762916,0.06202390044927597,16.122817055302967,True,453,0.028524200432002544,0.07090150006115437,14.10407394959873,False,False,False,,10.907649040222168,6.134451389312744,9.725898742675781,8.619911193847656,,,2.7520980834960938,False,0.132048566,0.749402418931,0,-1.0,1.0,1.4142135381698608,-0.132048562169075,0.132048562169075,0.18674486875534058,-0.132048562169075,0.132048562169075,0.18674486875534058,-0.1308031976222992,0.13060973584651947,0.1848469078540802,-0.1308031976222992,0.13060973584651947,0.1848469078540802,-0.13080310821533203,0.13060951232910156,0.1848466843366623,False,False,1.6026003286242485,0.9567001834511757,-1.0,0.0,1.0,-1.0,0.0,934.4920043945312,903.36669921875,934.4920043945312,903.36669921875,False,False,-0.24855147977567155,-0.7345728948845155,0.11300076123282382,False,,False,timeout
555,1787624600.8849154,33.676908399909735,0.061516499146819115,16.255801514539012,True,454,0.019291899167001247,0.06758719962090254,14.79570104411801,False,False,False,,10.776845932006836,6.265060901641846,9.522834777832031,8.618696212768555,,,2.6668601036071777,False,0.132048566,0.749402418931,0,-1.0,1.0,1.4142135381698608,-0.132048562169075,0.132048562169075,0.18674486875534058,-0.132048562169075,0.132048562169075,0.18674486875534058,-0.13173645734786987,0.1316879391670227,0.18626917898654938,-0.13173645734786987,0.1316879391670227,0.18626917898654938,-0.13173675537109375,0.13168811798095703,0.18626952171325684,False,False,1.6391994431614876,1.2237001210451126,-1.0,0.0,1.0,-1.0,0.0,913.6982421875,903.2393798828125,913.6982421875,903.2393798828125,False,False,-0.25604145701872344,-0.7286246857505714,0.11296904651661623,False,,False,timeout
556,1787624600.945249,33.73853210080415,0.06162370089441538,16.227522616880425,True,455,0.005963100120425224,0.0707422997802496,14.135814118375439,False,False,False,,10.645109176635742,6.396749019622803,9.339591026306152,8.618866920471191,,,2.5772438049316406,False,0.132048566,0.749402418931,0,-1.0,1.0,1.4142135381698608,-0.132048562169075,0.132048562169075,0.18674486875534058,-0.132048562169075,0.132048562169075,0.18674486875534058,-0.13197042047977448,0.1319582313299179,0.18662574887275696,-0.13197042047977448,0.1319582313299179,0.18662574887275696,-0.13197040557861328,0.1319580078125,0.18662557005882263,False,False,1.7862999811768532,0.9751999750733376,-1.0,0.0,1.0,-1.0,0.0,894.9341430664062,903.2572021484375,894.9341430664062,903.2572021484375,False,False,-0.26282564099583094,-0.7233156428007771,0.11301054078270027,False,,False,timeout
557,1787624601.009749,33.79989630077034,0.061364199966192245,16.296146622149987,True,456,4.310067743062973e-05,0.07496050000190735,13.340359255535319,False,False,False,,10.513138771057129,6.528707027435303,9.123763084411621,8.617985725402832,,,2.509073495864868,False,0.132048566,0.749402418931,0,-1.0,1.0,1.4142135381698608,-0.132048562169075,0.132048562169075,0.18674486875534058,-0.132048562169075,0.132048562169075,0.18674486875534058,-0.1320289671421051,0.13202586770057678,0.18671496212482452,-0.1320289671421051,0.13202586770057678,0.18671496212482452,-0.13202857971191406,0.13202571868896484,0.18671458959579468,False,False,2.191700041294098,1.840599812567234,-1.0,0.0,1.0,-1.0,0.0,872.8333129882812,903.1649169921875,872.8333129882812,903.1649169921875,False,False,-0.27077207186257435,-0.717030350508052,0.11290804719110012,False,,False,timeout
558,1787624601.0700228,33.86092730052769,0.06103099975734949,16.38511582598772,False,,,,,False,False,False,,10.381110191345215,6.660732746124268,8.944378852844238,8.618644714355469,,,2.4285008907318115,False,0.132048566,0.749402418931,0,-1.0,1.0,1.4142135381698608,-0.132048562169075,0.132048562169075,0.18674486875534058,-0.132048562169075,0.132048562169075,0.18674486875534058,-0.13204354047775269,0.13204282522201538,0.18673725426197052,-0.13204354047775269,0.13204282522201538,0.18673725426197052,-0.13204383850097656,0.13204288482666016,0.186737522482872,False,False,2.4677999317646027,2.0687999203801155,-1.0,0.0,1.0,-1.0,0.0,854.4642944335938,903.2340087890625,854.4642944335938,903.2340087890625,False,False,-0.2774051775145205,-0.7118697823194879,0.1129550355187478,False,,False,timeout
559,1787624601.1334717,33.92225840035826,0.06133109983056784,16.304941583675845,True,457,0.05290019977837801,0.06728500034660101,14.862153449487444,False,False,False,,10.249066352844238,6.792775630950928,8.736055374145508,8.617767333984375,,,2.3706109523773193,False,0.132048566,0.749402418931,0,-1.0,1.0,1.4142135381698608,-0.132048562169075,0.132048562169075,0.18674486875534058,-0.132048562169075,0.132048562169075,0.18674486875534058,-0.1320473700761795,0.1320471316576004,0.18674300611019135,-0.1320473700761795,0.1320471316576004,0.18674300611019135,-0.1320476531982422,0.13204717636108398,0.18674324452877045,False,False,2.183300442993641,2.0393002778291702,-1.0,0.0,1.0,-1.0,0.0,833.1320190429688,903.1419677734375,833.1320190429688,903.1419677734375,False,False,-0.28504945866830567,-0.7058217211419616,0.11294352108042147,False,,False,timeout
560,1787624601.1814027,33.97223240043968,0.049974000081419945,20.010405378211747,True,458,0.03586160019040108,0.06986670009791851,14.312970250469755,False,False,False,,10.117018699645996,6.924822807312012,8.556770324707031,8.618669509887695,,,2.302931070327759,False,0.132048566,0.749402418931,0,-1.0,0.7186108827590942,1.2314225435256958,-0.132048562169075,0.09489153325557709,0.1626075804233551,-0.132048562169075,0.09489153325557709,0.1626075804233551,-0.1320483237504959,0.10420264303684235,0.16821102797985077,-0.1320483237504959,0.10420264303684235,0.16821102797985077,-0.1320486068725586,0.1042027473449707,0.16821131110191345,False,False,2.407999709248543,1.326199620962143,-1.0,0.0,1.0,-1.0,0.0,814.7733154296875,903.2365112304688,814.7733154296875,903.2365112304688,False,False,-0.29166422750333976,-0.7006904593603168,0.11297750352591658,False,,False,timeout
561,1787624601.236821,34.02975600026548,0.057523599825799465,17.384169332731812,True,459,0.01982900034636259,0.06664879992604256,15.004021094298157,False,False,False,,9.984970092773438,7.029025554656982,8.378873825073242,8.61858081817627,,,2.259697198867798,False,0.132048566,0.749402418931,0,-1.0,1.0,1.4142135381698608,-0.132048562169075,0.132048562169075,0.18674486875534058,-0.132048562169075,0.132048562169075,0.18674486875534058,-0.1320485770702362,0.1250704675912857,0.18187756836414337,-0.1320485770702362,0.1250704675912857,0.18187756836414337,-0.1320486068725586,0.12507057189941406,0.18187765777111053,False,False,1.4744000509381294,0.9914003312587738,-1.0,0.0,1.0,-1.0,0.0,796.5567016601562,903.2272338867188,796.5567016601562,903.2272338867188,False,False,-0.29819029939765435,-0.6955677584998154,0.11297322049886858,False,,False,timeout
562,1787624601.2997825,34.09178620018065,0.06203019991517067,16.121179705491016,True,460,0.01196799986064434,0.07355330046266317,13.595582981454598,False,False,False,,9.852921485900879,7.1540961265563965,8.192697525024414,8.617507934570312,,,2.2131240367889404,False,0.132048566,0.749402418931,0,-1.0,1.0,1.4142135381698608,-0.132048562169075,0.132048562169075,0.18674486875534058,-0.132048562169075,0.132048562169075,0.18674486875534058,-0.1320485770702362,0.1302998960018158,0.1855124980211258,-0.1320485770702362,0.1302998960018158,0.1855124980211258,-0.1320486068725586,0.13030004501342773,0.18551263213157654,False,False,1.6864007338881493,1.2280000373721123,-1.0,0.0,1.0,-1.0,0.0,777.4922485351562,903.1148681640625,777.4922485351562,903.1148681640625,False,False,-0.30498231385394686,-0.6901761227671311,0.11292314648258388,False,,False,timeout
563,1787624601.363139,34.15303760021925,0.06125140003859997,16.32615743264335,True,461,0.008720800280570984,0.06988999992609024,14.30819861292768,False,False,False,,9.72087287902832,7.284396171569824,7.977750778198242,8.618432998657227,,,2.195023536682129,False,0.132048566,0.749402418931,0,-1.0,-0.9476306438446045,1.3776805400848389,-0.132048562169075,-0.12513326108455658,0.18192075192928314,-0.132048562169075,-0.12513326108455658,0.18192075192928314,-0.1320485770702362,-0.06112229451537132,0.14550863206386566,-0.1320485770702362,-0.06112229824066162,0.14550863206386566,-0.1320486068725586,-0.06112241744995117,0.14550870656967163,False,False,2.34880018979311,1.7804000526666641,-1.0,0.0,1.0,-1.0,0.0,755.481689453125,903.2117919921875,755.481689453125,903.2117919921875,False,False,-0.3128711896089666,-0.6840471175678839,0.11288797979399492,False,,False,timeout
564,1787624601.422464,34.21433060057461,0.06129300035536289,16.31507666784506,False,,,,,False,False,False,,9.588824272155762,7.223273754119873,7.777334690093994,8.618130683898926,,,2.286289691925049,False,0.132048566,0.749402418931,0,-1.0,1.0,1.4142135381698608,-0.132048562169075,0.132048562169075,0.18674486875534058,-0.132048562169075,0.132048562169075,0.18674486875534058,-0.1320485770702362,0.08364038169384003,0.156309112906456,-0.1320485770702362,0.08364038169384003,0.156309112906456,-0.1320486068725586,0.08364057540893555,0.15630924701690674,False,False,1.6922997310757637,2.0162006840109825,-1.0,0.0,1.0,-1.0,0.0,734.9591064453125,903.1800537109375,734.9591064453125,903.1800537109375,False,False,-0.3201815643966209,-0.6782963399637023,0.11295488029274772,False,,False,timeout
565,1787624601.4859378,34.27585260011256,0.061521999537944794,16.25434816017695,True,462,0.06069889944046736,0.06449689995497465,15.504621163158244,False,False,False,,9.456775665283203,7.306914329528809,7.597413063049316,8.617964744567871,,,2.2751004695892334,False,0.132048566,0.749402418931,0,-1.0,1.0,1.4142135381698608,-0.132048562169075,0.132048562169075,0.18674486875534058,-0.132048562169075,0.132048562169075,0.18674486875534058,-0.1320485770702362,0.11991763114929199,0.17837338149547577,-0.1320485770702362,0.11991763114929199,0.17837338149547577,-0.1320486068725586,0.1199178695678711,0.1783735752105713,False,False,2.7056001126766205,1.371299847960472,-1.0,0.0,1.0,-1.0,0.0,716.5350952148438,903.1627197265625,716.5350952148438,903.1627197265625,False,False,-0.32673695446750306,-0.6731459785207873,0.11297062903854468,False,,False,timeout
566,1787624601.5494187,34.33709410019219,0.061241500079631805,16.328796628098733,True,463,0.04953419975936413,0.07127629965543747,14.029909027743878,False,False,False,,9.324727058410645,7.42683219909668,7.381274700164795,8.618718147277832,,,2.2798244953155518,False,0.132048566,0.749402418931,0,-1.0,-0.3470045328140259,1.0584951639175415,-0.132048562169075,-0.045821450650691986,0.13977277278900146,-0.132048562169075,-0.045821450650691986,0.13977277278900146,-0.1320485770702362,-0.0042875781655311584,0.13211816549301147,-0.1320485770702362,-0.0042875781655311584,0.13211816549301147,-0.1320486068725586,-0.0042877197265625,0.13211819529533386,False,False,2.6214998215436935,2.099599689245224,-1.0,0.0,1.0,-1.0,0.0,694.4025268554688,903.24169921875,694.4025268554688,903.24169921875,False,False,-0.3346252038605476,-0.6670067159119266,0.11299655670752404,False,,False,timeout
567,1787624601.6091783,34.399048200808465,0.061954100616276264,16.140981630799192,True,464,0.03730130009353161,0.0719710998237133,13.894466007180792,False,False,False,,9.192678451538086,7.422544479370117,7.179806232452393,8.61850357055664,,,2.3413612842559814,False,0.132048566,0.749402418931,0,-1.0,0.031333208084106445,1.0004907846450806,-0.132048562169075,0.00413750484585762,0.13211336731910706,-0.132048562169075,0.00413750484585762,0.13211336731910706,-0.1320485770702362,0.002026163972914219,0.1320641189813614,-0.1320485770702362,0.002026163972914219,0.1320641189813614,-0.1320486068725586,0.002026081085205078,0.13206414878368378,False,False,2.960200421512127,1.6099000349640846,-1.0,0.0,1.0,-1.0,0.0,673.7721557617188,903.2191162109375,673.7721557617188,903.2191162109375,False,False,-0.3419400004611916,-0.661257933422161,0.11300266191087288,False,,False,timeout
568,1787624601.6706321,34.46042750030756,0.061379299499094486,16.292137710283786,True,465,0.03359919972717762,0.07418860029429197,13.479159817454319,False,False,False,,9.060629844665527,7.424570560455322,6.9731221199035645,8.618107795715332,,,2.4046247005462646,False,0.132048566,0.749402418931,0,-1.0,0.7368140816688538,1.2421332597732544,-0.132048562169075,0.09729523956775665,0.16402190923690796,-0.132048562169075,0.09729523956775665,0.16402190923690796,-0.1320485770702362,0.07342101633548737,0.15108762681484222,-0.1320485770702362,0.07342101633548737,0.15108762681484222,-0.1320486068725586,0.07342100143432617,0.1510876566171646,False,False,1.7623994499444962,1.4212001115083694,-1.0,0.0,1.0,-1.0,0.0,652.607666015625,903.177734375,652.607666015625,903.177734375,False,False,-0.34942658294833556,-0.6553633218384497,0.112932599023934,False,,False,timeout
569,1787624601.729887,34.52181390020996,0.061386399902403355,16.290253241595437,True,466,0.02406409941613674,0.06508130021393299,15.365396768546951,False,False,False,,8.928581237792969,7.497991561889648,6.78658390045166,8.619324684143066,,,2.417755365371704,False,0.132048566,0.749402418931,0,-1.0,1.0,1.4142135381698608,-0.132048562169075,0.132048562169075,0.18674486875534058,-0.132048562169075,0.132048562169075,0.18674486875534058,-0.1320485770702362,0.11735663563013077,0.17666183412075043,-0.1320485770702362,0.11735663563013077,0.17666183412075043,-0.1320486068725586,0.11735677719116211,0.17666195333003998,False,False,1.626499928534031,0.9570000693202019,-1.0,0.0,1.0,-1.0,0.0,633.5061645507812,903.3052978515625,633.5061645507812,903.3052978515625,False,False,-0.35621554866157223,-0.650114268583278,0.11302175890300323,False,,False,timeout
570,1787624601.7930052,34.58392680063844,0.06211290042847395,16.09971508497738,True,467,0.018226100131869316,0.0709204999729991,14.10029540655693,False,False,False,,8.79653263092041,7.6153483390808105,6.573664665222168,8.618685722351074,,,2.438816785812378,False,0.132048566,0.749402418931,0,-1.0,1.0,1.4142135381698608,-0.132048562169075,0.132048562169075,0.18674486875534058,-0.132048562169075,0.132048562169075,0.18674486875534058,-0.1320485770702362,0.12836682796478271,0.18415990471839905,-0.1320485770702362,0.12836682796478271,0.18415990471839905,-0.1320486068725586,0.12836694717407227,0.1841600090265274,False,False,1.8747001886367798,1.2349998578429222,-1.0,0.0,1.0,-1.0,0.0,611.7032470703125,903.23828125,611.7032470703125,903.23828125,False,False,-0.36389629321614014,-0.6440526484497646,0.1130547643278458,False,,False,timeout
571,1787624601.8544693,34.64536330010742,0.06143649946898222,16.276969043538614,True,468,0.008766800165176392,0.06794970016926527,14.716768396460356,False,False,False,,8.664484024047852,7.743715286254883,6.369174003601074,8.61868953704834,,,2.456425905227661,False,0.132048566,0.749402418931,0,-1.0,1.0,1.4142135381698608,-0.132048562169075,0.132048562169075,0.18674486875534058,-0.132048562169075,0.132048562169075,0.18674486875534058,-0.1320485770702362,0.13112595677375793,0.18609364330768585,-0.1320485770702362,0.13112595677375793,0.18609364330768585,-0.1320486068725586,0.13112592697143555,0.18609364330768585,False,False,1.8142005428671837,1.7451001331210136,-1.0,0.0,1.0,-1.0,0.0,590.763427734375,903.2386474609375,590.763427734375,903.2386474609375,False,False,-0.371277104358148,-0.6382654047257542,0.11297238080552753,False,,False,timeout
572,1787624601.915888,34.70675550028682,0.06139220017939806,16.288714153880075,True,469,0.0014626998454332352,0.07089299988001585,14.105765050039754,False,False,False,,8.532435417175293,7.874841213226318,6.1847243309021,8.617996215820312,,,2.4625244140625,False,0.132048566,0.749402418931,0,-1.0,1.0,1.4142135381698608,-0.132048562169075,0.132048562169075,0.18674486875534058,-0.132048562169075,0.132048562169075,0.18674486875534058,-0.1320485770702362,0.13181734085083008,0.18658144772052765,-0.1320485770702362,0.13181734085083008,0.18658144772052765,-0.1320486068725586,0.13181734085083008,0.18658146262168884,False,False,2.112800255417824,2.071400173008442,-1.0,0.0,1.0,-1.0,0.0,571.8757934570312,903.166015625,571.8757934570312,903.166015625,False,False,-0.3779049207116894,-0.6330261897434002,0.11296856007419372,False,,False,timeout
573,1787624601.9767497,34.768152200616896,0.0613967003300786,16.28752025147668,True,470,0.0017344998195767403,0.06869379989802837,14.55735454268707,False,False,False,,8.400386810302734,8.006658554077148,5.971500396728516,8.617956161499023,,,2.5046305656433105,False,0.132048566,0.749402418931,0,-1.0,0.7607972025871277,1.2565079927444458,-0.132048562169075,0.1004621759057045,0.16592007875442505,-0.132048562169075,0.1004621759057045,0.16592007875442505,-0.1320485770702362,0.10831969976425171,0.17079222202301025,-0.1320485770702362,0.10831969976425171,0.17079222202301025,-0.1320486068725586,0.10831928253173828,0.17079198360443115,False,False,2.1581007167696953,1.2771999463438988,-1.0,0.0,1.0,-1.0,0.0,550.0416870117188,903.1618041992188,550.0416870117188,903.1618041992188,False,False,-0.3855747247816843,-0.6270097145806509,0.11296982677625836,False,,False,timeout
574,1787624602.0404196,34.83015420008451,0.06200199946761131,16.128512121974087,False,,,,,False,False,False,,8.268338203430176,8.114977836608887,5.766733169555664,8.618569374084473,,,2.5517899990081787,False,0.132048566,0.749402418931,0,-1.0,1.0,1.4142135381698608,-0.132048562169075,0.132048562169075,0.18674486875534058,-0.132048562169075,0.132048562169075,0.18674486875534058,-0.1320485770702362,0.12610206007957458,0.18258848786354065,-0.1320485770702362,0.12610206007957458,0.18258848786354065,-0.1320486068725586,0.12610244750976562,0.18258878588676453,False,False,2.3652995005249977,3.7324000149965286,-1.0,-1.0,1.4142135381698608,-1.0,0.0,529.073486328125,840.3460083007812,529.073486328125,840.3460083007812,False,False,-0.3929451578090823,-0.6212676759186067,0.11296961947379179,False,,False,timeout
575,1787624602.1017344,34.89155110064894,0.061396900564432144,16.28746713281664,True,471,0.05827130004763603,0.061126699671149254,16.35946330130404,False,False,False,,8.136289596557617,8.241080284118652,5.586344242095947,8.607250213623047,,,2.5761020183563232,False,0.132048566,0.749402418931,0,-1.0,1.0,1.4142135381698608,-0.132048562169075,0.132048562169075,0.18674486875534058,-0.132048562169075,0.132048562169075,0.18674486875534058,-0.1320485770702362,0.13055847585201263,0.18569421768188477,-0.1320485770702362,0.13055847585201263,0.18569421768188477,-0.1320486068725586,0.13055801391601562,0.1856939196586609,False,False,2.549000084400177,1.4742007479071617,-1.0,-1.0,1.4142135381698608,-1.0,-1.0,510.6016540527344,839.1597900390625,510.6016540527344,839.1597900390625,False,False,-0.39910934757755057,-0.6157466269264802,0.113052510800363,False,,False,timeout
576,1787624602.153871,34.942572000436485,0.051020899787545204,19.599811139436465,True,472,0.03771950025111437,0.06717849988490343,14.885714949177114,False,False,False,,8.004240989685059,8.371638298034668,5.39836311340332,8.39353084564209,,,2.6059699058532715,False,0.132048566,0.749402418931,0,-1.0,1.0,1.4142135381698608,-0.132048562169075,0.132048562169075,0.18674486875534058,-0.132048562169075,0.132048562169075,0.18674486875534058,-0.1320485770702362,0.13167503476142883,0.18648093938827515,-0.1320485770702362,0.13167503476142883,0.18648093938827515,-0.1320486068725586,0.13167476654052734,0.18648077547550201,False,False,2.6676999405026436,1.5679001808166504,-1.0,-1.0,1.4142135381698608,-1.0,-1.0,491.3524169921875,816.7620849609375,491.3524169921875,816.7620849609375,False,False,-0.4001075585266618,-0.6019666625356829,0.11260122133710299,False,,False,timeout
577,1787624602.2079031,34.998771300539374,0.05619930010288954,17.793815904632307,True,473,0.02909350022673607,0.07126209978014231,14.032704664684287,False,False,False,,7.8721923828125,8.503313064575195,5.219245433807373,8.205232620239258,,,2.669640302658081,False,0.132048566,0.749402418931,0,-1.0,-0.9282606244087219,1.3644294738769531,-0.132048562169075,-0.12257548421621323,0.1801709532737732,-0.132048562169075,-0.12257548421621323,0.1801709532737732,-0.1320485770702362,-0.058860987424850464,0.14457331597805023,-0.1320485770702362,-0.058860987424850464,0.14457331597805023,-0.1320486068725586,-0.05886077880859375,0.14457325637340546,False,False,1.8222993239760399,1.0531991720199585,-1.0,-1.0,1.4142135381698608,-1.0,-1.0,473.0107421875,797.0283813476562,473.0107421875,797.0283813476562,False,False,-0.4014732043519586,-0.5894238994076175,0.11295550263811943,False,,False,timeout
578,1787624602.267252,35.0601858003065,0.06141449976712465,16.282799726316465,True,474,0.020710700191557407,0.06481820065528154,15.427765502443295,False,False,False,,7.740143775939941,8.444452285766602,5.009328842163086,8.004878997802734,,,2.7659671306610107,False,0.132048566,0.749402418931,0,-1.0,-0.40474721789360046,1.0788049697875977,-0.132048562169075,-0.05344628915190697,0.14245465397834778,-0.132048562169075,-0.05344628915190697,0.14245465397834778,-0.1320485770702362,-0.05480314791202545,0.1429692655801773,-0.1320485770702362,-0.05480314791202545,0.1429692655801773,-0.1320486068725586,-0.054802894592285156,0.14296919107437134,False,False,1.574300229549408,0.9707994759082794,-1.0,-1.0,1.4142135381698608,-1.0,-1.0,451.5152893066406,776.0313720703125,451.5152893066406,776.0313720703125,False,False,-0.40362309023752607,-0.5755133059327614,0.11273409540769427,False,,False,timeout
579,1787624602.3298244,35.12175010051578,0.06156430020928383,16.24317983962402,True,475,0.008698100224137306,0.06979999970644712,14.326647624722472,False,False,False,,7.608095169067383,8.389649391174316,4.825562000274658,7.822474956512451,,,2.839749574661255,False,0.132048566,0.749402418931,0,-1.0,-1.0,1.4142135381698608,-0.132048562169075,-0.132048562169075,0.18674486875534058,-0.132048562169075,-0.132048562169075,0.18674486875534058,-0.1320485770702362,-0.11269097775220871,0.17359746992588043,-0.1320485770702362,-0.11269097775220871,0.17359746992588043,-0.1320486068725586,-0.11269092559814453,0.17359745502471924,False,False,1.8587000668048859,1.7149997875094414,-1.0,-1.0,1.4142135381698608,-1.0,-1.0,432.69757080078125,756.9154052734375,432.69757080078125,756.9154052734375,False,False,-0.40531960160733127,-0.563034388468295,0.11294032127866464,False,,False,timeout
580,1787624602.392732,35.18363830074668,0.06188820023089647,16.158169025260644,False,,,,,False,False,False,,7.476046562194824,8.276958465576172,4.609263896942139,7.610414981842041,,,2.9432504177093506,False,0.132048566,0.749402418931,0,-0.5858993530273438,-0.9454550743103027,1.1122784614562988,-0.07736716419458389,-0.12484598159790039,0.14687477052211761,-0.07736716419458389,-0.12484598159790039,0.14687477052211761,-0.09107020497322083,-0.12179994583129883,0.15208224952220917,-0.09107020497322083,-0.12179994583129883,0.15208224952220917,-0.09107017517089844,-0.12179946899414062,0.15208184719085693,False,False,3.0639003962278366,2.414499409496784,-1.0,-1.0,1.4142135381698608,-1.0,-1.0,410.54864501953125,734.6915283203125,410.54864501953125,734.6915283203125,False,False,-0.40739069649945536,-0.5484280121624132,0.11286143740515872,False,,False,timeout
581,1787624602.4560993,35.24509250000119,0.06145419925451279,16.272281017908906,True,476,0.056662299670279026,0.0735817002132535,13.590335601131985,False,False,False,,7.384976387023926,8.155158996582031,4.403229713439941,7.4052510261535645,,,3.074601650238037,False,0.132048566,0.749402418931,0,-1.0,-1.0,1.4142135381698608,-0.132048562169075,-0.132048562169075,0.18674486875534058,-0.132048562169075,-0.132048562169075,0.18674486875534058,-0.12177947163581848,-0.12948015332221985,0.17775081098079681,-0.12177947163581848,-0.12948015332221985,0.17775081098079681,-0.1217794418334961,-0.12948036193847656,0.17775094509124756,False,False,3.254600800573826,1.5259003266692162,-1.0,-1.0,1.4142135381698608,-1.0,-1.0,389.4507141113281,713.1903076171875,389.4507141113281,713.1903076171875,False,False,-0.4092817729172851,-0.534361727810213,0.11294446041883613,False,,False,timeout
582,1787624602.5193121,35.30605880077928,0.060966300778090954,16.40250412502251,True,477,0.04836410004645586,0.07576350029557943,13.19896778922115,False,False,False,,7.26319694519043,8.025678634643555,4.2181830406188965,7.22220516204834,,,3.1492347717285156,False,0.132048566,0.749402418931,0,-1.0,-1.0,1.4142135381698608,-0.132048562169075,-0.132048562169075,0.18674486875534058,-0.132048562169075,-0.132048562169075,0.18674486875534058,-0.12947514653205872,-0.13140496611595154,0.1844751387834549,-0.12947514653205872,-0.13140496611595154,0.1844751387834549,-0.12947511672973633,-0.13140487670898438,0.18447506427764893,False,False,2.840300090610981,1.9992999732494354,-1.0,-1.0,1.4142135381698608,-1.0,-1.0,370.501953125,694.0071411132812,370.501953125,694.0071411132812,False,False,-0.4110158457432382,-0.52175676358993,0.11292689429138775,False,,False,timeout
583,1787624602.5786684,35.36754310037941,0.06148429960012436,16.26431473569193,True,478,0.03942409995943308,0.0688699996098876,14.520110435087485,False,False,False,,7.133721828460693,7.89427375793457,4.003434658050537,7.011851787567139,,,3.252286195755005,False,0.132048566,0.749402418931,0,-1.0,-1.0,1.4142135381698608,-0.132048562169075,-0.132048562169075,0.18674486875534058,-0.132048562169075,-0.132048562169075,0.18674486875534058,-0.13140365481376648,-0.1318872570991516,0.18617509305477142,-0.13140365481376648,-0.1318872570991516,0.18617509305477142,-0.13140344619750977,-0.13188743591308594,0.18617507815361023,False,False,3.1264005228877068,1.5219002962112427,-1.0,-1.0,1.4142135381698608,-1.0,-1.0,348.51171875,671.9620361328125,348.51171875,671.9620361328125,False,False,-0.41308749432435893,-0.5071886468946303,0.11289319514652296,False,,False,timeout
584,1787624602.638007,35.428754600696266,0.06121150031685829,16.336799373051626,True,479,0.03164849989116192,0.07042760029435158,14.19897875009951,False,False,False,,7.002318382263184,7.762386322021484,3.7976877689361572,6.809924125671387,,,3.3431782722473145,False,0.132048566,0.749402418931,0,-1.0,-0.7256675958633423,1.2355538606643677,-0.132048562169075,-0.09582336246967316,0.16315311193466187,-0.132048562169075,-0.09582336246967316,0.16315311193466187,-0.13188689947128296,-0.10486093163490295,0.16849322617053986,-0.13188689947128296,-0.10486093163490295,0.16849322617053986,-0.13188695907592773,-0.10486078262329102,0.16849318146705627,False,False,1.9597001373767853,1.6868002712726593,-1.0,-1.0,1.4142135381698608,-1.0,-1.0,327.4432373046875,650.800048828125,327.4432373046875,650.800048828125,False,False,-0.41506524230469866,-0.4931906599657647,0.11293766324550385,False,,False,timeout
585,1787624602.699239,35.49015239998698,0.06139779929071665,16.287228720772735,True,480,0.02430139947682619,0.06899189949035645,14.49445525325445,False,False,False,,6.870431423187256,7.657525539398193,3.611845016479492,6.623705863952637,,,3.4186501502990723,False,0.132048566,0.749402418931,0,-1.0,-0.46833163499832153,1.1042348146438599,-0.132048562169075,-0.06184251978993416,0.14581261575222015,-0.132048562169075,-0.06184251978993416,0.14581261575222015,-0.13200806081295013,-0.07262279093265533,0.15066584944725037,-0.13200806081295013,-0.07262279093265533,0.15066584944725037,-0.13200807571411133,-0.07262277603149414,0.15066584944725037,False,False,1.891300082206726,1.7270995303988457,-1.0,-1.0,1.4142135381698608,-1.0,-1.0,308.4129638671875,631.2843627929688,308.4129638671875,631.2843627929688,False,False,-0.416751532594764,-0.48036859013257865,0.11290908524176162,False,,False,timeout
586,1787624602.7598858,35.551793900318444,0.06164150033146143,16.222836800252352,True,481,0.01671610027551651,0.06874180026352406,14.54718957266853,False,False,False,,6.7384233474731445,7.584902763366699,3.396270275115967,6.413166046142578,,,3.5416033267974854,True,0.132048566,0.749402418931,0,-1.0,-0.6717408895492554,1.2046724557876587,-0.132048562169075,-0.08870241791009903,0.1590752750635147,-0.132048562169075,-0.08870241791009903,0.1590752750635147,-0.132038414478302,-0.08467289805412292,0.1568554788827896,-0.132038414478302,-0.08467289805412292,0.1568554788827896,-0.13203859329223633,-0.08467292785644531,0.15685564279556274,False,False,1.820700243115425,1.7345994710922241,-1.0,-1.0,1.4142135381698608,-1.0,-1.0,286.33807373046875,609.2198486328125,286.33807373046875,609.2198486328125,False,False,-0.418858432924536,-0.4656954493758261,0.11296769348836719,False,,False,timeout
587,1787624602.8227625,35.613680800423026,0.06188690010458231,16.158508477724784,True,482,0.00973109994083643,0.06923280004411936,14.444020743964408,False,False,False,,6.606384754180908,7.500229835510254,3.1894748210906982,6.2091546058654785,,,3.6526906490325928,True,0.132048566,0.749402418931,0,-1.0,-1.0,1.4142135381698608,-0.132048562169075,-0.132048562169075,0.18674486875534058,-0.132048562169075,-0.132048562169075,0.18674486875534058,-0.13204605877399445,-0.12017633765935898,0.17854556441307068,-0.13204605877399445,-0.12017633765935898,0.17854556441307068,-0.13204622268676758,-0.12017631530761719,0.17854566872119904,False,False,2.0419005304574966,1.7179995775222778,-1.0,-1.0,1.4142135381698608,-1.0,-1.0,265.1622009277344,587.8394165039062,265.1622009277344,587.8394165039062,False,False,-0.42082791968789784,-0.4515102922309023,0.11290855518918658,False,,False,timeout
588,1787624602.8830833,35.67449440062046,0.060813600197434425,16.443690173800753,False,,,,,False,False,False,,6.474338531494141,7.380053520202637,3.0055105686187744,6.029289722442627,,,3.722543478012085,True,0.132048566,0.749402418931,0,-1.0,-1.0,1.4142135381698608,-0.132048562169075,-0.132048562169075,0.18674486875534058,-0.132048562169075,-0.132048562169075,0.18674486875534058,-0.13204796612262726,-0.1290733963251114,0.1846526563167572,-0.13204796612262726,-0.1290733963251114,0.1846526563167572,-0.1320481300354004,-0.1290736198425293,0.18465293943881989,False,False,2.401900477707386,1.8456997349858284,-1.0,-1.0,1.4142135381698608,-1.0,-1.0,246.3242645263672,568.9895629882812,246.3242645263672,568.9895629882812,False,False,-0.42262660186689827,-0.43893796536558105,0.11291987799837337,False,,False,timeout
589,1787624602.947455,35.73629240039736,0.061797999776899815,16.181753513222954,True,483,0.05437349993735552,0.06887989956885576,14.518023491023683,False,False,False,,6.34229040145874,7.250979900360107,2.79223370552063,5.814836025238037,,,3.8295445442199707,True,0.132048566,0.749402418931,0,-1.0,-1.0,1.4142135381698608,-0.132048562169075,-0.132048562169075,0.18674486875534058,-0.132048562169075,-0.132048562169075,0.18674486875534058,-0.13204845786094666,-0.13130304217338562,0.18621836602687836,-0.13204845786094666,-0.13130304217338562,0.18621836602687836,-0.1320486068725586,-0.1313028335571289,0.18621833622455597,False,False,2.572900615632534,1.4928001910448074,-1.0,-1.0,1.4142135381698608,-1.0,-1.0,224.48471069335938,546.5148315429688,224.48471069335938,546.5148315429688,False,False,-0.4245555153659529,-0.424090386688037,0.11287875207714138,False,,False,timeout
590,1787624603.011817,35.79749400075525,0.06120160035789013,16.339442010540164,True,484,0.048161400482058525,0.0783398998901248,12.764887386919623,False,False,False,,6.210241794586182,7.1196770668029785,2.5841240882873535,5.610467433929443,,,3.9276511669158936,True,0.132048566,0.749402418931,0,-1.0,-1.0,1.4142135381698608,-0.132048562169075,-0.132048562169075,0.18674486875534058,-0.132048562169075,-0.132048562169075,0.18674486875534058,-0.1320485770702362,-0.13186168670654297,0.1866127848625183,-0.1320485770702362,-0.13186168670654297,0.1866127848625183,-0.1320486068725586,-0.13186168670654297,0.1866127997636795,False,False,3.0699996277689934,2.0719002932310104,-1.0,-1.0,1.4142135381698608,-1.0,-1.0,203.17430114746094,525.0969848632812,203.17430114746094,525.0969848632812,False,False,-0.4265730022705231,-0.40978089576133314,0.11292916461278234,False,,False,timeout
591,1787624603.0711474,35.858901500701904,0.06140749994665384,16.284655797235253,True,485,0.040350900031626225,0.06702319998294115,14.920206738182026,False,False,False,,6.078193187713623,6.9878153800964355,2.4009790420532227,5.428766250610352,,,3.994062900543213,True,0.132048566,0.749402418931,0,-1.0,-1.0,1.4142135381698608,-0.132048562169075,-0.132048562169075,0.18674486875534058,-0.132048562169075,-0.132048562169075,0.18674486875534058,-0.1320485770702362,-0.13200172781944275,0.18671175837516785,-0.1320485770702362,-0.13200172781944275,0.18671175837516785,-0.1320486068725586,-0.1320018768310547,0.1867118924856186,False,False,2.7559995651245117,2.0549995824694633,-1.0,-1.0,1.4142135381698608,-1.0,-1.0,184.4202423095703,506.05474853515625,184.4202423095703,506.05474853515625,False,False,-0.42830152871949295,-0.39708936175690684,0.11287854216766374,False,,False,timeout
592,1787624603.1275191,35.9204755006358,0.06157399993389845,16.240621058783418,True,486,0.03559030033648014,0.06922060064971447,14.446566348946076,False,False,False,,5.9461445808410645,6.855813503265381,2.1860837936401367,5.220190525054932,,,4.100404739379883,True,0.132048566,0.749402418931,0,-1.0,-0.32903093099594116,1.0527399778366089,-0.132048562169075,-0.043448060750961304,0.13901278376579285,-0.132048562169075,-0.043448060750961304,0.13901278376579285,-0.1320485770702362,-0.065639428794384,0.14746308326721191,-0.1320485770702362,-0.065639428794384,0.14746308326721191,-0.1320486068725586,-0.06563949584960938,0.1474631428718567,False,False,1.6163000836968422,0.9337998926639557,-1.0,-0.5,1.1180340051651,-1.0,-1.0,162.41497802734375,515.6359252929688,162.41497802734375,515.6359252929688,False,False,-0.43045801374404186,-0.38236776031168035,0.11293667929232226,False,,False,timeout
593,1787624603.1932397,35.98207300063223,0.06159749999642372,16.234425099363754,False,,,,,False,False,False,,5.814095973968506,6.7901740074157715,1.982171654701233,5.02841329574585,,,4.2175164222717285,True,0.132048566,0.749402418931,0,-1.0,-0.6481335759162903,1.1916698217391968,-0.132048562169075,-0.0855851098895073,0.1573583036661148,-0.132048562169075,-0.0855851098895073,0.1573583036661148,-0.1320485770702362,-0.08058679103851318,0.15469665825366974,-0.1320485770702362,-0.08058679103851318,0.15469665825366974,-0.1320486068725586,-0.08058691024780273,0.1546967476606369,False,False,3.349299542605877,1.9628005102276802,-1.0,0.0,1.0,-1.0,-0.5,141.5343780517578,526.9777221679688,141.5343780517578,526.9777221679688,False,False,-0.4326734216860862,-0.36863497867229095,0.11289672289801038,False,,False,timeout
594,1787624603.250331,36.043288400396705,0.06121539976447821,16.33575871181806,True,487,0.04363670013844967,0.06633559986948967,15.074861793176291,False,False,False,,5.682047367095947,6.709587097167969,1.7984137535095215,4.966367721557617,,,4.256926536560059,True,0.132048566,0.749402418931,0,-1.0,-1.0,1.4142135381698608,-0.132048562169075,-0.132048562169075,0.18674486875534058,-0.132048562169075,-0.132048562169075,0.18674486875534058,-0.1320485770702362,-0.11915239691734314,0.1778598427772522,-0.1320485770702362,-0.11915239691734314,0.1778598427772522,-0.1320486068725586,-0.11915254592895508,0.17785994708538055,False,False,1.513100229203701,0.9286003187298775,-0.5,-0.5,0.7071067690849304,-1.0,0.0,153.43756103515625,489.0353088378906,153.43756103515625,489.0353088378906,False,False,-0.43765920616553383,-0.36095195671341296,0.11296296195153199,False,,False,timeout
595,1787624603.3137841,36.104681400582194,0.061393000185489655,16.28850189726274,True,488,0.01944880001246929,0.11516529973596334,8.683171079245879,False,False,False,,5.549998760223389,6.590434551239014,1.5978496074676514,4.974078178405762,,,4.269905090332031,True,0.132048566,0.749402418931,0,-1.0,-0.7729887962341309,1.2639271020889282,-0.132048562169075,-0.10207206010818481,0.16689975559711456,-0.132048562169075,-0.10207206010818481,0.16689975559711456,-0.1320485770702362,-0.10635238885879517,0.16955134272575378,-0.1320485770702362,-0.10635238885879517,0.16955134272575378,-0.1320486068725586,-0.10635232925415039,0.1695513278245926,False,False,1.992400735616684,1.7176000401377678,-0.5,-0.5,0.7071067690849304,-0.5,-0.5,132.89981079101562,489.8433532714844,132.89981079101562,489.8433532714844,False,False,-0.4451244291906594,-0.35577773365661447,0.11301909905682342,False,,False,timeout
596,1787624603.3762798,36.16614759992808,0.06146619934588671,16.269104168499716,True,489,0.01665349956601858,0.08518800046294928,11.738742482104964,False,False,False,,5.41795015335083,6.484082221984863,1.5153950452804565,4.841708183288574,,,4.234067440032959,True,0.132048566,0.749402418931,0,-1.0,-0.14893603324890137,1.0110301971435547,-0.132048562169075,-0.01966678909957409,0.13350507616996765,-0.132048562169075,-0.01966678909957409,0.13350507616996765,-0.1320485770702362,-0.04138997569680214,0.13838337361812592,-0.1320485770702362,-0.04138997197151184,0.13838337361812592,-0.1320486068725586,-0.04138994216918945,0.1383833885192871,False,False,1.988799311220646,1.7841001972556114,0.0,-1.0,1.0,-0.5,-0.5,155.17645263671875,444.531005859375,155.17645263671875,444.531005859375,False,False,-0.4445517595545283,-0.3478869240447717,0.1128421148743835,False,,False,timeout
597,1787624603.4356837,36.227580999955535,0.0614334000274539,16.277790250142612,True,490,0.0060882000252604485,0.06425389926880598,15.563257815942084,False,False,False,,5.2859015464782715,6.442692279815674,1.4302501678466797,4.74837589263916,,,4.211502552032471,True,0.132048566,0.749402418931,0,-1.0,-1.0,1.4142135381698608,-0.132048562169075,-0.132048562169075,0.18674486875534058,-0.132048562169075,-0.132048562169075,0.18674486875534058,-0.1320485770702362,-0.10932973027229309,0.17143458127975464,-0.1320485770702362,-0.10932973027229309,0.17143458127975464,-0.1320486068725586,-0.1093297004699707,0.17143458127975464,False,False,1.7956001684069633,1.7469003796577454,0.0,-1.0,1.0,0.0,-1.0,146.45761108398438,434.74981689453125,146.45761108398438,434.74981689453125,False,False,-0.4451252168869449,-0.3415761353720387,0.11297467627523437,False,,False,timeout
598,1787624603.499059,36.28891960065812,0.06133860070258379,16.302947712302092,False,,,,,False,False,False,,5.153852939605713,6.333362579345703,1.4412685632705688,4.516122341156006,,,4.13347864151001,True,0.132048566,0.749402418931,0,-1.0,-1.0,1.4142135381698608,-0.132048562169075,-0.132048562169075,0.18674486875534058,-0.132048562169075,-0.132048562169075,0.18674486875534058,-0.1320485770702362,-0.12635526061058044,0.1827634572982788,-0.1320485770702362,-0.12635526061058044,0.1827634572982788,-0.1320486068725586,-0.12635517120361328,0.18276341259479523,False,False,2.815299667418003,3.4655993804335594,0.0,-1.0,1.0,0.0,-1.0,147.58590698242188,410.40960693359375,147.58590698242188,410.40960693359375,False,False,-0.4384704637778962,-0.33194893593374025,0.11266318179276952,False,,False,timeout
599,1787624603.5608299,36.35060840006918,0.061688799411058426,16.210398152451944,True,491,0.05598089937120676,0.0720026008784771,13.888387194342565,False,False,False,,5.021804332733154,6.20700740814209,1.44268798828125,4.314825057983398,,,4.04850959777832,True,0.132048566,0.749402418931,0,-1.0,-1.0,1.4142135381698608,-0.132048562169075,-0.132048562169075,0.18674486875534058,-0.132048562169075,-0.132048562169075,0.18674486875534058,-0.1320485770702362,-0.1306218057870865,0.18573875725269318,-0.1320485770702362,-0.1306218057870865,0.18573875725269318,-0.1320486068725586,-0.13062191009521484,0.18573883175849915,False,False,2.454899251461029,1.994900405406952,0.0,-1.0,1.0,0.0,-1.0,147.7312469482422,389.31365966796875,147.7312469482422,389.31365966796875,False,False,-0.4329765439928234,-0.3233502435687797,0.11286156791969017,False,,False,timeout
600,1787624603.6225812,36.41133640054613,0.06072800047695637,16.466868530925144,True,492,0.04473100043833256,0.0735302995890379,13.59983578999429,False,False,False,,4.889755725860596,6.076385498046875,1.4386050701141357,4.133364677429199,,,3.960526466369629,True,0.132048566,0.749402418931,0,-1.0,-1.0,1.4142135381698608,-0.132048562169075,-0.132048562169075,0.18674486875534058,-0.132048562169075,-0.132048562169075,0.18674486875534058,-0.1320485770702362,-0.13169103860855103,0.18649223446846008,-0.1320485770702362,-0.13169103860855103,0.18649223446846008,-0.1320486068725586,-0.13169097900390625,0.1864922195672989,False,False,2.7007004246115685,2.016499638557434,0.0,-0.5,0.5,0.0,-1.0,147.3131561279297,401.73663330078125,147.3131561279297,401.73663330078125,False,False,-0.4282032017823497,-0.31542625693944215,0.11273922742199834,False,,False,timeout
601,1787624603.6826103,36.47296530008316,0.06162889953702688,16.22615376085364,True,493,0.032033699564635754,0.07158300001174212,13.969797295949668,False,False,False,,4.757707118988037,5.944694519042969,1.4347729682922363,3.9297220706939697,,,3.886129856109619,True,0.132048566,0.749402418931,0,-1.0,-1.0,1.4142135381698608,-0.132048562169075,-0.132048562169075,0.18674486875534058,-0.132048562169075,-0.132048562169075,0.18674486875534058,-0.1320485770702362,-0.1319589465856552,0.18668152391910553,-0.1320485770702362,-0.1319589465856552,0.18668152391910553,-0.1320486068725586,-0.1319589614868164,0.18668155372142792,False,False,1.7077997326850891,1.0515004396438599,0.0,-0.5,0.5,0.0,-0.5,146.92074584960938,380.3948669433594,146.92074584960938,380.3948669433594,False,False,-0.4228013386059842,-0.3065250032521039,0.11281590373358713,False,,False,timeout
602,1787624603.7440438,36.534900800324976,0.061935500241816044,16.14582906565184,True,494,0.02557049971073866,0.07432239968329668,13.454893871312143,False,False,False,,4.6256585121154785,5.812735557556152,1.434408187866211,3.854393482208252,,,3.7442197799682617,True,0.132048566,0.749402418931,0,-0.7632192373275757,-1.0,1.2579759359359741,-0.10078199952840805,-0.132048562169075,0.16611391305923462,-0.10078199952840805,-0.132048562169075,0.16611391305923462,-0.10861733555793762,-0.13202610611915588,0.17096379399299622,-0.10861733555793762,-0.13202610611915588,0.17096379399299622,-0.10861730575561523,-0.13202619552612305,0.1709638386964798,False,False,1.8472997471690178,1.0454002767801285,0.0,0.0,0.0,0.0,-0.5,146.88339233398438,403.9404296875,146.88339233398438,403.9404296875,False,False,-0.42075990103747724,-0.3032533870267988,0.112997116986512,False,,False,timeout
603,1787624603.80532,36.59720010031015,0.062299299985170364,16.051544724227053,True,495,0.016499100252985954,0.06840249989181757,14.619348731136386,False,False,False,,4.517041206359863,5.680709362030029,1.4313905239105225,3.757035493850708,,,3.636173963546753,True,0.132048566,0.749402418931,0,-1.0,-1.0,1.4142135381698608,-0.132048562169075,-0.132048562169075,0.18674486875534058,-0.132048562169075,-0.132048562169075,0.18674486875534058,-0.12617674469947815,-0.13204294443130493,0.18263599276542664,-0.12617674469947815,-0.13204294443130493,0.18263599276542664,-0.1261768341064453,-0.13204288482666016,0.18263602256774902,False,False,2.237900160253048,1.1757994070649147,0.0,-1.0,1.0,0.0,0.0,146.5743865966797,330.8572998046875,146.5743865966797,330.8572998046875,False,False,-0.41821073854468666,-0.2989488558104625,0.11287203451427508,False,,False,timeout
604,1787624603.8680134,36.65899060014635,0.061790499836206436,16.18371760466073,True,496,0.014302199706435204,0.07137300074100494,14.010900335110666,False,False,False,,4.390864372253418,5.548666477203369,1.428218960762024,3.7644994258880615,,,3.4583985805511475,False,0.132048566,0.749402418931,0,-1.0,-0.8258419632911682,1.2969251871109009,-0.132048562169075,-0.10905124247074127,0.1712571084499359,-0.132048562169075,-0.10905124247074127,0.1712571084499359,-0.13057711720466614,-0.11481289565563202,0.1738746166229248,-0.13057711720466614,-0.11481289565563202,0.1738746166229248,-0.13057708740234375,-0.11481285095214844,0.17387457191944122,False,False,1.7674993723630905,1.1739004403352737,0.0,-1.0,1.0,0.0,-1.0,146.24961853027344,331.6395263671875,146.24961853027344,331.6395263671875,False,False,-0.41853094683391007,-0.29918575157937904,0.11306887788962897,False,,False,timeout
605,1787624603.928589,36.720505700446665,0.06151510030031204,16.256171169649015,True,497,0.01064669992774725,0.06398399919271469,15.628907423996427,False,False,False,,4.260287284851074,5.433853626251221,1.4281418323516846,3.5074634552001953,,,3.4252047538757324,False,0.132048566,0.749402418931,0,-1.0,-1.0,1.4142135381698608,-0.132048562169075,-0.132048562169075,0.18674486875534058,-0.132048562169075,-0.132048562169075,0.18674486875534058,-0.13167980313301086,-0.12772932648658752,0.18345122039318085,-0.13167980313301086,-0.12772932648658752,0.18345122039318085,-0.13168001174926758,-0.1277294158935547,0.18345142900943756,False,False,2.0457999780774117,1.1632004752755165,0.0,-1.0,1.0,0.0,-1.0,146.24172973632812,304.7021789550781,146.24172973632812,304.7021789550781,False,False,-0.4114920290080997,-0.28800495786104185,0.11254971913019995,False,,False,timeout
606,1787624603.9920263,36.781904900446534,0.06139919999986887,16.286857157782766,True,498,0.002153499983251095,0.06516910064965487,15.344695415944734,False,False,False,,4.128607273101807,5.306124210357666,1.4259068965911865,3.3081789016723633,,,3.3610081672668457,False,0.132048566,0.749402418931,0,-1.0,0.40588581562042236,1.0792326927185059,-0.132048562169075,0.05359663814306259,0.14251112937927246,-0.132048562169075,0.05359663814306259,0.14251112937927246,-0.13195620477199554,0.00815676897764206,0.13220807909965515,-0.13195620477199554,0.008156776428222656,0.13220807909965515,-0.1319561004638672,0.008156776428222656,0.1322079598903656,False,False,2.6128003373742104,2.154500223696232,0.0,-1.0,1.0,0.0,-1.0,146.0128631591797,283.8171691894531,146.0128631591797,283.8171691894531,False,False,-0.4060931306310238,-0.27924228565257364,0.112838652985113,False,,False,timeout
607,1787624604.0524,36.84327750001103,0.0613725995644927,16.293916293201193,True,499,0.0012561995536088943,0.06989879999309778,14.306397250006379,False,False,False,,3.9966511726379395,5.314280986785889,1.4248394966125488,3.1259288787841797,,,3.376847743988037,False,0.132048566,0.749402418931,0,-1.0,1.0,1.4142135381698608,-0.132048562169075,0.132048562169075,0.18674486875534058,-0.132048562169075,0.132048562169075,0.18674486875534058,-0.13202539086341858,0.10100157558917999,0.16622883081436157,-0.13202539086341858,0.10100157558917999,0.16622883081436157,-0.13202548027038574,0.10100173950195312,0.1662289947271347,False,False,1.7197998240590096,2.00009997934103,0.0,-1.0,1.0,0.0,-1.0,145.903564453125,264.71734619140625,145.903564453125,264.71734619140625,False,False,-0.40110341281408673,-0.2712290250706567,0.11272747257936525,False,,False,timeout
608,1787624604.1128156,36.90475900005549,0.061481500044465065,16.265055330087478,False,,,,,False,False,False,,3.8646256923675537,5.415282726287842,1.4257988929748535,2.9139418601989746,,,3.4935057163238525,False,0.132048566,0.749402418931,0,-1.0,0.6074858903884888,1.1700594425201416,-0.132048562169075,0.0802176371216774,0.1545046716928482,-0.132048562169075,0.0802176371216774,0.1545046716928482,-0.1320427656173706,0.08542607724666595,0.1572669893503189,-0.1320427656173706,0.08542607724666595,0.1572669893503189,-0.13204264640808105,0.08542585372924805,0.157266765832901,False,False,1.6732998192310333,2.057800069451332,0.0,-0.5,0.5,0.0,-1.0,146.00180053710938,273.94110107421875,146.00180053710938,273.94110107421875,False,False,-0.39519827586474265,-0.2619369079628867,0.11280423668593906,False,,False,timeout
609,1787624604.1771593,36.96593890059739,0.06117990054190159,16.34523742507735,True,500,0.060111899860203266,0.06226610019803047,16.06010327962744,False,False,False,,3.7325830459594727,5.50070858001709,1.420951008796692,2.718583583831787,,,3.6171622276306152,True,0.132048566,0.749402418931,0,-1.0,-1.0,1.4142135381698608,-0.132048562169075,-0.132048562169075,0.18674486875534058,-0.132048562169075,-0.132048562169075,0.18674486875534058,-0.13204707205295563,-0.0775499939918518,0.15313532948493958,-0.13204707205295563,-0.0775499939918518,0.15313532948493958,-0.13204717636108398,-0.07754993438720703,0.15313538908958435,False,False,2.926499582827091,1.7085997387766838,0.0,-0.5,0.5,0.0,-0.5,145.50538635253906,253.46755981445312,145.50538635253906,253.46755981445312,False,False,-0.3899495162977966,-0.25318563737538835,0.1127823420350228,False,,False,timeout
610,1787624604.2388184,37.027490000240505,0.06155109964311123,16.24666343571848,True,501,0.04709120001643896,0.06421009916812181,15.5738740938819,False,False,False,,3.6005358695983887,5.423158645629883,1.4216396808624268,2.649761915206909,,,3.5269417762756348,True,0.132048566,0.749402418931,0,-1.0,-1.0,1.4142135381698608,-0.132048562169075,-0.132048562169075,0.18674486875534058,-0.132048562169075,-0.132048562169075,0.18674486875534058,-0.13204820454120636,-0.11839133501052856,0.17735061049461365,-0.13204820454120636,-0.11839133501052856,0.17735061049461365,-0.1320481300354004,-0.11839151382446289,0.17735067009925842,False,False,3.0319998040795326,1.988900825381279,0.0,-1.0,1.0,0.0,-0.5,145.57591247558594,214.81503295898438,145.57591247558594,214.81503295898438,False,False,-0.3880073560988994,-0.25016156714658544,0.11289932486899369,False,,False,timeout
611,1787624604.299753,37.0884635001421,0.06097349990159273,16.400567486103554,True,502,0.04146159999072552,0.07416790071874857,13.48292172636908,False,False,False,,3.4684877395629883,5.30476713180542,1.4198113679885864,2.534536361694336,,,3.4454686641693115,False,0.132048566,0.749402418931,0,-1.0,-0.30743205547332764,1.0461905002593994,-0.132048562169075,-0.04059595987200737,0.13814793527126312,-0.132048562169075,-0.04059595987200737,0.13814793527126312,-0.13204845786094666,-0.06009133532643318,0.14507848024368286,-0.13204845786094666,-0.06009133532643318,0.14507848024368286,-0.1320483684539795,-0.060091495513916016,0.14507845044136047,False,False,2.6055993512272835,2.095099538564682,0.0,-0.5,0.5,0.0,-1.0,145.38868713378906,234.17941284179688,145.38868713378906,234.17941284179688,False,False,-0.3848611387776077,-0.24500831983156032,0.11287609917596376,False,,False,timeout
612,1787624604.3580334,37.14990560058504,0.06144210044294596,16.275485258330033,True,503,0.03318199981004,0.06660090014338493,15.014812079823278,False,False,False,,3.336439371109009,5.244675636291504,1.4169294834136963,2.3080999851226807,,,3.508275270462036,True,0.132048566,0.749402418931,0,-1.0,-1.0,1.4142135381698608,-0.132048562169075,-0.132048562169075,0.18674486875534058,-0.132048562169075,-0.132048562169075,0.18674486875534058,-0.13204851746559143,-0.11401629447937012,0.17446067929267883,-0.13204851746559143,-0.11401629447937012,0.17446067929267883,-0.1320486068725586,-0.11401653289794922,0.17446090281009674,False,False,2.1904995664954185,0.960400328040123,0.0,-1.0,1.0,0.0,-0.5,145.0935821533203,179.00888061523438,145.0935821533203,179.00888061523438,False,False,-0.3786335325807411,-0.23487092794551254,0.11267749720675221,False,,False,timeout
613,1787624604.4200575,37.21197820082307,0.06207260023802519,16.110167709510705,True,504,0.022115000523626804,0.0697193993255496,14.343210206539124,False,False,False,,3.20439076423645,5.130659103393555,1.4148838520050049,2.241776704788208,,,3.398231267929077,False,0.132048566,0.749402418931,0,-1.0,-0.3157275915145874,1.0486581325531006,-0.132048562169075,-0.0416913740336895,0.13847379386425018,-0.132048562169075,-0.0416913740336895,0.13847379386425018,-0.1320485770702362,-0.05981588363647461,0.14496470987796783,-0.1320485770702362,-0.05981588363647461,0.14496470987796783,-0.1320486068725586,-0.05981588363647461,0.14496473968029022,False,False,1.6978997737169266,0.9802002459764481,0.0,-1.0,1.0,0.0,-1.0,144.8841094970703,172.05819702148438,144.8841094970703,172.05819702148438,False,False,-0.37684962540176203,-0.23186107046751764,0.1128798142725797,False,,False,timeout
614,1787624604.4845288,37.27334270067513,0.06136449985206127,16.296066983529883,True,505,0.0149167999625206,0.07313990034162998,13.672427708119491,False,False,False,,3.0723421573638916,5.07084321975708,1.416415810585022,2.007589817047119,,,3.482185125350952,False,0.132048566,0.749402418931,0,-1.0,-1.0,1.4142135381698608,-0.132048562169075,-0.132048562169075,0.18674486875534058,-0.132048562169075,-0.132048562169075,0.18674486875534058,-0.1320485770702362,-0.11394722759723663,0.17441558837890625,-0.1320485770702362,-0.11394722759723663,0.17441558837890625,-0.1320486068725586,-0.11394739151000977,0.1744157075881958,False,False,2.6078997179865837,1.7817998304963112,0.0,-1.0,1.0,0.0,-1.0,145.04098510742188,147.51541137695312,145.04098510742188,147.51541137695312,False,False,-0.37020694346729655,-0.22144665024094318,0.11259137677440735,False,,False,timeout
615,1787624604.5438898,37.33484630007297,0.061503599397838116,16.25921100213121,True,506,0.0028443997725844383,0.06856909953057766,14.583828675685913,False,False,False,,2.940293550491333,4.95689582824707,1.4106982946395874,1.8067452907562256,,,3.5018723011016846,True,0.132048566,0.749402418931,0,-1.0,-1.0,1.4142135381698608,-0.132048562169075,-0.132048562169075,0.18674486875534058,-0.132048562169075,-0.132048562169075,0.18674486875534058,-0.1320485770702362,-0.12751245498657227,0.1835653930902481,-0.1320485770702362,-0.12751245498657227,0.1835653930902481,-0.1320486068725586,-0.12751245498657227,0.1835654079914093,False,False,2.322000451385975,1.189500093460083,1.0,-1.0,1.4142135381698608,0.0,-1.0,205.8955078125,126.46690368652344,205.8955078125,126.46690368652344,False,False,-0.3647517276160267,-0.2122871566922824,0.11270441013229662,False,,False,timeout
616,1787624604.6062202,37.396081500686705,0.061235200613737106,16.33047642495461,False,,,,,False,False,False,,2.8082449436187744,4.829383373260498,1.423362374305725,1.6244865655899048,,,3.4913127422332764,False,0.132048566,0.749402418931,0,-0.41318678855895996,-1.0,1.081999659538269,-0.054560720920562744,-0.132048562169075,0.1428765058517456,-0.054560720920562744,-0.132048562169075,0.1428765058517456,-0.07397899776697159,-0.13091182708740234,0.15036886930465698,-0.07397899776697159,-0.13091182708740234,0.15036886930465698,-0.07397890090942383,-0.13091182708740234,0.1503688246011734,False,False,2.235099673271179,3.492799587547779,0.5,-0.5,0.7071067690849304,1.0,-1.0,176.47232055664062,138.80618286132812,176.47232055664062,138.80618286132812,False,False,-0.35911429510127296,-0.20443931540422747,0.11267466389838215,False,,False,timeout
617,1787624604.6685817,37.4573785001412,0.06129699945449829,16.31401225018062,True,507,0.05839589983224869,0.07357580028474331,13.591425388917722,False,False,False,,2.7342660427093506,4.698471546173096,1.6595423221588135,1.4187010526657104,,,3.4513657093048096,False,0.132048566,0.749402418931,0,-1.0,-1.0,1.4142135381698608,-0.132048562169075,-0.132048562169075,0.18674486875534058,-0.132048562169075,-0.132048562169075,0.18674486875534058,-0.11749644577503204,-0.13176369667053223,0.1765420287847519,-0.11749644577503204,-0.13176369667053223,0.1765420287847519,-0.11749649047851562,-0.13176393508911133,0.1765422374010086,False,False,2.7451999485492706,1.4677001163363457,1.0,0.0,1.0,0.5,-0.5,231.3771514892578,148.67987060546875,231.3771514892578,148.67987060546875,False,False,-0.3443619178932127,-0.20166711228260686,0.11237309211098515,False,,False,timeout
618,1787624604.7307627,37.51857800036669,0.06119950022548437,16.340002717597116,True,508,0.038992599584162235,0.06735770031809807,14.84611254953005,False,False,False,,2.616769552230835,4.566707611083984,1.7453850507736206,1.3574353456497192,,,3.3254683017730713,False,0.132048566,0.749402418931,0,-1.0,-1.0,1.4142135381698608,-0.132048562169075,-0.132048562169075,0.18674486875534058,-0.132048562169075,-0.132048562169075,0.18674486875534058,-0.12840184569358826,-0.13197723031044006,0.1841331571340561,-0.12840184569358826,-0.13197723031044006,0.1841331571340561,-0.1284017562866211,-0.13197708129882812,0.18413300812244415,False,False,2.653299830853939,2.0129000768065453,1.0,0.0,1.0,1.0,0.0,240.1674346923828,142.2592315673828,240.1674346923828,142.2592315673828,False,False,-0.3393669314339389,-0.20126779109444612,0.11260356790667847,False,,False,timeout
619,1787624604.7870204,37.57996970042586,0.06139170005917549,16.288846847963153,True,509,0.029891899786889553,0.08021940011531115,12.46581249127459,False,False,False,,2.488367795944214,4.434730529785156,1.9409828186035156,1.373943567276001,,,3.1093482971191406,False,0.132048566,0.749402418931,0,-1.0,-1.0,1.4142135381698608,-0.132048562169075,-0.132048562169075,0.18674486875534058,-0.132048562169075,-0.132048562169075,0.18674486875534058,-0.13113467395305634,-0.1320306360721588,0.18608705699443817,-0.13113467395305634,-0.1320306360721588,0.18608705699443817,-0.1311347484588623,-0.13203048706054688,0.1860869973897934,False,False,1.5749996528029442,0.9749997407197952,1.0,0.0,1.0,1.0,0.0,260.1966247558594,143.98928833007812,260.1966247558594,143.98928833007812,False,False,-0.33244320829900814,-0.20742379104795675,0.11283319995623392,False,,False,timeout
620,1787624604.8504353,37.64135770034045,0.061387999914586544,16.28982865366799,True,510,0.01921179983764887,0.07049089949578047,14.186228394771147,False,False,False,,2.3572330474853516,4.302700042724609,2.1546027660369873,1.3714426755905151,,,2.9382526874542236,False,0.132048566,0.749402418931,0,-1.0,-1.0,1.4142135381698608,-0.132048562169075,-0.132048562169075,0.18674486875534058,-0.132048562169075,-0.132048562169075,0.18674486875534058,-0.13181956112384796,-0.13204403221607208,0.18657980859279633,-0.13181956112384796,-0.13204403221607208,0.18657980859279633,-0.131819486618042,-0.13204383850097656,0.1865796148777008,False,False,1.9084000959992409,1.7528999596834183,1.0,0.0,1.0,1.0,0.0,282.07135009765625,143.72720336914062,282.07135009765625,143.72720336914062,False,False,-0.324278548972688,-0.21322888716931573,0.11291648654585387,False,,False,timeout
621,1787624604.9118905,37.70280810073018,0.06145040038973093,16.273286970594118,True,511,0.010899499990046024,0.0720728999003768,13.874840631947043,False,False,False,,2.2254135608673096,4.170656204223633,2.3518221378326416,1.3696033954620361,,,2.803903818130493,False,0.132048566,0.749402418931,0,-1.0,-1.0,1.4142135381698608,-0.132048562169075,-0.132048562169075,0.18674486875534058,-0.132048562169075,-0.132048562169075,0.18674486875534058,-0.13199114799499512,-0.1320473700761795,0.18670342862606049,-0.13199114799499512,-0.1320473700761795,0.18670342862606049,-0.13199114799499512,-0.13204717636108398,0.18670329451560974,False,False,1.932300627231598,1.7944006249308586,1.0,0.0,1.0,1.0,0.0,302.2666015625,143.53443908691406,302.2666015625,143.53443908691406,False,False,-0.31674056973477627,-0.2186193036833824,0.11288909832505532,False,,False,timeout
622,1787624604.973441,37.764302000403404,0.061493899673223495,16.261775644640625,True,512,0.0018020998686552048,0.06976140011101961,14.33457468469069,False,False,False,,2.0934224128723145,4.038609027862549,2.5624077320098877,1.3688302040100098,,,2.710657835006714,False,0.132048566,0.749402418931,0,0.09619602560997009,-1.0,1.004616141319275,0.012702547013759613,-0.132048562169075,0.13265812397003174,0.012702547013759613,-0.132048562169075,0.13265812397003174,-0.02355733886361122,-0.13204820454120636,0.13413305580615997,-0.023557335138320923,-0.13204820454120636,0.13413305580615997,-0.023557424545288086,-0.1320481300354004,0.1341329962015152,False,False,2.5388002395629883,1.1946996673941612,1.0,0.0,1.0,1.0,0.0,323.83056640625,143.45339965820312,323.83056640625,143.45339965820312,False,False,-0.30871172249641393,-0.2244392489567452,0.11295487411869842,False,,False,timeout
623,1787624605.035429,37.82524570077658,0.06094370037317276,16.408586841244663,False,,,,,False,False,False,,2.0698649883270264,3.9065608978271484,2.7457690238952637,1.3693166971206665,,,2.6257293224334717,False,0.132048566,0.749402418931,0,-1.0,-1.0,1.4142135381698608,-0.132048562169075,-0.132048562169075,0.18674486875534058,-0.132048562169075,-0.132048562169075,0.18674486875534058,-0.10486093908548355,-0.13204845786094666,0.16861972212791443,-0.10486093908548355,-0.13204845786094666,0.16861972212791443,-0.10486090183258057,-0.1320483684539795,0.16861963272094727,False,False,2.781500108540058,2.5640996173024178,1.0,0.0,1.0,1.0,0.0,342.60675048828125,143.50439453125,342.60675048828125,143.50439453125,False,False,-0.30174254684481694,-0.22956794540354147,0.11293466728285442,False,,False,timeout
624,1787624605.0968666,37.88671790063381,0.061472199857234955,16.267516085684793,True,513,0.056909400038421154,0.07059310004115105,14.16569040624462,False,False,False,,1.9650040864944458,3.774512529373169,2.954495906829834,1.369568943977356,,,2.6005473136901855,False,0.132048566,0.749402418931,0,0.6071414947509766,-1.0,1.1698806285858154,0.08017215877771378,-0.132048562169075,0.15448105335235596,0.08017215877771378,-0.132048562169075,0.15448105335235596,0.03380332142114639,-0.13204851746559143,0.1363065540790558,0.033803313970565796,-0.13204851746559143,0.1363065540790558,0.033803343772888184,-0.1320486068725586,0.13630664348602295,False,False,2.9552001506090164,1.425999216735363,1.0,0.0,1.0,1.0,0.0,363.9803771972656,143.53082275390625,363.9803771972656,143.53082275390625,False,False,-0.2937870062630265,-0.23540242084089916,0.11296342590702599,False,,False,timeout
625,1787624605.1468198,37.936671300791204,0.049953400157392025,20.01865732561193,True,514,0.03952150046825409,0.06762459967285395,14.787518223215786,False,False,False,,1.998807430267334,3.6424639225006104,3.1069796085357666,1.3684884309768677,,,2.5296263694763184,False,0.132048566,0.749402418931,0,1.0,-1.0,1.4142135381698608,0.132048562169075,-0.132048562169075,0.18674486875534058,0.132048562169075,-0.132048562169075,0.18674486875534058,0.10742854326963425,-0.1320485770702362,0.17022843658924103,0.10742854326963425,-0.1320485770702362,0.17022843658924103,0.10742855072021484,-0.1320486068725586,0.17022845149040222,False,False,2.6724999770522118,1.3657007366418839,1.0,0.0,1.0,1.0,0.0,379.5947265625,143.41758728027344,379.5947265625,143.41758728027344,False,False,-0.287929005659416,-0.23961430887375756,0.11299321255773012,False,,False,timeout
626,1787624605.2034743,37.99437540024519,0.05770409945398569,17.329791288007506,True,515,0.020963399671018124,0.06702020019292831,14.920874559033557,False,False,False,,2.106235980987549,3.5104153156280518,3.2828640937805176,1.3681230545043945,,,2.44415020942688,False,0.132048566,0.749402418931,0,-1.0,-1.0,1.4142135381698608,-0.132048562169075,-0.132048562169075,0.18674486875534058,-0.132048562169075,-0.132048562169075,0.18674486875534058,-0.07203617691993713,-0.1320485770702362,0.15041953325271606,-0.07203617691993713,-0.1320485770702362,0.15041953325271606,-0.0720362663269043,-0.1320486068725586,0.15041960775852203,False,False,1.6783000901341438,0.973699614405632,1.0,0.0,1.0,1.0,0.0,397.60528564453125,143.37930297851562,397.60528564453125,143.37930297851562,False,False,-0.2811880308642679,-0.24451941353618975,0.11295776353377632,False,,False,timeout
627,1787624605.263764,38.05567240063101,0.061297000385820866,16.31401200231192,True,516,0.010435599833726883,0.07626930065453053,13.111435288093183,False,False,False,,2.0341997146606445,3.378366708755493,3.489678144454956,1.3688894510269165,,,2.481212615966797,False,0.132048566,0.749402418931,0,-0.5571181178092957,-1.0,1.1447185277938843,-0.07356664538383484,-0.132048562169075,0.1511584371328354,-0.07356664538383484,-0.132048562169075,0.1511584371328354,-0.07318313419818878,-0.1320485770702362,0.1509721726179123,-0.07318313419818878,-0.1320485770702362,0.1509721726179123,-0.07318317890167236,-0.1320486068725586,0.15097221732139587,False,False,1.8536001443862915,1.7740000039339066,1.0,0.0,1.0,1.0,0.0,418.7830810546875,143.45962524414062,418.7830810546875,143.45962524414062,False,False,-0.2732836380722983,-0.2503507578102751,0.1129747462371324,False,,False,timeout
628,1787624605.3272562,38.11715569999069,0.06148329935967922,16.264579331534712,False,,,,,False,False,False,,1.9610165357589722,3.2463181018829346,3.6670708656311035,1.3689663410186768,,,2.5367441177368164,False,0.132048566,0.749402418931,0,0.9193289875984192,-0.7928594350814819,1.2139983177185059,0.12139607220888138,-0.10469594597816467,0.16030673682689667,0.12139607220888138,-0.10469594597816467,0.16030673682689667,0.0726349800825119,-0.1115504577755928,0.1331140249967575,0.0726349800825119,-0.1115504577755928,0.1331140249967575,0.07263505458831787,-0.11155056953430176,0.13311415910720825,False,False,3.2875994220376015,1.9359001889824867,1.0,0.0,1.0,1.0,0.0,436.94805908203125,143.46768188476562,436.94805908203125,143.46768188476562,False,False,-0.2664752532986016,-0.25533465915264747,0.11297377740737709,False,,False,timeout
629,1787624605.389885,38.17861850000918,0.06146280001848936,16.270003964986593,True,517,0.05661949981004,0.07182149961590767,13.923407410703954,False,False,False,,2.03365159034729,3.134767532348633,3.870556592941284,1.367950677871704,,,2.5486981868743896,False,0.132048566,0.749402418931,0,0.6862214803695679,-1.0,1.2128065824508667,0.09061455726623535,-0.132048562169075,0.16014936566352844,0.09061455726623535,-0.132048562169075,0.16014936566352844,0.08610893785953522,-0.12691180408000946,0.15336672961711884,0.08610893785953522,-0.12691180408000946,0.15336672961711884,0.08610892295837402,-0.12691187858581543,0.1533667892217636,False,False,2.7925996109843254,1.9941003993153572,1.0,0.0,1.0,1.0,0.0,457.7850341796875,143.36123657226562,457.7850341796875,143.36123657226562,False,False,-0.258619719416015,-0.26101133285558087,0.11299791969003471,False,,False,timeout
630,1787624605.4512384,38.24004629999399,0.061427799984812737,16.2792742088637,True,518,0.049219099804759026,0.07715179957449436,12.961460465150191,False,False,False,,2.119760513305664,3.0078556537628174,4.068850040435791,1.3682557344436646,,,2.5470056533813477,False,0.132048566,0.749402418931,0,1.0,-0.38693147897720337,1.072248101234436,0.132048562169075,-0.05109374597668648,0.14158882200717926,0.132048562169075,-0.05109374597668648,0.14158882200717926,0.1205361932516098,-0.07009358704090118,0.13943487405776978,0.1205361932516098,-0.07009358704090118,0.13943487405776978,0.12053608894348145,-0.07009363174438477,0.139434814453125,False,False,2.8641000390052795,1.5502003952860832,1.0,0.0,1.0,1.0,0.0,478.0902404785156,143.39320373535156,478.0902404785156,143.39320373535156,False,False,-0.2509895614112976,-0.2666114027559882,0.11299823288186561,False,,False,timeout
631,1787624605.5153906,38.30194240063429,0.061896100640296936,16.156106598885785,True,519,0.041241600178182125,0.06843640003353357,14.61210700022216,False,False,False,,2.2402966022491455,2.9377620220184326,4.270827770233154,1.3685333728790283,,,2.566229820251465,False,0.132048566,0.749402418931,0,-0.04908442497253418,-0.964318037033081,0.9655664563179016,-0.00648152781650424,-0.12733681499958038,0.12750166654586792,-0.00648152781650424,-0.12733681499958038,0.12750166654586792,0.025348778814077377,-0.1129918098449707,0.11580029875040054,0.025348782539367676,-0.1129918098449707,0.11580029875040054,0.025348901748657227,-0.1129918098449707,0.11580032855272293,False,False,3.4914007410407066,2.124899998307228,1.0,0.0,1.0,1.0,0.0,498.77276611328125,143.42230224609375,498.77276611328125,143.42230224609375,False,False,-0.2432030461669237,-0.27232400846492194,0.1129777227087091,False,,False,timeout
632,1787624605.570363,38.36325170006603,0.06130929943174124,16.310739304945916,True,520,0.03634799923747778,0.06987550016492605,14.311167685951666,False,False,False,,2.2656455039978027,2.824770212173462,4.452337741851807,1.368720531463623,,,2.6271092891693115,False,0.132048566,0.749402418931,0,0.8700218200683594,-0.12268844246864319,0.8786298632621765,0.1148851290345192,-0.016200833022594452,0.11602180451154709,0.1148851290345192,-0.016200833022594452,0.11602180451154709,0.09244756400585175,-0.040456417948007584,0.10091220587491989,0.09244756400585175,-0.040456414222717285,0.10091220587491989,0.09244751930236816,-0.040456533432006836,0.10091222077608109,False,False,1.8071997910737991,0.9824000298976898,1.0,0.0,1.0,1.0,0.0,517.359375,143.44190979003906,517.359375,143.44190979003906,False,False,-0.23619201972372428,-0.27746346039043485,0.1129889461063738,False,,False,timeout
633,1787624605.632676,38.4245923999697,0.06134069990366697,16.30238979291822,True,521,0.014583899639546871,0.06620670016855001,15.104211468842049,False,False,False,,2.358093023300171,2.784313678741455,4.6587090492248535,1.3693240880966187,,,2.7009313106536865,False,0.132048566,0.749402418931,0,0.9412894248962402,0.8669654726982117,1.2797088623046875,0.1242959126830101,0.11448154598474503,0.16898371279239655,0.1242959126830101,0.11448154598474503,0.16898371279239655,0.11631478369235992,0.07565443217754364,0.13875418901443481,0.11631478369235992,0.07565443217754364,0.13875418901443481,0.11631488800048828,0.07565450668334961,0.13875430822372437,False,False,1.6589993610978127,0.9831991046667099,1.0,0.0,1.0,1.0,0.0,538.4918212890625,143.50515747070312,538.4918212890625,143.50515747070312,False,False,-0.22821887600375035,-0.2833344391472353,0.11296704873606947,False,,False,timeout
634,1787624605.6967204,38.48660279996693,0.062010399997234344,16.126327197447523,True,522,0.01127879973500967,0.08310579974204302,12.032854543292512,False,False,False,,2.474407911300659,2.8599681854248047,4.859729290008545,1.3688404560089111,,,2.813044786453247,False,0.132048566,0.749402418931,0,1.0,0.050315141677856445,1.001265048980713,0.132048562169075,0.006644042208790779,0.13221560418605804,0.132048562169075,0.006644042208790779,0.13221560418605804,0.12810572981834412,0.023937895894050598,0.13032305240631104,0.12810572981834412,0.023937895894050598,0.13032305240631104,0.12810564041137695,0.02393794059753418,0.13032297790050507,False,False,2.1552005782723427,1.7726998776197433,1.0,0.0,1.0,1.0,0.0,559.0762939453125,143.45448303222656,559.0762939453125,143.45448303222656,False,False,-0.2204064078568948,-0.28901505434700203,0.11300338366846352,False,,False,timeout
635,1787624605.756238,38.54812500067055,0.06152220070362091,16.254295011607812,True,523,0.0022752005606889725,0.06531820073723793,15.30966849535247,False,False,False,,2.602513551712036,2.883906126022339,5.066919326782227,1.3699486255645752,,,2.892293691635132,False,0.132048566,0.749402418931,0,1.0,-0.9953242540359497,1.410911202430725,0.132048562169075,-0.13143113255500793,0.18630878627300262,0.132048562169075,-0.13143113255500793,0.18630878627300262,0.13106046617031097,-0.09249601513147354,0.16041308641433716,0.13106046617031097,-0.09249601513147354,0.16041308641433716,0.13106036186218262,-0.09249591827392578,0.16041293740272522,False,False,2.0132996141910553,1.2734998017549515,1.0,0.0,1.0,1.0,0.0,580.2925415039062,143.57061767578125,580.2925415039062,143.57061767578125,False,False,-0.2123881846338949,-0.2949529625992045,0.11300071575925447,False,,False,timeout
636,1787624605.8189816,38.609817299991846,0.06169229932129383,16.209478508687035,False,,,,,False,False,False,,2.7335739135742188,2.791410207748413,5.249017715454102,1.3694546222686768,,,2.889535427093506,False,0.132048566,0.749402418931,0,0.9522795677185059,0.14802563190460205,0.963715672492981,0.12574714422225952,0.019546572118997574,0.12725727260112762,0.12574714422225952,0.019546572118997574,0.12725727260112762,0.12707862257957458,-0.008531003259122372,0.1273646503686905,0.12707862257957458,-0.008531004190444946,0.1273646503686905,0.12707853317260742,-0.00853109359741211,0.12736456096172333,False,False,2.840999513864517,2.0163003355264664,1.0,0.0,1.0,1.0,0.0,598.9393920898438,143.5188446044922,598.9393920898438,143.5188446044922,False,False,-0.20528462731180058,-0.3001144539390823,0.11300099689537238,False,,False,timeout
637,1787624605.8837109,38.67148160003126,0.06166430003941059,16.21683858181938,True,524,0.053060099482536316,0.0705222999677062,14.17991189252085,False,False,False,,2.860652446746826,2.782879114151001,5.45880126953125,1.3691320419311523,,,2.957880735397339,False,0.132048566,0.749402418931,0,1.0,-0.8372550010681152,1.3042223453521729,0.132048562169075,-0.11055831611156464,0.17222067713737488,0.132048562169075,-0.11055831611156464,0.17222067713737488,0.13080307841300964,-0.08499053865671158,0.155989870429039,0.13080307841300964,-0.08499053865671158,0.155989870429039,0.13080310821533203,-0.0849905014038086,0.155989870429039,False,False,2.903299406170845,2.094600349664688,1.0,-0.5,1.1180340051651,1.0,0.0,620.4212036132812,112.0450439453125,620.4212036132812,112.0450439453125,False,False,-0.1970943562132659,-0.30608210297511407,0.11300795126942687,False,,False,timeout
638,1787624605.946564,38.73304370045662,0.06156210042536259,16.243760253313518,True,525,0.04845369979739189,0.07292009983211756,13.713640029323594,False,False,False,,2.991455554962158,2.6978886127471924,5.659583568572998,1.3573747873306274,,,2.985947847366333,False,0.132048566,0.749402418931,0,1.0,-0.26981043815612793,1.035759449005127,0.132048562169075,-0.03562808036804199,0.13677054643630981,0.132048562169075,-0.03562808036804199,0.13677054643630981,0.13173645734786987,-0.047998182475566864,0.14020812511444092,0.13173645734786987,-0.047998182475566864,0.14020812511444092,0.13173651695251465,-0.04799818992614746,0.1402081847190857,False,False,2.8443997725844383,2.190300263464451,1.0,-0.5,1.1180340051651,1.0,-0.5,640.9813842773438,110.8128662109375,640.9813842773438,110.8128662109375,False,False,-0.18889216460581573,-0.3112885352348483,0.11296236780071507,False,,False,timeout
639,1787624606.0064511,38.795175400562584,0.06213170010596514,16.094843667475825,True,526,0.03743920009583235,0.0658136997371912,15.194404873046544,False,False,False,,3.123192071914673,2.649890422821045,5.840489387512207,1.240590214729309,,,3.061018228530884,False,0.132048566,0.749402418931,0,1.0,-0.7529085874557495,1.2517473697662354,0.132048562169075,-0.09942049533128738,0.165291428565979,0.132048562169075,-0.09942049533128738,0.165291428565979,0.1319703608751297,-0.08653418719768524,0.15781109035015106,0.1319703608751297,-0.08653418719768524,0.15781109035015106,0.13197040557861328,-0.08653426170349121,0.15781117975711823,False,False,2.736099995672703,1.681600697338581,1.0,0.0,1.0,1.0,-0.5,659.506103515625,130.01385498046875,659.506103515625,130.01385498046875,False,False,-0.17823623954596443,-0.31120198712520875,0.11288502853328904,False,,False,timeout
640,1787624606.066695,38.85658199992031,0.06140659935772419,16.284894627929145,True,527,0.03002799954265356,0.07315019983798265,13.670502639977178,False,False,False,,3.255162477493286,2.5633561611175537,6.051890850067139,1.1469721794128418,,,3.1349375247955322,False,0.132048566,0.749402418931,0,-0.28426992893218994,0.5035631060600281,0.5782604813575745,-0.03753743693232536,0.06649478524923325,0.07635846734046936,-0.03753743693232536,0.06649478524923325,0.07635846734046936,0.004940817132592201,0.028146076947450638,0.028576446697115898,0.004940822720527649,0.02814607322216034,0.0285764429718256,0.00494074821472168,0.028146028518676758,0.028576387092471123,False,False,2.0026005804538727,1.7900001257658005,1.0,0.0,1.0,1.0,0.0,681.1536254882812,120.20268249511719,681.1536254882812,120.20268249511719,False,False,-0.16705465957802984,-0.3130373173494222,0.11278798629240114,False,,False,timeout
641,1787624606.1266263,38.91859710030258,0.06201510038226843,16.12510491534935,True,528,0.009621799923479557,0.06881510000675917,14.531694350539022,False,False,False,,3.260103225708008,2.5915021896362305,6.253262042999268,1.1776690483093262,,,3.3102755546569824,False,0.132048566,0.749402418931,0,0.5410634279251099,-1.0,1.1369915008544922,0.07144664973020554,-0.132048562169075,0.15013809502124786,0.07144664973020554,-0.132048562169075,0.15013809502124786,0.05478043109178543,-0.0919041857123375,0.10699193924665451,0.05478043109178543,-0.0919041857123375,0.10699193924665451,0.05478048324584961,-0.0919041633605957,0.10699194669723511,False,False,1.6908003017306328,1.1880993843078613,1.0,0.5,1.1180340051651,1.0,0.0,701.7740478515625,154.85971069335938,701.7740478515625,154.85971069335938,False,False,-0.16007322931287774,-0.3202089643162036,0.11284080163024965,False,,False,timeout
642,1787624606.1876326,38.980548900552094,0.061951800249516964,16.141580970567468,True,529,0.0015689004212617874,0.08241990022361279,12.132992120676048,False,False,False,,3.3148837089538574,2.4995980262756348,6.4536614418029785,1.18290114402771,,,3.4037652015686035,False,0.132048566,0.749402418931,0,1.0,-1.0,1.4142135381698608,0.132048562169075,-0.132048562169075,0.18674486875534058,0.132048562169075,-0.132048562169075,0.18674486875534058,0.11268536746501923,-0.12198846787214279,0.16606979072093964,0.11268536746501923,-0.12198846787214279,0.16606979072093964,0.1126854419708252,-0.12198853492736816,0.166069895029068,False,False,1.5277005732059479,0.9571993723511696,1.0,0.5,1.1180340051651,1.0,0.5,722.294921875,155.4080352783203,722.294921875,155.4080352783203,False,False,-0.15233277307354778,-0.32621254278032297,0.1128690837475921,False,,False,timeout
643,1787624606.2501073,39.04202549997717,0.06147659942507744,16.266351902217963,False,,,,,False,False,False,,3.4275691509246826,2.3776094913482666,6.637314796447754,1.2979979515075684,,,3.3864476680755615,False,0.132048566,0.749402418931,0,1.0,-1.0,1.4142135381698608,0.132048562169075,-0.132048562169075,0.18674486875534058,0.132048562169075,-0.132048562169075,0.18674486875534058,0.12719620764255524,-0.12952753901481628,0.18153858184814453,0.12719620764255524,-0.12952753901481628,0.18153858184814453,0.1271963119506836,-0.12952756881713867,0.1815386861562729,False,False,2.681400626897812,1.3653002679347992,1.0,0.0,1.0,1.0,0.5,741.1010131835938,136.03018188476562,741.1010131835938,136.03018188476562,False,False,-0.1486516089387505,-0.33669434152746147,0.11273854643221304,False,,False,timeout
644,1787624606.3146696,39.103471600450575,0.06144610047340393,16.27442575355674,True,530,0.05644240044057369,0.07001120038330555,14.283428858883756,False,False,False,,3.554765462875366,2.248081922531128,6.845968246459961,1.3911808729171753,,,3.400925636291504,False,0.132048566,0.749402418931,0,0.4997711181640625,-0.000949561595916748,0.4997720420360565,0.06599405407905579,-0.000125388236483559,0.06599417328834534,0.06599405407905579,-0.000125388236483559,0.06599417328834534,0.08133118599653244,-0.032553259283304214,0.0876040905714035,0.08133118599653244,-0.032553255558013916,0.0876040905714035,0.08133125305175781,-0.03255319595336914,0.08760412782430649,False,False,2.8693005442619324,2.0816996693611145,1.0,0.0,1.0,1.0,0.0,762.4671020507812,145.79574584960938,762.4671020507812,145.79574584960938,False,False,-0.14330445095888616,-0.3469090883809929,0.11276714435370769,False,,False,timeout
645,1787624606.3772523,39.164912200532854,0.06144060008227825,16.275882700703587,True,531,0.050133200362324715,0.06841199938207865,14.617318731104973,False,False,False,,3.636096715927124,2.215528726577759,7.047964096069336,1.3639720678329468,,,3.516530752182007,True,0.132048566,0.749402418931,0,1.0,0.3117547631263733,1.047468900680542,0.132048562169075,0.0411667674779892,0.13831676542758942,0.132048562169075,0.0411667674779892,0.13831676542758942,0.11933892220258713,0.022692721337080002,0.12147731333971024,0.11933892220258713,0.022692721337080002,0.12147731333971024,0.1193389892578125,0.02269268035888672,0.12147737294435501,False,False,3.1147003173828125,1.6569998115301132,1.0,0.0,1.0,1.0,0.0,783.1514892578125,142.94427490234375,783.1514892578125,142.94427490234375,False,False,-0.134470216225478,-0.3515279289740666,0.11288023055592805,False,,False,timeout
646,1787624606.4256148,39.215437300503254,0.05052509997040033,19.792142926700606,True,532,0.03334000054746866,0.06738050002604723,14.841089033376582,False,False,False,,3.7554357051849365,2.2382214069366455,7.205373764038086,1.3661381006240845,,,3.558454990386963,True,0.132048566,0.749402418931,0,1.0,1.0,1.4142135381698608,0.132048562169075,0.132048562169075,0.18674486875534058,0.132048562169075,0.132048562169075,0.18674486875534058,0.12886357307434082,0.10464423894882202,0.16600070893764496,0.12886357307434082,0.10464423894882202,0.16600070893764496,0.12886357307434082,0.1046442985534668,0.16600075364112854,False,False,2.3450003936886787,1.0349992662668228,1.0,0.0,1.0,1.0,0.0,799.270263671875,143.17127990722656,799.270263671875,143.17127990722656,False,False,-0.12830247860307048,-0.3561848040864185,0.1128551565461122,False,,False,timeout
647,1787624606.4808912,39.27280080039054,0.05736349988728762,17.432688067584436,True,533,0.018124000169336796,0.06732419971376657,14.853499993339218,False,False,False,,3.8842992782592773,2.3428657054901123,7.389140605926514,1.3679333925247192,,,3.6379122734069824,True,0.132048566,0.749402418931,0,1.0,-1.0,1.4142135381698608,0.132048562169075,-0.132048562169075,0.18674486875534058,0.132048562169075,-0.132048562169075,0.18674486875534058,0.13125041127204895,-0.07273390144109726,0.15005628764629364,0.13125041127204895,-0.07273390889167786,0.15005628764629364,0.13125038146972656,-0.07273387908935547,0.15005625784397125,False,False,1.697399653494358,1.2174006551504135,1.0,0.0,1.0,1.0,0.0,818.0880126953125,143.3594207763672,818.0880126953125,143.3594207763672,False,False,-0.12106841249900306,-0.36159653563573074,0.11294676141025424,False,,False,timeout
648,1787624606.543642,39.33459020033479,0.061789399944245815,16.184005685478837,True,534,0.011914500035345554,0.07257570046931505,13.778716478565704,False,False,False,,4.015549659729004,2.270131826400757,7.593506813049316,1.3664829730987549,,,3.6903059482574463,True,0.132048566,0.749402418931,0,1.0,-1.0,1.4142135381698608,0.132048562169075,-0.132048562169075,0.18674486875534058,0.132048562169075,-0.132048562169075,0.18674486875534058,0.13184854388237,-0.11718444526195526,0.17639793455600739,0.13184854388237,-0.11718444526195526,0.17639793455600739,0.13184833526611328,-0.11718440055847168,0.17639775574207306,False,False,2.2461004555225372,1.2020999565720558,1.0,0.0,1.0,1.0,0.0,839.0150756835938,143.20741271972656,839.0150756835938,143.20741271972656,False,False,-0.11290145913508742,-0.36747022681475355,0.1129399837240178,False,,False,timeout
649,1787624606.604568,39.39552680030465,0.06093659996986389,16.41049878881573,False,,,,,False,False,False,,4.147397994995117,2.152947425842285,7.774087429046631,1.3673175573349,,,3.7108070850372314,True,0.132048566,0.749402418931,0,1.0,1.0,1.4142135381698608,0.132048562169075,0.132048562169075,0.18674486875534058,0.132048562169075,0.132048562169075,0.18674486875534058,0.13199838995933533,0.06959138065576553,0.14921976625919342,0.13199838995933533,0.06959137320518494,0.14921975135803223,0.13199853897094727,0.06959128379821777,0.1492198407649994,False,False,2.4674003943800926,1.8530003726482391,1.0,0.0,1.0,1.0,0.0,857.5065307617188,143.29489135742188,857.5065307617188,143.29489135742188,False,False,-0.1057392384676954,-0.3727643350043201,0.11294633313918584,False,,False,timeout
650,1787624606.66688,39.45669740065932,0.06117060035467148,16.34772250397951,True,535,0.061036900617182255,0.0679975999519229,14.706401412800469,False,False,False,,4.2793965339660645,2.222538709640503,7.981112003326416,1.367475986480713,,,3.7991881370544434,True,0.132048566,0.749402418931,0,1.0,-0.8973573446273804,1.3435959815979004,0.132048562169075,-0.11849474906921387,0.17741991579532623,0.132048562169075,-0.11849474906921387,0.17741991579532623,0.132036030292511,-0.07136084139347076,0.15008625388145447,0.132036030292511,-0.07136084139347076,0.15008625388145447,0.1320362091064453,-0.07136082649230957,0.1500864028930664,False,False,2.850300632417202,2.0572002977132797,1.0,0.0,1.0,1.0,0.0,878.7058715820312,143.31149291992188,878.7058715820312,143.31149291992188,False,False,-0.09748890222486295,-0.3788082481630138,0.11296134654201831,False,,False,timeout
651,1787624606.7304294,39.5181740000844,0.06147659942507744,16.266351902217963,True,536,0.04315599985420704,0.073369599878788,13.629623190695792,False,False,False,,4.41143274307251,2.1511778831481934,8.181800842285156,1.3686487674713135,,,3.850717782974243,True,0.132048566,0.749402418931,0,1.0,0.10114067792892456,1.0051016807556152,0.132048562169075,0.013355481438338757,0.13272222876548767,0.132048562169075,0.013355481438338757,0.13272222876548767,0.1320454627275467,-0.007874219678342342,0.13228003680706024,0.1320454627275467,-0.007874220609664917,0.13228003680706024,0.13204526901245117,-0.007874250411987305,0.13227984309196472,False,False,2.7536004781723022,2.0076995715498924,1.0,0.0,1.0,1.0,0.0,899.2564697265625,143.43438720703125,899.2564697265625,143.43438720703125,False,False,-0.08950892328894462,-0.3847235337391446,0.11293669486339007,False,,False,timeout
652,1787624606.788543,39.5794103005901,0.06123630050569773,16.330183106129265,True,537,0.03637610003352165,0.07897290028631687,12.66257154510588,False,False,False,,4.543478012084961,2.143303632736206,8.360220909118652,1.3687236309051514,,,3.894547700881958,True,0.132048566,0.749402418931,0,1.0,-1.0,1.4142135381698608,0.132048562169075,-0.132048562169075,0.18674486875534058,0.132048562169075,-0.132048562169075,0.18674486875534058,0.13204772770404816,-0.10093078017234802,0.166203573346138,0.13204772770404816,-0.10093078017234802,0.166203573346138,0.1320476531982422,-0.10093069076538086,0.16620345413684845,False,False,2.1310001611709595,1.5428997576236725,0.5,0.0,0.5,1.0,0.0,886.806640625,143.44223022460938,886.806640625,143.44223022460938,False,False,-0.08237176147822493,-0.3899478386818082,0.1129180938439204,False,,False,timeout
653,1787624606.848042,39.640997000038624,0.061586699448525906,16.237272153800006,True,538,0.022997799329459667,0.06802569981664419,14.700326533874554,False,False,False,,4.675525665283203,2.042372941970825,8.559796333312988,1.3693853616714478,,,3.9421403408050537,True,0.132048566,0.749402418931,0,1.0,0.13213568925857544,1.0086921453475952,0.132048562169075,0.01744832843542099,0.13319633901119232,0.132048562169075,0.01744832843542099,0.13319633901119232,0.1320483237504959,-0.012217165902256966,0.13261228799819946,0.1320483237504959,-0.012217164039611816,0.13261228799819946,0.1320481300354004,-0.012217283248901367,0.13261210918426514,False,False,1.5831999480724335,0.9695002809166908,0.5,0.0,0.5,0.5,0.0,907.2431640625,143.51158142089844,907.2431640625,143.51158142089844,False,False,-0.07439332492816979,-0.39582734286717386,0.11296276772969197,False,,False,timeout
654,1787624606.9109795,39.70288910064846,0.06189210060983896,16.15715075343606,True,539,0.020070800557732582,0.07495709974318743,13.340964410657929,False,False,False,,4.8075737953186035,2.030155658721924,8.634069442749023,1.3655651807785034,,,3.8837802410125732,True,0.132048566,0.749402418931,0,1.0,-1.0,1.4142135381698608,0.132048562169075,-0.132048562169075,0.18674486875534058,0.132048562169075,-0.132048562169075,0.18674486875534058,0.13204845786094666,-0.10201913118362427,0.16686730086803436,0.13204845786094666,-0.10201913118362427,0.16686730086803436,0.1320486068725586,-0.10201907157897949,0.16686739027500153,False,False,1.6655996441841125,0.9810002520680428,0.5,0.0,0.5,0.5,0.0,914.8486938476562,143.11123657226562,914.8486938476562,143.11123657226562,False,False,-0.07129050886660528,-0.39783575424333795,0.1129178578054182,False,,False,timeout
655,1787624606.9745445,39.76441409997642,0.06152499932795763,16.25355564279688,True,540,0.009200099855661392,0.06481830030679703,15.427741783829793,False,False,False,,4.939622402191162,1.9281365871429443,8.737249374389648,1.3662233352661133,,,3.8389732837677,True,0.132048566,0.749402418931,0,1.0,0.8684178590774536,1.3244431018829346,0.132048562169075,0.11467333137989044,0.17489081621170044,0.132048562169075,0.11467333137989044,0.17489081621170044,0.1320485770702362,0.06037074327468872,0.14519453048706055,0.1320485770702362,0.06037074327468872,0.14519453048706055,0.1320486068725586,0.060370683670043945,0.14519453048706055,False,False,2.4528000503778458,1.8010996282100677,1.0,0.0,1.0,0.5,0.0,956.1343994140625,143.18020629882812,956.1343994140625,143.18020629882812,False,False,-0.06716732254783256,-0.40089573086876634,0.11299034187775794,False,,False,timeout
656,1787624607.035114,39.826110100373626,0.06169600039720535,16.20850611971432,True,541,0.004193400032818317,0.07239599991589785,13.812917856811097,False,False,False,,5.071671009063721,1.9885072708129883,8.835565567016602,1.3657768964767456,,,3.8150618076324463,True,0.132048566,0.749402418931,0,1.0,-1.0,1.4142135381698608,0.132048562169075,-0.132048562169075,0.18674486875534058,0.132048562169075,-0.132048562169075,0.18674486875534058,0.1320485770702362,-0.08382876217365265,0.15640999376773834,0.1320485770702362,-0.08382876217365265,0.15640999376773834,0.1320486068725586,-0.08382880687713623,0.15641003847122192,False,False,2.160300500690937,1.351499930024147,1.0,0.0,1.0,1.0,0.0,966.2019653320312,143.1334228515625,966.2019653320312,143.1334228515625,False,False,-0.06320061205222223,-0.4037659167235442,0.11295395110185126,False,,False,timeout
657,1787624607.097149,39.888003000058234,0.06189289968460798,16.15694215484766,True,542,0.00015859957784414291,0.06670830026268959,14.990638287321298,False,False,False,,5.203719615936279,1.904678463935852,9.06405258178711,1.369471788406372,,,3.8972575664520264,True,0.132048566,0.749402418931,0,1.0,-0.5620689988136292,1.1471362113952637,0.132048562169075,-0.07422040402889252,0.15147769451141357,0.132048562169075,-0.07422040402889252,0.15147769451141357,0.1320485770702362,-0.07662824541330338,0.1526719182729721,0.1320485770702362,-0.07662824541330338,0.1526719182729721,0.1320486068725586,-0.07662820816040039,0.1526719182729721,False,False,2.1803006529808044,1.4881007373332977,0.5,0.0,0.5,1.0,0.0,958.8790283203125,143.52064514160156,958.8790283203125,143.52064514160156,False,False,-0.05412062813658922,-0.41065817828686785,0.11291609402649984,False,,False,timeout
658,1787624607.1597764,39.94963770080358,0.06163470074534416,16.22462651569764,False,,,,,False,False,False,,5.335768222808838,1.8280502557754517,9.254798889160156,1.3675496578216553,,,3.945993185043335,True,0.132048566,0.749402418931,0,1.0,-0.9610772132873535,1.3869640827178955,0.132048562169075,-0.12690886855125427,0.1831466257572174,0.132048562169075,-0.12690886855125427,0.1831466257572174,0.1320485770702362,-0.11430865526199341,0.17465192079544067,0.1320485770702362,-0.11430865526199341,0.17465192079544067,0.1320486068725586,-0.11430871486663818,0.17465199530124664,False,False,2.8643999248743057,3.09120025485754,1.0,1.0,1.4142135381698608,0.5,0.0,1009.1314697265625,206.19921875,1009.1314697265625,206.19921875,False,False,-0.04636508378894739,-0.4161981428992661,0.11290668155160022,False,,False,timeout
659,1787624607.2231357,40.01095070037991,0.061312999576330185,16.309754977083994,True,543,0.05711840000003576,0.06592960003763437,15.167694016483846,False,False,False,,5.4678168296813965,1.7137415409088135,9.323357582092285,1.3769505023956299,,,3.870222568511963,True,0.132048566,0.749402418931,0,1.0,-1.0,1.4142135381698608,0.132048562169075,-0.132048562169075,0.18674486875534058,0.132048562169075,-0.132048562169075,0.18674486875534058,0.1320485770702362,-0.12760299444198608,0.18362830579280853,0.1320485770702362,-0.12760299444198608,0.18362830579280853,0.1320486068725586,-0.12760305404663086,0.1836283653974533,False,False,3.6229006946086884,1.9567999988794327,1.0,0.5,1.1180340051651,1.0,1.0,1016.1517944335938,175.74441528320312,1016.1517944335938,175.74441528320312,False,False,-0.043900434505748175,-0.4186436658082981,0.11282893643963168,False,,False,timeout
660,1787624607.281377,40.0721527999267,0.06120209954679012,16.339308739489923,True,544,0.048360299319028854,0.06639060005545616,15.062373275203095,False,False,False,,5.599865436553955,1.5861384868621826,9.562792778015137,1.6147857904434204,,,3.9630308151245117,True,0.132048566,0.749402418931,0,1.0,-0.32703906297683716,1.0521191358566284,0.132048562169075,-0.0431850366294384,0.1389308124780655,0.132048562169075,-0.0431850366294384,0.1389308124780655,0.1320485770702362,-0.06433998793363571,0.14688928425312042,0.1320485770702362,-0.06433998793363571,0.14688928425312042,0.1320486068725586,-0.06433999538421631,0.14688929915428162,False,False,2.2145994007587433,2.018200233578682,1.0,1.0,1.4142135381698608,1.0,0.5,1040.6700439453125,232.1095428466797,1040.6700439453125,232.1095428466797,False,False,-0.04191825713248569,-0.43634758121246764,0.11242007208159338,False,,False,timeout
661,1787624607.340604,40.13352210074663,0.061369300819933414,16.294792129604794,True,545,0.03149630036205053,0.06955139990895987,14.37785582042866,False,False,False,,5.731914043426514,1.5217984914779663,9.751154899597168,1.6948742866516113,,,4.022965431213379,True,0.132048566,0.749402418931,0,1.0,1.0,1.4142135381698608,0.132048562169075,0.132048562169075,0.18674486875534058,0.132048562169075,0.132048562169075,0.18674486875534058,0.1320485770702362,0.08283406496047974,0.15587913990020752,0.1320485770702362,0.08283406496047974,0.15587913990020752,0.1320486068725586,0.08283412456512451,0.1558791995048523,False,False,1.6059000045061111,0.9623998776078224,1.0,0.5,1.1180340051651,1.0,1.0,1059.9583740234375,209.0628204345703,1059.9583740234375,209.0628204345703,False,False,-0.0369034836812608,-0.44549093182666055,0.11244095870261285,False,,False,timeout
662,1787624607.4050784,40.194959400221705,0.061437299475073814,16.276757092907665,True,546,0.013608499430119991,0.07823839969933033,12.781447522482484,False,False,False,,5.863962650299072,1.6046326160430908,9.945626258850098,1.890466570854187,,,4.0916595458984375,True,0.132048566,0.749402418931,0,1.0,0.11709526181221008,1.0068323612213135,0.132048562169075,0.015462260693311691,0.13295075297355652,0.132048562169075,0.015462260693311691,0.13295075297355652,0.1320485770702362,0.0323454849421978,0.1359524130821228,0.1320485770702362,0.0323454849421978,0.1359524130821228,0.1320486068725586,0.03234553337097168,0.1359524428844452,False,False,1.7854999750852585,1.7111003398895264,1.0,0.5,1.1180340051651,1.0,0.5,1079.8721923828125,229.5609130859375,1079.8721923828125,229.5609130859375,False,False,-0.03537931796081104,-0.4599423188834562,0.11246050042713292,False,,False,timeout
663,1787624607.466504,40.25639060046524,0.06143120024353266,16.278373139962827,True,547,0.011445700190961361,0.07931900024414062,12.607319771076805,False,False,False,,5.996011257171631,1.6369781494140625,10.142048835754395,1.9799656867980957,,,4.160200119018555,True,0.132048566,0.749402418931,0,1.0,-0.24753332138061523,1.0301809310913086,0.132048562169075,-0.032686419785022736,0.13603390753269196,0.132048562169075,-0.032686419785022736,0.13603390753269196,0.1320485770702362,-0.016389569267630577,0.13306181132793427,0.1320485770702362,-0.016389571130275726,0.13306181132793427,0.1320486068725586,-0.01638960838317871,0.13306184113025665,False,False,2.187199890613556,1.8594004213809967,1.0,0.5,1.1180340051651,1.0,0.5,1099.98583984375,238.94039916992188,1099.98583984375,238.94039916992188,False,False,-0.030347110528960965,-0.4697367883132953,0.11254586828848409,False,,False,timeout
664,1787624607.5268922,40.31782690063119,0.06143630016595125,16.27702184699938,False,,,,,False,False,False,,6.1280598640441895,1.6205885410308838,10.343989372253418,2.0765116214752197,,,4.2405104637146,True,0.132048566,0.749402418931,0,1.0,-1.0,1.4142135381698608,0.132048562169075,-0.132048562169075,0.18674486875534058,0.132048562169075,-0.132048562169075,0.18674486875534058,0.1320485770702362,-0.10306470096111298,0.16750867664813995,0.1320485770702362,-0.10306470096111298,0.16750867664813995,0.1320486068725586,-0.1030646562576294,0.16750867664813995,False,False,2.2259997203946114,2.2772997617721558,0.5,1.0,1.1180340051651,1.0,0.5,1089.944580078125,280.4984436035156,1089.944580078125,280.4984436035156,False,False,-0.025319862027677362,-0.4800077563955178,0.11269342111313745,False,,False,timeout
665,1787624607.5876834,40.37922170013189,0.06139479950070381,16.28802452540848,True,548,0.06048469990491867,0.06366469990462065,15.707291505310655,False,False,False,,6.260108470916748,1.5175238847732544,10.5161771774292,2.1738007068634033,,,4.306369781494141,True,0.132048566,0.749402418931,0,1.0,-0.7607840299606323,1.256500005722046,0.132048562169075,-0.10046043992042542,0.16591903567314148,0.132048562169075,-0.10046043992042542,0.16591903567314148,0.1320485770702362,-0.10111304372549057,0.1663149893283844,0.1320485770702362,-0.10111304372549057,0.1663149893283844,0.1320486068725586,-0.10111308097839355,0.16631503403186798,False,False,1.9092001020908356,1.3312995433807373,0.5,0.5,0.7071067690849304,0.5,1.0,1107.5765380859375,259.2543029785156,1107.5765380859375,259.2543029785156,False,False,-0.021519034232572808,-0.48942526681504117,0.1127114620326739,False,,False,timeout
666,1787624607.6520205,40.44081990048289,0.06159820035099983,16.234240518420737,True,549,0.05359799973666668,0.07415449991822243,13.48535828712755,False,False,False,,6.392157077789307,1.4164108037948608,10.607763290405273,2.385740280151367,,,4.325613975524902,True,0.132048566,0.749402418931,0,1.0,1.0,1.4142135381698608,0.132048562169075,0.132048562169075,0.18674486875534058,0.132048562169075,0.132048562169075,0.18674486875534058,0.1320485770702362,0.0736188143491745,0.1511838436126709,0.1320485770702362,0.0736188143491745,0.1511838436126709,0.1320486068725586,0.07361876964569092,0.1511838585138321,False,False,2.863899804651737,1.991800032556057,0.5,0.0,0.5,0.5,0.5,1116.9549560546875,250.0255889892578,1116.9549560546875,250.0255889892578,False,False,-0.024692446776753793,-0.5014721529907655,0.11280337994777583,False,,False,timeout
667,1787624607.7052388,40.49084500037134,0.05002509988844395,19.989965082128805,True,550,0.035090699791908264,0.06805459968745708,14.694083935436133,False,False,False,,6.524205684661865,1.4900295734405518,10.673373222351074,2.451005697250366,,,4.258998394012451,True,0.132048566,0.749402418931,0,1.0,1.0,1.4142135381698608,0.132048562169075,0.132048562169075,0.18674486875534058,0.132048562169075,0.132048562169075,0.18674486875534058,0.1320485770702362,0.11740618944168091,0.17669476568698883,0.1320485770702362,0.11740618944168091,0.17669476568698883,0.1320486068725586,0.11740612983703613,0.17669473588466644,False,False,2.753700129687786,2.0344993099570274,0.5,0.5,0.7071067690849304,0.5,0.0,1123.6734619140625,288.3053894042969,1123.6734619140625,288.3053894042969,False,False,-0.02415952839379909,-0.5062897742191099,0.11282273167443141,False,,False,timeout
668,1787624607.7564242,40.54828300047666,0.05743800010532141,17.410076920616078,True,551,0.02303630020469427,0.06852800026535988,14.59257524118194,False,False,False,,6.656254291534424,1.607435703277588,10.774944305419922,2.4364538192749023,,,4.201294898986816,True,0.132048566,0.749402418931,0,1.0,-0.10493141412734985,1.0054903030395508,0.132048562169075,-0.013856042176485062,0.1327735334634781,0.132048562169075,-0.013856042176485062,0.1327735334634781,0.1320485770702362,0.019037939608097076,0.1334138959646225,0.1320485770702362,0.019037939608097076,0.1334138959646225,0.1320486068725586,0.019037961959838867,0.13341394066810608,False,False,2.3252004757523537,0.9729005396366119,0.5,1.0,1.1180340051651,0.5,0.5,1134.0743408203125,318.2203674316406,1134.0743408203125,318.2203674316406,False,False,-0.01958980860938564,-0.5086822133779177,0.11289546590179105,False,,False,timeout
669,1787624607.8191812,40.609086700715125,0.06080370023846626,16.44636750852491,True,552,0.014585400000214577,0.06950599979609251,14.38724718633884,False,False,False,,6.788302898406982,1.6264736652374268,10.867648124694824,2.5439538955688477,,,4.181247234344482,True,0.132048566,0.749402418931,0,1.0,-1.0,1.4142135381698608,0.132048562169075,-0.132048562169075,0.18674486875534058,0.132048562169075,-0.132048562169075,0.18674486875534058,0.1320485770702362,-0.09418664127588272,0.1621972620487213,0.1320485770702362,-0.09418664127588272,0.1621972620487213,0.1320486068725586,-0.09418666362762451,0.1621972918510437,False,False,2.3945001885294914,1.7079003155231476,0.5,1.0,1.1180340051651,0.5,1.0,1143.567138671875,329.4863586425781,1143.567138671875,329.4863586425781,False,False,-0.019334431767134768,-0.5161556884550561,0.11285167264559559,False,,False,timeout
670,1787624607.8817134,40.67056549992412,0.06147879920899868,16.26576987296833,False,,,,,False,False,False,,6.920351505279541,1.5322870016098022,10.976322174072266,2.777390480041504,,,4.242779731750488,True,0.132048566,0.749402418931,0,1.0,1.0,1.4142135381698608,0.132048562169075,0.132048562169075,0.18674486875534058,0.132048562169075,0.132048562169075,0.18674486875534058,0.1320485770702362,0.07535456120967865,0.1520366221666336,0.1320485770702362,0.07535456120967865,0.1520366221666336,0.1320486068725586,0.07535457611083984,0.1520366668701172,False,False,3.49349994212389,3.0331993475556374,0.5,0.5,0.7071067690849304,0.5,1.0,1154.6954345703125,322.5105285644531,1154.6954345703125,322.5105285644531,False,False,-0.022512543462758203,-0.529586881917549,0.11285339090721702,False,,False,timeout
671,1787624607.945184,40.731802199967206,0.06123670004308224,16.330076560240244,True,553,0.05695299990475178,0.06924090068787336,14.442330906523532,False,False,False,,7.0524001121521,1.607641577720642,11.075762748718262,2.962167739868164,,,4.245254993438721,True,0.132048566,0.749402418931,0,1.0,-0.37275081872940063,1.0672128200531006,0.132048562169075,-0.049221210181713104,0.14092391729354858,0.132048562169075,-0.049221210181713104,0.14092391729354858,0.1320485770702362,-0.018002821132540703,0.13327012956142426,0.1320485770702362,-0.018002822995185852,0.13327012956142426,0.1320486068725586,-0.018002867698669434,0.13327017426490784,False,False,4.0605999529361725,1.9776998087763786,0.5,0.5,0.7071067690849304,0.5,0.5,1164.878173828125,341.87518310546875,1164.878173828125,341.87518310546875,False,False,-0.02448129135602183,-0.540588347764537,0.11274946320856394,False,,False,timeout
672,1787624608.0034263,40.793159200809896,0.06135700084269047,16.298058677343764,True,554,0.04102700017392635,0.08088159933686256,12.36375156029142,False,False,False,,7.184448719024658,1.5896387100219727,11.160669326782227,3.0283634662628174,,,4.228505611419678,True,0.132048566,0.749402418931,0,1.0,-0.3310249447822571,1.053364872932434,0.132048562169075,-0.04371136799454689,0.13909532129764557,0.132048562169075,-0.04371136799454689,0.13909532129764557,0.1320485770702362,-0.037268880754709244,0.13720712065696716,0.1320485770702362,-0.037268880754709244,0.13720712065696716,0.1320486068725586,-0.037268877029418945,0.13720715045928955,False,False,2.5463998317718506,1.3875002041459084,0.5,0.5,0.7071067690849304,0.5,0.5,1173.572509765625,348.8124694824219,1173.572509765625,348.8124694824219,False,False,-0.023204376093911655,-0.5459962845197642,0.11272284383509226,False,,False,timeout
673,1787624608.0659049,40.85473190061748,0.061572699807584286,16.240963984444676,True,555,0.03550380002707243,0.0767534002661705,13.028738746845535,False,False,False,,7.316497325897217,1.5523698329925537,11.26686954498291,3.134329319000244,,,4.255353927612305,True,0.132048566,0.749402418931,0,0.8852425813674927,1.0,1.3355352878570557,0.11689501255750656,0.132048562169075,0.1763555109500885,0.11689501255750656,0.132048562169075,0.1763555109500885,0.12069246172904968,0.089618019759655,0.15032650530338287,0.12069246172904968,0.0896180272102356,0.15032652020454407,0.12069225311279297,0.08961796760559082,0.15032631158828735,False,False,2.7970001101493835,1.3849996030330658,0.5,0.0,0.5,0.5,0.5,1184.4473876953125,328.47772216796875,1184.4473876953125,328.47772216796875,False,False,-0.02235597396260066,-0.5537590325659474,0.11288065166737815,False,,False,timeout
674,1787624608.1257203,40.91660390049219,0.06187199987471104,16.16239982584966,True,556,0.027639999985694885,0.06709290016442537,14.904706720819759,False,False,False,,7.43718957901001,1.6419878005981445,11.36945629119873,3.2215416431427,,,4.237654209136963,True,0.132048566,0.749402418931,0,1.0,1.0,1.4142135381698608,0.132048562169075,0.132048562169075,0.18674486875534058,0.132048562169075,0.132048562169075,0.18674486875534058,0.1292026937007904,0.12141555547714233,0.1772993803024292,0.1292026937007904,0.12141555547714233,0.1772993803024292,0.12920284271240234,0.12141561508178711,0.17729952931404114,False,False,2.093999646604061,1.1255992576479912,0.5,0.5,0.7071067690849304,0.5,0.0,1194.952392578125,369.05755615234375,1194.952392578125,369.05755615234375,False,False,-0.02104839562786189,-0.5605967922261519,0.11297706116291968,False,,False,timeout
675,1787624608.1871772,40.97807720024139,0.061473299749195576,16.267225024195742,True,557,0.014187799766659737,0.06974240019917488,14.338479850767037,False,False,False,,7.566392421722412,1.7634034156799316,11.452911376953125,3.204130172729492,,,4.14496374130249,True,0.132048566,0.749402418931,0,1.0,-0.5107049345970154,1.1228622198104858,0.132048562169075,-0.06743784993886948,0.1482723355293274,0.132048562169075,-0.06743784993886948,0.1482723355293274,0.13133542239665985,-0.020111627876758575,0.13286636769771576,0.13133542239665985,-0.02011162042617798,0.13286636769771576,0.13133525848388672,-0.020111560821533203,0.13286620378494263,False,False,2.4265004321932793,1.699100248515606,1.0,0.0,1.0,0.5,0.5,1234.21826171875,335.7928466796875,1234.21826171875,335.7928466796875,False,False,-0.017130875164427312,-0.5623451964374859,0.11286521711324661,False,,False,timeout
676,1787624608.2486317,41.03955520037562,0.06147800013422966,16.265981291138665,True,558,0.0075196996331214905,0.07492600008845329,13.34650186610066,False,False,False,,7.697727680206299,1.7432918548583984,11.576650619506836,3.3215079307556152,,,4.187697410583496,True,0.132048566,0.749402418931,0,1.0,1.0,1.4142135381698608,0.132048562169075,0.132048562169075,0.18674486875534058,0.132048562169075,0.132048562169075,0.18674486875534058,0.13186980783939362,0.0939176008105278,0.1618955284357071,0.13186980783939362,0.0939176008105278,0.1618955284357071,0.13186979293823242,0.0939176082611084,0.1618955135345459,False,False,2.213500440120697,1.179000362753868,0.5,0.5,0.7071067690849304,1.0,0.0,1216.1690673828125,379.5340270996094,1216.1690673828125,379.5340270996094,False,False,-0.01594941277960259,-0.5711150765369126,0.1130496626260878,False,,False,timeout
677,1787624608.3111973,41.1010990999639,0.06154389958828688,16.248564141852356,True,559,0.0016891993582248688,0.06813769973814487,14.67616317901879,False,False,False,,7.829597473144531,1.8372094631195068,11.782052993774414,3.3083605766296387,,,4.217367649078369,True,0.132048566,0.749402418931,0,1.0,-0.5170946717262268,1.12578284740448,0.132048562169075,-0.06828160583972931,0.14865799248218536,0.132048562169075,-0.06828160583972931,0.14865799248218536,0.1320037543773651,-0.0276348777115345,0.134865403175354,0.1320037543773651,-0.0276348739862442,0.134865403175354,0.1320037841796875,-0.027634859085083008,0.1348654329776764,False,False,2.620699815452099,1.8449006602168083,0.5,0.5,0.7071067690849304,0.5,0.5,1237.2022705078125,378.15618896484375,1237.2022705078125,378.15618896484375,False,False,-0.007257082450775731,-0.5767148369857621,0.11285025542469704,False,,False,timeout
678,1787624608.3707848,41.16272119991481,0.061622099950909615,16.227944208273268,False,,,,,False,False,False,,7.961601257324219,1.8095746040344238,11.856139183044434,3.418652057647705,,,4.213852882385254,True,0.132048566,0.749402418931,0,1.0,1.0,1.4142135381698608,0.132048562169075,0.132048562169075,0.18674486875534058,0.132048562169075,0.132048562169075,0.18674486875534058,0.13203734159469604,0.0920322835445404,0.1609465777873993,0.13203734159469604,0.0920322835445404,0.1609465777873993,0.13203716278076172,0.09203231334686279,0.16094644367694855,False,False,2.095600590109825,1.900400035083294,0.5,0.5,0.7071067690849304,0.5,0.5,1244.7886962890625,389.7147216796875,1244.7886962890625,389.7147216796875,False,False,-0.007849567302533042,-0.5836846816132547,0.11296692259063557,False,,False,timeout
679,1787624608.4334903,41.22435950022191,0.06163830030709505,16.223679027776374,True,560,0.04491200018674135,0.06737409997731447,14.842498828729585,False,False,False,,8.09363842010498,1.9016069173812866,11.959171295166016,3.5258593559265137,,,4.192915439605713,True,0.132048566,0.749402418931,0,1.0,-1.0,1.4142135381698608,0.132048562169075,-0.132048562169075,0.18674486875534058,0.132048562169075,-0.132048562169075,0.18674486875534058,0.1320457011461258,-0.07589443773031235,0.15230244398117065,0.1320457011461258,-0.07589444518089294,0.15230244398117065,0.13204574584960938,-0.07589447498321533,0.15230250358581543,False,False,1.9768001511693,1.4185002073645592,0.5,0.5,0.7071067690849304,0.5,0.5,1255.3392333984375,400.9500427246094,1255.3392333984375,400.9500427246094,False,False,-0.007176788528594111,-0.59138347125335,0.11301155526240193,False,,False,timeout
680,1787624608.496851,41.28562400024384,0.06126450002193451,16.32266646495067,True,561,0.03454579971730709,0.08043670002371073,12.432136073523964,False,False,False,,8.22568416595459,1.8257124423980713,12.059096336364746,3.6205191612243652,,,4.232774257659912,True,0.132048566,0.749402418931,0,1.0,-0.1875177025794983,1.0174295902252197,0.132048562169075,-0.024761442095041275,0.13435010612010956,0.132048562169075,-0.024761442095041275,0.13435010612010956,0.1320478469133377,-0.03757525235414505,0.13728997111320496,0.1320478469133377,-0.03757525235414505,0.13728997111320496,0.1320476531982422,-0.03757524490356445,0.13728977739810944,False,False,2.6250993832945824,1.3453001156449318,0.5,0.0,0.5,0.5,0.5,1265.571533203125,379.430419921875,1265.571533203125,379.430419921875,False,False,-0.006223234002826372,-0.5984439857118392,0.11291125763136244,False,,False,timeout
681,1787624608.5551944,41.347056600265205,0.061432600021362305,16.278002227681466,True,562,0.027661699801683426,0.07123349979519844,14.038338743359144,False,False,False,,8.357731819152832,1.7881371974945068,12.148703575134277,3.703723669052124,,,4.247462272644043,True,0.132048566,0.749402418931,0,1.0,0.9807921648025513,1.4006974697113037,0.132048562169075,0.12951219081878662,0.18496008217334747,0.132048562169075,0.12951219081878662,0.18496008217334747,0.1320483237504959,0.08764047920703888,0.15848536789417267,0.1320483237504959,0.08764047920703888,0.15848536789417267,0.1320486068725586,0.08764052391052246,0.15848563611507416,False,False,1.7045000568032265,0.9575001895427704,0.5,0.0,0.5,0.5,0.0,1274.747314453125,388.1502380371094,1274.747314453125,388.1502380371094,False,False,-0.00531433541657419,-0.6046986974084794,0.11296491205839701,False,,False,timeout
682,1787624608.6171832,41.409095000475645,0.06203840021044016,16.11904879248828,True,563,0.020057599991559982,0.06832069996744394,14.636852381145365,False,False,False,,8.48978042602539,1.8757777214050293,12.248737335205078,3.685288190841675,,,4.171820163726807,True,0.132048566,0.749402418931,0,1.0,-0.5786689519882202,1.155360460281372,0.132048562169075,-0.07641240209341049,0.15256367623806,0.132048562169075,-0.07641240209341049,0.15256367623806,0.1320485770702362,-0.03530113771557808,0.13668575882911682,0.1320485770702362,-0.03530113399028778,0.13668575882911682,0.1320486068725586,-0.0353010892868042,0.13668577373027802,False,False,1.749199815094471,1.1718999594449997,1.0,-0.5,1.1180340051651,0.5,0.0,1315.710693359375,354.7781982421875,1315.710693359375,354.7781982421875,False,False,-0.0006913996210183538,-0.6069247587662939,0.11288500739248944,False,,False,timeout
683,1787624608.679622,41.47053170017898,0.06143669970333576,16.2769159936777,True,564,0.013862799853086472,0.06964869983494282,14.357769812930508,False,False,False,,8.62182903289795,1.840476632118225,12.36456298828125,3.6729297637939453,,,4.167246341705322,True,0.132048566,0.749402418931,0,1.0,0.59287428855896,1.162540316581726,0.132048562169075,0.07828819751739502,0.15351177752017975,0.132048562169075,0.07828819751739502,0.15351177752017975,0.1320485770702362,0.04982299357652664,0.14113524556159973,0.1320485770702362,0.04982299357652664,0.14113524556159973,0.1320486068725586,0.04982304573059082,0.1411352902650833,False,False,1.7159003764390945,0.978199765086174,1.0,-0.5,1.1180340051651,1.0,-0.5,1327.5714111328125,353.4830322265625,1327.5714111328125,353.4830322265625,False,False,0.004376120104476412,-0.6098896254609597,0.11296657413924696,False,,False,timeout
684,1787624608.7421381,41.53204490058124,0.06151320040225983,16.256673258107096,True,565,0.0005280002951622009,0.06761960033327341,14.788611513101955,False,False,False,,8.753877639770508,1.890299677848816,12.58924674987793,3.547807455062866,,,4.17820405960083,True,0.132048566,0.749402418931,0,1.0,1.0,1.4142135381698608,0.132048562169075,0.132048562169075,0.18674486875534058,0.132048562169075,0.132048562169075,0.18674486875534058,0.1320485770702362,0.11144304275512695,0.17278997600078583,0.1320485770702362,0.11144304275512695,0.17278997600078583,0.1320486068725586,0.1114431619644165,0.17279008030891418,False,False,2.452000044286251,1.2050997465848923,0.5,0.5,0.7071067690849304,1.0,-0.5,1319.85888671875,403.2502136230469,1319.85888671875,403.2502136230469,False,False,0.017529777754082987,-0.6113262497379413,0.11298623875135815,False,,False,timeout
685,1787624608.8030226,41.593900199979544,0.06185529939830303,16.166763555063067,False,,,,,False,False,False,,8.885926246643066,2.0017428398132324,12.76260757446289,3.471769332885742,,,4.14603853225708,True,0.132048566,0.749402418931,0,1.0,-1.0,1.4142135381698608,0.132048562169075,-0.132048562169075,0.18674486875534058,0.132048562169075,-0.132048562169075,0.18674486875534058,0.1320485770702362,-0.07103012502193451,0.1499403417110443,0.1320485770702362,-0.07103012502193451,0.1499403417110443,0.1320486068725586,-0.0710301399230957,0.1499403715133667,False,False,2.6836004108190536,1.9609006121754646,1.0,0.0,1.0,0.5,0.5,1368.3309326171875,363.8414306640625,1368.3309326171875,363.8414306640625,False,False,0.027043823245908243,-0.6133175984124909,0.11298491635951849,False,,False,timeout
686,1787624608.8654864,41.65526620019227,0.06136600021272898,16.295668554793192,True,566,0.05406979937106371,0.07484809961169958,13.360392651087283,False,False,False,,9.017974853515625,1.9307126998901367,12.863580703735352,3.6058170795440674,,,4.19459867477417,True,0.132048566,0.749402418931,0,1.0,-1.0,1.4142135381698608,0.132048562169075,-0.132048562169075,0.18674486875534058,0.132048562169075,-0.132048562169075,0.18674486875534058,0.1320485770702362,-0.11675748974084854,0.17626439034938812,0.1320485770702362,-0.11675748974084854,0.17626439034938812,0.1320486068725586,-0.11675751209259033,0.1762644350528717,False,False,2.763800323009491,2.0280005410313606,0.5,0.5,0.7071067690849304,1.0,0.0,1347.95068359375,409.3296203613281,1347.95068359375,409.3296203613281,False,False,0.026736598343390962,-0.6221133261988089,0.11310823581150457,False,,False,timeout
687,1787624608.9276364,41.71651650033891,0.06125030014663935,16.326450606868864,True,567,0.04565529990941286,0.07012030016630888,14.261205351777372,False,False,False,,9.150023460388184,1.8139551877975464,13.076991081237793,3.5880606174468994,,,4.309121131896973,True,0.132048566,0.749402418931,0,1.0,-0.061775997281074524,1.0019062757492065,0.132048562169075,-0.008157432079315186,0.13230028748512268,0.132048562169075,-0.008157432079315186,0.13230028748512268,0.1320485770702362,-0.03537234663963318,0.13670416176319122,0.1320485770702362,-0.03537234663963318,0.13670416176319122,0.1320486068725586,-0.035372376441955566,0.1367042064666748,False,False,2.58680060505867,1.4055995270609856,0.5,0.0,0.5,0.5,0.5,1369.803955078125,376.02874755859375,1369.803955078125,376.02874755859375,False,False,0.03597753357735172,-0.6278298206421579,0.1129639179566946,False,,False,timeout
688,1787624608.9909592,41.777623400092125,0.06110689975321293,16.36476411074056,True,568,0.03321039956063032,0.069225599989295,14.445523045732203,False,False,False,,9.282072067260742,1.7785828113555908,13.145699501037598,3.6905357837677,,,4.310821533203125,True,0.132048566,0.749402418931,0,1.0,0.19560618698596954,1.0189512968063354,0.132048562169075,0.025829516351222992,0.1345510631799698,0.132048562169075,0.025829516351222992,0.1345510631799698,0.1320485770702362,0.010492470115423203,0.13246478140354156,0.1320485770702362,0.010492470115423203,0.13246478140354156,0.1320486068725586,0.010492444038391113,0.13246481120586395,False,False,2.9225004836916924,2.022399567067623,0.5,0.5,0.7071067690849304,0.5,0.0,1376.839599609375,418.2081604003906,1376.839599609375,418.2081604003906,False,False,0.03539304930526844,-0.6342911646957236,0.112860914916896,False,,False,timeout
689,1787624609.0482643,41.83916660025716,0.06154320016503334,16.248748802766425,True,569,0.02682300005108118,0.07354969996958971,13.596248528729088,False,False,False,,9.4141206741333,1.789075255393982,13.24332046508789,3.6865174770355225,,,4.273530006408691,True,0.132048566,0.749402418931,0,1.0,-0.012663513422012329,1.0000801086425781,0.132048562169075,-0.0016721987631171942,0.13205914199352264,0.132048562169075,-0.0016721987631171942,0.13205914199352264,0.1320485770702362,0.0013762310845777392,0.13205574452877045,0.1320485770702362,0.001376231200993061,0.13205574452877045,0.1320486068725586,0.0013762712478637695,0.13205577433109283,False,False,2.343100495636463,1.2163994833827019,0.5,1.0,1.1180340051651,0.5,0.5,1386.8360595703125,449.22705078125,1386.8360595703125,449.22705078125,False,False,0.03948878315447882,-0.6370869899462253,0.11290117636362998,False,,False,timeout
690,1787624609.1092408,41.90009819995612,0.06093159969896078,16.411845494630196,True,570,0.019280399195849895,0.06793090049177408,14.720841218954435,False,False,False,,9.54616928100586,1.7904515266418457,13.34783935546875,3.8237931728363037,,,4.31128454208374,True,0.132048566,0.749402418931,0,1.0,0.7986610531806946,1.279788851737976,0.132048562169075,0.10546204447746277,0.16899427771568298,0.132048562169075,0.10546204447746277,0.16899427771568298,0.1320485770702362,0.0793783962726593,0.15407061576843262,0.1320485770702362,0.0793783962726593,0.15407061576843262,0.1320486068725586,0.07937836647033691,0.1540706306695938,False,False,1.8035992980003357,1.1609001085162163,0.5,0.0,0.5,0.5,1.0,1397.538818359375,400.7335205078125,1397.538818359375,400.7335205078125,False,False,0.039209527871540195,-0.6461112387210788,0.11300710566326447,False,,False,timeout
691,1787624609.171768,41.96163310017437,0.06153490021824837,16.250940465544897,True,571,0.005248399451375008,0.06848179921507835,14.602420080397355,False,False,False,,9.678217887878418,1.8698298931121826,13.44281005859375,4.009613037109375,,,4.3302226066589355,True,0.132048566,0.749402418931,0,1.0,1.0,1.4142135381698608,0.132048562169075,0.132048562169075,0.18674486875534058,0.132048562169075,0.132048562169075,0.18674486875534058,0.1320485770702362,0.11884953081607819,0.1776570826768875,0.1320485770702362,0.11884953081607819,0.1776570826768875,0.1320486068725586,0.11884951591491699,0.1776570826768875,False,False,2.246399410068989,1.712299883365631,0.0,0.5,0.5,0.5,0.0,1376.543701171875,451.6474609375,1376.543701171875,451.6474609375,False,False,0.03694707262210972,-0.6568885717819546,0.11297303524044877,False,,False,timeout
692,1787624609.231307,42.02311010006815,0.06147699989378452,16.26624594120935,True,572,0.004268200136721134,0.07556460052728653,13.233709872374671,False,False,False,,9.810266494750977,1.9886794090270996,13.528997421264648,3.9767420291900635,,,4.216794013977051,True,0.132048566,0.749402418931,0,1.0,0.3765118718147278,1.0685322284698486,0.132048562169075,0.04971785098314285,0.14109814167022705,0.132048562169075,0.04971785098314285,0.14109814167022705,0.1320485770702362,0.06704207509756088,0.14809276163578033,0.1320485770702362,0.06704207509756088,0.14809276163578033,0.1320486068725586,0.06704211235046387,0.14809280633926392,False,False,1.6354992985725403,1.8726997077465057,0.0,1.0,1.0,0.0,0.5,1385.3692626953125,479.642578125,1385.3692626953125,479.642578125,False,False,0.04152337680558219,-0.6581196083169433,0.11256557231703765,False,,False,timeout
693,1787624609.2932885,42.08521790057421,0.062107800506055355,16.101037097626772,True,573,0.001621900126338005,0.06245430000126362,16.011707760390674,False,False,False,,9.942315101623535,2.0557215213775635,13.507747650146484,4.117456436157227,,,4.118623733520508,True,0.132048566,0.749402418931,0,1.0,0.512812077999115,1.1238220930099487,0.132048562169075,0.0677160993218422,0.14839909970760345,0.132048562169075,0.0677160993218422,0.14839909970760345,0.1320485770702362,0.06754720211029053,0.14832212030887604,0.1320485770702362,0.06754720211029053,0.14832212030887604,0.1320486068725586,0.06754708290100098,0.14832209050655365,False,False,2.0920000970363617,1.2089991942048073,0.0,1.0,1.0,0.0,1.0,1383.193359375,494.389404296875,1383.193359375,494.389404296875,False,False,0.03603428421263802,-0.6634297134172789,0.11292812802089366,False,,False,timeout
694,1787624609.355402,42.14728480018675,0.06206689961254597,16.111647371505953,False,,,,,False,False,False,,10.074363708496094,2.1232686042785645,13.51321792602539,4.318145275115967,,,4.079607963562012,True,0.132048566,0.749402418931,0,1.0,1.0,1.4142135381698608,0.132048562169075,0.132048562169075,0.18674486875534058,0.132048562169075,0.132048562169075,0.18674486875534058,0.1320485770702362,0.11588464677333832,0.17568744719028473,0.1320485770702362,0.11588464677333832,0.17568744719028473,0.1320486068725586,0.11588454246520996,0.17568738758563995,False,False,2.3131007328629494,2.0259004086256027,0.0,1.0,1.0,0.0,1.0,1383.7535400390625,515.421630859375,1383.7535400390625,515.421630859375,False,False,0.029676431595005142,-0.6720662682048815,0.11294390119645328,False,,False,timeout
695,1787624609.4074132,42.198250900022686,0.050966099835932255,19.6208853182636,True,574,0.04102769959717989,0.06475809961557388,15.442083784674663,False,False,False,,10.206412315368652,2.2391531467437744,13.512482643127441,4.498162746429443,,,4.004150867462158,True,0.132048566,0.749402418931,0,1.0,1.0,1.4142135381698608,0.132048562169075,0.132048562169075,0.18674486875534058,0.132048562169075,0.132048562169075,0.18674486875534058,0.1320485770702362,0.12799789011478424,0.18390291929244995,0.1320485770702362,0.12799789011478424,0.18390291929244995,0.1320486068725586,0.12799787521362305,0.18390293419361115,False,False,2.862200140953064,1.367500051856041,0.0,1.0,1.0,0.0,1.0,1383.67822265625,534.2874755859375,1383.67822265625,534.2874755859375,False,False,0.023765483737944928,-0.6796154078251421,0.11291135867121678,False,,False,timeout
696,1787624609.4629688,42.25486840028316,0.0566175002604723,17.66238345740166,True,575,0.028523200191557407,0.07397440075874329,13.518189937913172,False,False,False,,10.338460922241211,2.3671510219573975,13.510334014892578,4.672604560852051,,,3.921210765838623,True,0.132048566,0.749402418931,0,1.0,1.0,1.4142135381698608,0.132048562169075,0.132048562169075,0.18674486875534058,0.132048562169075,0.132048562169075,0.18674486875534058,0.1320485770702362,0.13103346526622772,0.18602848052978516,0.1320485770702362,0.13103346526622772,0.18602848052978516,0.1320486068725586,0.13103342056274414,0.18602846562862396,False,False,2.0340001210570335,0.9650997817516327,0.0,1.0,1.0,0.0,1.0,1383.458251953125,552.5689697265625,1383.458251953125,552.5689697265625,False,False,0.017998214501997546,-0.6868635623395938,0.11282960754574625,False,,False,timeout
697,1787624609.5248458,42.316756499931216,0.061888099648058414,16.158195286117053,True,576,0.01312829926609993,0.06877020001411438,14.541182078789364,False,False,False,,10.47050952911377,2.4981844425201416,13.510132789611816,4.880521774291992,,,3.861973762512207,True,0.132048566,0.749402418931,0,1.0,1.0,1.4142135381698608,0.132048562169075,0.132048562169075,0.18674486875534058,0.132048562169075,0.132048562169075,0.18674486875534058,0.1320485770702362,0.13179416954517365,0.1865650713443756,0.1320485770702362,0.13179416954517365,0.1865650713443756,0.1320486068725586,0.13179421424865723,0.18656513094902039,False,False,1.7969999462366104,1.7982004210352898,0.0,1.0,1.0,0.0,1.0,1383.4376220703125,574.3587036132812,1383.4376220703125,574.3587036132812,False,False,0.011242665052872348,-0.6955443568006522,0.11296045965281098,False,,False,timeout
698,1787624609.5879686,42.378415000624955,0.06165850069373846,16.218363871140188,True,577,0.006976500153541565,0.07728769909590483,12.938669564468714,False,False,False,,10.602558135986328,2.629978656768799,13.51170539855957,5.05994987487793,,,3.7905008792877197,True,0.132048566,0.749402418931,0,1.0,1.0,1.4142135381698608,0.132048562169075,0.132048562169075,0.18674486875534058,0.132048562169075,0.132048562169075,0.18674486875534058,0.1320485770702362,0.13198481500148773,0.18669980764389038,0.1320485770702362,0.13198481500148773,0.18669980764389038,0.1320486068725586,0.13198471069335938,0.1866997480392456,False,False,2.320200204849243,1.7683999612927437,0.0,1.0,1.0,0.0,1.0,1383.5987548828125,593.1627197265625,1383.5987548828125,593.1627197265625,False,False,0.005502991313558454,-0.7030626650284408,0.11293479891188019,False,,False,timeout
699,1787624609.6493134,42.44031240046024,0.061897399835288525,16.155767490412202,True,578,0.004309600219130516,0.06780990026891232,14.747109139437173,False,False,False,,10.734606742858887,2.761963367462158,13.50973892211914,5.269103050231934,,,3.739934206008911,True,0.132048566,0.749402418931,0,1.0,1.0,1.4142135381698608,0.132048562169075,0.132048562169075,0.18674486875534058,0.132048562169075,0.132048562169075,0.18674486875534058,0.1320485770702362,0.13203255832195282,0.18673357367515564,0.1320485770702362,0.13203255832195282,0.18673357367515564,0.1320486068725586,0.1320326328277588,0.18673363327980042,False,False,1.9056005403399467,1.7219996079802513,0.0,1.0,1.0,0.0,1.0,1383.397216796875,615.0819702148438,1383.397216796875,615.0819702148438,False,False,-0.0013159426167200373,-0.7116807399541947,0.11292885510682454,False,,False,timeout
700,1787624609.7097979,42.50173370074481,0.061421300284564495,16.280996907701503,False,,,,,False,False,False,,10.866655349731445,2.893996000289917,13.509157180786133,5.470820903778076,,,3.690913438796997,True,0.132048566,0.749402418931,0,0.6995849609375,0.3038383722305298,0.7627167701721191,0.09237919002771378,0.040121421217918396,0.10071565210819244,0.09237919002771378,0.040121421217918396,0.10071565210819244,0.10232024639844894,0.06315414607524872,0.12024092674255371,0.10232024639844894,0.06315414607524872,0.12024092674255371,0.10232067108154297,0.06315422058105469,0.12024132162332535,False,False,2.516999840736389,2.4557001888751984,0.0,1.0,1.0,0.0,1.0,1383.3377685546875,636.2220458984375,1383.3377685546875,636.2220458984375,False,False,-0.007815820025631524,-0.7200015035872628,0.11303565213598706,False,,False,timeout
701,1787624609.7750645,42.56284540053457,0.0611116997897625,16.36347873549937,True,579,0.057630100287497044,0.06456650048494339,15.487907699646744,False,False,False,,10.968976020812988,2.9571502208709717,13.511446952819824,5.650668621063232,,,3.703943967819214,True,0.132048566,0.749402418931,0,0.3649718761444092,1.0,1.0645207166671753,0.04819400981068611,0.132048562169075,0.14056843519210815,0.04819400981068611,0.132048562169075,0.14056843519210815,0.06175801903009415,0.11478380113840103,0.13034328818321228,0.06175801903009415,0.11478380113840103,0.13034328818321228,0.06175804138183594,0.11478376388549805,0.1303432732820511,False,False,3.4304996952414513,2.241400070488453,0.0,1.0,1.0,0.0,1.0,1383.5721435546875,655.070068359375,1383.5721435546875,655.070068359375,False,False,-0.013479608983585191,-0.7274799606634262,0.1130303119663285,False,,False,timeout
702,1787624609.8353226,42.62411700002849,0.0612715994939208,16.320775175768297,True,580,0.04659369960427284,0.06964410003274679,14.358718104330418,False,False,False,,11.030734062194824,3.0719339847564697,13.509907722473145,5.859679222106934,,,3.7306602001190186,True,0.132048566,0.749402418931,0,0.8459305763244629,1.0,1.309808611869812,0.11170391738414764,0.132048562169075,0.1729583442211151,0.11170391738414764,0.132048562169075,0.1729583442211151,0.09918759763240814,0.12772203981876373,0.16171301901340485,0.09918759763240814,0.12772203981876373,0.16171301901340485,0.09918785095214844,0.12772202491760254,0.16171316802501678,False,False,2.990899607539177,1.931999810039997,0.0,1.0,1.0,0.0,1.0,1383.41455078125,676.974365234375,1383.41455078125,676.974365234375,False,False,-0.020205530712217368,-0.7360137530338939,0.11294380196290903,False,,False,timeout
703,1787624609.895613,42.685476100072265,0.06135910004377365,16.297501092529043,True,581,0.041820899583399296,0.07186819985508919,13.914359925757724,False,False,False,,11.129921913146973,3.1996560096740723,13.509137153625488,6.061017990112305,,,3.7212977409362793,True,0.132048566,0.749402418931,0,-0.02626490592956543,1.0,1.0003448724746704,-0.003468243172392249,0.132048562169075,0.1320941001176834,-0.003468243172392249,0.132048562169075,0.1320941001176834,0.022257125005126,0.13096433877944946,0.13284215331077576,0.02225712686777115,0.13096433877944946,0.13284215331077576,0.022256851196289062,0.1309642791748047,0.1328420490026474,False,False,2.624800428748131,1.6024000942707062,0.0,1.0,1.0,0.0,1.0,1383.335693359375,698.0746459960938,1383.335693359375,698.0746459960938,False,False,-0.026632584084614892,-0.744225735520365,0.11290246550057075,False,,False,timeout
704,1787624609.9537456,42.74668900016695,0.06121290009468794,16.336425793470617,True,582,0.03283009957522154,0.06613449938595295,15.120701136091176,False,False,False,,11.152178764343262,3.330620288848877,13.510286331176758,6.238574504852295,,,3.743910789489746,True,0.132048566,0.749402418931,0,0.007573127746582031,1.0,1.0000286102294922,0.0010000206530094147,0.132048562169075,0.13205234706401825,0.0010000206530094147,0.132048562169075,0.13205234706401825,0.006326930597424507,0.1317768394947052,0.13192863762378693,0.006326930597424507,0.1317768394947052,0.13192863762378693,0.0063266754150390625,0.1317768096923828,0.13192859292030334,False,False,1.4709001407027245,0.9734993800520897,0.0,1.0,1.0,0.0,1.0,1383.453369140625,716.6826171875,1383.453369140625,716.6826171875,False,False,-0.032209213206178464,-0.7514985871761175,0.11287396702066646,False,,False,timeout
705,1787624610.0057561,42.79761190060526,0.050922900438308716,19.637530293693,False,,,,,False,False,False,,11.1585054397583,3.4623970985412598,13.509602546691895,6.423401832580566,,,3.780900239944458,True,0.132048566,0.749402418931,0,1.0,1.0,1.4142135381698608,0.132048562169075,0.132048562169075,0.18674486875534058,0.132048562169075,0.132048562169075,0.18674486875534058,0.10054295510053635,0.13198044896125793,0.16591480374336243,0.10054295510053635,0.13198044896125793,0.16591480374336243,0.10054302215576172,0.13198041915893555,0.16591483354568481,False,False,2.410399727523327,1.44950021058321,0.0,1.0,1.0,0.0,1.0,1383.38330078125,736.052490234375,1383.38330078125,736.052490234375,False,False,-0.038069556604505436,-0.7589880646617696,0.1129010050635203,False,,False,timeout
706,1787624610.0638611,42.85374570079148,0.05613380018621683,17.814578679558938,True,583,0.03227880038321018,0.07020580023527145,14.243837356013772,False,False,False,,11.259048461914062,3.5943775177001953,13.509697914123535,6.599501132965088,,,3.7544894218444824,True,0.132048566,0.749402418931,0,1.0,0.829603910446167,1.2993239164352417,0.132048562169075,0.10954800248146057,0.17157384753227234,0.132048562169075,0.10954800248146057,0.17157384753227234,0.12415334582328796,0.11516951024532318,0.16934600472450256,0.12415334582328796,0.11516951024532318,0.16934600472450256,0.12415313720703125,0.11516952514648438,0.16934587061405182,False,False,1.9255001097917557,1.746099442243576,0.0,1.0,1.0,0.0,1.0,1383.39306640625,754.5076904296875,1383.39306640625,754.5076904296875,False,False,-0.043605914816996084,-0.7661235962896512,0.1129810352744926,False,,False,timeout
707,1787624610.1242993,42.915216400288045,0.06147069949656725,16.26791313893937,True,584,0.01823269948363304,0.10801899991929531,9.25763060894041,False,False,False,,11.383201599121094,3.7095470428466797,13.51136589050293,6.781246662139893,,,3.7369000911712646,True,0.132048566,0.749402418931,0,1.0,1.0,1.4142135381698608,0.132048562169075,0.132048562169075,0.18674486875534058,0.132048562169075,0.132048562169075,0.18674486875534058,0.13006998598575592,0.12781870365142822,0.18236179649829865,0.13006998598575592,0.12781870365142822,0.18236179649829865,0.13006973266601562,0.12781858444213867,0.18236152827739716,False,False,2.2940998896956444,1.3989005237817764,0.0,1.0,1.0,0.0,1.0,1383.5638427734375,773.5546264648438,1383.5638427734375,773.5546264648438,False,False,-0.0492401847105693,-0.7735119628100796,0.11299665484064261,False,,False,timeout
708,1787624610.1866326,42.9765090001747,0.06129259988665581,16.31518326599347,False,,,,,False,False,False,,11.51327133178711,3.8373656272888184,13.509624481201172,6.989653587341309,,,3.7312657833099365,True,0.132048566,0.749402418931,0,1.0,1.0,1.4142135381698608,0.132048562169075,0.132048562169075,0.18674486875534058,0.132048562169075,0.132048562169075,0.18674486875534058,0.13155266642570496,0.13098853826522827,0.18564510345458984,0.13155266642570496,0.13098853826522827,0.18564510345458984,0.13155269622802734,0.13098859786987305,0.18564516305923462,False,False,2.8738994151353836,2.4653002619743347,0.0,1.0,1.0,0.0,1.0,1383.385498046875,795.3956909179688,1383.385498046875,795.3956909179688,False,False,-0.05582159042246883,-0.7818447489752575,0.11293038941409198,False,,False,timeout
709,1787624610.2529316,43.037679200060666,0.061170199885964394,16.34782952915365,True,585,0.056687699630856514,0.07510160002857447,13.315295541233775,False,False,False,,11.644824028015137,3.9683542251586914,13.508557319641113,7.189896106719971,,,3.7218050956726074,True,0.132048566,0.749402418931,0,1.0,1.0,1.4142135381698608,0.132048562169075,0.132048562169075,0.18674486875534058,0.132048562169075,0.132048562169075,0.18674486875534058,0.13192430138587952,0.13178293406963348,0.1864692121744156,0.13192430138587952,0.13178293406963348,0.1864692121744156,0.13192462921142578,0.13178300857543945,0.18646948039531708,False,False,1.8843002617359161,1.024000346660614,0.0,0.5,0.5,0.0,1.0,1383.2762451171875,784.9411010742188,1383.2762451171875,784.9411010742188,False,False,-0.06209858956605759,-0.789840406701638,0.11290891002156814,False,,False,timeout
710,1787624610.310227,43.09907660074532,0.06139740068465471,16.287334461211707,True,586,0.038408100605010986,0.08441280014812946,11.84654457908253,False,False,False,,11.776748657226562,4.100137233734131,13.51113510131836,7.3631720542907715,,,3.695333957672119,True,0.132048566,0.749402418931,0,0.6843858957290649,1.0,1.2117689847946167,0.09037217497825623,0.132048562169075,0.160012349486351,0.09037217497825623,0.132048562169075,0.160012349486351,0.10078511387109756,0.1319820135831833,0.16606292128562927,0.10078511387109756,0.1319820135831833,0.16606292128562927,0.1007852554321289,0.13198184967041016,0.1660628616809845,False,False,2.759300172328949,1.6759000718593597,0.0,0.0,0.0,0.0,0.5,1383.540283203125,771.6604614257812,1383.540283203125,771.6604614257812,False,False,-0.06737623711382958,-0.7968419517297661,0.11298695457800244,False,,False,timeout
711,1787624610.3704123,43.16024080011994,0.061164199374616146,16.349433332319748,True,587,0.030638999305665493,0.07927369978278875,12.614524145334663,False,False,False,,11.877533912658691,4.232119083404541,13.50438117980957,7.438466548919678,,,3.5954549312591553,True,0.132048566,0.749402418931,0,1.0,1.0,1.4142135381698608,0.132048562169075,0.132048562169075,0.18674486875534058,0.132048562169075,0.132048562169075,0.18674486875534058,0.1242140531539917,0.13203184306621552,0.18127751350402832,0.1242140531539917,0.13203184306621552,0.18127751350402832,0.12421417236328125,0.13203191757202148,0.18127764761447906,False,False,2.144099213182926,2.0337002351880074,0.5,0.0,0.5,0.0,0.0,1413.568603515625,779.5513305664062,1413.568603515625,779.5513305664062,False,False,-0.06997046298692106,-0.7996404870246038,0.11276198454058547,False,,False,timeout
712,1787624610.4287052,43.22164539992809,0.06140459980815649,16.285424921329234,True,588,0.019790299236774445,0.06893320009112358,14.50679786631244,False,False,False,,12.001748085021973,4.3641510009765625,13.515568733215332,7.411050796508789,,,3.4022419452667236,False,0.132048566,0.749402418931,0,1.0,1.0,1.4142135381698608,0.132048562169075,0.132048562169075,0.18674486875534058,0.132048562169075,0.132048562169075,0.18674486875534058,0.1300852745771408,0.13204438984394073,0.18535883724689484,0.1300852745771408,0.13204438984394073,0.18535883724689484,0.13008499145507812,0.13204431533813477,0.18535859882831573,False,False,1.6283001750707626,1.0057995095849037,0.0,0.5,0.5,0.5,0.0,1383.9942626953125,808.1181640625,1383.9942626953125,808.1181640625,False,False,-0.06868707483612085,-0.7988850614390711,0.11282299689556408,False,,False,timeout
713,1787624610.4922452,43.283132100477815,0.06148670054972172,16.263679642256,True,589,0.0037070997059345245,0.07225070055574179,13.840696246654312,False,False,False,,12.13183307647705,4.496195316314697,13.619362831115723,7.422075271606445,,,3.282303810119629,False,0.132048566,0.749402418931,0,1.0,1.0,1.4142135381698608,0.132048562169075,0.132048562169075,0.18674486875534058,0.132048562169075,0.132048562169075,0.18674486875534058,0.13155649602413177,0.13204748928546906,0.1863964945077896,0.13155649602413177,0.13204748928546906,0.1863964945077896,0.13155651092529297,0.1320476531982422,0.18639661371707916,False,False,1.912199892103672,1.7374996095895767,0.5,0.5,0.7071067690849304,0.0,0.5,1425.3426513671875,809.2734985351562,1425.3426513671875,809.2734985351562,False,False,-0.06499305279086713,-0.8024546281241113,0.1130661976576324,False,,False,timeout
714,1787624610.5526788,43.34464120026678,0.061509099788963795,16.257757038080143,True,590,0.0012731999158859253,0.07757639978080988,12.890518286817567,False,False,False,,12.263389587402344,4.6282429695129395,13.612777709960938,7.5416951179504395,,,3.210771083831787,False,0.132048566,0.749402418931,0,1.0,1.0,1.4142135381698608,0.132048562169075,0.132048562169075,0.18674486875534058,0.132048562169075,0.132048562169075,0.18674486875534058,0.13192525506019592,0.1320483237504959,0.18665751814842224,0.13192525506019592,0.1320483237504959,0.18665751814842224,0.1319255828857422,0.1320481300354004,0.1866576224565506,False,False,2.0349007099866867,1.248699612915516,0.0,0.5,0.5,0.5,0.5,1393.948486328125,821.8096923828125,1393.948486328125,821.8096923828125,False,False,-0.06895429004528929,-0.8070174121407435,0.11283947941930121,False,,False,timeout
715,1787624610.6131442,43.40611610002816,0.061474899761378765,16.266801635815664,False,,,,,False,False,False,,12.395315170288086,4.76029109954834,13.722942352294922,7.646452903747559,,,3.1768734455108643,False,0.132048566,0.749402418931,0,1.0,1.0,1.4142135381698608,0.132048562169075,0.132048562169075,0.18674486875534058,0.132048562169075,0.132048562169075,0.18674486875534058,0.13201773166656494,0.13204845786094666,0.186722993850708,0.13201773166656494,0.13204845786094666,0.186722993850708,0.1320180892944336,0.1320486068725586,0.18672335147857666,False,False,2.010899595916271,1.272900030016899,-1.0,0.0,1.0,0.0,0.5,1343.789306640625,801.3482666015625,1343.789306640625,801.3482666015625,False,False,-0.06791765077503102,-0.8145018008279103,0.11334979946002137,False,,False,timeout
716,1787624610.6776462,43.46747830044478,0.061362200416624546,16.296677648624136,True,591,0.05715580005198717,0.06394079979509115,15.639466556637782,False,False,False,,12.52733325958252,4.892339706420898,13.681876182556152,7.7232136726379395,,,3.0572564601898193,False,0.132048566,0.749402418931,0,0.045632362365722656,1.0,1.0010405778884888,0.006025687791407108,0.132048562169075,0.13218596577644348,0.006025687791407108,0.132048562169075,0.13218596577644348,0.03759907931089401,0.1320485770702362,0.13729718327522278,0.03759907931089401,0.1320485770702362,0.13729718327522278,0.037598609924316406,0.1320486068725586,0.13729709386825562,False,False,2.742200158536434,1.4367001131176949,-1.0,1.0,1.4142135381698608,-1.0,0.0,1339.5841064453125,872.2727661132812,1339.5841064453125,872.2727661132812,False,False,-0.0718833103777707,-0.8163068398842728,0.11278182502799,False,,False,timeout
717,1787624610.7291827,43.51902780029923,0.05154949985444546,19.398830305310195,True,592,0.037374899722635746,0.06727259978652,14.864893034806999,False,False,False,,12.564931869506836,5.024388313293457,13.465424537658691,7.715480327606201,,,2.837756633758545,False,0.132048566,0.749402418931,0,0.06037628650665283,0.803842306137085,0.8061065673828125,0.007972601801156998,0.10614622384309769,0.10644521564245224,0.007972601801156998,0.10614622384309769,0.10644521564245224,0.015396807342767715,0.11263729631900787,0.1136847510933876,0.015396807342767715,0.11263729631900787,0.1136847510933876,0.015397071838378906,0.11263751983642578,0.1136850044131279,False,False,3.236600197851658,1.5254998579621315,-1.0,1.0,1.4142135381698608,-1.0,1.0,1317.41943359375,871.4622802734375,1317.41943359375,871.4622802734375,False,False,-0.08003015148311937,-0.8094783411294122,0.11249666081866891,False,,False,timeout
718,1787624610.7825482,43.57547580078244,0.056448000483214855,17.71541934948353,True,593,0.030351800844073296,0.07100720051676035,14.083078796550536,False,False,False,,12.580328941345215,5.137025833129883,13.292651176452637,7.9045233726501465,,,2.857699394226074,False,0.132048566,0.749402418931,0,1.0,1.0,1.4142135381698608,0.132048562169075,0.132048562169075,0.18674486875534058,0.132048562169075,0.132048562169075,0.18674486875534058,0.10281597822904587,0.127184197306633,0.1635449230670929,0.10281597822904587,0.127184197306633,0.1635449230670929,0.10281562805175781,0.12718439102172852,0.16354486346244812,False,False,1.5262998640537262,0.9882999584078789,-1.0,1.0,1.4142135381698608,-1.0,1.0,1299.7274169921875,891.2740478515625,1299.7274169921875,891.2740478515625,False,False,-0.09250551907825295,-0.8117682926316258,0.11344060222486554,False,,False,timeout
719,1787624610.8453648,43.637281000614166,0.06180519983172417,16.179868404643635,True,594,0.016321600414812565,0.06347940023988485,15.753141904634573,False,False,False,,12.683144569396973,5.264210224151611,13.081941604614258,8.131115913391113,,,2.89451003074646,False,0.132048566,0.749402418931,0,-0.9610098600387573,1.0,1.3869173526763916,-0.12689997255802155,0.132048562169075,0.18314045667648315,-0.12689997255802155,0.132048562169075,0.18314045667648315,-0.06933379918336868,0.1308296024799347,0.14806607365608215,-0.06933379173278809,0.1308296024799347,0.14806605875492096,-0.06933403015136719,0.1308298110961914,0.14806635677814484,False,False,1.9283993169665337,1.2078993022441864,-1.0,1.0,1.4142135381698608,-1.0,1.0,1278.1507568359375,915.02099609375,1278.1507568359375,915.02099609375,False,False,-0.10751915088666304,-0.8143902485799852,0.1125845188414914,False,,False,timeout
720,1787624610.907721,43.698625300079584,0.06134429946541786,16.30143320103832,True,595,0.007606899365782738,0.07583449967205524,13.18661037291048,False,False,False,,12.613810539245605,5.395040035247803,12.901945114135742,8.303742408752441,,,2.922938585281372,False,0.132048566,0.749402418931,0,-1.0,1.0,1.4142135381698608,-0.132048562169075,0.132048562169075,0.18674486875534058,-0.132048562169075,0.132048562169075,0.18674486875534058,-0.11633244901895523,0.13174313306808472,0.17575407028198242,-0.11633244901895523,0.13174313306808472,0.17575407028198242,-0.1163320541381836,0.1317429542541504,0.1757536679506302,False,False,1.966400071978569,1.883000135421753,-1.0,0.5,1.1180340051651,-1.0,1.0,1259.7191162109375,901.6722412109375,1259.7191162109375,901.6722412109375,False,False,-0.11964379925806592,-0.8157953414151435,0.11313201313722537,False,,False,timeout
721,1787624610.9701815,43.7600322002545,0.06140690017491579,16.284814852264628,False,,,,,False,False,False,,12.497478485107422,5.526782989501953,12.69270133972168,8.507015228271484,,,2.986619472503662,False,0.132048566,0.749402418931,0,-0.8790948390960693,1.0,1.3314682245254517,-0.11608321219682693,0.132048562169075,0.17581847310066223,-0.11608321219682693,0.132048562169075,0.17581847310066223,-0.11614556610584259,0.13197197020053864,0.17580214142799377,-0.11614556610584259,0.13197197020053864,0.17580214142799377,-0.11614513397216797,0.1319718360900879,0.17580175399780273,False,False,2.1689003333449364,2.841099165380001,-1.0,0.0,1.0,-1.0,0.5,1238.2926025390625,891.53515625,1238.2926025390625,891.53515625,False,False,-0.133747291566801,-0.8175224590073977,0.11290701149391164,False,,False,timeout
722,1787624611.0328052,43.82161610014737,0.06158389989286661,16.238010287423062,True,596,0.060613599605858326,0.07005329988896847,14.274845033495323,False,False,False,,12.381333351135254,5.658754825592041,12.484692573547363,8.567251205444336,,,2.910332441329956,False,0.132048566,0.749402418931,0,1.0,0.04290366172790527,1.0009199380874634,0.132048562169075,0.005665367003530264,0.13217003643512726,0.132048562169075,0.005665367003530264,0.13217003643512726,0.0698518231511116,0.03731745854020119,0.07919513434171677,0.06038351356983185,0.042135901749134064,0.07363153249025345,0.06038379669189453,0.04213571548461914,0.0736316591501236,True,False,2.737400121986866,2.866399474442005,-1.0,0.0,1.0,-1.0,0.0,1216.992431640625,897.8479614257812,1216.992431640625,897.8479614257812,False,False,-0.14346194867376086,-0.8136828405874512,0.1127794127792312,False,,False,timeout
723,1787624611.094827,43.883589300327,0.06197320017963648,16.13600713052391,True,597,0.05555479973554611,0.07039130013436079,14.206301035656823,False,False,False,,12.441717147827148,5.70089054107666,12.275846481323242,8.545879364013672,,,2.849820137023926,False,0.132048566,0.749402418931,0,-0.8398905992507935,1.0,1.3059158325195312,-0.11090634763240814,0.132048562169075,0.17244431376457214,-0.11090634763240814,0.132048562169075,0.17244431376457214,-0.06798145174980164,0.10951662063598633,0.12890061736106873,-0.06798145174980164,0.10951662063598633,0.12890061736106873,-0.06798171997070312,0.10951662063598633,0.12890076637268066,False,False,2.781599760055542,2.0591001957654953,-1.0,0.0,1.0,-1.0,0.0,1195.606689453125,895.6082153320312,1195.606689453125,895.6082153320312,False,False,-0.15075187764256243,-0.8066329385703755,0.11281654644482353,False,,False,timeout
724,1787624611.1480706,43.93464579991996,0.05105649959295988,19.586144917343468,True,598,0.035795899108052254,0.0666271997615695,15.0088853137844,False,False,False,,12.373735427856445,5.8104071617126465,12.118731498718262,8.5479154586792,,,2.7493598461151123,False,0.132048566,0.749402418931,0,-1.0,1.0,1.4142135381698608,-0.132048562169075,0.132048562169075,0.18674486875534058,-0.132048562169075,0.132048562169075,0.18674486875534058,-0.11599355936050415,0.1264021098613739,0.17155756056308746,-0.11599355936050415,0.1264021098613739,0.17155756056308746,-0.11599349975585938,0.1264019012451172,0.17155736684799194,False,False,3.1286003068089485,2.058800309896469,-1.0,0.0,1.0,-1.0,0.0,1179.51806640625,895.8215942382812,1179.51806640625,895.8215942382812,False,False,-0.15676770805576293,-0.8020461168382809,0.1130385487804114,False,,False,timeout
725,1787624611.2007291,43.99159430060536,0.05694850068539381,17.559724803369242,True,599,0.020015399903059006,0.07081130053848028,14.122039736533011,False,False,False,,12.257741928100586,5.936809062957764,11.929376602172852,8.547300338745117,,,2.6310622692108154,False,0.132048566,0.749402418931,0,-1.0,1.0,1.4142135381698608,-0.132048562169075,0.132048562169075,0.18674486875534058,-0.132048562169075,0.132048562169075,0.18674486875534058,-0.12802520394325256,0.13063351809978485,0.18290862441062927,-0.12802520394325256,0.13063351809978485,0.18290862441062927,-0.12802505493164062,0.13063335418701172,0.18290841579437256,False,False,1.9207000732421875,1.7769001424312592,-1.0,0.0,1.0,-1.0,0.0,1160.128173828125,895.7570190429688,1160.128173828125,895.7570190429688,False,False,-0.163916060393077,-0.7964060150413893,0.11293859434944338,False,,False,timeout
726,1787624611.2624254,44.05340180080384,0.06180750019848347,16.179266218317892,True,600,0.013750100508332253,0.07273439969867468,13.748652689000215,False,False,False,,12.129716873168945,6.067442417144775,11.718411445617676,8.545716285705566,,,2.5121731758117676,False,0.132048566,0.749402418931,0,-1.0,1.0,1.4142135381698608,-0.132048562169075,0.132048562169075,0.18674486875534058,-0.132048562169075,0.132048562169075,0.18674486875534058,-0.1310402750968933,0.13169391453266144,0.18578170239925385,-0.1310402750968933,0.13169391453266144,0.18578170239925385,-0.1310405731201172,0.13169384002685547,0.18578186631202698,False,False,1.6572996973991394,1.2087002396583557,-1.0,0.5,1.1180340051651,-1.0,0.0,1138.5252685546875,927.0310668945312,1138.5252685546875,927.0310668945312,False,False,-0.17184025190838795,-0.790097665343875,0.11300138816581004,False,,False,timeout
727,1787624611.3254333,44.115335300564766,0.06193349976092577,16.146350583451223,True,601,0.003979899920523167,0.06806949991732836,14.690867440109272,False,False,False,,11.998676300048828,6.199136257171631,11.538323402404785,8.551348686218262,,,2.3968372344970703,False,0.132048566,0.749402418931,0,-1.0,1.0,1.4142135381698608,-0.132048562169075,0.132048562169075,0.18674486875534058,-0.132048562169075,0.132048562169075,0.18674486875534058,-0.1317959576845169,0.13195966184139252,0.18650342524051666,-0.1317959576845169,0.13195966184139252,0.18650342524051666,-0.13179588317871094,0.1319594383239746,0.18650321662425995,False,False,2.2193994373083115,2.2338991984725,-1.0,0.0,1.0,-1.0,0.5,1120.084228515625,896.1813354492188,1120.084228515625,896.1813354492188,False,False,-0.17879935228943963,-0.7849955282979255,0.1129338033313732,False,,False,timeout
728,1787624611.3863006,44.17671020049602,0.061374899931252,16.2933055877913,True,602,0.0005280002951622009,0.07170869968831539,13.94530934665582,False,False,False,,11.866880416870117,6.3310956954956055,11.333233833312988,8.666166305541992,,,2.395273208618164,False,0.132048566,0.749402418931,0,0.225433349609375,1.0,1.0250952243804932,0.02976815029978752,0.132048562169075,0.13536234200000763,0.02976815029978752,0.132048562169075,0.13536234200000763,-0.010719403624534607,0.13202622532844543,0.13246066868305206,-0.010719403624534607,0.13202622532844543,0.13246066868305206,-0.01071929931640625,0.13202619552612305,0.13246063888072968,False,False,2.0958995446562767,1.7757993191480637,-1.0,0.0,1.0,-1.0,0.0,1099.0831298828125,908.2142333984375,1099.0831298828125,908.2142333984375,False,False,-0.18988975819412895,-0.7834482461642784,0.1131321547686068,False,,False,timeout
729,1787624611.4487877,44.23869020026177,0.061979999765753746,16.13423691157445,False,,,,,False,False,False,,11.856161117553711,6.4631218910217285,11.121949195861816,8.640003204345703,,,2.297363758087158,False,0.132048566,0.749402418931,0,0.9944167137145996,1.0,1.410271167755127,0.131311297416687,0.132048562169075,0.18622426688671112,0.131311297416687,0.132048562169075,0.18622426688671112,0.09571877121925354,0.13204294443130493,0.1630871593952179,0.09571877121925354,0.13204294443130493,0.1630871593952179,0.0957183837890625,0.13204288482666016,0.1630868911743164,False,False,2.7518998831510544,2.0903004333376884,-1.0,0.0,1.0,-1.0,0.0,1077.447509765625,905.4723510742188,1077.447509765625,905.4723510742188,False,False,-0.19705704339825975,-0.7762000518693074,0.1126504463343993,False,,False,timeout
730,1787624611.512267,44.300000900402665,0.06131070014089346,16.310366668493035,True,603,0.05396740045398474,0.06482109986245632,15.427075475761699,False,False,False,,11.951879501342773,6.595164775848389,10.9201078414917,8.642183303833008,,,2.2923431396484375,False,0.132048566,0.749402418931,0,-1.0,1.0,1.4142135381698608,-0.132048562169075,0.132048562169075,0.18674486875534058,-0.132048562169075,0.132048562169075,0.18674486875534058,-0.07497071474790573,0.1320471316576004,0.15184548497200012,-0.07497072219848633,0.1320471316576004,0.15184549987316132,-0.07497024536132812,0.13204717636108398,0.1518452912569046,False,False,3.059700131416321,2.1286001428961754,-1.0,0.0,1.0,-1.0,0.0,1056.779052734375,905.7008056640625,1056.779052734375,905.7008056640625,False,False,-0.20468673041128882,-0.7703517011791081,0.11304278627899213,False,,False,timeout
731,1787624611.573594,44.36132150050253,0.06132060009986162,16.307733426800834,True,604,0.048709199763834476,0.07025300059467554,14.234267455272079,False,False,False,,11.876909255981445,6.727211952209473,10.736393928527832,8.641209602355957,,,2.2280399799346924,False,0.132048566,0.749402418931,0,-1.0,0.47269952297210693,1.1060943603515625,-0.132048562169075,0.06241929158568382,0.14605817198753357,-0.132048562169075,0.06241929158568382,0.14605817198753357,-0.11774487048387527,0.07986786961555481,0.14227694272994995,-0.11774487048387527,0.07986786961555481,0.14227694272994995,-0.11774444580078125,0.07986783981323242,0.1422765851020813,False,False,3.160799853503704,2.070200629532337,-1.0,0.0,1.0,-1.0,0.0,1037.9666748046875,905.5987548828125,1037.9666748046875,905.5987548828125,False,False,-0.21153367833774855,-0.7649212794121368,0.11280112374199726,False,,False,timeout
732,1787624611.6312246,44.42208030074835,0.060758800245821476,16.458521168195258,True,605,0.030739200301468372,0.06617499981075525,15.111446964257832,False,False,False,,11.759164810180664,6.807079792022705,10.520034790039062,8.640711784362793,,,2.2130632400512695,False,0.132048566,0.749402418931,0,-1.0,1.0,1.4142135381698608,-0.132048562169075,0.132048562169075,0.18674486875534058,-0.132048562169075,0.132048562169075,0.18674486875534058,-0.1284639835357666,0.11897219717502594,0.17509248852729797,-0.1284639835357666,0.11897219717502594,0.17509248852729797,-0.1284637451171875,0.1189723014831543,0.17509238421916962,False,False,2.492399886250496,1.1754995211958885,-1.0,0.0,1.0,-1.0,0.0,1015.8115234375,905.5465698242188,1015.8115234375,905.5465698242188,False,False,-0.21960264247365965,-0.75856208836408,0.11301362218893392,False,,False,timeout
733,1787624611.6915925,44.48350660037249,0.06142629962414503,16.279671836311085,True,606,0.022980500012636185,0.07873839978128672,12.700283505604897,False,False,False,,11.630701065063477,6.926052093505859,10.312047004699707,8.63941478729248,,,2.1620500087738037,False,0.132048566,0.749402418931,0,-1.0,1.0,1.4142135381698608,-0.132048562169075,0.132048562169075,0.18674486875534058,-0.132048562169075,0.132048562169075,0.18674486875534058,-0.13115021586418152,0.12877167761325836,0.18380022048950195,-0.13115021586418152,0.12877167761325836,0.18380022048950195,-0.1311502456665039,0.12877178192138672,0.18380030989646912,False,False,1.8211007118225098,1.7443997785449028,-1.0,0.0,1.0,-1.0,0.0,994.5135498046875,905.41064453125,994.5135498046875,905.41064453125,False,False,-0.2273220036608147,-0.7524277065993248,0.11297499237564655,False,,False,timeout
734,1787624611.7529292,44.54488750081509,0.06138090044260025,16.29171277692709,True,607,0.012134200893342495,0.06918520014733076,14.453958330256865,False,False,False,,11.499550819396973,7.054823875427246,10.128962516784668,8.637377738952637,,,2.0935590267181396,False,0.132048566,0.749402418931,0,-1.0,1.0,1.4142135381698608,-0.132048562169075,0.132048562169075,0.18674486875534058,-0.132048562169075,0.132048562169075,0.18674486875534058,-0.13182345032691956,0.13122740387916565,0.18600551784038544,-0.13182345032691956,0.13122740387916565,0.18600551784038544,-0.13182353973388672,0.1312274932861328,0.18600565195083618,False,False,2.262500114738941,1.1839000508189201,-1.0,0.0,1.0,-1.0,0.0,975.7657470703125,905.1971435546875,975.7657470703125,905.1971435546875,False,False,-0.2340802454664621,-0.7470013301500903,0.11294450588649257,False,,False,timeout
735,1787624611.8149261,44.6068874001503,0.061999899335205555,16.129058445618597,True,608,0.009136700071394444,0.07222600001841784,13.845429620150599,False,False,False,,11.367727279663086,7.186051368713379,9.912942886352539,8.638039588928223,,,2.0553996562957764,False,0.132048566,0.749402418931,0,-1.0,1.0,1.4142135381698608,-0.132048562169075,0.132048562169075,0.18674486875534058,-0.132048562169075,0.132048562169075,0.18674486875534058,-0.1319921612739563,0.13184279203414917,0.1865595132112503,-0.1319921612739563,0.13184279203414917,0.1865595132112503,-0.13199234008789062,0.13184261322021484,0.1865595132112503,False,False,1.8334994092583656,1.2184996157884598,-1.0,0.0,1.0,-1.0,0.0,953.6453247070312,905.2664794921875,953.6453247070312,905.2664794921875,False,False,-0.24212908995261637,-0.7407299226090505,0.11298623850977195,False,,False,timeout
736,1787624611.877336,44.668238800019026,0.06135139986872673,16.29954658149113,True,609,0.00702429935336113,0.06499399989843369,15.386035658102331,False,False,False,,11.235734939575195,7.317893981933594,9.704268455505371,8.638833999633789,,,2.022442102432251,False,0.132048566,0.749402418931,0,-1.0,1.0,1.4142135381698608,-0.132048562169075,0.132048562169075,0.18674486875534058,-0.132048562169075,0.132048562169075,0.18674486875534058,-0.13203446567058563,0.13199694454669952,0.18669840693473816,-0.13203446567058563,0.13199694454669952,0.18669840693473816,-0.1320343017578125,0.13199710845947266,0.18669840693473816,False,False,2.1852999925613403,1.7849002033472061,-1.0,0.0,1.0,-1.0,0.0,932.277099609375,905.3497924804688,932.277099609375,905.3497924804688,False,False,-0.2498946714382469,-0.7346887419062592,0.11298791421865167,False,,False,timeout
737,1787624611.9397285,44.729589300230145,0.06135050021111965,16.299785601727695,True,610,0.001487099565565586,0.06346150022000074,15.757585253000945,False,False,False,,11.103700637817383,7.449891090393066,9.52329158782959,8.637889862060547,,,1.9771276712417603,False,0.132048566,0.749402418931,0,-1.0,1.0,1.4142135381698608,-0.132048562169075,0.132048562169075,0.18674486875534058,-0.132048562169075,0.132048562169075,0.18674486875534058,-0.1320449858903885,0.13203565776348114,0.1867332011461258,-0.1320449858903885,0.13203565776348114,0.1867332011461258,-0.13204479217529297,0.1320357322692871,0.18673312664031982,False,False,2.5933003053069115,2.190300263464451,-1.0,0.0,1.0,-1.0,0.0,913.7450561523438,905.2508544921875,913.7450561523438,905.2508544921875,False,False,-0.2565718843270207,-0.7293937556747655,0.112972518083926,False,,False,timeout
738,1787624612.0001152,44.791036600247025,0.061447300016880035,16.274108052352055,False,,,,,False,False,False,,10.97165584564209,7.5819268226623535,9.308420181274414,8.638701438903809,,,1.9705647230148315,False,0.132048566,0.749402418931,0,-1.0,0.09904623031616211,1.004893183708191,-0.132048562169075,0.013078912161290646,0.13269469141960144,-0.132048562169075,0.013078912161290646,0.13269469141960144,-0.1320476084947586,0.04288920387625694,0.13883823156356812,-0.1320476084947586,0.04288920760154724,0.13883823156356812,-0.1320476531982422,0.04288911819458008,0.1388382464647293,False,False,2.6468001306056976,1.9845999777317047,-1.0,0.0,1.0,-1.0,0.0,891.7421875,905.3359375,891.7421875,905.3359375,False,False,-0.26454151471866205,-0.7231935589931641,0.11296963932702686,False,,False,timeout
739,1787624612.0634627,44.852193400263786,0.061156800016760826,16.351411449355375,True,611,0.054141500033438206,0.06688870023936033,14.95020827765397,False,False,False,,10.839608192443848,7.624815940856934,9.09967041015625,8.63766098022461,,,2.013265609741211,False,0.132048566,0.749402418931,0,-1.0,1.0,1.4142135381698608,-0.132048562169075,0.132048562169075,0.18674486875534058,-0.132048562169075,0.132048562169075,0.18674486875534058,-0.1320483237504959,0.10970541834831238,0.1716742217540741,-0.1320483237504959,0.10970541834831238,0.1716742217540741,-0.1320486068725586,0.10970544815063477,0.1716744601726532,False,False,3.5418998450040817,1.9658999517560005,-1.0,0.0,1.0,-1.0,0.0,870.3662109375,905.2268676757812,870.3662109375,905.2268676757812,False,False,-0.27221844588901484,-0.717108706028494,0.11291999161511335,False,,False,timeout
740,1787624612.125746,44.91350410040468,0.06131070014089346,16.310366668493035,True,612,0.038525200448930264,0.07037719991058111,14.209147298707055,False,False,False,,10.707559585571289,7.734521389007568,8.918166160583496,8.637779235839844,,,2.004446029663086,False,0.132048566,0.749402418931,0,-1.0,0.02620178461074829,1.0003432035446167,-0.132048562169075,0.0034599080681800842,0.1320938766002655,-0.132048562169075,0.0034599080681800842,0.1320938766002655,-0.1320485770702362,0.030084781348705292,0.13543234765529633,-0.1320485770702362,0.030084781348705292,0.13543234765529633,-0.1320486068725586,0.030084609985351562,0.13543233275413513,False,False,2.6826001703739166,1.994200050830841,-1.0,0.0,1.0,-1.0,0.0,851.7802124023438,905.2392578125,851.7802124023438,905.2392578125,False,False,-0.2789114604832914,-0.7118669915651606,0.11290821794283822,False,,False,timeout
741,1787624612.187053,44.97478689998388,0.06128279957920313,16.31779238002304,True,613,0.03176209982484579,0.076515999622643,13.069162069785925,False,False,False,,10.57551097869873,7.76460599899292,8.702356338500977,8.637715339660645,,,2.0666465759277344,False,0.132048566,0.749402418931,0,-1.0,-0.26175862550735474,1.0336912870407104,-0.132048562169075,-0.034564848989248276,0.13649743795394897,-0.132048562169075,-0.034564848989248276,0.13649743795394897,-0.1320485770702362,-0.01836385205388069,0.13331937789916992,-0.1320485770702362,-0.01836385205388069,0.13331937789916992,-0.1320486068725586,-0.01836395263671875,0.1333194226026535,False,False,3.2072998583316803,1.9551003351807594,-1.0,0.0,1.0,-1.0,0.0,829.6812744140625,905.2325439453125,829.6812744140625,905.2325439453125,False,False,-0.286850515865892,-0.7056368122335095,0.11291385597313194,False,,False,timeout
742,1787624612.2454183,45.036260900087655,0.06147400010377169,16.2670396966513,True,614,0.026133500039577484,0.06803179997950792,14.699008409320541,False,False,False,,10.443462371826172,7.746242046356201,8.494569778442383,8.638007164001465,,,2.14322829246521,False,0.132048566,0.749402418931,0,-1.0,-1.0,1.4142135381698608,-0.132048562169075,-0.132048562169075,0.18674486875534058,-0.132048562169075,-0.132048562169075,0.18674486875534058,-0.1320485770702362,-0.1035594716668129,0.16781356930732727,-0.1320485770702362,-0.1035594716668129,0.16781356930732727,-0.1320486068725586,-0.10355949401855469,0.16781359910964966,False,False,2.008199691772461,1.887400634586811,-1.0,-1.0,1.4142135381698608,-1.0,0.0,808.4039916992188,842.3831176757812,808.4039916992188,842.3831176757812,False,False,-0.294490792990197,-0.6996628254613839,0.11297070733648798,False,,False,timeout
743,1787624612.3071609,45.09803860075772,0.061777700670063496,16.187070563546957,True,615,0.018134000711143017,0.0670998003333807,14.90317400396975,False,False,False,,10.311413764953613,7.6426825523376465,8.31328296661377,8.623111724853516,,,2.2257063388824463,False,0.132048566,0.749402418931,0,-1.0,0.4177854061126709,1.0837640762329102,-0.132048562169075,0.05516796186566353,0.1431095004081726,-0.132048562169075,0.05516796186566353,0.1431095004081726,-0.1320485770702362,0.015391245484352112,0.1329425424337387,-0.1320485770702362,0.015391245484352112,0.1329425424337387,-0.1320486068725586,0.015391349792480469,0.1329425722360611,False,False,1.913599669933319,1.2568999081850052,-1.0,0.0,1.0,-1.0,-1.0,789.8401489257812,903.7021484375,789.8401489257812,903.7021484375,False,False,-0.3007217464850428,-0.6938611158712352,0.11304920086692792,False,,False,timeout
744,1787624612.367498,45.15946010034531,0.06142149958759546,16.280944078447046,True,616,0.01604000013321638,0.06977500021457672,14.33178067968088,False,False,False,,10.179365158081055,7.658073902130127,8.091943740844727,8.387489318847656,,,2.211193084716797,False,0.132048566,0.749402418931,0,-1.0,1.0,1.4142135381698608,-0.132048562169075,0.132048562169075,0.18674486875534058,-0.132048562169075,0.132048562169075,0.18674486875534058,-0.1320485770702362,0.10281454026699066,0.16735488176345825,-0.1320485770702362,0.10281454026699066,0.16735488176345825,-0.1320486068725586,0.1028146743774414,0.1673549860715866,False,False,1.9922005012631416,1.1938996613025665,-1.0,0.5,1.1180340051651,-1.0,0.0,767.175048828125,910.4489135742188,767.175048828125,910.4489135742188,False,False,-0.30223926112774835,-0.6781808391751805,0.11231875433464304,False,,False,timeout
745,1787624612.4289682,45.220921400003135,0.061461299657821655,16.270401139698947,True,617,0.0020347991958260536,0.06351699959486723,15.74381671644341,False,False,False,,10.047316551208496,7.760888576507568,7.894974231719971,8.459888458251953,,,2.2630019187927246,False,0.132048566,0.749402418931,0,-1.0,1.0,1.4142135381698608,-0.132048562169075,0.132048562169075,0.18674486875534058,-0.132048562169075,0.132048562169075,0.18674486875534058,-0.1320485770702362,0.12472261488437653,0.18163853883743286,-0.1320485770702362,0.12472261488437653,0.18163853883743286,-0.1320486068725586,0.12472248077392578,0.1816384643316269,False,False,1.8067993223667145,1.2038005515933037,-1.0,0.0,1.0,-1.0,0.5,747.0053100585938,886.5963134765625,747.0053100585938,886.5963134765625,False,False,-0.31147930294751713,-0.6754021138486533,0.11318599650777517,False,,False,timeout
746,1787624612.4901361,45.282132000662386,0.06121060065925121,16.337039487111497,False,,,,,False,False,False,,9.915267944335938,7.885611057281494,7.712944507598877,8.557844161987305,,,2.3026344776153564,False,0.132048566,0.749402418931,0,-0.2955589294433594,0.6502192616462708,0.7142409682273865,-0.03902813047170639,0.08586052060127258,0.09431449323892593,-0.03902813047170639,0.08586052060127258,0.09431449323892593,-0.06233883649110794,0.0955992266535759,0.11412861943244934,-0.06233883649110794,0.0955992266535759,0.11412861943244934,-0.062338829040527344,0.09559917449951172,0.11412857472896576,False,False,1.5565995126962662,2.102600410580635,-1.0,0.0,1.0,-1.0,0.0,728.365478515625,896.8621215820312,728.365478515625,896.8621215820312,False,False,-0.3208571956213943,-0.6740701683875442,0.11269805863636984,False,,False,timeout
747,1787624612.5523334,45.34325970057398,0.06112769991159439,16.359195609294062,True,618,0.0604050001129508,0.07546580024063587,13.251035526176434,False,False,False,,9.85292911529541,7.981210231781006,7.497453212738037,8.532941818237305,,,2.4192302227020264,False,0.132048566,0.749402418931,0,-1.0,0.5050035119056702,1.1202805042266846,-0.132048562169075,0.06668499112129211,0.14793144166469574,-0.132048562169075,0.06668499112129211,0.14793144166469574,-0.1145794689655304,0.07393081486225128,0.13636063039302826,-0.1145794689655304,0.07393081486225128,0.13636063039302826,-0.1145792007446289,0.07393121719360352,0.13636061549186707,False,False,2.27500032633543,1.375899650156498,-1.0,0.0,1.0,-1.0,0.0,706.2991943359375,894.2523193359375,706.2991943359375,894.2523193359375,False,False,-0.3280248663116159,-0.6669266192119663,0.11296922488775817,False,,False,timeout
748,1787624612.606005,45.393602000549436,0.05034229997545481,19.864010990510288,True,619,0.03728829976171255,0.06452769972383976,15.49722063981385,False,False,False,,9.738349914550781,8.05514144897461,7.3435235023498535,8.530600547790527,,,2.44156813621521,False,0.132048566,0.749402418931,0,-1.0,1.0,1.4142135381698608,-0.132048562169075,0.132048562169075,0.18674486875534058,-0.132048562169075,0.132048562169075,0.18674486875534058,-0.1276707798242569,0.11748449504375458,0.17350053787231445,-0.1276707798242569,0.11748449504375458,0.17350053787231445,-0.1276712417602539,0.11748409271240234,0.17350059747695923,False,False,2.976899966597557,2.1477006375789642,-1.0,-1.0,1.4142135381698608,-1.0,0.0,690.536865234375,831.126953125,690.536865234375,831.126953125,False,False,-0.33356558530239083,-0.6624419285095983,0.11289278003138435,False,,False,timeout
749,1787624612.6601033,45.449900400824845,0.05629840027540922,17.762494051483618,True,620,0.030673300847411156,0.0728965001180768,13.71807972097718,False,False,False,,9.610678672790527,8.172625541687012,7.1646504402160645,8.535566329956055,,,2.4728081226348877,False,0.132048566,0.749402418931,0,-1.0,0.6119910478591919,1.1724047660827637,-0.132048562169075,0.08081253618001938,0.15481437742710114,-0.132048562169075,0.08081253618001938,0.15481437742710114,-0.13095161318778992,0.09000233560800552,0.15889853239059448,-0.13095161318778992,0.09000233560800552,0.15889853239059448,-0.1309518814086914,0.09000205993652344,0.15889860689640045,False,False,2.418399788439274,0.9615998715162277,-1.0,-1.0,1.4142135381698608,-1.0,-1.0,672.2201538085938,831.6473388671875,672.2201538085938,831.6473388671875,False,False,-0.3402072813126915,-0.6575420965080565,0.11308789109688608,False,,False,timeout
750,1787624612.7198856,45.51182579994202,0.061925399117171764,16.14846273510254,True,621,0.020199199207127094,0.06291550025343895,15.894334400453888,False,False,False,,9.479726791381836,8.262627601623535,6.948823928833008,8.307588577270508,,,2.5313022136688232,False,0.132048566,0.749402418931,0,-1.0,-1.0,1.4142135381698608,-0.132048562169075,-0.132048562169075,0.18674486875534058,-0.132048562169075,-0.132048562169075,0.18674486875534058,-0.13177374005317688,-0.07640321552753448,0.15232127904891968,-0.13177374005317688,-0.07640321552753448,0.15232127904891968,-0.1317739486694336,-0.07640361785888672,0.15232165157794952,False,False,1.6533005982637405,1.212899573147297,-1.0,-1.0,1.4142135381698608,-1.0,-1.0,650.1195678710938,807.7552490234375,650.1195678710938,807.7552490234375,False,False,-0.3417715018514032,-0.6423469603200394,0.11242182659909428,False,,False,timeout
751,1787624612.783785,45.57318420056254,0.061358400620520115,16.29768686743718,True,622,0.015945900231599808,0.07240050006657839,13.812059296281316,False,False,False,,9.347952842712402,8.186223983764648,6.745187282562256,8.094745635986328,,,2.60437273979187,False,0.132048566,0.749402418931,0,-1.0,-0.06787016987800598,1.002300500869751,-0.132048562169075,-0.008962158113718033,0.13235235214233398,-0.132048562169075,-0.008962158113718033,0.13235235214233398,-0.13197973370552063,-0.02586282417178154,0.13448990881443024,-0.13197973370552063,-0.02586282417178154,0.13448990881443024,-0.13197994232177734,-0.025862693786621094,0.13449008762836456,False,False,2.585800364613533,1.7138998955488205,-1.0,-1.0,1.4142135381698608,-1.0,-1.0,629.2672119140625,785.4493408203125,629.2672119140625,785.4493408203125,False,False,-0.34331266767291757,-0.6280713824719787,0.11296526012985092,False,,False,timeout
752,1787624612.8444815,45.63435870036483,0.06117449980229139,16.3466804507087,False,,,,,False,False,False,,9.215972900390625,8.160361289978027,6.562099456787109,7.916704177856445,,,2.6650352478027344,False,0.132048566,0.749402418931,0,-1.0,0.7138820886611938,1.2286690473556519,-0.132048562169075,0.0942671000957489,0.16224397718906403,-0.132048562169075,0.0942671000957489,0.16224397718906403,-0.1320313662290573,0.06416286528110504,0.1467963010072708,-0.1320313662290573,0.06416286528110504,0.1467963010072708,-0.13203144073486328,0.0641632080078125,0.14679652452468872,False,False,2.8172004967927933,1.9620005041360855,-1.0,-1.0,1.4142135381698608,-1.0,-1.0,610.5189819335938,766.7906494140625,610.5189819335938,766.7906494140625,False,False,-0.3450683742043982,-0.6157470753703731,0.11271249388892382,False,,False,timeout
753,1787624612.9079645,45.69566970039159,0.061311000026762486,16.310286890827033,True,623,0.054912700317800045,0.06561819929629564,15.239674522072006,False,False,False,,9.083941459655762,8.22452449798584,6.349850177764893,7.704554557800293,,,2.7830960750579834,False,0.132048566,0.749402418931,0,-1.0,-0.6209771037101746,1.1771204471588135,-0.132048562169075,-0.08199913054704666,0.15543705224990845,-0.132048562169075,-0.08199913054704666,0.15543705224990845,-0.13204427063465118,-0.04537120461463928,0.139621764421463,-0.13204427063465118,-0.04537120461463928,0.139621764421463,-0.13204383850097656,-0.045371055603027344,0.139621302485466,False,False,3.173699602484703,2.0538000389933586,-1.0,-1.0,1.4142135381698608,-1.0,-1.0,588.7846069335938,744.5573120117188,588.7846069335938,744.5573120117188,False,False,-0.346948369012959,-0.6012051462795729,0.11289579108008206,False,,False,timeout
754,1787624612.95275,45.745701500214636,0.05003179982304573,19.98728815546984,True,624,0.03493189997971058,0.08396430034190416,11.909823531286294,False,False,False,,8.951897621154785,8.179153442382812,6.192783355712891,7.5483808517456055,,,2.8302977085113525,False,0.132048566,0.749402418931,0,-1.0,-1.0,1.4142135381698608,-0.132048562169075,-0.132048562169075,0.18674486875534058,-0.132048562169075,-0.132048562169075,0.18674486875534058,-0.1320473700761795,-0.11032738536596298,0.17207162082195282,-0.1320473700761795,-0.11032738536596298,0.17207162082195282,-0.1320476531982422,-0.11032772064208984,0.17207205295562744,False,False,1.6390001401305199,0.9428001940250397,-1.0,-1.0,1.4142135381698608,-1.0,-1.0,572.7010498046875,728.1903076171875,572.7010498046875,728.1903076171875,False,False,-0.34836442541457935,-0.5904598227735789,0.11277334820483896,False,,False,timeout
755,1787624613.0120301,45.80287660006434,0.05717509984970093,17.490131239451273,True,625,0.011905799619853497,0.06955729983747005,14.376636274505104,False,False,False,,8.819849967956543,8.068825721740723,6.00947380065918,7.369539260864258,,,2.896069049835205,False,0.132048566,0.749402418931,0,-1.0,-1.0,1.4142135381698608,-0.132048562169075,-0.132048562169075,0.18674486875534058,-0.132048562169075,-0.132048562169075,0.18674486875534058,-0.1320483237504959,-0.12660536170005798,0.18293626606464386,-0.1320483237504959,-0.12660536170005798,0.18293626606464386,-0.1320486068725586,-0.12660551071166992,0.18293656408786774,False,False,2.3670000955462456,1.0714000090956688,-1.0,-1.0,1.4142135381698608,-1.0,-1.0,553.9301147460938,709.4476928710938,553.9301147460938,709.4476928710938,False,False,-0.3501140384603256,-0.5780395510589756,0.11291971313573942,False,,False,timeout
756,1787624613.072496,45.86443029996008,0.061553699895739555,16.245977117440752,False,,,,,False,False,False,,8.687801361083984,7.942220211029053,5.799139499664307,7.16156530380249,,,2.992288112640381,False,0.132048566,0.749402418931,0,-1.0,-0.23938000202178955,1.028252363204956,-0.132048562169075,-0.03160978481173515,0.1357792317867279,-0.132048562169075,-0.03160978481173515,0.1357792317867279,-0.1320485770702362,-0.05541548132896423,0.14320510625839233,-0.1320485770702362,-0.05541548132896423,0.14320510625839233,-0.1320486068725586,-0.05541563034057617,0.1432051956653595,False,False,2.840000204741955,1.1646999046206474,-1.0,-1.0,1.4142135381698608,-1.0,-1.0,532.3919067382812,687.6520385742188,532.3919067382812,687.6520385742188,False,False,-0.3520485125482334,-0.5636523958092267,0.11288583682056488,False,,False,timeout
757,1787624613.1359406,45.92579600028694,0.06136570032685995,16.295748189519106,True,626,0.0577079001814127,0.08020900003612041,12.467428836535442,False,False,False,,8.555752754211426,7.886804580688477,5.5919036865234375,6.957278251647949,,,3.1061906814575195,False,0.132048566,0.749402418931,0,-1.0,-0.5685539245605469,1.1503275632858276,-0.132048562169075,-0.07507672905921936,0.15189909934997559,-0.132048562169075,-0.07507672905921936,0.15189909934997559,-0.1320485770702362,-0.07014970481395721,0.14952526986598969,-0.1320485770702362,-0.07014970481395721,0.14952526986598969,-0.1320486068725586,-0.07014989852905273,0.14952538907527924,False,False,2.660500817000866,1.505800522863865,-1.0,-1.0,1.4142135381698608,-1.0,-1.0,511.17095947265625,666.2427978515625,511.17095947265625,666.2427978515625,False,False,-0.35397507999202904,-0.5494773908855892,0.11286662337102188,False,,False,timeout
758,1787624613.1868558,45.976734600029886,0.05093859974294901,19.631477995985183,True,627,0.04092529974877834,0.07746990025043488,12.908239158270847,False,False,False,,8.423704147338867,7.816654682159424,5.4348931312561035,6.803918361663818,,,3.155729055404663,False,0.132048566,0.749402418931,0,-1.0,-1.0,1.4142135381698608,-0.132048562169075,-0.132048562169075,0.18674486875534058,-0.132048562169075,-0.132048562169075,0.18674486875534058,-0.1320485770702362,-0.11653690040111542,0.17611835896968842,-0.1320485770702362,-0.11653690040111542,0.17611835896968842,-0.1320486068725586,-0.11653709411621094,0.17611850798130035,False,False,2.5147004052996635,1.3762004673480988,-1.0,-1.0,1.4142135381698608,-1.0,-1.0,495.09307861328125,650.170654296875,495.09307861328125,650.170654296875,False,False,-0.35547615206955413,-0.5387792578199353,0.11291502828873737,False,,False,timeout
759,1787624613.239932,46.0328663000837,0.05613170005381107,17.815245200864084,True,628,0.024595200084149837,0.06736630015075207,14.844217327687636,False,False,False,,8.291655540466309,7.700117588043213,5.247076511383057,6.61754035949707,,,3.231320858001709,False,0.132048566,0.749402418931,0,-0.5326328277587891,0.3969510793685913,0.6642799973487854,-0.07033339887857437,0.05241682007908821,0.0877172127366066,-0.07033339887857437,0.05241682007908821,0.0877172127366066,-0.08579908311367035,0.010077377781271935,0.08638887107372284,-0.08579908311367035,0.010077372193336487,0.08638886362314224,-0.0857992172241211,0.010077476501464844,0.08638901263475418,False,False,1.6030995175242424,0.960799865424633,-1.0,-1.0,1.4142135381698608,-1.0,-1.0,475.86065673828125,630.6382446289062,475.86065673828125,630.6382446289062,False,False,-0.357193354842384,-0.5258433600532013,0.11286497749246201,False,,False,timeout
760,1787624613.3023517,46.094301300123334,0.06143500003963709,16.277366311627127,True,629,0.015613099560141563,0.07246330007910728,13.800089133510514,False,False,False,,8.205856323242188,7.710195064544678,5.04116153717041,6.4148054122924805,,,3.419550657272339,False,0.132048566,0.749402418931,0,-1.0,-0.9814393520355225,1.4011507034301758,-0.132048562169075,-0.12959764897823334,0.18501992523670197,-0.132048562169075,-0.12959764897823334,0.18501992523670197,-0.12045858800411224,-0.09459540247917175,0.153161883354187,-0.12045858800411224,-0.09459540247917175,0.153161883354187,-0.12045860290527344,-0.09459543228149414,0.1531619131565094,False,False,1.7184000462293625,1.1955006048083305,-1.0,-1.0,1.4142135381698608,-1.0,-1.0,454.7749328613281,609.3916015625,454.7749328613281,609.3916015625,False,False,-0.35912354974551824,-0.511703068272182,0.11293997132752731,False,,False,timeout
761,1787624613.3637793,46.15570970065892,0.061408400535583496,16.284416973546534,True,630,0.008317300118505955,0.07041369937360287,14.201781881877467,False,False,False,,8.085397720336914,7.615599632263184,4.829825401306152,6.206663131713867,,,3.547372579574585,True,0.132048566,0.749402418931,0,-1.0,-1.0,1.4142135381698608,-0.132048562169075,-0.132048562169075,0.18674486875534058,-0.132048562169075,-0.132048562169075,0.18674486875534058,-0.12914414703845978,-0.12266289442777634,0.1781134456396103,-0.12914414703845978,-0.12266289442777634,0.1781134456396103,-0.12914419174194336,-0.12266302108764648,0.17811354994773865,False,False,1.711500808596611,1.77800003439188,-1.0,-1.0,1.4142135381698608,-1.0,-1.0,433.1341247558594,587.5783081054688,433.1341247558594,587.5783081054688,False,False,-0.36110613688243864,-0.4971619221289231,0.11286124359249569,False,,False,timeout
762,1787624613.4272997,46.21717700082809,0.0614673001691699,16.268812803682714,True,631,0.0005231006070971489,0.06870970036834478,14.55398574930636,False,False,False,,7.956253528594971,7.492936611175537,4.641111373901367,6.023155689239502,,,3.6263511180877686,True,0.132048566,0.749402418931,0,-1.0,-1.0,1.4142135381698608,-0.132048562169075,-0.132048562169075,0.18674486875534058,-0.132048562169075,-0.132048562169075,0.18674486875534058,-0.13132072985172272,-0.1296965628862381,0.18457067012786865,-0.13132072985172272,-0.1296965628862381,0.18457067012786865,-0.13132095336914062,-0.12969636917114258,0.18457069993019104,False,False,2.056000754237175,1.7240000888705254,-1.0,-1.0,1.4142135381698608,-1.0,-1.0,413.8098449707031,568.3467407226562,413.8098449707031,568.3467407226562,False,False,-0.36294461720069293,-0.4842530712267385,0.1128855898496468,False,,False,timeout
763,1787624613.487153,46.27860020007938,0.061423199251294136,16.28049356251874,False,,,,,False,False,False,,7.82493257522583,7.3632402420043945,4.428833484649658,5.810715198516846,,,3.734142780303955,True,0.132048566,0.749402418931,0,-1.0,-0.11080193519592285,1.0061198472976685,-0.132048562169075,-0.014631235972046852,0.13285668194293976,-0.132048562169075,-0.014631235972046852,0.13285668194293976,-0.1318662166595459,-0.04346627742052078,0.138845294713974,-0.1318662166595459,-0.04346627742052078,0.138845294713974,-0.1318659782409668,-0.04346609115600586,0.13884501159191132,False,False,1.6048997640609741,1.9958000630140305,-1.0,-1.0,1.4142135381698608,-1.0,-1.0,392.07257080078125,546.0829467773438,392.07257080078125,546.0829467773438,False,False,-0.36484956955425424,-0.46945715072471045,0.11287466965564075,False,,False,timeout
764,1787624613.5504663,46.33924770075828,0.060647500678896904,16.488725649134015,True,632,0.05614790040999651,0.06925490032881498,14.439411438787799,False,False,False,,7.693066596984863,7.319774150848389,4.218310832977295,5.606194972991943,,,3.8743104934692383,True,0.132048566,0.749402418931,0,-1.0,-1.0,1.4142135381698608,-0.132048562169075,-0.132048562169075,0.18674486875534058,-0.132048562169075,-0.132048562169075,0.18674486875534058,-0.1320028007030487,-0.10985000431537628,0.17173166573047638,-0.1320028007030487,-0.10985000431537628,0.17173166573047638,-0.1320028305053711,-0.10984992980957031,0.171731635928154,False,False,2.72350013256073,1.9686007872223854,-1.0,-1.0,1.4142135381698608,-1.0,-1.0,370.5150451660156,524.6492309570312,370.5150451660156,524.6492309570312,False,False,-0.36691283532261465,-0.45501444024325166,0.11293182855834008,False,,False,timeout
765,1787624613.61191,46.400687500834465,0.06143980007618666,16.2760946285629,True,633,0.047737800516188145,0.06686779949814081,14.954881235889989,False,False,False,,7.561063766479492,7.209924221038818,4.033725261688232,5.425113677978516,,,3.953184127807617,True,0.132048566,0.749402418931,0,-1.0,-1.0,1.4142135381698608,-0.132048562169075,-0.132048562169075,0.18674486875534058,-0.132048562169075,-0.132048562169075,0.18674486875534058,-0.13203710317611694,-0.12648563086986542,0.1828453093767166,-0.13203710317611694,-0.12648563086986542,0.1828453093767166,-0.13203716278076172,-0.12648582458496094,0.18284550309181213,False,False,2.9023000970482826,1.5380997210741043,-1.0,-0.5,1.1180340051651,-1.0,-1.0,351.61346435546875,537.1119384765625,351.61346435546875,537.1119384765625,False,False,-0.3686762168824986,-0.4422564987241453,0.11289123889293373,False,,False,timeout
766,1787624613.6751919,46.461933800019324,0.0612462991848588,16.327517144859883,True,634,0.04303859919309616,0.06943320017307997,14.402331989700098,False,False,False,,7.4290266036987305,7.083438396453857,3.816740036010742,5.219849586486816,,,4.064674377441406,True,0.132048566,0.749402418931,0,-1.0,0.10103452205657959,1.0050910711288452,-0.132048562169075,0.013341463170945644,0.13272082805633545,-0.132048562169075,0.013341463170945644,0.13272082805633545,-0.1320457011461258,-0.02169891446828842,0.1338167041540146,-0.1320457011461258,-0.02169891446828842,0.1338167041540146,-0.13204574584960938,-0.021698951721191406,0.13381676375865936,False,False,3.4106001257896423,2.025699242949486,-0.5,-1.0,1.1180340051651,-1.0,-0.5,360.11419677734375,484.1602478027344,360.11419677734375,484.1602478027344,False,False,-0.37096304573898803,-0.427554432787924,0.11283541902883737,False,,False,timeout
767,1787624613.7360473,46.52380680013448,0.061873000115156174,16.162138544095647,True,635,0.03646259941160679,0.06594530027359724,15.164082896751532,False,False,False,,7.296980857849121,7.061739444732666,3.625023603439331,5.134284019470215,,,4.147089958190918,True,0.132048566,0.749402418931,0,-1.0,0.058676958084106445,1.0017200708389282,-0.132048562169075,0.00774820800870657,0.13227568566799164,-0.132048562169075,0.00774820800870657,0.13227568566799164,-0.1320478469133377,0.0003688214346766472,0.1320483684539795,-0.1320478469133377,0.0003688223659992218,0.1320483684539795,-0.1320476531982422,0.0003685951232910156,0.13204817473888397,False,False,2.536100335419178,1.9436003640294075,-1.0,0.0,1.0,-0.5,-1.0,309.76239013671875,538.0729370117188,309.76239013671875,538.0729370117188,False,False,-0.3756363354459124,-0.41859485895397197,0.11306597304056284,False,,False,timeout
768,1787624613.7933578,46.5852872999385,0.06148049980401993,16.26531995002771,True,636,0.02592769917100668,0.06844309996813536,14.610676612625143,False,False,False,,7.164933204650879,7.062108039855957,3.542854070663452,4.9316935539245605,,,4.202157020568848,True,0.132048566,0.749402418931,0,-0.8913818597793579,-1.0,1.3396124839782715,-0.11770569533109665,-0.132048562169075,0.1768939048051834,-0.11770569533109665,-0.132048562169075,0.1768939048051834,-0.12129974365234375,-0.09886513650417328,0.15648624300956726,-0.12129974365234375,-0.09886513650417328,0.15648624300956726,-0.12129974365234375,-0.09886503219604492,0.15648618340492249,False,False,1.7372006550431252,1.1664004996418953,-0.5,-0.5,0.7071067690849304,-1.0,0.0,332.0682678222656,485.4014587402344,332.0682678222656,485.4014587402344,False,False,-0.3730502979295713,-0.40772887357272,0.11264649206551475,False,,False,timeout
769,1787624613.8537557,46.646715899929404,0.06142859999090433,16.279062198195447,True,637,0.01964849978685379,0.07202539965510368,13.88399099190754,False,False,False,,7.043633460998535,6.963243007659912,3.330941915512085,4.97567892074585,,,4.211233615875244,True,0.132048566,0.749402418931,0,-1.0,-1.0,1.4142135381698608,-0.132048562169075,-0.132048562169075,0.18674486875534058,-0.132048562169075,-0.132048562169075,0.18674486875534058,-0.12935492396354675,-0.12373284250497818,0.1790042221546173,-0.12935492396354675,-0.12373284250497818,0.1790042221546173,-0.12935495376586914,-0.1237330436706543,0.17900438606739044,False,False,1.6272999346256256,1.160699874162674,-1.0,0.5,1.1180340051651,-0.5,-0.5,279.6484375,552.8911743164062,279.6484375,552.8911743164062,False,False,-0.3820492546306328,-0.40369475713709385,0.11305438218615527,False,,False,timeout
770,1787624613.9167647,46.70869760029018,0.061981700360774994,16.13379423570716,True,638,0.008521799929440022,0.06770460028201342,14.770045105275699,False,False,False,,6.914278507232666,6.839509963989258,3.233290910720825,4.858142852783203,,,4.180368900299072,True,0.132048566,0.749402418931,0,-1.0,-1.0,1.4142135381698608,-0.132048562169075,-0.132048562169075,0.18674486875534058,-0.132048562169075,-0.132048562169075,0.18674486875534058,-0.1313735544681549,-0.1299647092819214,0.1847967505455017,-0.1313735544681549,-0.1299647092819214,0.1847967505455017,-0.13137340545654297,-0.12996482849121094,0.18479672074317932,False,False,1.8313992768526077,1.742299646139145,-0.5,-0.5,0.7071067690849304,-1.0,0.5,300.3690185546875,477.693359375,300.3690185546875,477.693359375,False,False,-0.38238976925662127,-0.39599199946456115,0.11250219193297556,False,,False,timeout
771,1787624613.979128,46.7701714001596,0.061473799869418144,16.267092682153816,True,639,4.590023308992386e-05,0.07310310006141663,13.679310441826173,False,False,False,,6.782905101776123,6.709545135498047,3.043255090713501,4.991384983062744,,,4.1154656410217285,True,0.132048566,0.749402418931,0,-1.0,-0.4136624336242676,1.082181453704834,-0.132048562169075,-0.05462352931499481,0.1429004967212677,-0.132048562169075,-0.05462352931499481,0.1429004967212677,-0.13187935948371887,-0.07350387424230576,0.15098008513450623,-0.13187935948371887,-0.07350387424230576,0.15098008513450623,-0.13187932968139648,-0.07350397109985352,0.15098010003566742,False,False,1.8343999981880188,1.2347996234893799,-0.5,-1.0,1.1180340051651,-0.5,-0.5,280.9093017578125,460.2171325683594,280.9093017578125,460.2171325683594,False,False,-0.39302175332754485,-0.39636952123144037,0.1130772265079566,False,,False,timeout
772,1787624614.0403438,46.83123030047864,0.06105890031903982,16.377628728570023,False,,,,,False,False,False,,6.651025772094727,6.636041164398193,2.9450628757476807,4.821012020111084,,,4.126559257507324,True,0.132048566,0.749402418931,0,-1.0,-0.45322972536087036,1.0979149341583252,-0.132048562169075,-0.05984833464026451,0.1449780911207199,-0.132048562169075,-0.05984833464026451,0.1449780911207199,-0.13200613856315613,-0.06327040493488312,0.14638566970825195,-0.13200613856315613,-0.06327040493488312,0.14638566970825195,-0.13200616836547852,-0.06327056884765625,0.1463857740163803,False,False,2.8786007314920425,1.7875991761684418,-0.5,-1.0,1.1180340051651,-0.5,-1.0,270.85443115234375,442.362060546875,270.85443115234375,442.362060546875,False,False,-0.3919363698479451,-0.38641188201540394,0.11248847560004949,False,,False,timeout
773,1787624614.10362,46.8923190003261,0.06108869984745979,16.369639597782047,True,640,0.04369970038533211,0.06996109988540411,14.293657498781386,False,False,False,,6.519019603729248,6.572770595550537,2.8428738117218018,4.59830379486084,,,4.172836780548096,True,0.132048566,0.749402418931,0,-1.0,-1.0,1.4142135381698608,-0.132048562169075,-0.132048562169075,0.18674486875534058,-0.132048562169075,-0.132048562169075,0.18674486875534058,-0.1320379376411438,-0.1148129552602768,0.17497438192367554,-0.1320379376411438,-0.1148129552602768,0.17497438192367554,-0.13203811645507812,-0.11481285095214844,0.1749744415283203,False,False,2.512899227440357,2.0934008061885834,-1.0,0.0,1.0,-0.5,-1.0,229.67025756835938,481.9022521972656,229.67025756835938,481.9022521972656,False,False,-0.3895539713425854,-0.3740889687605603,0.11282967296593867,False,,False,timeout
774,1787624614.163844,46.95368009991944,0.06136109959334135,16.29697001239065,True,641,0.03394849970936775,0.07884799968451262,12.682629920875732,False,False,False,,6.38698148727417,6.457957744598389,2.7403810024261475,4.432736396789551,,,4.171236515045166,True,0.132048566,0.749402418931,0,-1.0,-1.0,1.4142135381698608,-0.132048562169075,-0.132048562169075,0.18674486875534058,-0.132048562169075,-0.132048562169075,0.18674486875534058,-0.1320459395647049,-0.12772932648658752,0.18371421098709106,-0.1320459395647049,-0.12772932648658752,0.18371421098709106,-0.13204574584960938,-0.1277294158935547,0.1837141364812851,False,False,2.502700313925743,1.5584994107484818,-0.5,-0.5,0.7071067690849304,-1.0,0.0,249.89501953125,433.1107482910156,249.89501953125,433.1107482910156,False,False,-0.38875274189991255,-0.36416912508102917,0.11269782157810958,False,,False,timeout
775,1787624614.2237406,47.01561770029366,0.0619376003742218,16.14528160532671,True,642,0.021558900363743305,0.07075180020183325,14.133915987258357,False,False,False,,6.2549357414245605,6.330228328704834,2.5219008922576904,4.46471643447876,,,4.173210144042969,True,0.132048566,0.749402418931,0,-1.0,-0.5322902202606201,1.132842779159546,-0.132048562169075,-0.07028815895318985,0.14959026873111725,-0.132048562169075,-0.07028815895318985,0.14959026873111725,-0.1320478469133377,-0.08468279242515564,0.15686877071857452,-0.1320478469133377,-0.08468279242515564,0.15686877071857452,-0.1320476531982422,-0.08468294143676758,0.15686868131160736,False,False,1.797500066459179,1.721399836242199,-1.0,0.0,1.0,-0.5,-0.5,196.8026580810547,467.90228271484375,196.8026580810547,467.90228271484375,False,False,-0.3976507444413546,-0.359491313939819,0.11294276471442001,False,,False,timeout
776,1787624614.2853,47.07719579990953,0.061578099615871906,16.23953980778984,True,643,0.0008828993886709213,0.07432120013982058,13.455111033173559,False,False,False,,6.122888088226318,6.245545387268066,2.4256436824798584,4.338067531585693,,,4.160299301147461,True,0.132048566,0.749402418931,0,-1.0,-0.6815226078033447,1.2101541757583618,-0.132048562169075,-0.08999408036470413,0.15979911386966705,-0.132048562169075,-0.08999408036470413,0.15979911386966705,-0.1320483237504959,-0.08866312354803085,0.15905316174030304,-0.1320483237504959,-0.08866312354803085,0.15905316174030304,-0.1320481300354004,-0.08866310119628906,0.1590529978275299,False,False,1.5046996995806694,2.032800577580929,-1.0,0.0,1.0,-1.0,0.0,186.94590759277344,454.6294860839844,186.94590759277344,454.6294860839844,False,False,-0.39769931382329765,-0.3514019110281688,0.11272864977240715,False,,False,timeout
777,1787624614.348767,47.13863440044224,0.06143860053271055,16.276412407336483,False,,,,,False,False,False,,5.990839958190918,6.156882286071777,2.22430682182312,4.367412567138672,,,4.170008659362793,True,0.132048566,0.749402418931,0,-1.0,-0.6411772966384888,1.1879007816314697,-0.132048562169075,-0.08466654270887375,0.1568605899810791,-0.132048562169075,-0.08466654270887375,0.1568605899810791,-0.13204845786094666,-0.08566806465387344,0.1574033498764038,-0.13204845786094666,-0.08566806465387344,0.1574033498764038,-0.1320486068725586,-0.08566808700561523,0.15740348398685455,False,False,2.7875006198883057,1.928100362420082,-1.0,0.0,1.0,-1.0,0.0,166.3290252685547,457.704833984375,166.3290252685547,457.704833984375,False,False,-0.40588239349763416,-0.3471017163573811,0.11293716325166842,False,,False,timeout
778,1787624614.4107108,47.20061160065234,0.06197720021009445,16.13496570690727,True,644,0.05642969999462366,0.08225619979202747,12.157138337637173,False,False,False,,5.858791351318359,6.071214199066162,2.0072531700134277,4.363586902618408,,,4.2131147384643555,True,0.132048566,0.749402418931,0,-1.0,-1.0,1.4142135381698608,-0.132048562169075,-0.132048562169075,0.18674486875534058,-0.132048562169075,-0.132048562169075,0.18674486875534058,-0.1320485770702362,-0.12042572349309921,0.17871536314487457,-0.1320485770702362,-0.12042572349309921,0.17871536314487457,-0.1320486068725586,-0.12042570114135742,0.17871536314487457,False,False,2.9869992285966873,1.3669999316334724,-0.5,-0.5,0.7071067690849304,-1.0,0.0,174.82272338867188,425.8638610839844,174.82272338867188,425.8638610839844,False,False,-0.4137161295571995,-0.34095501152766955,0.11283447600353569,False,,False,timeout
779,1787624614.4721105,47.26194170024246,0.0613300995901227,16.305207503055342,True,645,0.054571399465203285,0.06818179972469807,14.666670636999358,False,False,False,,5.726742744445801,5.950788497924805,1.817274570465088,4.34852409362793,,,4.225067138671875,True,0.132048566,0.749402418931,0,-1.0,-0.6271735429763794,1.180401086807251,-0.132048562169075,-0.08281736820936203,0.155870258808136,-0.132048562169075,-0.08281736820936203,0.155870258808136,-0.1320485770702362,-0.09224192053079605,0.16107575595378876,-0.1320485770702362,-0.09224192053079605,0.16107575595378876,-0.1320486068725586,-0.09224176406860352,0.1610756814479828,False,False,2.946799620985985,1.3931002467870712,-0.5,-0.5,0.7071067690849304,-0.5,-0.5,155.36891174316406,424.2853088378906,155.36891174316406,424.2853088378906,False,False,-0.4202424432143238,-0.33508102350108887,0.11295414145489834,False,,False,timeout
780,1787624614.5363886,47.32407500036061,0.06213330011814833,16.09442920460478,True,646,0.05076340027153492,0.06287210062146187,15.90530601197445,False,False,False,,5.594694137573242,5.858546733856201,1.7332202196121216,4.214234352111816,,,4.19699239730835,True,0.132048566,0.749402418931,0,-0.6494195461273193,0.3534400165081024,0.7393683791160583,-0.08575491607189178,0.046671245247125626,0.0976325273513794,-0.08575491607189178,0.046671245247125626,0.0976325273513794,-0.09735599905252457,0.011859981343150139,0.0980757400393486,-0.09735599905252457,0.011859983205795288,0.0980757400393486,-0.09735584259033203,0.011859893798828125,0.09807556867599487,False,False,3.1362995505332947,2.0830007269978523,-0.5,-1.0,1.1180340051651,-0.5,-0.5,146.76174926757812,378.77178955078125,146.76174926757812,378.77178955078125,False,False,-0.4196525428906634,-0.32699737786933375,0.11286903205181026,False,,False,timeout
781,1787624614.5944853,47.385336300358176,0.06126129999756813,16.32351909018739,True,647,0.048818900249898434,0.06594229955226183,15.164772942251751,False,False,False,,5.49733829498291,5.870406627655029,1.639466643333435,4.122753143310547,,,4.235264301300049,True,0.132048566,0.749402418931,0,-1.0,-1.0,1.4142135381698608,-0.132048562169075,-0.132048562169075,0.18674486875534058,-0.132048562169075,-0.132048562169075,0.18674486875534058,-0.12335464358329773,-0.09598544985055923,0.1562996357679367,-0.12335464358329773,-0.09598544985055923,0.1562996357679367,-0.12335443496704102,-0.09598541259765625,0.1562994420528412,False,False,2.7195001021027565,1.3641994446516037,-0.5,-0.5,0.7071067690849304,-0.5,-1.0,137.161376953125,400.6245422363281,137.161376953125,400.6245422363281,False,False,-0.4205835046830439,-0.3204806947174061,0.11296060571038949,False,,False,timeout
782,1787624614.659884,47.44659100007266,0.06125469971448183,16.32527797313779,True,648,0.03173610009253025,0.06320660002529621,15.821132596908951,False,False,False,,5.373983860015869,5.774421215057373,1.526124119758606,3.8934080600738525,,,4.283017158508301,True,0.132048566,0.749402418931,0,-0.8431013822555542,-0.15749341249465942,0.8576853275299072,-0.11133032292127609,-0.020796779543161392,0.11325611174106598,-0.11133032292127609,-0.020796779543161392,0.11325611174106598,-0.1143435388803482,-0.03963886946439743,0.12101935595273972,-0.1143435388803482,-0.03963886946439743,0.12101935595273972,-0.11434364318847656,-0.03963899612426758,0.12101949751377106,False,False,2.984600141644478,1.9919993355870247,0.0,-1.0,1.0,-0.5,-0.5,156.27511596679688,345.1491394042969,156.27511596679688,345.1491394042969,False,False,-0.4184694460383379,-0.3074599189067657,0.11275801581827544,False,,False,timeout
783,1787624614.7171357,47.50848660059273,0.06189560052007437,16.156237141211253,True,649,0.029647099785506725,0.07833639997988939,12.765457695997277,False,False,False,,5.259640216827393,5.7347822189331055,1.4383997917175293,3.810457229614258,,,4.278423309326172,True,0.132048566,0.749402418931,0,-1.0,-0.4114646017551422,1.081343173980713,-0.132048562169075,-0.05433331057429314,0.1427898108959198,-0.132048562169075,-0.05433331057429314,0.1427898108959198,-0.12761174142360687,-0.0506509467959404,0.13729630410671234,-0.12761174142360687,-0.0506509467959404,0.13729630410671234,-0.12761163711547852,-0.05065107345581055,0.13729625940322876,False,False,2.0348001271486282,1.4389995485544205,0.0,-0.5,0.5,0.0,-1.0,147.29214477539062,367.89593505859375,147.29214477539062,367.89593505859375,False,False,-0.4194140728666454,-0.30145857147560845,0.11303514329911245,False,,False,timeout
784,1787624614.7775166,47.56941610015929,0.06092949956655502,16.412411182003417,True,650,0.025284099392592907,0.06398510001599789,15.628638538503102,False,False,False,,5.132028579711914,5.684131145477295,1.4578020572662354,3.600208282470703,,,4.224059104919434,True,0.132048566,0.749402418931,0,-1.0,-0.6233000755310059,1.1783475875854492,-0.132048562169075,-0.08230587840080261,0.15559910237789154,-0.132048562169075,-0.08230587840080261,0.15559910237789154,-0.13093668222427368,-0.074373260140419,0.1505848467350006,-0.13093668222427368,-0.074373260140419,0.1505848467350006,-0.1309366226196289,-0.07437324523925781,0.15058478713035583,False,False,1.7991000786423683,0.9602997452020645,0.0,-1.0,1.0,0.0,-0.5,149.27894592285156,314.42181396484375,149.27894592285156,314.42181396484375,False,False,-0.4129480827913569,-0.29285832792236777,0.11267826320627097,False,,False,timeout
785,1787624614.8399608,47.63089430052787,0.0614782003685832,16.265928312875978,True,651,0.019893900491297245,0.06529359985142946,15.315436769843027,False,False,False,,5.001091957092285,5.609757900238037,1.4571213722229004,3.5099124908447266,,,4.119354248046875,True,0.132048566,0.749402418931,0,-1.0,-1.0,1.4142135381698608,-0.132048562169075,-0.132048562169075,0.18674486875534058,-0.132048562169075,-0.132048562169075,0.18674486875534058,-0.13176991045475006,-0.11759526282548904,0.17661245167255402,-0.13176991045475006,-0.11759526282548904,0.17661245167255402,-0.13177013397216797,-0.11759519577026367,0.17661255598068237,False,False,2.0445995032787323,1.1645006015896797,0.0,-1.0,1.0,0.0,-1.0,149.209228515625,304.9588317871094,149.209228515625,304.9588317871094,False,False,-0.4104947164352553,-0.2889072470258786,0.11295834320999239,False,,False,timeout
786,1787624614.90112,47.69309990014881,0.0622055996209383,16.0757231839849,True,652,0.013725999742746353,0.06686849985271692,14.954724604299152,False,False,False,,4.869321823120117,5.492162704467773,1.4539597034454346,3.2721588611602783,,,4.073464870452881,True,0.132048566,0.749402418931,0,-1.0,-0.7172016501426697,1.2306007146835327,-0.132048562169075,-0.09470544755458832,0.1624990701675415,-0.132048562169075,-0.09470544755458832,0.1624990701675415,-0.13197878003120422,-0.10044156014919281,0.16585205495357513,-0.13197878003120422,-0.10044156014919281,0.16585205495357513,-0.13197898864746094,-0.10044145584106445,0.1658521592617035,False,False,1.5257000923156738,1.165599562227726,0.0,-1.0,1.0,0.0,-1.0,148.88548278808594,280.042236328125,148.88548278808594,280.042236328125,False,False,-0.4040670449005641,-0.2784367946725733,0.11268967605758992,False,,False,timeout
787,1787624614.9643083,47.754254000261426,0.061154100112617016,16.352133350968643,True,653,0.006867599673569202,0.06838090065866709,14.623966493094922,False,False,False,,4.737342834472656,5.391721248626709,1.4536362886428833,3.0899524688720703,,,4.010095596313477,True,0.132048566,0.749402418931,0,-1.0,-1.0,1.4142135381698608,-0.132048562169075,-0.132048562169075,0.18674486875534058,-0.132048562169075,-0.132048562169075,0.18674486875534058,-0.13203111290931702,-0.12412789463996887,0.1812179684638977,-0.13203111290931702,-0.12412789463996887,0.1812179684638977,-0.13203096389770508,-0.12412786483764648,0.18121783435344696,False,False,2.2794995456933975,1.7383992671966553,0.0,-1.0,1.0,0.0,-1.0,148.85235595703125,260.947021484375,148.85235595703125,260.947021484375,False,False,-0.39904571385733745,-0.2704411494597139,0.11280330056114007,False,,False,timeout
788,1787624615.0247898,47.81567930057645,0.06142530031502247,16.27993668523319,True,654,0.007128000259399414,0.06800529919564724,14.70473642242289,False,False,False,,4.605311870574951,5.2675933837890625,1.4501709938049316,2.881356716156006,,,3.9558868408203125,True,0.132048566,0.749402418931,0,-1.0,-1.0,1.4142135381698608,-0.132048562169075,-0.132048562169075,0.18674486875534058,-0.132048562169075,-0.132048562169075,0.18674486875534058,-0.13204415142536163,-0.13006365299224854,0.18534350395202637,-0.13204415142536163,-0.13006365299224854,0.18534350395202637,-0.13204431533813477,-0.13006353378295898,0.18534353375434875,False,False,1.8907003104686737,1.7698006704449654,0.0,-0.5,0.5,0.0,-1.0,148.4975128173828,270.52618408203125,148.4975128173828,270.52618408203125,False,False,-0.3933921500739497,-0.2611713148910464,0.1127774606551749,False,,False,timeout
789,1787624615.0866492,47.87704470008612,0.06136539950966835,16.29582807233979,True,655,9.380001574754715e-05,0.06116560008376837,16.34905892577635,False,False,False,,4.473267555236816,5.1375298500061035,1.4475818872451782,2.684640884399414,,,3.8950531482696533,True,0.132048566,0.749402418931,0,-1.0,-1.0,1.4142135381698608,-0.132048562169075,-0.132048562169075,0.18674486875534058,-0.132048562169075,-0.132048562169075,0.18674486875534058,-0.13204748928546906,-0.1315511167049408,0.18639269471168518,-0.13204748928546906,-0.1315511167049408,0.18639269471168518,-0.1320476531982422,-0.13155126571655273,0.1863929182291031,False,False,2.6489002630114555,1.812400296330452,0.0,-0.5,0.5,0.0,-0.5,148.23239135742188,249.91036987304688,148.23239135742188,249.91036987304688,False,False,-0.3880167041885009,-0.2524174332043082,0.11276024684811602,False,,False,timeout
790,1787624615.1471455,47.939048800617456,0.062004100531339645,16.12796559309098,False,,,,,False,False,False,,4.341219902038574,5.005978584289551,1.4458247423171997,2.6170499324798584,,,3.753704071044922,True,0.132048566,0.749402418931,0,-1.0,-1.0,1.4142135381698608,-0.132048562169075,-0.132048562169075,0.18674486875534058,-0.132048562169075,-0.132048562169075,0.18674486875534058,-0.1320483237504959,-0.13192394375801086,0.18665660917758942,-0.1320483237504959,-0.13192394375801086,0.18665660917758942,-0.1320481300354004,-0.13192415237426758,0.18665660917758942,False,False,1.6636000946164131,2.7286000549793243,0.0,0.0,0.0,0.0,-0.5,148.05245971679688,274.2668151855469,148.05245971679688,274.2668151855469,False,False,-0.3861976763210098,-0.24937888772176892,0.1129045731874149,False,,False,timeout
791,1787624615.211673,48.000441800802946,0.061393000185489655,16.28850189726274,True,656,0.05771409999579191,0.06840569991618395,14.618664836779374,False,False,False,,4.209171772003174,4.874054431915283,1.4460772275924683,2.514875888824463,,,3.633237600326538,True,0.132048566,0.749402418931,0,-1.0,-0.6996289491653442,1.2204428911209106,-0.132048562169075,-0.09238499402999878,0.1611577272415161,-0.132048562169075,-0.09238499402999878,0.1611577272415161,-0.13204845786094666,-0.10229340940713882,0.16703513264656067,-0.13204845786094666,-0.10229340940713882,0.16703513264656067,-0.1320486068725586,-0.10229349136352539,0.1670352965593338,False,False,2.636900171637535,2.114499919116497,0.0,-0.5,0.5,0.0,0.0,148.07830810546875,232.11898803710938,148.07830810546875,232.11898803710938,False,False,-0.3833358369477344,-0.24485893335608275,0.11282341776358788,False,,False,timeout
792,1787624615.27317,48.06191570032388,0.06147389952093363,16.26706631258151,True,657,0.049851199612021446,0.06613670010119677,15.120197990977548,False,False,False,,4.077123165130615,4.771760940551758,1.4443624019622803,2.5300893783569336,,,3.457820177078247,False,0.132048566,0.749402418931,0,-1.0,-1.0,1.4142135381698608,-0.132048562169075,-0.132048562169075,0.18674486875534058,-0.132048562169075,-0.132048562169075,0.18674486875534058,-0.1320485770702362,-0.12459200620651245,0.18154887855052948,-0.1320485770702362,-0.12459200620651245,0.18154887855052948,-0.1320486068725586,-0.12459182739257812,0.18154877424240112,False,False,2.946300432085991,2.077000215649605,-0.5,0.0,0.5,0.0,-0.5,117.1827163696289,265.15338134765625,117.1827163696289,265.15338134765625,False,False,-0.38382460437166643,-0.24548633684482973,0.1130046958676137,False,,False,timeout
793,1787624615.3338957,48.12371140066534,0.06179570034146309,16.182355640834604,True,658,0.044555400498211384,0.06897100061178207,14.49884721302961,False,False,False,,3.9450745582580566,4.64716911315918,1.432596206665039,2.4063425064086914,,,3.3665785789489746,False,0.132048566,0.749402418931,0,-1.0,-1.0,1.4142135381698608,-0.132048562169075,-0.132048562169075,0.18674486875534058,-0.132048562169075,-0.132048562169075,0.18674486875534058,-0.1320485770702362,-0.13017991185188293,0.18542824685573578,-0.1320485770702362,-0.13017991185188293,0.18542824685573578,-0.1320486068725586,-0.13017988204956055,0.18542824685573578,False,False,2.5025000795722008,2.113800495862961,-0.5,-0.5,0.7071067690849304,-0.5,0.0,115.97785949707031,220.7447052001953,115.97785949707031,220.7447052001953,False,False,-0.38080197742810246,-0.2396705867370637,0.11273470498698368,False,,False,timeout
794,1787624615.3952062,48.18503400031477,0.06132259964942932,16.307201679590015,True,659,0.03589999955147505,0.06708909943699837,14.905551101324203,False,False,False,,3.813025951385498,4.516989231109619,1.3186671733856201,2.432609796524048,,,3.2506096363067627,False,0.132048566,0.749402418931,0,-1.0,-0.904394805431366,1.3483062982559204,-0.132048562169075,-0.11942403018474579,0.17804190516471863,-0.132048562169075,-0.11942403018474579,0.17804190516471863,-0.1320485770702362,-0.12211941927671432,0.17986100912094116,-0.1320485770702362,-0.12211941927671432,0.17986100912094116,-0.1320486068725586,-0.12211942672729492,0.17986102402210236,False,False,2.264699898660183,2.022700384259224,0.0,0.0,0.0,-0.5,-0.5,135.03152465820312,254.9375,135.03152465820312,254.9375,False,False,-0.3857736774370232,-0.23770526050978477,0.11295934215380576,False,,False,timeout
795,1787624615.4543474,48.246240000240505,0.06120599992573261,16.33826750994021,True,660,0.03161370009183884,0.06998550053685904,14.288673972880042,False,False,False,,3.6809773445129395,4.394869804382324,1.2182092666625977,2.304413080215454,,,3.2303617000579834,False,0.132048566,0.749402418931,0,-1.0,0.6691929697990417,1.2032536268234253,-0.132048562169075,0.08836597204208374,0.15888790786266327,-0.132048562169075,0.08836597204208374,0.15888790786266327,-0.1320485770702362,0.03561883792281151,0.1367681622505188,-0.1320485770702362,0.03561884164810181,0.1367681622505188,-0.1320486068725586,0.03561878204345703,0.1367681622505188,False,False,1.8226001411676407,1.002599485218525,0.0,-1.0,1.0,0.0,0.0,124.74462890625,178.6224822998047,124.74462890625,178.6224822998047,False,False,-0.3859276271132424,-0.22924507844886835,0.11273788688867309,False,,False,timeout
796,1787624615.5167468,48.30763710010797,0.06139709986746311,16.287414261564198,True,661,0.020597299560904503,0.06549229938536882,15.268970694032511,False,False,False,,3.548928737640381,4.430488586425781,1.24238121509552,2.3075122833251953,,,3.1348350048065186,False,0.132048566,0.749402418931,0,-1.0,-0.08302342891693115,1.003440499305725,-0.132048562169075,-0.010963124223053455,0.13250288367271423,-0.132048562169075,-0.010963124223053455,0.13250288367271423,-0.1320485770702362,0.0007101884111762047,0.13205048441886902,-0.1320485770702362,0.0007101893424987793,0.13205048441886902,-0.1320486068725586,0.0007100105285644531,0.1320505142211914,False,False,1.8782000988721848,1.8305005505681038,0.0,-1.0,1.0,0.0,-1.0,127.21984100341797,178.94729614257812,127.21984100341797,178.94729614257812,False,False,-0.3851151208759378,-0.23004690684590512,0.11296555090783046,False,,False,timeout
797,1787624615.578211,48.36909750010818,0.06146040000021458,16.270639305902804,True,662,0.01823639962822199,0.07240990083664656,13.810266116175942,False,False,False,,3.4168801307678223,4.431198596954346,1.238465666770935,2.068786382675171,,,3.213484287261963,False,0.132048566,0.749402418931,0,-1.0,-0.022157251834869385,1.000245451927185,-0.132048562169075,-0.002925833221524954,0.13208097219467163,-0.132048562169075,-0.002925833221524954,0.13208097219467163,-0.1320485770702362,-0.002014699624851346,0.13206394016742706,-0.1320485770702362,-0.002014699624851346,0.13206394016742706,-0.1320486068725586,-0.002014636993408203,0.13206396996974945,False,False,1.8710996955633163,1.8908996134996414,0.0,-1.0,1.0,0.0,-1.0,126.81887817382812,153.92880249023438,126.81887817382812,153.92880249023438,False,False,-0.3785740124627786,-0.21928987971343694,0.11250700706542567,False,,False,timeout
798,1787624615.6396139,48.430515500716865,0.06141800060868263,16.28187160261662,True,663,0.0080983005464077,0.06382619962096214,15.667547275861535,False,False,False,,3.2848315238952637,4.4291839599609375,1.2352116107940674,1.8591634035110474,,,3.2872402667999268,False,0.132048566,0.749402418931,0,-1.0,0.5582203269004822,1.145255446434021,-0.132048562169075,0.07371219247579575,0.15122932195663452,-0.132048562169075,0.07371219247579575,0.15122932195663452,-0.1320485770702362,0.05473523214459419,0.14294324815273285,-0.1320485770702362,0.05473523214459419,0.14294324815273285,-0.1320486068725586,0.05473518371582031,0.14294324815273285,False,False,2.0257998257875443,1.7998004332184792,0.0,-1.0,1.0,0.0,-1.0,126.48567199707031,131.9603271484375,126.48567199707031,131.9603271484375,False,False,-0.3728010497944505,-0.2098124421608153,0.11270029029950893,False,,False,timeout
799,1787624615.7004805,48.49237110000104,0.06185559928417206,16.166685175999667,True,664,0.0032562995329499245,0.07155600003898144,13.975068470222368,False,False,False,,3.152782917022705,4.483919143676758,1.2324732542037964,1.6532078981399536,,,3.4206016063690186,False,0.132048566,0.749402418931,0,-1.0,-1.0,1.4142135381698608,-0.132048562169075,-0.132048562169075,0.18674486875534058,-0.132048562169075,-0.132048562169075,0.18674486875534058,-0.1320485770702362,-0.08524100482463837,0.15717141330242157,-0.1320485770702362,-0.08524100482463837,0.15717141330242157,-0.1320486068725586,-0.08524084091186523,0.1571713536977768,False,False,1.4739995822310448,1.5039006248116493,0.0,-0.5,0.5,0.0,-1.0,126.20525360107422,141.81617736816406,126.20525360107422,141.81617736816406,False,False,-0.36709130013099195,-0.20047969154646697,0.11267228786429241,False,,False,timeout
800,1787624615.7629335,48.553822100162506,0.06145100016146898,16.27312814067134,False,,,,,False,False,False,,3.0207343101501465,4.398678302764893,1.2307764291763306,1.471286416053772,,,3.4312639236450195,False,0.132048566,0.749402418931,0,-1.0,-1.0,1.4142135381698608,-0.132048562169075,-0.132048562169075,0.18674486875534058,-0.132048562169075,-0.132048562169075,0.18674486875534058,-0.1320485770702362,-0.12031865864992142,0.17864324152469635,-0.1320485770702362,-0.12031865864992142,0.17864324152469635,-0.1320486068725586,-0.12031888961791992,0.17864342033863068,False,False,2.7211997658014297,1.5751002356410027,0.0,-0.5,0.5,0.0,-0.5,126.03150939941406,122.75080871582031,126.03150939941406,122.75080871582031,False,False,-0.36200362306812756,-0.19222790537860793,0.11267600786294014,False,,False,timeout
801,1787624615.8244557,48.61434799991548,0.06052589975297451,16.521852695809873,True,665,0.05433169938623905,0.06669089943170547,14.994549609036921,False,False,False,,2.888685703277588,4.278359413146973,1.2301313877105713,1.3876951932907104,,,3.3326778411865234,False,0.132048566,0.749402418931,0,-1.0,-1.0,1.4142135381698608,-0.132048562169075,-0.132048562169075,0.18674486875534058,-0.132048562169075,-0.132048562169075,0.18674486875534058,-0.1320485770702362,-0.12910912930965424,0.1846780776977539,-0.1320485770702362,-0.12910912930965424,0.1846780776977539,-0.1320486068725586,-0.12910890579223633,0.18467794358730316,False,False,2.6931995525956154,1.7796000465750694,1.0,0.0,1.0,0.0,-0.5,187.40545654296875,145.43045043945312,187.40545654296875,145.43045043945312,False,False,-0.35965537701228634,-0.18843116039865368,0.1128314570961827,False,,False,timeout
802,1787624615.8883786,48.6756642004475,0.06131620053201914,16.30890354137,True,666,0.04594449978321791,0.07119750045239925,14.045436899411564,False,False,False,,2.7566370964050293,4.149250507354736,1.2554618120193481,1.2910900115966797,,,3.2284066677093506,False,0.132048566,0.749402418931,0,-0.9011762738227844,-0.1983681321144104,0.9227505326271057,-0.11899903416633606,-0.026194225996732712,0.12184789031744003,-0.11899903416633606,-0.026194225996732712,0.12184789031744003,-0.12226922065019608,-0.05198439210653305,0.13286134600639343,-0.12226922065019608,-0.05198439210653305,0.13286134600639343,-0.1222691535949707,-0.051984310150146484,0.13286125659942627,False,False,2.796499989926815,2.0487001165747643,1.0,0.0,1.0,1.0,0.0,189.99928283691406,135.30624389648438,189.99928283691406,135.30624389648438,False,False,-0.35595531090164356,-0.18475385937951727,0.11283111032185411,False,,False,timeout
803,1787624615.9476898,48.737482000142336,0.06181779969483614,16.176570582202938,True,667,0.038644599728286266,0.06941249966621399,14.406627117719871,False,False,False,,2.6343679428100586,4.09726619720459,1.4766647815704346,1.314995288848877,,,3.0135207176208496,False,0.132048566,0.749402418931,0,-1.0,-1.0,1.4142135381698608,-0.132048562169075,-0.132048562169075,0.18674486875534058,-0.132048562169075,-0.132048562169075,0.18674486875534058,-0.12959785759449005,-0.11198464781045914,0.17127802968025208,-0.12959785759449005,-0.11198464781045914,0.17127802968025208,-0.12959790229797363,-0.1119847297668457,0.17127811908721924,False,False,2.727900631725788,1.4455001801252365,1.0,0.0,1.0,1.0,0.0,212.65048217773438,137.81150817871094,212.65048217773438,137.81150817871094,False,False,-0.3482991561559131,-0.19192974241124805,0.11293249811563777,False,,False,timeout
804,1787624616.0079489,48.79877889994532,0.06129689980298281,16.314038772175202,True,668,0.03126969933509827,0.06911100074648857,14.469476482740825,False,False,False,,2.504770040512085,3.985281467437744,1.6849586963653564,1.3117940425872803,,,2.7963593006134033,False,0.132048566,0.749402418931,0,0.13193440437316895,-1.0,1.0086658000946045,0.017421748489141464,-0.132048562169075,0.13319286704063416,0.017421748489141464,-0.132048562169075,0.13319286704063416,-0.01942102052271366,-0.12702061235904694,0.12849673628807068,-0.019421018660068512,-0.12702061235904694,0.12849673628807068,-0.019421100616455078,-0.12702059745788574,0.12849673628807068,False,False,2.1970001980662346,1.6594994813203812,1.0,0.0,1.0,1.0,0.0,233.9797821044922,137.47601318359375,233.9797821044922,137.47601318359375,False,False,-0.34034290690427044,-0.19753269049195432,0.11295759275597554,False,,False,timeout
805,1787624616.0671291,48.860038900747895,0.06126000080257654,16.32386527748692,True,669,0.021359700709581375,0.06867989990860224,14.56030077694899,False,False,False,,2.48534893989563,3.8582608699798584,1.8835029602050781,1.3110806941986084,,,2.617316484451294,False,0.132048566,0.749402418931,0,-1.0,-1.0,1.4142135381698608,-0.132048562169075,-0.132048562169075,0.18674486875534058,-0.132048562169075,-0.132048562169075,0.18674486875534058,-0.10382439196109772,-0.13078856468200684,0.16698847711086273,-0.10382439196109772,-0.13078856468200684,0.16698847711086273,-0.10382437705993652,-0.13078856468200684,0.16698847711086273,False,False,1.6366997733712196,1.0100994259119034,1.0,0.0,1.0,1.0,0.0,254.31069946289062,137.40126037597656,254.31069946289062,137.40126037597656,False,False,-0.33281249382496,-0.20298892145316114,0.11293444211824881,False,,False,timeout
806,1787624616.1294813,48.92148700077087,0.06144810002297163,16.273896176222895,True,670,0.012788699939846992,0.07116980012506247,14.050903588920573,False,False,False,,2.3815245628356934,3.7274723052978516,2.065770387649536,1.311181902885437,,,2.4368338584899902,False,0.132048566,0.749402418931,0,1.0,-0.03719890117645264,1.0006916522979736,0.132048562169075,-0.004912061616778374,0.1321398913860321,0.132048562169075,-0.004912061616778374,0.1321398913860321,0.07293937355279922,-0.036456409841775894,0.08154276013374329,0.0709218978881836,-0.037533052265644073,0.08024117350578308,0.0709218978881836,-0.03753304481506348,0.08024117350578308,True,False,1.7506005242466927,1.1789994314312935,1.0,0.0,1.0,1.0,0.0,272.97491455078125,137.411865234375,272.97491455078125,137.411865234375,False,False,-0.3259097018120506,-0.2080404227349767,0.1129410331678423,False,,False,timeout
807,1787624616.191853,48.98274390026927,0.06125689949840307,16.32469171943757,True,671,0.004134800285100937,0.07001569960266352,14.282511003602945,False,False,False,,2.452446460723877,3.689939260482788,2.2769227027893066,1.3108001947402954,,,2.3856048583984375,False,0.132048566,0.749402418931,0,-1.0,-1.0,1.4142135381698608,-0.132048562169075,-0.132048562169075,0.18674486875534058,-0.132048562169075,-0.132048562169075,0.18674486875534058,-0.08118465542793274,-0.10836319625377655,0.13540136814117432,-0.08118465542793274,-0.10836319625377655,0.13540136814117432,-0.08118462562561035,-0.10836315155029297,0.13540130853652954,False,False,1.848599873483181,1.748800277709961,1.0,0.0,1.0,1.0,0.0,294.59686279296875,137.37185668945312,294.59686279296875,137.37185668945312,False,False,-0.3178849345225091,-0.21387985999237166,0.11293629131506853,False,,False,timeout
808,1787624616.2512658,49.04421710036695,0.06147320009768009,16.267251394282603,False,,,,,False,False,False,,2.3712618350982666,3.581576108932495,2.4536314010620117,1.310969352722168,,,2.2721002101898193,False,0.132048566,0.749402418931,0,-1.0,-0.40076199173927307,1.077316164970398,-0.132048562169075,-0.05292004346847534,0.14225806295871735,-0.132048562169075,-0.05292004346847534,0.14225806295871735,-0.1193021759390831,-0.06681395322084427,0.1367373913526535,-0.1193021759390831,-0.06681395322084427,0.1367373913526535,-0.11930227279663086,-0.06681394577026367,0.13673746585845947,False,False,1.6144001856446266,2.45789997279644,1.0,0.0,1.0,1.0,0.0,312.6918640136719,137.38958740234375,312.6918640136719,137.38958740234375,False,False,-0.31117196574420813,-0.2187971205106553,0.11294599937051247,False,,False,timeout
809,1787624616.3170877,49.10590570047498,0.06168860010802746,16.210450524875363,True,672,0.058190000243484974,0.06990689970552921,14.3047396496244,False,False,False,,2.2519595623016357,3.5147621631622314,2.660397529602051,1.3121135234832764,,,2.240196943283081,False,0.132048566,0.749402418931,0,0.2079848051071167,-0.25871193408966064,0.33194810152053833,0.027464093640446663,-0.03416253998875618,0.04383327066898346,0.027464093640446663,-0.03416253998875618,0.04383327066898346,-0.00931520201265812,-0.04234490171074867,0.04335739463567734,-0.00931520015001297,-0.04234490171074867,0.04335739463567734,-0.009315252304077148,-0.04234480857849121,0.04335731267929077,False,False,2.720799297094345,2.114499919116497,1.0,0.0,1.0,1.0,0.0,333.8647155761719,137.50949096679688,333.8647155761719,137.50949096679688,False,False,-0.3033316503396486,-0.22460317999581253,0.11295106046402507,False,,False,timeout
810,1787624616.365221,49.15606030076742,0.05015460029244423,19.938350503625678,True,673,0.03699970059096813,0.06944890040904284,14.39907607046564,False,False,False,,2.2426443099975586,3.4724173545837402,2.8351199626922607,1.3104830980300903,,,2.2416484355926514,False,0.132048566,0.749402418931,0,-0.30931729078292847,-1.0,1.046746015548706,-0.04084490239620209,-0.132048562169075,0.13822130858898163,-0.04084490239620209,-0.132048562169075,0.13822130858898163,-0.03294364735484123,-0.1095690131187439,0.11441438645124435,-0.03294364735484123,-0.1095690131187439,0.11441438645124435,-0.0329437255859375,-0.10956907272338867,0.11441446840763092,False,False,2.593500539660454,1.530500128865242,1.0,0.0,1.0,1.0,0.0,351.7563171386719,137.338623046875,351.7563171386719,137.338623046875,False,False,-0.29661971842172,-0.2294000199373052,0.11294839507466796,False,,False,timeout
811,1787624616.423622,49.213383600115776,0.05732329934835434,17.44491352326021,True,674,0.029045099392533302,0.07100220024585724,14.084070585662547,False,False,False,,2.209700584411621,3.3628482818603516,3.0121357440948486,1.3112539052963257,,,2.20293927192688,False,0.132048566,0.749402418931,0,-0.721112847328186,-1.0,1.2328842878341675,-0.09522191435098648,-0.132048562169075,0.162800595164299,-0.09522191435098648,-0.132048562169075,0.162800595164299,-0.07961514592170715,-0.12641525268554688,0.14939674735069275,-0.07961514592170715,-0.12641525268554688,0.14939674735069275,-0.07961511611938477,-0.12641525268554688,0.14939673244953156,False,False,2.3184996098279953,2.4494007229804993,1.0,0.0,1.0,1.0,0.0,369.8827209472656,137.41940307617188,369.8827209472656,137.41940307617188,False,False,-0.2898799431805016,-0.2343769725312876,0.11296713228839145,False,,False,timeout
812,1787624616.486112,49.274912500754,0.061528900638222694,16.2525250675255,True,675,0.021016700193285942,0.06527999974787235,15.318627510144754,False,False,False,,2.1300854682922363,3.2364330291748047,3.197653293609619,1.312250018119812,,,2.200495719909668,False,0.132048566,0.749402418931,0,0.6237435340881348,-0.35199710726737976,0.7162108421325684,0.08236443996429443,-0.04648071154952049,0.09457460790872574,0.08236443996429443,-0.04648071154952049,0.09457460790872574,0.0417727530002594,-0.0665121078491211,0.07854185998439789,0.0417727530002594,-0.0665121078491211,0.07854185998439789,0.04177284240722656,-0.0665121078491211,0.07854190468788147,False,False,2.573399804532528,1.766599714756012,1.0,0.0,1.0,1.0,0.0,388.87969970703125,137.5238037109375,388.87969970703125,137.5238037109375,False,False,-0.2828109525290696,-0.2396096217332563,0.11294680947328785,False,,False,timeout
813,1787624616.5468357,49.336654799990356,0.06174229923635721,16.196351810156525,True,676,0.015010399743914604,0.06955739948898554,14.376615677795009,False,False,False,,2.171858310699463,3.1699209213256836,3.404702663421631,1.3118422031402588,,,2.229879379272461,False,0.132048566,0.749402418931,0,1.0,-1.0,1.4142135381698608,0.132048562169075,-0.132048562169075,0.18674486875534058,0.132048562169075,-0.132048562169075,0.18674486875534058,0.10942567884922028,-0.1156252771615982,0.1591954231262207,0.10942567884922028,-0.1156252771615982,0.1591954231262207,0.10942578315734863,-0.11562538146972656,0.15919557213783264,False,False,2.576400525867939,1.779000274837017,1.0,0.0,1.0,1.0,0.0,410.08154296875,137.48106384277344,410.08154296875,137.48106384277344,False,False,-0.2748634033653764,-0.24539083874897782,0.11295799075791699,False,,False,timeout
814,1787624616.6075644,49.39846740011126,0.06181260012090206,16.177931328629676,True,677,0.007512100040912628,0.0677475007250905,14.760692118486473,False,False,False,,2.2812840938568115,3.054295539855957,3.6052370071411133,1.3112093210220337,,,2.1888811588287354,False,0.132048566,0.749402418931,0,0.6669341921806335,-0.018880486488342285,0.6672013998031616,0.08806770294904709,-0.002493140986189246,0.08810298144817352,0.08806770294904709,-0.002493140986189246,0.08810298144817352,0.09341998398303986,-0.03084380365908146,0.09838005155324936,0.09341998398303986,-0.03084380179643631,0.09838005155324936,0.09342002868652344,-0.030843734741210938,0.09838006645441055,False,False,1.635199412703514,1.807299442589283,1.0,0.0,1.0,1.0,0.0,430.61627197265625,137.41473388671875,430.61627197265625,137.41473388671875,False,False,-0.2671451357452664,-0.2509893667710169,0.11297734760679894,False,,False,timeout
815,1787624616.669859,49.45975590031594,0.06128850020468235,16.316274613677063,False,,,,,False,False,False,,2.374704122543335,3.023451805114746,3.7861502170562744,1.3111934661865234,,,2.219010829925537,False,0.132048566,0.749402418931,0,-1.0,0.19509214162826538,1.018852710723877,-0.132048562169075,0.025761635974049568,0.13453803956508636,-0.132048562169075,0.025761635974049568,0.13453803956508636,-0.07554667443037033,0.011576468124985695,0.07642848789691925,-0.07554668188095093,0.011576466262340546,0.07642850279808044,-0.0755467414855957,0.011576414108276367,0.07642854750156403,False,False,2.625799737870693,1.9586002454161644,1.0,0.0,1.0,1.0,0.0,449.14178466796875,137.41307067871094,449.14178466796875,137.41307067871094,False,False,-0.26018681015099987,-0.25607369344287,0.11298795848685145,False,,False,timeout
816,1787624616.7311406,49.52123020030558,0.06147429998964071,16.266960342265207,True,678,0.05501649994403124,0.06931019946932793,14.427890954815869,False,False,False,,2.2991573810577393,3.0350282192230225,3.9938249588012695,1.3120044469833374,,,2.4167559146881104,False,0.132048566,0.749402418931,0,1.0,-0.4317939281463623,1.0892410278320312,0.132048562169075,-0.05701776593923569,0.1438327133655548,0.132048562169075,-0.05701776593923569,0.1438327133655548,0.08002568036317825,-0.03982822969555855,0.08938902616500854,0.08002567291259766,-0.03982822969555855,0.08938901871442795,0.08002567291259766,-0.03982830047607422,0.08938904851675034,False,False,2.5206999853253365,1.5150001272559166,1.0,0.0,1.0,1.0,0.0,470.4076843261719,137.49807739257812,470.4076843261719,137.49807739257812,False,False,-0.25221026602954655,-0.2619574595394692,0.11295453294667518,False,,False,timeout
817,1787624616.7943382,49.58210790064186,0.060877700336277485,16.426376069992454,True,679,0.04622140061110258,0.07568380050361156,13.212867130691738,False,False,False,,2.379183053970337,2.9951999187469482,4.195094585418701,1.311169147491455,,,2.4765892028808594,False,0.132048566,0.749402418931,0,-1.0,-1.0,1.4142135381698608,-0.132048562169075,-0.132048562169075,0.18674486875534058,-0.132048562169075,-0.132048562169075,0.18674486875534058,-0.07890327274799347,-0.10893838107585907,0.1345113217830658,-0.07890327274799347,-0.10893838107585907,0.1345113217830658,-0.0789031982421875,-0.10893845558166504,0.13451135158538818,False,False,2.773599699139595,2.084200270473957,1.0,0.0,1.0,1.0,0.0,491.0176696777344,137.4105224609375,491.0176696777344,137.4105224609375,False,False,-0.2444176476876777,-0.26759669222940574,0.11297303856749141,False,,False,timeout
818,1787624616.8554752,49.643309500068426,0.061201599426567554,16.339442259182217,True,680,0.03647319972515106,0.0692478995770216,14.440871219317504,False,False,False,,2.3002798557281494,2.886261463165283,4.400932312011719,1.310785174369812,,,2.625807762145996,False,0.132048566,0.749402418931,0,-0.5219713449478149,-1.0,1.1280310153961182,-0.06892556697130203,-0.132048562169075,0.14895488321781158,-0.06892556697130203,-0.132048562169075,0.14895488321781158,-0.07142593711614609,-0.12625722587108612,0.14506050944328308,-0.07142593711614609,-0.12625722587108612,0.14506050944328308,-0.0714259147644043,-0.12625718116760254,0.1450604647397995,False,False,4.469200037419796,2.0190998911857605,1.0,0.0,1.0,1.0,0.0,512.095458984375,137.3702850341797,512.095458984375,137.3702850341797,False,False,-0.23644788531085137,-0.2733955244448947,0.11296753829006768,False,,False,timeout
819,1787624616.9126766,49.70460970047861,0.061300200410187244,16.313160369926194,True,681,0.02926009986549616,0.07095710001885891,14.093022399932085,False,False,False,,2.228853940963745,2.7600042819976807,4.585441589355469,1.3112839460372925,,,2.7662782669067383,False,0.132048566,0.749402418931,0,-0.025017499923706055,-1.0,1.0003129243850708,-0.0033035248052328825,-0.132048562169075,0.13208988308906555,-0.0033035248052328825,-0.132048562169075,0.13208988308906555,-0.020374830812215805,-0.13059724867343903,0.13217705488204956,-0.020374830812215805,-0.13059724867343903,0.13217705488204956,-0.020374774932861328,-0.13059735298156738,0.13217714428901672,False,False,1.845099963247776,1.268000341951847,1.0,0.0,1.0,1.0,0.0,530.9891967773438,137.4225616455078,530.9891967773438,137.4225616455078,False,False,-0.2293169664343735,-0.2786404805398659,0.11297278668394455,False,,False,timeout
820,1787624616.9760342,49.76591690070927,0.061307200230658054,16.311297795979392,True,682,0.014673500321805477,0.06850630044937134,14.597197534247767,False,False,False,,2.208479166030884,2.6294069290161133,4.797691822052002,1.3115334510803223,,,2.9053077697753906,False,0.132048566,0.749402418931,0,-0.40881991386413574,1.0,1.0803396701812744,-0.053984083235263824,0.132048562169075,0.1426572948694229,-0.053984083235263824,0.132048562169075,0.1426572948694229,-0.04556167125701904,0.06623013317584991,0.08038841187953949,-0.04551602527499199,0.06587342917919159,0.08006882667541504,-0.045516014099121094,0.06587338447570801,0.08006878197193146,True,False,2.5130994617938995,1.8111001700162888,1.0,0.0,1.0,1.0,0.0,552.7236328125,137.44869995117188,552.7236328125,137.44869995117188,False,False,-0.22108994159980672,-0.28466982728727375,0.11300004155544816,False,,False,timeout
821,1787624617.0355062,49.82743460033089,0.061517699621617794,16.25548429396395,True,683,0.0032837996259331703,0.0758993998169899,13.175334751147167,False,False,False,,2.1629631519317627,2.6952803134918213,5.000442028045654,1.312522292137146,,,3.156470537185669,False,0.132048566,0.749402418931,0,1.0,-1.0,1.4142135381698608,0.132048562169075,-0.132048562169075,0.18674486875534058,0.132048562169075,-0.132048562169075,0.18674486875534058,0.0875513032078743,-0.08244980126619339,0.12026304751634598,0.08675497770309448,-0.08156216144561768,0.11907482147216797,0.08675503730773926,-0.08156228065490723,0.11907494068145752,True,False,1.4631999656558037,1.5375996008515358,1.0,0.0,1.0,1.0,0.0,573.4852905273438,137.55233764648438,573.4852905273438,137.55233764648438,False,False,-0.21323950413715162,-0.29047363035819673,0.1129741964430715,False,,False,timeout
822,1787624617.0995495,49.88939580041915,0.06196120008826256,16.139132208148308,True,684,0.00014850031584501266,0.07290299981832504,13.716856679313738,False,False,False,,2.249718189239502,2.613718032836914,5.181594371795654,1.312177062034607,,,3.2077884674072266,False,0.132048566,0.749402418931,0,1.0,-1.0,1.4142135381698608,0.132048562169075,-0.132048562169075,0.18674486875534058,0.132048562169075,-0.132048562169075,0.18674486875534058,0.12069810926914215,-0.11939682066440582,0.16977524757385254,0.12069810926914215,-0.11939682066440582,0.16977524757385254,0.12069821357727051,-0.11939692497253418,0.16977539658546448,False,False,2.4623004719614983,1.9736997783184052,1.0,0.0,1.0,1.0,0.0,592.0352783203125,137.5161590576172,592.0352783203125,137.5161590576172,False,False,-0.20617639862373288,-0.2956124566437848,0.11299750503042333,False,,False,timeout
823,1787624617.1600792,49.950980300083756,0.061584499664604664,16.237852145362872,False,,,,,False,False,False,,2.3704164028167725,2.49432110786438,5.393697738647461,1.3116328716278076,,,3.246379852294922,False,0.132048566,0.749402418931,0,1.0,-0.6126077771186829,1.1727268695831299,0.132048562169075,-0.08089397847652435,0.15485689043998718,0.132048562169075,-0.08089397847652435,0.15485689043998718,0.1292041838169098,-0.09054271876811981,0.1577710509300232,0.1292041838169098,-0.09054271876811981,0.1577710509300232,0.12920427322387695,-0.09054279327392578,0.15777117013931274,False,False,2.6729991659522057,2.254699356853962,1.0,0.0,1.0,1.0,0.0,613.754638671875,137.45913696289062,613.754638671875,137.45913696289062,False,False,-0.19788787691851006,-0.30163341250376957,0.11300661660607804,False,,False,timeout
824,1787624617.224445,50.012196000665426,0.06121570058166981,16.33567843703542,True,685,0.056878600269556046,0.0650949003174901,15.362186517264146,False,False,False,,2.4996206760406494,2.403778314590454,5.59690523147583,1.3113136291503906,,,3.284303903579712,False,0.132048566,0.749402418931,0,1.0,0.38579410314559937,1.071838140487671,0.132048562169075,0.05094355717301369,0.141534686088562,0.132048562169075,0.05094355717301369,0.141534686088562,0.1313357800245285,0.015487421303987503,0.13224577903747559,0.1313357800245285,0.015487417578697205,0.13224577903747559,0.13133573532104492,0.015487432479858398,0.132245734333992,False,False,2.7534998953342438,2.0681004971265793,1.0,0.0,1.0,1.0,0.0,634.5631103515625,137.42567443847656,634.5631103515625,137.42567443847656,False,False,-0.18993857679353549,-0.3074215523869058,0.11300433173488186,False,,False,timeout
825,1787624617.28279,50.073717100545764,0.061521099880337715,16.254585856642045,True,686,0.0383347999304533,0.06646669935435057,15.045128007165669,False,False,False,,2.6309564113616943,2.4192657470703125,5.777248382568359,1.3114715814590454,,,3.3356199264526367,False,0.132048566,0.749402418931,0,1.0,0.5071542263031006,1.1212517023086548,0.132048562169075,0.06696898490190506,0.14805968105793,0.132048562169075,0.06696898490190506,0.14805968105793,0.13186992704868317,0.05406783148646355,0.14252370595932007,0.13186992704868317,0.05406783148646355,0.14252370595932007,0.13187003135681152,0.05406785011291504,0.14252381026744843,False,False,1.952899619936943,1.4324001967906952,1.0,0.0,1.0,1.0,0.0,653.0302124023438,137.44223022460938,653.0302124023438,137.44223022460938,False,False,-0.18288521688208065,-0.31258706201941244,0.11299307051421349,False,,False,timeout
826,1787624617.3421588,50.135066400282085,0.06134929973632097,16.300104553727518,True,687,0.028928999789059162,0.0796670001000166,12.55224871960243,False,False,False,,2.762826442718506,2.4733335971832275,5.988936424255371,1.3122977018356323,,,3.4286718368530273,False,0.132048566,0.749402418931,0,1.0,-1.0,1.4142135381698608,0.132048562169075,-0.132048562169075,0.18674486875534058,0.132048562169075,-0.132048562169075,0.18674486875534058,0.1320038139820099,-0.08540824055671692,0.1572245955467224,0.1320038139820099,-0.08540824055671692,0.1572245955467224,0.1320037841796875,-0.08540821075439453,0.15722456574440002,False,False,1.614999957382679,0.9849993512034416,1.0,0.0,1.0,1.0,0.0,674.7070922851562,137.52879333496094,674.7070922851562,137.52879333496094,False,False,-0.1746112793600142,-0.31868967541544224,0.11297452209088168,False,,False,timeout
827,1787624617.405967,50.196865000762045,0.06179860047996044,16.181596221168018,True,688,0.012915500439703465,0.07075930014252663,14.132417901049815,False,False,False,,2.8948302268981934,2.387925386428833,6.191922187805176,1.3120445013046265,,,3.468189001083374,False,0.132048566,0.749402418931,0,1.0,0.42346033453941345,1.0859644412994385,0.132048562169075,0.05591733008623123,0.14340004324913025,0.132048562169075,0.05591733008623123,0.14340004324913025,0.13203734159469604,0.02050149068236351,0.1336195021867752,0.13203734159469604,0.02050149440765381,0.1336195021867752,0.13203740119934082,0.020501375198364258,0.1336195468902588,False,False,2.089099958539009,1.1855997145175934,1.0,0.0,1.0,1.0,0.0,695.4928588867188,137.50225830078125,695.4928588867188,137.50225830078125,False,False,-0.16663090772032693,-0.32450496741929197,0.11298629954213946,False,,False,timeout
828,1787624617.4674757,50.258375300094485,0.0615102993324399,16.2574399873325,True,689,0.006958499550819397,0.0778091000393033,12.851967179865532,False,False,False,,3.026867628097534,2.4084267616271973,6.371757984161377,1.3116099834442139,,,3.520127534866333,True,0.132048566,0.749402418931,0,1.0,-1.0,1.4142135381698608,0.132048562169075,-0.132048562169075,0.18674486875534058,0.132048562169075,-0.132048562169075,0.18674486875534058,0.13204576075077057,-0.09381991624832153,0.16198228299617767,0.13204576075077057,-0.09381991624832153,0.16198228299617767,0.13204574584960938,-0.09381985664367676,0.1619822382926941,False,False,2.302800305187702,1.1980999261140823,1.0,0.0,1.0,1.0,0.0,713.9080200195312,137.45672607421875,713.9080200195312,137.45672607421875,False,False,-0.1595421792839514,-0.3296563408686718,0.11296905934929762,False,,False,timeout
829,1787624617.530877,50.31972970068455,0.06135440059006214,16.298749403184207,False,,,,,False,False,False,,3.1589133739471436,2.3146069049835205,6.5810465812683105,1.3111298084259033,,,3.566225290298462,True,0.132048566,0.749402418931,0,1.0,1.0,1.4142135381698608,0.132048562169075,0.132048562169075,0.18674486875534058,0.132048562169075,0.132048562169075,0.18674486875534058,0.1320478469133377,0.0754464790225029,0.15208157896995544,0.1320478469133377,0.0754464864730835,0.15208157896995544,0.1320478916168213,0.07544636726379395,0.15208156406879425,False,False,3.1836992129683495,2.019600011408329,1.0,0.0,1.0,1.0,0.0,735.3391723632812,137.40640258789062,735.3391723632812,137.40640258789062,False,False,-0.15127902013111305,-0.33566287761630814,0.11299093667809704,False,,False,timeout
830,1787624617.592801,50.38110970053822,0.0613799998536706,16.29195181466262,True,690,0.05381680000573397,0.067467600107193,14.821929317349262,False,False,False,,3.290961265563965,2.3900532722473145,6.7811479568481445,1.3108621835708618,,,3.6532256603240967,True,0.132048566,0.749402418931,0,1.0,-0.6025001406669617,1.1674786806106567,0.132048562169075,-0.07955927401781082,0.1541638821363449,0.132048562169075,-0.07955927401781082,0.1541638821363449,0.13204839825630188,-0.040715236216783524,0.1381828933954239,0.13204839825630188,-0.040715232491493225,0.1381828933954239,0.1320483684539795,-0.04071521759033203,0.1381828486919403,False,False,3.113299608230591,2.134299837052822,1.0,0.0,1.0,1.0,0.0,755.8295288085938,137.37835693359375,755.8295288085938,137.37835693359375,False,False,-0.14337013665361514,-0.3414248229404191,0.11300479422966278,False,,False,timeout
831,1787624617.643796,50.43151000048965,0.050400299951434135,19.841151758295144,True,691,0.0355534004047513,0.07639020029455423,13.090684356685589,False,False,False,,3.4230096340179443,2.3493380546569824,6.936523914337158,1.3112788200378418,,,3.6636526584625244,True,0.132048566,0.749402418931,0,1.0,-1.0,1.4142135381698608,0.132048562169075,-0.132048562169075,0.18674486875534058,0.132048562169075,-0.132048562169075,0.18674486875534058,0.13204851746559143,-0.1091606467962265,0.17132675647735596,0.13204851746559143,-0.1091606467962265,0.17132675647735596,0.1320486068725586,-0.1091606616973877,0.17132683098316193,False,False,3.020999953150749,2.1267998963594437,1.0,0.0,1.0,1.0,0.0,771.7400512695312,137.42202758789062,771.7400512695312,137.42202758789062,False,False,-0.1372387434621962,-0.34593405843973735,0.11299820531112954,False,,False,timeout
832,1787624617.6959913,50.48791010025889,0.05640009976923466,17.73046508945156,True,692,0.022399299778044224,0.06815389916300774,14.672674818035583,False,False,False,,3.555058240890503,2.2401773929595947,7.119175910949707,1.3110288381576538,,,3.683239221572876,True,0.132048566,0.749402418931,0,1.0,-0.08084261417388916,1.0032624006271362,0.132048562169075,-0.010675150901079178,0.13247935473918915,0.132048562169075,-0.010675150901079178,0.13247935473918915,0.1320485770702362,-0.035355377942323685,0.13669978082180023,0.1320485770702362,-0.035355374217033386,0.13669978082180023,0.1320486068725586,-0.035355329513549805,0.13669979572296143,False,False,1.8876995891332626,1.2087002396583557,1.0,0.0,1.0,1.0,0.0,790.443603515625,137.3958282470703,790.443603515625,137.3958282470703,False,False,-0.12999714991689568,-0.35120951334896594,0.11297106393625908,False,,False,timeout
833,1787624617.756334,50.5493295006454,0.06141940038651228,16.28150053089089,True,693,0.013062000274658203,0.06954910047352314,14.378331181733875,False,False,False,,3.6871068477630615,2.204822063446045,7.323334217071533,1.3112176656723022,,,3.744419574737549,True,0.132048566,0.749402418931,0,1.0,-1.0,1.4142135381698608,0.132048562169075,-0.132048562169075,0.18674486875534058,0.132048562169075,-0.132048562169075,0.18674486875534058,0.1320485770702362,-0.10781747102737427,0.17047414183616638,0.1320485770702362,-0.10781747102737427,0.17047414183616638,0.1320486068725586,-0.10781741142272949,0.1704741269350052,False,False,1.7512999475002289,0.9643994271755219,1.0,0.0,1.0,1.0,0.0,811.3494262695312,137.41561889648438,811.3494262695312,137.41561889648438,False,False,-0.12190361734482658,-0.3571373645789921,0.11297743970951674,False,,False,timeout
834,1787624617.8207574,50.610650200396776,0.061320699751377106,16.30770692530368,True,694,0.0008484004065394402,0.07075740024447441,14.132797368824924,False,False,False,,3.81915545463562,2.0970046520233154,7.503295421600342,1.3112170696258545,,,3.767008066177368,True,0.132048566,0.749402418931,0,1.0,-1.0,1.4142135381698608,0.132048562169075,-0.132048562169075,0.18674486875534058,0.132048562169075,-0.132048562169075,0.18674486875534058,0.1320485770702362,-0.1259762942790985,0.1825016438961029,0.1320485770702362,-0.1259762942790985,0.1825016438961029,0.1320486068725586,-0.1259763240814209,0.1825016885995865,False,False,2.478300593793392,1.8517998978495598,1.0,0.0,1.0,1.0,0.0,829.7774658203125,137.41555786132812,829.7774658203125,137.41555786132812,False,False,-0.11475194426682979,-0.3623639964185807,0.11299389294057556,False,,False,timeout
835,1787624617.8813264,50.672193500213325,0.061543299816548824,16.248722492632783,False,,,,,False,False,False,,3.9512040615081787,1.9710283279418945,7.712904453277588,1.3110754489898682,,,3.81915283203125,True,0.132048566,0.749402418931,0,1.0,-1.0,1.4142135381698608,0.132048562169075,-0.132048562169075,0.18674486875534058,0.132048562169075,-0.132048562169075,0.18674486875534058,0.1320485770702362,-0.13052687048912048,0.18567200005054474,0.1320485770702362,-0.13052687048912048,0.18567200005054474,0.1320483684539795,-0.13052690029144287,0.1856718808412552,False,False,2.696399576961994,1.4511002227663994,1.0,0.0,1.0,1.0,0.0,851.2413940429688,137.4007110595703,851.2413940429688,137.4007110595703,False,False,-0.10640319261524323,-0.36845591879066775,0.1129786924160504,False,,False,timeout
836,1787624617.9460058,50.73380560055375,0.06161210034042597,16.230577994820656,True,695,0.05063149984925985,0.07353929989039898,13.59817133818752,False,False,False,,4.083252429962158,1.8405014276504517,7.912472248077393,1.3109157085418701,,,3.8656675815582275,True,0.132048566,0.749402418931,0,1.0,-1.0,1.4142135381698608,0.132048562169075,-0.132048562169075,0.18674486875534058,0.132048562169075,-0.132048562169075,0.18674486875534058,0.13204851746559143,-0.13166722655296326,0.18647538125514984,0.13204851746559143,-0.13166722655296326,0.18647538125514984,0.1320486068725586,-0.13166725635528564,0.186475470662117,False,False,3.21390014141798,2.0896000787615776,1.0,0.0,1.0,1.0,0.0,871.6771240234375,137.38397216796875,871.6771240234375,137.38397216796875,False,False,-0.09843910641656453,-0.3742654657657449,0.11298296070094418,False,,False,timeout
837,1787624618.007442,50.795143499970436,0.061337899416685104,16.303134106480023,True,696,0.038087799213826656,0.07376919966191053,13.555792994678956,False,False,False,,4.215301036834717,1.708834171295166,8.117447853088379,1.3105649948120117,,,3.9224185943603516,True,0.132048566,0.749402418931,0,1.0,0.6025526523590088,1.1675057411193848,0.132048562169075,0.07956621050834656,0.15416745841503143,0.132048562169075,0.07956621050834656,0.15416745841503143,0.1320485770702362,0.026631616055965424,0.13470734655857086,0.1320485770702362,0.02663162350654602,0.13470734655857086,0.1320486068725586,0.026631593704223633,0.13470737636089325,False,False,3.284200094640255,2.1102996543049812,0.5,0.0,0.5,1.0,0.0,861.9466552734375,137.3472137451172,861.9466552734375,137.3472137451172,False,False,-0.09023849976720334,-0.38023483675538167,0.11295608342781935,False,,False,timeout
838,1787624618.0670686,50.856846700422466,0.061703200452029705,16.206614773206717,True,697,0.03346389997750521,0.07347660046070814,13.609774999521832,False,False,False,,4.347349643707275,1.7354657649993896,8.292608261108398,1.3117705583572388,,,3.967944383621216,True,0.132048566,0.749402418931,0,1.0,-1.0,1.4142135381698608,0.132048562169075,-0.132048562169075,0.18674486875534058,0.132048562169075,-0.132048562169075,0.18674486875534058,0.1320485770702362,-0.092283695936203,0.16109967231750488,0.1320485770702362,-0.092283695936203,0.16109967231750488,0.1320486068725586,-0.09228372573852539,0.16109973192214966,False,False,2.4220002815127373,2.0130006596446037,1.0,0.5,1.1180340051651,0.5,0.0,910.6031494140625,168.91355895996094,910.6031494140625,168.91355895996094,False,False,-0.08326672754781966,-0.3854121932754738,0.11296258341064118,False,,False,timeout
839,1787624618.1263883,50.9183189002797,0.061472199857234955,16.267516085684793,True,698,0.023480200208723545,0.06632860004901886,15.076452680457141,False,False,False,,4.479398250579834,1.6431820392608643,8.384472846984863,1.3187553882598877,,,3.918527841567993,True,0.132048566,0.749402418931,0,1.0,-0.28247570991516113,1.039130687713623,0.132048562169075,-0.037300512194633484,0.137215718626976,0.132048562169075,-0.037300512194633484,0.137215718626976,0.1320485770702362,-0.051079168915748596,0.14158357679843903,0.1320485770702362,-0.051079168915748596,0.14158357679843903,0.1320486068725586,-0.0510791540145874,0.14158359169960022,False,False,1.7127003520727158,0.9786002337932587,1.0,0.5,1.1180340051651,1.0,0.5,920.010009765625,169.6455535888672,920.010009765625,169.6455535888672,False,False,-0.07980854258109875,-0.3884158629928971,0.11282373870264562,False,,False,timeout
840,1787624618.1896439,50.979547900147736,0.061228999868035316,16.33213023494201,True,699,0.017944099381566048,0.07145569939166307,13.994684937849375,False,False,False,,4.611446857452393,1.5921028852462769,8.614564895629883,1.4480844736099243,,,4.005707740783691,True,0.132048566,0.749402418931,0,1.0,1.0,1.4142135381698608,0.132048562169075,0.132048562169075,0.18674486875534058,0.132048562169075,0.132048562169075,0.18674486875534058,0.1320485770702362,0.08615719527006149,0.15767018496990204,0.1320485770702362,0.08615720272064209,0.15767019987106323,0.1320486068725586,0.08615720272064209,0.15767021477222443,False,False,2.04360019415617,1.7937002703547478,1.0,1.0,1.4142135381698608,1.0,0.5,943.5714721679688,214.63925170898438,943.5714721679688,214.63925170898438,False,False,-0.07470898704335387,-0.4009606469544729,0.11275219194897933,False,,False,timeout
841,1787624618.251185,51.041080000810325,0.06153210066258907,16.251679842420696,True,700,0.005616700276732445,0.06676980014890432,14.97683080928631,False,False,False,,4.743495464324951,1.678260087966919,8.795793533325195,1.5396536588668823,,,4.054667949676514,True,0.132048566,0.749402418931,0,1.0,-1.0,1.4142135381698608,0.132048562169075,-0.132048562169075,0.18674486875534058,0.132048562169075,-0.132048562169075,0.18674486875534058,0.1320485770702362,-0.07736672461032867,0.15304391086101532,0.1320485770702362,-0.07736672461032867,0.15304391086101532,0.1320486068725586,-0.07736670970916748,0.1530439257621765,False,False,2.4984003975987434,2.0805997774004936,1.0,0.0,1.0,1.0,1.0,962.1292724609375,161.35569763183594,962.1292724609375,161.35569763183594,False,False,-0.07036457089598462,-0.4103786961004278,0.11261177440578125,False,,False,timeout
842,1787624618.3110554,51.103025800548494,0.061945799738168716,16.143144559062605,False,,,,,False,False,False,,4.87554407119751,1.6008933782577515,9.013283729553223,1.7482542991638184,,,4.140362739562988,True,0.132048566,0.749402418931,0,1.0,-0.043123990297317505,1.000929355621338,0.132048562169075,-0.005694461055099964,0.13217128813266754,0.132048562169075,-0.005694461055099964,0.13217128813266754,0.1320485770702362,-0.023655351251363754,0.1341506689786911,0.1320485770702362,-0.023655351251363754,0.1341506689786911,0.1320486068725586,-0.023655295372009277,0.1341506838798523,False,False,1.7459997907280922,2.0570997148752213,1.0,0.5,1.1180340051651,1.0,0.0,984.4002685546875,214.6570587158203,984.4002685546875,214.6570587158203,False,False,-0.06830696396253591,-0.42607734992163,0.112489892118506,False,,False,timeout
843,1787624618.3738194,51.16473360080272,0.06170780025422573,16.205406705151837,True,701,0.06059020012617111,0.07386530004441738,13.538156609377753,False,False,False,,5.007592678070068,1.5772380828857422,9.206583976745605,1.7048423290252686,,,4.200930118560791,True,0.132048566,0.749402418931,0,1.0,0.9098415374755859,1.3519657850265503,0.132048562169075,0.12014326453208923,0.1785251349210739,0.132048562169075,0.12014326453208923,0.1785251349210739,0.1320485770702362,0.08410769701004028,0.15655967593193054,0.1320485770702362,0.08410769701004028,0.15655967593193054,0.1320486068725586,0.08410763740539551,0.15655966103076935,False,False,1.9124001264572144,2.916899509727955,1.0,0.5,1.1180340051651,1.0,0.5,1004.1942749023438,210.1074676513672,1004.1942749023438,210.1074676513672,False,False,-0.05915974154496343,-0.42983903110886507,0.11250980385067805,False,,False,timeout
844,1787624618.4385655,51.22636110056192,0.061627499759197235,16.22652231402201,True,702,0.05665090028196573,0.06898880004882812,14.4951064418026,False,False,False,,5.139641284942627,1.6613457202911377,9.3967866897583,1.8225760459899902,,,4.260197639465332,True,0.132048566,0.749402418931,0,1.0,0.5437475442886353,1.1382712125778198,0.132048562169075,0.0718010812997818,0.1503070741891861,0.132048562169075,0.0718010812997818,0.1503070741891861,0.1320485770702362,0.07488507032394409,0.15180447697639465,0.1320485770702362,0.07488507032394409,0.15180447697639465,0.1320486068725586,0.07488512992858887,0.15180453658103943,False,False,2.7386005967855453,1.999099738895893,0.5,1.0,1.1180340051651,1.0,0.5,992.9509887695312,253.88595581054688,992.9509887695312,253.88595581054688,False,False,-0.05529353659576699,-0.44068661471741705,0.11262008921118422,False,,False,timeout
845,1787624618.4988322,51.2876417003572,0.06128059979528189,16.318378138279776,True,703,0.05043230019509792,0.06524670030921698,15.326445556032763,False,False,False,,5.2716898918151855,1.7362308502197266,9.591832160949707,1.9384026527404785,,,4.3248701095581055,True,0.132048566,0.749402418931,0,1.0,1.0,1.4142135381698608,0.132048562169075,0.132048562169075,0.18674486875534058,0.132048562169075,0.132048562169075,0.18674486875534058,0.1320485770702362,0.11772353947162628,0.1769057810306549,0.1320485770702362,0.11772353947162628,0.1769057810306549,0.1320486068725586,0.11772358417510986,0.17690584063529968,False,False,2.821500413119793,1.9780006259679794,0.5,0.0,0.5,0.5,1.0,1012.9236450195312,203.14459228515625,1012.9236450195312,203.14459228515625,False,False,-0.051173134511670576,-0.4515880365679645,0.11256524779964047,False,,False,timeout
846,1787624618.5580857,51.348921100609004,0.06127940025180578,16.318697570323103,True,704,0.03990059997886419,0.06750889960676432,14.812861797851037,False,False,False,,5.403738498687744,1.8539544343948364,9.674947738647461,2.1342270374298096,,,4.280395030975342,True,0.132048566,0.749402418931,0,1.0,-1.0,1.4142135381698608,0.132048562169075,-0.132048562169075,0.18674486875534058,0.132048562169075,-0.132048562169075,0.18674486875534058,0.1320485770702362,-0.06945626437664032,0.1492011994123459,0.1320485770702362,-0.06945626437664032,0.1492011994123459,0.1320486068725586,-0.06945621967315674,0.14920121431350708,False,False,2.1452000364661217,1.3263002038002014,0.5,0.5,0.7071067690849304,0.5,0.0,1021.4346313476562,255.1069793701172,1021.4346313476562,255.1069793701172,False,False,-0.05411867500230543,-0.4627066763303599,0.11273822858771654,False,,False,timeout
847,1787624618.6231463,51.41091280058026,0.06199169997125864,16.131191763794707,True,705,0.029502199962735176,0.07180520053952932,13.92656788764892,False,False,False,,5.535787105560303,1.7844982147216797,9.757705688476562,2.0950381755828857,,,4.23332405090332,True,0.132048566,0.749402418931,0,1.0,-1.0,1.4142135381698608,0.132048562169075,-0.132048562169075,0.18674486875534058,0.132048562169075,-0.132048562169075,0.18674486875534058,0.1320485770702362,-0.11636307090520859,0.1760033816099167,0.1320485770702362,-0.11636307090520859,0.1760033816099167,0.1320486068725586,-0.1163630485534668,0.17600339651107788,False,False,2.6760995388031006,1.9433004781603813,1.0,0.5,1.1180340051651,0.5,0.5,1060.629150390625,251.0,1060.629150390625,251.0,False,False,-0.04953824052364387,-0.4634249614411381,0.11271336001341666,False,,False,timeout
848,1787624618.679365,51.47230480052531,0.06139199994504452,16.288767280674307,True,706,0.02567759994417429,0.07239299919456244,13.813490408270193,False,False,False,,5.667835712432861,1.668135166168213,9.88112735748291,2.2190287113189697,,,4.249154090881348,True,0.132048566,0.749402418931,0,1.0,0.29319706559181213,1.0420962572097778,0.132048562169075,0.03871624916791916,0.13760730624198914,0.132048562169075,0.03871624916791916,0.13760730624198914,0.1320485770702362,-0.0001462455838918686,0.13204865157604218,0.1320485770702362,-0.00014624744653701782,0.13204865157604218,0.1320486068725586,-0.0001462697982788086,0.13204868137836456,False,False,1.6382001340389252,1.1708997189998627,0.5,1.0,1.1180340051651,1.0,0.5,1042.5474853515625,295.4342346191406,1042.5474853515625,295.4342346191406,False,False,-0.04856220378554861,-0.472549912191563,0.11279309206974834,False,,False,timeout
849,1787624618.7418635,51.53380660060793,0.06150180008262396,16.259686686512595,True,707,0.01660750061273575,0.06521290075033903,15.334389185176695,False,False,False,,5.79988431930542,1.667988896369934,10.088449478149414,2.33729887008667,,,4.340479850769043,True,0.132048566,0.749402418931,0,1.0,-0.12407363206148148,1.0076676607131958,0.132048562169075,-0.016383744776248932,0.13306108117103577,0.132048562169075,-0.016383744776248932,0.13306108117103577,0.1320485770702362,-0.012314672581851482,0.13262155652046204,0.1320485770702362,-0.012314672581851482,0.13262155652046204,0.1320486068725586,-0.012314677238464355,0.13262158632278442,False,False,1.8424000591039658,1.1847997084259987,0.5,0.0,0.5,0.5,1.0,1063.7772216796875,244.9489288330078,1063.7772216796875,244.9489288330078,False,False,-0.044034325075880454,-0.48390139754960515,0.11269932529925475,False,,False,timeout
850,1787624618.8040562,51.59498789999634,0.06118129938840866,16.344863708296113,False,,,,,False,False,False,,5.9319329261779785,1.6556742191314697,10.162841796875,2.5179965496063232,,,4.317891597747803,True,0.132048566,0.749402418931,0,1.0,0.3100130558013916,1.0469517707824707,0.132048562169075,0.040936779230833054,0.1382484883069992,0.132048562169075,0.040936779230833054,0.1382484883069992,0.1320485770702362,0.027592092752456665,0.1349005252122879,0.1320485770702362,0.027592092752456665,0.1349005252122879,0.1320486068725586,0.027592062950134277,0.1349005401134491,False,False,2.878200262784958,2.186099998652935,0.5,0.0,0.5,0.5,0.0,1071.39501953125,263.88604736328125,1071.39501953125,263.88604736328125,False,False,-0.04685044643820566,-0.49403753354065066,0.11280064306942196,False,,False,timeout
851,1787624618.8672347,51.65605330001563,0.06106540001928806,16.375885520837347,True,708,0.057917299680411816,0.0705741997808218,14.169484076413788,False,False,False,,6.063981533050537,1.683266282081604,10.258885383605957,2.480344533920288,,,4.269958972930908,True,0.132048566,0.749402418931,0,1.0,-1.0,1.4142135381698608,0.132048562169075,-0.132048562169075,0.18674486875534058,0.132048562169075,-0.132048562169075,0.18674486875534058,0.1320485770702362,-0.09204300493001938,0.16096192598342896,0.1320485770702362,-0.09204300493001938,0.16096192598342896,0.1320486068725586,-0.09204304218292236,0.16096197068691254,False,False,2.638000063598156,2.0431000739336014,0.5,0.5,0.7071067690849304,0.5,0.0,1081.2298583984375,291.3800964355469,1081.2298583984375,291.3800964355469,False,False,-0.04178660698924811,-0.49523954259249653,0.11274718341355583,False,,False,timeout
852,1787624618.9264257,51.71733439993113,0.061281099915504456,16.318244962620106,True,709,0.033860799856483936,0.08137079980224371,12.289420804887138,False,False,False,,6.196030139923096,1.5912232398986816,10.363378524780273,2.489443778991699,,,4.263049602508545,True,0.132048566,0.749402418931,0,1.0,1.0,1.4142135381698608,0.132048562169075,0.132048562169075,0.18674486875534058,0.132048562169075,0.132048562169075,0.18674486875534058,0.1320485770702362,0.07589174807071686,0.15230359137058258,0.1320485770702362,0.07589174807071686,0.15230359137058258,0.1320486068725586,0.07589173316955566,0.15230360627174377,False,False,1.9466998055577278,1.3562003150582314,0.5,0.5,0.7071067690849304,0.5,0.5,1091.929931640625,292.33367919921875,1091.929931640625,292.33367919921875,False,False,-0.0378809906490769,-0.498743707699149,0.11291845004378559,False,,False,timeout
853,1787624618.9888837,51.778762800619006,0.061428400687873363,16.279115015237746,True,710,0.020175800658762455,0.08489959966391325,11.778618556019552,False,False,False,,6.328078746795654,1.6671149730682373,10.457956314086914,2.603982925415039,,,4.234809398651123,True,0.132048566,0.749402418931,0,1.0,-0.05685660243034363,1.001615047454834,0.132048562169075,-0.00750783272087574,0.13226182758808136,0.132048562169075,-0.00750783272087574,0.13226182758808136,0.1320485770702362,0.013391895219683647,0.13272592425346375,0.1320485770702362,0.013391897082328796,0.13272592425346375,0.1320486068725586,0.013391852378845215,0.13272593915462494,False,False,1.9497005268931389,1.752699725329876,0.5,0.5,0.7071067690849304,0.5,0.5,1101.61474609375,304.33740234375,1101.61474609375,304.33740234375,False,False,-0.0377671257585289,-0.5065689471791335,0.11289145691895087,False,,False,timeout
854,1787624619.0493646,51.84023980051279,0.06147699989378452,16.26624594120935,True,711,0.011060199700295925,0.0751209007576108,13.311874457238666,False,False,False,,6.460127353668213,1.6805068254470825,10.553324699401855,2.705601692199707,,,4.219607353210449,True,0.132048566,0.749402418931,0,1.0,-1.0,1.4142135381698608,0.132048562169075,-0.132048562169075,0.18674486875534058,0.132048562169075,-0.132048562169075,0.18674486875534058,0.1320485770702362,-0.09560154378414154,0.1630229502916336,0.1320485770702362,-0.09560154378414154,0.1630229502916336,0.1320486068725586,-0.09560155868530273,0.163022980093956,False,False,2.0246999338269234,1.774500124156475,0.5,0.5,0.7071067690849304,0.5,0.5,1111.3804931640625,314.987060546875,1111.3804931640625,314.987060546875,False,False,-0.03720613520016675,-0.5138444754301871,0.1128612674782398,False,,False,timeout
855,1787624619.1116207,51.90151000022888,0.061270199716091156,16.321148039890815,True,712,0.006344299763441086,0.07058749999850988,14.166814237947372,False,False,False,,6.5921759605407715,1.5849052667617798,10.656426429748535,2.8055365085601807,,,4.243591785430908,True,0.132048566,0.749402418931,0,1.0,-0.4269939959049225,1.087347149848938,0.132048562169075,-0.05638394504785538,0.14358262717723846,0.132048562169075,-0.05638394504785538,0.14358262717723846,0.1320485770702362,-0.06621178239583969,0.14771874248981476,0.1320485770702362,-0.06621178239583969,0.14771874248981476,0.1320486068725586,-0.06621181964874268,0.14771878719329834,False,False,2.2736992686986923,1.7134007066488266,0.5,0.5,0.7071067690849304,0.5,0.5,1121.93798828125,325.4602355957031,1121.93798828125,325.4602355957031,False,False,-0.03628115279562145,-0.5212698072825704,0.11288949508763585,False,,False,timeout
856,1787624619.1730275,51.96290750056505,0.0613975003361702,16.287308025973246,True,713,0.0033319005742669106,0.06599160004407167,15.1534437615115,False,False,False,,6.72422456741333,1.518693447113037,10.746138572692871,2.8924131393432617,,,4.250046730041504,True,0.132048566,0.749402418931,0,1.0,-0.29690200090408325,1.0431445837020874,0.132048562169075,-0.039205484092235565,0.13774575293064117,0.132048562169075,-0.039205484092235565,0.13774575293064117,0.1320485770702362,-0.04597320407629013,0.13982261717319489,0.1320485770702362,-0.04597320407629013,0.13982261717319489,0.1320486068725586,-0.04597318172454834,0.13982263207435608,False,False,2.4319002404809,2.088600769639015,0.5,0.0,0.5,0.5,0.5,1131.1246337890625,303.1249084472656,1131.1246337890625,303.1249084472656,False,False,-0.035474389588778694,-0.5277219657070695,0.11289335279996168,False,,False,timeout
857,1787624619.2325819,52.02438640035689,0.06147889979183674,16.265743261280377,False,,,,,False,False,False,,6.856273174285889,1.4727202653884888,10.848726272583008,2.988253355026245,,,4.2704243659973145,True,0.132048566,0.749402418931,0,1.0,-0.00600588321685791,1.0000180006027222,0.132048562169075,-0.000793068262282759,0.13205094635486603,0.132048562169075,-0.000793068262282759,0.13205094635486603,0.1320485770702362,-0.012115094810724258,0.13260318338871002,0.1320485770702362,-0.012115094810724258,0.13260318338871002,0.1320486068725586,-0.012115120887756348,0.1326032131910324,False,False,1.7768992111086845,2.366899512708187,0.5,0.0,0.5,0.5,0.0,1141.6295166015625,313.1689453125,1141.6295166015625,313.1689453125,False,False,-0.03443990871491481,-0.5349419129047505,0.11290381903904564,False,,False,timeout
858,1787624619.2953036,52.086050600744784,0.06166420038789511,16.216864788800592,True,714,0.06077650003135204,0.06440659984946251,15.52635913613355,False,False,False,,6.988321781158447,1.4606051445007324,10.945575714111328,2.9631145000457764,,,4.232893943786621,True,0.132048566,0.749402418931,0,1.0,0.126667320728302,1.0079903602600098,0.132048562169075,0.016726236790418625,0.13310368359088898,0.132048562169075,0.016726236790418625,0.13310368359088898,0.1320485770702362,0.009498661383986473,0.13238976895809174,0.1320485770702362,0.009498661383986473,0.13238976895809174,0.1320486068725586,0.0094987154006958,0.13238979876041412,False,False,2.5957003235816956,1.4488007873296738,1.0,-1.0,1.4142135381698608,0.5,0.0,1182.2669677734375,247.65438842773438,1182.2669677734375,247.65438842773438,False,False,-0.029743474994038146,-0.5367409835335061,0.11278659176162069,False,,False,timeout
859,1787624619.3596315,52.14740120060742,0.061350599862635136,16.29975912605605,True,715,0.04626820050179958,0.06609189976006746,15.130447205032487,False,False,False,,7.120370388031006,1.4701038599014282,11.067605018615723,2.939337730407715,,,4.211805820465088,True,0.132048566,0.749402418931,0,1.0,0.5268659591674805,1.1303043365478516,0.132048562169075,0.06957188993692398,0.14925505220890045,0.132048562169075,0.06957188993692398,0.14925505220890045,0.1320485770702362,0.05451769754290581,0.14286009967327118,0.1320485770702362,0.05451769754290581,0.14286009967327118,0.1320486068725586,0.05451774597167969,0.14286012947559357,False,False,3.0827000737190247,1.9982997328042984,0.5,0.5,0.7071067690849304,1.0,-1.0,1164.042724609375,339.48260498046875,1164.042724609375,339.48260498046875,False,False,-0.024072264014671656,-0.539353896423651,0.11292030887233245,False,,False,timeout
860,1787624619.4181917,52.20899420045316,0.06159299984574318,16.23561123024457,True,716,0.035106499679386616,0.07546370010823011,13.251404298567378,False,False,False,,7.2524189949035645,1.524621605873108,11.25901985168457,2.7318403720855713,,,4.1845221519470215,True,0.132048566,0.749402418931,0,1.0,-1.0,1.4142135381698608,0.132048562169075,-0.132048562169075,0.18674486875534058,0.132048562169075,-0.132048562169075,0.18674486875534058,0.1320485770702362,-0.08529549837112427,0.15720097720623016,0.1320485770702362,-0.08529549837112427,0.15720097720623016,0.1320486068725586,-0.08529555797576904,0.15720103681087494,False,False,2.3180004209280014,1.0010004043579102,0.5,0.5,0.7071067690849304,0.5,0.5,1183.6436767578125,317.73687744140625,1183.6436767578125,317.73687744140625,False,False,-0.009634350722343284,-0.536059874387527,0.11269999042532512,False,,False,timeout
861,1787624619.4785316,52.27038730029017,0.06139309983700514,16.288475458234522,True,717,0.030586999841034412,0.07275510020554066,13.744740879675748,False,False,False,,7.384467601776123,1.4393260478973389,11.35932731628418,2.905146598815918,,,4.23652458190918,True,0.132048566,0.749402418931,0,1.0,0.7075949311256409,1.2250267267227173,0.132048562169075,0.09343689680099487,0.1617630273103714,0.132048562169075,0.09343689680099487,0.1617630273103714,0.1320485770702362,0.04864697903394699,0.14072439074516296,0.1320485770702362,0.04864698648452759,0.14072440564632416,0.1320486068725586,0.04864692687988281,0.14072440564632416,False,False,2.085999585688114,0.963299535214901,0.5,0.5,0.7071067690849304,0.5,0.5,1193.9151611328125,335.89935302734375,1193.9151611328125,335.89935302734375,False,False,-0.011215052040988964,-0.5465997771412364,0.11290769253660445,False,,False,timeout
862,1787624619.5402613,52.3321737004444,0.06178640015423298,16.184791434745694,True,718,0.024848099797964096,0.06592009961605072,15.169879988417257,False,False,False,,7.516516208648682,1.4879729747772217,11.452067375183105,2.995875835418701,,,4.214538097381592,True,0.132048566,0.749402418931,0,1.0,1.0,1.4142135381698608,0.132048562169075,0.132048562169075,0.18674486875534058,0.132048562169075,0.132048562169075,0.18674486875534058,0.1320485770702362,0.11114831268787384,0.17260004580020905,0.1320485770702362,0.11114831268787384,0.17260004580020905,0.1320486068725586,0.11114835739135742,0.17260009050369263,False,False,1.6727996990084648,0.9662006050348282,0.5,0.5,0.7071067690849304,0.5,0.5,1203.4117431640625,345.40777587890625,1203.4117431640625,345.40777587890625,False,False,-0.010419158138947764,-0.5533141346304857,0.11292815793066587,False,,False,timeout
863,1787624619.6036358,52.39352710079402,0.061353400349617004,16.299015120622283,True,719,0.016870900057256222,0.06751600001007318,14.81130398499323,False,False,False,,7.64856481552124,1.599121332168579,11.54977798461914,3.0829007625579834,,,4.173855304718018,True,0.132048566,0.749402418931,0,1.0,-1.0,1.4142135381698608,0.132048562169075,-0.132048562169075,0.18674486875534058,0.132048562169075,-0.132048562169075,0.18674486875534058,0.1320485770702362,-0.0711040049791336,0.14997534453868866,0.1320485770702362,-0.0711040049791336,0.14997534453868866,0.1320486068725586,-0.07110404968261719,0.14997540414333344,False,False,2.0062997937202454,1.7405003309249878,0.5,0.5,0.7071067690849304,0.5,0.5,1213.4173583984375,354.52801513671875,1213.4173583984375,354.52801513671875,False,False,-0.00930336993858541,-0.560011859108485,0.11292203112992359,False,,False,timeout
864,1787624619.6631007,52.45502809993923,0.06150099914520979,16.25989843903029,True,720,0.014108099974691868,0.06933229975402355,14.423291936771031,False,False,False,,7.780613422393799,1.528017282485962,11.653048515319824,3.1865644454956055,,,4.212663173675537,True,0.132048566,0.749402418931,0,1.0,1.0,1.4142135381698608,0.132048562169075,0.132048562169075,0.18674486875534058,0.132048562169075,0.132048562169075,0.18674486875534058,0.1320485770702362,0.08113900572061539,0.15498504042625427,0.1320485770702362,0.08113899827003479,0.15498504042625427,0.1320486068725586,0.0811389684677124,0.15498505532741547,False,False,1.7965994775295258,1.168699935078621,0.5,0.5,0.7071067690849304,0.5,0.5,1223.9921875,365.3919372558594,1223.9921875,365.3919372558594,False,False,-0.008504128057369515,-0.5675899858378928,0.11298729909535597,False,,False,timeout
865,1787624619.7244556,52.51633220072836,0.061304100789129734,16.312122470236396,True,721,0.004273100756108761,0.06427189987152815,15.558899021172246,False,False,False,,7.912662029266357,1.6091562509536743,11.752732276916504,3.28818678855896,,,4.19109582901001,True,0.132048566,0.749402418931,0,1.0,-0.13526886701583862,1.0091073513031006,0.132048562169075,-0.01786205917596817,0.13325117528438568,0.132048562169075,-0.01786205917596817,0.13325117528438568,0.1320485770702362,0.006947358138859272,0.132231205701828,0.1320485770702362,0.006947360932826996,0.132231205701828,0.1320481300354004,0.0069473981857299805,0.13223077356815338,False,False,1.6077999025583267,1.0192003101110458,0.5,0.5,0.7071067690849304,0.5,0.5,1234.19970703125,376.0419616699219,1234.19970703125,376.0419616699219,False,False,-0.007783950901230736,-0.5749651616423764,0.11290668144163013,False,,False,timeout
866,1787624619.787867,52.57775020040572,0.06141799967736006,16.281871849509624,False,,,,,False,False,False,,8.044710159301758,1.6161036491394043,11.84170150756836,3.376293420791626,,,4.185141563415527,True,0.132048566,0.749402418931,0,1.0,1.0,1.4142135381698608,0.132048562169075,0.132048562169075,0.18674486875534058,0.132048562169075,0.132048562169075,0.18674486875534058,0.13204845786094666,0.10069850832223892,0.16606318950653076,0.13204845786094666,0.10069850832223892,0.16606318950653076,0.1320486068725586,0.10069847106933594,0.16606329381465912,False,False,2.8446996584534645,2.069699577987194,1.0,-0.5,1.1180340051651,0.5,0.5,1274.0301513671875,322.39556884765625,1274.0301513671875,322.39556884765625,False,False,-0.007057679108475786,-0.5814301856884263,0.1129402671419125,False,,False,timeout
867,1787624619.8503237,52.63911300059408,0.0613628001883626,16.29651836178182,True,722,0.05407440010458231,0.07112930063158274,14.0589038711282,False,False,False,,8.176758766174316,1.7168021202087402,11.960247039794922,3.462785482406616,,,4.166922092437744,True,0.132048566,0.749402418931,0,1.0,0.8675616979598999,1.323881983757019,0.132048562169075,0.11456027626991272,0.17481671273708344,0.132048562169075,0.11456027626991272,0.17481671273708344,0.1320485770702362,0.11108653247356415,0.17256025969982147,0.1320485770702362,0.11108653247356415,0.17256025969982147,0.1320486068725586,0.11108648777008057,0.17256025969982147,False,False,2.850600518286228,2.3624999448657036,0.5,0.5,0.7071067690849304,1.0,-0.5,1255.4493408203125,394.33990478515625,1255.4493408203125,394.33990478515625,False,False,-0.005088750223632591,-0.5887102727046385,0.11300600536788587,False,,False,timeout
868,1787624619.9001758,52.690048600547016,0.05093559995293617,19.632634167929442,True,723,0.03595160041004419,0.07339309994131327,13.625259061132748,False,False,False,,8.308807373046875,1.8278886079788208,12.124845504760742,3.3583760261535645,,,4.111513137817383,True,0.132048566,0.749402418931,0,1.0,1.0,1.4142135381698608,0.132048562169075,0.132048562169075,0.18674486875534058,0.132048562169075,0.132048562169075,0.18674486875534058,0.1320485770702362,0.12679551541805267,0.18306809663772583,0.1320485770702362,0.12679551541805267,0.18306809663772583,0.1320486068725586,0.12679553031921387,0.18306812644004822,False,False,2.0611993968486786,1.2990999966859818,0.5,1.0,1.1180340051651,0.5,0.5,1272.30419921875,414.8377990722656,1272.30419921875,414.8377990722656,False,False,0.004943389193085514,-0.589181201841454,0.1129259608328408,False,,False,timeout
869,1787624619.9566996,52.74658730067313,0.05653870012611151,17.68700019224824,True,724,0.020357300527393818,0.06864919979125261,14.56681218485844,False,False,False,,8.440855979919434,1.9546841382980347,12.236371994018555,3.419538736343384,,,4.06838321685791,True,0.132048566,0.749402418931,0,1.0,0.32542216777801514,1.0516176223754883,0.132048562169075,0.04297152906656265,0.13886459171772003,0.132048562169075,0.04297152906656265,0.13886459171772003,0.1320485770702362,0.06397761404514313,0.1467309147119522,0.1320485770702362,0.06397761404514313,0.1467309147119522,0.1320486068725586,0.06397759914398193,0.1467309296131134,False,False,2.419699914753437,1.721000298857689,1.0,0.5,1.1180340051651,0.5,1.0,1314.444580078125,389.80767822265625,1314.444580078125,389.80767822265625,False,False,0.007454261278560793,-0.5951707924835593,0.11297265957068915,False,,False,timeout
870,1787624620.0165358,52.80852710083127,0.061939800158143044,16.144708207756995,True,725,0.0127687007188797,0.07213460002094507,13.86297282732058,False,False,False,,8.572904586791992,2.0186617374420166,12.321759223937988,3.667070150375366,,,4.095261096954346,True,0.132048566,0.749402418931,0,1.0,-1.0,1.4142135381698608,0.132048562169075,-0.132048562169075,0.18674486875534058,0.132048562169075,-0.132048562169075,0.18674486875534058,0.1320485770702362,-0.08292488008737564,0.15592741966247559,0.1320485770702362,-0.08292487263679504,0.15592741966247559,0.1320486068725586,-0.08292484283447266,0.15592743456363678,False,False,1.757100224494934,1.1744005605578423,0.5,1.0,1.1180340051651,1.0,0.5,1292.46826171875,447.18896484375,1292.46826171875,447.18896484375,False,False,0.002841491827849715,-0.6083480384873159,0.11299424882112535,False,,False,timeout
871,1787624620.0778906,52.86975990049541,0.06123279966413975,16.331116746008234,True,726,0.003110799938440323,0.0695216003805399,14.384018701041217,False,False,False,,8.70495319366455,1.935736894607544,12.542860984802246,3.7416367530822754,,,4.241557598114014,True,0.132048566,0.749402418931,0,0.3746919631958008,1.0,1.06789231300354,0.04947753623127937,0.132048562169075,0.14101365208625793,0.04947753623127937,0.132048562169075,0.14101365208625793,0.07016964256763458,0.07817674428224564,0.10504942387342453,0.07016964256763458,0.07817673683166504,0.10504942387342453,0.07016944885253906,0.07817673683166504,0.10504928976297379,False,False,1.4949003234505653,1.7080996185541153,1.0,-0.5,1.1180340051651,0.5,1.0,1345.8289794921875,360.68353271484375,1345.8289794921875,360.68353271484375,False,False,0.009329643047100256,-0.6182060112369799,0.11270138473266508,False,,False,timeout
872,1787624620.1404622,52.93137999996543,0.06162009947001934,16.228471044363378,False,,,,,False,False,False,,8.77512264251709,2.013913631439209,12.622315406799316,3.926940679550171,,,4.296576023101807,True,0.132048566,0.749402418931,0,1.0,1.0,1.4142135381698608,0.132048562169075,0.132048562169075,0.18674486875534058,0.132048562169075,0.132048562169075,0.18674486875534058,0.1165418028831482,0.11854840815067291,0.166239932179451,0.1165418028831482,0.11854840815067291,0.166239932179451,0.11654186248779297,0.11854839324951172,0.16623996198177338,False,False,2.7737999334931374,1.3145999982953072,0.5,0.0,0.5,1.0,-0.5,1323.2449951171875,411.5433654785156,1323.2449951171875,411.5433654785156,False,False,0.006503122966519347,-0.6284971058856361,0.1129870247729445,False,,False,timeout
873,1787624620.2049115,52.99265030026436,0.061270300298929214,16.32112124669114,True,727,0.0529290996491909,0.07089399918913841,14.105566217700536,False,False,False,,8.891664505004883,2.1324620246887207,12.833909034729004,3.7761077880859375,,,4.2711663246154785,True,0.132048566,0.749402418931,0,1.0,1.0,1.4142135381698608,0.132048562169075,0.132048562169075,0.18674486875534058,0.132048562169075,0.132048562169075,0.18674486875534058,0.12816262245178223,0.12866544723510742,0.18160521984100342,0.12816262245178223,0.12866544723510742,0.18160521984100342,0.12816238403320312,0.12866544723510742,0.1816050410270691,False,False,3.1068995594978333,1.4139004051685333,0.5,0.0,0.5,0.5,0.0,1344.9122314453125,395.736083984375,1344.9122314453125,395.736083984375,False,False,0.019957597363922396,-0.6284802579203816,0.11264418661805774,False,,False,timeout
874,1787624620.2551203,53.043873799964786,0.051223499700427055,19.522289688294432,True,728,0.03376869950443506,0.07350890059024096,13.603794805397484,False,False,False,,9.019826889038086,2.261127471923828,12.908291816711426,3.79166841506958,,,4.178841590881348,True,0.132048566,0.749402418931,0,1.0,0.7192579507827759,1.2318003177642822,0.132048562169075,0.09497697651386261,0.1626574546098709,0.132048562169075,0.09497697651386261,0.1626574546098709,0.1310746967792511,0.103419229388237,0.1669614166021347,0.1310746967792511,0.103419229388237,0.1669614166021347,0.1310749053955078,0.10341930389404297,0.16696162521839142,False,False,2.731400541961193,2.003200352191925,1.0,0.0,1.0,0.5,0.0,1383.2491455078125,397.3668518066406,1383.2491455078125,397.3668518066406,False,False,0.022456155095628646,-0.6313967566323192,0.11299232921433519,False,,False,timeout
875,1787624620.3107066,53.10053950082511,0.05666570086032152,17.647359598797806,True,729,0.026707500219345093,0.06994420010596514,14.297111104065879,False,False,False,,9.150901794433594,2.364546775817871,12.986056327819824,3.805797576904297,,,4.097024917602539,True,0.132048566,0.749402418931,0,0.4792180061340332,0.7225546836853027,0.8670266270637512,0.06328004598617554,0.09541230648756027,0.11448962241411209,0.06328004598617554,0.09541230648756027,0.11448962241411209,0.08026926964521408,0.09741883724927902,0.12622830271720886,0.08026926964521408,0.09741883724927902,0.12622830271720886,0.08026885986328125,0.09741878509521484,0.12622800469398499,False,False,2.411799505352974,1.77800003439188,1.0,0.5,1.1180340051651,1.0,0.0,1391.2122802734375,430.28759765625,1391.2122802734375,430.28759765625,False,False,0.025139407679220464,-0.6343560285409232,0.11280783866055928,False,,False,timeout
876,1787624620.3710506,53.16195130068809,0.06141179986298084,16.283515582203314,True,730,0.01946560014039278,0.06372709944844246,15.69191142630046,False,False,False,,9.231170654296875,2.461965560913086,13.19354248046875,3.801976442337036,,,4.18282413482666,True,0.132048566,0.749402418931,0,1.0,0.6830796599388123,1.2110316753387451,0.132048562169075,0.09019968658685684,0.1599150002002716,0.132048562169075,0.09019968658685684,0.1599150002002716,0.11907269060611725,0.09200876951217651,0.15047897398471832,0.11907269060611725,0.09200876951217651,0.15047897398471832,0.11907291412353516,0.09200882911682129,0.15047918260097504,False,False,1.6406001523137093,0.9476002305746078,0.5,1.0,1.1180340051651,1.0,0.5,1381.73876953125,461.3271484375,1381.73876953125,461.3271484375,False,False,0.033668516100634927,-0.6404919318799009,0.11322339487431321,False,,False,timeout
877,1787624620.432352,53.22326330002397,0.06131199933588505,16.310021053492445,True,731,0.0042608994990587234,0.06865830067545176,14.564881305859966,False,False,False,,9.35024356842041,2.5539743900299072,13.397173881530762,3.933061122894287,,,4.275456428527832,True,0.132048566,0.749402418931,0,1.0,-0.23625540733337402,1.0275293588638306,0.132048562169075,-0.031197186559438705,0.13568377494812012,0.132048562169075,-0.031197186559438705,0.13568377494812012,0.12879689037799835,-0.00032205693423748016,0.12879729270935059,0.12879689037799835,-0.0003220587968826294,0.12879729270935059,0.12879657745361328,-0.00032210350036621094,0.12879697978496552,False,False,1.8908996134996414,1.7343005165457726,0.5,0.5,0.7071067690849304,0.5,1.0,1402.590576171875,443.62481689453125,1402.590576171875,443.62481689453125,False,False,0.037614414656270134,-0.6522538072972065,0.11285758435874528,False,,False,timeout
878,1787624620.4957855,53.28465040028095,0.061387100256979465,16.29006738897565,False,,,,,False,False,False,,9.479040145874023,2.553652286529541,13.468018531799316,4.148141860961914,,,4.295852184295654,True,0.132048566,0.749402418931,0,1.0,0.3405575454235077,1.0563992261886597,0.132048562169075,0.044970132410526276,0.13949601352214813,0.132048562169075,0.044970132410526276,0.13949601352214813,0.13123361766338348,0.03362000733613968,0.1354716569185257,0.13123361766338348,0.03362000733613968,0.1354716569185257,0.13123321533203125,0.03362011909484863,0.13547128438949585,False,False,3.216099925339222,3.1602000817656517,0.0,1.0,1.0,0.5,0.5,1379.1251220703125,497.60528564453125,1379.1251220703125,497.60528564453125,False,False,0.03341901190930859,-0.663517726778801,0.1128801787443509,False,,False,timeout
879,1787624620.557303,53.34613570012152,0.061485299840569496,16.26405014845802,True,732,0.05720109958201647,0.07651959918439388,13.068547282771828,False,False,False,,9.610273361206055,2.5872724056243896,13.553122520446777,4.218393325805664,,,4.266921043395996,True,0.132048566,0.749402418931,0,1.0,0.2962568998336792,1.0429612398147583,0.132048562169075,0.03912029787898064,0.13772153854370117,0.132048562169075,0.03912029787898064,0.13772153854370117,0.13184423744678497,0.03774196654558182,0.1371399313211441,0.13184423744678497,0.03774196654558182,0.1371399313211441,0.13184452056884766,0.037741899490356445,0.1371401697397232,False,False,2.5478005409240723,2.0191995427012444,0.0,1.0,1.0,0.0,1.0,1387.8397216796875,504.9676208496094,1387.8397216796875,504.9676208496094,False,False,0.03455779820363433,-0.6690748296369041,0.11281107100260991,False,,False,timeout
880,1787624620.6195822,53.407360300421715,0.06122460030019283,16.333303853301764,True,733,0.05245890002697706,0.07034780085086823,14.215085445526874,False,False,False,,9.742117881774902,2.625014305114746,13.543880462646484,4.4439802169799805,,,4.214502811431885,True,0.132048566,0.749402418931,0,1.0,-0.3787616491317749,1.0693271160125732,0.132048562169075,-0.050014931708574295,0.1412031054496765,0.132048562169075,-0.050014931708574295,0.1412031054496765,0.13199742138385773,-0.028023283928632736,0.13493932783603668,0.13199742138385773,-0.028023287653923035,0.13493932783603668,0.13199710845947266,-0.028023242950439453,0.1349390149116516,False,False,3.262399695813656,1.9968999549746513,0.0,1.0,1.0,0.0,1.0,1386.893310546875,528.609130859375,1386.893310546875,528.609130859375,False,False,0.026799987535935984,-0.6782941549123527,0.11292288888471425,False,,False,timeout
881,1787624620.6788368,53.46871520020068,0.061354899778962135,16.298616795115166,True,734,0.039524300023913383,0.06554139964282513,15.257531963760417,False,False,False,,9.874114990234375,2.5969910621643066,13.536160469055176,4.645832061767578,,,4.196227550506592,True,0.132048566,0.749402418931,0,1.0,1.0,1.4142135381698608,0.132048562169075,0.132048562169075,0.18674486875534058,0.132048562169075,0.132048562169075,0.18674486875534058,0.13203565776348114,0.09193494915962219,0.16088955104351044,0.13203565776348114,0.09193494915962219,0.16088955104351044,0.1320352554321289,0.0919349193572998,0.16088920831680298,False,False,2.797599881887436,2.009899355471134,0.0,0.5,0.5,0.0,1.0,1386.1029052734375,518.3232421875,1386.1029052734375,518.3232421875,False,False,0.019907860708410417,-0.6865277565458855,0.11282389250193248,False,,False,timeout
882,1787624620.7411711,53.52992830052972,0.06121310032904148,16.336372355339883,True,735,0.030377800576388836,0.07429079990833998,13.460616943602714,False,False,False,,10.006150245666504,2.6889259815216064,13.537489891052246,4.818090438842773,,,4.123554229736328,True,0.132048566,0.749402418931,0,1.0,1.0,1.4142135381698608,0.132048562169075,0.132048562169075,0.18674486875534058,0.132048562169075,0.132048562169075,0.18674486875534058,0.1320452243089676,0.12199617922306061,0.17977488040924072,0.1320452243089676,0.12199617922306061,0.17977488040924072,0.13204479217529297,0.12199616432189941,0.17977455258369446,False,False,2.8491001576185226,2.122200094163418,0.0,1.0,1.0,0.0,0.5,1386.2388916015625,567.8158569335938,1386.2388916015625,567.8158569335938,False,False,0.014364201687226436,-0.6937705910033105,0.11292963330809516,False,,False,timeout
883,1787624620.7984314,53.59136040043086,0.061432099901139736,16.27813474729434,True,736,0.022348900325596333,0.07036800030618906,14.211004940438064,False,False,False,,10.138195037841797,2.810922145843506,13.534614562988281,4.912393093109131,,,3.99397611618042,True,0.132048566,0.749402418931,0,1.0,1.0,1.4142135381698608,0.132048562169075,0.132048562169075,0.18674486875534058,0.132048562169075,0.132048562169075,0.18674486875534058,0.1320476084947586,0.1295294463634491,0.18497148156166077,0.1320476084947586,0.1295294463634491,0.18497148156166077,0.1320476531982422,0.12952947616577148,0.18497152626514435,False,False,1.4859000220894814,0.9603006765246391,0.0,1.0,1.0,0.0,1.0,1385.944580078125,577.6987915039062,1385.944580078125,577.6987915039062,False,False,0.011192157538308602,-0.6976167369068594,0.11277942679321735,False,,False,timeout
884,1787624620.8607392,53.652703400701284,0.06134300027042627,16.301778452171735,True,737,0.01363110076636076,0.06945989932864904,14.396795988265211,False,False,False,,10.270242691040039,2.9404516220092773,13.54251766204834,5.140170097351074,,,3.942910671234131,True,0.132048566,0.749402418931,0,1.0,1.0,1.4142135381698608,0.132048562169075,0.132048562169075,0.18674486875534058,0.132048562169075,0.132048562169075,0.18674486875534058,0.1320483237504959,0.13141727447509766,0.18629884719848633,0.1320483237504959,0.13141727447509766,0.18629884719848633,0.1320486068725586,0.13141727447509766,0.18629904091358185,False,False,1.7758999019861221,1.1587999761104584,0.0,1.0,1.0,0.0,1.0,1386.7537841796875,601.56982421875,1386.7537841796875,601.56982421875,False,False,0.004146551627123721,-0.7073301762281647,0.11309375163069176,False,,False,timeout
885,1787624620.9212995,53.71426129993051,0.0615578992292285,16.244868855517847,True,738,0.006420799531042576,0.07005420047789812,14.274661521766948,False,False,False,,10.402291297912598,3.071868896484375,13.533348083496094,5.317304611206055,,,3.8529856204986572,True,0.132048566,0.749402418931,0,1.0,0.8834549188613892,1.3343509435653687,0.132048562169075,0.11665894836187363,0.17619912326335907,0.132048562169075,0.11665894836187363,0.17619912326335907,0.1320485770702362,0.12035734206438065,0.1786692887544632,0.1320485770702362,0.12035734206438065,0.1786692887544632,0.1320486068725586,0.12035727500915527,0.1786692589521408,False,False,1.5973001718521118,1.007700338959694,0.0,1.0,1.0,0.0,1.0,1385.8148193359375,620.1334838867188,1385.8148193359375,620.1334838867188,False,False,-0.0019239766261216378,-0.714392221359341,0.11285011938333583,False,,False,timeout
886,1787624620.9847374,53.77569880057126,0.06143750064074993,16.276703797692015,True,739,0.00014190003275871277,0.068771299906075,14.540949514779546,False,False,False,,10.534339904785156,3.1922261714935303,13.536184310913086,5.5249528884887695,,,3.801668643951416,True,0.132048566,0.749402418931,0,1.0,1.0,1.4142135381698608,0.132048562169075,0.132048562169075,0.18674486875534058,0.132048562169075,0.132048562169075,0.18674486875534058,0.1320485770702362,0.12911875545978546,0.18468481302261353,0.1320485770702362,0.12911875545978546,0.18468481302261353,0.1320486068725586,0.1291186809539795,0.18468478322029114,False,False,2.4529006332159042,1.5937993302941322,0.0,1.0,1.0,0.0,1.0,1386.105224609375,641.8950805664062,1386.105224609375,641.8950805664062,False,False,-0.008474569124835758,-0.7230535166884885,0.113056198201214,False,,False,timeout
887,1787624621.045352,53.83728819992393,0.061589399352669716,16.23656035795798,False,,,,,False,False,False,,10.666388511657715,3.3213448524475098,13.532403945922852,5.728028297424316,,,3.7424819469451904,True,0.132048566,0.749402418931,0,1.0,1.0,1.4142135381698608,0.132048562169075,0.132048562169075,0.18674486875534058,0.132048562169075,0.132048562169075,0.18674486875534058,0.1320485770702362,0.13131433725357056,0.18622642755508423,0.1320485770702362,0.13131433725357056,0.18622642755508423,0.1320486068725586,0.13131427764892578,0.18622639775276184,False,False,2.124400809407234,1.2389002367854118,0.0,1.0,1.0,0.0,1.0,1385.71826171875,663.1773681640625,1385.71826171875,663.1773681640625,False,False,-0.015117689270438717,-0.731294484120199,0.11290742519646407,False,,False,timeout
888,1787624621.1101434,53.898937600664794,0.06164940074086189,16.2207578335338,True,740,0.057098399847745895,0.0677218995988369,14.766272150126968,False,False,False,,10.798437118530273,3.4526591300964355,13.535866737365723,5.906826972961426,,,3.67647385597229,True,0.132048566,0.749402418931,0,1.0,1.0,1.4142135381698608,0.132048562169075,0.132048562169075,0.18674486875534058,0.132048562169075,0.132048562169075,0.18674486875534058,0.1320485770702362,0.1318645477294922,0.18661481142044067,0.1320485770702362,0.1318645477294922,0.18661481142044067,0.1320486068725586,0.1318645477294922,0.18661482632160187,False,False,2.9364004731178284,2.250799909234047,0.0,0.5,0.5,0.0,1.0,1386.07275390625,650.4754638671875,1386.07275390625,650.4754638671875,False,False,-0.020677580796248735,-0.7387311129209327,0.11298676529571411,False,,False,timeout
889,1787624621.1711862,53.960513500496745,0.061575899831950665,16.24011996136705,True,741,0.05013730004429817,0.0668186005204916,14.965892613888627,False,False,False,,10.930485725402832,3.5845236778259277,13.534239768981934,6.107502460479736,,,3.6255974769592285,True,0.132048566,0.749402418931,0,1.0,1.0,1.4142135381698608,0.132048562169075,0.132048562169075,0.18674486875534058,0.132048562169075,0.132048562169075,0.18674486875534058,0.1320485770702362,0.13200244307518005,0.18671226501464844,0.1320485770702362,0.13200244307518005,0.18671226501464844,0.1320486068725586,0.1320023536682129,0.18671222031116486,False,False,2.165200188755989,1.5275999903678894,0.0,1.0,1.0,0.0,0.5,1385.9061279296875,702.9462280273438,1385.9061279296875,702.9462280273438,False,False,-0.027114647617060506,-0.7468827001070627,0.11297528866331195,False,,False,timeout
890,1787624621.22339,54.011118000373244,0.050604499876499176,19.761088488978466,True,742,0.03659659996628761,0.06799209956079721,14.707591123963152,False,False,False,,11.06253433227539,3.7165260314941406,13.527884483337402,6.177825450897217,,,3.483668565750122,False,0.132048566,0.749402418931,0,0.7028728723526001,1.0,1.2223052978515625,0.09281335026025772,0.132048562169075,0.16140365600585938,0.09281335026025772,0.132048562169075,0.16140365600585938,0.10264560580253601,0.1320369839668274,0.16724199056625366,0.10264560580253601,0.1320369839668274,0.16724199056625366,0.1026458740234375,0.13203692436218262,0.1672421097755432,False,False,2.7753999456763268,2.0420001819729805,0.0,1.0,1.0,0.0,1.0,1385.25537109375,710.3161010742188,1385.25537109375,710.3161010742188,False,False,-0.02959322006669166,-0.7495572622176391,0.11267552398767977,False,,False,timeout
891,1787624621.2757215,54.068243600428104,0.057125600054860115,17.505286579741096,True,743,0.028856100514531136,0.06415349990129471,15.587614105833353,False,False,False,,11.165180206298828,3.8485629558563232,13.536639213562012,6.363234519958496,,,3.4564998149871826,False,0.132048566,0.749402418931,0,1.0,1.0,1.4142135381698608,0.132048562169075,0.132048562169075,0.18674486875534058,0.132048562169075,0.132048562169075,0.18674486875534058,0.12468031048774719,0.13204564154148102,0.18160735070705414,0.12468031048774719,0.13204564154148102,0.18160735070705414,0.1246805191040039,0.13204574584960938,0.18160758912563324,False,False,1.5641003847122192,0.9837998077273369,0.0,1.0,1.0,0.0,1.0,1386.15185546875,729.7469482421875,1386.15185546875,729.7469482421875,False,False,-0.035108170933992384,-0.7573636553557727,0.11322044872778106,False,,False,timeout
892,1787624621.3374407,54.129336800426245,0.061093199998140335,16.36843380327827,True,744,0.006422500126063824,0.064860500395298,15.417704055710523,False,False,False,,11.289860725402832,3.9806087017059326,13.53284740447998,6.558740615844727,,,3.4172728061676025,False,0.132048566,0.749402418931,0,1.0,1.0,1.4142135381698608,0.132048562169075,0.132048562169075,0.18674486875534058,0.132048562169075,0.132048562169075,0.18674486875534058,0.13020214438438416,0.1320478469133377,0.18544334173202515,0.13020214438438416,0.1320478469133377,0.18544334173202515,0.1302022933959961,0.1320478916168213,0.1854434758424759,False,False,1.7277998849749565,1.3752002269029617,0.0,1.0,1.0,0.0,1.0,1385.7635498046875,750.2359619140625,1385.7635498046875,750.2359619140625,False,False,-0.04141585570375563,-0.7651743123387753,0.11289249219179069,False,,False,timeout
893,1787624621.398647,54.190531900152564,0.06119509972631931,16.341177716390114,True,745,0.0027267998084425926,0.08352619968354702,11.97229137430731,False,False,False,,11.420063018798828,4.112656593322754,13.533613204956055,6.76218318939209,,,3.3892602920532227,False,0.132048566,0.749402418931,0,1.0,1.0,1.4142135381698608,0.132048562169075,0.132048562169075,0.18674486875534058,0.132048562169075,0.132048562169075,0.18674486875534058,0.13158588111400604,0.13204839825630188,0.18641787767410278,0.13158588111400604,0.13204839825630188,0.18641787767410278,0.13158607482910156,0.1320486068725586,0.18641816079616547,False,False,2.1201996132731438,1.1935997754335403,0.0,1.0,1.0,0.0,1.0,1385.8419189453125,771.5567626953125,1385.8419189453125,771.5567626953125,False,False,-0.04777153260415928,-0.7734153803635161,0.113080711127345,False,,False,timeout
894,1787624621.4598198,54.251685100607574,0.06115320045500994,16.35237391599307,False,,,,,False,False,False,,11.55164909362793,4.2447052001953125,13.530274391174316,6.941589832305908,,,3.3448684215545654,False,0.132048566,0.749402418931,0,1.0,1.0,1.4142135381698608,0.132048562169075,0.132048562169075,0.18674486875534058,0.132048562169075,0.132048562169075,0.18674486875534058,0.13193266093730927,0.1320485770702362,0.1866629421710968,0.13193266093730927,0.1320485770702362,0.1866629421710968,0.13193225860595703,0.1320486068725586,0.1866626739501953,False,False,2.0945006981492043,1.41960009932518,0.0,1.0,1.0,0.0,1.0,1385.5001220703125,790.3585815429688,1385.5001220703125,790.3585815429688,False,False,-0.053514360359061264,-0.7805370385668807,0.11296680966514405,False,,False,timeout
895,1787624621.5118802,54.30278250016272,0.051097399555146694,19.570467552282253,True,746,0.04139159992337227,0.06489420030266047,15.409697559043702,False,False,False,,11.683581352233887,4.376753807067871,13.53117561340332,7.122335433959961,,,3.309353828430176,False,0.132048566,0.749402418931,0,1.0,1.0,1.4142135381698608,0.132048562169075,0.132048562169075,0.18674486875534058,0.132048562169075,0.132048562169075,0.18674486875534058,0.13201941549777985,0.1320485770702362,0.18672427535057068,0.13201941549777985,0.1320485770702362,0.18672427535057068,0.13201904296875,0.1320486068725586,0.18672403693199158,False,False,2.2689998149871826,1.4239000156521797,0.0,1.0,1.0,0.0,1.0,1385.5924072265625,809.3007202148438,1385.5924072265625,809.3007202148438,False,False,-0.05911505077880685,-0.7878174494535086,0.11297098319773631,False,,False,timeout
896,1787624621.565993,54.35890100058168,0.05611850041896105,17.819435525439037,True,747,0.02780590020120144,0.07392590027302504,13.527058802216466,False,False,False,,11.815600395202637,4.50880241394043,13.530208587646484,7.299465656280518,,,3.2753140926361084,False,0.132048566,0.749402418931,0,1.0,1.0,1.4142135381698608,0.132048562169075,0.132048562169075,0.18674486875534058,0.132048562169075,0.132048562169075,0.18674486875534058,0.13204115629196167,0.1320485770702362,0.18673963844776154,0.13204115629196167,0.1320485770702362,0.18673963844776154,0.13204097747802734,0.1320486068725586,0.18673953413963318,False,False,1.5339003875851631,1.0307999327778816,0.5,0.5,0.7071067690849304,0.0,1.0,1416.21337890625,796.4240112304688,1416.21337890625,796.4240112304688,False,False,-0.06465849421786063,-0.7948740193140286,0.11292984149766835,False,,False,timeout
897,1787624621.6283314,54.420226600021124,0.06132559943944216,16.306403999971995,True,748,0.016395200043916702,0.06935760006308556,14.418030599248395,False,False,False,,11.947641372680664,4.640851020812988,13.537443161010742,7.497912883758545,,,3.2695982456207275,False,0.132048566,0.749402418931,0,1.0,1.0,1.4142135381698608,0.132048562169075,0.132048562169075,0.18674486875534058,0.132048562169075,0.132048562169075,0.18674486875534058,0.1320466548204422,0.1320485770702362,0.18674352765083313,0.1320466548204422,0.1320485770702362,0.18674352765083313,0.13204669952392578,0.1320486068725586,0.1867435872554779,False,False,1.820799894630909,1.0029999539256096,0.0,0.5,0.5,0.5,0.5,1386.234130859375,817.2213134765625,1386.234130859375,817.2213134765625,False,False,-0.07052543515363681,-0.8030043389134394,0.11307149386370709,False,,False,timeout
898,1787624621.6917531,54.48163060005754,0.06140400003641844,16.28558399138337,False,,,,,False,False,False,,12.07968807220459,4.772899627685547,13.637929916381836,7.568753242492676,,,3.200767993927002,False,0.132048566,0.749402418931,0,1.0,1.0,1.4142135381698608,0.132048562169075,0.132048562169075,0.18674486875534058,0.132048562169075,0.132048562169075,0.18674486875534058,0.1320480853319168,0.1320485770702362,0.1867445409297943,0.1320480853319168,0.1320485770702362,0.1867445409297943,0.1320476531982422,0.1320486068725586,0.18674425780773163,False,False,2.498200163245201,3.063799813389778,0.0,1.0,1.0,0.0,0.5,1396.52392578125,856.0853271484375,1396.52392578125,856.0853271484375,False,False,-0.06881466161685977,-0.8088516065556888,0.11289712173822443,False,,False,timeout
899,1787624621.752027,54.542988300323486,0.061357700265944004,16.297872893959166,True,749,0.06021299958229065,0.0727377999573946,13.74800998360879,False,False,False,,12.211735725402832,4.9049482345581055,13.622812271118164,7.680375576019287,,,3.1135404109954834,False,0.132048566,0.749402418931,0,0.519733190536499,1.0,1.1269971132278442,0.06863001734018326,0.132048562169075,0.14881835877895355,0.06863001734018326,0.132048562169075,0.14881835877895355,0.0845223218202591,0.1320485770702362,0.15678280591964722,0.0845223218202591,0.1320485770702362,0.15678280591964722,0.08452224731445312,0.1320486068725586,0.15678279101848602,False,False,2.578999847173691,1.4005005359649658,-1.0,1.0,1.4142135381698608,0.0,1.0,1333.535888671875,867.7833862304688,1333.535888671875,867.7833862304688,False,False,-0.07285091841642347,-0.8128274660145317,0.11283258853648462,False,,False,timeout
900,1787624621.8164036,54.60421229992062,0.061223999597132206,16.333464108523238,True,750,0.051771399565041065,0.0794454999268055,12.587245355889474,False,False,False,,12.296257972717285,5.036996841430664,13.597672462463379,7.913773536682129,,,3.1574554443359375,False,0.132048566,0.749402418931,0,0.4876408576965332,1.0,1.1125617027282715,0.06439227610826492,0.132048562169075,0.14691217243671417,0.06439227610826492,0.132048562169075,0.14691217243671417,0.06943679600954056,0.1320485770702362,0.14919213950634003,0.06943679600954056,0.1320485770702362,0.14919213950634003,0.06943702697753906,0.1320486068725586,0.14919227361679077,False,False,3.041599877178669,2.0765000954270363,0.0,1.0,1.0,-1.0,1.0,1392.4017333984375,892.2435302734375,1392.4017333984375,892.2435302734375,False,False,-0.08101320508126512,-0.8213089244248262,0.11330762334785721,False,,False,timeout
901,1787624621.8766203,54.665398300625384,0.06118600070476532,16.343607826653024,True,751,0.046796999871730804,0.06916719954460859,14.45771993927644,False,False,False,,12.365694999694824,5.169045448303223,13.38551139831543,8.085676193237305,,,3.089783191680908,False,0.132048566,0.749402418931,0,1.0,1.0,1.4142135381698608,0.132048562169075,0.132048562169075,0.18674486875534058,0.132048562169075,0.132048562169075,0.18674486875534058,0.11635825783014297,0.1320485770702362,0.1760002076625824,0.11635825783014297,0.1320485770702362,0.1760002076625824,0.11635780334472656,0.1320486068725586,0.17599992454051971,False,False,2.927299588918686,2.2252993658185005,-1.0,1.0,1.4142135381698608,0.0,1.0,1309.236328125,910.2589111328125,1309.236328125,910.2589111328125,False,False,-0.09446483978886337,-0.8217088785725671,0.11234507450889611,False,,False,timeout
902,1787624621.9399104,54.72666859999299,0.06127029936760664,16.321121494775916,True,752,0.035009399987757206,0.06616200041025877,15.114416036383094,False,False,False,,12.48205280303955,5.301094055175781,13.409992218017578,8.303701400756836,,,3.1427252292633057,False,0.132048566,0.749402418931,0,0.766778290271759,1.0,1.2601383924484253,0.10125196725130081,0.132048562169075,0.16639946401119232,0.10125196725130081,0.132048562169075,0.16639946401119232,0.10503745079040527,0.1320485770702362,0.16872964799404144,0.10503745079040527,0.1320485770702362,0.16872964799404144,0.10503768920898438,0.1320486068725586,0.16872981190681458,False,False,2.8946995735168457,2.0222002640366554,-1.0,0.5,1.1180340051651,-1.0,1.0,1311.7432861328125,901.66796875,1311.7432861328125,901.66796875,False,False,-0.10017053028686139,-0.8310191386888229,0.11354170642604063,False,,False,timeout
903,1787624621.997035,54.787915100343525,0.061246500350534916,16.327463516717753,True,753,0.026946100406348705,0.07305580005049706,13.688167117583927,False,False,False,,12.587090492248535,5.43314266204834,13.145039558410645,8.490254402160645,,,3.107609748840332,False,0.132048566,0.749402418931,0,1.0,1.0,1.4142135381698608,0.132048562169075,0.132048562169075,0.18674486875534058,0.132048562169075,0.132048562169075,0.18674486875534058,0.12527969479560852,0.1320485770702362,0.18202151358127594,0.12527969479560852,0.1320485770702362,0.18202151358127594,0.12527942657470703,0.1320486068725586,0.1820213496685028,False,False,2.201700583100319,1.5904000028967857,-1.0,0.5,1.1180340051651,-1.0,0.5,1284.6119384765625,921.2186279296875,1284.6119384765625,921.2186279296875,False,False,-0.1159816566919902,-0.8303862731209457,0.11224461858763718,False,,False,timeout
904,1787624622.0565562,54.849525100551546,0.06161000020802021,16.23113125504945,True,754,0.01727319974452257,0.0693129999563098,14.42730801769267,False,False,False,,12.712369918823242,5.565191268920898,12.965951919555664,8.561893463134766,,,3.0074119567871094,False,0.132048566,0.749402418931,0,-1.0,1.0,1.4142135381698608,-0.132048562169075,0.132048562169075,0.18674486875534058,-0.132048562169075,0.132048562169075,0.18674486875534058,-0.06756278872489929,0.1320485770702362,0.1483292132616043,-0.06756278872489929,0.1320485770702362,0.1483292132616043,-0.06756305694580078,0.1320486068725586,0.14832936227321625,False,False,1.7015999183058739,1.1970996856689453,-1.0,0.0,1.0,-1.0,0.5,1266.2734375,897.2864379882812,1266.2734375,897.2864379882812,False,False,-0.12498148412799841,-0.8278311893530572,0.11309089912284603,False,,False,timeout
905,1787624622.119412,54.91134430002421,0.06181919947266579,16.176204294624743,True,755,0.010894499719142914,0.07128349971026182,14.028491924001903,False,False,False,,12.644806861877441,5.697239875793457,12.756145477294922,8.65682601928711,,,2.961679697036743,False,0.132048566,0.749402418931,0,-1.0,1.0,1.4142135381698608,-0.132048562169075,0.132048562169075,0.18674486875534058,-0.132048562169075,0.132048562169075,0.18674486875534058,-0.11588864773511887,0.1320485770702362,0.17569008469581604,-0.11588864773511887,0.1320485770702362,0.17569008469581604,-0.11588859558105469,0.1320486068725586,0.17569006979465485,False,False,2.0692003890872,1.1970000341534615,-1.0,0.0,1.0,-1.0,0.0,1244.789306640625,907.2353515625,1244.789306640625,907.2353515625,False,False,-0.13582294108974113,-0.8252768840612172,0.11285650245865111,False,,False,timeout
906,1787624622.1828885,54.9727795002982,0.06143520027399063,16.27731325917664,True,756,0.0058365995064377785,0.06819470040500164,14.663896080796572,False,False,False,,12.528918266296387,5.829288482666016,12.549100875854492,8.633624076843262,,,2.804408311843872,False,0.132048566,0.749402418931,0,-1.0,1.0,1.4142135381698608,-0.132048562169075,0.132048562169075,0.18674486875534058,-0.132048562169075,0.132048562169075,0.18674486875534058,-0.12799890339374542,0.1320485770702362,0.18390363454818726,-0.12799890339374542,0.1320485770702362,0.18390363454818726,-0.12799930572509766,0.1320486068725586,0.18390393257141113,False,False,2.0364997908473015,1.8239999189972878,-1.0,0.0,1.0,-1.0,0.0,1223.587890625,904.8038330078125,1223.587890625,904.8038330078125,False,False,-0.1429979418532351,-0.8181982497761491,0.11294977910219993,False,,False,timeout
907,1787624622.245416,55.03419400006533,0.06141449976712465,16.282799726316465,True,757,0.0012059994041919708,0.06650280021131039,15.0369608019893,False,False,False,,12.400918960571289,5.961337089538574,12.366068840026855,8.634121894836426,,,2.6730120182037354,False,0.132048566,0.749402418931,0,-0.16584205627441406,0.8241413831710815,0.8406620025634766,-0.021899204701185226,0.10882668197154999,0.11100820451974869,-0.021899204701185226,0.10882668197154999,0.11100820451974869,-0.04848763346672058,0.11464603990316391,0.12447796761989594,-0.04848763346672058,0.11464603990316391,0.12447796761989594,-0.04848766326904297,0.11464595794677734,0.12447790801525116,False,False,2.930699847638607,1.818799413740635,-1.0,0.0,1.0,-1.0,0.0,1204.845458984375,904.85595703125,1204.845458984375,904.85595703125,False,False,-0.14995848559298713,-0.8127707086036484,0.11301607412282681,False,,False,timeout
908,1787624622.305386,55.0961803002283,0.06198630016297102,16.132596999189406,False,,,,,False,False,False,,12.352431297302246,6.075983047485352,12.153160095214844,8.634174346923828,,,2.5659406185150146,False,0.132048566,0.749402418931,0,-1.0,1.0,1.4142135381698608,-0.132048562169075,0.132048562169075,0.18674486875534058,-0.132048562169075,0.132048562169075,0.18674486875534058,-0.11110839992761612,0.1276875138282776,0.1692606806755066,-0.11110839992761612,0.1276875138282776,0.1692606806755066,-0.11110877990722656,0.1276874542236328,0.1692608892917633,False,False,2.0650001242756844,3.3476995304226875,-1.0,0.0,1.0,-1.0,0.0,1183.04345703125,904.8614501953125,1183.04345703125,904.8614501953125,False,False,-0.15802587551479758,-0.8064472622375994,0.11293554416493373,False,,False,timeout
909,1787624622.3668766,55.15777870081365,0.061598400585353374,16.23418774671523,True,758,0.05876230075955391,0.06603919994086027,15.142521425085777,False,False,False,,12.24132251739502,6.203670501708984,11.946636199951172,8.632296562194824,,,2.446439266204834,False,0.132048566,0.749402418931,0,-0.631655216217041,1.0,1.182788372039795,-0.08340916037559509,0.132048562169075,0.15618550777435303,-0.08340916037559509,0.132048562169075,0.15618550777435303,-0.09035061299800873,0.13095566630363464,0.15909940004348755,-0.09035061299800873,0.13095566630363464,0.15909940004348755,-0.09035015106201172,0.13095569610595703,0.15909916162490845,False,False,2.090299502015114,1.4768000692129135,-1.0,0.0,1.0,-1.0,0.0,1161.8956298828125,904.6646728515625,1161.8956298828125,904.6646728515625,False,False,-0.1657803346160702,-0.8002488363925502,0.11300904960596786,False,,False,timeout
910,1787624622.4201596,55.208898100070655,0.05111939925700426,19.56204522225449,True,759,0.04050179943442345,0.0663990993052721,15.060445253970483,False,False,False,,12.150972366333008,6.334626197814941,11.791961669921875,8.629372596740723,,,2.322659969329834,False,0.132048566,0.749402418931,0,-1.0,1.0,1.4142135381698608,-0.132048562169075,0.132048562169075,0.18674486875534058,-0.132048562169075,0.132048562169075,0.18674486875534058,-0.12159903347492218,0.1317746937274933,0.17930670082569122,-0.12159903347492218,0.1317746937274933,0.17930670082569122,-0.12159919738769531,0.13177490234375,0.1793069690465927,False,False,3.0100997537374496,2.031099982559681,-1.0,0.0,1.0,-1.0,0.0,1146.0567626953125,904.3582153320312,1146.0567626953125,904.3582153320312,False,False,-0.17153447178392212,-0.7955540822399492,0.11299869145553607,False,,False,timeout
911,1787624622.4752378,55.26511909998953,0.05622099991887808,17.786947963268375,True,760,0.026556899771094322,0.06900360062718391,14.49199738725012,False,False,False,,12.029373168945312,6.466401100158691,11.605608940124512,8.628764152526855,,,2.2034950256347656,False,0.132048566,0.749402418931,0,-1.0,1.0,1.4142135381698608,-0.132048562169075,0.132048562169075,0.18674486875534058,-0.132048562169075,0.132048562169075,0.18674486875534058,-0.12942996621131897,0.13197997212409973,0.18485353887081146,-0.12942996621131897,0.13197997212409973,0.18485353887081146,-0.12942981719970703,0.13197994232177734,0.1848534196615219,False,False,2.0454004406929016,1.7776992172002792,-1.0,0.0,1.0,-1.0,0.0,1126.974365234375,904.2945556640625,1126.974365234375,904.2945556640625,False,False,-0.17854323187873708,-0.7900200077888965,0.1128543573074001,False,,False,timeout
912,1787624622.536625,55.326496300287545,0.0613772002980113,16.292694928158873,True,761,0.017832599580287933,0.07016299944370985,14.25252637328136,False,False,False,,11.899943351745605,6.598381042480469,11.398221969604492,8.629250526428223,,,2.091926097869873,False,0.132048566,0.749402418931,0,-1.0,1.0,1.4142135381698608,-0.132048562169075,0.132048562169075,0.18674486875534058,-0.132048562169075,0.132048562169075,0.18674486875534058,-0.13139230012893677,0.1320313662290573,0.18626920878887177,-0.13139230012893677,0.1320313662290573,0.18626920878887177,-0.1313924789428711,0.13203144073486328,0.18626940250396729,False,False,1.9550994038581848,1.7876001074910164,-1.0,0.0,1.0,-1.0,0.0,1105.7379150390625,904.3453979492188,1105.7379150390625,904.3453979492188,False,False,-0.18636430312296437,-0.7839169920085493,0.11295735744547498,False,,False,timeout
913,1787624622.5986447,55.388100700452924,0.06160440016537905,16.232606718277705,True,762,0.006612000055611134,0.07010520063340664,14.264276986085372,False,False,False,,11.768550872802734,6.730412483215332,11.191793441772461,8.627254486083984,,,1.9825888872146606,False,0.132048566,0.749402418931,0,-1.0,1.0,1.4142135381698608,-0.132048562169075,0.132048562169075,0.18674486875534058,-0.132048562169075,0.132048562169075,0.18674486875534058,-0.1318841427564621,0.13204427063465118,0.1866256147623062,-0.1318841427564621,0.13204427063465118,0.1866256147623062,-0.13188457489013672,0.13204431533813477,0.18662594258785248,False,False,2.6027997955679893,1.7646998167037964,-1.0,0.0,1.0,-1.0,0.0,1084.599609375,904.13623046875,1084.599609375,904.13623046875,False,False,-0.19406297682068846,-0.7777555999897444,0.11288588072512903,False,,False,timeout
914,1787624622.6589878,55.44985160045326,0.061750900000333786,16.194095956408646,False,,,,,False,False,False,,11.636666297912598,6.862456798553467,11.005127906799316,8.62704849243164,,,1.8741997480392456,False,0.132048566,0.749402418931,0,-1.0,1.0,1.4142135381698608,-0.132048562169075,0.132048562169075,0.18674486875534058,-0.132048562169075,0.132048562169075,0.18674486875534058,-0.13200746476650238,0.13204748928546906,0.1867150515317917,-0.13200746476650238,0.13204748928546906,0.1867150515317917,-0.13200759887695312,0.1320476531982422,0.1867152601480484,False,False,2.2366996854543686,3.0313003808259964,-1.0,0.5,1.1180340051651,-1.0,0.0,1065.4849853515625,935.5546875,1065.4849853515625,935.5546875,False,False,-0.20105989871287097,-0.7722559712855774,0.11290580209340875,False,,False,timeout
915,1787624622.722262,55.51113000046462,0.061278400011360645,16.318963938591835,True,763,0.05998480040580034,0.07291749957948923,13.714129060471615,False,False,False,,11.504658699035645,6.994504451751709,10.791190147399902,8.638561248779297,,,1.7921942472457886,False,0.132048566,0.749402418931,0,-1.0,0.8453223705291748,1.3094158172607422,-0.132048562169075,0.1116236001253128,0.17290647327899933,-0.132048562169075,0.1116236001253128,0.17290647327899933,-0.13203829526901245,0.11674180626869202,0.1762463003396988,-0.13203829526901245,0.11674180626869202,0.1762463003396988,-0.13203811645507812,0.11674165725708008,0.17624607682228088,False,False,2.600499428808689,1.989300362765789,-1.0,0.5,1.1180340051651,-1.0,0.5,1043.577880859375,936.76123046875,1043.577880859375,936.76123046875,False,False,-0.20940711326357492,-0.7664248041097403,0.11289259739618863,False,,False,timeout
916,1787624622.784838,55.5725907003507,0.0614606998860836,16.27055991639346,True,764,0.051834999583661556,0.06996980030089617,14.291880149716421,False,False,False,,11.372620582580566,7.111246109008789,10.59195613861084,8.764169692993164,,,1.8280025720596313,False,0.132048566,0.749402418931,0,-0.9012846946716309,1.0,1.346222162246704,-0.11901334673166275,0.132048562169075,0.17776669561862946,-0.11901334673166275,0.132048562169075,0.17776669561862946,-0.12227731943130493,0.12821269035339355,0.17717289924621582,-0.12227731943130493,0.12821269035339355,0.17717289924621582,-0.12227725982666016,0.12821292877197266,0.17717303335666656,False,False,2.590000629425049,2.191999927163124,-1.0,0.0,1.0,-1.0,0.5,1023.1763305664062,918.4849853515625,1023.1763305664062,918.4849853515625,False,False,-0.22049129337504206,-0.7655123545350925,0.11306243263987811,False,,False,timeout
917,1787624622.8300846,55.62301790062338,0.05042720027267933,19.830567522936317,True,765,0.034824700094759464,0.06920660007745028,14.449488905406177,False,False,False,,11.250343322753906,7.239459037780762,10.430891990661621,8.836629867553711,,,1.7951197624206543,False,0.132048566,0.749402418931,0,-1.0,1.0,1.4142135381698608,-0.132048562169075,0.132048562169075,0.18674486875534058,-0.132048562169075,0.132048562169075,0.18674486875534058,-0.1295998990535736,0.13108736276626587,0.18433673679828644,-0.1295998990535736,0.13108736276626587,0.18433673679828644,-0.12959957122802734,0.1310873031616211,0.18433645367622375,False,False,1.6764001920819283,0.9583998471498489,-1.0,0.0,1.0,-1.0,0.0,1006.683349609375,926.0787963867188,1006.683349609375,926.0787963867188,False,False,-0.2285831171418248,-0.763638641396552,0.11295277473258297,False,,False,timeout
918,1787624622.8885987,55.68051310069859,0.05749520007520914,17.392756242119443,True,766,0.012855100445449352,0.06743379961699247,14.82935865515151,False,False,False,,11.120743751525879,7.370546340942383,10.243038177490234,8.830432891845703,,,1.7034188508987427,False,0.132048566,0.749402418931,0,-1.0,1.0,1.4142135381698608,-0.132048562169075,0.132048562169075,0.18674486875534058,-0.132048562169075,0.132048562169075,0.18674486875534058,-0.1314348429441452,0.13180766999721527,0.1861407607793808,-0.1314348429441452,0.13180766999721527,0.1861407607793808,-0.13143444061279297,0.13180780410766602,0.18614056706428528,False,False,1.6391007229685783,1.0259002447128296,-1.0,0.0,1.0,-1.0,0.0,987.4470825195312,925.4293823242188,987.4470825195312,925.4293823242188,False,False,-0.23539005863124368,-0.7579080435166732,0.11288514776585737,False,,False,timeout
919,1787624622.949269,55.742182300426066,0.06166919972747564,16.21555013554793,True,767,0.0038446998223662376,0.07947069965302944,12.583254008911695,False,False,False,,10.989309310913086,7.502354145050049,10.037557601928711,8.82358169555664,,,1.628334641456604,False,0.132048566,0.749402418931,0,-1.0,0.5740340352058411,1.1530460119247437,-0.132048562169075,0.07580036669969559,0.15225806832313538,-0.132048562169075,0.07580036669969559,0.15225806832313538,-0.13189466297626495,0.08983568847179413,0.15958274900913239,-0.13189466297626495,0.08983568847179413,0.15958274900913239,-0.1318950653076172,0.08983564376831055,0.15958306193351746,False,False,1.5033995732665062,1.3643000274896622,-1.0,0.0,1.0,-1.0,0.0,966.4058837890625,924.7113037109375,966.4058837890625,924.7113037109375,False,False,-0.24282209744661531,-0.7516466461447002,0.11298465278014776,False,,False,timeout
920,1787624623.012053,55.80395650025457,0.061774199828505516,16.18798791042459,False,,,,,False,False,False,,10.857414245605469,7.592189788818359,9.85626220703125,8.827268600463867,,,1.5898821353912354,False,0.132048566,0.749402418931,0,-1.0,-0.23240506649017334,1.0266509056091309,-0.132048562169075,-0.030688755214214325,0.1355677843093872,-0.132048562169075,-0.030688755214214325,0.1355677843093872,-0.1320100873708725,-0.0004856325685977936,0.13201098144054413,-0.1320100873708725,-0.0004856288433074951,0.13201098144054413,-0.13201045989990234,-0.00048542022705078125,0.13201135396957397,False,False,2.5995001196861267,2.242099493741989,-1.0,0.0,1.0,-1.0,0.0,947.8411865234375,925.0977783203125,947.8411865234375,925.0977783203125,False,False,-0.2496474887399262,-0.746512212023096,0.11297883948847787,False,,False,timeout
921,1787624623.0764554,55.86524530034512,0.061288800090551376,16.316194778206558,True,768,0.05808920040726662,0.07068050000816584,14.148173822829046,False,False,False,,10.725403785705566,7.591704368591309,9.643672943115234,8.8234281539917,,,1.6392940282821655,False,0.132048566,0.749402418931,0,-1.0,1.0,1.4142135381698608,-0.132048562169075,0.132048562169075,0.18674486875534058,-0.132048562169075,0.132048562169075,0.18674486875534058,-0.13203901052474976,0.09883586317300797,0.16493280231952667,-0.13203901052474976,0.09883586317300797,0.16493280231952667,-0.13203907012939453,0.09883594512939453,0.16493289172649384,False,False,2.827799879014492,2.029299736022949,-1.0,0.0,1.0,-1.0,0.0,926.0720825195312,924.6953125,926.0720825195312,924.6953125,False,False,-0.25740482807575776,-0.7401816206314558,0.11290548224614402,False,,False,timeout
922,1787624623.125408,55.91630870010704,0.05106339976191521,19.58349825241823,True,769,0.03853269945830107,0.06916199997067451,14.458806865388675,False,False,False,,10.593364715576172,7.690540313720703,9.465856552124023,8.823890686035156,,,1.598673701286316,False,0.132048566,0.749402418931,0,-1.0,1.0,1.4142135381698608,-0.132048562169075,0.132048562169075,0.18674486875534058,-0.132048562169075,0.132048562169075,0.18674486875534058,-0.132046177983284,0.12372555583715439,0.18095360696315765,-0.132046177983284,0.12372555583715439,0.18095360696315765,-0.13204574584960938,0.12372541427612305,0.18095318973064423,False,False,1.8108999356627464,1.3376995921134949,-1.0,0.0,1.0,-1.0,0.0,907.8636474609375,924.7437744140625,907.8636474609375,924.7437744140625,False,False,-0.2639873787783859,-0.7350391117400421,0.11296243375400013,False,,False,timeout
923,1787624623.179642,55.972542700357735,0.056234000250697136,17.782835927408577,True,770,0.024446499533951283,0.07026690058410168,14.231451674791192,False,False,False,,10.461318969726562,7.814265727996826,9.287354469299316,8.822623252868652,,,1.5475715398788452,False,0.132048566,0.749402418931,0,-1.0,0.07041800022125244,1.0024763345718384,-0.132048562169075,0.00929859559983015,0.1323755532503128,-0.132048562169075,0.00929859559983015,0.1323755532503128,-0.1320478469133377,0.03797367587685585,0.13739953935146332,-0.1320478469133377,0.03797367215156555,0.13739953935146332,-0.1320476531982422,0.037973880767822266,0.13739940524101257,False,False,1.4993995428085327,1.0366002097725868,-1.0,0.0,1.0,-1.0,0.0,889.5850219726562,924.6109619140625,889.5850219726562,924.6109619140625,False,False,-0.2705364339425475,-0.7298165184054474,0.11294426403823095,False,,False,timeout
924,1787624623.2410264,56.033983000554144,0.061440300196409225,16.275962142164847,True,771,0.01484679989516735,0.07032800000160933,14.219087703007578,False,False,False,,10.32927131652832,7.852239608764648,9.09802532196045,8.821327209472656,,,1.5668751001358032,False,0.132048566,0.749402418931,0,-1.0,1.0,1.4142135381698608,-0.132048562169075,0.132048562169075,0.18674486875534058,-0.132048562169075,0.132048562169075,0.18674486875534058,-0.1320483237504959,0.10847367346286774,0.1708897203207016,-0.1320483237504959,0.10847367346286774,0.1708897203207016,-0.1320486068725586,0.1084737777709961,0.17089000344276428,False,False,1.612599939107895,0.9760996326804161,-1.0,0.0,1.0,-1.0,0.0,870.1978149414062,924.47509765625,870.1978149414062,924.47509765625,False,False,-0.2774735224965284,-0.7242874237324187,0.11297488630515931,False,,False,timeout
925,1787624623.305571,56.09542360063642,0.06144060008227825,16.275882700703587,True,772,0.00747309997677803,0.07105010002851486,14.074575540339358,False,False,False,,10.197222709655762,7.9607133865356445,8.884982109069824,8.819912910461426,,,1.5685023069381714,False,0.132048566,0.749402418931,0,-1.0,1.0,1.4142135381698608,-0.132048562169075,0.132048562169075,0.18674486875534058,-0.132048562169075,0.132048562169075,0.18674486875534058,-0.1320485770702362,0.1261407732963562,0.1826152354478836,-0.1320485770702362,0.1261407732963562,0.1826152354478836,-0.1320486068725586,0.12614059448242188,0.18261513113975525,False,False,2.3621004074811935,1.7331000417470932,-1.0,-0.5,1.1180340051651,-1.0,0.0,848.3821411132812,892.8868408203125,848.3821411132812,892.8868408203125,False,False,-0.2852677372221998,-0.7180778852688279,0.1129380488632846,False,,False,timeout
926,1787624623.3670344,56.15689720027149,0.0614735996350646,16.267145668001504,False,,,,,False,False,False,,10.065174102783203,8.086853981018066,8.68234634399414,8.806882858276367,,,1.5590554475784302,False,0.132048566,0.749402418931,0,-1.0,-0.26733845472335815,1.0351183414459229,-0.132048562169075,-0.035301659256219864,0.13668587803840637,-0.132048562169075,-0.035301659256219864,0.13668587803840637,-0.1320485770702362,0.005155377089977264,0.13214917480945587,-0.1320485770702362,0.005155377089977264,0.13214917480945587,-0.1320486068725586,0.0051555633544921875,0.13214920461177826,False,False,2.675499767065048,2.616000361740589,-1.0,0.0,1.0,-1.0,-0.5,827.6322021484375,922.9613037109375,827.6322021484375,922.9613037109375,False,False,-0.29234059515157057,-0.7117222885382662,0.11304425995773515,False,,False,timeout
927,1787624623.4269826,56.21780849993229,0.06091129966080189,16.417315105222222,True,773,0.0561752999201417,0.06880120001733303,14.534630206276502,False,False,False,,9.933125495910645,8.092009544372559,8.495118141174316,8.696606636047363,,,1.559936761856079,False,0.132048566,0.749402418931,0,-1.0,1.0,1.4142135381698608,-0.132048562169075,0.132048562169075,0.18674486875534058,-0.132048562169075,0.132048562169075,0.18674486875534058,-0.1320485770702362,0.10024948418140411,0.16579139232635498,-0.1320485770702362,0.10024948418140411,0.16579139232635498,-0.1320486068725586,0.1002492904663086,0.16579130291938782,False,False,2.341900020837784,1.663699746131897,-1.0,0.0,1.0,-1.0,0.0,808.4600830078125,911.4044189453125,808.4600830078125,911.4044189453125,False,False,-0.2961144423472959,-0.7019894797737511,0.11271546826533534,False,,False,timeout
928,1787624623.4769232,56.26778580062091,0.04997730068862438,20.009083848492356,True,774,0.035070400685071945,0.07411049958318472,13.493364713829223,False,False,False,,9.801076889038086,8.192258834838867,8.314974784851074,8.710193634033203,,,1.5737712383270264,False,0.132048566,0.749402418931,0,-1.0,-1.0,1.4142135381698608,-0.132048562169075,-0.132048562169075,0.18674486875534058,-0.132048562169075,-0.132048562169075,0.18674486875534058,-0.1320485770702362,-0.07383528351783752,0.15128937363624573,-0.1320485770702362,-0.07383528351783752,0.15128937363624573,-0.1320486068725586,-0.07383537292480469,0.1512894481420517,False,False,1.9172001630067825,1.4987001195549965,-1.0,0.0,1.0,-1.0,0.0,790.013427734375,912.8283081054688,790.013427734375,912.8283081054688,False,False,-0.30309574386989163,-0.6973452226307013,0.11314071951174481,False,,False,timeout
929,1787624623.5326474,56.32456590048969,0.056780099868774414,17.611804176306826,True,775,0.017341299913823605,0.0706505998969078,14.154161485665847,False,False,False,,9.669028282165527,8.118423461914062,8.131063461303711,8.719118118286133,,,1.6511117219924927,False,0.132048566,0.749402418931,0,-1.0,0.2619363069534302,1.033736228942871,-0.132048562169075,0.03458831086754799,0.13650338351726532,-0.132048562169075,0.03458831086754799,0.13650338351726532,-0.1320485770702362,0.007417596876621246,0.13225674629211426,-0.1320485770702362,0.007417596876621246,0.13225674629211426,-0.1320486068725586,0.0074176788330078125,0.13225677609443665,False,False,1.9450001418590546,1.1855997145175934,-1.0,0.0,1.0,-1.0,0.0,771.180908203125,913.7635498046875,771.180908203125,913.7635498046875,False,False,-0.31007273539375235,-0.6924170494937136,0.11286704125482727,False,,False,timeout
930,1787624623.595709,56.38662570063025,0.06205980014055967,16.11349050005145,True,776,0.00433959998190403,0.07451150007545948,13.4207471194014,False,False,False,,9.536979675292969,8.12584114074707,7.9452714920043945,8.713229179382324,,,1.6966317892074585,False,0.132048566,0.749402418931,0,-1.0,0.9379326701164246,1.371027946472168,-0.132048562169075,0.12385266274213791,0.18104226887226105,-0.132048562169075,0.12385266274213791,0.18104226887226105,-0.1320485770702362,0.09467433393001556,0.1624809354543686,-0.1320485770702362,0.09467433393001556,0.1624809354543686,-0.1320486068725586,0.09467411041259766,0.16248083114624023,False,False,2.0847003906965256,1.7601996660232544,-1.0,0.0,1.0,-1.0,0.0,752.1558227539062,913.1463623046875,752.1558227539062,913.1463623046875,False,False,-0.3166949702393696,-0.68685898783904,0.11307462107478894,False,,False,timeout
931,1787624623.6561003,56.44801010005176,0.06138439942151308,16.29078413121258,False,,,,,False,False,False,,9.40493106842041,8.220515251159668,7.73557710647583,8.71045207977295,,,1.7397645711898804,False,0.132048566,0.749402418931,0,-1.0,1.0,1.4142135381698608,-0.132048562169075,0.132048562169075,0.18674486875534058,-0.132048562169075,0.132048562169075,0.18674486875534058,-0.1320485770702362,0.1226826086640358,0.1802438497543335,-0.1320485770702362,0.1226826086640358,0.1802438497543335,-0.1320486068725586,0.12268257141113281,0.1802438497543335,False,False,2.313300035893917,1.901799812912941,-1.0,0.0,1.0,-1.0,0.0,730.6830444335938,912.8553466796875,730.6830444335938,912.8553466796875,False,False,-0.32426480425283644,-0.6807483432284436,0.11283426720023318,False,,False,timeout
932,1787624623.7215633,56.50924210064113,0.06123200058937073,16.33132986632467,True,777,0.0526338005438447,0.07506250031292439,13.322231418233457,False,False,False,,9.272882461547852,8.3431978225708,7.530507564544678,8.713446617126465,,,1.7812789678573608,False,0.132048566,0.749402418931,0,-1.0,1.0,1.4142135381698608,-0.132048562169075,0.132048562169075,0.18674486875534058,-0.132048562169075,0.132048562169075,0.18674486875534058,-0.1320485770702362,0.12970146536827087,0.18509267270565033,-0.1320485770702362,0.12970146536827087,0.18509267270565033,-0.1320486068725586,0.1297016143798828,0.18509279191493988,False,False,2.8957994654774666,2.035900019109249,-1.0,-1.0,1.4142135381698608,-1.0,0.0,709.6839599609375,850.2891845703125,709.6839599609375,850.2891845703125,False,False,-0.33181293609526036,-0.675007938653859,0.11294490126746165,False,,False,timeout
933,1787624623.7817676,56.570538400672376,0.061296300031244755,16.314198401702335,True,778,0.03779380023479462,0.07474459987133741,13.378892946398308,False,False,False,,9.140833854675293,8.472899436950684,7.346560001373291,8.698332786560059,,,1.808380126953125,False,0.132048566,0.749402418931,0,-1.0,0.3125462830066681,1.0477046966552734,-0.132048562169075,0.04127128794789314,0.13834790885448456,-0.132048562169075,0.04127128794789314,0.13834790885448456,-0.1320485770702362,0.06343171000480652,0.14649371802806854,-0.1320485770702362,0.06343171000480652,0.14649371802806854,-0.1320486068725586,0.0634317398071289,0.14649374783039093,False,False,3.092699684202671,2.0562997087836266,-1.0,-1.0,1.4142135381698608,-1.0,-1.0,690.8477783203125,848.7052612304688,690.8477783203125,848.7052612304688,False,False,-0.33808209693069713,-0.6691642715903601,0.11306013767535619,False,,False,timeout
934,1787624623.841472,56.63234160002321,0.06180319935083389,16.18039212376968,True,779,0.02915789932012558,0.07571789994835854,13.206916735435406,False,False,False,,9.008785247802734,8.536331176757812,7.129369735717773,8.447832107543945,,,1.8814979791641235,False,0.132048566,0.749402418931,0,-1.0,0.18265074491500854,1.0165438652038574,-0.132048562169075,0.02411876805126667,0.13423314690589905,-0.132048562169075,0.02411876805126667,0.13423314690589905,-0.1320485770702362,0.03397050499916077,0.136348158121109,-0.1320485770702362,0.03397050499916077,0.136348158121109,-0.1320486068725586,0.03397083282470703,0.13634827733039856,False,False,2.6313001289963722,1.2553995475172997,-1.0,-1.0,1.4142135381698608,-1.0,-1.0,668.6074829101562,822.4528198242188,668.6074829101562,822.4528198242188,False,False,-0.33907187854771415,-0.6530580847725269,0.11260526846378943,False,,False,timeout
935,1787624623.9018862,56.69378420058638,0.061442600563168526,16.275352781852227,True,780,0.01954529993236065,0.07043130043894053,14.198232799448828,False,False,False,,8.876736640930176,8.57030200958252,6.925870895385742,8.24886417388916,,,1.9771695137023926,False,0.132048566,0.749402418931,0,-1.0,-0.17962731420993805,1.0160049200057983,-0.132048562169075,-0.023719528689980507,0.13416197896003723,-0.132048562169075,-0.023719528689980507,0.13416197896003723,-0.1320485770702362,-0.009262464009225368,0.13237303495407104,-0.1320485770702362,-0.009262464940547943,0.13237303495407104,-0.1320486068725586,-0.0092620849609375,0.13237303495407104,False,False,1.7115995287895203,1.1628000065684319,-1.0,-1.0,1.4142135381698608,-1.0,-1.0,647.7692260742188,801.6009521484375,647.7692260742188,801.6009521484375,False,False,-0.340987443944977,-0.6393558585621057,0.11310048410398757,False,,False,timeout
936,1787624623.9631364,56.75505350064486,0.06126930005848408,16.32138769408919,False,,,,,False,False,False,,8.744688034057617,8.561039924621582,6.7389397621154785,8.067388534545898,,,2.065603494644165,False,0.132048566,0.749402418931,0,-1.0,-0.4716404676437378,1.1056421995162964,-0.132048562169075,-0.06227944418787956,0.14599846303462982,-0.132048562169075,-0.06227944418787956,0.14599846303462982,-0.1320485770702362,-0.04899342358112335,0.14084453880786896,-0.1320485770702362,-0.04899342358112335,0.14084453880786896,-0.1320486068725586,-0.04899311065673828,0.1408444494009018,False,False,2.6954002678394318,1.7712004482746124,-1.0,-1.0,1.4142135381698608,-1.0,-1.0,628.6275024414062,782.5823364257812,628.6275024414062,782.5823364257812,False,False,-0.3427856029962418,-0.626800496394962,0.11275860187958901,False,,False,timeout
937,1787624624.0277073,56.816539000719786,0.06148550007492304,16.26399718277402,True,781,0.058927000500261784,0.07106379978358746,14.071862228663926,False,False,False,,8.612639427185059,8.512046813964844,6.525513172149658,7.85765266418457,,,2.1873104572296143,False,0.132048566,0.749402418931,0,-1.0,0.6134123802185059,1.1731473207473755,-0.132048562169075,0.08100022375583649,0.15491242706775665,-0.132048562169075,0.08100022375583649,0.15491242706775665,-0.1320485770702362,0.04842420667409897,0.1406475454568863,-0.1320485770702362,0.04842420667409897,0.1406475454568863,-0.1320486068725586,0.04842376708984375,0.14064741134643555,False,False,2.663200721144676,1.9624996930360794,-1.0,-1.0,1.4142135381698608,-1.0,-1.0,606.7725219726562,760.6019897460938,606.7725219726562,760.6019897460938,False,False,-0.3447719608627742,-0.612340169591416,0.11292082882327054,False,,False,timeout
938,1787624624.0906267,56.87787760049105,0.061338599771261215,16.302947959834697,True,782,0.051072100177407265,0.08374330028891563,11.941253766569805,False,False,False,,8.4805908203125,8.560470581054688,6.320739269256592,7.653074264526367,,,2.3427178859710693,False,0.132048566,0.749402418931,0,-1.0,-0.2875780463218689,1.0405292510986328,-0.132048562169075,-0.037974268198013306,0.13740038871765137,-0.132048562169075,-0.037974268198013306,0.13740038871765137,-0.1320485770702362,-0.016323130577802658,0.13305363059043884,-0.1320485770702362,-0.016323134303092957,0.13305363059043884,-0.1320486068725586,-0.016323089599609375,0.13305366039276123,False,False,2.718900330364704,2.0155999809503555,-1.0,-1.0,1.4142135381698608,-1.0,-1.0,585.8037109375,739.1622314453125,585.8037109375,739.1622314453125,False,False,-0.34658879736423653,-0.5983068877283596,0.11289436568414712,False,,False,timeout
939,1787624624.1508932,56.93968320079148,0.06180560030043125,16.17976356736434,True,783,0.041932000778615475,0.06881399918347597,14.531926815265315,False,False,False,,8.348542213439941,8.544147491455078,6.108055114746094,7.444922924041748,,,2.4956114292144775,False,0.132048566,0.749402418931,0,-1.0,-0.2822548747062683,1.0390706062316895,-0.132048562169075,-0.037271350622177124,0.1372077912092209,-0.132048562169075,-0.037271350622177124,0.1372077912092209,-0.1320485770702362,-0.032021764665842056,0.13587574660778046,-0.1320485770702362,-0.032021764665842056,0.13587574660778046,-0.1320486068725586,-0.032021522521972656,0.13587573170661926,False,False,2.692699432373047,2.0163999870419502,-1.0,-1.0,1.4142135381698608,-1.0,-1.0,564.0248413085938,717.3479614257812,564.0248413085938,717.3479614257812,False,False,-0.3485987741977091,-0.5838802958653994,0.11284127013896728,False,,False,timeout
940,1787624624.2111197,57.00100379996002,0.06132059916853905,16.307733674478786,True,784,0.03503809962421656,0.07094520051032305,14.095386196765949,False,False,False,,8.216493606567383,8.512125968933105,5.919161319732666,7.261819362640381,,,2.6155309677124023,False,0.132048566,0.749402418931,0,-1.0,0.44976067543029785,1.0964874029159546,-0.132048562169075,0.05939025059342384,0.14478959143161774,-0.132048562169075,0.05939025059342384,0.14478959143161774,-0.1320485770702362,0.036482684314250946,0.13699567317962646,-0.1320485770702362,0.036482684314250946,0.13699567317962646,-0.1320486068725586,0.036482810974121094,0.13699573278427124,False,False,2.079400233924389,1.77760049700737,-1.0,-1.0,1.4142135381698608,-1.0,-1.0,544.68212890625,698.15869140625,544.68212890625,698.15869140625,False,False,-0.3504356506672574,-0.5711175677222059,0.11290569584179204,False,,False,timeout
941,1787624624.2726078,57.06248090043664,0.06147710047662258,16.266219327963626,True,785,0.01588829979300499,0.06821649987250566,14.659210042569851,False,False,False,,8.084444999694824,8.548608779907227,5.707444667816162,7.04986572265625,,,2.810046434402466,False,0.132048566,0.749402418931,0,-1.0,-0.741308867931366,1.2448047399520874,-0.132048562169075,-0.0978887677192688,0.1643746793270111,-0.132048562169075,-0.0978887677192688,0.1643746793270111,-0.1320485770702362,-0.06421557813882828,0.1468348354101181,-0.1320485770702362,-0.06421557813882828,0.1468348354101181,-0.1320486068725586,-0.06421566009521484,0.14683489501476288,False,False,2.2502997890114784,1.7152996733784676,-1.0,-1.0,1.4142135381698608,-1.0,-1.0,523.0023193359375,675.9459228515625,523.0023193359375,675.9459228515625,False,False,-0.35231200920166766,-0.5565152276582519,0.11292697046549457,False,,False,timeout
942,1787624624.331064,57.124038400128484,0.061557499691843987,16.24497429242556,False,,,,,False,False,False,,7.952396392822266,8.484393119812012,5.525981426239014,6.871102809906006,,,2.9137940406799316,False,0.132048566,0.749402418931,0,-1.0,-0.7387297749519348,1.2432706356048584,-0.132048562169075,-0.09754820168018341,0.16417208313941956,-0.132048562169075,-0.09754820168018341,0.16417208313941956,-0.1320485770702362,-0.0891951397061348,0.15935055911540985,-0.1320485770702362,-0.0891951397061348,0.15935055911540985,-0.1320486068725586,-0.08919525146484375,0.15935064852237701,False,False,1.9333995878696442,1.2002000585198402,-1.0,-1.0,1.4142135381698608,-1.0,-1.0,504.4205017089844,657.2115478515625,504.4205017089844,657.2115478515625,False,False,-0.3540032574801057,-0.5440966924908243,0.11287169500026721,False,,False,timeout
943,1787624624.3959227,57.18524850066751,0.061210100539028645,16.33717296971898,True,786,0.05573360063135624,0.08062930032610893,12.402439261601598,False,False,False,,7.820347785949707,8.395197868347168,5.312753677368164,6.658840656280518,,,3.0500762462615967,False,0.132048566,0.749402418931,0,-1.0,-1.0,1.4142135381698608,-0.132048562169075,-0.132048562169075,0.18674486875534058,-0.132048562169075,-0.132048562169075,0.18674486875534058,-0.1320485770702362,-0.12130962312221527,0.17931215465068817,-0.1320485770702362,-0.12130962312221527,0.17931215465068817,-0.1320486068725586,-0.12130928039550781,0.17931194603443146,False,False,2.71029956638813,2.001800574362278,-1.0,-1.0,1.4142135381698608,-1.0,-1.0,482.58599853515625,634.9664916992188,482.58599853515625,634.9664916992188,False,False,-0.35593283264219167,-0.5293893318892181,0.11281298503035571,False,,False,timeout
944,1787624624.448005,57.23572700005025,0.0504784993827343,19.810414577063295,True,787,0.03586099948734045,0.08336709998548031,11.995139571535603,False,False,False,,7.688299179077148,8.27388858795166,5.134827613830566,6.483802318572998,,,3.1184332370758057,False,0.132048566,0.749402418931,0,-1.0,-1.0,1.4142135381698608,-0.132048562169075,-0.132048562169075,0.18674486875534058,-0.132048562169075,-0.132048562169075,0.18674486875534058,-0.1320485770702362,-0.12935732305049896,0.18485167622566223,-0.1320485770702362,-0.12935732305049896,0.18485167622566223,-0.1320486068725586,-0.12935733795166016,0.18485170602798462,False,False,3.080800175666809,2.0538996905088425,-1.0,-1.0,1.4142135381698608,-1.0,-1.0,464.3663330078125,616.6224975585938,464.3663330078125,616.6224975585938,False,False,-0.3576032624897662,-0.5171818950998789,0.11292653129522058,False,,False,timeout
945,1787624624.5009143,57.29284180048853,0.057114800438284874,17.50859658663336,True,788,0.02774989977478981,0.06990219932049513,14.305701533296432,False,False,False,,7.55625057220459,8.14453125,4.952960014343262,6.300944805145264,,,3.1899735927581787,False,0.132048566,0.749402418931,0,-1.0,-0.6638174057006836,1.2002723217010498,-0.132048562169075,-0.08765613287687302,0.158494234085083,-0.132048562169075,-0.08765613287687302,0.158494234085083,-0.1320485770702362,-0.09810635447502136,0.16450434923171997,-0.1320485770702362,-0.09810635447502136,0.16450434923171997,-0.1320486068725586,-0.09810638427734375,0.16450439393520355,False,False,1.7244992777705193,0.9756004437804222,-1.0,-1.0,1.4142135381698608,-1.0,-1.0,445.74310302734375,597.4590454101562,445.74310302734375,597.4590454101562,False,False,-0.359204267560579,-0.5045220710351218,0.11284472520491878,False,,False,timeout
946,1787624624.56229,57.35421960055828,0.061377800069749355,16.2925357191624,True,789,0.005267300643026829,0.06522660050541162,15.331168453536582,False,False,False,,7.424201965332031,8.046424865722656,4.761359691619873,6.114006042480469,,,3.2901322841644287,False,0.132048566,0.749402418931,0,-1.0,-0.9489160180091858,1.3785650730133057,-0.132048562169075,-0.1253030002117157,0.18203753232955933,-0.132048562169075,-0.1253030002117157,0.18203753232955933,-0.1320485770702362,-0.11848759651184082,0.1774151474237442,-0.1320485770702362,-0.11848759651184082,0.1774151474237442,-0.1320486068725586,-0.11848735809326172,0.17741501331329346,False,False,1.7969002947211266,1.0036993771791458,-1.0,-1.0,1.4142135381698608,-1.0,-1.0,426.12322998046875,577.8677978515625,426.12322998046875,577.8677978515625,False,False,-0.3610515595638184,-0.491399375375836,0.11289031236098376,False,,False,timeout
947,1787624624.6247406,57.415754600428045,0.06153499986976385,16.25091414831326,False,,,,,False,False,False,,7.292153358459473,7.9279375076293945,4.547202110290527,5.902239799499512,,,3.4114818572998047,False,0.132048566,0.749402418931,0,-1.0,-0.0576319694519043,1.0016592741012573,-0.132048562169075,-0.007610218599438667,0.13226766884326935,-0.132048562169075,-0.007610218599438667,0.13226766884326935,-0.1320485770702362,-0.03539576008915901,0.13671022653579712,-0.1320485770702362,-0.03539575636386871,0.13671022653579712,-0.1320486068725586,-0.03539562225341797,0.13671022653579712,False,False,2.782600000500679,3.0685001984238625,-1.0,-1.0,1.4142135381698608,-1.0,-1.0,404.1934814453125,555.6747436523438,404.1934814453125,555.6747436523438,False,False,-0.3630418100214735,-0.4765895407491614,0.11284541610402915,False,,False,timeout
948,1787624624.6882029,57.476967700757086,0.06121310032904148,16.336372355339883,True,790,0.0571751007810235,0.0838674996048212,11.923569973016269,False,False,False,,7.160104751586914,7.892541885375977,4.3435211181640625,5.697671890258789,,,3.570797920227051,True,0.132048566,0.749402418931,0,-1.0,-1.0,1.4142135381698608,-0.132048562169075,-0.132048562169075,0.18674486875534058,-0.132048562169075,-0.132048562169075,0.18674486875534058,-0.1320485770702362,-0.1078275665640831,0.17048053443431854,-0.1320485770702362,-0.1078275665640831,0.17048053443431854,-0.1320486068725586,-0.10782766342163086,0.1704806089401245,False,False,2.876400016248226,1.9870996475219727,-1.0,-1.0,1.4142135381698608,-1.0,-1.0,383.3365783691406,534.2360229492188,383.3365783691406,534.2360229492188,False,False,-0.3648506072964821,-0.4623468044864775,0.11288509845218725,False,,False,timeout
949,1787624624.741059,57.52753990050405,0.05057219974696636,19.773709765511757,True,791,0.03485450055450201,0.07126419991254807,14.032291125518157,False,False,False,,7.0280561447143555,7.784714221954346,4.183716297149658,5.540183067321777,,,3.623284339904785,True,0.132048566,0.749402418931,0,-1.0,-1.0,1.4142135381698608,-0.132048562169075,-0.132048562169075,0.18674486875534058,-0.132048562169075,-0.132048562169075,0.18674486875534058,-0.1320485770702362,-0.12597885727882385,0.18250343203544617,-0.1320485770702362,-0.12597885727882385,0.18250343203544617,-0.1320486068725586,-0.12597894668579102,0.18250350654125214,False,False,3.660399466753006,2.0118998363614082,-1.0,-1.0,1.4142135381698608,-1.0,-1.0,366.9725646972656,517.731201171875,366.9725646972656,517.731201171875,False,False,-0.3663554295985364,-0.45128049859731817,0.11289111786138464,False,,False,timeout
950,1787624624.794051,57.58497150056064,0.05743160005658865,17.412017060549896,True,792,0.02629530057311058,0.07246770057827234,13.799251142512798,False,False,False,,6.896007537841797,7.658735275268555,3.9961447715759277,5.354513645172119,,,3.7038683891296387,True,0.132048566,0.749402418931,0,-1.0,-1.0,1.4142135381698608,-0.132048562169075,-0.132048562169075,0.18674486875534058,-0.132048562169075,-0.132048562169075,0.18674486875534058,-0.1320485770702362,-0.130527526140213,0.18567246198654175,-0.1320485770702362,-0.130527526140213,0.18567246198654175,-0.1320486068725586,-0.13052749633789062,0.18567246198654175,False,False,1.7494000494480133,0.9450996294617653,-1.0,-1.0,1.4142135381698608,-1.0,-1.0,347.7652282714844,498.2730407714844,347.7652282714844,498.2730407714844,False,False,-0.36810171717200024,-0.4382377792261616,0.11286585470099098,False,,False,timeout
951,1787624624.8554845,57.64642100036144,0.06144949980080128,16.27352546793164,True,793,0.019243599846959114,0.06598739977926016,15.154408316514694,False,False,False,,6.763958930969238,7.528207778930664,3.783872365951538,5.147346019744873,,,3.8143699169158936,True,0.132048566,0.749402418931,0,-1.0,-0.9607354998588562,1.3867273330688477,-0.132048562169075,-0.1268637478351593,0.18311536312103271,-0.132048562169075,-0.1268637478351593,0.18311536312103271,-0.1320485770702362,-0.12778186798095703,0.18375264108181,-0.1320485770702362,-0.12778186798095703,0.18375264108181,-0.1320486068725586,-0.12778186798095703,0.1837526559829712,False,False,1.9311001524329185,1.7846999689936638,-1.0,-1.0,1.4142135381698608,-1.0,-1.0,326.02850341796875,476.5618591308594,326.02850341796875,476.5618591308594,False,False,-0.3701631365933319,-0.42357679582473334,0.1128536692358559,False,,False,timeout
952,1787624624.918405,57.70831930078566,0.06189830042421818,16.155532432175512,True,794,0.008107000030577183,0.06850070040673018,14.598390878668305,False,False,False,,6.63191032409668,7.400425910949707,3.5735831260681152,4.940606117248535,,,3.9248030185699463,True,0.132048566,0.749402418931,0,-1.0,-1.0,1.4142135381698608,-0.132048562169075,-0.132048562169075,0.18674486875534058,-0.132048562169075,-0.132048562169075,0.18674486875534058,-0.1320485770702362,-0.13097932934761047,0.1859903484582901,-0.1320485770702362,-0.13097932934761047,0.1859903484582901,-0.1320486068725586,-0.1309795379638672,0.18599051237106323,False,False,2.009900286793709,1.7325002700090408,-1.0,-0.5,1.1180340051651,-1.0,-1.0,304.49493408203125,486.33551025390625,304.49493408203125,486.33551025390625,False,False,-0.37216718022701567,-0.4089631327034859,0.11285069269128276,False,,False,timeout
953,1787624624.9779236,57.7698183003813,0.06149899959564209,16.26042710572582,False,,,,,False,False,False,,6.499861717224121,7.26944637298584,3.3886728286743164,4.76437520980835,,,3.9943556785583496,True,0.132048566,0.749402418931,0,-1.0,-1.0,1.4142135381698608,-0.132048562169075,-0.132048562169075,0.18674486875534058,-0.132048562169075,-0.132048562169075,0.18674486875534058,-0.1320485770702362,-0.13178065419197083,0.18655553460121155,-0.1320485770702362,-0.13178065419197083,0.18655553460121155,-0.1320486068725586,-0.13178062438964844,0.18655553460121155,False,False,2.103099599480629,2.038399688899517,-1.0,-0.5,1.1180340051651,-1.0,-0.5,285.5600891113281,467.86651611328125,285.5600891113281,467.86651611328125,False,False,-0.3740863282360162,-0.3963280114236884,0.1128081013257059,False,,False,timeout
954,1787624625.0403266,57.83115620072931,0.06133790034800768,16.303133858941766,True,795,0.06056059990078211,0.07304289937019348,13.6905846923167,False,False,False,,6.3678131103515625,7.137665748596191,3.175889730453491,4.679871082305908,,,4.028539180755615,True,0.132048566,0.749402418931,0,-1.0,-1.0,1.4142135381698608,-0.132048562169075,-0.132048562169075,0.18674486875534058,-0.132048562169075,-0.132048562169075,0.18674486875534058,-0.1320485770702362,-0.13198141753673553,0.18669740855693817,-0.1320485770702362,-0.13198141753673553,0.18669740855693817,-0.1320486068725586,-0.13198137283325195,0.18669739365577698,False,False,2.288700081408024,2.049400471150875,-1.0,-0.5,1.1180340051651,-1.0,-0.5,263.7710876464844,459.01043701171875,263.7710876464844,459.01043701171875,False,False,-0.37957327693873316,-0.3868114113556982,0.11291913285544294,False,,False,timeout
955,1787624625.0913758,57.88120290078223,0.050046700052917004,19.98133740971228,True,796,0.03933450020849705,0.07075140066444874,14.133995802325952,False,False,False,,6.235764503479004,7.0056843757629395,3.0195319652557373,4.601038932800293,,,4.015777587890625,True,0.132048566,0.749402418931,0,-1.0,-1.0,1.4142135381698608,-0.132048562169075,-0.132048562169075,0.18674486875534058,-0.132048562169075,-0.132048562169075,0.18674486875534058,-0.1320485770702362,-0.13203172385692596,0.1867329627275467,-0.1320485770702362,-0.13203172385692596,0.1867329627275467,-0.1320486068725586,-0.13203191757202148,0.18673312664031982,False,False,2.671699970960617,1.4903005212545395,-1.0,-0.5,1.1180340051651,-1.0,-0.5,247.7600555419922,450.7488708496094,247.7600555419922,450.7488708496094,False,False,-0.38314169532581166,-0.37910617952034303,0.11286760161763634,False,,False,timeout
956,1787624625.146574,57.938428699970245,0.057225799188017845,17.47463581442448,True,797,0.027088899165391922,0.07089709956198931,14.104949372796893,False,False,False,,6.103715896606445,6.873652458190918,2.8346283435821533,4.507268905639648,,,4.035678863525391,True,0.132048566,0.749402418931,0,-1.0,-1.0,1.4142135381698608,-0.132048562169075,-0.132048562169075,0.18674486875534058,-0.132048562169075,-0.132048562169075,0.18674486875534058,-0.1320485770702362,-0.13204438984394073,0.1867419183254242,-0.1320485770702362,-0.13204438984394073,0.1867419183254242,-0.1320486068725586,-0.13204431533813477,0.1867418885231018,False,False,1.9752001389861107,0.9668003767728806,-1.0,-0.5,1.1180340051651,-1.0,-0.5,228.825927734375,440.9217834472656,228.825927734375,440.9217834472656,False,False,-0.3873467171330513,-0.36997055224512837,0.11289321717095901,False,,False,timeout
957,1787624625.2095237,58.000412500463426,0.06198380049318075,16.13324759119952,True,798,0.018707300536334515,0.06947620026767254,14.393418122281835,False,False,False,,5.971667289733887,6.741608142852783,2.625140905380249,4.404805660247803,,,4.0816521644592285,True,0.132048566,0.749402418931,0,-1.0,0.6580673456192017,1.1971018314361572,-0.132048562169075,0.08689684420824051,0.15807557106018066,-0.132048562169075,0.08689684420824051,0.15807557106018066,-0.1320485770702362,0.03203072026371956,0.13587786257266998,-0.1320485770702362,0.03203071653842926,0.13587786257266998,-0.1320486068725586,0.032030582427978516,0.13587786257266998,False,False,1.7798999324440956,1.8140999600291252,-0.5,-1.0,1.1180340051651,-1.0,-0.5,238.0944366455078,398.74365234375,238.0944366455078,398.74365234375,False,False,-0.3922150326762718,-0.3597814220759558,0.11288995030301431,False,,False,timeout
958,1787624625.2700574,58.06198020000011,0.061567699536681175,16.242283007573054,True,799,0.014110799878835678,0.07036499958485365,14.211610969940999,False,False,False,,5.839618682861328,6.773638725280762,2.4293389320373535,4.288703918457031,,,4.219586372375488,True,0.132048566,0.749402418931,0,-1.0,-1.0,1.4142135381698608,-0.132048562169075,-0.132048562169075,0.18674486875534058,-0.132048562169075,-0.132048562169075,0.18674486875534058,-0.1320485770702362,-0.09093072265386581,0.1603284776210785,-0.1320485770702362,-0.09093072265386581,0.1603284776210785,-0.1320486068725586,-0.09093093872070312,0.16032862663269043,False,False,1.7327992245554924,1.1475002393126488,-0.5,-0.5,0.7071067690849304,-0.5,-1.0,218.04429626464844,418.01617431640625,218.04429626464844,418.01617431640625,False,False,-0.39620586371447536,-0.3493848749631004,0.11299775782373955,False,,False,timeout
959,1787624625.3325937,58.123538200743496,0.06155800074338913,16.24484206640503,True,800,0.0019363006576895714,0.06615979969501495,15.114918796759122,False,False,False,,5.7075700759887695,6.682707786560059,2.348660469055176,4.062797546386719,,,4.259835720062256,True,0.132048566,0.749402418931,0,-1.0,-1.0,1.4142135381698608,-0.132048562169075,-0.132048562169075,0.18674486875534058,-0.132048562169075,-0.132048562169075,0.18674486875534058,-0.1320485770702362,-0.12174458056688309,0.17960670590400696,-0.1320485770702362,-0.12174458056688309,0.17960670590400696,-0.1320486068725586,-0.12174463272094727,0.17960676550865173,False,False,1.775600016117096,1.148400828242302,-1.0,0.5,1.1180340051651,-0.5,-0.5,179.0628204345703,457.22119140625,179.0628204345703,457.22119140625,False,False,-0.39294488174668707,-0.33743343911487045,0.11274822638185379,False,,False,timeout
960,1787624625.3935401,58.18497040029615,0.06143219955265522,16.278108341910706,False,,,,,False,False,False,,5.575521469116211,6.560963153839111,2.249725818634033,4.020862579345703,,,4.18485689163208,True,0.132048566,0.749402418931,0,-1.0,-1.0,1.4142135381698608,-0.132048562169075,-0.132048562169075,0.18674486875534058,-0.132048562169075,-0.132048562169075,0.18674486875534058,-0.1320485770702362,-0.12946641445159912,0.1849280446767807,-0.1320485770702362,-0.12946641445159912,0.1849280446767807,-0.1320486068725586,-0.12946653366088867,0.18492814898490906,False,False,2.464200370013714,1.970299519598484,-1.0,0.5,1.1180340051651,-1.0,0.5,168.93191528320312,452.826416015625,168.93191528320312,452.826416015625,False,False,-0.39542612503998936,-0.332891452179431,0.1129112382205126,False,,False,timeout
961,1787624625.4569867,58.24674000032246,0.06176960002630949,16.1891933827331,True,801,0.05506779998540878,0.07373290043324232,13.56246660750039,False,False,False,,5.443472862243652,6.431496620178223,2.0223610401153564,4.169118881225586,,,4.10150671005249,True,0.132048566,0.749402418931,0,-1.0,-1.0,1.4142135381698608,-0.132048562169075,-0.132048562169075,0.18674486875534058,-0.132048562169075,-0.132048562169075,0.18674486875534058,-0.1320485770702362,-0.13140150904655457,0.18628790974617004,-0.1320485770702362,-0.13140150904655457,0.18628790974617004,-0.1320486068725586,-0.13140153884887695,0.18628793954849243,False,False,2.5345003232359886,1.6760006546974182,-1.0,0.0,1.0,-1.0,0.5,145.64976501464844,436.9236755371094,145.64976501464844,436.9236755371094,False,False,-0.40784441874442146,-0.33301132966560204,0.11295742032433956,False,,False,timeout
962,1787624625.510186,58.29772820044309,0.05098820012062788,19.612380857417993,True,802,0.03640319965779781,0.07049909979104996,14.184578284884036,False,False,False,,5.311424255371094,6.300095081329346,1.861272931098938,4.234788417816162,,,4.021074295043945,True,0.132048566,0.749402418931,0,-1.0,-0.3203033208847046,1.0500448942184448,-0.132048562169075,-0.04229559376835823,0.13865691423416138,-0.132048562169075,-0.04229559376835823,0.13865691423416138,-0.1320485770702362,-0.0646253228187561,0.14701448380947113,-0.1320485770702362,-0.0646253228187561,0.14701448380947113,-0.1320486068725586,-0.06462526321411133,0.14701448380947113,False,False,2.7435002848505974,2.1184999495744705,-0.5,-1.0,1.1180340051651,-1.0,0.0,159.8743438720703,380.92584228515625,159.8743438720703,380.92584228515625,False,False,-0.41553472482214476,-0.3314028107526739,0.11289069289459602,False,,False,timeout
963,1787624625.5622628,58.35417110007256,0.056442899629473686,17.717020326110497,True,803,0.020950899459421635,0.06922159995883703,14.446357792866026,False,False,False,,5.179375648498535,6.235469818115234,1.6829345226287842,4.229118347167969,,,4.031196594238281,True,0.132048566,0.749402418931,0,-1.0,-0.6466696262359619,1.1908743381500244,-0.132048562169075,-0.08539179712533951,0.157253235578537,-0.132048562169075,-0.08539179712533951,0.157253235578537,-0.1320485770702362,-0.08018775284290314,0.1544891744852066,-0.1320485770702362,-0.08018775284290314,0.1544891744852066,-0.1320486068725586,-0.08018779754638672,0.15448921918869019,False,False,1.8225004896521568,1.7303992062807083,-0.5,-1.0,1.1180340051651,-0.5,-1.0,141.6125030517578,380.33160400390625,141.6125030517578,380.33160400390625,False,False,-0.42189389613866773,-0.32625629386033206,0.11287945802689046,False,,False,timeout
964,1787624625.6264358,58.41634390037507,0.06217280030250549,16.084203946652554,True,804,0.007568400353193283,0.07190150022506714,13.907915646680323,False,False,False,,5.047327041625977,6.155282020568848,1.5795305967330933,3.991844654083252,,,4.087306022644043,True,0.132048566,0.749402418931,0,-1.0,1.0,1.4142135381698608,-0.132048562169075,0.132048562169075,0.18674486875534058,-0.132048562169075,0.132048562169075,0.18674486875534058,-0.1320485770702362,0.07886263728141785,0.15380552411079407,-0.1320485770702362,0.07886263728141785,0.15380552411079407,-0.1320486068725586,0.07886266708374023,0.15380556881427765,False,False,2.2416003048419952,1.7069000750780106,-0.5,-1.0,1.1180340051651,-0.5,-1.0,131.02392578125,355.46533203125,131.02392578125,355.46533203125,False,False,-0.4192035928259894,-0.31318398753869,0.1126997186812864,False,,False,timeout
965,1787624625.6867955,58.47765560075641,0.061311700381338596,16.310100580808054,False,,,,,False,False,False,,4.915278434753418,6.234144687652588,1.4826924800872803,3.78517746925354,,,4.216643810272217,True,0.132048566,0.749402418931,0,-0.7631235122680664,0.4397914409637451,0.8807803392410278,-0.10076936334371567,0.058073826134204865,0.11630577594041824,-0.10076936334371567,0.058073826134204865,0.11630577594041824,-0.10860786586999893,0.06328345835208893,0.12569990754127502,-0.10860786586999893,0.06328345835208893,0.12569990754127502,-0.10860776901245117,0.06328344345092773,0.12569981813430786,False,False,2.4976003915071487,1.9693998619914055,0.0,-1.0,1.0,-0.5,-1.0,151.82769775390625,333.80657958984375,151.82769775390625,333.80657958984375,False,False,-0.41710128471958924,-0.30157767713201217,0.11291167539118263,False,,False,timeout
966,1787624625.7507112,58.539508800022304,0.061853199265897274,16.16731247321833,True,805,0.05416109971702099,0.07555249985307455,13.235829415898616,False,False,False,,4.806670665740967,6.297428131103516,1.3889105319976807,3.5805418491363525,,,4.3660688400268555,True,0.132048566,0.749402418931,0,-1.0,-1.0,1.4142135381698608,-0.132048562169075,-0.132048562169075,0.18674486875534058,-0.132048562169075,-0.132048562169075,0.18674486875534058,-0.12617434561252594,-0.08309882879257202,0.15108071267604828,-0.12617434561252594,-0.08309882879257202,0.15108071267604828,-0.1261744499206543,-0.0830988883972168,0.15108083188533783,False,False,2.5879992172122,1.9923998042941093,0.0,-0.5,0.5,0.0,-1.0,142.2244415283203,343.80078125,142.2244415283203,343.80078125,False,False,-0.4149367834613009,-0.2901117141819428,0.11285673719386777,False,,False,timeout
967,1787624625.8122594,58.60104370024055,0.06153490021824837,16.250940465544897,True,806,0.047726900316774845,0.07690440025180578,13.003157123984192,False,False,False,,4.6804962158203125,6.214329242706299,1.407839298248291,3.3971214294433594,,,4.318210601806641,True,0.132048566,0.749402418931,0,-1.0,-1.0,1.4142135381698608,-0.132048562169075,-0.132048562169075,0.18674486875534058,-0.132048562169075,-0.132048562169075,0.18674486875534058,-0.13057652115821838,-0.11978188902139664,0.17719461023807526,-0.13057652115821838,-0.11978188902139664,0.17719461023807526,-0.13057661056518555,-0.1197819709777832,0.1771947294473648,False,False,2.7126995846629143,1.5064999461174011,0.0,-0.5,0.5,0.0,-0.5,144.16275024414062,324.57830810546875,144.16275024414062,324.57830810546875,False,False,-0.40920611985941663,-0.28263349787649794,0.11280400435546029,False,,False,timeout
968,1787624625.8745985,58.66231770068407,0.06127400044351816,16.320135665400063,True,807,0.0417408999055624,0.06763499975204468,14.785244380366379,False,False,False,,4.549919605255127,6.094547271728516,1.4070621728897095,3.3140249252319336,,,4.196290969848633,True,0.132048566,0.749402418931,0,-1.0,-0.2487093210220337,1.0304640531539917,-0.132048562169075,-0.03284170851111412,0.1360713094472885,-0.132048562169075,-0.03284170851111412,0.1360713094472885,-0.1316796839237213,-0.054628726094961166,0.14256168901920319,-0.1316796839237213,-0.054628729820251465,0.14256168901920319,-0.13167953491210938,-0.054628849029541016,0.14256159961223602,False,False,3.291599452495575,1.4353999868035316,0.0,-1.0,1.0,0.0,-0.5,144.0831756591797,284.4298400878906,144.0831756591797,284.4298400878906,False,False,-0.40694789463049746,-0.2789805456507443,0.11292402685877245,False,,False,timeout
969,1787624625.9343445,58.724142900668085,0.061825199984014034,16.174634295700898,True,808,0.03460719995200634,0.06726090051233768,14.867478615106704,False,False,False,,4.418240070343018,6.039918422698975,1.4046905040740967,3.1930813789367676,,,4.145595550537109,True,0.132048566,0.749402418931,0,-0.6036944389343262,-0.9229085445404053,1.1028177738189697,-0.07971698045730591,-0.12186874449253082,0.145625501871109,-0.07971698045730591,-0.12186874449253082,0.145625501871109,-0.09273866564035416,-0.10501858592033386,0.14010483026504517,-0.09273866564035416,-0.10501858592033386,0.14010483026504517,-0.09273862838745117,-0.10501861572265625,0.14010483026504517,False,False,2.153499983251095,2.0140009000897408,0.0,-0.5,0.5,0.0,-1.0,143.84030151367188,303.1949157714844,143.84030151367188,303.1949157714844,False,False,-0.4037010245620468,-0.27362041229830164,0.11292149323184678,False,,False,timeout
970,1787624625.9967191,58.78609280008823,0.061949899420142174,16.142076248066733,True,809,0.030663199722766876,0.06895609945058823,14.50198036094789,False,False,False,,4.325501441955566,5.934899806976318,1.4043521881103516,2.9888668060302734,,,4.148761749267578,True,0.132048566,0.749402418931,0,-1.0,-0.057572364807128906,1.00165593624115,-0.132048562169075,-0.007602347992360592,0.13226722180843353,-0.132048562169075,-0.007602347992360592,0.13226722180843353,-0.12219758331775665,-0.0320146270096302,0.12632176280021667,-0.12219758331775665,-0.032014623284339905,0.12632176280021667,-0.12219762802124023,-0.03201484680175781,0.12632185220718384,False,False,2.422899939119816,2.0872000604867935,0.0,-0.5,0.5,0.0,-0.5,143.8056640625,281.7932434082031,143.8056640625,281.7932434082031,False,False,-0.39806788135034904,-0.2646451628455311,0.11276656707388412,False,,False,timeout
971,1787624626.0550818,58.84696420002729,0.06087139993906021,16.428076255862745,True,810,0.024846299551427364,0.06590220052748919,15.17400013953827,False,False,False,,4.203303813934326,5.9028849601745605,1.4005162715911865,2.909727096557617,,,4.10056209564209,True,0.132048566,0.749402418931,0,-1.0,-1.0,1.4142135381698608,-0.132048562169075,-0.132048562169075,0.18674486875534058,-0.132048562169075,-0.132048562169075,0.18674486875534058,-0.12957993149757385,-0.1069803535938263,0.16803498566150665,-0.12957993149757385,-0.1069803535938263,0.16803498566150665,-0.12958002090454102,-0.1069803237915039,0.16803503036499023,False,False,2.1556997671723366,1.2236004695296288,0.0,-0.5,0.5,0.0,-0.5,143.41285705566406,273.4994201660156,143.41285705566406,273.4994201660156,False,False,-0.3960165029323505,-0.2610566117584011,0.1129172603997145,False,,False,timeout
972,1787624626.116021,58.90893559996039,0.06197139993309975,16.136475875638347,True,811,0.021599599160254,0.06668169982731342,14.996618301418751,False,False,False,,4.073723793029785,5.795904636383057,1.3978055715560913,2.801279067993164,,,4.016007900238037,True,0.132048566,0.749402418931,0,-1.0,-1.0,1.4142135381698608,-0.132048562169075,-0.132048562169075,0.18674486875534058,-0.132048562169075,-0.132048562169075,0.18674486875534058,-0.13142994046211243,-0.12576651573181152,0.181909441947937,-0.13142994046211243,-0.12576651573181152,0.181909441947937,-0.13142991065979004,-0.12576627731323242,0.18190926313400269,False,False,1.747099682688713,0.9573996067047119,0.0,-0.5,0.5,0.0,-0.5,143.13528442382812,262.1340637207031,143.13528442382812,262.1340637207031,False,False,-0.3931066626855771,-0.25620116786923447,0.1128980805476392,False,,False,timeout
973,1787624626.179583,58.97047440055758,0.06153880059719086,16.249910467797584,True,812,0.010824000462889671,0.06522000022232533,15.33271997226538,False,False,False,,3.942293882369995,5.670138359069824,1.3963748216629028,2.7074809074401855,,,3.906282424926758,True,0.132048566,0.749402418931,0,-0.8178427219390869,-1.0,1.2918461561203003,-0.10799495875835419,-0.132048562169075,0.17058643698692322,-0.10799495875835419,-0.132048562169075,0.17058643698692322,-0.11386769264936447,-0.1304742395877838,0.1731744259595871,-0.11386769264936447,-0.1304742395877838,0.1731744259595871,-0.11386775970458984,-0.13047409057617188,0.17317435145378113,False,False,2.1262001246213913,1.7482005059719086,0.0,-0.5,0.5,0.0,-0.5,142.98878479003906,252.3040008544922,142.98878479003906,252.3040008544922,False,False,-0.39055167043377004,-0.25201947936526936,0.11295924308590438,False,,False,timeout
974,1787624626.2401123,59.03203400038183,0.061559599824249744,16.244420088092856,True,813,0.0003757001832127571,0.07231529988348484,13.82833233923126,False,False,False,,3.8284261226654053,5.539664268493652,1.3954520225524902,2.6029717922210693,,,3.8135974407196045,True,0.132048566,0.749402418931,0,-1.0,-1.0,1.4142135381698608,-0.132048562169075,-0.132048562169075,0.18674486875534058,-0.132048562169075,-0.132048562169075,0.18674486875534058,-0.1274924874305725,-0.13165399432182312,0.18326784670352936,-0.1274924874305725,-0.13165399432182312,0.18326784670352936,-0.12749242782592773,-0.1316537857055664,0.18326766788959503,False,False,2.1553002297878265,1.2868000194430351,0.0,0.0,0.0,0.0,-0.5,142.894287109375,272.79144287109375,142.894287109375,272.79144287109375,False,False,-0.3876750858954993,-0.24737069377121385,0.11291987904206688,False,,False,timeout
975,1787624626.3046052,59.093266100622714,0.06123210024088621,16.331303288079525,False,,,,,False,False,False,,3.7009336948394775,5.408010482788086,1.391936182975769,2.5116467475891113,,,3.7041046619415283,True,0.132048566,0.749402418931,0,0.2196333408355713,-1.0,1.023835301399231,0.029002266004681587,-0.132048562169075,0.13519598543643951,0.029002266004681587,-0.132048562169075,0.13519598543643951,-0.010214924812316895,-0.13194963335990906,0.13234443962574005,-0.010214924812316895,-0.13194963335990906,0.13234443962574005,-0.010215044021606445,-0.13194942474365234,0.13234424591064453,False,False,2.845100127160549,2.0417002961039543,0.0,0.0,0.0,0.0,0.0,142.5342559814453,263.2205810546875,142.5342559814453,263.2205810546875,False,False,-0.38525779378825187,-0.24322695953278708,0.11290394331134249,False,,False,timeout
976,1787624626.365878,59.154638700187206,0.0613725995644927,16.293916293201193,True,814,0.03849080018699169,0.07200449984520674,13.888020917439494,False,False,False,,3.690718650817871,5.276061058044434,1.3889782428741455,2.5319738388061523,,,3.581623077392578,True,0.132048566,0.749402418931,0,-1.0,-1.0,1.4142135381698608,-0.132048562169075,-0.132048562169075,0.18674486875534058,-0.132048562169075,-0.132048562169075,0.18674486875534058,-0.10151737183332443,-0.13202372193336487,0.16654141247272491,-0.10151737183332443,-0.13202372193336487,0.16654141247272491,-0.1015174388885498,-0.13202381134033203,0.16654151678085327,False,False,2.843800000846386,2.070399932563305,0.0,-0.5,0.5,0.0,0.0,142.23138427734375,233.91085815429688,142.23138427734375,233.91085815429688,False,False,-0.38593510824512606,-0.24404699668095317,0.11298834755801172,False,,False,timeout
977,1787624626.4255767,59.21645160019398,0.06181290000677109,16.17785284124282,True,815,0.031825900077819824,0.08479280024766922,11.793454126755154,False,False,False,,3.5892012119293213,5.144037246704102,1.3880223035812378,2.5214731693267822,,,3.423891305923462,False,0.132048566,0.749402418931,0,-1.0,-1.0,1.4142135381698608,-0.132048562169075,-0.132048562169075,0.18674486875534058,-0.132048562169075,-0.132048562169075,0.18674486875534058,-0.12439753115177155,-0.13204234838485718,0.18141093850135803,-0.12439753115177155,-0.13204234838485718,0.18141093850135803,-0.12439751625061035,-0.13204240798950195,0.18141096830368042,False,False,2.0451005548238754,1.1963006108999252,0.0,-0.5,0.5,0.0,-0.5,142.13348388671875,232.81039428710938,142.13348388671875,232.81039428710938,False,False,-0.38567752385036025,-0.24355513253055944,0.1129707189577114,False,,False,timeout
978,1787624626.485899,59.277789800427854,0.061338200233876705,16.303054152014493,True,816,0.020194699987769127,0.06817370001226664,14.668413183090662,False,False,False,,3.464803695678711,5.0119948387146,1.387703537940979,2.3862977027893066,,,3.3479294776916504,False,0.132048566,0.749402418931,0,-1.0,-1.0,1.4142135381698608,-0.132048562169075,-0.132048562169075,0.18674486875534058,-0.132048562169075,-0.132048562169075,0.18674486875534058,-0.13013122975826263,-0.13204701244831085,0.18539296090602875,-0.13013122975826263,-0.13204701244831085,0.18539296090602875,-0.13013124465942383,-0.13204717636108398,0.1853930950164795,False,False,1.9999993965029716,1.2036003172397614,0.0,-1.0,1.0,0.0,-0.5,142.10084533691406,187.20399475097656,142.10084533691406,187.20399475097656,False,False,-0.3819116541264408,-0.23754519657596615,0.11288684712645829,False,,False,timeout
979,1787624626.5494206,59.33931650035083,0.06152669992297888,16.25310639530208,True,817,0.008762899786233902,0.07296920008957386,13.70441225575233,False,False,False,,3.334672451019287,4.879947662353516,1.3859254121780396,2.273756742477417,,,3.254204273223877,False,0.132048566,0.749402418931,0,-1.0,0.20738112926483154,1.0212770700454712,-0.132048562169075,0.027384379878640175,0.134858176112175,-0.132048562169075,0.027384379878640175,0.134858176112175,-0.1315680742263794,-0.012568779289722443,0.1321670562028885,-0.1315680742263794,-0.012568779289722443,0.1321670562028885,-0.13156795501708984,-0.012568950653076172,0.13216696679592133,False,False,2.4087000638246536,1.7652008682489395,0.0,-1.0,1.0,0.0,-1.0,141.91876220703125,175.40969848632812,141.91876220703125,175.40969848632812,False,False,-0.37882595364924393,-0.23248915029475947,0.11296820980893504,False,,False,timeout
980,1787624626.6082544,59.40016490034759,0.06084839999675751,16.43428586541779,False,,,,,False,False,False,,3.2031044960021973,4.8673787117004395,1.3865426778793335,2.061844825744629,,,3.342292308807373,False,0.132048566,0.749402418931,0,-1.0,-1.0,1.4142135381698608,-0.132048562169075,-0.132048562169075,0.18674486875534058,-0.132048562169075,-0.132048562169075,0.18674486875534058,-0.13192811608314514,-0.10210725665092468,0.1668260097503662,-0.13192811608314514,-0.10210725665092468,0.1668260097503662,-0.1319282054901123,-0.10210704803466797,0.16682596504688263,False,False,1.5908991917967796,2.0952001214027405,0.0,-1.0,1.0,0.0,-1.0,141.98196411132812,153.20132446289062,141.98196411132812,153.20132446289062,False,False,-0.37285113060956643,-0.22305097550309638,0.11274295814165612,False,,False,timeout
981,1787624626.669866,59.461815600283444,0.06165069993585348,16.22041600566552,True,818,0.06068279966711998,0.07296829950064421,13.70458139827106,False,False,False,,3.071176290512085,4.7652716636657715,1.3810957670211792,1.850730061531067,,,3.3691134452819824,False,0.132048566,0.749402418931,0,-1.0,-0.2686643600463867,1.0354615449905396,-0.132048562169075,-0.035476744174957275,0.13673120737075806,-0.132048562169075,-0.035476744174957275,0.13673120737075806,-0.13201838731765747,-0.05217413604259491,0.1419541984796524,-0.13201838731765747,-0.05217413604259491,0.1419541984796524,-0.1320183277130127,-0.05217409133911133,0.14195412397384644,False,False,1.8431004136800766,1.1946000158786774,0.0,-1.0,1.0,0.0,-1.0,141.42420959472656,131.07650756835938,141.42420959472656,131.07650756835938,False,False,-0.3671036560736308,-0.21344651374507054,0.11278004786045598,False,,False,timeout
982,1787624626.7342396,59.523105500265956,0.061289899982512,16.315901972190076,True,819,0.056271799840033054,0.071059700101614,14.07267408348219,False,False,False,,2.9391579627990723,4.71309757232666,1.378377914428711,1.6442850828170776,,,3.4429121017456055,False,0.132048566,0.749402418931,0,-1.0,0.2277519702911377,1.0256075859069824,-0.132048562169075,0.03007432073354721,0.1354300081729889,-0.132048562169075,0.03007432073354721,0.1354300081729889,-0.13204097747802734,0.009463067166507244,0.1323796510696411,-0.13204097747802734,0.009463068097829819,0.1323796510696411,-0.13204097747802734,0.009462833404541016,0.13237962126731873,False,False,2.728399820625782,1.9979998469352722,0.0,-0.5,0.5,0.0,-1.0,141.14590454101562,140.88107299804688,141.14590454101562,140.88107299804688,False,False,-0.3613650351761352,-0.20409224292557843,0.11274040639301428,False,,False,timeout
983,1787624626.7942207,59.58463750034571,0.061532000079751015,16.25170640811139,True,820,0.055409399792551994,0.0652154004201293,15.333801426623477,False,False,False,,2.807116985321045,4.722560405731201,1.3776494264602661,1.4670764207839966,,,3.5554962158203125,True,0.132048566,0.749402418931,0,-1.0,-0.9114344120025635,1.3530383110046387,-0.132048562169075,-0.12035360187292099,0.17866675555706024,-0.132048562169075,-0.12035360187292099,0.17866675555706024,-0.1320466548204422,-0.08782191574573517,0.1585843861103058,-0.1320466548204422,-0.08782191574573517,0.1585843861103058,-0.13204669952392578,-0.08782196044921875,0.15858444571495056,False,False,1.869499683380127,1.9687004387378693,0.0,-0.5,0.5,0.0,-0.5,141.07130432128906,122.30960845947266,141.07130432128906,122.30960845947266,False,False,-0.3563621652909465,-0.1960799427229519,0.11272675522148635,False,,False,timeout
984,1787624626.857585,59.646436700597405,0.061799200251698494,16.18143917602746,True,821,0.055184099823236465,0.062386599369347095,16.02908333053553,False,False,False,,2.675070285797119,4.634738445281982,1.3766438961029053,1.3797091245651245,,,3.504443645477295,True,0.132048566,0.749402418931,0,0.457069993019104,-0.5165227651596069,0.6897163987159729,0.06035543605685234,-0.06820608675479889,0.09107606112957001,0.06035543605685234,-0.06820608675479889,0.09107606112957001,0.012139927595853806,-0.07312177866697311,0.07412268966436386,0.012139931321144104,-0.07312177866697311,0.07412268966436386,0.012140035629272461,-0.07312154769897461,0.07412247359752655,False,False,2.635999582707882,2.0930999889969826,1.0,0.0,1.0,0.0,-0.5,202.40834045410156,144.59352111816406,202.40834045410156,144.59352111816406,False,False,-0.3539142494076298,-0.1921027180719331,0.11285904174712681,False,,False,timeout
985,1787624626.9179978,59.70777850039303,0.061341799795627594,16.302097482168747,True,822,0.05233309976756573,0.06202800013124943,16.12175143296623,False,False,False,,2.6872103214263916,4.561616897583008,1.4047614336013794,1.2871383428573608,,,3.516658067703247,True,0.132048566,0.749402418931,0,-1.0,-1.0,1.4142135381698608,-0.132048562169075,-0.132048562169075,0.18674486875534058,-0.132048562169075,-0.132048562169075,0.18674486875534058,-0.09591524302959442,-0.11728159338235855,0.15150810778141022,-0.09591524302959442,-0.11728159338235855,0.15150810778141022,-0.09591531753540039,-0.11728143692016602,0.15150803327560425,False,False,2.697399817407131,1.400800421833992,1.0,0.0,1.0,1.0,0.0,205.28756713867188,134.89210510253906,205.28756713867188,134.89210510253906,False,False,-0.35021605079632967,-0.18868598022057015,0.11287545556493696,False,,False,timeout
986,1787624626.9792988,59.76918120030314,0.061402699910104275,16.2859288185053,True,823,0.04260160028934479,0.0641909996047616,15.578507986434618,False,False,False,,2.591295003890991,4.444335460662842,1.6260417699813843,1.3089925050735474,,,3.28056263923645,False,0.132048566,0.749402418931,0,-1.0,-0.7249768376350403,1.235148310661316,-0.132048562169075,-0.09573215246200562,0.16309955716133118,-0.132048562169075,-0.09573215246200562,0.16309955716133118,-0.12299365550279617,-0.1011323481798172,0.15923313796520233,-0.12299365550279617,-0.1011323481798172,0.15923313796520233,-0.12299370765686035,-0.10113239288330078,0.1592331975698471,False,False,2.8860000893473625,1.4673005789518356,1.0,0.0,1.0,1.0,0.0,227.94668579101562,137.18240356445312,227.94668579101562,137.18240356445312,False,False,-0.3424887614001701,-0.19577893603215976,0.11295948956847707,False,,False,timeout
987,1787624627.0401514,59.82993440050632,0.06075320020318031,16.460038263920982,True,824,0.031352500431239605,0.07113930024206638,14.056927698154048,False,False,False,,2.468301296234131,4.343203067779541,1.8380857706069946,1.305334210395813,,,3.102550506591797,False,0.132048566,0.749402418931,0,0.3797779083251953,-1.0,1.0696874856948853,0.05014912784099579,-0.132048562169075,0.14125068485736847,0.05014912784099579,-0.132048562169075,0.14125068485736847,0.006759952753782272,-0.12430103868246078,0.12448471784591675,0.006759956479072571,-0.12430103868246078,0.12448471784591675,0.0067598819732666016,-0.12430095672607422,0.12448463588953018,False,False,2.6944000273942947,1.2106997892260551,1.0,0.0,1.0,1.0,0.0,249.6599884033203,136.7990264892578,249.6599884033203,136.7990264892578,False,False,-0.33436651406769197,-0.20147239840814268,0.1129560453359103,False,,False,timeout
988,1787624627.1005907,59.8914812002331,0.06154679972678423,16.247798495440133,True,825,0.018986299633979797,0.07200529985129833,13.887866616278925,False,False,False,,2.4750611782073975,4.218902111053467,2.0362720489501953,1.3068920373916626,,,2.9448835849761963,False,0.132048566,0.749402418931,0,-1.0,-1.0,1.4142135381698608,-0.132048562169075,-0.132048562169075,0.18674486875534058,-0.132048562169075,-0.132048562169075,0.18674486875534058,-0.09726350009441376,-0.13010703027248383,0.16244392096996307,-0.09726350009441376,-0.13010703027248383,0.16244392096996307,-0.09726357460021973,-0.13010692596435547,0.16244389116764069,False,False,1.7667002975940704,1.196100376546383,1.0,0.0,1.0,1.0,0.0,269.9542541503906,136.9622802734375,269.9542541503906,136.9622802734375,False,False,-0.3269044899058915,-0.2070289013452904,0.11293678009985818,False,,False,timeout
989,1787624627.1630516,59.952957100234926,0.0614759000018239,16.266536967662635,True,826,0.00831650011241436,0.07391320075839758,13.529382975427241,False,False,False,,2.3777976036071777,4.088795185089111,2.220411539077759,1.3048213720321655,,,2.788419008255005,False,0.132048566,0.749402418931,0,-0.9813150763511658,-1.0,1.4010636806488037,-0.1295812427997589,-0.132048562169075,0.1850084364414215,-0.1295812427997589,-0.132048562169075,0.1850084364414215,-0.12148251384496689,-0.1315619945526123,0.17907138168811798,-0.12148251384496689,-0.1315619945526123,0.17907138168811798,-0.12148261070251465,-0.1315619945526123,0.17907144129276276,False,False,2.431199885904789,1.7896993085741997,1.0,0.0,1.0,1.0,0.0,288.8101501464844,136.74526977539062,288.8101501464844,136.74526977539062,False,False,-0.3198583426756279,-0.2120407660879,0.11293730005558653,False,,False,timeout
