step,t_wall_s,t_task_s,control_dt_s,control_loop_hz_inst,policy_dt_s,policy_loop_hz_inst,policy_deadline_overrun_s,policy_deadline_overrun,policy_schedule_resynced,policy_step_start_perf,servo_publish_perf,servo_publish_latency_ms,servo_endpoint_deadline_perf,servo_endpoint_lateness_s,servo_dt_s,servo_loop_hz_inst,servo_target_age_s,servo_interpolation_phase,servo_command_sequence,servo_policy_step,servo_commanded_world_x,servo_commanded_world_y,servo_commanded_world_z,servo_target_world_x,servo_target_world_y,servo_target_world_z,servo_segment_start_world_x,servo_segment_start_world_y,servo_segment_start_world_z,servo_segment_end_world_x,servo_segment_end_world_y,servo_segment_end_world_z,servo_segment_start_perf,servo_segment_end_perf,servo_segment_elapsed_s,servo_segment_duration_s,servo_pending_segment_count,servo_command_step_limited,servo_command_step_limited_count,servo_publish_rejected_count,servo_tracking_error_cm,servo_target_error_cm,servo_deadline_overrun_s,servo_deadline_overrun_count,servo_watchdog_stopped,servo_stop_reason,vision_frame_available,vision_frame_id,vision_age_s,camera_dt_s,camera_hz_inst,hand_detected,microrobot_detected,dead_reckoning_used,dead_reckoning_age_s,hand_x_cm,hand_y_cm,robot_x_cm,robot_y_cm,microrobot_x_cm,microrobot_y_cm,distance_cm,in_zpd,virtual_hand_stride_cm,virtual_hand_smoothing_alpha,virtual_hand_delay_frames,virtual_hand_action_x,virtual_hand_action_y,virtual_hand_action_norm,virtual_hand_command_dx_cm,virtual_hand_command_dy_cm,virtual_hand_command_norm_cm,virtual_hand_delayed_dx_cm,virtual_hand_delayed_dy_cm,virtual_hand_delayed_norm_cm,virtual_hand_smoothed_dx_cm,virtual_hand_smoothed_dy_cm,virtual_hand_smoothed_norm_cm,virtual_hand_exec_dx_cm,virtual_hand_exec_dy_cm,virtual_hand_exec_norm_cm,virtual_hand_actual_dx_cm,virtual_hand_actual_dy_cm,virtual_hand_actual_norm_cm,virtual_hand_accel_clipped,virtual_hand_workspace_clipped,virtual_hand_policy_inference_ms,mpc_prediction_mode,mpc_tracking_alpha,mpc_command_actual_lag_cm,mpc_predicted_first_command_x_cm,mpc_predicted_first_command_y_cm,mpc_predicted_first_actual_x_cm,mpc_predicted_first_actual_y_cm,mpc_predicted_min_hand_distance_cm,mpc_hand_velocity_x_cm_step,mpc_hand_velocity_y_cm_step,policy_inference_ms,action_x,action_y,action_norm,last_action_x,last_action_y,virtual_target_x_px,virtual_target_y_px,desired_target_x_px,desired_target_y_px,planned_anchor_x_cm,planned_anchor_y_cm,planned_target_x_cm,planned_target_y_cm,planned_delta_dx_cm,planned_delta_dy_cm,planned_delta_norm_cm,actual_robot_move_dx_cm,actual_robot_move_dy_cm,actual_robot_move_norm_cm,actual_to_planned_step_projection,planned_endpoint_actual_lag_cm,planned_endpoint_actual_lag_excess_cm,servo_follower_lag_allowance_cm,servo_lag_warning_cm,servo_lag_hard_limit_cm,servo_publish_accepted,servo_publish_reject_reason,target_clipped,target_step_limited,robot_world_x,robot_world_y,robot_world_z,safety_stop,safety_reason,task_finished,done_reason
0,1787733835.4924688,2.998858690261841e-07,,,,,2.998858690261841e-07,False,False,7275040.4284386,7275040.4326714,4.232799634337425,7275040.4784386,0.0,,,0.0004820004105567932,1.0,0,-1,-0.22707125976359357,-0.522737977253404,0.113,-0.22707125976359357,-0.522737977253404,0.113,-0.22707125976359357,-0.522737977253404,0.113,-0.22707125976359357,-0.522737977253404,0.113,7275040.4273732,7275040.4273732,0.0004820004105567932,0.0,1,False,0,0,0.0036625041710266456,0.0036625041710266456,0.0,0,False,,False,,,,,False,False,False,,3.012446403503418,4.665899276733398,7.500453472137451,4.999785900115967,,,4.500410079956055,True,0.202364325,0.803824171214,3,1.0,1.0,1.4142135381698608,0.20236432552337646,0.20236432552337646,0.2861863672733307,0.0,0.0,0.0,0.0,0.0,0.0,0.0,0.0,0.0,0.0,0.0,0.0,False,False,2.4846000596880913,dual_command_actual,0.5,0.0004184568824712187,7.5000386238098145,4.99984073638916,7.500246047973633,4.999813079833984,4.5000128746032715,0.0,0.0,1.2473994866013527,0.0,0.0,0.0,0.0,0.0,768.0039672851562,523.9832763671875,768.0039672851562,523.9832763671875,7.5000386238098145,4.99984073638916,7.5000386238098145,4.99984073638916,0.0,0.0,0.0,0.0,0.0,0.0,,0.0004184568824712187,0.0,2.0,1.5,3.0,True,,False,False,-0.22705385892981256,-0.5227476412592655,0.11296925570533072,False,,False,caught
1,1787733835.5442626,0.05109350010752678,0.05109320022165775,19.572076042637722,0.05109320022165775,19.572076042637722,0.001093500293791294,True,False,7275040.4784386,7275040.484314,5.8754002675414085,7275040.5284386,0.0,0.00856119953095913,116.80606162533486,0.05350959952920675,1.0,1,0,-0.2267965464124442,-0.5223418581281509,0.113,-0.2267965464124442,-0.5223418581281509,0.113,-0.22707125976359357,-0.522737977253404,0.113,-0.2267965464124442,-0.5223418581281509,0.113,7275040.4284386,7275040.4784386,0.05350959952920675,0.049999999813735485,1,False,0,0,0.04667743840666772,0.04667743840666772,0.0005611995309591292,1,False,,True,2,0.0019524004310369492,0.028455999679863453,35.14197396859117,False,False,False,,3.012446403503418,4.665899276733398,7.499983787536621,4.999522686004639,,,4.499921798706055,True,0.202364325,0.803824171214,3,1.0,1.0,1.4142135381698608,0.20236432552337646,0.20236432552337646,0.2861863672733307,0.0,0.0,0.0,0.0,0.0,0.0,0.0,0.0,0.0,0.0,0.0,0.0,False,False,2.5352006778120995,dual_command_actual,0.5,0.0003227430279366672,7.5000386238098145,4.99984073638916,7.500011444091797,4.99968147277832,4.4999613761901855,0.0,0.0,1.0787006467580795,0.0,0.0,0.0,0.0,0.0,768.0039672851562,523.9832763671875,768.0039672851562,523.9832763671875,7.5000386238098145,4.99984073638916,7.5000386238098145,4.99984073638916,0.0,0.0,0.0,-0.0004696846008300781,-0.000263214111328125,0.0005384099786169827,,0.0003227430279366672,0.0,2.0,1.5,3.0,True,,False,False,-0.22706396840418144,-0.5227229909737581,0.11296681027334379,False,,False,caught
2,1787733835.5933645,0.10000339988619089,0.04890989977866411,20.445758517710733,0.04890989977866411,20.445758517710733,3.400258719921112e-06,False,False,7275040.5284386,7275040.5332905,4.851900041103363,7275040.5784386,0.0,0.008004199713468552,124.93441390740344,0.051568400114774704,1.0,2,1,-0.2267965464124442,-0.5223418581281509,0.113,-0.2267965464124442,-0.5223418581281509,0.113,-0.2267965464124442,-0.5223418581281509,0.113,-0.2267965464124442,-0.5223418581281509,0.113,7275040.4784386,7275040.5284386,0.051568400114774704,0.049999999813735485,1,False,0,0,0.02012264674598243,0.02012264674598243,4.199713468551469e-06,1,False,,True,3,0.01826489996165037,0.028461900539696217,35.134688163402366,False,False,False,,3.012446403503418,4.665899276733398,7.4980669021606445,4.993849277496338,,,4.497592926025391,True,0.202364325,0.803824171214,3,1.0,0.5372936725616455,1.135202407836914,0.20236432552337646,0.10872907191514969,0.2297244668006897,0.0,0.0,0.0,0.0,0.0,0.0,0.0,0.0,0.0,0.0,0.0,0.0,False,False,1.953999511897564,dual_command_actual,0.5,0.006307556293904781,7.5000386238098145,4.99984073638916,7.499053001403809,4.996845245361328,4.498795986175537,0.0,0.0,1.5320004895329475,0.0,0.0,0.0,0.0,0.0,768.0039672851562,523.9832763671875,768.0039672851562,523.9832763671875,7.5000386238098145,4.99984073638916,7.5000386238098145,4.99984073638916,0.0,0.0,0.0,-0.0019168853759765625,-0.005673408508300781,0.0059884898364543915,,0.006307556293904781,0.0,2.0,1.5,3.0,True,,False,False,-0.22696983309339774,-0.5224289138365955,0.11294628667727949,False,,False,caught
3,1787733835.641853,0.15000140015035868,0.049998000264167786,20.000799926325712,0.049998000264167786,20.000799926325712,1.4007091522216797e-06,False,False,7275040.5784386,7275040.5821037,3.665100783109665,7275040.628438599,0.0,0.008019499480724335,124.69606144418358,0.0496161999180913,0.9923240020585209,3,2,-0.2267965464124442,-0.5223418581281509,0.113,-0.2267965464124442,-0.5223418581281509,0.113,-0.2267965464124442,-0.5223418581281509,0.113,-0.2267965464124442,-0.5223418581281509,0.113,7275040.5284386,7275040.5784386,0.0496161999180913,0.049999999813735485,1,False,0,0,0.013715851977086423,0.013715851977086423,1.949948072433455e-05,1,False,,True,4,0.04010090045630932,0.032436199486255646,30.829752432116315,False,False,False,,3.012446403503418,4.665899276733398,7.497591972351074,4.991270542144775,,,4.496932029724121,True,0.202364325,0.803824171214,3,1.0,1.0,1.4142135381698608,0.20236432552337646,0.20236432552337646,0.2861863672733307,0.20236432552337646,0.20236432552337646,0.2861863672733307,0.16266533732414246,0.16266533732414246,0.23004353046417236,0.16266533732414246,0.16266533732414246,0.23004353046417236,0.16266536712646484,0.16266536712646484,0.23004357516765594,False,False,1.3959994539618492,dual_command_actual,0.5,0.008912594057619572,7.5000386238098145,4.99984073638916,7.498815536499023,4.995555877685547,4.498464107513428,0.0,0.0,0.9982995688915253,0.0,0.0,0.0,0.0,0.0,768.0039672851562,523.9832763671875,768.0039672851562,523.9832763671875,7.5000386238098145,4.99984073638916,7.5000386238098145,4.99984073638916,0.0,0.0,0.0,-0.0004749298095703125,-0.0025787353515625,0.00262210494838655,,0.008912594057619572,0.0,2.0,1.5,3.0,True,,False,False,-0.2269119929327382,-0.522306700058704,0.11293481970657851,False,,False,caught
4,1787733835.6914954,0.20000110007822514,0.04999969992786646,20.000120029573768,0.04999969992786646,20.000120029573768,1.1008232831954956e-06,False,False,7275040.628438599,7275040.6321026,3.664000891149044,7275040.678438599,0.0,0.008017299696803093,124.73027550644653,0.04765820037573576,0.9531640110655278,4,3,-0.2267965464124442,-0.5223418581281509,0.113,-0.2267965464124442,-0.5223418581281509,0.113,-0.2267965464124442,-0.5223418581281509,0.113,-0.2267965464124442,-0.5223418581281509,0.113,7275040.5784386,7275040.628438599,0.04765820037573576,0.049999999813735485,1,False,0,0,0.013643461504479041,0.013643461504479041,1.729969680309279e-05,1,False,,True,5,0.01405400037765503,0.02815250027924776,35.520823730783746,False,False,False,,3.175111770629883,4.828564643859863,7.497402667999268,4.99113130569458,,,4.325346946716309,True,0.202364325,0.803824171214,3,1.0,0.1260584592819214,1.0079140663146973,0.20236432552337646,0.025509735569357872,0.20396584272384644,0.20236432552337646,0.20236432552337646,0.2861863672733307,0.19457635283470154,0.19457635283470154,0.27517253160476685,0.19457635283470154,0.19457635283470154,0.27517253160476685,0.19457626342773438,0.19457626342773438,0.2751723825931549,False,False,1.4805998653173447,dual_command_actual,0.5,0.009099585004150867,7.800038814544678,5.299840927124023,7.648720741271973,5.145485877990723,4.427187919616699,0.05422179028391838,0.05422179028391838,1.016700640320778,0.5,0.5,0.7071067690849304,0.0,0.0,798.7239379882812,555.42333984375,798.7239379882812,555.42333984375,7.5000386238098145,4.99984073638916,7.800038814544678,5.299840927124023,0.3000001907348633,0.3000001907348633,0.4242643415927887,-0.00018930435180664062,-0.0001392364501953125,0.00023499559029005468,,0.009099585004150867,0.0,2.0,1.5,3.0,True,,False,False,-0.226915073071015,-0.5222953355065567,0.11295099509136357,False,,False,caught
5,1787733835.7411437,0.2500024000182748,0.05000129994004965,19.999480037498543,0.05000129994004965,19.999480037498543,2.4009495973587036e-06,False,False,7275040.678438599,7275040.68206,3.621400333940983,7275040.728438599,0.0,0.008000900037586689,124.9859384946934,0.045684000477194786,0.913680012947619,5,4,-0.22527032451582307,-0.5374854894227388,0.113,-0.22465308017735822,-0.5436099728291673,0.113,-0.2267965464124442,-0.5223418581281509,0.113,-0.22465308017735822,-0.5436099728291673,0.113,7275040.628438599,7275040.678438599,0.045684000477194786,0.049999999813735485,1,True,5,0,1.3694302913198533,1.984962804180505,9.000375866888288e-07,1,False,,True,6,0.0003844005987048149,0.07604729942977428,13.149710870712086,False,False,False,,3.369688034057617,5.023140907287598,7.519222736358643,5.0136332511901855,,,4.149545192718506,True,0.202364325,0.803824171214,3,1.0,0.6207997798919678,1.1770269870758057,0.20236432552337646,0.12562772631645203,0.2381882518529892,0.20236432552337646,0.10872907191514969,0.2297244668006897,0.20083649456501007,0.12557022273540497,0.23686109483242035,0.20083649456501007,0.12557022273540497,0.23686109483242035,0.2008364200592041,0.12557029724121094,0.23686107993125916,False,False,1.4629000797867775,dual_command_actual,0.5,0.4009644687175751,8.400038719177246,5.299840927124023,7.959630966186523,5.156737327575684,4.419583797454834,0.1190805435180664,0.1190805435180664,1.0075997561216354,1.0,0.0,1.0,0.5,0.5,860.1639404296875,555.42333984375,860.1639404296875,555.42333984375,7.800038814544678,5.299840927124023,8.400038719177246,5.299840927124023,0.5999999046325684,0.0,0.5999999046325684,0.021820068359375,0.02250194549560547,0.031344104558229446,0.0738699734210968,0.4009644687175751,0.0,2.0,1.5,3.0,True,,False,False,-0.2267481644787477,-0.5238713504183775,0.11292830277306498,False,,False,caught
6,1787733835.7917023,0.3000026000663638,0.05000020004808903,19.999919981084542,0.05000020004808903,19.999919981084542,2.6011839509010315e-06,False,False,7275040.728438599,7275040.7315103,3.071701154112816,7275040.778438599,0.0,0.008000299334526062,124.995323073026,0.05171370040625334,1.0,6,5,-0.21377801873945373,-0.5508239951867332,0.113,-0.2016085726477426,-0.5611333711012505,0.113,-0.22465308017735822,-0.5436099728291673,0.113,-0.2016085726477426,-0.5611333711012505,0.113,7275040.678438599,7275040.728438599,0.05171370040625334,0.049999999813735485,1,True,12,0,2.036493620092251,3.599612635989201,2.993345260618452e-07,1,False,,False,,,,,False,False,False,,3.5705244541168213,5.148711204528809,7.666436195373535,5.154382705688477,,,4.095915794372559,True,0.202364325,0.803824171214,3,1.0,-0.41121262311935425,1.081247329711914,0.20236432552337646,-0.08321476727724075,0.21880587935447693,0.20236432552337646,0.20236432552337646,0.2861863672733307,0.20206458866596222,0.1872991919517517,0.2755196690559387,0.20206458866596222,0.1872991919517517,0.2755196690559387,0.20206451416015625,0.18729925155639648,0.27551963925361633,False,False,1.7948001623153687,dual_command_actual,0.5,0.747884213924408,8.70003890991211,5.299840927124023,8.183237075805664,5.22711181640625,4.427455425262451,0.18602602183818817,0.16093730926513672,1.0176999494433403,0.5,0.0,0.5,1.0,0.0,890.8839721679688,555.42333984375,890.8839721679688,555.42333984375,8.400038719177246,5.299840927124023,8.70003890991211,5.299840927124023,0.3000001907348633,0.0,0.3000001907348633,0.14721345901489258,0.14074945449829102,0.20367181301116943,0.24535579979419708,0.747884213924408,0.0,2.0,1.5,3.0,True,,False,False,-0.22529731712652637,-0.5340312776680823,0.1132025573400956,False,,False,caught
7,1787733835.8412204,0.3500092998147011,0.05000669974833727,19.997320459710004,0.05000669974833727,19.997320459710004,9.301118552684784e-06,False,False,7275040.778438599,7275040.781852,3.4134015440940857,7275040.828438599,0.0,0.008003399707376957,124.94690213688466,0.049970501102507114,0.9994100257732348,7,6,-0.20186505364008503,-0.5605192168558327,0.113,-0.19041482788163563,-0.5696452669376205,0.113,-0.2016085726477426,-0.5611333711012505,0.113,-0.19041482788163563,-0.5696452669376205,0.113,7275040.728438599,7275040.778438599,0.049970501102507114,0.049999999813735485,1,True,18,0,2.128789178801242,3.592827173961319,3.399707376956773e-06,1,False,,True,7,0.03226379957050085,0.06367290019989014,15.705268597168837,False,False,False,,3.7725889682769775,5.336010456085205,7.942793846130371,5.271981239318848,,,4.17069673538208,True,0.202364325,0.803824171214,3,1.0,0.7800885438919067,1.2682815790176392,0.20236432552337646,0.1578620970249176,0.2566549479961395,0.20236432552337646,0.025509735569357872,0.20396584272384644,0.20230551064014435,0.057248927652835846,0.21024975180625916,0.20230551064014435,0.05724892020225525,0.21024975180625916,0.20230555534362793,0.05724906921386719,0.21024982631206512,False,False,1.3868995010852814,dual_command_actual,0.5,0.7577574253082275,9.000039100646973,5.599841117858887,8.471416473388672,5.435911178588867,4.4621992111206055,0.19915907084941864,0.16914860904216766,1.0112002491950989,0.5,0.5,0.7071067690849304,0.5,0.0,921.6040649414062,586.8633422851562,921.6040649414062,586.8633422851562,8.70003890991211,5.299840927124023,9.000039100646973,5.599841117858887,0.3000001907348633,0.3000001907348633,0.4242643415927887,0.27635765075683594,0.1175985336303711,0.30033808946609497,0.9211915731430054,0.7577574253082275,0.0,2.0,1.5,3.0,True,,False,False,-0.21825938835332812,-0.5469407111535268,0.1131559133757116,False,,False,caught
8,1787733835.891853,0.40072990022599697,0.05072060041129589,19.71585493647453,0.05072060041129589,19.71585493647453,0.0007299017161130905,False,False,7275040.828438599,7275040.8327862,4.347600974142551,7275040.8784385985,0.0,0.008002500049769878,124.96094892604921,0.047994800843298435,0.9598960204418601,8,7,-0.1940831351922766,-0.5736014662901724,0.113,-0.18766013094473302,-0.5907864251142374,0.113,-0.19041482788163563,-0.5696452669376205,0.113,-0.18766013094473302,-0.5907864251142374,0.113,7275040.778438599,7275040.828438599,0.047994800843298435,0.049999999813735485,1,True,24,0,1.6824540509182369,3.475957903060943,2.500049769878221e-06,1,False,,True,8,0.006406800821423531,0.06830480042845011,14.640259450688374,False,False,False,,3.9748945236206055,5.393259525299072,8.340600967407227,5.3172287940979,,,4.366368293762207,True,0.202364325,0.803824171214,3,1.0,-0.22955060005187988,1.0260084867477417,0.20236432552337646,-0.046452853828668594,0.20762751996517181,0.20236432552337646,0.12562772631645203,0.2381882518529892,0.20235279202461243,0.11221349239349365,0.23138391971588135,0.20235279202461243,0.11221349239349365,0.23138391971588135,0.20235300064086914,0.1122136116027832,0.23138415813446045,False,False,1.3878997415304184,dual_command_actual,0.5,0.7174457311630249,9.000039100646973,4.999841213226318,8.670320510864258,5.158535003662109,4.4328203201293945,0.2017354965209961,0.1233728751540184,1.0329000651836395,0.0,-1.0,1.0,0.5,0.5,921.6040649414062,523.9833374023438,921.6040649414062,523.9833374023438,9.000039100646973,5.599841117858887,9.000039100646973,4.999841213226318,0.0,-0.5999999046325684,0.5999999046325684,0.39780712127685547,0.045247554779052734,0.40037214756011963,0.7384240031242371,0.7174457311630249,0.0,2.0,1.5,3.0,True,,False,False,-0.20445059432744214,-0.5603513644356728,0.11312552000309695,False,,False,caught
9,1787733835.9413886,0.45000309962779284,0.049273199401795864,20.295008486166072,0.049273199401795864,20.295008486166072,3.1013041734695435e-06,False,False,7275040.8784385985,7275040.8819381,3.499501384794712,7275040.928438598,0.0,0.008001599460840225,124.9750134200035,0.04603790119290352,0.9207580272881614,9,8,-0.1813275888325176,-0.5748349020637592,0.113,-0.16964266710148157,-0.5656755803354129,0.113,-0.18766013094473302,-0.5907864251142374,0.113,-0.16964266710148157,-0.5656755803354129,0.113,7275040.828438599,7275040.8784385985,0.04603790119290352,0.049999999813735485,1,True,30,0,1.2693615379214702,2.497475555551169,1.5994608402250532e-06,1,False,,False,,,,,False,False,False,,4.177247524261475,5.5054731369018555,8.665977478027344,5.374971389770508,,,4.490626811981201,True,0.202364325,0.803824171214,3,1.0,0.058402955532073975,1.0017039775848389,0.20236432552337646,0.011818674392998219,0.2027091532945633,0.20236432552337646,-0.08321476727724075,0.21880587935447693,0.20236210525035858,-0.044876448810100555,0.20727835595607758,0.20236210525035858,-0.04487645626068115,0.20727835595607758,0.202362060546875,-0.0448765754699707,0.20727834105491638,False,False,2.1251002326607704,dual_command_actual,0.5,0.5023144483566284,9.000039100646973,4.39984130859375,8.8330078125,4.887406349182129,4.5113372802734375,0.20224101841449738,0.11892064660787582,1.0379999876022339,0.0,-1.0,1.0,0.0,-1.0,921.6040649414062,461.1033630371094,921.6040649414062,461.1033630371094,9.000039100646973,4.999841213226318,9.000039100646973,4.39984130859375,0.0,-0.5999999046325684,0.5999999046325684,0.3253765106201172,0.05774259567260742,0.33046039938926697,-0.0962376743555069,0.5023144483566284,0.0,2.0,1.5,3.0,True,,False,False,-0.1937464439831047,-0.5722120698828379,0.11314373411180281,False,,False,caught
10,1787733835.993121,0.5001224996522069,0.05011940002441406,19.952353769456177,0.05011940002441406,19.952353769456177,0.00012250151485204697,False,False,7275040.928438598,7275040.933036,4.59740124642849,7275040.978438598,0.0,0.008008799515664577,124.86265863492764,0.052082001231610775,1.0,10,9,-0.1690943052067653,-0.5617828236458119,0.113,-0.15172355753941927,-0.5407018114019883,0.113,-0.16964266710148157,-0.5656755803354129,0.113,-0.15172355753941927,-0.5407018114019883,0.113,7275040.8784385985,7275040.928438598,0.052082001231610775,0.049999999813735485,1,True,37,0,1.9707013536710376,4.700200882970177,8.799515664577318e-06,1,False,,True,9,0.04053390026092529,0.07639929931610823,13.089125279309432,False,False,False,,4.37960958480835,5.460596561431885,8.904401779174805,5.3044891357421875,,,4.52748441696167,True,0.202364325,0.803824171214,3,1.0,-1.0,1.4142135381698608,0.20236432552337646,-0.20236432552337646,0.2861863672733307,0.20236432552337646,0.1578620970249176,0.2566549479961395,0.20236387848854065,0.11808967590332031,0.23429961502552032,0.20236387848854065,0.11808967590332031,0.23429961502552032,0.2023639678955078,0.11808967590332031,0.2342996895313263,False,False,1.805400475859642,dual_command_actual,0.5,0.9096890687942505,9.000039100646973,3.7998414039611816,8.952220916748047,4.5521650314331055,4.458114147186279,0.20234020054340363,0.04152870178222656,1.3204999268054962,0.0,-1.0,1.0,0.0,-1.0,921.6040649414062,398.223388671875,921.6040649414062,398.223388671875,9.000039100646973,4.39984130859375,9.000039100646973,3.7998414039611816,0.0,-0.5999999046325684,0.5999999046325684,0.23842430114746094,-0.07048225402832031,0.24862399697303772,0.11747044324874878,0.9096890687942505,0.0,2.0,1.5,3.0,True,,False,False,-0.18251891860902397,-0.5762100093241947,0.113049506943426,False,,False,caught
11,1787733836.0446756,0.5525717996060848,0.052449299953877926,19.066031403266866,0.052449299953877926,19.066031403266866,0.0025718016549944878,True,False,7275040.978438598,7275040.9848075,6.368901580572128,7275041.028438598,0.0,0.008005799725651741,124.90944493600749,0.050126101821660995,1.0,11,10,-0.15965568237839284,-0.5496657638591456,0.113,-0.13332171567638468,-0.5150552609947171,0.113,-0.15172355753941927,-0.5407018114019883,0.113,-0.13332171567638468,-0.5150552609947171,0.113,7275040.928438598,7275040.978438598,0.050126101821660995,0.049999999813735485,1,True,43,0,1.9058422587988673,6.248968917607728,5.799725651740861e-06,1,False,,True,10,0.029441899619996548,0.0654369005933404,15.281897384085019,False,False,False,,4.581973552703857,5.578686237335205,8.99481201171875,4.994056224822998,,,4.451396942138672,True,0.202364325,0.803824171214,3,1.0,-1.0,1.4142135381698608,0.20236432552337646,-0.20236432552337646,0.2861863672733307,0.20236432552337646,-0.046452853828668594,0.20762751996517181,0.2023642510175705,-0.014173585921525955,0.2028599977493286,0.2023642510175705,-0.014173582196235657,0.2028599977493286,0.20236444473266602,-0.014173507690429688,0.20286019146442413,False,False,1.475900411605835,dual_command_actual,0.5,1.1942262649536133,9.300039291381836,4.099841594696045,9.147425651550293,4.5469489097595215,4.498045921325684,0.20235967636108398,0.06180890277028084,1.0155001655220985,0.5,0.5,0.7071067690849304,0.0,-1.0,952.3240356445312,429.66339111328125,952.3240356445312,429.66339111328125,9.000039100646973,3.7998414039611816,9.300039291381836,4.099841594696045,0.3000001907348633,0.3000001907348633,0.4242643415927887,0.09041023254394531,-0.31043291091918945,0.32333049178123474,0.5173882246017456,1.1942262649536133,0.0,2.0,1.5,3.0,True,,False,False,-0.16972525791791201,-0.56584624730162,0.11286188568472619,False,,False,caught
12,1787733836.0916593,0.6000028997659683,0.0474311001598835,21.083213263642254,0.0474311001598835,21.083213263642254,2.902001142501831e-06,False,False,7275041.028438598,7275041.0318096,3.3710021525621414,7275041.078438598,0.0,0.008000700734555721,124.98905198152372,0.04815850220620632,0.9631700477122145,12,11,-0.14737257152979338,-0.5409203898702724,0.113,-0.1306015680543202,-0.5365781648175852,0.113,-0.13332171567638468,-0.5150552609947171,0.113,-0.1306015680543202,-0.5365781648175852,0.113,7275040.978438598,7275041.028438598,0.04815850220620632,0.049999999813735485,1,True,49,0,1.9637365959480206,3.574873587302581,7.007345557211164e-07,1,False,,False,,,,,False,False,False,,4.784337997436523,5.564512729644775,8.99704647064209,4.724446773529053,,,4.295651912689209,True,0.202364325,0.803824171214,3,1.0,-1.0,1.4142135381698608,0.20236432552337646,-0.20236432552337646,0.2861863672733307,0.20236432552337646,0.011818674392998219,0.2027091532945633,0.20236435532569885,0.006719636730849743,0.2024758905172348,0.20236435532569885,0.0067196376621723175,0.2024758905172348,0.20236444473266602,0.0067195892333984375,0.20247597992420197,False,False,2.056199125945568,dual_command_actual,0.5,0.6942163109779358,9.6000394821167,4.099841594696045,9.298542976379395,4.412144184112549,4.468296527862549,0.2023634910583496,0.01967986486852169,1.056700013577938,0.5,0.0,0.5,0.5,0.5,983.0440063476562,429.66339111328125,983.0440063476562,429.66339111328125,9.300039291381836,4.099841594696045,9.6000394821167,4.099841594696045,0.3000001907348633,0.0,0.3000001907348633,0.0022344589233398438,-0.2696094512939453,0.2696187198162079,-0.4456247091293335,0.6942163109779358,0.0,2.0,1.5,3.0,True,,False,False,-0.16149641692789282,-0.5545634388550121,0.1128982778434745,False,,False,caught
13,1787733836.1452782,0.6500028995797038,0.049999999813735485,20.000000074505806,0.049999999813735485,20.000000074505806,2.902001142501831e-06,False,False,7275041.078438598,7275041.0845722,6.133602000772953,7275041.128438598,0.0,0.008864599280059338,112.80825770088349,0.05509430170059204,1.0,13,12,-0.1297289831812535,-0.5423459524973293,0.113,-0.11877070581887474,-0.5454705407493917,0.113,-0.1306015680543202,-0.5365781648175852,0.113,-0.11877070581887474,-0.5454705407493917,0.113,7275041.028438598,7275041.078438598,0.05509430170059204,0.049999999813735485,1,True,56,0,1.8840539075666987,3.002687713203125,0.0008645992800593374,1,False,,True,11,0.04741039965301752,0.0633680997416377,15.780810913964068,False,False,False,,4.9867024421691895,5.571232318878174,9.058881759643555,4.377391338348389,,,4.243571758270264,True,0.202364325,0.803824171214,3,1.0,1.0,1.4142135381698608,0.20236432552337646,0.20236432552337646,0.2861863672733307,0.20236432552337646,-0.20236432552337646,0.2861863672733307,0.20236435532569885,-0.16134712100028992,0.25881311297416687,0.20236435532569885,-0.16134712100028992,0.25881311297416687,0.20236444473266602,-0.1613469123840332,0.2588130533695221,False,False,3.670699894428253,dual_command_actual,0.5,0.6081821918487549,9.900039672851562,4.399841785430908,9.479460716247559,4.388616561889648,4.460341453552246,0.20236428081989288,0.03687858581542969,1.1424999684095383,0.5,0.5,0.7071067690849304,0.5,0.0,1013.7640380859375,461.1034240722656,1013.7640380859375,461.1034240722656,9.6000394821167,4.099841594696045,9.900039672851562,4.399841785430908,0.3000001907348633,0.3000001907348633,0.4242643415927887,0.061835289001464844,-0.34705543518066406,0.35252103209495544,0.20611749589443207,0.6081821918487549,0.0,2.0,1.5,3.0,True,,False,False,-0.1485578956411622,-0.5416841608506012,0.1129997651585154,False,,False,caught
14,1787733836.1979544,0.7048118002712727,0.05480890069156885,18.24521177002603,0.05480890069156885,18.24521177002603,0.004811802878975868,True,False,7275041.128438598,7275041.138269,9.830402210354805,7275041.178438597,0.0,0.008010299876332283,124.83927136793724,0.053123402409255505,1.0,14,13,-0.1213918671132575,-0.5549047570275182,0.113,-0.1167460514424006,-0.5670702572656726,0.113,-0.11877070581887474,-0.5454705407493917,0.113,-0.1167460514424006,-0.5670702572656726,0.113,7275041.078438598,7275041.128438598,0.053123402409255505,0.049999999813735485,1,True,62,0,1.8070664273025394,3.078573407922095,1.0299876332282853e-05,1,False,,True,12,0.03573430050164461,0.07965900003910065,12.553509327372295,False,False,False,,5.1890668869018555,5.409885406494141,9.315433502197266,4.173220634460449,,,4.307695388793945,True,0.202364325,0.803824171214,3,1.0,-1.0,1.4142135381698608,0.20236432552337646,-0.20236432552337646,0.2861863672733307,0.20236432552337646,-0.20236432552337646,0.2861863672733307,0.20236435532569885,-0.19431769847869873,0.28055429458618164,0.20236435532569885,-0.19431769847869873,0.28055429458618164,0.20236444473266602,-0.19431781768798828,0.2805544137954712,False,False,2.416800707578659,dual_command_actual,0.5,0.6269940137863159,10.200039863586426,4.099841594696045,9.757736206054688,4.136530876159668,4.422277450561523,0.20236444473266602,-0.056266944855451584,1.1793002486228943,0.5,-0.5,0.7071067690849304,0.5,0.5,1044.484130859375,429.66339111328125,1044.484130859375,429.66339111328125,9.900039672851562,4.399841785430908,10.200039863586426,4.099841594696045,0.3000001907348633,-0.3000001907348633,0.4242643415927887,0.25655174255371094,-0.20417070388793945,0.3278787434101105,0.08730167150497437,0.6269940137863159,0.0,2.0,1.5,3.0,True,,False,False,-0.13232795468560352,-0.5405191824378556,0.11307835562282958,False,,False,caught
15,1787733836.2424273,0.7502852994948626,0.0454734992235899,21.990830199432697,0.0454734992235899,21.990830199432697,0.0002853022888302803,False,False,7275041.178438597,7275041.1825969,4.1583022102713585,7275041.228438597,0.0,0.008393299765884876,119.14265281749692,0.051541002467274666,1.0,15,14,-0.10798561752141492,-0.5613114821312126,0.113,-0.09539891457488205,-0.5630373714507604,0.113,-0.1167460514424006,-0.5670702572656726,0.113,-0.09539891457488205,-0.5630373714507604,0.113,7275041.128438598,7275041.178438597,0.051541002467274666,0.049999999813735485,1,True,68,0,1.9359465063252295,3.0756160588517494,0.0003932997658848761,1,False,,True,13,0.018817000091075897,0.06628699973225594,15.085914342769533,False,False,False,,5.3914313316345215,5.215567588806152,9.574230194091797,4.182386875152588,,,4.308511257171631,True,0.202364325,0.803824171214,3,1.0,-0.5038608312606812,1.1197658777236938,0.20236432552337646,-0.10196346044540405,0.22660067677497864,0.20236432552337646,-0.20236432552337646,0.2861863672733307,0.20236435532569885,-0.2007858008146286,0.285072386264801,0.20236435532569885,-0.2007858008146286,0.285072386264801,0.20236444473266602,-0.20078563690185547,0.28507232666015625,False,False,1.4463001862168312,dual_command_actual,0.5,0.6312301158905029,10.500040054321289,3.7998416423797607,10.037135124206543,3.9911141395568848,4.424741744995117,0.20236444473266602,-0.11631504446268082,1.1779991909861565,0.5,-0.5,0.7071067690849304,0.5,-0.5,1075.2041015625,398.2234191894531,1075.2041015625,398.2234191894531,10.200039863586426,4.099841594696045,10.500040054321289,3.7998416423797607,0.3000001907348633,-0.2999999523162842,0.42426419258117676,0.25879669189453125,0.009166240692138672,0.25895896553993225,0.4160504937171936,0.6312301158905029,0.0,2.0,1.5,3.0,True,,False,False,-0.12250721772272075,-0.5485092111457578,0.11311778261205341,False,,False,caught
16,1787733836.2909942,0.8000026997178793,0.04971740022301674,20.11368244345666,0.04971740022301674,20.11368244345666,2.7026981115341187e-06,False,False,7275041.228438597,7275041.2314989,3.060302697122097,7275041.278438597,0.0,0.008009799756109715,124.84706615008946,0.049583202227950096,0.9916640482532384,16,15,-0.09264888759031419,-0.5609574558325017,0.113,-0.07417851114182038,-0.5593798386863822,0.113,-0.09539891457488205,-0.5630373714507604,0.113,-0.07417851114182038,-0.5593798386863822,0.113,7275041.178438597,7275041.228438597,0.049583202227950096,0.049999999813735485,1,True,74,0,1.8338238735076162,3.6683356497638244,9.799756109714342e-06,1,False,,False,,,,,False,False,False,,5.5937957763671875,5.014781951904297,9.890030860900879,4.205235004425049,,,4.371841907501221,True,0.202364325,0.803824171214,3,1.0,-1.0,1.4142135381698608,0.20236432552337646,-0.20236432552337646,0.2861863672733307,0.20236432552337646,0.20236432552337646,0.2861863672733307,0.20236435532569885,0.12327604740858078,0.23695635795593262,0.20236435532569885,0.10276085138320923,0.22696062922477722,0.20236444473266602,0.10276079177856445,0.2269606739282608,True,False,1.7736004665493965,dual_command_actual,0.5,0.7324308753013611,10.800040245056152,4.099841594696045,10.345035552978516,4.152538299560547,4.479260444641113,0.20236444473266602,-0.18548345565795898,1.0329997166991234,0.5,0.5,0.7071067690849304,0.5,-0.5,1105.924072265625,429.66339111328125,1105.924072265625,429.66339111328125,10.500040054321289,3.7998416423797607,10.800040245056152,4.099841594696045,0.3000001907348633,0.2999999523162842,0.42426419258117676,0.31580066680908203,0.022848129272460938,0.3166261315345764,0.48825427889823914,0.7324308753013611,0.0,2.0,1.5,3.0,True,,False,False,-0.11085671516832878,-0.5587779354881826,0.11312532303315115,False,,False,caught
17,1787733836.3436391,0.8500025998800993,0.04999990016222,20.00003993519174,0.04999990016222,20.00003993519174,2.6030465960502625e-06,False,False,7275041.278438597,7275041.2833317,4.893102683126926,7275041.328438597,0.0,0.008016100153326988,124.74894036658982,0.04762050323188305,0.952410068185665,17,16,-0.08008241838482197,-0.5685773289129937,0.113,-0.07190471242691632,-0.5806962092902916,0.113,-0.07417851114182038,-0.5593798386863822,0.113,-0.07190471242691632,-0.5806962092902916,0.113,7275041.228438597,7275041.278438597,0.04762050323188305,0.049999999813735485,1,True,80,0,1.5278801293658677,2.856664218744876,1.6100153326988054e-05,1,False,,True,14,0.03589159995317459,0.062393900007009506,16.027207786140266,False,False,False,,5.7961602210998535,5.117542743682861,10.212437629699707,4.079367160797119,,,4.53666353225708,True,0.202364325,0.803824171214,3,1.0,-1.0,1.4142135381698608,0.20236432552337646,-0.20236432552337646,0.2861863672733307,0.20236432552337646,-0.20236432552337646,0.2861863672733307,0.20236435532569885,-0.14250615239143372,0.24750623106956482,0.20236435532569885,-0.14250615239143372,0.24750623106956482,0.20236444473266602,-0.14250612258911133,0.2475062906742096,False,False,2.292499877512455,dual_command_actual,0.5,0.5879592299461365,10.500040054321289,4.099841594696045,10.356239318847656,4.089604377746582,4.454861164093018,0.20236444473266602,-0.09744755178689957,1.3851998373866081,-0.5,0.0,0.5,0.5,0.5,1075.2041015625,429.66339111328125,1075.2041015625,429.66339111328125,10.800040245056152,4.099841594696045,10.500040054321289,4.099841594696045,-0.3000001907348633,0.0,0.3000001907348633,0.3224067687988281,-0.1258678436279297,0.3461052477359772,0.3275650441646576,0.5879592299461365,0.0,2.0,1.5,3.0,True,,False,False,-0.09428378964327881,-0.5629415003707852,0.11301612431112446,False,,False,caught
18,1787733836.3941846,0.9020587000995874,0.052056100219488144,19.210044467096516,0.052056100219488144,19.210044467096516,0.002058703452348709,True,False,7275041.328438597,7275041.3341996,5.7610031217336655,7275041.378438597,0.0,0.008011000230908394,124.82835740557789,0.05365790333598852,1.0,18,17,-0.08347459566501281,-0.5719999917879004,0.113,-0.08347459566501281,-0.5719999917879004,0.113,-0.07190471242691632,-0.5806962092902916,0.113,-0.08347459566501281,-0.5719999917879004,0.113,7275041.278438597,7275041.328438597,0.05365790333598852,0.049999999813735485,1,False,83,0,0.4479895579808212,0.4479895579808212,1.1000230908393693e-05,1,False,,True,15,0.026596300303936005,0.08290350064635277,12.062216820804341,False,False,False,,5.9985246658325195,4.97503662109375,10.48879623413086,4.009332656860352,,,4.592942714691162,True,0.202364325,0.803824171214,3,1.0,-1.0,1.4142135381698608,0.20236432552337646,-0.20236432552337646,0.2861863672733307,0.20236432552337646,-0.10196346044540405,0.22660067677497864,0.20236435532569885,-0.10991694778203964,0.23028910160064697,0.20236435532569885,-0.10991694778203964,0.23028910160064697,0.20236444473266602,-0.10991716384887695,0.2302892804145813,False,False,1.3403994962573051,dual_command_actual,0.5,0.09120466560125351,10.800040245056152,4.399841785430908,10.644418716430664,4.204586982727051,4.496824741363525,0.20236444473266602,-0.08017698675394058,1.19089987128973,0.5,0.5,0.7071067690849304,-0.5,0.0,1105.924072265625,461.1034240722656,1105.924072265625,461.1034240722656,10.500040054321289,4.099841594696045,10.800040245056152,4.399841785430908,0.3000001907348633,0.3000001907348633,0.4242643415927887,0.27635860443115234,-0.07003450393676758,0.28509455919265747,-0.9211947321891785,0.09120466560125351,0.0,2.0,1.5,3.0,True,,False,False,-0.08119936164491624,-0.5681411008585281,0.11304165759220756,False,,False,caught
19,1787733836.4417531,0.9500011997297406,0.04794249963015318,20.858320023244165,0.04794249963015318,20.858320023244165,1.2032687664031982e-06,False,False,7275041.378438597,7275041.3822414,3.8028033450245857,7275041.428438596,0.0,0.00801829993724823,124.71471606525937,0.051722003147006035,1.0,19,18,-0.08207434118210144,-0.5872960333471762,0.113,-0.08149300351933007,-0.5936464254782083,0.113,-0.08347459566501281,-0.5719999917879004,0.113,-0.08149300351933007,-0.5936464254782083,0.113,7275041.328438597,7275041.378438597,0.051722003147006035,0.049999999813735485,1,True,89,0,1.4148417230591006,2.021406884694447,1.8299937248229814e-05,1,False,,True,16,0.011584299616515636,0.0610984992235899,16.367014128129416,False,False,False,,6.2008891105651855,4.865119457244873,10.606598854064941,4.058317184448242,,,4.478973865509033,True,0.202364325,0.803824171214,3,1.0,-0.7510496377944946,1.2506300210952759,0.20236432552337646,-0.15198566019535065,0.25308290123939514,0.20236432552337646,-0.20236432552337646,0.2861863672733307,0.20236435532569885,-0.18422842025756836,0.2736630141735077,0.20236435532569885,-0.18422842025756836,0.2736630141735077,0.20236444473266602,-0.18422842025756836,0.27366307377815247,False,False,1.44289992749691,dual_command_actual,0.5,0.3925030529499054,11.100040435791016,4.099841594696045,10.85331916809082,4.079079627990723,4.446932315826416,0.20236444473266602,-0.04988749697804451,1.1857002973556519,0.5,-0.5,0.7071067690849304,0.5,0.5,1136.6441650390625,429.66339111328125,1136.6441650390625,429.66339111328125,10.800040245056152,4.399841785430908,11.100040435791016,4.099841594696045,0.3000001907348633,-0.3000001907348633,0.4242643415927887,0.11780261993408203,0.048984527587890625,0.12758111953735352,0.27797839045524597,0.3925030529499054,0.0,2.0,1.5,3.0,True,,False,False,-0.07808579664824583,-0.5737218465663344,0.11289667589266972,False,,False,caught
20,1787733836.4922807,1.0000032996758819,0.05000209994614124,19.999160056820212,0.05000209994614124,19.999160056820212,3.3034011721611023e-06,False,False,7275041.428438596,7275041.4319271,3.488503396511078,7275041.478438596,0.0,0.008022800087928772,124.64476106099357,0.04978380352258682,0.9956760741609189,20,19,-0.06789254430263089,-0.5904521337300855,0.113,-0.059917815811611805,-0.5897058646169875,0.113,-0.08149300351933007,-0.5936464254782083,0.113,-0.059917815811611805,-0.5897058646169875,0.113,7275041.378438597,7275041.428438596,0.04978380352258682,0.049999999813735485,1,True,95,0,1.3844395960645883,2.074873369987777,2.2800087928771806e-05,1,False,,False,,,,,False,False,False,,6.403253555297852,4.680891036987305,10.69418716430664,4.214913845062256,,,4.316161155700684,True,0.202364325,0.803824171214,3,1.0,0.1685466170310974,1.0141044855117798,0.20236432552337646,0.03410782292485237,0.20521856844425201,0.20236432552337646,-0.20236432552337646,0.2861863672733307,0.20236435532569885,-0.198806494474411,0.2836817800998688,0.20236435532569885,-0.198806494474411,0.2836817800998688,0.20236444473266602,-0.1988062858581543,0.2836816906929016,False,False,2.115500159561634,dual_command_actual,0.5,0.4218512773513794,11.100040435791016,3.7998416423797607,10.897113800048828,4.007377624511719,4.323850154876709,0.20236444473266602,-0.14555056393146515,1.025499776005745,0.0,-0.5,0.5,0.5,-0.5,1136.6441650390625,398.2234191894531,1136.6441650390625,398.2234191894531,11.100040435791016,4.099841594696045,11.100040435791016,3.7998416423797607,0.0,-0.2999999523162842,0.2999999523162842,0.08758831024169922,0.15659666061401367,0.17942750453948975,-0.11501384526491165,0.4218512773513794,0.0,2.0,1.5,3.0,True,,False,False,-0.07954466787741063,-0.5829778828392966,0.11317575361945517,False,,False,caught
21,1787733836.5459368,1.0537780998274684,0.05377480015158653,18.596070969693724,0.05377480015158653,18.596070969693724,0.0037781037390232086,True,False,7275041.478438596,7275041.4862129,7.774303667247295,7275041.528438596,0.0,0.008315199986100197,120.2616896372443,0.056133903563022614,1.0,21,20,-0.05352738058564103,-0.5802478992818396,0.113,-0.05053456030199288,-0.5770996789315178,0.113,-0.059917815811611805,-0.5897058646169875,0.113,-0.05053456030199288,-0.5770996789315178,0.113,7275041.428438596,7275041.478438596,0.056133903563022614,0.049999999813735485,1,True,102,0,2.020996567884544,2.440868301183463,0.00031519998610019667,1,False,,True,17,0.02794639952480793,0.06294930074363947,15.885799972147302,False,False,False,,6.605618000030518,4.48208475112915,10.92214584350586,4.229804039001465,,,4.323894023895264,True,0.202364325,0.803824171214,3,1.0,0.4526716470718384,1.097684621810913,0.20236432552337646,0.09160459041595459,0.22213222086429596,0.20236432552337646,-0.20236432552337646,0.2861863672733307,0.20236435532569885,-0.20166632533073425,0.2856932580471039,0.20236435532569885,-0.20166632533073425,0.2856932580471039,0.20236444473266602,-0.20166635513305664,0.28569334745407104,False,False,1.6948999837040901,dual_command_actual,0.5,0.46531081199645996,11.700040817260742,3.7998416423797607,11.3110933303833,4.014822959899902,4.424602031707764,0.20236444473266602,-0.1643172949552536,1.064099371433258,1.0,0.0,1.0,0.0,-0.5,1198.0841064453125,398.2234191894531,1198.0841064453125,398.2234191894531,11.100040435791016,3.7998416423797607,11.700040817260742,3.7998416423797607,0.6000003814697266,0.0,0.6000003814697266,0.22795867919921875,0.014890193939208984,0.22844447195529938,-0.04963398724794388,0.46531081199645996,0.0,2.0,1.5,3.0,True,,False,False,-0.07101157480144088,-0.5903835822585117,0.1131166017182584,False,,False,caught
22,1787733836.593542,1.10000369977206,0.04622559994459152,21.63303453494716,0.04622559994459152,21.63303453494716,3.703869879245758e-06,False,False,7275041.528438596,7275041.5333756,4.9370042979717255,7275041.578438596,0.0,0.008008599281311035,124.86578050341615,0.05417980346828699,1.0,22,21,-0.03976611402591736,-0.5867909969661462,0.113,-0.026375256701546022,-0.5952057477156113,0.113,-0.05053456030199288,-0.5770996789315178,0.113,-0.026375256701546022,-0.5952057477156113,0.113,7275041.478438596,7275041.528438596,0.05417980346828699,0.049999999813735485,1,True,108,0,1.854440371950643,3.3165097337588123,8.59928131103499e-06,1,False,,True,18,0.015311500057578087,0.08768339920789003,11.404667349050683,False,False,False,,6.807982444763184,4.280418395996094,11.078015327453613,4.022723197937012,,,4.277801513671875,True,0.202364325,0.803824171214,3,1.0,-0.26861849427223206,1.0354496240615845,0.20236432552337646,-0.05435879901051521,0.2095380574464798,0.20236432552337646,-0.15198566019535065,0.25308290123939514,0.20236435532569885,-0.1617318093776703,0.259053111076355,0.20236435532569885,-0.1617318093776703,0.259053111076355,0.20236444473266602,-0.16173171997070312,0.259053111076355,False,False,2.257799729704857,dual_command_actual,0.5,0.6607509851455688,12.000041007995605,4.099841594696045,11.53902816772461,4.061282157897949,4.489912986755371,0.20236444473266602,-0.19490034878253937,1.1389004066586494,0.5,0.5,0.7071067690849304,1.0,0.0,1228.80419921875,429.66339111328125,1228.80419921875,429.66339111328125,11.700040817260742,3.7998416423797607,12.000041007995605,4.099841594696045,0.3000001907348633,0.2999999523162842,0.42426419258117676,0.1558694839477539,-0.20708084106445312,0.2591867446899414,0.2597823143005371,0.6607509851455688,0.0,2.0,1.5,3.0,True,,False,False,-0.05830119086076556,-0.5862262420766721,0.11283602453496776,False,,False,caught
23,1787733836.6422062,1.150003300048411,0.049999600276350975,20.00015989073785,0.049999600276350975,20.00015989073785,3.3043324947357178e-06,False,False,7275041.578438596,7275041.5828479,4.409303888678551,7275041.628438596,0.0,0.008013599552214146,124.7878676098435,0.05225290358066559,1.0,23,22,-0.03151236654591719,-0.5995794945446268,0.113,-0.02415495498513699,-0.6165861372917131,0.113,-0.026375256701546022,-0.5952057477156113,0.113,-0.02415495498513699,-0.6165861372917131,0.113,7275041.528438596,7275041.578438596,0.05225290358066559,0.049999999813735485,1,True,114,0,2.073297422447528,3.870057747784248,1.3599552214145494e-05,1,False,,True,19,0.03620749991387129,0.058591900393366814,17.067205420652474,False,False,False,,7.01034688949585,4.118686676025391,11.260518074035645,3.8515877723693848,,,4.258555889129639,True,0.202364325,0.803824171214,3,1.0,-1.0,1.4142135381698608,0.20236432552337646,-0.20236432552337646,0.2861863672733307,0.20236432552337646,0.03410782292485237,0.20521856844425201,0.20236435532569885,-0.004311161115765572,0.2024102807044983,0.20236435532569885,-0.004311159253120422,0.2024102807044983,0.20236444473266602,-0.004311084747314453,0.20241035521030426,False,False,1.531899906694889,dual_command_actual,0.5,0.7800796031951904,12.000041007995605,4.399841785430908,11.630279541015625,4.1257147789001465,4.421844959259033,0.20236444473266602,-0.18740145862102509,1.2227008119225502,0.0,0.5,0.5,0.5,0.5,1228.80419921875,461.1034240722656,1228.80419921875,461.1034240722656,12.000041007995605,4.099841594696045,12.000041007995605,4.399841785430908,0.0,0.3000001907348633,0.3000001907348633,0.18250274658203125,-0.17113542556762695,0.2501891255378723,0.018945761024951935,0.7800796031951904,0.0,2.0,1.5,3.0,True,,False,False,-0.04561039480344754,-0.5843774617260014,0.11300419810284755,False,,False,caught
24,1787733836.6933463,1.2000036993995309,0.050000399351119995,19.999840260827842,0.050000399351119995,19.999840260827842,3.703869879245758e-06,False,False,7275041.628438596,7275041.63336,4.921404644846916,7275041.6784385955,0.0,0.008046300150454044,124.28072297844507,0.05031820386648178,1.0,24,23,-0.031126679621133017,-0.6147489609361081,0.113,-0.0339250707564525,-0.6295063994976889,0.113,-0.02415495498513699,-0.6165861372917131,0.113,-0.0339250707564525,-0.6295063994976889,0.113,7275041.578438596,7275041.628438596,0.05031820386648178,0.049999999813735485,1,True,120,0,2.0721157698538257,3.5396167489714374,4.6300150454044176e-05,1,False,,True,20,0.048761299811303616,0.029095499776303768,34.369576315524554,False,False,False,,7.212711334228516,4.114375591278076,11.578862190246582,3.8568079471588135,,,4.373741626739502,True,0.202364325,0.803824171214,3,1.0,-0.4355589747428894,1.0907390117645264,0.20236432552337646,-0.08814159780740738,0.22072666883468628,0.20236432552337646,0.09160459041595459,0.22213222086429596,0.20236435532569885,0.07278825342655182,0.2150568813085556,0.20236435532569885,0.07278825342655182,0.2150568813085556,0.20236444473266602,0.07278823852539062,0.21505695581436157,False,False,2.4192994460463524,dual_command_actual,0.5,0.6872243881225586,12.300041198730469,4.399841785430908,11.939451217651367,4.12832498550415,4.43474006652832,0.20236444473266602,-0.12256971746683121,1.0165004059672356,0.5,0.0,0.5,0.0,0.5,1259.524169921875,461.1034240722656,1259.524169921875,461.1034240722656,12.000041007995605,4.399841785430908,12.300041198730469,4.399841785430908,0.3000001907348633,0.0,0.3000001907348633,0.3183441162109375,0.005220174789428711,0.31838691234588623,0.017400572076439857,0.6872243881225586,0.0,2.0,1.5,3.0,True,,False,False,-0.0330809975110772,-0.5941204758530042,0.11311234379776305,False,,False,caught
25,1787733836.7438824,1.2517352998256683,0.05173160042613745,19.330544420867152,0.05173160042613745,19.330544420867152,0.001735304482281208,True,False,7275041.6784385955,7275041.6838286,5.390004254877567,7275041.728438595,0.0,0.008000699803233147,124.98906653089172,0.04833290446549654,0.9666580929110128,25,24,-0.027360894633090937,-0.6293414237207652,0.113,-0.02185683550872981,-0.6386042639056638,0.113,-0.0339250707564525,-0.6295063994976889,0.113,-0.02185683550872981,-0.6386042639056638,0.113,7275041.628438596,7275041.6784385955,0.04833290446549654,0.049999999813735485,1,True,126,0,2.0102482825900543,3.0084954788300733,6.998032331465009e-07,1,False,,True,21,0.024964899756014347,0.037454900331795216,26.698776158566005,False,False,False,,7.415075778961182,4.187163829803467,11.833739280700684,4.033344745635986,,,4.421339988708496,True,0.202364325,0.803824171214,3,1.0,-1.0,1.4142135381698608,0.20236432552337646,-0.20236432552337646,0.2861863672733307,0.20236432552337646,-0.05435879901051521,0.2095380574464798,0.20236435532569885,-0.02941562421619892,0.20449110865592957,0.20236435532569885,-0.029415622353553772,0.20449110865592957,0.20236444473266602,-0.029415607452392578,0.20449118316173553,False,False,1.4341995120048523,dual_command_actual,0.5,0.5930915474891663,12.600041389465332,4.6998419761657715,12.216890335083008,4.366593360900879,4.434892177581787,0.20236444473266602,-0.031084856018424034,1.011899672448635,0.5,0.5,0.7071067690849304,0.5,0.0,1290.2442626953125,492.54345703125,1290.2442626953125,492.54345703125,12.300041198730469,4.399841785430908,12.600041389465332,4.6998419761657715,0.3000001907348633,0.3000001907348633,0.4242643415927887,0.25487709045410156,0.17653679847717285,0.31004446744918823,0.8495897650718689,0.5930915474891663,0.0,2.0,1.5,3.0,True,,False,False,-0.02855596955179524,-0.609274992676326,0.11314126869107519,False,,False,caught
26,1787733836.7914243,1.3000020002946258,0.048266700468957424,20.71821753474006,0.048266700468957424,20.71821753474006,2.0051375031471252e-06,False,False,7275041.728438595,7275041.7319823,3.5437047481536865,7275041.778438595,0.0,0.008006200194358826,124.9031969878296,0.046397904865443707,0.9279581007657874,26,25,-0.02267635054545911,-0.6439169524967311,0.113,-0.019259486216475257,-0.66016028845769,0.113,-0.02185683550872981,-0.6386042639056638,0.113,-0.019259486216475257,-0.66016028845769,0.113,7275041.6784385955,7275041.728438595,0.046397904865443707,0.049999999813735485,1,True,132,0,1.9036547151664869,3.5630255281468224,6.200194358825517e-06,1,False,,True,22,0.01017990056425333,0.0755257997661829,13.240508582442786,False,False,False,,7.617440223693848,4.157748222351074,12.050650596618652,4.260619640350342,,,4.434403896331787,True,0.202364325,0.803824171214,3,1.0,0.7361168265342712,1.2417197227478027,0.20236432552337646,0.1489637792110443,0.2512797713279724,0.20236432552337646,-0.20236432552337646,0.2861863672733307,0.20236435532569885,-0.1684359610080719,0.26329073309898376,0.20236435532569885,-0.1684359610080719,0.26329073309898376,0.20236444473266602,-0.16843605041503906,0.2632908523082733,False,False,1.385900191962719,dual_command_actual,0.5,0.7033821940422058,12.600041389465332,5.29984188079834,12.325345993041992,4.780230522155762,4.414233207702637,0.20236444473266602,0.013020515441894531,1.0043000802397728,0.0,1.0,1.0,0.5,0.5,1290.2442626953125,555.4234619140625,1290.2442626953125,555.4234619140625,12.600041389465332,4.6998419761657715,12.600041389465332,5.29984188079834,0.0,0.5999999046325684,0.5999999046325684,0.21691131591796875,0.22727489471435547,0.31417256593704224,0.7403099536895752,0.7033821940422058,0.0,2.0,1.5,3.0,True,,False,False,-0.027176496962227018,-0.6254216366055679,0.1132491982570133,False,,False,caught
27,1787733836.8420763,1.3500022999942303,0.05000029969960451,19.99988012087675,0.05000029969960451,19.99988012087675,2.3050233721733093e-06,False,False,7275041.778438595,7275041.7820052,3.5666050389409065,7275041.828438595,0.0,0.008006200194358826,124.9031969878296,0.052545804530382156,1.0,27,26,-0.026957833282155567,-0.6610214044198246,0.113,-0.03841750935596918,-0.6852263677873953,0.113,-0.019259486216475257,-0.66016028845769,0.113,-0.03841750935596918,-0.6852263677873953,0.113,7275041.728438595,7275041.778438595,0.052545804530382156,0.049999999813735485,1,True,139,0,2.055813662548769,4.685284332976616,6.200194358825517e-06,1,False,,False,,,,,False,False,False,,7.819804668426514,3.989312171936035,12.288990020751953,4.452906608581543,,,4.493165493011475,True,0.202364325,0.803824171214,3,1.0,-0.7015262842178345,1.2215315103530884,0.20236432552337646,-0.1419638991355896,0.24719439446926117,0.20236432552337646,-0.08814159780740738,0.22072666883468628,0.20236435532569885,-0.10389342904090881,0.22747565805912018,0.20236435532569885,-0.10389342904090881,0.22747565805912018,0.20236444473266602,-0.10389351844787598,0.22747577726840973,False,False,2.1529002115130424,dual_command_actual,0.5,0.9022484421730042,12.600041389465332,5.29984188079834,12.444515228271484,4.876374244689941,4.456938743591309,0.20236444473266602,-0.04168780520558357,1.0572997853159904,0.0,0.0,0.0,0.0,1.0,1290.2442626953125,555.4234619140625,1290.2442626953125,555.4234619140625,12.600041389465332,5.29984188079834,12.600041389465332,5.29984188079834,0.0,0.0,0.0,0.23833942413330078,0.19228696823120117,0.306235134601593,0.32047832012176514,0.9022484421730042,0.0,2.0,1.5,3.0,True,,False,False,-0.023825558877571658,-0.6407041289050575,0.11318480861357223,False,,False,caught
28,1787733836.8957248,1.4035355998203158,0.05353329982608557,18.679961878843915,0.05353329982608557,18.679961878843915,0.0035356050357222557,True,False,7275041.828438595,7275041.8356937,7.255105301737785,7275041.878438595,0.0,0.008000800386071205,124.98749521871902,0.05056020524352789,1.0,28,27,-0.033530507046709165,-0.674904111633648,0.113,-0.03841750935596918,-0.6852263677873953,0.113,-0.03841750935596918,-0.6852263677873953,0.113,-0.03841750935596918,-0.6852263677873953,0.113,7275041.778438595,7275041.828438595,0.05056020524352789,0.049999999813735485,1,True,145,0,1.9366212138065129,3.0775900625908297,8.003860712049726e-07,1,False,,True,23,0.044877500273287296,0.06305080000311136,15.86022699078605,False,False,False,,8.02216911315918,3.885418653488159,12.49000072479248,4.717764377593994,,,4.544702053070068,True,0.202364325,0.803824171214,3,1.0,-0.38442462682724,1.0713460445404053,0.20236432552337646,-0.07779382914304733,0.2168022096157074,0.20236432552337646,-0.20236432552337646,0.2861863672733307,0.20236435532569885,-0.18304672837257385,0.27286890149116516,0.20236435532569885,-0.18304672837257385,0.27286890149116516,0.2023639678955078,-0.18304681777954102,0.27286866307258606,False,False,1.5647998079657555,dual_command_actual,0.5,0.5923876762390137,12.600041389465332,5.29984188079834,12.545021057128906,5.008803367614746,4.442074298858643,0.20236444473266602,-0.10058172792196274,1.0187001898884773,0.0,0.0,0.0,0.0,0.0,1290.2442626953125,555.4234619140625,1290.2442626953125,555.4234619140625,12.600041389465332,5.29984188079834,12.600041389465332,5.29984188079834,0.0,0.0,0.0,0.20101070404052734,0.26485776901245117,0.33249804377555847,,0.5923876762390137,0.0,2.0,1.5,3.0,True,,False,False,-0.024289338366893724,-0.6578850175279294,0.11303754768210357,False,,False,caught
29,1787733836.9412506,1.4500011000782251,0.0464655002579093,21.52134367325102,0.0464655002579093,21.52134367325102,1.105479896068573e-06,False,False,7275041.878438595,7275041.8821309,3.6923056468367577,7275041.928438595,0.0,0.0080016003921628,124.97499887390704,0.0485884053632617,0.9717681108853523,29,28,-0.03841750935596918,-0.6852263677873953,0.113,-0.03841750935596918,-0.6852263677873953,0.113,-0.03841750935596918,-0.6852263677873953,0.113,-0.03841750935596918,-0.6852263677873953,0.113,7275041.828438595,7275041.878438595,0.0485884053632617,0.049999999813735485,1,False,149,0,1.561214202082617,1.561214202082617,1.6003921627996687e-06,1,False,,True,24,0.015002700500190258,0.06906120013445616,14.479910543881179,False,False,False,,8.224533081054688,3.702371835708618,12.57034683227539,4.998555660247803,,,4.534996032714844,True,0.202364325,0.803824171214,3,1.0,1.0,1.4142135381698608,0.20236432552337646,0.20236432552337646,0.2861863672733307,0.20236432552337646,0.1489637792110443,0.2512797713279724,0.2023642510175705,0.08383132517337799,0.21904104948043823,0.2023642510175705,0.0838313102722168,0.21904104948043823,0.2023639678955078,0.0838313102722168,0.21904078125953674,False,False,1.468399539589882,dual_command_actual,0.5,0.3027460277080536,12.600041389465332,5.899841785430908,12.585193634033203,5.4491987228393555,4.459023952484131,0.20236428081989288,-0.15179212391376495,1.023000106215477,0.0,1.0,1.0,0.0,0.0,1290.2442626953125,618.3034057617188,1290.2442626953125,618.3034057617188,12.600041389465332,5.29984188079834,12.600041389465332,5.899841785430908,0.0,0.5999999046325684,0.5999999046325684,0.08034610748291016,0.2807912826538086,0.29206034541130066,,0.3027460277080536,0.0,2.0,1.5,3.0,True,,False,False,-0.03005502873940531,-0.6720433420390585,0.11312541345512896,False,,False,caught
30,1787733836.9918237,1.5000010998919606,0.049999999813735485,20.000000074505806,0.049999999813735485,20.000000074505806,1.105479896068573e-06,False,False,7275041.928438595,7275041.9319719,3.53330560028553,7275041.978438594,0.0,0.008021099492907524,124.6711876450638,0.046631405130028725,0.9326281060748849,30,29,-0.047744822912197796,-0.6974300894256416,0.113,-0.0573706891907483,-0.7100244331112319,0.113,-0.03841750935596918,-0.6852263677873953,0.113,-0.0573706891907483,-0.7100244331112319,0.113,7275041.878438595,7275041.928438595,0.046631405130028725,0.049999999813735485,1,True,155,0,1.6799546331898403,3.2646598659333117,2.1099492907523942e-05,1,False,,True,25,0.0012744003906846046,0.07611529994755983,13.137963072982133,False,False,False,,8.426897048950195,3.786203145980835,12.608993530273438,5.268439769744873,,,4.43699836730957,True,0.202364325,0.803824171214,3,0.007609844207763672,0.24111318588256836,0.2412332445383072,0.0015399609692394733,0.04879270866513252,0.04881700500845909,0.20236432552337646,-0.1419638991355896,0.24719439446926117,0.2023642510175705,-0.09766834229230881,0.2247006744146347,0.2023642510175705,-0.0976683497428894,0.2247006744146347,0.2023639678955078,-0.09766840934753418,0.2247004508972168,False,False,1.4249002560973167,dual_command_actual,0.5,0.631465494632721,12.600041389465332,6.499841690063477,12.604516983032227,5.884140968322754,4.472370147705078,0.20236413180828094,-0.0677030086517334,1.0463995859026909,0.0,1.0,1.0,0.0,1.0,1290.2442626953125,681.1834106445312,1290.2442626953125,681.1834106445312,12.600041389465332,5.899841785430908,12.600041389465332,6.499841690063477,0.0,0.5999999046325684,0.5999999046325684,0.038646697998046875,0.2698841094970703,0.27263712882995605,0.44980692863464355,0.631465494632721,0.0,2.0,1.5,3.0,True,,False,False,-0.03710110463237053,-0.6844325548569731,0.11301064300426762,False,,False,caught
31,1787733837.0485368,1.5553465001285076,0.05534540023654699,18.06834887318524,0.05534540023654699,18.06834887318524,0.005346505902707577,True,False,7275041.978438594,7275041.9886032,10.16460545361042,7275042.028438594,0.0,0.00800230074673891,124.96406116797334,0.05266970582306385,1.0,31,30,-0.05862668872779785,-0.7116677646702622,0.113,-0.0761222936188238,-0.7345587600995127,0.113,-0.0573706891907483,-0.7100244331112319,0.113,-0.0761222936188238,-0.7345587600995127,0.113,7275041.928438595,7275041.978438594,0.05266970582306385,0.049999999813735485,1,True,162,0,1.8843176861817776,4.764144231960938,2.3007467389105085e-06,1,False,,False,,,,,False,False,False,,8.629261016845703,3.688534736633301,12.615850448608398,5.573494911193848,,,4.409758567810059,True,0.202364325,0.803824171214,3,1.0,1.0,1.4142135381698608,0.20236432552337646,0.20236432552337646,0.2861863672733307,0.20236432552337646,-0.07779382914304733,0.2168022096157074,0.2023642510175705,-0.08169274032115936,0.21823151409626007,0.2023642510175705,-0.08169274032115936,0.21823151409626007,0.2023639678955078,-0.08169269561767578,0.2182312309741974,False,False,2.301500178873539,dual_command_actual,0.5,0.9264816641807556,12.600041389465332,6.499841690063477,12.607946395874023,6.036668300628662,4.429442882537842,0.2023639678955078,-0.06562796980142593,2.1195998415350914,0.0,0.0,0.0,0.0,1.0,1290.2442626953125,681.1834106445312,1290.2442626953125,681.1834106445312,12.600041389465332,6.499841690063477,12.600041389465332,6.499841690063477,0.0,0.0,0.0,0.0068569183349609375,0.3050551414489746,0.3051322102546692,0.5084252953529358,0.9264816641807556,0.0,2.0,1.5,3.0,True,,False,False,-0.04648038048496894,-0.6972617980962397,0.11302524646664555,False,,False,caught
32,1787733837.09312,1.6009098999202251,0.04556339979171753,21.947440370368916,0.04556339979171753,21.947440370368916,0.000909905880689621,False,False,7275042.028438594,7275042.0334093,4.970706067979336,7275042.078438594,0.0,0.008002200163900852,124.96563189098329,0.05069360602647066,1.0,32,31,-0.06795400228402651,-0.7238714863085084,0.113,-0.0761222936188238,-0.7345587600995127,0.113,-0.0761222936188238,-0.7345587600995127,0.113,-0.0761222936188238,-0.7345587600995127,0.113,7275041.978438594,7275042.028438594,0.05069360602647066,0.049999999813735485,1,True,168,0,1.9278840676063014,3.2726603800375678,2.200163900852037e-06,1,False,,True,26,0.03705579973757267,0.06372710037976503,15.69191119697524,False,False,False,,8.831624984741211,3.606842041015625,12.60920524597168,5.861292839050293,,,4.399166107177734,True,0.202364325,0.803824171214,3,1.0,1.0,1.4142135381698608,0.20236432552337646,0.20236432552337646,0.2861863672733307,0.20236432552337646,0.20236432552337646,0.2861863672733307,0.2023642510175705,0.14663919806480408,0.2499086707830429,0.2023642510175705,0.14663919806480408,0.2499086707830429,0.2023639678955078,0.14663910865783691,0.24990838766098022,False,False,1.5241997316479683,dual_command_actual,0.5,0.6386145949363708,12.600041389465332,6.79984188079834,12.604623794555664,6.330567359924316,4.5102763175964355,0.2023639678955078,-0.031843263655900955,1.1042999103665352,0.0,0.5,0.5,0.0,0.0,1290.2442626953125,712.6234130859375,1290.2442626953125,712.6234130859375,12.600041389465332,6.499841690063477,12.600041389465332,6.79984188079834,0.0,0.3000001907348633,0.3000001907348633,-0.00664520263671875,0.2877979278564453,0.28787463903427124,,0.6386145949363708,0.0,2.0,1.5,3.0,True,,False,False,-0.055798317002550696,-0.708908094201789,0.11309954803515039,False,,False,caught
33,1787733837.1417825,1.6500017996877432,0.049091899767518044,20.36995929543668,0.049091899767518044,20.36995929543668,1.8058344721794128e-06,False,False,7275042.078438594,7275042.082099,3.6604059860110283,7275042.128438594,0.0,0.008025599643588066,124.60128145053126,0.04875510558485985,0.9751021153297355,33,32,-0.07728131584025523,-0.7360752079467546,0.113,-0.08527625431471081,-0.7465356693721136,0.113,-0.0761222936188238,-0.7345587600995127,0.113,-0.08527625431471081,-0.7465356693721136,0.113,7275042.028438594,7275042.078438594,0.04875510558485985,0.049999999813735485,1,True,174,0,1.9041102012432722,3.22066687626332,2.5599643588065935e-05,1,False,,True,27,0.007515099830925465,0.06533589959144592,15.305521256355743,False,False,False,,9.033988952636719,3.753481149673462,12.600756645202637,6.163787364959717,,,4.304811954498291,True,0.202364325,0.803824171214,3,1.0,1.0,1.4142135381698608,0.20236432552337646,0.20236432552337646,0.2861863672733307,0.0015399609692394733,0.04879270866513252,0.04881700500845909,0.040936775505542755,0.06798780709505081,0.0793609544634819,0.04093676805496216,0.06798780709505081,0.0793609544634819,0.04093647003173828,0.06798791885375977,0.07936089485883713,False,False,1.3886000961065292,dual_command_actual,0.5,0.6360549330711365,12.600041389465332,7.099842071533203,12.600399017333984,6.631814956665039,4.434469699859619,0.2023639678955078,-0.01090733241289854,1.0365992784500122,0.0,0.5,0.5,0.0,0.5,1290.2442626953125,744.0634155273438,1290.2442626953125,744.0634155273438,12.600041389465332,6.79984188079834,12.600041389465332,7.099842071533203,0.0,0.3000001907348633,0.3000001907348633,-0.008448600769042969,0.30249452590942383,0.3026124835014343,1.0083143711090088,0.6360549330711365,0.0,2.0,1.5,3.0,True,,False,False,-0.06559757783457458,-0.7210403014215194,0.11307360597749497,False,,False,caught
34,1787733837.192876,1.7000021999701858,0.05000040028244257,19.99983988830477,0.05000040028244257,19.99983988830477,2.2063031792640686e-06,False,False,7275042.128438594,7275042.1320549,3.616305999457836,7275042.178438594,0.0,0.008016999810934067,124.73494119784559,0.046819605864584446,0.9363921207800214,34,33,-0.08660862939648396,-0.7482789295850009,0.113,-0.09467552139482568,-0.7588335339563542,0.113,-0.08527625431471081,-0.7465356693721136,0.113,-0.09467552139482568,-0.7588335339563542,0.113,7275042.078438594,7275042.128438594,0.046819605864584446,0.049999999813735485,1,True,180,0,1.8723851597738261,3.2008017666188144,1.6999810934066606e-05,1,False,,False,,,,,False,False,False,,9.074925422668457,3.8214690685272217,12.597397804260254,6.46962833404541,,,4.406876087188721,True,0.202364325,0.803824171214,3,1.0,1.0,1.4142135381698608,0.20236432552337646,0.20236432552337646,0.2861863672733307,0.20236432552337646,0.20236432552337646,0.2861863672733307,0.17069607973098755,0.17600291967391968,0.24518193304538727,0.17069607973098755,0.17600291967391968,0.24518193304538727,0.17069625854492188,0.17600297927856445,0.2451820969581604,False,False,1.7806002870202065,dual_command_actual,0.5,0.6302192807197571,12.600041389465332,7.399842262268066,12.598719596862793,6.934735298156738,4.337610721588135,0.14855480194091797,0.04431144520640373,1.566300168633461,0.0,0.5,0.5,0.0,0.5,1290.2442626953125,775.5034790039062,1290.2442626953125,775.5034790039062,12.600041389465332,7.099842071533203,12.600041389465332,7.399842262268066,0.0,0.3000001907348633,0.3000001907348633,-0.0033588409423828125,0.30584096908569336,0.30585941672325134,1.0194692611694336,0.6302192807197571,0.0,2.0,1.5,3.0,True,,False,False,-0.0752490322187213,-0.7333952419494149,0.11313421244128735,False,,False,caught
35,1787733837.2465193,1.7533593997359276,0.053357199765741825,18.741613210407895,0.053357199765741825,18.741613210407895,0.003359406255185604,True,False,7275042.178438594,7275042.1862915,7.852906361222267,7275042.228438593,0.0,0.008004200644791126,124.93439937075634,0.05285070650279522,1.0,35,34,-0.09749049521208415,-0.7625166048296215,0.113,-0.1037330218304929,-0.7706842360249432,0.113,-0.09467552139482568,-0.7588335339563542,0.113,-0.1037330218304929,-0.7706842360249432,0.113,7275042.128438594,7275042.178438594,0.05285070650279522,0.049999999813735485,1,True,187,0,1.861588227474686,2.8895765868921512,4.200644791126085e-06,1,False,,True,28,0.04387480020523071,0.07842679973691702,12.750743411110788,False,False,False,,9.245621681213379,3.997472047805786,12.596013069152832,6.823392868041992,,,4.383029937744141,True,0.202364325,0.803824171214,3,1.0,1.0,1.4142135381698608,0.20236432552337646,0.20236432552337646,0.2861863672733307,0.20236432552337646,0.20236432552337646,0.2861863672733307,0.19615182280540466,0.19719286262989044,0.2781376540660858,0.19615182280540466,0.19719286262989044,0.2781376540660858,0.1961517333984375,0.19719290733337402,0.2781376242637634,False,False,2.092200331389904,dual_command_actual,0.5,0.5764634609222412,12.300041198730469,7.69984245300293,12.448026657104492,7.261617660522461,4.38316535949707,0.13799889385700226,0.1302099972963333,1.0593002662062645,-0.5,0.5,0.7071067690849304,0.0,0.5,1259.524169921875,806.9434814453125,1259.524169921875,806.9434814453125,12.600041389465332,7.399842262268066,12.300041198730469,7.69984245300293,-0.3000001907348633,0.3000001907348633,0.4242643415927887,-0.001384735107421875,0.35376453399658203,0.3537672460079193,1.179214358329773,0.5764634609222412,0.0,2.0,1.5,3.0,True,,False,False,-0.08625035448613264,-0.7476774725763202,0.11310229025894557,False,,False,caught
36,1787733837.2920473,1.800000799819827,0.0466414000838995,21.44017971590003,0.0466414000838995,21.44017971590003,8.065253496170044e-07,False,False,7275042.228438593,7275042.2322528,3.8142064586281776,7275042.278438593,0.0,0.008314999751746655,120.26458567120694,0.05118820630013943,1.0,36,35,-0.11113705389411967,-0.7692749869573133,0.113,-0.12436226184046266,-0.7734390471751346,0.113,-0.1037330218304929,-0.7706842360249432,0.113,-0.12436226184046266,-0.7734390471751346,0.113,7275042.178438594,7275042.228438593,0.05118820630013943,0.049999999813735485,1,True,193,0,1.818418831317069,3.1809057862960706,0.00031499975174665434,1,False,,True,29,0.027439000084996223,0.06718569993972778,14.884119699535749,False,False,False,,9.441773414611816,4.19466495513916,12.59291934967041,7.125232696533203,,,4.303248405456543,True,0.202364325,0.803824171214,3,1.0,1.0,1.4142135381698608,0.20236432552337646,0.20236432552337646,0.2861863672733307,0.20236432552337646,0.20236432552337646,0.2861863672733307,0.20114555954933167,0.20134982466697693,0.28460726141929626,0.20114555954933167,0.20134982466697693,0.28460726141929626,0.20114517211914062,0.20134973526000977,0.2846069037914276,False,False,1.4153998345136642,dual_command_actual,0.5,0.644944965839386,12.300041198730469,8.299842834472656,12.446479797363281,7.71253776550293,4.426314353942871,0.13592815399169922,0.1470612734556198,1.1807996779680252,0.0,1.0,1.0,-0.5,0.5,1259.524169921875,869.8235473632812,1259.524169921875,869.8235473632812,12.300041198730469,7.69984245300293,12.300041198730469,8.299842834472656,0.0,0.6000003814697266,0.6000003814697266,-0.003093719482421875,0.30183982849121094,0.3018556833267212,0.5082222819328308,0.644944965839386,0.0,2.0,1.5,3.0,True,,False,False,-0.09565670133154211,-0.7597357191276736,0.11316049430379907,False,,False,caught
37,1787733837.3416004,1.8500028997659683,0.05000209994614124,19.999160056820212,0.05000209994614124,19.999160056820212,2.9066577553749084e-06,False,False,7275042.278438593,7275042.2820011,3.562506288290024,7275042.328438593,0.0,0.008008599281311035,124.86578050341615,0.049235206097364426,0.9847041256155973,37,36,-0.1232823837179442,-0.778551109366362,0.113,-0.14244689860880635,-0.7972274276192619,0.113,-0.12436226184046266,-0.7734390471751346,0.113,-0.14244689860880635,-0.7972274276192619,0.113,7275042.228438593,7275042.278438593,0.049235206097364426,0.049999999813735485,1,True,199,0,1.8591774691868532,4.50742947836036,8.59928131103499e-06,1,False,,False,,,,,False,False,False,,9.642918586730957,4.39601469039917,12.515227317810059,7.411362171173096,,,4.164430141448975,True,0.202364325,0.803824171214,3,1.0,1.0,1.4142135381698608,0.20236432552337646,0.20236432552337646,0.2861863672733307,0.20236432552337646,0.20236432552337646,0.2861863672733307,0.2021251618862152,0.20216529071331024,0.2858765125274658,0.2021251618862152,0.20216529071331024,0.2858765125274658,0.20212554931640625,0.2021651268005371,0.28587669134140015,False,False,1.4841994270682335,dual_command_actual,0.5,0.9141678810119629,12.900041580200195,8.299842834472656,12.707633972167969,7.855602264404297,3.7148895263671875,0.1893310546875,0.19151520729064941,1.7689000815153122,1.0,0.0,1.0,0.0,1.0,1320.96435546875,869.8235473632812,1320.96435546875,869.8235473632812,12.300041198730469,8.299842834472656,12.900041580200195,8.299842834472656,0.6000003814697266,0.0,0.6000003814697266,-0.07769203186035156,0.2861294746398926,0.2964896857738495,0.4768821597099304,0.9141678810119629,0.0,2.0,1.5,3.0,True,,False,False,-0.10740883069328837,-0.7688720982775367,0.11303383650454635,False,,False,caught
38,1787733837.3973713,1.9051914997398853,0.05518859997391701,18.11968414622976,0.05518859997391701,18.11968414622976,0.005191506817936897,True,False,7275042.328438593,7275042.3380017,9.563107043504715,7275042.378438593,0.0,0.008005799725651741,124.90944493600749,0.055279506370425224,1.0,38,37,-0.12524600819612097,-0.7954376360419407,0.113,-0.11972164943152122,-0.8149946941039503,0.113,-0.14244689860880635,-0.7972274276192619,0.113,-0.11972164943152122,-0.8149946941039503,0.113,7275042.278438593,7275042.328438593,0.055279506370425224,0.049999999813735485,1,True,206,0,1.6960288321669075,3.6239983643211486,5.799725651740861e-06,1,False,,True,30,0.05126599967479706,0.06288670003414154,15.901613528092497,False,False,False,,9.845044136047363,4.598179817199707,12.40293025970459,7.745145320892334,,,4.0553879737854,True,0.202364325,0.803824171214,3,1.0,1.0,1.4142135381698608,0.20236432552337646,0.20236432552337646,0.2861863672733307,0.20236432552337646,0.20236432552337646,0.2861863672733307,0.202317476272583,0.2023252546787262,0.28612563014030457,0.202317476272583,0.2023252546787262,0.28612563014030457,0.2023172378540039,0.20232534408569336,0.286125510931015,False,False,1.9196001812815666,dual_command_actual,0.5,0.7448549866676331,13.500041961669922,8.299842834472656,12.951486587524414,8.022494316101074,3.751331090927124,0.19980747997760773,0.20023591816425323,1.108899712562561,1.0,0.0,1.0,1.0,0.0,1382.404296875,869.8235473632812,1382.404296875,869.8235473632812,12.900041580200195,8.299842834472656,13.500041961669922,8.299842834472656,0.6000003814697266,0.0,0.6000003814697266,-0.11229705810546875,0.3337831497192383,0.3521673083305359,-0.1871616393327713,0.7448549866676331,0.0,2.0,1.5,3.0,True,,False,False,-0.12186470419273525,-0.7788183918422783,0.11313742424392623,False,,False,caught
39,1787733837.4440036,1.9508239002898335,0.045632400549948215,21.914253643207356,0.045632400549948215,21.914253643207356,0.0008239075541496277,False,False,7275042.378438593,7275042.3835408,5.102206952869892,7275042.428438593,0.0,0.008222700096666813,121.61455340021024,0.05351590737700462,1.0,39,38,-0.1167800178977974,-0.8081919523047867,0.113,-0.09650494998635856,-0.8331461908254663,0.113,-0.11972164943152122,-0.8149946941039503,0.113,-0.09650494998635856,-0.8331461908254663,0.113,7275042.328438593,7275042.378438593,0.05351590737700462,0.049999999813735485,1,True,212,0,2.1943216788948634,5.387445851303697,0.00022270009666681273,1,False,,True,31,0.03242560010403395,0.081550900824368,12.2622802432759,False,False,False,,10.047361373901367,4.8005051612854,12.440516471862793,7.971591949462891,,,3.972780466079712,True,0.202364325,0.803824171214,3,1.0,0.7988003492355347,1.2798757553100586,0.20236432552337646,0.161648690700531,0.2590011954307556,0.20236432552337646,0.20236432552337646,0.2861863672733307,0.20235508680343628,0.20235668122768402,0.2861744463443756,0.20235508680343628,0.20235668122768402,0.2861744463443756,0.20235538482666016,0.20235681533813477,0.2861747443675995,False,False,1.745099201798439,dual_command_actual,0.5,1.1092082262039185,13.500041961669922,8.59984302520752,12.970279693603516,8.285717010498047,3.6717963218688965,0.2018626481294632,0.20194673538208008,1.0569002479314804,0.0,0.5,0.5,1.0,0.0,1382.404296875,901.2635498046875,1382.404296875,901.2635498046875,13.500041961669922,8.299842834472656,13.500041961669922,8.59984302520752,0.0,0.3000001907348633,0.3000001907348633,0.037586212158203125,0.22644662857055664,0.2295447736978531,0.06264364719390869,1.1092082262039185,0.0,2.0,1.5,3.0,True,,False,False,-0.12726686865376732,-0.7889183348237373,0.11324164739393969,False,,False,caught
40,1787733837.492029,2.0000018002465367,0.049177899956703186,20.334337189680976,0.049177899956703186,20.334337189680976,1.8076971173286438e-06,False,False,7275042.428438593,7275042.4322716,3.8330070674419403,7275042.4784385925,0.0,0.00800930056720972,124.85484738755159,0.05154330749064684,1.0,40,39,-0.11090101178294334,-0.8222538618524117,0.113,-0.10578766271296328,-0.8451001085724934,0.113,-0.09650494998635856,-0.8331461908254663,0.113,-0.10578766271296328,-0.8451001085724934,0.113,7275042.378438593,7275042.428438593,0.05154330749064684,0.049999999813735485,1,True,218,0,2.0773763832792715,4.344002775769319,9.300567209720445e-06,1,False,,True,32,0.01926680002361536,0.06428359914571047,15.556067384051072,False,False,False,,10.249716758728027,5.002861976623535,12.720641136169434,8.166534423828125,,,4.014260768890381,True,0.202364325,0.803824171214,3,1.0,1.0,1.4142135381698608,0.20236432552337646,0.20236432552337646,0.2861863672733307,0.20236432552337646,0.20236432552337646,0.2861863672733307,0.2023625671863556,0.20236285030841827,0.28618407249450684,0.2023625671863556,0.20236285030841827,0.28618407249450684,0.2023630142211914,0.2023630142211914,0.28618451952934265,False,False,1.4661001041531563,dual_command_actual,0.5,0.8917521834373474,13.500041961669922,8.59984302520752,13.110342025756836,8.383188247680664,3.394105911254883,0.20226605236530304,0.20228242874145508,1.1382000520825386,0.0,0.0,0.0,0.0,0.5,1382.404296875,901.2635498046875,1382.404296875,901.2635498046875,13.500041961669922,8.59984302520752,13.500041961669922,8.59984302520752,0.0,0.0,0.0,0.2801246643066406,0.19494247436523438,0.3412805199623108,0.649807870388031,0.8917521834373474,0.0,2.0,1.5,3.0,True,,False,False,-0.12243512581352971,-0.8049767675648497,0.11312445998863474,False,,False,caught
41,1787733837.541622,2.0500028003007174,0.05000100005418062,19.99959998632846,0.05000100005418062,19.99959998632846,2.8079375624656677e-06,False,False,7275042.4784385925,7275042.4817372,3.2986076548695564,7275042.528438592,0.0,0.008021600544452667,124.66340033493059,0.04958570748567581,0.9917141534079393,41,40,-0.10754620266456602,-0.8372430197933788,0.113,-0.10578766271296328,-0.8451001085724934,0.113,-0.10578766271296328,-0.8451001085724934,0.113,-0.10578766271296328,-0.8451001085724934,0.113,7275042.428438593,7275042.4784385925,0.04958570748567581,0.049999999813735485,1,True,224,0,1.9349139239870388,2.736091510542102,2.160054445266707e-05,1,False,,False,,,,,False,False,False,,10.452079772949219,5.205224990844727,13.034782409667969,8.283864974975586,,,4.0185041427612305,True,0.202364325,0.803824171214,3,1.0,1.0,1.4142135381698608,0.20236432552337646,0.20236432552337646,0.2861863672733307,0.20236432552337646,0.20236432552337646,0.2861863672733307,0.20236407220363617,0.20236407220363617,0.28618600964546204,0.20236407220363617,0.20236407220363617,0.28618600964546204,0.2023639678955078,0.2023639678955078,0.2861858606338501,False,False,1.9875997677445412,dual_command_actual,0.5,0.5624131560325623,13.500041961669922,8.59984302520752,13.267412185668945,8.441854476928711,3.117436170578003,0.20234520733356476,0.20234839618206024,1.062300056219101,0.0,0.0,0.0,0.0,0.0,1382.404296875,901.2635498046875,1382.404296875,901.2635498046875,13.500041961669922,8.59984302520752,13.500041961669922,8.59984302520752,0.0,0.0,0.0,0.31414127349853516,0.11733055114746094,0.33533746004104614,,0.5624131560325623,0.0,2.0,1.5,3.0,True,,False,False,-0.11395903798765018,-0.818988820746844,0.11322124559291416,False,,False,caught
42,1787733837.597344,2.1031689001247287,0.053166099824011326,18.808977963592724,0.053166099824011326,18.808977963592724,0.0031689079478383064,True,False,7275042.528438592,7275042.5374584,9.019807912409306,7275042.578438592,0.0,0.008073199540376663,123.8666274751019,0.05569540709257126,1.0,42,41,-0.10578766271296328,-0.8451001085724934,0.113,-0.10578766271296328,-0.8451001085724934,0.113,-0.10578766271296328,-0.8451001085724934,0.113,-0.10578766271296328,-0.8451001085724934,0.113,7275042.4784385925,7275042.528438592,0.05569540709257126,0.049999999813735485,1,False,227,0,0.9290953384190652,0.9290953384190652,7.319954037666304e-05,1,False,,True,33,0.04399420041590929,0.062339200638234615,16.041270817750398,False,False,False,,10.654443740844727,5.407588958740234,13.346109390258789,8.481860160827637,,,4.086099147796631,True,0.202364325,0.803824171214,3,1.0,0.506746768951416,1.1210675239562988,0.20236432552337646,0.10254746675491333,0.2268640697002411,0.20236432552337646,0.161648690700531,0.2590011954307556,0.2023642510175705,0.16963604092597961,0.26405999064445496,0.2023642510175705,0.16963604092597961,0.26405999064445496,0.2023639678955078,0.16963624954223633,0.2640599012374878,False,False,2.2042999044060707,dual_command_actual,0.5,0.19394636154174805,13.500041961669922,8.59984302520752,13.423075675964355,8.540851593017578,2.8431432247161865,0.20236079394817352,0.20236127078533173,1.9731000065803528,0.0,0.0,0.0,0.0,0.0,1382.404296875,901.2635498046875,1382.404296875,901.2635498046875,13.500041961669922,8.59984302520752,13.500041961669922,8.59984302520752,0.0,0.0,0.0,0.3113269805908203,0.19799518585205078,0.3689533472061157,,0.19394636154174805,0.0,2.0,1.5,3.0,True,,False,False,-0.10803226232334143,-0.8360845917621205,0.11306359259529994,False,,False,caught
43,1787733837.641855,2.1500017000362277,0.04683279991149902,21.35255636839399,0.04683279991149902,21.35255636839399,1.7080456018447876e-06,False,False,7275042.578438592,7275042.5823218,3.8832081481814384,7275042.628438592,0.0,0.0079993000254035,125.01093806011585,0.04571460746228695,0.9142921526517427,43,42,-0.10578766271296328,-0.8451001085724934,0.113,-0.10578766271296328,-0.8451001085724934,0.113,-0.10578766271296328,-0.8451001085724934,0.113,-0.10578766271296328,-0.8451001085724934,0.113,7275042.528438592,7275042.578438592,0.04571460746228695,0.049999999813735485,1,False,227,0,0.032514208649422546,0.032514208649422546,0.0,1,False,,True,34,0.02653389982879162,0.0786514999344945,12.714315694333328,False,False,False,,10.856807708740234,5.577225208282471,13.493240356445312,8.591642379760742,,,4.004683017730713,True,0.202364325,0.803824171214,3,1.0,-1.0,1.4142135381698608,0.20236432552337646,-0.20236432552337646,0.2861863672733307,0.20236432552337646,0.20236432552337646,0.2861863672733307,0.2023642510175705,0.19594386219978333,0.28168293833732605,0.2023642510175705,0.19594386219978333,0.28168293833732605,0.2023639678955078,0.19594383239746094,0.28168272972106934,False,False,1.5243999660015106,dual_command_actual,0.5,0.01065422035753727,13.500041961669922,8.299842834472656,13.496641159057617,8.4457426071167,2.41029953956604,0.20236365497112274,0.19145441055297852,1.079300418496132,0.0,-0.5,0.5,0.0,0.0,1382.404296875,869.8235473632812,1382.404296875,869.8235473632812,13.500041961669922,8.59984302520752,13.500041961669922,8.299842834472656,0.0,-0.3000001907348633,0.3000001907348633,0.14713096618652344,0.10978221893310547,0.18357466161251068,,0.01065422035753727,0.0,2.0,1.5,3.0,True,,False,False,-0.10572454314415795,-0.844792437777862,0.11308409505677802,False,,False,caught
44,1787733837.692466,2.2000035997480154,0.0500018997117877,19.999240144155063,0.0500018997117877,19.999240144155063,3.6079436540603638e-06,False,False,7275042.628438592,7275042.6324155,3.976907581090927,7275042.678438592,0.0,0.00840780045837164,118.93717089875759,0.05249270796775818,1.0,44,43,-0.09650494998635856,-0.8331461908254663,0.113,-0.09650494998635856,-0.8331461908254663,0.113,-0.10578766271296328,-0.8451001085724934,0.113,-0.09650494998635856,-0.8331461908254663,0.113,7275042.578438592,7275042.628438592,0.05249270796775818,0.049999999813735485,1,False,227,0,1.550476967727015,1.550476967727015,0.0004078004583716391,1,False,,True,35,0.013963700272142887,0.06407890003174543,15.605761015007879,False,False,False,,11.059171676635742,5.773169040679932,13.538796424865723,8.60165023803711,,,3.7614951133728027,True,0.202364325,0.803824171214,3,1.0,1.0,1.4142135381698608,0.20236432552337646,0.20236432552337646,0.2861863672733307,0.20236432552337646,0.20236432552337646,0.2861863672733307,0.2023642510175705,0.2011047899723053,0.28529709577560425,0.2023642510175705,0.2011047899723053,0.28529709577560425,0.2023639678955078,0.20110464096069336,0.28529679775238037,False,False,1.5495996922254562,dual_command_actual,0.5,0.3042854070663452,13.500041961669922,8.59984302520752,13.519418716430664,8.600746154785156,2.3623368740081787,0.2023639678955078,0.18931467831134796,1.0592006146907806,0.0,0.5,0.5,0.0,-0.5,1382.404296875,901.2635498046875,1382.404296875,901.2635498046875,13.500041961669922,8.299842834472656,13.500041961669922,8.59984302520752,0.0,0.3000001907348633,0.3000001907348633,0.045556068420410156,0.010007858276367188,0.04664238914847374,-0.033359505236148834,0.3042854070663452,0.0,2.0,1.5,3.0,True,,False,False,-0.10428285224464097,-0.8465513731946159,0.11254921750739397,False,,False,caught
45,1787733837.7470796,2.2549179000779986,0.054914300329983234,18.210192863988826,0.054914300329983234,18.210192863988826,0.00491790845990181,True,False,7275042.678438592,7275042.6867914,8.352808654308319,7275042.728438592,0.0,0.008001199923455715,124.98125400772393,0.05052770767360926,1.0,45,44,-0.10578766271296328,-0.8451001085724934,0.113,-0.10578766271296328,-0.8451001085724934,0.113,-0.09650494998635856,-0.8331461908254663,0.113,-0.10578766271296328,-0.8451001085724934,0.113,7275042.628438592,7275042.678438592,0.05052770767360926,0.049999999813735485,1,False,232,0,0.7770660654448901,0.7770660654448901,1.199923455715013e-06,1,False,,False,,,,,False,False,False,,11.26153564453125,5.974273681640625,13.51717758178711,8.442225456237793,,,3.3434574604034424,False,0.202364325,0.803824171214,3,1.0,1.0,1.4142135381698608,0.20236432552337646,0.20236432552337646,0.2861863672733307,0.20236432552337646,0.10254746675491333,0.2268640697002411,0.2023642510175705,0.12188200652599335,0.23623402416706085,0.2023642510175705,0.12188200652599335,0.23623402416706085,0.2023639678955078,0.12188196182250977,0.23623375594615936,False,False,1.9828006625175476,dual_command_actual,0.5,0.1585462987422943,13.500041961669922,8.59984302520752,13.508609771728516,8.521034240722656,2.077407121658325,0.2023639678955078,0.18889491260051727,1.1375006288290024,0.0,0.0,0.0,0.0,0.5,1382.404296875,901.2635498046875,1382.404296875,901.2635498046875,13.500041961669922,8.59984302520752,13.500041961669922,8.59984302520752,0.0,0.0,0.0,-0.02161884307861328,-0.1594247817993164,0.16088391840457916,-0.531415581703186,0.1585462987422943,0.0,2.0,1.5,3.0,True,,False,False,-0.1002694446213128,-0.839669434633464,0.11233651174273505,False,,False,caught
46,1787733837.7925916,2.3004228994250298,0.045504999347031116,21.975607391481986,0.045504999347031116,21.975607391481986,0.0004229079931974411,False,False,7275042.728438592,7275042.732676,4.237408749759197,7275042.778438591,0.0,0.008002299815416336,124.9640757115238,0.048547208309173584,0.9709441698005206,46,45,-0.10578766271296328,-0.8451001085724934,0.113,-0.10578766271296328,-0.8451001085724934,0.113,-0.10578766271296328,-0.8451001085724934,0.113,-0.10578766271296328,-0.8451001085724934,0.113,7275042.678438592,7275042.728438592,0.048547208309173584,0.049999999813735485,1,False,232,0,0.6096655349668336,0.6096655349668336,2.299815416335893e-06,1,False,,True,36,0.033299099653959274,0.06257729977369308,15.980235702346343,False,False,False,,11.463899612426758,6.096155643463135,13.508451461791992,8.47481918334961,,,3.1365957260131836,False,0.202364325,0.803824171214,3,0.9358980655670166,1.0,1.3696368932724,0.18939238786697388,0.20236432552337646,0.27716565132141113,0.20236432552337646,-0.20236432552337646,0.2861863672733307,0.2023642510175705,-0.13875503838062286,0.24536554515361786,0.2023642510175705,-0.13875502347946167,0.24536553025245667,0.2023639678955078,-0.13875484466552734,0.2453652024269104,False,False,1.578199677169323,dual_command_actual,0.5,0.12530633807182312,13.500041961669922,8.59984302520752,13.504246711730957,8.537330627441406,1.9294192790985107,0.2023639678955078,0.1729768067598343,1.1443998664617538,0.0,0.0,0.0,0.0,0.0,1382.404296875,901.2635498046875,1382.404296875,901.2635498046875,13.500041961669922,8.59984302520752,13.500041961669922,8.59984302520752,0.0,0.0,0.0,-0.008726119995117188,0.032593727111816406,0.03374160826206207,,0.12530633807182312,0.0,2.0,1.5,3.0,True,,False,False,-0.10159515359222976,-0.8406828383460063,0.11328248446222153,False,,False,caught
47,1787733837.841138,2.3500017998740077,0.04957890044897795,20.169870467964657,0.04957890044897795,20.169870467964657,1.8086284399032593e-06,False,False,7275042.778438591,7275042.7820717,3.6331089213490486,7275042.828438591,0.0,0.008015499450266361,124.75828938729067,0.04658910818397999,0.9317821671507588,47,46,-0.10578766271296328,-0.8451001085724934,0.113,-0.10578766271296328,-0.8451001085724934,0.113,-0.10578766271296328,-0.8451001085724934,0.113,-0.10578766271296328,-0.8451001085724934,0.113,7275042.728438592,7275042.778438591,0.04658910818397999,0.049999999813735485,1,False,232,0,0.13925471790436447,0.13925471790436447,1.549945026636107e-05,1,False,,True,37,0.01949550025165081,0.08127710036933422,12.303588531774187,False,False,False,,11.666263580322266,5.957400798797607,13.49618148803711,8.569241523742676,,,3.1890923976898193,False,0.202364325,0.803824171214,3,1.0,0.8942042589187622,1.3414921760559082,0.20236432552337646,0.18095503747463226,0.27147015929222107,0.20236432552337646,0.20236432552337646,0.2861863672733307,0.2023642510175705,0.1354449987411499,0.24350900948047638,0.2023642510175705,0.1354449987411499,0.24350900948047638,0.2023639678955078,0.13544511795043945,0.24350884556770325,False,False,1.394200138747692,dual_command_actual,0.5,0.03084404580295086,13.500041961669922,8.59984302520752,13.498111724853516,8.584542274475098,2.4748735427856445,0.2023639678955078,0.06141058728098869,1.044800505042076,0.0,0.0,0.0,0.0,0.0,1382.404296875,901.2635498046875,1382.404296875,901.2635498046875,13.500041961669922,8.59984302520752,13.500041961669922,8.59984302520752,0.0,0.0,0.0,-0.012269973754882812,0.0944223403930664,0.09521622955799103,,0.03084404580295086,0.0,2.0,1.5,3.0,True,,False,False,-0.10493249506884121,-0.8440058296512146,0.11289787464196352,False,,False,caught
48,1787733837.8917327,2.4000019999220967,0.05000020004808903,19.999919981084542,0.05000020004808903,19.999919981084542,2.008862793445587e-06,False,False,7275042.828438591,7275042.8320155,3.576909191906452,7275042.878438591,0.0,0.008003000169992447,124.95313991739472,0.05265810899436474,1.0,48,47,-0.10578766271296328,-0.8451001085724934,0.113,-0.10578766271296328,-0.8451001085724934,0.113,-0.10578766271296328,-0.8451001085724934,0.113,-0.10578766271296328,-0.8451001085724934,0.113,7275042.778438591,7275042.828438591,0.05265810899436474,0.049999999813735485,1,False,232,0,0.05373323209953795,0.05373323209953795,3.000169992446733e-06,1,False,,True,38,0.003948099911212921,0.0631898995488882,15.825313968513731,False,False,False,,11.868627548217773,6.092845916748047,13.497512817382812,8.608017921447754,,,2.9965577125549316,False,0.202364325,0.803824171214,3,1.0,1.0,1.4142135381698608,0.20236432552337646,0.20236432552337646,0.2861863672733307,0.20236432552337646,0.20236432552337646,0.2861863672733307,0.2023642510175705,0.18923640251159668,0.27705901861190796,0.2023642510175705,0.18923640251159668,0.27705901861190796,0.2023639678955078,0.18923664093017578,0.27705898880958557,False,False,1.4454005286097527,dual_command_actual,0.5,0.00855719018727541,13.500041961669922,8.59984302520752,13.498777389526367,8.603930473327637,2.39127516746521,0.2023639678955078,0.039524078369140625,1.0461993515491486,0.0,0.0,0.0,0.0,0.0,1382.404296875,901.2635498046875,1382.404296875,901.2635498046875,13.500041961669922,8.59984302520752,13.500041961669922,8.59984302520752,0.0,0.0,0.0,0.001331329345703125,0.038776397705078125,0.03879924491047859,,0.00855719018727541,0.0,2.0,1.5,3.0,True,,False,False,-0.10605739586750645,-0.8455600456234927,0.11293345709921787,False,,False,caught
49,1787733837.9443595,2.4525378001853824,0.05253580026328564,19.03463914108956,0.05253580026328564,19.03463914108956,0.0025378093123435974,True,False,7275042.878438591,7275042.8845156,6.077009253203869,7275042.928438591,0.0,0.008007599972188473,124.88136313916047,0.05068330839276314,1.0,49,48,-0.10578766271296328,-0.8451001085724934,0.113,-0.10578766271296328,-0.8451001085724934,0.113,-0.10578766271296328,-0.8451001085724934,0.113,-0.10578766271296328,-0.8451001085724934,0.113,7275042.828438591,7275042.878438591,0.05068330839276314,0.049999999813735485,1,False,232,0,0.051502860952628106,0.051502860952628106,7.599972188472581e-06,1,False,,False,,,,,False,False,False,,12.070991516113281,6.282082557678223,13.495733261108398,8.607678413391113,,,2.7273221015930176,False,0.202364325,0.803824171214,3,1.0,-0.18467295169830322,1.016909122467041,0.20236432552337646,-0.03737121820449829,0.20578612387180328,0.18939238786697388,0.20236432552337646,0.27716565132141113,0.19193708896636963,0.19978898763656616,0.2770478129386902,0.19193708896636963,0.19978898763656616,0.2770478129386902,0.19193744659423828,0.19978904724121094,0.2770480811595917,False,False,2.17599980533123,dual_command_actual,0.5,0.008941935375332832,12.900041580200195,8.59984302520752,13.197887420654297,8.603760719299316,2.180511236190796,0.2023639678955078,0.061975639313459396,1.0982006788253784,-1.0,0.0,1.0,0.0,0.0,1320.96435546875,901.2635498046875,1320.96435546875,901.2635498046875,13.500041961669922,8.59984302520752,12.900041580200195,8.59984302520752,-0.6000003814697266,0.0,0.6000003814697266,-0.0017795562744140625,-0.000339508056640625,0.001811652909964323,,0.008941935375332832,0.0,2.0,1.5,3.0,True,,False,False,-0.10611523648186251,-0.8454933971301969,0.11294278107883543,False,,False,caught
50,1787733837.9908972,2.500000599771738,0.047462799586355686,21.0691322196568,0.047462799586355686,21.0691322196568,6.09084963798523e-07,False,False,7275042.928438591,7275042.9318332,3.3946093171834946,7275042.978438591,0.0,0.008005100302398205,124.9203585494632,0.048701209016144276,0.9740241839514083,50,49,-0.11787572972069074,-0.8356233878307656,0.113,-0.12891875737267264,-0.8269659499514002,0.113,-0.10578766271296328,-0.8451001085724934,0.113,-0.12891875737267264,-0.8269659499514002,0.113,7275042.878438591,7275042.928438591,0.048701209016144276,0.049999999813735485,1,True,238,0,1.4438647478319286,2.8470101371435774,5.100302398204637e-06,1,False,,True,39,0.02466150000691414,0.06554390024393797,15.256949865330727,False,False,False,,12.26292896270752,6.481871604919434,13.477120399475098,8.600335121154785,,,2.44175124168396,False,0.202364325,0.803824171214,3,1.0,0.9626322388648987,1.3880420923233032,0.20236432552337646,0.1948024183511734,0.28089019656181335,0.20236432552337646,0.18095503747463226,0.27147015929222107,0.2003188282251358,0.18464981019496918,0.2724393308162689,0.2003188282251358,0.18464981019496918,0.2724393308162689,0.2003192901611328,0.18464994430541992,0.27243974804878235,False,False,1.3530999422073364,dual_command_actual,0.5,0.5770790576934814,12.300041198730469,8.59984302520752,12.888580322265625,8.600089073181152,1.8060040473937988,0.19888846576213837,0.174823597073555,1.048300415277481,-1.0,0.0,1.0,-1.0,0.0,1259.524169921875,901.2635498046875,1259.524169921875,901.2635498046875,12.900041580200195,8.59984302520752,12.300041198730469,8.59984302520752,-0.6000003814697266,0.0,0.6000003814697266,-0.01861286163330078,-0.007343292236328125,0.020009061321616173,0.031021414324641228,0.5770790576934814,0.0,2.0,1.5,3.0,True,,False,False,-0.10660548585245314,-0.8446478367239261,0.11287563630608743,False,,False,caught
51,1787733838.0414777,2.5500020999461412,0.05000150017440319,19.99939994824237,0.05000150017440319,19.99939994824237,2.109445631504059e-06,False,False,7275042.978438591,7275042.9821319,3.693309612572193,7275043.0284385905,0.0,0.008018899708986282,124.70538805708746,0.04716580919921398,0.9433161874984063,51,50,-0.12996379672841826,-0.8261466670890377,0.113,-0.15156052253126087,-0.8092154125519504,0.113,-0.12891875737267264,-0.8269659499514002,0.113,-0.15156052253126087,-0.8092154125519504,0.113,7275042.928438591,7275042.978438591,0.04716580919921398,0.049999999813735485,1,True,244,0,2.10334677203817,4.847511017031104,1.8899708986282182e-05,1,False,,True,40,0.012650299817323685,0.07949019968509674,12.580167164776736,False,False,False,,12.463248252868652,6.6665215492248535,13.296879768371582,8.596007347106934,,,2.101869821548462,False,0.202364325,0.803824171214,3,-1.0,1.0,1.4142135381698608,-0.20236432552337646,0.20236432552337646,0.2861863672733307,0.20236432552337646,0.20236432552337646,0.2861863672733307,0.2019631415605545,0.19888919591903687,0.28345373272895813,0.2019631415605545,0.19888919591903687,0.28345373272895813,0.2019634246826172,0.19888925552368164,0.28345397114753723,False,False,1.439499668776989,dual_command_actual,0.5,0.9968459606170654,11.700040817260742,8.59984302520752,12.49846076965332,8.597925186157227,1.7477954626083374,0.19820690155029297,0.19122521579265594,1.0673003271222115,-1.0,0.0,1.0,-1.0,0.0,1198.0841064453125,901.2635498046875,1198.0841064453125,901.2635498046875,12.300041198730469,8.59984302520752,11.700040817260742,8.59984302520752,-0.6000003814697266,0.0,0.6000003814697266,-0.18024063110351562,-0.0043277740478515625,0.18029257655143738,0.30040085315704346,0.9968459606170654,0.0,2.0,1.5,3.0,True,,False,False,-0.11337160220833932,-0.839071564180473,0.11277004233431212,False,,False,caught
52,1787733838.0961812,2.603979700244963,0.053977600298821926,18.526203359615177,0.053977600298821926,18.526203359615177,0.003979709930717945,True,False,7275043.0284385905,7275043.0363279,7.889309898018837,7275043.07843859,0.0,0.008002299815416336,124.9640757115238,0.05321150925010443,1.0,52,51,-0.14406654157076704,-0.8150904928903552,0.113,-0.17408786428162723,-0.7915545800395882,0.113,-0.15156052253126087,-0.8092154125519504,0.113,-0.17408786428162723,-0.7915545800395882,0.113,7275042.978438591,7275043.0284385905,0.05321150925010443,0.049999999813735485,1,True,251,0,2.0885221877257307,5.903230984456989,2.299815416335893e-06,1,False,,True,41,0.0020711999386548996,0.061808000318706036,16.179135303579017,False,False,False,,12.66521167755127,6.865410804748535,12.924444198608398,8.595688819885254,,,1.7495895624160767,False,0.202364325,0.803824171214,3,-1.0,-0.0021255016326904297,1.0000022649765015,-0.20236432552337646,-0.0004301257140468806,0.20236478745937347,0.20236432552337646,-0.03737121820449829,0.20578612387180328,0.20228567719459534,0.0089773740619421,0.20248478651046753,0.20228567719459534,0.008977368474006653,0.20248478651046753,0.2022857666015625,0.008977413177490234,0.2024848759174347,False,False,1.545500010251999,dual_command_actual,0.5,1.2244104146957397,11.100040435791016,8.59984302520752,12.012242317199707,8.597765922546387,1.7576826810836792,0.1980733871459961,0.1944427490234375,1.0656993836164474,-1.0,0.0,1.0,-1.0,0.0,1136.6441650390625,901.2635498046875,1136.6441650390625,901.2635498046875,11.700040817260742,8.59984302520752,11.100040435791016,8.59984302520752,-0.6000003814697266,0.0,0.6000003814697266,-0.3724355697631836,-0.0003185272216796875,0.37243568897247314,0.6207255125045776,1.2244104146957397,0.0,2.0,1.5,3.0,True,,False,False,-0.1275806330778716,-0.827912271833614,0.1129035699406365,False,,False,caught
53,1787733838.1406972,2.6500025000423193,0.04602279979735613,21.728360821225984,0.04602279979735613,21.728360821225984,2.5099143385887146e-06,False,False,7275043.07843859,7275043.0813297,2.891109324991703,7275043.12843859,0.0,0.0081619992852211,122.51900117299644,0.05139180924743414,1.0,53,52,-0.15615460857849456,-0.8056137721486273,0.113,-0.19686814563843827,-0.7736954496510424,0.113,-0.17408786428162723,-0.7915545800395882,0.113,-0.19686814563843827,-0.7736954496510424,0.113,7275043.0284385905,7275043.07843859,0.05139180924743414,0.049999999813735485,1,True,257,0,1.9777111467052941,7.151035068525396,0.0001619992852210997,1,False,,False,,,,,False,False,False,,12.867497444152832,6.874388217926025,12.583935737609863,8.595417976379395,,,1.74423348903656,False,0.202364325,0.803824171214,3,-1.0,1.0,1.4142135381698608,-0.20236432552337646,0.20236432552337646,0.2861863672733307,0.20236432552337646,0.1948024183511734,0.28089019656181335,0.20234891772270203,0.15834805369377136,0.2569420039653778,0.20234891772270203,0.15834805369377136,0.2569420039653778,0.2023487091064453,0.15834808349609375,0.25694185495376587,False,False,1.572699286043644,dual_command_actual,0.5,1.483901858329773,10.500040054321289,8.59984302520752,11.541988372802734,8.597630500793457,2.2062582969665527,0.2015228271484375,0.13083887100219727,1.063300296664238,-1.0,0.0,1.0,-1.0,0.0,1075.2041015625,901.2635498046875,1075.2041015625,901.2635498046875,11.100040435791016,8.59984302520752,10.500040054321289,8.59984302520752,-0.6000003814697266,0.0,0.6000003814697266,-0.34050846099853516,-0.000270843505859375,0.3405085802078247,0.5675137042999268,1.483901858329773,0.0,2.0,1.5,3.0,True,,False,False,-0.14053277736037786,-0.8177413627782593,0.1131186292247897,False,,False,caught
54,1787733838.193381,2.700003799982369,0.05000129994004965,19.999480037498543,0.05000129994004965,19.999480037498543,3.8100406527519226e-06,False,False,7275043.12843859,7275043.132935,4.496409557759762,7275043.17843859,0.0,0.00801869947463274,124.7085020661409,0.04988260939717293,0.9976521916600026,54,53,-0.16824267558622208,-0.7961370514068995,0.113,-0.21916738697910554,-0.7562134417499611,0.113,-0.19686814563843827,-0.7736954496510424,0.113,-0.21916738697910554,-0.7562134417499611,0.113,7275043.07843859,7275043.12843859,0.04988260939717293,0.049999999813735485,1,True,263,0,1.9016102293966881,8.372399343550123,1.8699474632739854e-05,1,False,,True,42,0.017902499996125698,0.06455880030989647,15.4897550016385,False,False,False,,13.069846153259277,7.032736301422119,12.249671936035156,8.593188285827637,,,1.7628659009933472,False,0.202364325,0.803824171214,3,-1.0,0.82731693983078,1.2978649139404297,-0.20236432552337646,0.16741943359375,0.2626415491104126,-0.20236432552337646,0.20236432552337646,0.2861863672733307,-0.12296941131353378,0.19372940063476562,0.2294614464044571,-0.0994182825088501,0.19116799533367157,0.21547435224056244,-0.09941864013671875,0.19116783142089844,0.21547436714172363,True,False,2.0257001742720604,dual_command_actual,0.5,1.7496446371078491,9.900039672851562,8.299842834472656,11.07485580444336,8.446516036987305,2.5487546920776367,0.2021992951631546,0.12207158654928207,1.070600003004074,-1.0,-0.5,1.1180340051651,-1.0,0.0,1013.7640380859375,869.8235473632812,1013.7640380859375,869.8235473632812,10.500040054321289,8.59984302520752,9.900039672851562,8.299842834472656,-0.6000003814697266,-0.3000001907348633,0.6708208322525024,-0.33426380157470703,-0.0022296905517578125,0.33427122235298157,0.5571059584617615,1.7496446371078491,0.0,2.0,1.5,3.0,True,,False,False,-0.15315256900641355,-0.8077085933448089,0.11298428237183573,False,,False,caught
55,1787733838.24095,2.7500022994354367,0.04999849945306778,20.000600236786557,0.04999849945306778,20.000600236786557,2.3096799850463867e-06,False,False,7275043.17843859,7275043.1819151,3.4765098243951797,7275043.22843859,0.0,0.00800629984587431,124.90164236295816,0.04791761003434658,0.9583522042570718,55,54,-0.17928630308125545,-0.785482901006846,0.113,-0.23293334949528285,-0.7264824657659653,0.113,-0.21916738697910554,-0.7562134417499611,0.113,-0.23293334949528285,-0.7264824657659653,0.113,7275043.12843859,7275043.17843859,0.04791761003434658,0.049999999813735485,1,True,269,0,1.8790578044713575,9.846498945863233,6.299845874309373e-06,1,False,,True,44,0.006197999231517315,0.028402000665664673,35.20878728831611,False,False,False,,12.970427513122559,7.223904132843018,11.926570892333984,8.593069076538086,,,1.721699595451355,False,0.202364325,0.803824171214,3,-0.6519436836242676,0.4429911971092224,0.7882079482078552,-0.1319301426410675,0.089645616710186,0.15950517356395721,-0.20236432552337646,-0.0004301257140468806,0.20236478745937347,-0.1821688711643219,0.037156764417886734,0.18591967225074768,-0.1821688711643219,0.037156760692596436,0.18591967225074768,-0.18216896057128906,0.03715658187866211,0.18591971695423126,False,False,1.3715997338294983,dual_command_actual,0.5,2.047635316848755,9.300039291381836,8.59984302520752,10.61330509185791,8.596456527709961,2.7597365379333496,0.10173860937356949,0.11949777603149414,1.0449998080730438,-1.0,0.5,1.1180340051651,-1.0,-0.5,952.3240356445312,901.2635498046875,952.3240356445312,901.2635498046875,9.900039672851562,8.299842834472656,9.300039291381836,8.59984302520752,-0.6000003814697266,0.3000001907348633,0.6708208322525024,-0.3231010437011719,-0.00011920928955078125,0.32310107350349426,0.4308805763721466,2.047635316848755,0.04763531684875488,2.0,1.5,3.0,True,,False,False,-0.16537758083474258,-0.7981174488398248,0.11303833770990111,False,,False,caught
56,1787733838.2940755,2.8018793994560838,0.05187710002064705,19.276328083142673,0.05187710002064705,19.276328083142673,0.0018794098868966103,True,False,7275043.22843859,7275043.2338506,5.412010475993156,7275043.27843859,0.0,0.008003199473023415,124.95002821942963,0.053951309993863106,1.0,56,55,-0.192831406258171,-0.7737956124790537,0.113,-0.2637921771070228,-0.7212288016143514,0.113,-0.23293334949528285,-0.7264824657659653,0.113,-0.2637921771070228,-0.7212288016143514,0.113,7275043.17843859,7275043.22843859,0.053951309993863106,0.049999999813735485,1,True,276,0,1.8584317292026364,10.68362743412897,3.1994730234144453e-06,1,False,,False,,,,,False,False,False,,12.78825855255127,7.26106071472168,11.550387382507324,8.570690155029297,,,1.8020694255828857,False,0.202364325,0.803824171214,3,-1.0,0.8890882730484009,1.3380874395370483,-0.20236432552337646,0.1799197494983673,0.27078115940093994,-0.20236432552337646,0.20236432552337646,0.2861863672733307,-0.19840247929096222,0.1699545681476593,0.26124337315559387,-0.19840247929096222,0.1699545681476593,0.26124337315559387,-0.19840240478515625,0.16995477676391602,0.26124343276023865,False,False,2.0890003070235252,dual_command_actual,0.5,2.2505369186401367,8.70003890991211,8.299842834472656,10.125213623046875,8.435266494750977,2.836284637451172,-0.0264129638671875,0.12889082729816437,1.0805996134877205,-1.0,-0.5,1.1180340051651,-1.0,0.5,890.8839721679688,869.8235473632812,890.8839721679688,869.8235473632812,9.300039291381836,8.59984302520752,8.70003890991211,8.299842834472656,-0.6000003814697266,-0.3000001907348633,0.6708208322525024,-0.37618350982666016,-0.022378921508789062,0.37684857845306396,0.48665836453437805,2.2505369186401367,0.2505369186401367,2.0,1.5,3.0,True,,False,False,-0.17891422224784526,-0.7861110243314524,0.11286046742587777,False,,False,caught
57,1787733838.3415844,2.850002999417484,0.04812359996140003,20.77982529989653,0.04812359996140003,20.77982529989653,3.0100345611572266e-06,False,False,7275043.27843859,7275043.2821219,3.6833100020885468,7275043.328438589,0.0,0.008224899880588055,121.58202707854763,0.05219371058046818,1.0,57,56,-0.20426608209838007,-0.7635536739263225,0.113,-0.2774919493041594,-0.6916452452447391,0.113,-0.2637921771070228,-0.7212288016143514,0.113,-0.2774919493041594,-0.6916452452447391,0.113,7275043.22843859,7275043.27843859,0.05219371058046818,0.049999999813735485,1,True,282,0,1.8772797983191887,12.137211990161202,0.0002248998805880545,1,False,,True,45,0.04173299949616194,0.033302499912679195,30.027775771249893,False,False,False,,12.589856147766113,7.431015491485596,11.234785079956055,8.546621322631836,,,1.7552189826965332,False,0.202364325,0.803824171214,3,-1.0,1.0,1.4142135381698608,-0.20236432552337646,0.20236432552337646,0.2861863672733307,-0.20236432552337646,0.16741943359375,0.2626415491104126,-0.20158709585666656,0.16791680455207825,0.26236122846603394,-0.20158709585666656,0.16791680455207825,0.26236122846603394,-0.20158672332763672,0.16791677474975586,0.26236090064048767,False,False,1.5910007059574127,dual_command_actual,0.5,2.5467307567596436,8.100038528442383,8.299842834472656,9.667411804199219,8.423232078552246,2.893057346343994,-0.15999667346477509,0.13275973498821259,1.0293005034327507,-1.0,0.0,1.0,-1.0,-0.5,829.4439697265625,869.8235473632812,829.4439697265625,869.8235473632812,8.70003890991211,8.299842834472656,8.100038528442383,8.299842834472656,-0.6000003814697266,0.0,0.6000003814697266,-0.31560230255126953,-0.024068832397460938,0.31651875376701355,0.4368486702442169,2.5467307567596436,0.5467307567596436,2.0,1.5,3.0,True,,False,False,-0.19008643171912037,-0.7758560524016138,0.11291667479144034,False,,False,caught
58,1787733838.3911824,2.9000023994594812,0.04999940004199743,20.000239986080658,0.04999940004199743,20.000239986080658,2.4102628231048584e-06,False,False,7275043.328438589,7275043.3320658,3.627210855484009,7275043.378438589,0.0,0.008015099912881851,124.7645083491476,0.050237810239195824,1.0,58,57,-0.21539496144942025,-0.7529674826665779,0.113,-0.2994237898723023,-0.6744982888864615,0.113,-0.2774919493041594,-0.6916452452447391,0.113,-0.2994237898723023,-0.6744982888864615,0.113,7275043.27843859,7275043.328438589,0.050237810239195824,0.049999999813735485,1,True,288,0,1.8793622149438822,13.376386007983507,1.509991288185103e-05,1,False,,True,46,0.012254899367690086,0.06446089968085289,15.513280220273353,False,False,False,,12.388269424438477,7.598932266235352,10.914397239685059,8.528277397155762,,,1.7424068450927734,False,0.202364325,0.803824171214,3,-1.0,0.35384273529052734,1.0607566833496094,-0.20236432552337646,0.0716051459312439,0.21465930342674255,-0.1319301426410675,0.089645616710186,0.15950517356395721,-0.14559507369995117,0.10500052571296692,0.1795077621936798,-0.14559507369995117,0.10500052571296692,0.1795077621936798,-0.14559555053710938,0.10500049591064453,0.17950813472270966,False,False,1.4201998710632324,dual_command_actual,0.5,2.8236141204833984,7.5000386238098145,8.299842834472656,9.207218170166016,8.414060592651367,3.0656850337982178,-0.19405269622802734,0.12500937283039093,1.0575000196695328,-1.0,0.0,1.0,-1.0,0.0,768.0039672851562,869.8235473632812,768.0039672851562,869.8235473632812,8.100038528442383,8.299842834472656,7.5000386238098145,8.299842834472656,-0.5999999046325684,0.0,0.5999999046325684,-0.3203878402709961,-0.01834392547607422,0.32091256976127625,0.5339794158935547,2.8236141204833984,0.8236141204833984,2.0,1.5,3.0,True,,False,False,-0.20158003216507736,-0.7657088331889551,0.11292286874563306,False,,False,caught
59,1787733838.445874,2.9536961000412703,0.05369370058178902,18.624158684625367,0.05369370058178902,18.624158684625367,0.0036961110308766365,True,False,7275043.378438589,7275043.385958,7.51941092312336,7275043.428438589,0.0,0.008029899559915066,124.534558936697,0.05630891025066376,1.0,59,58,-0.22863267082126865,-0.7408893550645048,0.113,-0.3212464510233256,-0.6574366921994231,0.113,-0.2994237898723023,-0.6744982888864615,0.113,-0.3212464510233256,-0.6574366921994231,0.113,7275043.328438589,7275043.378438589,0.05630891025066376,0.049999999813735485,1,True,295,0,1.88078266211437,14.347364277973496,2.98995599150656e-05,1,False,,True,47,0.0026590004563331604,0.07927700038999319,12.613998954055102,False,False,False,,12.242673873901367,7.703932762145996,10.540157318115234,8.49798583984375,,,1.8785853385925293,False,0.202364325,0.803824171214,3,-1.0,1.0,1.4142135381698608,-0.20236432552337646,0.20236432552337646,0.2861863672733307,-0.20236432552337646,0.1799197494983673,0.27078115940093994,-0.19122765958309174,0.1652224063873291,0.25271815061569214,-0.19122765958309174,0.1652224063873291,0.25271815061569214,-0.19122791290283203,0.16522216796875,0.2527181804180145,False,False,1.4864997938275337,dual_command_actual,0.5,3.0465691089630127,6.900038719177246,7.999842643737793,8.720098495483398,8.24891471862793,3.364262104034424,-0.18186156451702118,0.14762401580810547,1.0320991277694702,-1.0,-0.5,1.1180340051651,-1.0,0.0,706.5639038085938,838.3834838867188,706.5639038085938,838.3834838867188,7.5000386238098145,8.299842834472656,6.900038719177246,7.999842643737793,-0.5999999046325684,-0.3000001907348633,0.670820415019989,-0.3742399215698242,-0.03029155731201172,0.3754638433456421,0.6237332820892334,3.0465691089630127,1.0465691089630127,2.0,1.5,3.0,True,,False,False,-0.21471341991519102,-0.7535376256362633,0.11289976044568924,False,,False,caught
60,1787733838.4914007,3.0000027995556593,0.04630669951438904,21.59514736499989,0.04630669951438904,21.59514736499989,2.810731530189514e-06,False,False,7275043.428438589,7275043.4313496,2.911010757088661,7275043.478438589,0.0,0.00802060030400753,124.67894697362557,0.046352011151611805,0.92704022648573,60,59,-0.23768020985388022,-0.7318378225325033,0.113,-0.33514735365887244,-0.6283755113575229,0.113,-0.3212464510233256,-0.6574366921994231,0.113,-0.33514735365887244,-0.6283755113575229,0.113,7275043.378438589,7275043.428438589,0.046352011151611805,0.049999999813735485,1,True,300,0,1.8688186864301257,16.08076473939081,2.0600304007530046e-05,1,False,,False,,,,,False,False,False,,12.051445960998535,7.869154930114746,10.26974868774414,8.475937843322754,,,1.8821877241134644,False,0.202364325,0.803824171214,3,-1.0,-1.0,1.4142135381698608,-0.20236432552337646,-0.20236432552337646,0.2861863672733307,-0.20236432552337646,0.20236432552337646,0.2861863672733307,-0.20017963647842407,0.19507792592048645,0.27951258420944214,-0.20017963647842407,0.19507792592048645,0.27951258420944214,-0.2001800537109375,0.19507789611816406,0.279512882232666,False,False,1.597600057721138,dual_command_actual,0.5,3.403176784515381,6.300038814544678,7.399842739105225,8.284893989562988,7.93789005279541,3.5879149436950684,-0.17947006225585938,0.1460464745759964,1.049799844622612,-1.0,-1.0,1.4142135381698608,-1.0,-0.5,645.1239624023438,775.5035400390625,645.1239624023438,775.5035400390625,6.900038719177246,7.999842643737793,6.300038814544678,7.399842739105225,-0.5999999046325684,-0.5999999046325684,0.8485280275344849,-0.27040863037109375,-0.022047996520996094,0.27130597829818726,0.3752434551715851,3.403176784515381,1.4031767845153809,2.0,1.5,3.0,True,,False,False,-0.2241768049148897,-0.7447569257521505,0.11294382768662066,False,,False,caught
61,1787733838.5419743,3.050002899952233,0.050000100396573544,19.99995984145122,0.050000100396573544,19.99995984145122,2.911314368247986e-06,False,False,7275043.478438589,7275043.4825221,4.083511419594288,7275043.528438589,0.0,0.008171800523996353,122.3720521644547,0.0525535112246871,1.0,61,60,-0.24880716812045728,-0.7178130279785659,0.113,-0.34025206929794893,-0.5872658327974956,0.113,-0.33514735365887244,-0.6283755113575229,0.113,-0.34025206929794893,-0.5872658327974956,0.113,7275043.428438589,7275043.478438589,0.0525535112246871,0.049999999813735485,1,True,307,0,1.8775150284355522,17.811907804557247,0.00017180052399635298,1,False,,True,48,0.03210970014333725,0.06329139973968267,15.799934969253277,False,False,False,,11.851265907287598,8.06423282623291,9.89730453491211,8.437363624572754,,,1.9892691373825073,False,0.202364325,0.803824171214,3,-1.0,0.2254202514886856,1.025092363357544,-0.20236432552337646,0.04561701789498329,0.20744211971759796,-0.20236432552337646,0.0716051459312439,0.21465930342674255,-0.20193582773208618,0.09582751989364624,0.22351956367492676,-0.20193582773208618,0.09582751989364624,0.22351956367492676,-0.2019357681274414,0.09582710266113281,0.22351932525634766,False,False,1.6069002449512482,dual_command_actual,0.5,3.7438976764678955,6.0000386238098145,7.099842548370361,7.948671340942383,7.768603324890137,3.750774383544922,-0.17900116741657257,0.15510018169879913,1.0297000408172607,-0.5,-0.5,0.7071067690849304,-1.0,-1.0,614.4039916992188,744.0634765625,614.4039916992188,744.0634765625,6.300038814544678,7.399842739105225,6.0000386238098145,7.099842548370361,-0.3000001907348633,-0.3000001907348633,0.4242643415927887,-0.37244415283203125,-0.03857421875,0.3744363784790039,0.34251534938812256,3.7438976764678955,1.7438976764678955,2.0,1.5,3.0,True,,False,False,-0.23694549412970498,-0.7323663102515425,0.11290548322735566,False,,False,caught
62,1787733838.5916402,3.1000020997598767,0.04999919980764389,20.000320082064988,0.04999919980764389,20.000320082064988,2.11130827665329e-06,False,False,7275043.528438589,7275043.5320718,3.6332113668322563,7275043.578438588,0.0,0.008002799935638905,124.95626631208104,0.05058781150728464,1.0,62,61,-0.2571850621077617,-0.7049409667723164,0.113,-0.3431255186778278,-0.56668544896535,0.113,-0.34025206929794893,-0.5872658327974956,0.113,-0.3431255186778278,-0.56668544896535,0.113,7275043.478438589,7275043.528438589,0.05058781150728464,0.049999999813735485,1,True,313,0,1.8639389204978036,18.142433239887946,2.799935638904405e-06,1,False,,True,49,0.005203999578952789,0.06706409994512796,14.911107445238255,False,False,False,,11.649330139160156,8.160059928894043,9.577462196350098,8.374383926391602,,,2.0829238891601562,False,0.202364325,0.803824171214,3,-1.0,1.0,1.4142135381698608,-0.20236432552337646,0.20236432552337646,0.2861863672733307,-0.20236432552337646,0.20236432552337646,0.2861863672733307,-0.20228025317192078,0.1814642995595932,0.27174729108810425,-0.20228025317192078,0.1814642995595932,0.27174729108810425,-0.20228004455566406,0.18146419525146484,0.27174708247184753,False,False,1.453799195587635,dual_command_actual,0.5,3.797685384750366,6.0000386238098145,7.099842548370361,7.788750648498535,7.737112998962402,3.7076544761657715,-0.1977812498807907,0.15204238891601562,1.0036006569862366,0.0,0.0,0.0,-0.5,-0.5,614.4039916992188,744.0634765625,614.4039916992188,744.0634765625,6.0000386238098145,7.099842548370361,6.0000386238098145,7.099842548370361,0.0,0.0,0.0,-0.3198423385620117,-0.06297969818115234,0.32598400115966797,0.63803631067276,3.797685384750366,1.7976853847503662,2.0,1.5,3.0,True,,False,False,-0.24703011824802396,-0.7205698918306129,0.11279838982570767,False,,False,caught
63,1787733838.6518419,3.151077600196004,0.051075500436127186,19.578858581142182,0.051075500436127186,19.578858581142182,0.001077611930668354,True,False,7275043.578438588,7275043.5917694,13.330811634659767,7275043.628438588,0.0,0.008005599491298199,124.91256914450496,0.056645710952579975,1.0,63,62,-0.26664546984713683,-0.6897216670050877,0.113,-0.3431255186778278,-0.56668544896535,0.113,-0.3431255186778278,-0.56668544896535,0.113,-0.3431255186778278,-0.56668544896535,0.113,7275043.528438589,7275043.578438588,0.056645710952579975,0.049999999813735485,1,True,320,0,2.134223363033385,16.62087173347099,5.599491298198533e-06,1,False,,False,,,,,False,False,False,,11.447050094604492,8.341524124145508,9.272547721862793,8.281379699707031,,,2.1753339767456055,False,0.202364325,0.803824171214,3,-1.0,1.0,1.4142135381698608,-0.20236432552337646,0.20236432552337646,0.2861863672733307,-0.20236432552337646,-0.20236432552337646,0.2861863672733307,-0.2023477852344513,-0.1270664483308792,0.23893620073795319,-0.20234669744968414,-0.12208226323127747,0.23632237315177917,-0.2023468017578125,-0.12208271026611328,0.23632270097732544,True,False,1.5237005427479744,dual_command_actual,0.5,3.479273796081543,6.0000386238098145,7.099842548370361,7.636293411254883,7.690610885620117,3.6987082958221436,-0.20146529376506805,0.1574563980102539,1.0361000895500183,0.0,0.0,0.0,0.0,0.0,614.4039916992188,744.0634765625,614.4039916992188,744.0634765625,6.0000386238098145,7.099842548370361,6.0000386238098145,7.099842548370361,0.0,0.0,0.0,-0.3049144744873047,-0.09300422668457031,0.3187830448150635,,3.479273796081543,1.479273796081543,2.0,1.5,3.0,True,,False,False,-0.2556872087478158,-0.7080356291330703,0.11292099882480279,False,,False,caught
64,1787733838.6917777,3.2000017995014787,0.04892419930547476,20.439782647359486,0.04892419930547476,20.439782647359486,1.8114224076271057e-06,False,False,7275043.628438588,7275043.6321597,3.7211114540696144,7275043.678438588,0.0,0.008005199953913689,124.91880349735757,0.04680861160159111,0.9361722355193356,64,63,-0.2734029039466904,-0.6788507385999244,0.113,-0.3431255186778278,-0.56668544896535,0.113,-0.3431255186778278,-0.56668544896535,0.113,-0.3431255186778278,-0.56668544896535,0.113,7275043.578438588,7275043.628438588,0.04680861160159111,0.049999999813735485,1,True,325,0,1.6152093396814675,14.821965255088218,5.199953913688493e-06,1,False,,True,50,0.03565849922597408,0.07669559959322214,13.038557691755415,False,False,False,,11.24470329284668,8.219441413879395,8.919683456420898,8.152432441711426,,,2.3259854316711426,False,0.202364325,0.803824171214,3,-1.0,1.0,1.4142135381698608,-0.20236432552337646,0.20236432552337646,0.2861863672733307,-0.20236432552337646,0.04561701789498329,0.20744211971759796,-0.20236088335514069,0.012718385085463524,0.20276015996932983,-0.20236088335514069,0.012718379497528076,0.20276015996932983,-0.2023611068725586,0.01271820068359375,0.20276038348674774,False,False,1.520499587059021,dual_command_actual,0.5,3.103590250015259,5.700038433074951,7.099842548370361,7.309861183166504,7.626137733459473,3.7879791259765625,-0.20218753814697266,0.051736194640398026,1.0502003133296967,-0.5,0.0,0.5,0.0,0.0,583.6838989257812,744.0634765625,583.6838989257812,744.0634765625,6.0000386238098145,7.099842548370361,5.700038433074951,7.099842548370361,-0.3000001907348633,0.0,0.3000001907348633,-0.35286426544189453,-0.12894725799560547,0.3756868243217468,,3.103590250015259,1.1035902500152588,2.0,1.5,3.0,True,,False,False,-0.26508807585357713,-0.6926982353441807,0.1129757348148922,False,,False,caught
65,1787733838.7413893,3.250001499429345,0.04999969992786646,20.000120029573768,0.04999969992786646,20.000120029573768,1.5115365386009216e-06,False,False,7275043.678438588,7275043.682069,3.630411811172962,7275043.728438588,0.0,0.00800469983369112,124.92660821472438,0.05286961141973734,1.0,65,64,-0.2831706916740897,-0.6638281347116933,0.113,-0.3541893890205438,-0.5581287916009303,0.113,-0.3431255186778278,-0.56668544896535,0.113,-0.3541893890205438,-0.5581287916009303,0.113,7275043.628438588,7275043.678438588,0.05286961141973734,0.049999999813735485,1,True,332,0,1.8782588318510134,14.612300777176277,4.699833691119981e-06,1,False,,True,51,0.01053249929100275,0.06974930036813021,14.337061371542003,False,False,False,,11.042342185974121,8.232159614562988,8.621137619018555,8.039202690124512,,,2.4288811683654785,False,0.202364325,0.803824171214,3,-1.0,-1.0,1.4142135381698608,-0.20236432552337646,-0.20236432552337646,0.2861863672733307,-0.20236432552337646,0.20236432552337646,0.2861863672733307,-0.20236369967460632,0.16516034305095673,0.26120683550834656,-0.20236369967460632,0.16516034305095673,0.26120683550834656,-0.2023639678955078,0.1651601791381836,0.2612069249153137,False,False,1.3930005952715874,dual_command_actual,0.5,3.068422794342041,5.400038242340088,6.799842357635498,7.010587692260742,7.419522285461426,3.9197592735290527,-0.20232932269573212,0.024033227935433388,1.013999804854393,-0.5,-0.5,0.7071067690849304,-0.5,0.0,552.9639282226562,712.6234741210938,552.9639282226562,712.6234741210938,5.700038433074951,7.099842548370361,5.400038242340088,6.799842357635498,-0.3000001907348633,-0.3000001907348633,0.4242643415927887,-0.29854583740234375,-0.11322975158691406,0.31929701566696167,0.9951521754264832,3.068422794342041,1.068422794342041,2.0,1.5,3.0,True,,False,False,-0.2729189366283438,-0.6795662111928118,0.1129904554139473,False,,False,caught
66,1787733838.7950242,3.303858299739659,0.0538568003103137,18.567757353540696,0.0538568003103137,18.567757353540696,0.0038583120331168175,True,False,7275043.728438588,7275043.7359309,7.492312230169773,7275043.778438588,0.0,0.008002200163900852,124.96563189098329,0.05091101210564375,1.0,66,65,-0.2911847080673862,-0.6507273789802591,0.113,-0.35681696231736126,-0.5371210959774193,0.113,-0.3541893890205438,-0.5581287916009303,0.113,-0.35681696231736126,-0.5371210959774193,0.113,7275043.678438588,7275043.728438588,0.05091101210564375,0.049999999813735485,1,True,338,0,1.6174188440467092,14.736544346545912,2.200163900852037e-06,1,False,,True,52,0.0010273996740579605,0.07492339983582497,13.346965062867389,False,False,False,,10.839978218078613,8.397319793701172,8.265870094299316,7.915960788726807,,,2.6187286376953125,False,0.202364325,0.803824171214,3,-1.0,-0.30323296785354614,1.0449641942977905,-0.20236432552337646,-0.06136353686451912,0.21146348118782043,-0.20236432552337646,0.20236432552337646,0.2861863672733307,-0.2023642510175705,0.19506576657295227,0.28107282519340515,-0.2023642510175705,0.19506576657295227,0.28107282519340515,-0.2023639678955078,0.19506549835205078,0.2810724675655365,False,False,1.433100551366806,dual_command_actual,0.5,3.0755021572113037,5.400038242340088,6.499842166900635,6.832954406738281,7.207901477813721,3.9918408393859863,-0.20235729217529297,0.018598556518554688,1.019500195980072,0.0,-0.5,0.5,-0.5,-0.5,552.9639282226562,681.1834716796875,552.9639282226562,681.1834716796875,5.400038242340088,6.799842357635498,5.400038242340088,6.499842166900635,0.0,-0.3000001907348633,0.3000001907348633,-0.3552675247192383,-0.12324190139770508,0.376036673784256,0.7975151538848877,3.0755021572113037,1.0755021572113037,2.0,1.5,3.0,True,,False,False,-0.2825574324979751,-0.6644085507030366,0.11300531498399005,False,,False,caught
67,1787733838.842556,3.350002999417484,0.046144699677824974,21.67096128010026,0.046144699677824974,21.67096128010026,3.0118972063064575e-06,False,False,7275043.778438588,7275043.7825664,4.127812571823597,7275043.8284385875,0.0,0.008014599792659283,124.77229379761646,0.04895481187850237,0.9790962412174651,67,66,-0.2980849937979079,-0.6370110157214913,0.113,-0.34862944900520315,-0.5249758473783586,0.113,-0.35681696231736126,-0.5371210959774193,0.113,-0.34862944900520315,-0.5249758473783586,0.113,7275043.728438588,7275043.778438588,0.04895481187850237,0.049999999813735485,1,True,344,0,1.871859086951986,14.159288490264096,1.4599792659282518e-05,1,False,,False,,,,,False,False,False,,10.637614250183105,8.592385292053223,8.014005661010742,7.8251872062683105,,,2.733480453491211,False,0.202364325,0.803824171214,3,-1.0,-1.0,1.4142135381698608,-0.20236432552337646,-0.20236432552337646,0.2861863672733307,-0.20236432552337646,0.20236432552337646,0.2861863672733307,-0.2023642510175705,0.20093247294425964,0.285175621509552,-0.2023642510175705,0.20093247294425964,0.285175621509552,-0.2023639678955078,0.20093250274658203,0.2851754426956177,False,False,2.135099843144417,dual_command_actual,0.5,2.9307618141174316,5.400038242340088,6.1998419761657715,6.707021713256836,7.012514591217041,4.099261283874512,-0.2023630142211914,0.12431462854146957,1.6060005873441696,0.0,-0.5,0.5,0.0,-0.5,552.9639282226562,649.7434692382812,552.9639282226562,649.7434692382812,5.400038242340088,6.499842166900635,5.400038242340088,6.1998419761657715,0.0,-0.3000001907348633,0.3000001907348633,-0.2518644332885742,-0.0907735824584961,0.26772287487983704,0.3025784194469452,2.9307618141174316,0.9307618141174316,2.0,1.5,3.0,True,,False,False,-0.2892893792396729,-0.6535343961727866,0.11297340779835433,False,,False,caught
68,1787733838.8910785,3.4000017000362277,0.049998700618743896,20.000519766009926,0.049998700618743896,20.000519766009926,1.712702214717865e-06,False,False,7275043.8284385875,7275043.8318382,3.399612382054329,7275043.878438587,0.0,0.008017699234187603,124.72405995674961,0.04698621202260256,0.9397242439527967,68,67,-0.303603386170669,-0.6226831996113263,0.113,-0.3401341267543634,-0.512373999084278,0.113,-0.34862944900520315,-0.5249758473783586,0.113,-0.3401341267543634,-0.512373999084278,0.113,7275043.778438588,7275043.8284385875,0.04698621202260256,0.049999999813735485,1,True,350,0,1.6169724452845473,13.235578691656851,1.769923418760283e-05,1,False,,True,53,0.03087490051984787,0.06336010061204433,15.782803220642403,False,False,False,,10.435250282287598,8.793317794799805,7.670262336730957,7.678469657897949,,,2.9812822341918945,False,0.202364325,0.803824171214,3,-1.0,-1.0,1.4142135381698608,-0.20236432552337646,-0.20236432552337646,0.2861863672733307,-0.20236432552337646,-0.20236432552337646,0.2861863672733307,-0.2023642510175705,-0.12324723601341248,0.23694127798080444,-0.2023642361164093,-0.10261398553848267,0.2268940657377243,-0.2023639678955078,-0.1026144027709961,0.22689400613307953,True,False,1.3224994763731956,dual_command_actual,0.5,2.7092909812927246,5.700038433074951,6.1998419761657715,6.685150146484375,6.939155578613281,4.093041896820068,-0.2023639678955078,0.18705272674560547,1.0526999831199646,0.5,0.0,0.5,0.0,-0.5,583.6838989257812,649.7434692382812,583.6838989257812,649.7434692382812,5.400038242340088,6.1998419761657715,5.700038433074951,6.1998419761657715,0.3000001907348633,0.0,0.3000001907348633,-0.34374332427978516,-0.14671754837036133,0.37374526262283325,0.48905816674232483,2.7092909812927246,0.7092909812927246,2.0,1.5,3.0,True,,False,False,-0.29782801787007757,-0.6377863035893485,0.11296312043217041,False,,False,caught
69,1787733838.9417865,3.4500021999701858,0.050000499933958054,19.99980002841623,0.050000499933958054,19.99980002841623,2.212822437286377e-06,False,False,7275043.878438587,7275043.8820538,3.6152126267552376,7275043.928438587,0.0,0.008002199232578278,124.96564643489936,0.053027612157166004,1.0,69,68,-0.3084749876068771,-0.6054442177301421,0.113,-0.32898006705378824,-0.5209280325031459,0.113,-0.3401341267543634,-0.512373999084278,0.113,-0.32898006705378824,-0.5209280325031459,0.113,7275043.8284385875,7275043.878438587,0.053027612157166004,0.049999999813735485,1,True,357,0,1.8792347125984168,10.575560725525273,2.1992325782774214e-06,1,False,,True,54,0.002308499999344349,0.06650099996477365,15.037367867095405,False,False,False,,10.23288631439209,8.690703392028809,7.394330978393555,7.522025108337402,,,3.0697238445281982,False,0.202364325,0.803824171214,3,-1.0,-0.9654495716094971,1.3899974822998047,-0.20236432552337646,-0.1953725516796112,0.2812858819961548,-0.20236432552337646,-0.06136353686451912,0.21146348118782043,-0.2023642510175705,-0.06945595890283585,0.21395191550254822,-0.2023642510175705,-0.06945595890283585,0.21395191550254822,-0.2023639678955078,-0.06945610046386719,0.2139516919851303,False,False,1.442600041627884,dual_command_actual,0.5,2.1491382122039795,5.700038433074951,6.1998419761657715,6.547184944152832,6.860933303833008,3.9810984134674072,-0.2023639678955078,0.0977945327758789,1.0123001411557198,0.0,0.0,0.0,0.5,0.0,583.6838989257812,649.7434692382812,583.6838989257812,649.7434692382812,5.700038433074951,6.1998419761657715,5.700038433074951,6.1998419761657715,0.0,0.0,0.0,-0.27593135833740234,-0.15644454956054688,0.3171955347061157,-0.9197705984115601,2.1491382122039795,0.1491382122039795,2.0,1.5,3.0,True,,False,False,-0.30359258263393196,-0.6235911803208735,0.11295329974043487,False,,False,caught
70,1787733838.9933867,3.501201699487865,0.051199499517679214,19.531440920720318,0.051199499517679214,19.531440920720318,0.0012017125263810158,True,False,7275043.928438587,7275043.9328841,4.445512779057026,7275043.978438587,0.0,0.0079993000254035,125.01093806011585,0.0510648125782609,1.0,70,69,-0.3120965242057163,-0.5905172598128953,0.113,-0.32898006705378824,-0.5209280325031459,0.113,-0.32898006705378824,-0.5209280325031459,0.113,-0.32898006705378824,-0.5209280325031459,0.113,7275043.878438587,7275043.928438587,0.0510648125782609,0.049999999813735485,1,True,363,0,1.8719166147072703,9.032530687850143,0.0,1,False,,False,,,,,False,False,False,,10.030522346496582,8.621247291564941,7.13539457321167,7.338365077972412,,,3.166630983352661,False,0.202364325,0.803824171214,3,-1.0,0.12290805578231812,1.0075249671936035,-0.20236432552337646,0.024872206151485443,0.20388709008693695,-0.20236432552337646,-0.20236432552337646,0.2861863672733307,-0.2023642510175705,-0.17629094421863556,0.268383651971817,-0.2023642510175705,-0.17629094421863556,0.268383651971817,-0.2023639678955078,-0.17629051208496094,0.2683831453323364,False,False,1.8221000209450722,dual_command_actual,0.5,1.8320704698562622,5.400038242340088,5.899841785430908,6.267716407775879,6.61910343170166,4.089491844177246,-0.2023639678955078,0.00962066650390625,1.079699955880642,-0.5,-0.5,0.7071067690849304,0.0,0.0,552.9639282226562,618.3034057617188,552.9639282226562,618.3034057617188,5.700038433074951,6.1998419761657715,5.400038242340088,5.899841785430908,-0.3000001907348633,-0.3000001907348633,0.4242643415927887,-0.25893640518188477,-0.18366003036499023,0.3174571990966797,,1.8320704698562622,0.0,2.0,1.5,3.0,True,,False,False,-0.30796876306178084,-0.6087755229000226,0.11293218981216882,False,,False,caught
71,1787733839.0439072,3.5500020002946258,0.04880030080676079,20.491676966496488,0.04880030080676079,20.491676966496488,2.0135194063186646e-06,False,False,7275043.978438587,7275043.9836083,5.1697129383683205,7275044.028438587,0.0,0.008019300177693367,124.69916050550376,0.0490926131606102,0.9818522668698887,71,70,-0.3154955325005291,-0.5755383917522137,0.113,-0.3318616258342919,-0.500102680995423,0.113,-0.32898006705378824,-0.5209280325031459,0.113,-0.3318616258342919,-0.500102680995423,0.113,7275043.928438587,7275043.978438587,0.0490926131606102,0.049999999813735485,1,True,369,0,1.8675238275909323,9.586581211456322,1.9300177693366838e-05,1,False,,True,55,0.03716590069234371,0.07835929933935404,12.761727177641754,False,False,False,,9.828158378601074,8.44495677947998,6.88832426071167,7.142731666564941,,,3.2153406143188477,False,0.202364325,0.803824171214,3,-1.0,-1.0,1.4142135381698608,-0.20236432552337646,-0.20236432552337646,0.2861863672733307,-0.20236432552337646,-0.20236432552337646,0.2861863672733307,-0.2023642510175705,-0.19724927842617035,0.2825925946235657,-0.2023642510175705,-0.19724927842617035,0.2825925946235657,-0.2023639678955078,-0.1972494125366211,0.2825924754142761,False,False,2.634599804878235,dual_command_actual,0.5,1.9390127658843994,5.100038051605225,5.599841594696045,5.994181156158447,6.371286392211914,4.12560510635376,-0.2023639678955078,-0.1161203384399414,1.1951997876167297,-0.5,-0.5,0.7071067690849304,-0.5,-0.5,522.243896484375,586.8634033203125,522.243896484375,586.8634033203125,5.400038242340088,5.899841785430908,5.100038051605225,5.599841594696045,-0.3000001907348633,-0.3000001907348633,0.4242643415927887,-0.2470703125,-0.1956334114074707,0.31514468789100647,0.7378391027450562,1.9390127658843994,0.0,2.0,1.5,3.0,True,,False,False,-0.31157577893418453,-0.5937975942325114,0.11303976712970926,False,,False,caught
72,1787733839.0914412,3.6000007996335626,0.049998799338936806,20.00048027595825,0.049998799338936806,20.00048027595825,8.130446076393127e-07,False,False,7275044.028438587,7275044.0319659,3.527313470840454,7275044.078438587,0.0,0.008013799786567688,124.78474963601508,0.04713381268084049,0.9426762571285525,72,71,-0.3185422593607989,-0.5604839308132414,0.113,-0.334121855075867,-0.47910050538384946,0.113,-0.3318616258342919,-0.500102680995423,0.113,-0.334121855075867,-0.47910050538384946,0.113,7275043.978438587,7275044.028438587,0.04713381268084049,0.049999999813735485,1,True,375,0,1.618722865888075,9.904756471772929,1.3799786567687822e-05,1,False,,True,56,0.024494599550962448,0.06534670013934374,15.302991549192598,False,False,False,,9.625794410705566,8.24770736694336,6.608994007110596,6.909444332122803,,,3.3003079891204834,False,0.202364325,0.803824171214,3,-1.0,-0.4531909227371216,1.0978988409042358,-0.20236432552337646,-0.0917096734046936,0.22217556834220886,-0.20236432552337646,-0.1953725516796112,0.2812858819961548,-0.2023642510175705,-0.19574075937271118,0.28154170513153076,-0.2023642510175705,-0.19574075937271118,0.28154170513153076,-0.2023639678955078,-0.1957406997680664,0.28154146671295166,False,False,1.3460004702210426,dual_command_actual,0.5,1.9980008602142334,4.800037860870361,5.299841403961182,5.7045159339904785,6.104642868041992,4.220419883728027,-0.2023639678955078,-0.147665336728096,1.002100296318531,-0.5,-0.5,0.7071067690849304,-0.5,-0.5,491.5238952636719,555.4234008789062,491.5238952636719,555.4234008789062,5.100038051605225,5.599841594696045,4.800037860870361,5.299841403961182,-0.3000001907348633,-0.3000001907348633,0.4242643415927887,-0.2793302536010742,-0.23328733444213867,0.36393457651138306,0.8543621301651001,1.9980008602142334,0.0,2.0,1.5,3.0,True,,False,False,-0.3153192780131318,-0.5763470040445587,0.11304087230535116,False,,False,caught
73,1787733839.1451187,3.652925900183618,0.052925100550055504,18.894626360779796,0.052925100550055504,18.894626360779796,0.002925913780927658,True,False,7275044.078438587,7275044.0850875,6.648913025856018,7275044.128438586,0.0,0.008102199994027615,123.42326784541622,0.05328901298344135,1.0,73,72,-0.3217929473252536,-0.5428613399952122,0.113,-0.337017664975217,-0.45816621281131326,0.113,-0.334121855075867,-0.47910050538384946,0.113,-0.337017664975217,-0.45816621281131326,0.113,7275044.028438587,7275044.078438587,0.05328901298344135,0.049999999813735485,1,True,382,0,1.8766540763464432,10.481885998562923,0.00010219999402761443,1,False,,False,,,,,False,False,False,,9.423430442810059,8.051966667175293,6.3719801902771,6.70645809173584,,,3.334927558898926,False,0.202364325,0.803824171214,3,-1.0,-0.37006503343582153,1.0662777423858643,-0.20236432552337646,-0.0748879611492157,0.21577656269073486,-0.20236432552337646,0.024872206151485443,0.20388709008693695,-0.2023642510175705,-0.018406715244054794,0.20319965481758118,-0.2023642510175705,-0.018406718969345093,0.20319965481758118,-0.2023639678955078,-0.01840686798095703,0.2031993716955185,False,False,2.0690998062491417,dual_command_actual,0.5,2.109401226043701,4.800037860870361,5.299841403961182,5.5860090255737305,6.00314998626709,4.082858562469482,-0.2023639678955078,-0.1897602081298828,1.335599459707737,0.0,0.0,0.0,-0.5,-0.5,491.5238952636719,555.4234008789062,491.5238952636719,555.4234008789062,4.800037860870361,5.299841403961182,4.800037860870361,5.299841403961182,0.0,0.0,0.0,-0.2370138168334961,-0.2029862403869629,0.3120560348033905,0.7333329916000366,2.109401226043701,0.10940122604370117,2.0,1.5,3.0,True,,False,False,-0.3183590069497779,-0.561310997719733,0.11303515071095555,False,,False,caught
74,1787733839.1937041,3.700002799741924,0.04707689955830574,21.241840677325804,0.04707689955830574,21.241840677325804,2.8135254979133606e-06,False,False,7275044.128438586,7275044.1332533,4.814713262021542,7275044.178438586,0.0,0.008048299700021744,124.24984621252341,0.051371113397181034,1.0,74,73,-0.3245104893684258,-0.5277436495220089,0.113,-0.337017664975217,-0.45816621281131326,0.113,-0.337017664975217,-0.45816621281131326,0.113,-0.337017664975217,-0.45816621281131326,0.113,7275044.078438587,7275044.128438586,0.051371113397181034,0.049999999813735485,1,True,388,0,1.8591033207924514,8.92836230721377,4.829970002174361e-05,1,False,,True,57,0.04413880035281181,0.06248200032860041,16.00460924331614,False,False,False,,9.22106647491455,8.033559799194336,6.136317253112793,6.497210502624512,,,3.446164131164551,False,0.202364325,0.803824171214,3,-1.0,0.42618846893310547,1.0870311260223389,-0.20236432552337646,0.0862453430891037,0.2199763059616089,-0.20236432552337646,-0.20236432552337646,0.2861863672733307,-0.2023642510175705,-0.16627632081508636,0.26191431283950806,-0.2023642510175705,-0.16627632081508636,0.26191431283950806,-0.2023639678955078,-0.1662764549255371,0.2619141638278961,False,False,2.188999205827713,dual_command_actual,0.5,1.794250726699829,4.800037860870361,4.999841213226318,5.468177795410156,5.748525619506836,4.149663925170898,-0.2023639678955078,-0.13713233172893524,1.3378998264670372,0.0,-0.5,0.5,0.0,0.0,491.5238952636719,523.9833374023438,491.5238952636719,523.9833374023438,4.800037860870361,5.299841403961182,4.800037860870361,4.999841213226318,0.0,-0.3000001907348633,0.3000001907348633,-0.23566293716430664,-0.20924758911132812,0.31515324115753174,,1.794250726699829,0.0,2.0,1.5,3.0,True,,False,False,-0.32117772484973645,-0.5460335066251057,0.11298201252058118,False,,False,caught
75,1787733839.2422888,3.750003299675882,0.050000499933958054,19.99980002841623,0.050000499933958054,19.99980002841623,3.3136457204818726e-06,False,False,7275044.178438586,7275044.1825903,4.151714034378529,7275044.228438586,0.0,0.008008900098502636,124.86109049942607,0.049421513453125954,0.9884302727447087,75,74,-0.3259454270824022,-0.5124620595231246,0.113,-0.32842458004751496,-0.4452881037530264,0.113,-0.337017664975217,-0.45816621281131326,0.113,-0.32842458004751496,-0.4452881037530264,0.113,7275044.128438586,7275044.178438586,0.049421513453125954,0.049999999813735485,1,True,394,0,1.8720888025097926,8.589384580424635,8.90009850263579e-06,1,False,,True,58,0.025952699594199657,0.08053699973970652,12.41665325542265,False,False,False,,9.018702507019043,7.867283344268799,5.908777713775635,6.290238857269287,,,3.4869329929351807,False,0.202364325,0.803824171214,3,-1.0,0.4555879831314087,1.0988905429840088,-0.20236432552337646,0.09219475835561752,0.2223762422800064,-0.20236432552337646,-0.0917096734046936,0.22217556834220886,-0.2023642510175705,-0.10633787512779236,0.2286023497581482,-0.2023642510175705,-0.10633787512779236,0.2286023497581482,-0.2023639678955078,-0.1063380241394043,0.22860217094421387,False,False,1.637900248169899,dual_command_actual,0.5,1.7013025283813477,4.500037670135498,4.699841022491455,5.204407691955566,5.495039939880371,4.253001689910889,-0.2023639678955078,-0.12680800259113312,1.0832995176315308,-0.5,-0.5,0.7071067690849304,0.0,-0.5,460.8038330078125,492.5433654785156,460.8038330078125,492.5433654785156,4.800037860870361,4.999841213226318,4.500037670135498,4.699841022491455,-0.3000001907348633,-0.3000001907348633,0.4242643415927887,-0.2275395393371582,-0.2069716453552246,0.3075898289680481,0.689905047416687,1.7013025283813477,0.0,2.0,1.5,3.0,True,,False,False,-0.32376498137716914,-0.531055450517146,0.1130558239933292,False,,False,caught
76,1787733839.2920072,3.800001699477434,0.049998399801552296,20.000640099864818,0.049998399801552296,20.000640099864818,1.7136335372924805e-06,False,False,7275044.228438586,7275044.2321698,3.731214441359043,7275044.278438586,0.0,0.008018899708986282,124.70538805708746,0.04748711362481117,0.9497422760342892,76,75,-0.3267426141305903,-0.49712313032435734,0.113,-0.3313244809408913,-0.42422830375608733,0.113,-0.32842458004751496,-0.4452881037530264,0.113,-0.3313244809408913,-0.42422830375608733,0.113,7275044.178438586,7275044.228438586,0.04748711362481117,0.049999999813735485,1,True,400,0,1.6139979828400657,8.917744000195714,1.8899708986282182e-05,1,False,,True,59,0.01620479952543974,0.06800059974193573,14.705752652109384,False,False,False,,8.816338539123535,7.7609453201293945,5.654586315155029,6.033696174621582,,,3.602786064147949,True,0.202364325,0.803824171214,3,-1.0,-1.0,1.4142135381698608,-0.20236432552337646,-0.20236432552337646,0.2861863672733307,-0.20236432552337646,-0.0748879611492157,0.21577656269073486,-0.2023642510175705,-0.08105770498514175,0.2179945856332779,-0.2023642510175705,-0.08105770498514175,0.2179945856332779,-0.2023639678955078,-0.08105754852294922,0.21799427270889282,False,False,1.4119995757937431,dual_command_actual,0.5,1.7641292810440063,4.500037670135498,4.399840831756592,5.077311992645264,5.216768264770508,4.300769805908203,-0.2023639678955078,-0.09700711816549301,1.013999804854393,0.0,-0.5,0.5,-0.5,-0.5,460.8038330078125,461.10333251953125,460.8038330078125,461.10333251953125,4.500037670135498,4.699841022491455,4.500037670135498,4.399840831756592,0.0,-0.3000001907348633,0.3000001907348633,-0.25419139862060547,-0.2565426826477051,0.36114737391471863,0.8512229323387146,1.7641292810440063,0.0,2.0,1.5,3.0,True,,False,False,-0.32594906918794014,-0.5132435869378625,0.11301067039225947,False,,False,caught
77,1787733839.342589,3.850408399477601,0.05040670000016689,19.83863256266903,0.05040670000016689,19.83863256266903,0.0004084138199687004,False,False,7275044.278438586,7275044.2823263,3.887713886797428,7275044.328438586,0.0,0.008005799725651741,124.90944493600749,0.053569113835692406,1.0,77,76,-0.32663035594336187,-0.47921481103835534,0.113,-0.32295317315828603,-0.4116171694843523,0.113,-0.3313244809408913,-0.42422830375608733,0.113,-0.32295317315828603,-0.4116171694843523,0.113,7275044.228438586,7275044.278438586,0.053569113835692406,0.049999999813735485,1,True,407,0,1.8614690775809826,8.629832683359059,5.799725651740861e-06,1,False,,False,,,,,False,False,False,,8.613974571228027,7.679887771606445,5.453099250793457,5.799906253814697,,,3.6776981353759766,True,0.202364325,0.803824171214,3,-1.0,-1.0,1.4142135381698608,-0.20236432552337646,-0.20236432552337646,0.2861863672733307,-0.20236432552337646,0.0862453430891037,0.2199763059616089,-0.2023642510175705,0.05342456325888634,0.2092975676059723,-0.2023642510175705,0.053424566984176636,0.2092975676059723,-0.2023639678955078,0.05342435836791992,0.20929723978042603,False,False,2.078699879348278,dual_command_actual,0.5,1.6936675310134888,4.500037670135498,4.0998406410217285,4.976568222045898,4.949873447418213,4.315403461456299,-0.2023639678955078,-0.11789067834615707,1.0687001049518585,0.0,-0.5,0.5,0.0,-0.5,460.8038330078125,429.66326904296875,460.8038330078125,429.66326904296875,4.500037670135498,4.399840831756592,4.500037670135498,4.0998406410217285,0.0,-0.3000001907348633,0.3000001907348633,-0.20148706436157227,-0.23378992080688477,0.3086337149143219,0.779299259185791,1.6936675310134888,0.0,2.0,1.5,3.0,True,,False,False,-0.3268283678893703,-0.49782844440344304,0.11301252590720602,False,,False,caught
78,1787733839.3931658,3.9000019999220967,0.04959360044449568,20.163891934387443,0.04959360044449568,20.163891934387443,2.01445072889328e-06,False,False,7275044.328438586,7275044.3323937,3.955114632844925,7275044.378438585,0.0,0.008026900701224804,124.58108518115998,0.051609414629638195,1.0,78,77,-0.3247692815920669,-0.46397370992260256,0.113,-0.31426650012471924,-0.39853094653737114,0.113,-0.32295317315828603,-0.4116171694843523,0.113,-0.31426650012471924,-0.39853094653737114,0.113,7275044.278438586,7275044.328438586,0.051609414629638195,0.049999999813735485,1,True,413,0,1.8633362044198405,8.489664612044697,2.6900701224803758e-05,1,False,,True,60,0.033938899636268616,0.05973990075290203,16.739231023101794,False,False,False,,8.41161060333252,7.733312129974365,5.268660068511963,5.557366371154785,,,3.822679281234741,True,0.202364325,0.803824171214,3,-1.0,-0.0736851692199707,1.0027110576629639,-0.20236432552337646,-0.014911249279975891,0.20291294157505035,-0.20236432552337646,0.09219475835561752,0.2223762422800064,-0.2023642510175705,0.08458894491195679,0.21933211386203766,-0.2023642510175705,0.08458894491195679,0.21933211386203766,-0.2023639678955078,0.08458900451660156,0.21933187544345856,False,False,1.5525007620453835,dual_command_actual,0.5,1.6477748155593872,4.500037670135498,4.0998406410217285,4.8843488693237305,4.828603744506836,4.385753631591797,-0.2023639678955078,-0.04465707018971443,1.217300072312355,0.0,0.0,0.0,0.0,-0.5,460.8038330078125,429.66326904296875,460.8038330078125,429.66326904296875,4.500037670135498,4.0998406410217285,4.500037670135498,4.0998406410217285,0.0,0.0,0.0,-0.18443918228149414,-0.2425398826599121,0.30470216274261475,0.8084657788276672,1.6477748155593872,0.0,2.0,1.5,3.0,True,,False,False,-0.3268321305549786,-0.4824925133340716,0.11302748515508391,False,,False,caught
79,1787733839.4416633,3.9500019000843167,0.04999990016222,20.00003993519174,0.04999990016222,20.00003993519174,1.914799213409424e-06,False,False,7275044.378438585,7275044.3821698,3.731214441359043,7275044.428438585,0.0,0.008004600182175636,124.92816346115139,0.049639214761555195,0.9927842989295136,79,78,-0.32233533079486526,-0.4488077782493819,0.113,-0.31426650012471924,-0.39853094653737114,0.113,-0.31426650012471924,-0.39853094653737114,0.113,-0.31426650012471924,-0.39853094653737114,0.113,7275044.328438586,7275044.378438585,0.049639214761555195,0.049999999813735485,1,True,419,0,1.8628506566379366,6.954762283890302,4.600182175636125e-06,1,False,,True,61,0.02248300053179264,0.08246069960296154,12.126989036169727,False,False,False,,8.209246635437012,7.817901134490967,5.108500957489014,5.299671173095703,,,3.99450945854187,True,0.202364325,0.803824171214,3,-1.0,-1.0,1.4142135381698608,-0.20236432552337646,-0.20236432552337646,0.2861863672733307,-0.20236432552337646,-0.20236432552337646,0.2861863672733307,-0.2023642510175705,-0.14607101678848267,0.24957570433616638,-0.2023642510175705,-0.14607101678848267,0.24957570433616638,-0.2023639678955078,-0.1460709571838379,0.2495754361152649,False,False,1.4517996460199356,dual_command_actual,0.5,1.345295786857605,4.800037860870361,4.0998406410217285,4.9542694091796875,4.699755668640137,4.377218246459961,-0.2023639678955078,0.018985271453857422,1.0687997564673424,0.5,0.0,0.5,0.0,0.0,491.5238952636719,429.66326904296875,491.5238952636719,429.66326904296875,4.500037670135498,4.0998406410217285,4.800037860870361,4.0998406410217285,0.3000001907348633,0.0,0.3000001907348633,-0.16015911102294922,-0.25769519805908203,0.30341020226478577,,1.345295786857605,0.0,2.0,1.5,3.0,True,,False,False,-0.3255079850386257,-0.4671640018585432,0.11306765170846275,False,,False,caught
80,1787733839.4943366,4.002105699852109,0.052103799767792225,19.192458217186424,0.052103799767792225,19.192458217186424,0.0021057147532701492,True,False,7275044.428438585,7275044.4344976,6.059015169739723,7275044.478438585,0.0,0.008003399707376957,124.94690213688466,0.05568801425397396,1.0,80,79,-0.3162552153651763,-0.4320530534239439,0.113,-0.30291726395862323,-0.4070613201077281,0.113,-0.31426650012471924,-0.39853094653737114,0.113,-0.30291726395862323,-0.4070613201077281,0.113,7275044.378438585,7275044.428438585,0.05568801425397396,0.049999999813735485,1,True,426,0,1.8652378015480924,4.687144789835572,3.399707376956773e-06,1,False,,True,62,0.010449999943375587,0.06125990021973848,16.323892079696712,False,False,False,,8.006882667541504,7.671830177307129,4.948819637298584,4.989131450653076,,,4.067999839782715,True,0.202364325,0.803824171214,3,-1.0,-1.0,1.4142135381698608,-0.20236432552337646,-0.20236432552337646,0.2861863672733307,-0.20236432552337646,-0.20236432552337646,0.2861863672733307,-0.2023642510175705,-0.19132092595100403,0.278486967086792,-0.2023642510175705,-0.19132092595100403,0.278486967086792,-0.20236444473266602,-0.19132089614868164,0.27848708629608154,False,False,1.5241000801324844,dual_command_actual,0.5,0.9016507863998413,4.800037860870361,3.7998406887054443,4.874428749084473,4.394485950469971,4.394179821014404,-0.2023639678955078,-0.0026858646888285875,1.0267999023199081,0.0,-0.5,0.5,0.5,0.0,491.5238952636719,398.22332763671875,491.5238952636719,398.22332763671875,4.800037860870361,4.0998406410217285,4.800037860870361,3.7998406887054443,0.0,-0.2999999523162842,0.2999999523162842,-0.1596813201904297,-0.31053972244262695,0.3491891324520111,-0.5322707295417786,0.9016507863998413,0.0,2.0,1.5,3.0,True,,False,False,-0.32266796777524054,-0.44956820072187115,0.11308618173543973,False,,False,caught
81,1787733839.5418973,4.050003400072455,0.04789770022034645,20.877829110784955,0.04789770022034645,20.877829110784955,3.4151598811149597e-06,False,False,7275044.478438585,7275044.482149,3.7104152143001556,7275044.528438585,0.0,0.008006500080227852,124.89851870101295,0.045706214383244514,0.9141242910702686,81,80,-0.30995193649205155,-0.4209131408995188,0.113,-0.2944173962907487,-0.39432291198900776,0.113,-0.30291726395862323,-0.4070613201077281,0.113,-0.2944173962907487,-0.39432291198900776,0.113,7275044.428438585,7275044.478438585,0.045706214383244514,0.049999999813735485,1,True,431,0,1.6297407984175183,4.709263748027727,6.500080227851701e-06,1,False,,False,,,,,False,False,False,,7.804518222808838,7.480509281158447,4.85326623916626,4.707575798034668,,,4.04957389831543,True,0.202364325,0.803824171214,3,-1.0,-1.0,1.4142135381698608,-0.20236432552337646,-0.20236432552337646,0.2861863672733307,-0.20236432552337646,-0.014911249279975891,0.20291294157505035,-0.20236435532569885,-0.04951855540275574,0.20833487808704376,-0.20236435532569885,-0.04951855540275574,0.20833487808704376,-0.20236444473266602,-0.049518585205078125,0.20833496749401093,False,False,2.284799702465534,dual_command_actual,0.5,0.9092943668365479,4.500037670135498,3.7998406887054443,4.676651954650879,4.253708362579346,4.293492317199707,-0.20236413180828094,-0.08426761627197266,1.0528992861509323,-0.5,0.0,0.5,0.0,-0.5,460.8038330078125,398.22332763671875,460.8038330078125,398.22332763671875,4.800037860870361,3.7998406887054443,4.500037670135498,3.7998406887054443,-0.3000001907348633,0.0,0.3000001907348633,-0.09555339813232422,-0.2815556526184082,0.2973281741142273,0.9385189414024353,0.9092943668365479,0.0,2.0,1.5,3.0,True,,False,False,-0.31824830962834544,-0.4349406264009781,0.11307314569288783,False,,False,caught
82,1787733839.5914109,4.100002099759877,0.04999869968742132,20.000520138558326,0.04999869968742132,20.000520138558326,2.1150335669517517e-06,False,False,7275044.528438585,7275044.5319357,3.497115336358547,7275044.578438585,0.0,0.008226499892771244,121.55837999569123,0.0520961144939065,1.0,82,81,-0.30569741570821163,-0.40377033563330744,0.113,-0.30580703441349916,-0.38578700488311585,0.113,-0.2944173962907487,-0.39432291198900776,0.113,-0.30580703441349916,-0.38578700488311585,0.113,7275044.478438585,7275044.528438585,0.0520961144939065,0.049999999813735485,1,True,438,0,1.8283961023934567,3.578831091378839,0.00022649989277124388,1,False,,True,63,0.02866549976170063,0.06413919944316149,15.591089515954659,False,False,False,,7.602153778076172,7.430990695953369,4.810328483581543,4.41180419921875,,,4.112149715423584,True,0.202364325,0.803824171214,3,-1.0,-1.0,1.4142135381698608,-0.20236432552337646,-0.20236432552337646,0.2861863672733307,-0.20236432552337646,-0.20236432552337646,0.2861863672733307,-0.20236435532569885,-0.17237968742847443,0.265830934047699,-0.20236435532569885,-0.17237968742847443,0.265830934047699,-0.20236444473266602,-0.1723794937133789,0.2658308744430542,False,False,1.4708992093801498,dual_command_actual,0.5,0.6861339211463928,4.200037479400635,3.49984073638916,4.505183219909668,3.955822467803955,4.421905040740967,-0.20236428081989288,-0.12897014617919922,1.0064998641610146,-0.5,-0.5,0.7071067690849304,-0.5,0.0,430.0838623046875,366.7832946777344,430.0838623046875,366.7832946777344,4.500037670135498,3.7998406887054443,4.200037479400635,3.49984073638916,-0.3000001907348633,-0.2999999523162842,0.42426419258117676,-0.0429377555847168,-0.29577159881591797,0.2988720238208771,0.1431257575750351,0.6861339211463928,0.0,2.0,1.5,3.0,True,,False,False,-0.31143831552403917,-0.4211293664738327,0.1130966866437656,False,,False,caught
83,1787733839.6450734,4.153890899382532,0.053888799622654915,18.55673176990936,0.053888799622654915,18.55673176990936,0.0038909148424863815,True,False,7275044.578438585,7275044.5859943,7.55571573972702,7275044.6284385845,0.0,0.00800039991736412,124.9937516035409,0.050147014670073986,1.0,83,82,-0.3064461520237844,-0.3884301532564544,0.113,-0.3080631988669413,-0.3643177309074921,0.113,-0.30580703441349916,-0.38578700488311585,0.113,-0.3080631988669413,-0.3643177309074921,0.113,7275044.528438585,7275044.578438585,0.050147014670073986,0.049999999813735485,1,True,444,0,1.6301293022415528,4.046633669137225,3.9991736412031686e-07,1,False,,True,64,0.018284199759364128,0.07989210076630116,12.516882024734596,False,False,False,,7.399789333343506,7.25861120223999,4.719815254211426,4.088027000427246,,,4.151489734649658,True,0.202364325,0.803824171214,3,-1.0,-1.0,1.4142135381698608,-0.20236432552337646,-0.20236432552337646,0.2861863672733307,-0.20236432552337646,-0.20236432552337646,0.2861863672733307,-0.20236435532569885,-0.19648203253746033,0.28205767273902893,-0.20236435532569885,-0.19648203253746033,0.28205767273902893,-0.20236444473266602,-0.19648218154907227,0.28205782175064087,False,False,1.4660004526376724,dual_command_actual,0.5,0.784940779209137,3.9000375270843506,3.49984073638916,4.309926509857178,3.793933868408203,4.405242443084717,-0.20236444473266602,-0.1377396583557129,1.0242993012070656,-0.5,0.0,0.5,-0.5,-0.5,399.36383056640625,366.7832946777344,399.36383056640625,366.7832946777344,4.200037479400635,3.49984073638916,3.9000375270843506,3.49984073638916,-0.2999999523162842,0.0,0.2999999523162842,-0.09051322937011719,-0.3237771987915039,0.3361908793449402,0.6904836893081665,0.784940779209137,0.0,2.0,1.5,3.0,True,,False,False,-0.30557869050488456,-0.4047073035943078,0.11318450364441128,False,,False,caught
84,1787733839.6916559,4.200003599748015,0.04611270036548376,21.68599956355016,0.04611270036548376,21.68599956355016,3.6153942346572876e-06,False,False,7275044.6284385845,7275044.6317171,3.278515301644802,7275044.678438584,0.0,0.008002200163900852,124.96563189098329,0.04819731507450342,0.9639463050810483,84,83,-0.31081680320376,-0.37378933272716597,0.113,-0.31943644120907844,-0.35581979370386196,0.113,-0.3080631988669413,-0.3643177309074921,0.113,-0.31943644120907844,-0.35581979370386196,0.113,7275044.578438585,7275044.6284385845,0.04819731507450342,0.049999999813735485,1,True,450,0,1.6826796446958951,3.6699616400317963,2.200163900852037e-06,1,False,,False,,,,,False,False,False,,7.19742488861084,7.062129020690918,4.547604560852051,3.8516037464141846,,,4.162813663482666,True,0.202364325,0.803824171214,3,-1.0,-1.0,1.4142135381698608,-0.20236432552337646,-0.20236432552337646,0.2861863672733307,-0.20236432552337646,-0.20236432552337646,0.2861863672733307,-0.20236435532569885,-0.2012103945016861,0.2853716313838959,-0.20236435532569885,-0.2012103945016861,0.2853716313838959,-0.20236444473266602,-0.20121049880981445,0.2853717505931854,False,False,1.9415002316236496,dual_command_actual,0.5,0.7369397878646851,3.6000375747680664,3.49984073638916,4.073821067810059,3.675722122192383,4.367642879486084,-0.20236444473266602,-0.13946008682250977,1.0322993621230125,-0.5,0.0,0.5,-0.5,0.0,368.64385986328125,366.7832946777344,368.64385986328125,366.7832946777344,3.9000375270843506,3.49984073638916,3.6000375747680664,3.49984073638916,-0.2999999523162842,0.0,0.2999999523162842,-0.172210693359375,-0.23642325401306152,0.2924935519695282,0.5740357637405396,0.7369397878646851,0.0,2.0,1.5,3.0,True,,False,False,-0.3052701973717469,-0.38967451496833705,0.11319294449059644,False,,False,caught
85,1787733839.743246,4.250003499910235,0.04999990016222,20.00003993519174,0.04999990016222,20.00003993519174,3.5157427191734314e-06,False,False,7275044.678438584,7275044.6824226,3.9840154349803925,7275044.728438584,0.0,0.00800430029630661,124.9328439690632,0.046248115599155426,0.9249623154288616,85,84,-0.3193324506850823,-0.3610475361869655,0.113,-0.3307801856464553,-0.3473438969469883,0.113,-0.31943644120907844,-0.35581979370386196,0.113,-0.3307801856464553,-0.3473438969469883,0.113,7275044.6284385845,7275044.678438584,0.046248115599155426,0.049999999813735485,1,True,456,0,1.726250350053347,3.5099984639421447,4.300296306609941e-06,1,False,,True,65,0.04232619982212782,0.06405899953097105,15.6106090841541,False,False,False,,6.995060443878174,6.8609185218811035,4.305463790893555,3.6693787574768066,,,4.173710346221924,True,0.202364325,0.803824171214,3,-0.9909312725067139,-1.0,1.4078155755996704,-0.20052914321422577,-0.20236432552337646,0.28489166498184204,-0.20236432552337646,-0.20236432552337646,0.2861863672733307,-0.20236435532569885,-0.20213797688484192,0.28602638840675354,-0.20236435532569885,-0.20213797688484192,0.28602638840675354,-0.20236444473266602,-0.20213794708251953,0.2860264182090759,False,False,1.6445005312561989,dual_command_actual,0.5,0.7255131006240845,3.3000376224517822,3.199840784072876,3.802750587463379,3.434609889984131,4.4060540199279785,-0.20236444473266602,-0.19002406299114227,1.105000264942646,-0.5,-0.5,0.7071067690849304,-0.5,0.0,337.9238586425781,335.34332275390625,337.9238586425781,335.34332275390625,3.6000375747680664,3.49984073638916,3.3000376224517822,3.199840784072876,-0.2999999523162842,-0.2999999523162842,0.42426401376724243,-0.2421407699584961,-0.18222498893737793,0.3030480146408081,0.807136058807373,0.7255131006240845,0.0,2.0,1.5,3.0,True,,False,False,-0.3091444306249314,-0.37498233908380263,0.11313979480030611,False,,False,caught
86,1787733839.7918835,4.300002000294626,0.049998500384390354,20.000599864235173,0.049998500384390354,20.000599864235173,2.016313374042511e-06,False,False,7275044.728438584,7275044.7321931,3.7545161321759224,7275044.778438584,0.0,0.008100800216197968,123.44459476984119,0.05237761605530977,1.0,86,85,-0.3272058911105593,-0.345064280740649,0.113,-0.333706188884412,-0.3259903120089222,0.113,-0.3307801856464553,-0.3473438969469883,0.113,-0.333706188884412,-0.3259903120089222,0.113,7275044.678438584,7275044.728438584,0.05237761605530977,0.049999999813735485,1,True,463,0,1.9449317429214315,3.9351255071610733,0.00010080021619796736,1,False,,True,66,0.02012930065393448,0.07227439992129803,13.836157769402899,False,False,False,,6.792695999145508,6.658780574798584,4.008256912231445,3.553628444671631,,,4.170739650726318,True,0.202364325,0.803824171214,3,-1.0,-0.8991401195526123,1.344787359237671,-0.20236432552337646,-0.18195387721061707,0.27213698625564575,-0.20236432552337646,-0.20236432552337646,0.2861863672733307,-0.20236435532569885,-0.2023199200630188,0.28615498542785645,-0.20236435532569885,-0.2023199200630188,0.28615498542785645,-0.20236444473266602,-0.20232009887695312,0.28615516424179077,False,False,1.5269005671143532,dual_command_actual,0.5,0.7916693091392517,2.7000374794006348,3.49984073638916,3.35414719581604,3.5267345905303955,4.366934299468994,-0.20236444473266602,-0.19994354248046875,1.0152002796530724,-1.0,0.5,1.1180340051651,-0.5,-0.5,276.4838562011719,366.7832946777344,276.4838562011719,366.7832946777344,3.3000376224517822,3.199840784072876,2.7000374794006348,3.49984073638916,-0.6000001430511475,0.2999999523162842,0.6708204746246338,-0.2972068786621094,-0.11575031280517578,0.3189515173435211,0.6882620453834534,0.7916693091392517,0.0,2.0,1.5,3.0,True,,False,False,-0.3169923558894999,-0.36161545426096403,0.11313528433368726,False,,False,caught
87,1787733839.8445873,4.351369899697602,0.051367899402976036,19.467410807576538,0.051367899402976036,19.467410807576538,0.0013699159026145935,True,False,7275044.778438584,7275044.7843494,5.910815671086311,7275044.828438584,0.0,0.008014800027012825,124.76917660199032,0.05042401608079672,1.0,87,86,-0.3388109718680821,-0.3353821210589734,0.113,-0.3642729338982726,-0.3223185556363188,0.113,-0.333706188884412,-0.3259903120089222,0.113,-0.3642729338982726,-0.3223185556363188,0.113,7275044.728438584,7275044.778438584,0.05042401608079672,0.049999999813735485,1,True,469,0,1.6157827300839434,4.443297546808402,1.4800027012824846e-05,1,False,,True,67,0.007230699993669987,0.071989799849689,13.890856789266653,False,False,False,,6.590331554412842,6.456460475921631,3.6516687870025635,3.4283361434936523,,,4.219629764556885,True,0.202364325,0.803824171214,3,-1.0,-1.0,1.4142135381698608,-0.20236432552337646,-0.20236432552337646,0.2861863672733307,-0.20236432552337646,-0.20236432552337646,0.2861863672733307,-0.20236435532569885,-0.20235565304756165,0.2861802577972412,-0.20236435532569885,-0.20235565304756165,0.2861802577972412,-0.20236444473266602,-0.20235586166381836,0.2861804664134979,False,False,1.9037006422877312,dual_command_actual,0.5,0.9543139338493347,2.4000375270843506,3.199840784072876,3.025853157043457,3.3140883445739746,4.453478813171387,-0.20236444473266602,-0.2018895149230957,1.0613994672894478,-0.5,-0.5,0.7071067690849304,-1.0,0.5,245.7638397216797,335.34332275390625,245.7638397216797,335.34332275390625,2.7000374794006348,3.49984073638916,2.4000375270843506,3.199840784072876,-0.2999999523162842,-0.2999999523162842,0.42426401376724243,-0.35658812522888184,-0.12529230117797852,0.37795934081077576,0.39192265272140503,0.9543139338493347,0.0,2.0,1.5,3.0,True,,False,False,-0.32678974166255176,-0.3461784638130276,0.11306626134905506,False,,False,caught
88,1787733839.8927743,4.400002299807966,0.04863240011036396,20.56242335830947,0.04863240011036396,20.56242335830947,2.316199243068695e-06,False,False,7275044.828438584,7275044.8327295,4.29091602563858,7275044.878438584,0.0,0.008025499992072582,124.60282860728661,0.04847841616719961,0.9695683269559157,88,87,-0.3498428851068407,-0.3248622528532903,0.113,-0.3672307212372672,-0.3010148009668975,0.113,-0.3642729338982726,-0.3223185556363188,0.113,-0.3672307212372672,-0.3010148009668975,0.113,7275044.778438584,7275044.828438584,0.04847841616719961,0.049999999813735485,1,True,475,0,1.654948450311955,4.571434709434665,2.549999207258208e-05,1,False,,True,68,0.029903399758040905,0.06427040044218302,15.55926201050497,False,False,False,,6.387967109680176,6.2541046142578125,3.3406519889831543,3.3786232471466064,,,4.189811706542969,True,0.202364325,0.803824171214,3,-1.0,-1.0,1.4142135381698608,-0.20236432552337646,-0.20236432552337646,0.2861863672733307,-0.20052914321422577,-0.20236432552337646,0.28489166498184204,-0.2008891999721527,-0.20236267149448395,0.28514406085014343,-0.2008891999721527,-0.20236267149448395,0.28514406085014343,-0.20088911056518555,-0.2023625373840332,0.2851438820362091,False,False,1.8483996391296387,dual_command_actual,0.5,0.957454264163971,2.1000375747680664,3.199840784072876,2.7203447818756104,3.289232015609741,4.383914470672607,-0.20236444473266602,-0.20227129757404327,1.0377997532486916,-0.5,0.0,0.5,-0.5,-0.5,215.04385375976562,335.34332275390625,215.04385375976562,335.34332275390625,2.4000375270843506,3.199840784072876,2.1000375747680664,3.199840784072876,-0.2999999523162842,0.0,0.2999999523162842,-0.3110167980194092,-0.0497128963470459,0.31496480107307434,0.601216197013855,0.957454264163971,0.0,2.0,1.5,3.0,True,,False,False,-0.33701852427407003,-0.33532254268367545,0.11305952490430628,False,,False,caught
89,1787733839.941362,4.450001999735832,0.04999969992786646,20.000120029573768,0.04999969992786646,20.000120029573768,2.016313374042511e-06,False,False,7275044.878438584,7275044.882143,3.7044165655970573,7275044.928438583,0.0,0.008006700314581394,124.895395195303,0.04649851657450199,0.9299703349544493,89,88,-0.3596472897892412,-0.3130475490776948,0.113,-0.3781070541477264,-0.2929120191042661,0.113,-0.3672307212372672,-0.3010148009668975,0.113,-0.3781070541477264,-0.2929120191042661,0.113,7275044.828438584,7275044.878438584,0.04649851657450199,0.049999999813735485,1,True,481,0,1.6539726376693233,4.385612223761568,6.700314581394029e-06,1,False,,True,69,0.04108930006623268,0.02595379948616028,38.53000407640679,False,False,False,,6.18707799911499,6.051742076873779,3.0166380405426025,3.3526313304901123,,,4.163758754730225,True,0.202364325,0.803824171214,3,-1.0,-1.0,1.4142135381698608,-0.20236432552337646,-0.20236432552337646,0.2861863672733307,-0.20236432552337646,-0.18195387721061707,0.27213698625564575,-0.20207493007183075,-0.18595755100250244,0.2746169865131378,-0.20207493007183075,-0.18595755100250244,0.2746169865131378,-0.20207500457763672,-0.1859574317932129,0.27461695671081543,False,False,1.4042006805539131,dual_command_actual,0.5,0.9292477369308472,1.8000376224517822,2.899840831756592,2.4083378314971924,3.1262359619140625,4.495506763458252,-0.20187266170978546,-0.20234616100788116,1.024000346660614,-0.5,-0.5,0.7071067690849304,-0.5,0.0,184.32386779785156,303.9033203125,184.32386779785156,303.9033203125,2.1000375747680664,3.199840784072876,1.8000376224517822,2.899840831756592,-0.2999999523162842,-0.2999999523162842,0.42426401376724243,-0.32401394844055176,-0.02599191665649414,0.325054794549942,1.0800466537475586,0.9292477369308472,0.0,2.0,1.5,3.0,True,,False,False,-0.34838371056375883,-0.3251591847186672,0.11305112482263555,False,,False,caught
90,1787733839.9948785,4.503698899410665,0.05369689967483282,18.623049115602658,0.05369689967483282,18.623049115602658,0.0036989161744713783,True,False,7275044.928438583,7275044.9350568,6.618216633796692,7275044.978438583,0.0,0.0080016003921628,124.97499887390704,0.05267841648310423,1.0,90,89,-0.3688543088636236,-0.2977670597545258,0.113,-0.3808163640899979,-0.27114963410739423,0.113,-0.3781070541477264,-0.2929120191042661,0.113,-0.3808163640899979,-0.27114963410739423,0.113,7275044.878438584,7275044.928438583,0.05267841648310423,0.049999999813735485,1,True,488,0,1.8899947411442752,4.797651419790246,1.6003921627996687e-06,1,False,,False,,,,,False,False,False,,5.9850029945373535,5.865784645080566,2.6942474842071533,3.2977213859558105,,,4.174209117889404,True,0.202364325,0.803824171214,3,-1.0,-1.0,1.4142135381698608,-0.20236432552337646,-0.20236432552337646,0.2861863672733307,-0.20236432552337646,-0.20236432552337646,0.2861863672733307,-0.2023075670003891,-0.19914568960666656,0.2838791310787201,-0.2023075670003891,-0.19914568960666656,0.2838791310787201,-0.20230770111083984,-0.19914579391479492,0.28387928009033203,False,False,1.5956005081534386,dual_command_actual,0.5,0.9787339568138123,1.500037670135498,2.899840831756592,2.0971426963806152,3.098781108856201,4.490490436553955,-0.2017761915922165,-0.19689194858074188,1.0869000107049942,-0.5,0.0,0.5,-0.5,-0.5,153.60385131835938,303.9033203125,153.60385131835938,303.9033203125,1.8000376224517822,2.899840831756592,1.500037670135498,2.899840831756592,-0.2999999523162842,0.0,0.2999999523162842,-0.3223905563354492,-0.05490994453430176,0.32703328132629395,0.6288342475891113,0.9787339568138123,0.0,2.0,1.5,3.0,True,,False,False,-0.358849366214983,-0.31380167646433754,0.11298579710806823,False,,False,caught
91,1787733840.041451,4.550003600306809,0.04630470089614391,21.59607946162711,0.04630470089614391,21.59607946162711,3.6172568798065186e-06,False,False,7275044.978438583,7275044.9821096,3.6710165441036224,7275045.028438583,0.0,0.008037099614739418,124.42299435558537,0.0507836164906621,1.0,91,90,-0.3767772458092729,-0.2846295738565693,0.113,-0.39203851985191246,-0.26281472572212283,0.113,-0.3808163640899979,-0.27114963410739423,0.113,-0.39203851985191246,-0.26281472572212283,0.113,7275044.928438583,7275044.978438583,0.0507836164906621,0.049999999813735485,1,True,494,0,1.8886530679375555,4.545247076219015,3.709961473941786e-05,1,False,,False,,,,,False,False,False,,5.782695293426514,5.6666388511657715,2.387509346008301,3.2022931575775146,,,4.195269584655762,True,0.202364325,0.803824171214,3,-1.0,-1.0,1.4142135381698608,-0.20236432552337646,-0.20236432552337646,0.2861863672733307,-0.20236432552337646,-0.20236432552337646,0.2861863672733307,-0.20235320925712585,-0.20173293352127075,0.2857323884963989,-0.20235320925712585,-0.20173293352127075,0.2857323884963989,-0.20235300064086914,-0.20173311233520508,0.28573235869407654,False,False,1.895899884402752,dual_command_actual,0.5,0.937594473361969,1.500037670135498,2.5998408794403076,1.9437735080718994,2.901067018508911,4.411715507507324,-0.2017572671175003,-0.19582192599773407,1.4238003641366959,0.0,-0.5,0.5,-0.5,0.0,153.60385131835938,272.46331787109375,153.60385131835938,272.46331787109375,1.500037670135498,2.899840831756592,1.500037670135498,2.5998408794403076,0.0,-0.2999999523162842,0.2999999523162842,-0.30673813819885254,-0.0954282283782959,0.32123953104019165,1.0224605798721313,0.937594473361969,0.0,2.0,1.5,3.0,True,,False,False,-0.36757966170983647,-0.3011251796332461,0.11297813913874241,False,,False,caught
92,1787733840.093185,4.600001499988139,0.04999789968132973,20.0008401627603,0.04999789968132973,20.0008401627603,1.5171244740486145e-06,False,False,7275045.028438583,7275045.032741,4.302416928112507,7275045.078438583,0.0,0.008031399920582771,124.51129440550115,0.048855616711080074,0.9771123378616285,92,91,-0.38152961573086597,-0.2701734396486452,0.113,-0.3837995756920424,-0.24975019979557972,0.113,-0.39203851985191246,-0.26281472572212283,0.113,-0.3837995756920424,-0.24975019979557972,0.113,7275044.978438583,7275045.028438583,0.048855616711080074,0.049999999813735485,1,True,500,0,1.6184362521915037,3.650658133013403,3.1399920582771135e-05,1,False,,True,71,0.01946880016475916,0.1441000998020172,6.939620453933935,False,False,False,,5.5803422927856445,5.464905738830566,2.0474371910095215,3.059458017349243,,,4.27406120300293,True,0.202364325,0.803824171214,3,-1.0,-0.6774998307228088,1.2078932523727417,-0.20236432552337646,-0.13710179924964905,0.24443450570106506,-0.20236432552337646,-0.20236432552337646,0.2861863672733307,-0.20236210525035858,-0.2022404968738556,0.2860972583293915,-0.20236210525035858,-0.2022404968738556,0.2860972583293915,-0.202362060546875,-0.2022404670715332,0.2860971987247467,False,False,1.994900405406952,dual_command_actual,0.5,0.7147685885429382,1.500037670135498,1.9998408555984497,1.7737374305725098,2.529649496078491,3.9161360263824463,-0.20224523544311523,-0.1956121176481247,1.1594993993639946,0.0,-1.0,1.0,0.0,-0.5,153.60385131835938,209.5833282470703,153.60385131835938,209.5833282470703,1.500037670135498,2.5998408794403076,1.500037670135498,1.9998408555984497,0.0,-0.6000000238418579,0.6000000238418579,-0.3400721549987793,-0.14283514022827148,0.36885085701942444,0.47611719369888306,0.7147685885429382,0.0,2.0,1.5,3.0,True,,False,False,-0.37621433534321386,-0.2854600568313059,0.11297317180228797,False,,False,caught
93,1787733840.1417937,4.650002299807966,0.05000079981982708,19.99968007718678,0.05000079981982708,19.99968007718678,2.3171305656433105e-06,False,False,7275045.078438583,7275045.0823046,3.8660168647766113,7275045.128438583,0.0,0.008020900189876556,124.67428547011882,0.04691571742296219,0.9383143519547371,93,92,-0.3785696761899634,-0.2552022140076287,0.113,-0.3669241601207826,-0.22299078742745482,0.113,-0.3837995756920424,-0.24975019979557972,0.113,-0.3669241601207826,-0.22299078742745482,0.113,7275045.028438583,7275045.078438583,0.04691571742296219,0.049999999813735485,1,True,506,0,1.6155102257982705,5.023026973578031,2.090018987655623e-05,1,False,,True,72,0.031300799921154976,0.027740399353206158,36.048507711350695,False,False,False,,5.3779802322387695,5.262665271759033,1.7885156869888306,2.896042823791504,,,4.299437046051025,True,0.202364325,0.803824171214,3,-1.0,0.18706047534942627,1.0173454284667969,-0.20236432552337646,0.03785436600446701,0.20587439835071564,-0.20236432552337646,-0.20236432552337646,0.2861863672733307,-0.20236387848854065,-0.2023400366306305,0.2861688733100891,-0.20236387848854065,-0.2023400366306305,0.2861688733100891,-0.2023639678955078,-0.20234012603759766,0.28616899251937866,False,False,1.45689956843853,dual_command_actual,0.5,0.9414868950843811,1.500037670135498,1.699840784072876,1.6442766189575195,2.2979416847229004,3.809901475906372,-0.20234091579914093,-0.20103979110717773,1.0791998356580734,0.0,-0.5,0.5,0.0,-1.0,153.60385131835938,178.143310546875,153.60385131835938,178.143310546875,1.500037670135498,1.9998408555984497,1.500037670135498,1.699840784072876,0.0,-0.30000007152557373,0.30000007152557373,-0.2589215040206909,-0.16341519355773926,0.30617785453796387,0.27235865592956543,0.9414868950843811,0.0,2.0,1.5,3.0,True,,False,False,-0.38126118638969536,-0.2711315080548665,0.11302632427113665,False,,False,caught
94,1787733840.1938624,4.701665099710226,0.051662799902260303,19.356287345863517,0.051662799902260303,19.356287345863517,0.0016651172190904617,True,False,7275045.128438583,7275045.1340115,5.572916939854622,7275045.178438582,0.0,0.008017600513994694,124.72559567597605,0.05297591723501682,1.0,94,93,-0.37168508896266156,-0.23866293479445677,0.113,-0.35855487228301847,-0.2097195750218961,0.113,-0.3669241601207826,-0.22299078742745482,0.113,-0.35855487228301847,-0.2097195750218961,0.113,7275045.078438583,7275045.128438583,0.05297591723501682,0.049999999813735485,1,True,513,0,1.9414046210165274,5.119089943452728,1.760051399469359e-05,1,False,,True,73,0.005980899557471275,0.037948500365018845,26.351502440971448,False,False,False,,5.175616264343262,5.0603251457214355,1.6328500509262085,2.652432441711426,,,4.2835893630981445,True,0.202364325,0.803824171214,3,-1.0,-1.0,1.4142135381698608,-0.20236432552337646,-0.20236432552337646,0.2861863672733307,-0.20236432552337646,-0.20236432552337646,0.2861863672733307,-0.2023642510175705,-0.20235958695411682,0.2861829698085785,-0.2023642510175705,-0.20235958695411682,0.2861829698085785,-0.20236444473266602,-0.20235967636108398,0.2861831784248352,False,False,1.4475006610155106,dual_command_actual,0.5,0.9618055820465088,1.500037670135498,1.699840784072876,1.566443920135498,2.1761364936828613,3.5294370651245117,-0.20235967636108398,-0.2021045684814453,1.2233993038535118,0.0,0.0,0.0,0.0,-0.5,153.60385131835938,178.143310546875,153.60385131835938,178.143310546875,1.500037670135498,1.699840784072876,1.500037670135498,1.699840784072876,0.0,0.0,0.0,-0.15566563606262207,-0.24361038208007812,0.28909826278686523,0.8120344281196594,0.9618055820465088,0.0,2.0,1.5,3.0,True,,False,False,-0.3802379392297199,-0.2560914707893278,0.11299130315013639,False,,False,caught
95,1787733840.2415,4.750002799555659,0.048337699845433235,20.6877862040942,0.048337699845433235,20.6877862040942,2.8172507882118225e-06,False,False,7275045.178438582,7275045.1818529,3.4143179655075073,7275045.228438582,0.0,0.008454100228846073,118.28579895326048,0.05146701727062464,1.0,95,94,-0.3653394336116182,-0.22467500220362058,0.113,-0.35855487228301847,-0.2097195750218961,0.113,-0.35855487228301847,-0.2097195750218961,0.113,-0.35855487228301847,-0.2097195750218961,0.113,7275045.128438583,7275045.178438582,0.05146701727062464,0.049999999813735485,1,True,519,0,1.9182377459026498,3.557970254092534,0.000454100228846073,1,False,,False,,,,,False,False,False,,4.973251819610596,4.857965469360352,1.5681003332138062,2.363553762435913,,,4.221035957336426,True,0.202364325,0.803824171214,3,-1.0,-0.8128925561904907,1.2887181043624878,-0.20236432552337646,-0.16450046002864838,0.26079055666923523,-0.20236432552337646,-0.13710179924964905,0.24443450570106506,-0.20236435532569885,-0.1499038189649582,0.25183820724487305,-0.20236435532569885,-0.1499038189649582,0.25183820724487305,-0.20236444473266602,-0.1499037742614746,0.2518382668495178,False,False,2.026599831879139,dual_command_actual,0.5,0.6671937108039856,1.500037670135498,1.699840784072876,1.5340690612792969,2.0316972732543945,3.2507083415985107,-0.2023634910583496,-0.20231342315673828,1.1363998055458069,0.0,0.0,0.0,0.0,0.0,153.60385131835938,178.143310546875,153.60385131835938,178.143310546875,1.500037670135498,1.699840784072876,1.500037670135498,1.699840784072876,0.0,0.0,0.0,-0.06474971771240234,-0.2888786792755127,0.29604631662368774,,0.6671937108039856,0.0,2.0,1.5,3.0,True,,False,False,-0.37455533957071524,-0.24149848670995014,0.11303242528236675,False,,False,caught
96,1787733840.2930765,4.800010399892926,0.05000760033726692,19.99696032714401,0.05000760033726692,19.99696032714401,1.0417774319648743e-05,False,False,7275045.228438582,7275045.232916,4.477418027818203,7275045.278438582,0.0,0.008014300838112831,124.77694813306698,0.04952631797641516,0.9905263632183013,96,95,-0.358993778260575,-0.21068706961278438,0.113,-0.35855487228301847,-0.2097195750218961,0.113,-0.35855487228301847,-0.2097195750218961,0.113,-0.35855487228301847,-0.2097195750218961,0.113,7275045.178438582,7275045.228438582,0.04952631797641516,0.049999999813735485,1,True,525,0,1.624100215001376,1.7302560841956514,1.430083811283095e-05,1,False,,True,74,0.04004780016839504,0.07698570005595684,12.989425299414734,False,False,False,,4.77088737487793,4.708061695098877,1.5309536457061768,2.020841360092163,,,4.209313869476318,True,0.202364325,0.803824171214,3,-1.0,-0.9116250872612,1.3531668186187744,-0.20236432552337646,-0.18448039889335632,0.27383267879486084,-0.20236432552337646,0.03785436600446701,0.20587439835071564,-0.20236435532569885,0.001020757481455803,0.2023669332265854,-0.20236435532569885,0.0010207593441009521,0.2023669332265854,-0.20236444473266602,0.0010209083557128906,0.20236702263355255,False,False,2.1887002512812614,dual_command_actual,0.5,0.32248592376708984,1.500037670135498,1.3998408317565918,1.5154956579208374,1.7103410959243774,3.269493341445923,-0.20236428081989288,-0.18486785888671875,1.0680994018912315,0.0,-0.5,0.5,0.0,0.0,153.60385131835938,146.7033233642578,153.60385131835938,146.7033233642578,1.500037670135498,1.699840784072876,1.500037670135498,1.3998408317565918,0.0,-0.2999999523162842,0.2999999523162842,-0.037146687507629395,-0.34271240234375,0.34471967816352844,,0.32248592376708984,0.0,2.0,1.5,3.0,True,,False,False,-0.3662963647354446,-0.22519334136137537,0.11310228181575681,False,,False,caught
97,1787733840.345735,4.853523199446499,0.05351279955357313,18.687118004336,0.05351279955357313,18.687118004336,0.0035232175141572952,True,False,7275045.278438582,7275045.2859909,7.552318274974823,7275045.328438582,0.0,0.008003799244761467,124.94066497913548,0.05555591732263565,1.0,97,96,-0.3498698035473019,-0.19594762761336199,0.113,-0.3498698035473019,-0.19594762761336199,0.113,-0.35855487228301847,-0.2097195750218961,0.113,-0.3498698035473019,-0.19594762761336199,0.113,7275045.228438582,7275045.278438582,0.05555591732263565,0.049999999813735485,1,False,531,0,1.8231886824806396,1.8231886824806396,3.7992447614668134e-06,1,False,,True,75,0.026552299968898296,0.06450990028679371,15.501496600587945,False,False,False,,4.568522930145264,4.70908260345459,1.501347303390503,1.7346371412277222,,,4.272574424743652,True,0.202364325,0.803824171214,3,-1.0,-0.0973442792892456,1.004726767539978,-0.20236432552337646,-0.019699009135365486,0.20332086086273193,-0.20236432552337646,-0.20236432552337646,0.2861863672733307,-0.20236435532569885,-0.16246506571769714,0.2595115303993225,-0.20236435532569885,-0.16246506571769714,0.2595115303993225,-0.20236444473266602,-0.16246509552001953,0.2595116198062897,False,False,1.523500308394432,dual_command_actual,0.5,0.3347988724708557,1.500037670135498,1.3998408317565918,1.5006924867630005,1.5672390460968018,3.4047179222106934,-0.20236444473266602,-0.11708084493875504,1.1980999261140823,0.0,0.0,0.0,0.0,-0.5,153.60385131835938,146.7033233642578,153.60385131835938,146.7033233642578,1.500037670135498,1.3998408317565918,1.500037670135498,1.3998408317565918,0.0,0.0,0.0,-0.029606342315673828,-0.2862042188644409,0.28773146867752075,0.9540141820907593,0.3347988724708557,0.0,2.0,1.5,3.0,True,,False,False,-0.35930987865964364,-0.21154435993744936,0.11316917410163305,False,,False,caught
98,1787733840.3912628,4.900002500042319,0.04647930059581995,21.514953692954958,0.04647930059581995,21.514953692954958,2.518296241760254e-06,False,False,7275045.328438582,7275045.3316513,3.212718293070793,7275045.378438582,0.0,0.008006400428712368,124.90007324812572,0.045591617934405804,0.9118323620849563,98,97,-0.3498698035473019,-0.19594762761336199,0.113,-0.3498698035473019,-0.19594762761336199,0.113,-0.3498698035473019,-0.19594762761336199,0.113,-0.3498698035473019,-0.19594762761336199,0.113,7275045.278438582,7275045.328438582,0.045591617934405804,0.049999999813735485,1,False,531,0,0.3808925265956443,0.3808925265956443,6.400428712367845e-06,1,False,,False,,,,,False,False,False,,4.366158485412598,4.54661750793457,1.4868212938308716,1.4644944667816162,,,4.217827320098877,True,0.202364325,0.803824171214,3,-1.0,-1.0,1.4142135381698608,-0.20236432552337646,-0.20236432552337646,0.2861863672733307,-0.20236432552337646,-0.16450046002864838,0.26079055666923523,-0.20236435532569885,-0.16410116851329803,0.26053890585899353,-0.20236435532569885,-0.16410116851329803,0.26053890585899353,-0.20236444473266602,-0.16410112380981445,0.2605389654636383,False,False,1.896900124847889,dual_command_actual,0.5,0.0659906417131424,1.500037670135498,1.3998408317565918,1.49342942237854,1.432167649269104,3.214810609817505,-0.20236444473266602,-0.10378265380859375,1.0589007288217545,0.0,0.0,0.0,0.0,0.0,153.60385131835938,146.7033233642578,153.60385131835938,146.7033233642578,1.500037670135498,1.3998408317565918,1.500037670135498,1.3998408317565918,0.0,0.0,0.0,-0.014526009559631348,-0.27014267444610596,0.2705329358577728,,0.0659906417131424,0.0,2.0,1.5,3.0,True,,False,False,-0.3521794942617554,-0.19897127482810176,0.11317549360673596,False,,False,caught
99,1787733840.4428847,4.950003599748015,0.050001099705696106,19.999560127396165,0.050001099705696106,19.999560127396165,3.618188202381134e-06,False,False,7275045.378438582,7275045.3831233,4.6847183257341385,7275045.4284385815,0.0,0.008009799756109715,124.84706615008946,0.0516344178467989,1.0,99,98,-0.3498698035473019,-0.19594762761336199,0.113,-0.3498698035473019,-0.19594762761336199,0.113,-0.3498698035473019,-0.19594762761336199,0.113,-0.3498698035473019,-0.19594762761336199,0.113,7275045.328438582,7275045.378438582,0.0516344178467989,0.049999999813735485,1,False,531,0,0.22142061466718768,0.22142061466718768,9.799756109714342e-06,1,False,,True,76,0.043412200175225735,0.06678039953112602,14.974453687326395,False,False,False,,4.163794040679932,4.382516384124756,1.4861812591552734,1.3528456687927246,,,4.04332971572876,True,0.202364325,0.803824171214,3,-1.0,-0.39815080165863037,1.0763475894927979,-0.20236432552337646,-0.08057151734828949,0.2178143411874771,-0.20236432552337646,-0.18448039889335632,0.27383267879486084,-0.20236435532569885,-0.18048247694969177,0.2711554169654846,-0.20236435532569885,-0.18048247694969177,0.2711554169654846,-0.20236444473266602,-0.1804823875427246,0.2711554169654846,False,False,1.9947001710534096,dual_command_actual,0.5,0.04899536073207855,1.500037670135498,1.3998408317565918,1.4931094646453857,1.3763432502746582,2.9481472969055176,-0.20236444473266602,-0.10851510614156723,1.2728003785014153,0.0,0.0,0.0,0.0,0.0,153.60385131835938,146.7033233642578,153.60385131835938,146.7033233642578,1.500037670135498,1.3998408317565918,1.500037670135498,1.3998408317565918,0.0,0.0,0.0,-0.0006400346755981445,-0.1116487979888916,0.11165063083171844,,0.04899536073207855,0.0,2.0,1.5,3.0,True,,False,False,-0.3490206439073857,-0.19390569925619497,0.11311029664588775,False,,False,caught
100,1787733840.4914517,5.000001899898052,0.04999830015003681,20.00067996310198,0.04999830015003681,20.00067996310198,1.9185245037078857e-06,False,False,7275045.4284385815,7275045.4321379,3.699318505823612,7275045.478438581,0.0,0.008023499511182308,124.63389554723663,0.04970961809158325,0.9941923655353202,100,99,-0.3498698035473019,-0.19594762761336199,0.113,-0.3498698035473019,-0.19594762761336199,0.113,-0.3498698035473019,-0.19594762761336199,0.113,-0.3498698035473019,-0.19594762761336199,0.113,7275045.378438582,7275045.4284385815,0.04970961809158325,0.049999999813735485,1,False,531,0,0.20961625452231733,0.20961625452231733,2.349951118230803e-05,1,False,,True,77,0.027723800390958786,0.0798420999199152,12.524720679980108,False,False,False,,3.9614295959472656,4.202033996582031,1.4902395009994507,1.3544005155563354,,,3.7703840732574463,True,0.202364325,0.803824171214,3,-1.0,-1.0,1.4142135381698608,-0.20236432552337646,-0.20236432552337646,0.2861863672733307,-0.20236432552337646,-0.019699009135365486,0.20332086086273193,-0.20236435532569885,-0.051240820437669754,0.20875094830989838,-0.20236435532569885,-0.051240816712379456,0.20875094830989838,-0.20236444473266602,-0.05124092102050781,0.20875105261802673,False,False,1.4027999714016914,dual_command_actual,0.5,0.04648469015955925,1.500037670135498,1.3998408317565918,1.4951386451721191,1.3771207332611084,2.4367988109588623,-0.20236444473266602,-0.16901619732379913,1.0456005111336708,0.0,0.0,0.0,0.0,0.0,153.60385131835938,146.7033233642578,153.60385131835938,146.7033233642578,1.500037670135498,1.3998408317565918,1.500037670135498,1.3998408317565918,0.0,0.0,0.0,0.004058241844177246,0.0015548467636108398,0.004345903173089027,,0.04648469015955925,0.0,2.0,1.5,3.0,True,,False,False,-0.34891197473551017,-0.19408795748756485,0.1131344931467243,False,,False,caught
101,1787733840.5421324,5.050002499483526,0.05000059958547354,19.99976016868657,0.05000059958547354,19.99976016868657,2.518296241760254e-06,False,False,7275045.478438581,7275045.4822425,3.803919069468975,7275045.528438581,0.0,0.00800320040434599,124.95001367914873,0.04776811879128218,0.9553623793846457,101,100,-0.3498698035473019,-0.19594762761336199,0.113,-0.3498698035473019,-0.19594762761336199,0.113,-0.3498698035473019,-0.19594762761336199,0.113,-0.3498698035473019,-0.19594762761336199,0.113,7275045.4284385815,7275045.478438581,0.04776811879128218,0.049999999813735485,1,False,531,0,0.07787563094598378,0.07787563094598378,3.2004043459890608e-06,1,False,,True,78,0.012047600001096725,0.06546200066804886,15.276037850888459,False,False,False,,3.7590651512145996,4.150793075561523,1.4915084838867188,1.3789513111114502,,,3.5811898708343506,True,0.202364325,0.803824171214,3,-0.8736187219619751,0.9523520469665527,1.292356014251709,-0.1767892688512802,0.19272208213806152,0.26152676343917847,-0.20236432552337646,-0.20236432552337646,0.2861863672733307,-0.20236435532569885,-0.17271757125854492,0.26605015993118286,-0.20236435532569885,-0.17271757125854492,0.26605015993118286,-0.20236444473266602,-0.17271757125854492,0.26605024933815,False,False,1.5265997499227524,dual_command_actual,0.5,0.022563666105270386,1.500037670135498,1.3998408317565918,1.4957730770111084,1.389396071434021,2.435615301132202,-0.20236444473266602,-0.13194148242473602,1.0569998994469643,0.0,0.0,0.0,0.0,0.0,153.60385131835938,146.7033233642578,153.60385131835938,146.7033233642578,1.500037670135498,1.3998408317565918,1.500037670135498,1.3998408317565918,0.0,0.0,0.0,0.0012689828872680664,0.024550795555114746,0.024583568796515465,,0.022563666105270386,0.0,2.0,1.5,3.0,True,,False,False,-0.34956460311234877,-0.19523376767286035,0.1130609759737514,False,,False,caught
102,1787733840.591677,5.100003399886191,0.05000090040266514,19.999639845419626,0.05000090040266514,19.999639845419626,3.4188851714134216e-06,False,False,7275045.528438581,7275045.5316312,3.192618489265442,7275045.578438581,0.0,0.008011399768292904,124.82213207706191,0.04580051824450493,0.9160103683025032,102,101,-0.3498698035473019,-0.19594762761336199,0.113,-0.3498698035473019,-0.19594762761336199,0.113,-0.3498698035473019,-0.19594762761336199,0.113,-0.3498698035473019,-0.19594762761336199,0.113,7275045.478438581,7275045.528438581,0.04580051824450493,0.049999999813735485,1,False,531,0,0.019869243499554344,0.019869243499554344,1.1399768292903734e-05,1,False,,False,,,,,False,False,False,,3.5567007064819336,3.9780755043029785,1.4917405843734741,1.3902164697647095,,,3.310751438140869,False,0.202364325,0.803824171214,3,-1.0,-1.0,1.4142135381698608,-0.20236432552337646,-0.20236432552337646,0.2861863672733307,-0.20236432552337646,-0.08057151734828949,0.2178143411874771,-0.20236435532569885,-0.09864834696054459,0.22512847185134888,-0.20236435532569885,-0.09864834696054459,0.22512847185134888,-0.20236444473266602,-0.0986483097076416,0.22512853145599365,False,False,1.8318993970751762,dual_command_actual,0.5,0.012707083486020565,1.500037670135498,1.3998408317565918,1.4958891868591309,1.3950285911560059,2.1723792552948,-0.20236444473266602,-0.13481362164020538,1.0983003303408623,0.0,0.0,0.0,0.0,0.0,153.60385131835938,146.7033233642578,153.60385131835938,146.7033233642578,1.500037670135498,1.3998408317565918,1.500037670135498,1.3998408317565918,0.0,0.0,0.0,0.0002321004867553711,0.011265158653259277,0.011267549358308315,,0.012707083486020565,0.0,2.0,1.5,3.0,True,,False,False,-0.3498771691330793,-0.19574969959195307,0.11301577752235827,False,,False,caught
103,1787733840.643262,5.1500038001686335,0.05000040028244257,19.99983988830477,0.05000040028244257,19.99983988830477,3.819353878498077e-06,False,False,7275045.578438581,7275045.5824538,4.015219397842884,7275045.628438581,0.0,0.008009499870240688,124.851740583142,0.05184981878846884,1.0,103,102,-0.3498698035473019,-0.19594762761336199,0.113,-0.3498698035473019,-0.19594762761336199,0.113,-0.3498698035473019,-0.19594762761336199,0.113,-0.3498698035473019,-0.19594762761336199,0.113,7275045.528438581,7275045.578438581,0.05184981878846884,0.049999999813735485,1,False,531,0,0.015244478928752326,0.015244478928752326,9.499870240688157e-06,1,False,,True,79,0.03392850048840046,0.06574809923768044,15.209565167579735,False,False,False,,3.3543362617492676,3.879427194595337,1.4917389154434204,1.3913387060165405,,,3.1080305576324463,False,0.202364325,0.803824171214,3,-1.0,-1.0,1.4142135381698608,-0.20236432552337646,-0.20236432552337646,0.2861863672733307,-0.20236432552337646,-0.20236432552337646,0.2861863672733307,-0.20236435532569885,-0.1820177435874939,0.2721797227859497,-0.20236435532569885,-0.1820177435874939,0.2721797227859497,-0.20236444473266602,-0.18201780319213867,0.27217981219291687,False,False,1.424499787390232,dual_command_actual,0.5,0.011880886740982533,1.500037670135498,1.3998408317565918,1.4958882331848145,1.395589828491211,2.117130994796753,-0.20236444473266602,-0.10753560066223145,1.3006003573536873,0.0,0.0,0.0,0.0,0.0,153.60385131835938,146.7033233642578,153.60385131835938,146.7033233642578,1.500037670135498,1.3998408317565918,1.500037670135498,1.3998408317565918,0.0,0.0,0.0,-1.6689300537109375e-06,0.0011222362518310547,0.001122237415984273,,0.011880886740982533,0.0,2.0,1.5,3.0,True,,False,False,-0.3499092567454279,-0.19580040381879593,0.11299716923117833,False,,False,caught
104,1787733840.6949224,5.2027092995122075,0.05270549934357405,18.973352163523746,0.05270549934357405,18.973352163523746,0.00270931888371706,True,False,7275045.628438581,7275045.6351406,6.702018901705742,7275045.678438581,0.0,0.008008199743926525,124.87201018660993,0.04988851863890886,0.9977703764951615,104,103,-0.3498698035473019,-0.19594762761336199,0.113,-0.3498698035473019,-0.19594762761336199,0.113,-0.3498698035473019,-0.19594762761336199,0.113,-0.3498698035473019,-0.19594762761336199,0.113,7275045.578438581,7275045.628438581,0.04988851863890886,0.049999999813735485,1,False,531,0,0.01625957131628612,0.01625957131628612,8.19974392652495e-06,1,False,,True,80,0.02402999997138977,0.07828150037676096,12.774410239802519,False,False,False,,3.1519718170166016,3.6974093914031982,1.4919853210449219,1.3909097909927368,,,2.8417415618896484,False,0.202364325,0.803824171214,3,-1.0,-1.0,1.4142135381698608,-0.20236432552337646,-0.20236432552337646,0.2861863672733307,-0.1767892688512802,0.19272208213806152,0.26152676343917847,-0.1818065047264099,0.11920718848705292,0.21740275621414185,-0.1818065047264099,0.11920720338821411,0.21740277111530304,-0.1818065643310547,0.11920714378356934,0.21740278601646423,False,False,1.5521999448537827,dual_command_actual,0.5,0.012025132775306702,2.1000375747680664,1.3998408317565918,1.7960114479064941,1.3953752517700195,1.8594753742218018,-0.20236444473266602,-0.151127889752388,1.0406998917460442,1.0,0.0,1.0,0.0,0.0,215.04385375976562,146.7033233642578,215.04385375976562,146.7033233642578,1.500037670135498,1.3998408317565918,2.1000375747680664,1.3998408317565918,0.5999999046325684,0.0,0.5999999046325684,0.00024640560150146484,-0.00042891502380371094,0.0004946552217006683,,0.012025132775306702,0.0,2.0,1.5,3.0,True,,False,False,-0.34988773388757377,-0.19578780113042069,0.11297609677454215,False,,False,caught
105,1787733840.741469,5.25000139977783,0.04729210026562214,21.145180577377023,0.04729210026562214,21.145180577377023,1.4193356037139893e-06,False,False,7275045.678438581,7275045.6822046,3.766019828617573,7275045.72843858,0.0,0.008007899858057499,124.87668648775698,0.047960419207811356,0.9592083877295569,105,104,-0.33747232820437334,-0.205015825070491,0.113,-0.3269880191747885,-0.21268462713316794,0.113,-0.3498698035473019,-0.19594762761336199,0.113,-0.3269880191747885,-0.21268462713316794,0.113,7275045.628438581,7275045.678438581,0.047960419207811356,0.049999999813735485,1,True,537,0,1.468944818159339,2.767885826713835,7.899858057498765e-06,1,False,,True,81,0.004462500102818012,0.062372700311243534,16.032655232336257,False,False,False,,2.970165252685547,3.8166165351867676,1.5086930990219116,1.3908013105392456,,,2.832045078277588,False,0.202364325,0.803824171214,3,-1.0,-1.0,1.4142135381698608,-0.20236432552337646,-0.20236432552337646,0.2861863672733307,-0.20236432552337646,-0.20236432552337646,0.2861863672733307,-0.19833138585090637,-0.1392797827720642,0.24235139787197113,-0.19833138585090637,-0.1392797827720642,0.24235139787197113,-0.19833135604858398,-0.13927984237670898,0.24235139787197113,False,False,1.451600342988968,dual_command_actual,0.5,0.5914135575294495,2.7000374794006348,1.3998408317565918,2.104365348815918,1.3953211307525635,2.3146698474884033,-0.1955118179321289,-0.05381965637207031,1.0545002296566963,1.0,0.0,1.0,1.0,0.0,276.4838562011719,146.7033233642578,276.4838562011719,146.7033233642578,2.1000375747680664,1.3998408317565918,2.7000374794006348,1.3998408317565918,0.5999999046325684,0.0,0.5999999046325684,0.016707777976989746,-0.00010848045349121094,0.01670813001692295,0.02784629911184311,0.5914135575294495,0.0,2.0,1.5,3.0,True,,False,False,-0.34925482320365236,-0.19624356783496275,0.11298577096614096,False,,False,caught
106,1787733840.7931366,5.300003699958324,0.050002300180494785,19.999079970126783,0.050002300180494785,19.999079970126783,3.719702363014221e-06,False,False,7275045.72843858,7275045.7328985,4.459919407963753,7275045.77843858,0.0,0.008004999719560146,124.92192817402714,0.05399251915514469,1.0,106,105,-0.3230086069709567,-0.21559538877047482,0.113,-0.30435775508869106,-0.22923765083865652,0.113,-0.3269880191747885,-0.21268462713316794,0.113,-0.30435775508869106,-0.22923765083865652,0.113,7275045.678438581,7275045.72843858,0.05399251915514469,0.049999999813735485,1,True,544,0,2.4039557530183964,4.714633463993604,4.999719560146165e-06,1,False,,False,,,,,False,False,False,,2.771833896636963,3.6773366928100586,1.692307710647583,1.3875656127929688,,,2.531487464904785,False,0.202364325,0.803824171214,3,-1.0,1.0,1.4142135381698608,-0.20236432552337646,0.20236432552337646,0.2861863672733307,-0.20236432552337646,-0.20236432552337646,0.2861863672733307,-0.20157316327095032,-0.18998867273330688,0.2769971787929535,-0.20157316327095032,-0.18998867273330688,0.2769971787929535,-0.20157313346862793,-0.1899886131286621,0.2769971191883087,False,False,2.157900482416153,dual_command_actual,0.5,1.0078045129776,3.300037384033203,1.3998408317565918,2.4961724281311035,1.3937032222747803,2.2177677154541016,-0.19416745007038116,-0.06736350059509277,2.009100280702114,1.0,0.0,1.0,1.0,0.0,337.923828125,146.7033233642578,337.923828125,146.7033233642578,2.7000374794006348,1.3998408317565918,3.300037384033203,1.3998408317565918,0.5999999046325684,0.0,0.5999999046325684,0.1836146116256714,-0.0032356977462768555,0.18364311754703522,0.3060244023799896,1.0078045129776,0.0,2.0,1.5,3.0,True,,False,False,-0.34223470106637244,-0.2011643184318984,0.11304290645992546,False,,False,caught
107,1787733840.8467588,5.354544799774885,0.054541099816560745,18.334797122964545,0.054541099816560745,18.334797122964545,0.004544819705188274,True,False,7275045.77843858,7275045.786759,8.320420049130917,7275045.82843858,0.0,0.008000599220395088,124.99063788257321,0.052009519189596176,1.0,107,106,-0.3106111316280281,-0.22466358622760382,0.113,-0.2816099929264572,-0.24587661911961434,0.113,-0.30435775508869106,-0.22923765083865652,0.113,-0.2816099929264572,-0.24587661911961434,0.113,7275045.72843858,7275045.77843858,0.052009519189596176,0.049999999813735485,1,True,550,0,2.123837081632853,5.7169254463252965,5.992203950880293e-07,1,False,,True,82,0.0309774000197649,0.06685739941895008,14.957207559535433,False,False,False,,2.570260763168335,3.4873480796813965,2.0796542167663574,1.39004647731781,,,2.1539194583892822,False,0.202364325,0.803824171214,3,-1.0,-1.0,1.4142135381698608,-0.20236432552337646,-0.20236432552337646,0.2861863672733307,-0.20236432552337646,-0.20236432552337646,0.2861863672733307,-0.20220911502838135,-0.19993650913238525,0.2843644320964813,-0.20220911502838135,-0.19993650913238525,0.2843644320964813,-0.2022092342376709,-0.1999363899230957,0.2843644320964813,False,False,1.6411002725362778,dual_command_actual,0.5,1.2204225063323975,3.9000372886657715,1.3998408317565918,2.9898457527160645,1.3949437141418457,2.113387107849121,-0.19390368461608887,-0.07002043724060059,1.0418007150292397,1.0,0.0,1.0,1.0,0.0,399.3638000488281,146.7033233642578,399.3638000488281,146.7033233642578,3.300037384033203,1.3998408317565918,3.9000372886657715,1.3998408317565918,0.5999999046325684,0.0,0.5999999046325684,0.3873465061187744,0.0024808645248413086,0.38735446333885193,0.645577609539032,1.2204225063323975,0.0,2.0,1.5,3.0,True,,False,False,-0.3276553115779017,-0.2119922440470177,0.11303757806144693,False,,False,caught
108,1787733840.8912818,5.400001799687743,0.04545699991285801,21.998812106320706,0.04545699991285801,21.998812106320706,1.819804310798645e-06,False,False,7275045.82843858,7275045.8321413,3.702719695866108,7275045.87843858,0.0,0.008233800530433655,121.45059821449577,0.050276920199394226,1.0,108,107,-0.29821365628509955,-0.23373178368473282,0.113,-0.25836796813659946,-0.26287711835578625,0.113,-0.2816099929264572,-0.24587661911961434,0.113,-0.25836796813659946,-0.26287711835578625,0.113,7275045.77843858,7275045.82843858,0.050276920199394226,0.049999999813735485,1,True,556,0,1.9937892661181214,6.9304393565719105,0.00023380053043365462,1,False,,True,83,0.008364799432456493,0.07824529986828566,12.780320373023702,False,False,False,,2.368051528930664,3.287411689758301,2.4341111183166504,1.3893089294433594,,,1.899251937866211,False,0.202364325,0.803824171214,3,-0.20058059692382812,0.041996121406555176,0.2049298733472824,-0.04059035703539848,0.008498516865074635,0.041470494121313095,-0.20236432552337646,-0.20236432552337646,0.2861863672733307,-0.20233389735221863,-0.20188802480697632,0.28582823276519775,-0.20233389735221863,-0.20188802480697632,0.28582823276519775,-0.20233392715454102,-0.2018880844116211,0.2858283221721649,False,False,1.4291005209088326,dual_command_actual,0.5,1.4659639596939087,4.50003719329834,1.3998408317565918,3.467074155807495,1.3945748805999756,2.1530075073242188,-0.20070457458496094,-0.17640161514282227,1.0580001398921013,1.0,0.0,1.0,1.0,0.0,460.8038024902344,146.7033233642578,460.8038024902344,146.7033233642578,3.9000372886657715,1.3998408317565918,4.50003719329834,1.3998408317565918,0.5999999046325684,0.0,0.5999999046325684,0.35445690155029297,-0.0007375478744506836,0.35445767641067505,0.5907616019248962,1.4659639596939087,0.0,2.0,1.5,3.0,True,,False,False,-0.314184361999134,-0.2217963831190073,0.1130483332201378,False,,False,caught
109,1787733840.9408855,5.450002700090408,0.05000090040266514,19.999639845419626,0.05000090040266514,19.999639845419626,2.7203932404518127e-06,False,False,7275045.87843858,7275045.8818141,3.375519998371601,7275045.92843858,0.0,0.008023099973797798,124.64010211337826,0.04832252021878958,0.9664504079760998,109,108,-0.285816180942171,-0.24279998114186183,0.113,-0.23538048362059152,-0.27969143279221365,0.113,-0.25836796813659946,-0.26287711835578625,0.113,-0.23538048362059152,-0.27969143279221365,0.113,7275045.82843858,7275045.87843858,0.04832252021878958,0.049999999813735485,1,True,562,0,1.9282252267364395,8.176783690592835,2.309997379779799e-05,1,False,,False,,,,,False,False,False,,2.165717601776123,3.0855236053466797,2.7739644050598145,1.386918067932129,,,1.8042242527008057,False,0.202364325,0.803824171214,3,0.9349173307418823,-1.0,1.3689669370651245,0.18919391930103302,-0.20236432552337646,0.2770300805568695,-0.20236432552337646,0.20236432552337646,0.2861863672733307,-0.20235836505889893,0.12305977940559387,0.23683880269527435,-0.20235675573349,0.1016584038734436,0.22645682096481323,-0.20235681533813477,0.10165834426879883,0.22645683586597443,True,False,1.402599737048149,dual_command_actual,0.5,1.7261210680007935,5.100037097930908,1.699840784072876,3.9370007514953613,1.5433794260025024,2.388029098510742,-0.20203876495361328,-0.19727103412151337,1.7265994101762772,1.0,0.5,1.1180340051651,1.0,0.0,522.2438354492188,178.143310546875,522.2438354492188,178.143310546875,4.50003719329834,1.3998408317565918,5.100037097930908,1.699840784072876,0.5999999046325684,0.2999999523162842,0.6708202958106995,0.33985328674316406,-0.0023908615112304688,0.3398616909980774,0.5664222240447998,1.7261210680007935,0.0,2.0,1.5,3.0,True,,False,False,-0.3011802556916959,-0.23114905057738946,0.11307922483912668,False,,False,caught
110,1787733840.991614,5.50000249966979,0.04999979957938194,20.000080168568573,0.04999979957938194,20.000080168568573,2.520158886909485e-06,False,False,7275045.92843858,7275045.9323073,3.86872049421072,7275045.9784385795,0.0,0.00800349935889244,124.94534642386532,0.04633721988648176,0.9267444011820272,110,109,-0.27451202894180216,-0.25317019117803197,0.113,-0.22109146854131181,-0.31058556772155,0.113,-0.23538048362059152,-0.27969143279221365,0.113,-0.22109146854131181,-0.31058556772155,0.113,7275045.87843858,7275045.92843858,0.04633721988648176,0.049999999813735485,1,True,568,0,1.9463334149158906,9.78305972738837,3.4993588924406294e-06,1,False,,True,84,0.04927879944443703,0.06785440072417259,14.737437650727905,False,False,False,,1.9633607864379883,3.1871819496154785,3.0947377681732178,1.3868035078048706,,,2.1263527870178223,False,0.202364325,0.803824171214,3,0.10270248353481293,-1.0,1.0052599906921387,0.0207833182066679,-0.20236432552337646,0.20342877507209778,-0.20236432552337646,-0.20236432552337646,0.2861863672733307,-0.20236285030841827,-0.14272242784500122,0.24762959778308868,-0.20236285030841827,-0.14272242784500122,0.24762959778308868,-0.20236289501190186,-0.14272236824035645,0.24762959778308868,False,False,1.6508996486663818,dual_command_actual,0.5,2.029585599899292,5.700037002563477,1.699840784072876,4.397387504577637,1.5433220863342285,3.055086135864258,-0.20229999721050262,-0.10005537420511246,1.0818000882863998,1.0,0.0,1.0,1.0,0.5,583.6837768554688,178.143310546875,583.6837768554688,178.143310546875,5.100037097930908,1.699840784072876,5.700037002563477,1.699840784072876,0.5999999046325684,0.0,0.5999999046325684,0.3207733631134033,-0.00011456012725830078,0.3207733929157257,0.4276215434074402,2.029585599899292,0.029585599899291992,2.0,1.5,3.0,True,,False,False,-0.28893307112509004,-0.2400991078724278,0.11304122823793057,False,,False,caught
111,1787733841.0432134,5.552005900070071,0.05200340040028095,19.229511768514996,0.05200340040028095,19.229511768514996,0.002005920745432377,True,False,7275045.9784385795,7275045.9842101,5.771520547568798,7275046.028438579,0.0,0.008002299815416336,124.9640757115238,0.052375719882547855,1.0,111,110,-0.2618908164431577,-0.26588811180047045,0.113,-0.19794806233482046,-0.3275674158202293,0.113,-0.22109146854131181,-0.31058556772155,0.113,-0.19794806233482046,-0.3275674158202293,0.113,7275045.92843858,7275045.9784385795,0.052375719882547855,0.049999999813735485,1,True,575,0,1.943525161241349,10.826129943525494,2.299815416335893e-06,1,False,,True,85,0.02128820028156042,0.059309699572622776,16.86064854831262,False,False,False,,1.7609978914260864,3.044459581375122,3.4713339805603027,1.411801815032959,,,2.3644917011260986,False,0.202364325,0.803824171214,3,0.4078802168369293,1.0,1.0799843072891235,0.08254040777683258,0.20236432552337646,0.21855030953884125,-0.04059035703539848,0.008498516865074635,0.041470494121313095,-0.07232622057199478,-0.021167363971471786,0.07536006718873978,-0.07232621312141418,-0.021167367696762085,0.07536005973815918,-0.0723261833190918,-0.021167278289794922,0.075360007584095,False,False,1.4928001910448074,dual_command_actual,0.5,2.247239112854004,6.300036907196045,1.699840784072876,4.885685443878174,1.5558212995529175,3.612572193145752,-0.20235121250152588,-0.08098403364419937,1.0558003559708595,1.0,0.0,1.0,1.0,0.0,645.123779296875,178.143310546875,645.123779296875,178.143310546875,5.700037002563477,1.699840784072876,6.300036907196045,1.699840784072876,0.5999999046325684,0.0,0.5999999046325684,0.37659621238708496,0.02499830722808838,0.3774249851703644,0.6276604533195496,2.247239112854004,0.2472391128540039,2.0,1.5,3.0,True,,False,False,-0.27525048874362273,-0.2517726872770356,0.1130543303342801,False,,False,caught
112,1787733841.0918608,5.600002099759877,0.04799619968980551,20.834982904123596,0.04799619968980551,20.834982904123596,2.1206215023994446e-06,False,False,7275046.028438579,7275046.0322379,3.7993211299180984,7275046.078438579,0.0,0.008003000169992447,124.95313991739472,0.050403120927512646,1.0,112,111,-0.2505996413305528,-0.27630059328329787,0.113,-0.17430082945515096,-0.3449189548777777,0.113,-0.19794806233482046,-0.3275674158202293,0.113,-0.17430082945515096,-0.3449189548777777,0.113,7275045.9784385795,7275046.028438579,0.050403120927512646,0.049999999813735485,1,True,581,0,1.9154127136420735,12.175188816320306,3.000169992446733e-06,1,False,,True,86,0.004893500357866287,0.07977079972624779,12.5359154406341,False,False,False,,1.6886717081069946,3.023292303085327,3.7931740283966064,1.4566770792007446,,,2.6235878467559814,False,0.202364325,0.803824171214,3,1.0,-0.5682399868965149,1.150172472000122,0.20236432552337646,-0.11499150097370148,0.23275387287139893,0.18919391930103302,-0.20236432552337646,0.2770300805568695,0.13788999617099762,-0.16681784391403198,0.21642976999282837,0.13788999617099762,-0.16681784391403198,0.21642976999282837,0.13788998126983643,-0.16681790351867676,0.21642979979515076,False,False,1.4712000265717506,dual_command_actual,0.5,2.5186285972595215,6.300036907196045,1.699840784072876,5.046605587005615,1.578258991241455,3.794408082962036,-0.15901529788970947,-0.02074376679956913,1.0861996561288834,0.0,0.0,0.0,1.0,0.0,645.123779296875,178.143310546875,645.123779296875,178.143310546875,6.300036907196045,1.699840784072876,6.300036907196045,1.699840784072876,0.0,0.0,0.0,0.3218400478363037,0.044875264167785645,0.324953556060791,0.5364001393318176,2.5186285972595215,0.5186285972595215,2.0,1.5,3.0,True,,False,False,-0.26422149241600124,-0.262834872929665,0.1129883930282142,False,,False,caught
113,1787733841.141411,5.650003399699926,0.05000129994004965,19.999480037498543,0.05000129994004965,19.999480037498543,3.4207478165626526e-06,False,False,7275046.078438579,7275046.0819362,3.4976210445165634,7275046.128438579,0.0,0.008006799966096878,124.89384076463645,0.04843862075358629,0.9687724186806843,113,112,-0.2391788802115352,-0.2865717088732586,0.113,-0.17430082945515096,-0.3449189548777777,0.113,-0.17430082945515096,-0.3449189548777777,0.113,-0.17430082945515096,-0.3449189548777777,0.113,7275046.028438579,7275046.078438579,0.04843862075358629,0.049999999813735485,1,True,587,0,1.899444780809651,10.624858369014756,6.799966096877885e-06,1,False,,False,,,,,False,False,False,,1.826561689376831,2.8564743995666504,4.113029479980469,1.4972492456436157,,,2.6599676609039307,False,0.202364325,0.803824171214,3,1.0,-0.8948093056678772,1.341895580291748,0.20236432552337646,-0.1810774803161621,0.27155178785324097,0.0207833182066679,-0.20236432552337646,0.20342877507209778,0.04375681281089783,-0.1953909695148468,0.20023058354854584,0.04375681281089783,-0.1953909695148468,0.20023058354854584,0.043756842613220215,-0.19539093971252441,0.20023056864738464,False,False,2.0801005885004997,dual_command_actual,0.5,2.196370840072632,6.900036811828613,1.699840784072876,5.506533145904541,1.5985450744628906,3.898343324661255,-0.04559969902038574,-0.11023584753274918,1.050199382007122,1.0,0.0,1.0,0.0,0.0,706.5637817382812,178.143310546875,706.5637817382812,178.143310546875,6.300036907196045,1.699840784072876,6.900036811828613,1.699840784072876,0.5999999046325684,0.0,0.5999999046325684,0.3198554515838623,0.040572166442871094,0.3224183917045593,,2.196370840072632,0.19637084007263184,2.0,1.5,3.0,True,,False,False,-0.25311898961852103,-0.2736696804644166,0.11299224157228999,False,,False,caught
114,1787733841.1960812,5.703884799964726,0.053881400264799595,18.55928010566745,0.053881400264799595,18.55928010566745,0.0038848211988806725,True,False,7275046.128438579,7275046.1360723,7.6337214559316635,7275046.178438579,0.0,0.00800199992954731,124.96875891082045,0.05445792060345411,1.0,114,113,-0.22565869056046226,-0.29833232212136496,0.113,-0.1509116126212065,-0.36208117049449656,0.113,-0.17430082945515096,-0.3449189548777777,0.113,-0.1509116126212065,-0.36208117049449656,0.113,7275046.078438579,7275046.128438579,0.05445792060345411,0.049999999813735485,1,True,594,0,1.8959189030890566,11.719678727431921,1.999929547309709e-06,1,False,,True,87,0.044613500125706196,0.0643902001902461,15.530313573267645,False,False,False,,1.8703185319900513,2.661083459854126,4.484367847442627,1.5336556434631348,,,2.846813678741455,False,0.202364325,0.803824171214,3,1.0,-0.2963410019874573,1.042985200881958,0.20236432552337646,-0.059968847781419754,0.2110629826784134,0.08254040777683258,0.20236432552337646,0.21855030953884125,0.07493201643228531,0.12433435767889023,0.14516831934452057,0.07321478426456451,0.10672277212142944,0.1294223964214325,0.07321476936340332,0.10672283172607422,0.12942242622375488,True,False,1.5150997787714005,dual_command_actual,0.5,2.4213786125183105,7.200037002563477,1.9998407363891602,5.842202186584473,1.7667481899261475,4.009401798248291,0.03644021227955818,-0.12779204547405243,1.0738996788859367,0.5,0.5,0.7071067690849304,1.0,0.0,737.2838134765625,209.5832977294922,737.2838134765625,209.5832977294922,6.900036811828613,1.699840784072876,7.200037002563477,1.9998407363891602,0.3000001907348633,0.2999999523162842,0.42426419258117676,0.3713383674621582,0.03640639781951904,0.3731187582015991,0.6188973784446716,2.4213786125183105,0.42137861251831055,2.0,1.5,3.0,True,,False,False,-0.239881434912805,-0.2857958006867313,0.11300470275613272,False,,False,caught
115,1787733841.241639,5.750001600012183,0.04611680004745722,21.684071725942264,0.04611680004745722,21.684071725942264,1.621432602405548e-06,False,False,7275046.178438579,7275046.1820992,3.6606211215257645,7275046.228438579,0.0,0.008015099912881851,124.7645083491476,0.052525920793414116,1.0,115,114,-0.21490967519654802,-0.30929165248496787,0.113,-0.14814197809930066,-0.38401392011624436,0.113,-0.1509116126212065,-0.36208117049449656,0.113,-0.14814197809930066,-0.38401392011624436,0.113,7275046.128438579,7275046.178438579,0.052525920793414116,0.049999999813735485,1,True,600,0,2.1474577478215995,12.16418555781409,1.509991288185103e-05,1,False,,True,88,0.01120780035853386,0.0644081998616457,15.525973434253483,False,False,False,,1.9435333013534546,2.7678062915802,4.749825954437256,1.5548385381698608,,,3.057215929031372,False,0.202364325,0.803824171214,3,1.0,-1.0,1.4142135381698608,0.20236432552337646,-0.20236432552337646,0.2861863672733307,0.20236432552337646,-0.11499150097370148,0.23275387287139893,0.17702829837799072,-0.07149651646614075,0.1909208595752716,0.17702829837799072,-0.07149651646614075,0.1909208595752716,0.17702829837799072,-0.07149648666381836,0.19092082977294922,False,False,1.407400704920292,dual_command_actual,0.5,2.490293502807617,7.50003719329834,2.2998406887054443,6.124931335449219,1.9273395538330078,4.165493965148926,0.08495386689901352,-0.08516200631856918,1.0281000286340714,0.5,0.5,0.7071067690849304,0.5,0.5,768.0037841796875,241.0233154296875,768.0037841796875,241.0233154296875,7.200037002563477,1.9998407363891602,7.50003719329834,2.2998406887054443,0.3000001907348633,0.2999999523162842,0.42426419258117676,0.2654581069946289,0.021182894706726074,0.2663019597530365,0.4777350425720215,2.490293502807617,0.4902935028076172,2.0,1.5,3.0,True,,False,False,-0.23025216393173628,-0.2942661742373186,0.11302281902586614,False,,False,caught
116,1787733841.291237,5.80000379960984,0.05000219959765673,19.999120199641446,0.05000219959765673,19.999120199641446,3.821216523647308e-06,False,False,7275046.228438579,7275046.2315112,3.072621300816536,7275046.278438578,0.0,0.008042099885642529,124.34563288442722,0.05059322156012058,1.0,116,115,-0.20553065572300927,-0.32144672406192776,0.113,-0.1456743204582672,-0.40631004528596826,0.113,-0.14814197809930066,-0.38401392011624436,0.113,-0.1456743204582672,-0.40631004528596826,0.113,7275046.178438579,7275046.228438579,0.05059322156012058,0.049999999813735485,1,True,606,0,1.8879907884349394,12.271049455416104,4.209988564252837e-05,1,False,,False,,,,,False,False,False,,2.1205615997314453,2.696309804916382,5.119288444519043,1.5948395729064941,,,3.194620370864868,False,0.202364325,0.803824171214,3,1.0,-0.4763733744621277,1.107669472694397,0.20236432552337646,-0.09640097618103027,0.22415277361869812,0.20236432552337646,-0.1810774803161621,0.27155178785324097,0.1973940134048462,-0.15958033502101898,0.2538312077522278,0.1973940134048462,-0.15958033502101898,0.2538312077522278,0.19739389419555664,-0.15958023071289062,0.25383105874061584,False,False,1.5008999034762383,dual_command_actual,0.5,2.4829399585723877,7.50003719329834,2.899840831756592,6.309662818908691,2.247340202331543,4.11018180847168,0.09799996763467789,-0.05338819697499275,1.3081002980470657,0.0,1.0,1.0,0.5,0.5,768.0037841796875,303.9033203125,768.0037841796875,303.9033203125,7.50003719329834,2.2998406887054443,7.50003719329834,2.899840831756592,0.0,0.6000001430511475,0.6000001430511475,0.3694624900817871,0.0400010347366333,0.37162160873413086,0.6824392080307007,2.4829399585723877,0.4829399585723877,2.0,1.5,3.0,True,,False,False,-0.2171357101855736,-0.30655467002907383,0.11298104413037242,False,,False,caught
117,1787733841.3429494,5.850002399645746,0.04999860003590584,20.0005600013173,0.04999860003590584,20.0005600013173,2.421438694000244e-06,False,False,7275046.278438578,7275046.2825972,4.158621653914452,7275046.328438578,0.0,0.008019600063562393,124.6944974904134,0.04864392150193453,0.9728784336629451,117,116,-0.19876617306136599,-0.33519136154860296,0.113,-0.16384418030582493,-0.43229899902093366,0.113,-0.1456743204582672,-0.40631004528596826,0.113,-0.16384418030582493,-0.43229899902093366,0.113,7275046.228438579,7275046.278438578,0.04864392150193453,0.049999999813735485,1,True,612,0,1.8903896651517107,12.1990457915299,1.9600063562393022e-05,1,False,,True,89,0.045865499414503574,0.0792769007384777,12.614014809923587,False,False,False,,2.317955493927002,2.536729574203491,5.426519870758057,1.6610244512557983,,,3.229556083679199,False,0.202364325,0.803824171214,3,1.0,0.5970557928085327,1.1646783351898193,0.20236432552337646,0.12082279473543167,0.23568934202194214,0.20236432552337646,-0.059968847781419754,0.2110629826784134,0.20138925313949585,-0.07951019704341888,0.21651674807071686,0.20138925313949585,-0.07951019704341888,0.21651674807071686,0.20138931274414062,-0.07951021194458008,0.21651680767536163,False,False,1.9206004217267036,dual_command_actual,0.5,2.4153964519500732,7.50003719329834,3.199840784072876,6.463278770446777,2.4304325580596924,3.9966371059417725,0.1492123156785965,-0.04145129397511482,1.0257000103592873,0.0,0.5,0.5,0.0,1.0,768.0037841796875,335.34332275390625,768.0037841796875,335.34332275390625,7.50003719329834,2.899840831756592,7.50003719329834,3.199840784072876,0.0,0.2999999523162842,0.2999999523162842,0.30723142623901367,0.0661848783493042,0.3142794668674469,0.11030810326337814,2.4153964519500732,0.41539645195007324,2.0,1.5,3.0,True,,False,False,-0.20719852024013238,-0.31827236819416405,0.11297778422988289,False,,False,caught
118,1787733841.3925805,5.901297800242901,0.051295400597155094,19.49492524394987,0.051295400597155094,19.49492524394987,0.0012978222221136093,True,False,7275046.328438578,7275046.3335947,5.156122148036957,7275046.378438578,0.0,0.008014200255274773,124.77851415577265,0.05469592195004225,1.0,118,117,-0.1939931466552256,-0.35245089987914247,0.113,-0.1731472321563792,-0.4456054629213988,0.113,-0.16384418030582493,-0.43229899902093366,0.113,-0.1731472321563792,-0.4456054629213988,0.113,7275046.278438578,7275046.328438578,0.05469592195004225,0.049999999813735485,1,True,619,0,2.1613330418772705,11.706211073169607,1.4200255274772478e-05,1,False,,True,90,0.033290800638496876,0.06557279918342829,15.250225893249992,False,False,False,,2.5193448066711426,2.457219362258911,5.71430778503418,1.7736297845840454,,,3.2672746181488037,False,0.202364325,0.803824171214,3,1.0,-1.0,1.4142135381698608,0.20236432552337646,-0.20236432552337646,0.2861863672733307,0.20236432552337646,-0.20236432552337646,0.2861863672733307,0.20217305421829224,-0.178263321518898,0.26953989267349243,0.20217305421829224,-0.178263321518898,0.26953989267349243,0.20217299461364746,-0.17826342582702637,0.2695399224758148,False,False,1.4970991760492325,dual_command_actual,0.5,2.285367965698242,7.800037384033203,3.199840784072876,6.757172584533691,2.4867353439331055,4.048077583312988,0.1919371634721756,-0.10352897644042969,1.0144002735614777,0.5,0.0,0.5,0.0,0.5,798.7238159179688,335.34332275390625,798.7238159179688,335.34332275390625,7.50003719329834,3.199840784072876,7.800037384033203,3.199840784072876,0.3000001907348633,0.0,0.3000001907348633,0.28778791427612305,0.11260533332824707,0.30903372168540955,0.3753511607646942,2.285367965698242,0.2853679656982422,2.0,1.5,3.0,True,,False,False,-0.1994106416940323,-0.3315275465499028,0.11300920626664317,False,,False,caught
119,1787733841.4421868,5.950001999735832,0.048704199492931366,20.532110380853997,0.048704199492931366,20.532110380853997,2.021901309490204e-06,False,False,7275046.378438578,7275046.3821923,3.7537217140197754,7275046.428438578,0.0,0.00800239946693182,124.96251957082161,0.05272722151130438,1.0,119,118,-0.18975239357824797,-0.36720942385941946,0.113,-0.16175138421859855,-0.45409527936410415,0.113,-0.1731472321563792,-0.4456054629213988,0.113,-0.16175138421859855,-0.45409527936410415,0.113,7275046.328438578,7275046.378438578,0.05272722151130438,0.049999999813735485,1,True,625,0,2.1553916852582695,11.275587268835714,2.3994669318197492e-06,1,False,,True,91,0.0034696999937295914,0.06364040076732635,15.713288853350692,False,False,False,,2.72151780128479,2.2789559364318848,5.97174596786499,1.9361335039138794,,,3.2682578563690186,False,0.202364325,0.803824171214,3,1.0,1.0,1.4142135381698608,0.20236432552337646,0.20236432552337646,0.2861863672733307,0.20236432552337646,-0.09640097618103027,0.22415277361869812,0.20232678949832916,-0.1124604120850563,0.23148104548454285,0.20232678949832916,-0.1124604120850563,0.23148104548454285,0.20232677459716797,-0.11246037483215332,0.23148101568222046,False,False,1.4758994802832603,dual_command_actual,0.5,2.222522258758545,8.100037574768066,2.899840831756592,7.035891532897949,2.417987108230591,4.123446941375732,0.20031873881816864,-0.13911795616149902,1.0399995371699333,0.5,-0.5,0.7071067690849304,0.5,0.0,829.4439086914062,303.9033203125,829.4439086914062,303.9033203125,7.800037384033203,3.199840784072876,8.100037574768066,2.899840831756592,0.3000001907348633,-0.2999999523162842,0.42426419258117676,0.25743818283081055,0.16250371932983398,0.30443698167800903,0.858126699924469,2.222522258758545,0.22252225875854492,2.0,1.5,3.0,True,,False,False,-0.19431559784248512,-0.346144093891749,0.11301928429570392,False,,False,caught
120,1787733841.4918,6.000002400018275,0.05000040028244257,19.99983988830477,0.05000040028244257,19.99983988830477,2.4223700165748596e-06,False,False,7275046.428438578,7275046.4319985,3.559921868145466,7275046.478438578,0.0,0.008044200018048286,124.313169458288,0.05079122167080641,1.0,120,119,-0.1829701483598056,-0.38095395364250606,0.113,-0.14055410874599739,-0.44959697784567765,0.113,-0.16175138421859855,-0.45409527936410415,0.113,-0.14055410874599739,-0.44959697784567765,0.113,7275046.378438578,7275046.428438578,0.05079122167080641,0.049999999813735485,1,True,631,0,1.8542582373563956,9.901967019710249,4.420001804828627e-05,1,False,,False,,,,,False,False,False,,2.923844575881958,2.1664955615997314,6.252265930175781,2.1517562866210938,,,3.32845401763916,False,0.202364325,0.803824171214,3,1.0,-0.4980589747428894,1.1171672344207764,0.20236432552337646,-0.10078936815261841,0.22607479989528656,0.20236432552337646,0.12082279473543167,0.23568934202194214,0.2023569643497467,0.07505828142166138,0.21582883596420288,0.2023569643497467,0.07505828142166138,0.21582883596420288,0.20235705375671387,0.0750582218170166,0.21582889556884766,False,False,1.940600574016571,dual_command_actual,0.5,1.9934619665145874,8.100037574768066,3.199840784072876,7.176151752471924,2.6757984161376953,4.099465847015381,0.20196302235126495,-0.12341133505105972,1.2674005702137947,0.0,0.5,0.5,0.5,-0.5,829.4439086914062,335.34332275390625,829.4439086914062,335.34332275390625,8.100037574768066,2.899840831756592,8.100037574768066,3.199840784072876,0.0,0.2999999523162842,0.2999999523162842,0.280519962310791,0.21562278270721436,0.35381442308425903,0.10816225409507751,1.9934619665145874,0.0,2.0,1.5,3.0,True,,False,False,-0.1899379418809401,-0.36377092483555523,0.11314399842616793,False,,False,caught
121,1787733841.5444882,6.053296499885619,0.0532940998673439,18.763803169377717,0.0532940998673439,18.763803169377717,0.0032965224236249924,True,False,7275046.478438578,7275046.4853678,6.929222494363785,7275046.528438577,0.0,0.008004299364984035,124.93285850534834,0.049079922027885914,0.9815984442144574,121,120,-0.17634019133519935,-0.3947876753849008,0.113,-0.14994495369249586,-0.46289097658272504,0.113,-0.14055410874599739,-0.44959697784567765,0.113,-0.14994495369249586,-0.46289097658272504,0.113,7275046.428438578,7275046.478438578,0.049079922027885914,0.049999999813735485,1,True,637,0,1.868279828534223,9.165033133250821,4.299364984035325e-06,1,False,,True,93,0.014583299867808819,0.0651245005428791,15.355204134603422,False,False,False,,3.126201629638672,2.241553783416748,6.508261680603027,2.3095574378967285,,,3.3827435970306396,False,0.202364325,0.803824171214,3,0.8064515590667725,1.0,1.2846649885177612,0.16319702565670013,0.20236432552337646,0.25997036695480347,0.20236432552337646,-0.20236432552337646,0.2861863672733307,0.20236289501190186,-0.1479407250881195,0.2506735026836395,0.20236289501190186,-0.1479407250881195,0.2506735026836395,0.2023630142211914,-0.14794063568115234,0.2506735324859619,False,False,1.5279008075594902,dual_command_actual,0.5,1.8238297700881958,8.40003776550293,3.199840784072876,7.4541497230529785,2.754699230194092,4.16693639755249,0.20228560268878937,-0.0718885287642479,1.000499352812767,0.5,0.0,0.5,0.0,0.5,860.1638793945312,335.34332275390625,860.1638793945312,335.34332275390625,8.100037574768066,3.199840784072876,8.40003776550293,3.199840784072876,0.3000001907348633,0.0,0.3000001907348633,0.2559957504272461,0.15780115127563477,0.30072417855262756,0.526003897190094,1.8238297700881958,0.0,2.0,1.5,3.0,True,,False,False,-0.18476443532584008,-0.37811265234491787,0.1131505708237969,False,,False,caught
122,1787733841.5899372,6.100001599639654,0.04670509975403547,21.410938104539575,0.04670509975403547,21.410938104539575,1.6223639249801636e-06,False,False,7275046.528438577,7275046.5309993,2.560722641646862,7275046.578438577,0.0,0.008002799935638905,124.95626631208104,0.04710082244127989,0.9420164523348825,122,121,-0.1700125485650774,-0.40877760688309217,0.113,-0.1381071755321736,-0.47171002754052277,0.113,-0.14994495369249586,-0.46289097658272504,0.113,-0.1381071755321736,-0.47171002754052277,0.113,7275046.478438578,7275046.528438577,0.04710082244127989,0.049999999813735485,1,True,643,0,1.8668825545137337,8.922192515802756,2.799935638904405e-06,1,False,,False,,,,,False,False,False,,3.3285646438598633,2.0936131477355957,6.784675121307373,2.442014455795288,,,3.4736268520355225,False,0.202364325,0.803824171214,3,1.0,-0.344526469707489,1.057685375213623,0.20236432552337646,-0.06971986591815948,0.21403779089450836,0.20236432552337646,0.20236432552337646,0.2861863672733307,0.20236407220363617,0.13364295661449432,0.24251115322113037,0.20236407220363617,0.13364297151565552,0.24251116812229156,0.2023639678955078,0.13364291191101074,0.24251103401184082,False,False,1.3388004153966904,dual_command_actual,0.5,1.7842917442321777,8.700037956237793,2.899840831756592,7.742356300354004,2.6709275245666504,4.259659290313721,0.20234894752502441,-0.06178092956542969,0.999700278043747,0.5,-0.5,0.7071067690849304,0.5,0.0,890.8838500976562,303.9033203125,890.8838500976562,303.9033203125,8.40003776550293,3.199840784072876,8.700037956237793,2.899840831756592,0.3000001907348633,-0.2999999523162842,0.42426419258117676,0.2764134407043457,0.13245701789855957,0.30651143193244934,0.9213775396347046,1.7842917442321777,0.0,2.0,1.5,3.0,True,,False,False,-0.17802705499739488,-0.39191687892656,0.11309266421601268,False,,False,caught
123,1787733841.641513,6.150003000162542,0.05000140052288771,19.99943980653619,0.05000140052288771,19.99943980653619,3.0230730772018433e-06,False,False,7275046.578438577,7275046.5822424,3.8038231432437897,7275046.628438577,0.0,0.00800309982150793,124.95158404903934,0.05314202234148979,1.0,123,122,-0.15936294448331798,-0.42309672611043136,0.113,-0.11714186490520836,-0.4669856963456354,0.113,-0.1381071755321736,-0.47171002754052277,0.113,-0.11714186490520836,-0.4669856963456354,0.113,7275046.528438577,7275046.578438577,0.05314202234148979,0.049999999813735485,1,True,650,0,2.1031297532385445,8.173192822787891,3.099821507930589e-06,1,False,,False,,,,,False,False,False,,3.530928611755371,2.2272560596466064,7.061215400695801,2.576453924179077,,,3.5475151538848877,True,0.202364325,0.803824171214,3,1.0,1.0,1.4142135381698608,0.20236432552337646,0.20236432552337646,0.2861863672733307,0.20236432552337646,-0.10078936815261841,0.22607479989528656,0.2023642510175705,-0.05479942634701729,0.20965273678302765,0.2023642510175705,-0.05479942262172699,0.20965272188186646,0.20236420631408691,-0.05479931831359863,0.20965264737606049,False,False,2.3509999737143517,dual_command_actual,0.5,1.6704246997833252,8.700037956237793,3.199840784072876,7.880626678466797,2.8881473541259766,4.196524620056152,0.2023613452911377,0.02025349996984005,1.0807998478412628,0.0,0.5,0.5,0.5,-0.5,890.8838500976562,335.34332275390625,890.8838500976562,335.34332275390625,8.700037956237793,2.899840831756592,8.700037956237793,3.199840784072876,0.0,0.2999999523162842,0.2999999523162842,0.27654027938842773,0.13443946838378906,0.3074873983860016,0.23683486878871918,1.6704246997833252,0.0,2.0,1.5,3.0,True,,False,False,-0.17134483702944164,-0.405812719885169,0.11311338304088092,False,,False,caught
124,1787733841.6932166,6.200002999976277,0.049999999813735485,20.000000074505806,0.049999999813735485,20.000000074505806,3.0230730772018433e-06,False,False,7275046.628438577,7275046.6328416,4.403023049235344,7275046.678438577,0.0,0.00807540025562048,123.83287123186246,0.05125562287867069,1.0,124,123,-0.15070461855682005,-0.4357340496393439,0.113,-0.12662129631519692,-0.4802669165730564,0.113,-0.11714186490520836,-0.4669856963456354,0.113,-0.12662129631519692,-0.4802669165730564,0.113,7275046.578438577,7275046.628438577,0.05125562287867069,0.049999999813735485,1,True,656,0,1.8661837232911298,6.91365300576202,7.540025562047942e-05,1,False,,True,94,0.042347900569438934,0.027303699404001236,36.625073591802526,False,False,False,,3.733292818069458,2.172456741333008,7.397019863128662,2.6973206996917725,,,3.701131820678711,True,0.202364325,0.803824171214,3,1.0,-0.22646105289459229,1.0253217220306396,0.20236432552337646,-0.04582763835787773,0.2074885368347168,0.16319702565670013,0.20236432552337646,0.25997036695480347,0.17088067531585693,0.1519150286912918,0.22864465415477753,0.17088067531585693,0.1519150286912918,0.22864465415477753,0.17088055610656738,0.1519150733947754,0.22864460945129395,False,False,1.7807995900511742,dual_command_actual,0.5,1.3965610265731812,8.700037956237793,3.49984073638916,8.048528671264648,3.098580837249756,4.220973014831543,0.2023637294769287,-0.02303234674036503,1.2908000499010086,0.0,0.5,0.5,0.0,0.5,890.8838500976562,366.7832946777344,890.8838500976562,366.7832946777344,8.700037956237793,3.199840784072876,8.700037956237793,3.49984073638916,0.0,0.2999999523162842,0.2999999523162842,0.33580446243286133,0.12086677551269531,0.3568941056728363,0.40288931131362915,1.3965610265731812,0.0,2.0,1.5,3.0,True,,False,False,-0.16193365150663036,-0.4208287872410928,0.1130783629952831,False,,False,caught
125,1787733841.7438517,6.251629100181162,0.051626100204885006,19.37004724415301,0.051626100204885006,19.37004724415301,0.0016291234642267227,True,False,7275046.678438577,7275046.6838372,5.398622713983059,7275046.728438577,0.0,0.008722299709916115,114.64866299688495,0.050025722943246365,1.0,125,124,-0.14564445384685368,-0.45019160530284186,0.113,-0.1357551861230397,-0.49306401344778367,0.113,-0.12662129631519692,-0.4802669165730564,0.113,-0.1357551861230397,-0.49306401344778367,0.113,7275046.628438577,7275046.678438577,0.050025722943246365,0.049999999813735485,1,True,662,0,1.848796484275017,6.228806250342742,0.0007222997099161146,1,False,,True,96,0.001992899924516678,0.06307830009609461,15.853312446222903,False,False,False,,3.9041733741760254,2.324371814727783,7.695269584655762,2.7817394733428955,,,3.8185856342315674,True,0.202364325,0.803824171214,3,1.0,-0.36549586057662964,1.0647004842758179,0.20236432552337646,-0.07396332174539566,0.21545740962028503,0.20236432552337646,-0.06971986591815948,0.21403779089450836,0.19618797302246094,-0.026240449398756027,0.1979350447654724,0.19618797302246094,-0.026240453124046326,0.1979350447654724,0.19618797302246094,-0.02624034881591797,0.19793502986431122,False,False,1.5628999099135399,dual_command_actual,0.5,1.235001564025879,9.000038146972656,3.49984073638916,8.347654342651367,3.1407899856567383,4.315443992614746,0.1918695718050003,0.0769195556640625,0.9960997849702835,0.5,0.0,0.5,0.0,0.5,921.6038818359375,366.7832946777344,921.6038818359375,366.7832946777344,8.700037956237793,3.49984073638916,9.000038146972656,3.49984073638916,0.3000001907348633,0.0,0.3000001907348633,0.2982497215270996,0.08441877365112305,0.3099668323993683,0.28139594197273254,1.235001564025879,0.0,2.0,1.5,3.0,True,,False,False,-0.15286482158860315,-0.43317193398083975,0.11304383824459294,False,,False,caught
126,1787733841.791452,6.300001200288534,0.04837210010737181,20.673073895495435,0.04837210010737181,20.673073895495435,1.2237578630447388e-06,False,False,7275046.728438577,7275046.7321863,3.747723065316677,7275046.7784385765,0.0,0.008019800297915936,124.69138418070895,0.04806882329285145,0.9613764694384354,126,125,-0.14055192835332872,-0.46466055466428136,0.113,-0.12389896649880904,-0.5019228249289983,0.113,-0.1357551861230397,-0.49306401344778367,0.113,-0.12389896649880904,-0.5019228249289983,0.113,7275046.678438577,7275046.728438577,0.04806882329285145,0.049999999813735485,1,True,668,0,1.861864857483377,5.932509278537937,1.980029791593535e-05,1,False,,True,97,0.017376900650560856,0.028965899720788002,34.52335365513706,False,False,False,,4.100361347198486,2.2981314659118652,7.973636627197266,2.90901255607605,,,3.9211525917053223,True,0.202364325,0.803824171214,3,1.0,1.0,1.4142135381698608,0.20236432552337646,0.20236432552337646,0.2861863672733307,0.20236432552337646,0.20236432552337646,0.2861863672733307,0.20115268230438232,0.15751761198043823,0.25548815727233887,0.20115268230438232,0.15751761198043823,0.25548815727233887,0.20115280151367188,0.157517671585083,0.2554883062839508,False,False,1.4888998121023178,dual_command_actual,0.5,1.1843048334121704,9.000038146972656,3.7998406887054443,8.486837387084961,3.354426622390747,4.321852207183838,0.18981091678142548,0.02362513542175293,1.0033007711172104,0.0,0.5,0.5,0.5,0.0,921.6038818359375,398.22332763671875,921.6038818359375,398.22332763671875,9.000038146972656,3.49984073638916,9.000038146972656,3.7998406887054443,0.0,0.2999999523162842,0.2999999523162842,0.2783670425415039,0.1272730827331543,0.30608275532722473,0.9278895854949951,1.1843048334121704,0.0,2.0,1.5,3.0,True,,False,False,-0.14588396596539233,-0.4468217838638679,0.11304130359566297,False,,False,caught
127,1787733841.8420603,6.35000229999423,0.050001099705696106,19.999560127396165,0.050001099705696106,19.999560127396165,2.323649823665619e-06,False,False,7275046.7784385765,7275046.7820887,3.650123253464699,7275046.828438576,0.0,0.008008500561118126,124.86731971463864,0.04610742349177599,0.9221484732707905,127,126,-0.13678748900575155,-0.4794901619495117,0.113,-0.13332171567638468,-0.5150552609947171,0.113,-0.12389896649880904,-0.5019228249289983,0.113,-0.13332171567638468,-0.5150552609947171,0.113,7275046.728438577,7275046.7784385765,0.04610742349177599,0.049999999813735485,1,True,674,0,1.8595112462522494,5.423108105601758,8.500561118125749e-06,1,False,,False,,,,,False,False,False,,4.301514148712158,2.4556491374969482,8.22891616821289,3.0720484256744385,,,3.9754791259765625,True,0.202364325,0.803824171214,3,1.0,0.9756682515144348,1.3971143960952759,0.20236432552337646,0.19744044542312622,0.28272610902786255,0.20236432552337646,-0.04582763835787773,0.2074885368347168,0.2021266520023346,-0.0059362053871154785,0.2022138088941574,0.2021266520023346,-0.0059362053871154785,0.2022138088941574,0.20212650299072266,-0.005936145782470703,0.20221365988254547,False,False,2.273600548505783,dual_command_actual,0.5,1.0603351593017578,9.30003833770752,3.7998406887054443,8.764476776123047,3.4359445571899414,4.364412307739258,0.1894071102142334,0.09439746290445328,1.02199986577034,0.5,0.0,0.5,0.0,0.5,952.323974609375,398.22332763671875,952.323974609375,398.22332763671875,9.000038146972656,3.7998406887054443,9.30003833770752,3.7998406887054443,0.3000001907348633,0.0,0.3000001907348633,0.255279541015625,0.16303586959838867,0.30289989709854126,0.5434529781341553,1.0603351593017578,0.0,2.0,1.5,3.0,True,,False,False,-0.1409084803308568,-0.46135750829297223,0.11305009355499276,False,,False,caught
128,1787733841.8966994,6.4034864995628595,0.053484199568629265,18.69711069933525,0.053484199568629265,18.69711069933525,0.0034865234047174454,True,False,7275046.828438576,7275046.8366126,8.17402359098196,7275046.878438576,0.0,0.008013499900698662,124.78941940372576,0.05214332323521376,1.0,128,127,-0.13224841567695428,-0.49675626604112894,0.113,-0.12147888667099184,-0.5239308097322202,0.113,-0.13332171567638468,-0.5150552609947171,0.113,-0.12147888667099184,-0.5239308097322202,0.113,7275046.7784385765,7275046.828438576,0.05214332323521376,0.049999999813735485,1,True,681,0,1.8531842966755518,4.762653986446996,1.3499900698661638e-05,1,False,,True,98,0.03973349928855896,0.03264619968831539,30.63143672302894,False,False,False,,4.503640651702881,2.4497129917144775,8.510712623596191,3.281787872314453,,,4.092551231384277,True,0.202364325,0.803824171214,3,1.0,0.7901610136032104,1.2745015621185303,0.20236432552337646,0.15990039706230164,0.25791364908218384,0.20236432552337646,-0.07396332174539566,0.21545740962028503,0.20231766998767853,-0.06061803549528122,0.2112036496400833,0.20231766998767853,-0.06061803549528122,0.2112036496400833,0.2023177146911621,-0.060617923736572266,0.2112036794424057,False,False,1.8905000761151314,dual_command_actual,0.5,0.9441471099853516,9.30003833770752,4.0998406410217285,8.905375480651855,3.690814256668091,4.369718074798584,0.19982242584228516,0.041780393570661545,1.0423995554447174,0.0,0.5,0.5,0.5,0.0,952.323974609375,429.66326904296875,952.323974609375,429.66326904296875,9.30003833770752,3.7998406887054443,9.30003833770752,4.0998406410217285,0.0,0.2999999523162842,0.2999999523162842,0.2817964553833008,0.20973944664001465,0.3512831926345825,0.9393209218978882,0.9441471099853516,0.0,2.0,1.5,3.0,True,,False,False,-0.1363379195927751,-0.4786817131623008,0.1131252984334197,False,,False,caught
129,1787733841.9412172,6.450001600198448,0.04651510063558817,21.498394851045674,0.04651510063558817,21.498394851045674,1.6242265701293945e-06,False,False,7275046.878438576,7275046.8821101,3.671524114906788,7275046.928438576,0.0,0.008127200417220592,123.04360033759181,0.050292124040424824,1.0,129,128,-0.13021547212950166,-0.5118956205695666,0.113,-0.1306015680543202,-0.5365781648175852,0.113,-0.12147888667099184,-0.5239308097322202,0.113,-0.1306015680543202,-0.5365781648175852,0.113,7275046.828438576,7275046.878438576,0.050292124040424824,0.049999999813735485,1,True,687,0,1.8361947331441457,4.290178101655818,0.00012720041722059233,1,False,,True,99,0.023026700131595135,0.08136020042002201,12.291021836690424,False,False,False,,4.705958366394043,2.3890950679779053,8.745915412902832,3.471156120300293,,,4.182356834411621,True,0.202364325,0.803824171214,3,1.0,-0.6895765662193298,1.2147080898284912,0.20236432552337646,-0.13954569399356842,0.24581359326839447,0.20236432552337646,0.20236432552337646,0.2861863672733307,0.20235517621040344,0.1507735699415207,0.25234952569007874,0.20235517621040344,0.1507735699415207,0.25234952569007874,0.20235538482666016,0.1507735252380371,0.2523496747016907,False,False,1.414700411260128,dual_command_actual,0.5,0.8380312919616699,9.30003833770752,4.399840831756592,9.022976875305176,3.9354984760284424,4.385543346405029,0.20186567306518555,0.03032120130956173,1.0261991992592812,0.0,0.5,0.5,0.0,0.5,952.323974609375,461.10333251953125,952.323974609375,461.10333251953125,9.30003833770752,4.0998406410217285,9.30003833770752,4.399840831756592,0.0,0.3000001907348633,0.3000001907348633,0.23520278930664062,0.18936824798583984,0.30196139216423035,0.6312275528907776,0.8380312919616699,0.0,2.0,1.5,3.0,True,,False,False,-0.1329688430932346,-0.493742087336041,0.11317114110547882,False,,False,caught
130,1787733841.9917793,6.500001600012183,0.049999999813735485,20.000000074505806,0.049999999813735485,20.000000074505806,1.6242265701293945e-06,False,False,7275046.928438576,7275046.9320577,3.6191241815686226,7275046.978438576,0.0,0.008022899739444256,124.64321286274354,0.048357823863625526,0.9671564808754491,130,129,-0.13305903333526714,-0.5269471348491365,0.113,-0.13996823877224324,-0.549563777880183,0.113,-0.1306015680543202,-0.5365781648175852,0.113,-0.13996823877224324,-0.549563777880183,0.113,7275046.878438576,7275046.928438576,0.048357823863625526,0.049999999813735485,1,True,693,0,1.8433720935071722,4.197741177179089,2.2899739444255662e-05,1,False,,True,100,0.00868029985576868,0.06298269983381033,15.87737589272381,False,False,False,,4.908313751220703,2.5398685932159424,8.970250129699707,3.6667885780334473,,,4.215362071990967,True,0.202364325,0.803824171214,3,1.0,1.0,1.4142135381698608,0.20236432552337646,0.20236432552337646,0.2861863672733307,0.20236432552337646,0.19744044542312622,0.28272610902786255,0.2023625671863556,0.18828552961349487,0.27640920877456665,0.2023625671863556,0.18828552961349487,0.27640920877456665,0.2023625373840332,0.18828558921813965,0.27640923857688904,False,False,1.427999697625637,dual_command_actual,0.5,0.8038195371627808,9.600038528442383,4.399840831756592,9.285144805908203,4.0333147048950195,4.424285888671875,0.20226652920246124,0.028073152527213097,1.0013999417424202,0.5,0.0,0.5,0.0,0.5,983.0439453125,461.10333251953125,983.0439453125,461.10333251953125,9.30003833770752,4.399840831756592,9.600038528442383,4.399840831756592,0.3000001907348633,0.0,0.3000001907348633,0.224334716796875,0.1956324577331543,0.2976543605327606,0.6521077752113342,0.8038195371627808,0.0,2.0,1.5,3.0,True,,False,False,-0.1302225936119391,-0.5087336387273825,0.11315885915422946,False,,False,caught
131,1787733842.0424058,6.550003699958324,0.05000209994614124,19.999160056820212,0.05000209994614124,19.999160056820212,3.7243589758872986e-06,False,False,7275046.978438576,7275046.9819088,3.4702243283391,7275047.028438576,0.0,0.008015399798750877,124.75984044561824,0.046391324140131474,0.9278264862590525,131,130,-0.1328902826222661,-0.5421117940806605,0.113,-0.12818187838037942,-0.5584491456665738,0.113,-0.13996823877224324,-0.549563777880183,0.113,-0.12818187838037942,-0.5584491456665738,0.113,7275046.928438576,7275046.978438576,0.046391324140131474,0.049999999813735485,1,True,699,0,1.827004418899672,3.4595491530627305,1.5399798750877214e-05,1,False,,False,,,,,False,False,False,,5.110676288604736,2.728154182434082,9.141664505004883,3.9046144485473633,,,4.199157238006592,True,0.202364325,0.803824171214,3,1.0,1.0,1.4142135381698608,0.20236432552337646,0.20236432552337646,0.2861863672733307,0.20236432552337646,0.15990039706230164,0.25791364908218384,0.2023639678955078,0.16546890139579773,0.2614022493362427,0.2023639678955078,0.16546890139579773,0.2614022493362427,0.2023639678955078,0.16546893119812012,0.2614022493362427,False,False,2.0575998350977898,dual_command_actual,0.5,0.6748006343841553,9.900038719177246,4.699841022491455,9.520851135253906,4.302227973937988,4.4563798904418945,0.20234520733356476,0.09281373023986816,1.0481001809239388,0.5,0.5,0.7071067690849304,0.5,0.0,1013.763916015625,492.5433654785156,1013.763916015625,492.5433654785156,9.600038528442383,4.399840831756592,9.900038719177246,4.699841022491455,0.3000001907348633,0.3000001907348633,0.4242643415927887,0.17141437530517578,0.23782587051391602,0.29316213726997375,0.5713809132575989,0.6748006343841553,0.0,2.0,1.5,3.0,True,,False,False,-0.13084909381894344,-0.5239571723492337,0.11319435206685095,False,,False,caught
132,1787733842.0929925,6.600772500038147,0.05076880007982254,19.69713679322191,0.05076880007982254,19.69713679322191,0.0007725246250629425,False,False,7275047.028438576,7275047.0330282,4.58962470293045,7275047.078438575,0.0,0.008006599731743336,124.89696419259649,0.05241432413458824,1.0,132,131,-0.12922420823680325,-0.5596431367730489,0.113,-0.12585612119718942,-0.5795695266655136,0.113,-0.12818187838037942,-0.5584491456665738,0.113,-0.12585612119718942,-0.5795695266655136,0.113,7275046.978438576,7275047.028438576,0.05241432413458824,0.049999999813735485,1,True,706,0,1.8401176908873964,3.8609369254224686,6.599731743335557e-06,1,False,,True,101,0.028866199776530266,0.06434740033000708,15.540643365100653,False,False,False,,5.313040256500244,2.893623113632202,9.32570743560791,4.189777851104736,,,4.216813564300537,True,0.202364325,0.803824171214,3,0.8464481830596924,1.0,1.310142993927002,0.17129091918468475,0.20236432552337646,0.26512619853019714,0.20236432552337646,-0.13954569399356842,0.24581359326839447,0.2023642510175705,-0.07970920205116272,0.21749676764011383,0.2023642510175705,-0.07970920205116272,0.21749676764011383,0.20236444473266602,-0.07970929145812988,0.21749699115753174,False,False,1.4356998726725578,dual_command_actual,0.5,0.7681281566619873,10.20003890991211,4.999841213226318,9.762872695922852,4.594809532165527,4.412077903747559,0.2023606300354004,0.16817601025104523,1.2400001287460327,0.5,0.5,0.7071067690849304,0.5,0.5,1044.4840087890625,523.9833374023438,1044.4840087890625,523.9833374023438,9.900038719177246,4.699841022491455,10.20003890991211,4.999841213226318,0.3000001907348633,0.3000001907348633,0.4242643415927887,0.18404293060302734,0.28516340255737305,0.33939647674560547,0.7820101380348206,0.7681281566619873,0.0,2.0,1.5,3.0,True,,False,False,-0.13243601658567863,-0.541525460619117,0.11319341546737102,False,,False,caught
133,1787733842.1415353,6.650001299567521,0.049228799529373646,20.313312726696168,0.049228799529373646,20.313312726696168,1.3243407011032104e-06,False,False,7275047.078438575,7275047.0820699,3.6313245072960854,7275047.128438575,0.0,0.008002500049769878,124.96094892604921,0.05046462453901768,1.0,133,132,-0.1269200936890339,-0.5748290842353122,0.113,-0.12315675041338024,-0.6009209184401479,0.113,-0.12585612119718942,-0.5795695266655136,0.113,-0.12315675041338024,-0.6009209184401479,0.113,7275047.028438576,7275047.078438575,0.05046462453901768,0.049999999813735485,1,True,712,0,1.8810094211805246,4.515360386627432,2.500049769878221e-06,1,False,,True,102,0.014590700156986713,0.0808283993974328,12.371889180719828,False,False,False,,5.51540470123291,2.8139138221740723,9.533674240112305,4.3961358070373535,,,4.318554878234863,True,0.202364325,0.803824171214,3,1.0,0.34929513931274414,1.0592483282089233,0.20236432552337646,0.07068487256765366,0.21435408294200897,0.20236432552337646,0.20236432552337646,0.2861863672733307,0.20236435532569885,0.14702829718589783,0.2501372694969177,0.20236435532569885,0.14702829718589783,0.2501372694969177,0.20236444473266602,0.14702820777893066,0.2501372992992401,False,False,1.4271000400185585,dual_command_actual,0.5,0.8991674184799194,10.20003890991211,4.999841213226318,9.866856575012207,4.697988510131836,4.499895095825195,0.20236365497112274,0.09134840965270996,1.022600568830967,0.0,0.0,0.0,0.5,0.5,1044.4840087890625,523.9833374023438,1044.4840087890625,523.9833374023438,10.20003890991211,4.999841213226318,10.20003890991211,4.999841213226318,0.0,0.0,0.0,0.20796680450439453,0.2063579559326172,0.292974054813385,0.6905408501625061,0.8991674184799194,0.0,2.0,1.5,3.0,True,,False,False,-0.13066807605183636,-0.5563966536695554,0.11313332630522216,False,,False,caught
134,1787733842.1911175,6.700002099387348,0.05000079981982708,19.99968007718678,0.05000079981982708,19.99968007718678,2.1243467926979065e-06,False,False,7275047.128438575,7275047.1320598,3.621225245296955,7275047.178438575,0.0,0.008018900640308857,124.70537357368777,0.04852832481265068,0.9705664998686556,134,133,-0.12472734255636901,-0.590031763027887,0.113,-0.12315675041338024,-0.6009209184401479,0.113,-0.12315675041338024,-0.6009209184401479,0.113,-0.12315675041338024,-0.6009209184401479,0.113,7275047.078438575,7275047.128438575,0.04852832481265068,0.049999999813735485,1,True,718,0,1.880893925245064,2.9808486091746267,1.8900640308856798e-05,1,False,,True,103,0.0005204994231462479,0.06326350010931492,15.806902847172061,False,False,False,,5.717769145965576,2.960942029953003,9.761894226074219,4.594215393066406,,,4.361482620239258,True,0.202364325,0.803824171214,3,1.0,1.0,1.4142135381698608,0.20236432552337646,0.20236432552337646,0.2861863672733307,0.20236432552337646,0.20236432552337646,0.2861863672733307,0.20236435532569885,0.1915087103843689,0.2786160707473755,0.20236435532569885,0.1915087103843689,0.2786160707473755,0.20236444473266602,0.19150876998901367,0.27861618995666504,False,False,1.4184005558490753,dual_command_actual,0.5,0.597078800201416,10.20003890991211,5.299841403961182,9.980966567993164,4.947028160095215,4.478626251220703,0.20236428081989288,0.07759594917297363,1.0136999189853668,0.0,0.5,0.5,0.0,0.0,1044.4840087890625,555.4234008789062,1044.4840087890625,555.4234008789062,10.20003890991211,4.999841213226318,10.20003890991211,5.299841403961182,0.0,0.3000001907348633,0.3000001907348633,0.22821998596191406,0.19807958602905273,0.3021917939186096,,0.597078800201416,0.0,2.0,1.5,3.0,True,,False,False,-0.12786056923847047,-0.5714863789141443,0.11316677660114229,False,,False,caught
135,1787733842.24477,6.752533399499953,0.052531300112605095,19.03626976405341,0.052531300112605095,19.03626976405341,0.0025334246456623077,True,False,7275047.178438575,7275047.1839386,5.500025115907192,7275047.228438575,0.0,0.008005799725651741,124.90944493600749,0.05456072464585304,1.0,135,134,-0.12931597300342781,-0.6071035866618516,0.113,-0.13250570535842085,-0.6136802551558334,0.113,-0.12315675041338024,-0.6009209184401479,0.113,-0.13250570535842085,-0.6136802551558334,0.113,7275047.128438575,7275047.178438575,0.05456072464585304,0.049999999813735485,1,True,725,0,1.8337377580183662,2.5521174408552265,5.799725651740861e-06,1,False,,False,,,,,False,False,False,,5.920133590698242,3.1524507999420166,10.022189140319824,4.834177494049072,,,4.433403491973877,True,0.202364325,0.803824171214,3,1.0,1.0,1.4142135381698608,0.20236432552337646,0.20236432552337646,0.2861863672733307,0.17129091918468475,0.20236432552337646,0.26512619853019714,0.1773868054151535,0.20023472607135773,0.26750704646110535,0.1773868054151535,0.20023472607135773,0.26750704646110535,0.17738676071166992,0.20023465156555176,0.26750698685646057,False,False,1.6132006421685219,dual_command_actual,0.5,0.49847108125686646,10.500039100646973,5.299841403961182,10.261114120483398,5.067009449005127,4.522983551025391,0.20236444473266602,0.08627589792013168,1.0724002495408058,0.5,0.0,0.5,0.0,0.5,1075.2039794921875,555.4234008789062,1075.2039794921875,555.4234008789062,10.20003890991211,5.299841403961182,10.500039100646973,5.299841403961182,0.3000001907348633,0.0,0.3000001907348633,0.26029491424560547,0.23996210098266602,0.3540271818637848,0.7998731732368469,0.49847108125686646,0.0,2.0,1.5,3.0,True,,False,False,-0.12509499264397914,-0.5892589613270458,0.11310994536724267,False,,False,caught
136,1787733842.2912717,6.800001599825919,0.04746820032596588,21.06673505911248,0.04746820032596588,21.06673505911248,1.62515789270401e-06,False,False,7275047.228438575,7275047.2319221,3.483525477349758,7275047.278438575,0.0,0.008002799935638905,124.95626631208104,0.05258012469857931,1.0,136,135,-0.12289218429272404,-0.6204012645308262,0.113,-0.12075719588062567,-0.622614002619005,0.113,-0.13250570535842085,-0.6136802551558334,0.113,-0.12075719588062567,-0.622614002619005,0.113,7275047.178438575,7275047.228438575,0.05258012469857931,0.049999999813735485,1,True,731,0,1.6513045887261906,1.9193636485866423,2.799935638904405e-06,1,False,,True,104,0.019626599736511707,0.06406990066170692,15.607953027429565,False,False,False,,6.097520351409912,3.3526854515075684,10.182731628417969,5.079015254974365,,,4.434993267059326,True,0.202364325,0.803824171214,3,1.0,1.0,1.4142135381698608,0.20236432552337646,0.20236432552337646,0.2861863672733307,0.20236432552337646,0.07068487256765366,0.21435408294200897,0.19746433198451996,0.09609940648078918,0.21960705518722534,0.19746433198451996,0.09609940648078918,0.21960705518722534,0.1974644660949707,0.0960993766784668,0.2196071594953537,False,False,1.4631999656558037,dual_command_actual,0.5,0.3865853250026703,10.500039100646973,5.599841594696045,10.341384887695312,5.339428424835205,4.434737205505371,0.19403855502605438,0.17959053814411163,1.0147998109459877,0.0,0.5,0.5,0.5,0.0,1075.2039794921875,586.8634033203125,1075.2039794921875,586.8634033203125,10.500039100646973,5.299841403961182,10.500039100646973,5.599841594696045,0.0,0.3000001907348633,0.3000001907348633,0.16054248809814453,0.24483776092529297,0.29277878999710083,0.5351412892341614,0.3865853250026703,0.0,2.0,1.5,3.0,True,,False,False,-0.12636226738980022,-0.6042575921980686,0.11314509096029907,False,,False,caught
137,1787733842.3418965,6.850002199411392,0.05000059958547354,19.99976016868657,0.05000059958547354,19.99976016868657,2.224929630756378e-06,False,False,7275047.278438575,7275047.2821835,3.744925372302532,7275047.328438574,0.0,0.008001400157809258,124.9781263625484,0.05062612518668175,1.0,137,136,-0.12913325089624803,-0.6339677506307453,0.113,-0.12980847359333647,-0.6349018115576808,0.113,-0.12075719588062567,-0.622614002619005,0.113,-0.12980847359333647,-0.6349018115576808,0.113,7275047.228438575,7275047.278438575,0.05062612518668175,0.049999999813735485,1,True,737,0,1.6158363863394147,1.7216625350977925,1.4001578092573408e-06,1,False,,True,105,0.007419999688863754,0.08112799935042858,12.326200670628484,False,False,False,,6.294984817504883,3.448784828186035,10.359739303588867,5.2866315841674805,,,4.460931301116943,True,0.202364325,0.803824171214,3,1.0,1.0,1.4142135381698608,0.20236432552337646,0.20236432552337646,0.2861863672733307,0.20236432552337646,0.20236432552337646,0.2861863672733307,0.20140309631824493,0.18151772022247314,0.27113077044487,0.20140309631824493,0.18151772022247314,0.27113077044487,0.20140314102172852,0.1815176010131836,0.2711307108402252,False,False,1.497100107371807,dual_command_actual,0.5,0.3431975245475769,10.800039291381836,5.899841785430908,10.579889297485352,5.593236923217773,4.488624572753906,0.19240522384643555,0.16261427104473114,0.9970003738999367,0.5,0.5,0.7071067690849304,0.0,0.5,1105.9239501953125,618.3034057617188,1105.9239501953125,618.3034057617188,10.500039100646973,5.599841594696045,10.800039291381836,5.899841785430908,0.3000001907348633,0.3000001907348633,0.4242643415927887,0.17700767517089844,0.20761632919311523,0.2728300988674164,0.6920539736747742,0.3431975245475769,0.0,2.0,1.5,3.0,True,,False,False,-0.12584770052474004,-0.6181475225228067,0.11313514477760969,False,,False,caught
138,1787733842.3966177,6.904367399401963,0.054365199990570545,18.39411977098303,0.054365199990570545,18.39411977098303,0.0043674251064658165,True,False,7275047.328438574,7275047.3369124,8.473825640976429,7275047.378438574,0.0,0.00800309982150793,124.95158404903934,0.056666125543415546,1.0,138,137,-0.1281779174692315,-0.6518361249325426,0.113,-0.12778696409031187,-0.6561723533845314,0.113,-0.12980847359333647,-0.6349018115576808,0.113,-0.12778696409031187,-0.6561723533845314,0.113,7275047.278438575,7275047.328438574,0.056666125543415546,0.049999999813735485,1,True,744,0,1.7965412825331797,2.2272736243291265,3.099821507930589e-06,1,False,,False,,,,,False,False,False,,6.496387958526611,3.6303024291992188,10.534690856933594,5.541775703430176,,,4.467843055725098,True,0.202364325,0.803824171214,3,1.0,0.037848591804504395,1.000715970993042,0.20236432552337646,0.0076592047698795795,0.20250920951366425,0.20236432552337646,0.20236432552337646,0.2861863672733307,0.20217576622962952,0.19827470183372498,0.28317469358444214,0.20217576622962952,0.19827470183372498,0.28317469358444214,0.20217561721801758,0.1982746124267578,0.2831745147705078,False,False,2.1297000348567963,dual_command_actual,0.5,0.4456692934036255,11.1000394821167,5.599841594696045,10.817365646362305,5.570808410644531,4.47154426574707,0.19208478927612305,0.15928387641906738,1.554800197482109,0.5,-0.5,0.7071067690849304,0.5,0.5,1136.64404296875,586.8634033203125,1136.64404296875,586.8634033203125,10.800039291381836,5.899841785430908,11.1000394821167,5.599841594696045,0.3000001907348633,-0.3000001907348633,0.4242643415927887,0.17495155334472656,0.2551441192626953,0.30936476588249207,0.7168256640434265,0.4456692934036255,0.0,2.0,1.5,3.0,True,,False,False,-0.1268672221738446,-0.633918729288413,0.11307119802645457,False,,False,caught
139,1787733842.4410765,6.950001699849963,0.04563430044800043,21.913341284577907,0.04563430044800043,21.913341284577907,1.7257407307624817e-06,False,False,7275047.378438574,7275047.3818163,3.3777253702282906,7275047.428438574,0.0,0.00800039991736412,124.9937516035409,0.04699102509766817,0.9398205054544676,139,138,-0.11570423133227183,-0.6533365912935584,0.113,-0.10668422538768607,-0.6525354489072552,0.113,-0.12778696409031187,-0.6561723533845314,0.113,-0.10668422538768607,-0.6525354489072552,0.113,7275047.328438574,7275047.378438574,0.04699102509766817,0.049999999813735485,1,True,749,0,1.4440153491507686,2.2325464549486957,3.9991736412031686e-07,1,False,,True,106,0.02728470042347908,0.061972999945282936,16.136059265856385,False,False,False,,6.698563575744629,3.8285770416259766,10.660133361816406,5.735114097595215,,,4.3964667320251465,True,0.202364325,0.803824171214,3,1.0,1.0,1.4142135381698608,0.20236432552337646,0.20236432552337646,0.2861863672733307,0.20236432552337646,0.20236432552337646,0.2861863672733307,0.20232731103897095,0.20156201720237732,0.2855933904647827,0.20232731103897095,0.20156201720237732,0.2855933904647827,0.20232725143432617,0.20156192779541016,0.28559330105781555,False,False,1.3959994539618492,dual_command_actual,0.5,0.46023479104042053,11.400039672851562,5.599841594696045,11.030086517333984,5.667477607727051,4.459810733795166,0.20034773647785187,0.15863053500652313,0.994599424302578,0.5,0.0,0.5,0.5,-0.5,1167.364013671875,586.8634033203125,1167.364013671875,586.8634033203125,11.1000394821167,5.599841594696045,11.400039672851562,5.599841594696045,0.3000001907348633,0.0,0.3000001907348633,0.1254425048828125,0.19333839416503906,0.23046812415122986,-0.11315974593162537,0.46023479104042053,0.0,2.0,1.5,3.0,True,,False,False,-0.12791367123870961,-0.6456273231566797,0.11312163397178994,False,,False,caught
140,1787733842.4916852,7.00000249966979,0.05000079981982708,19.99968007718678,0.05000079981982708,19.99968007718678,2.5257468223571777e-06,False,False,7275047.428438574,7275047.4321549,3.71632631868124,7275047.478438574,0.0,0.008002500049769878,124.96094892604921,0.053036426194012165,1.0,140,139,-0.09902999209339308,-0.6590741760904154,0.113,-0.09488663816201101,-0.6615318224493231,0.113,-0.10668422538768607,-0.6525354489072552,0.113,-0.09488663816201101,-0.6615318224493231,0.113,7275047.378438574,7275047.428438574,0.053036426194012165,0.049999999813735485,1,True,756,0,2.0717650078313743,2.5313382281580195,2.500049769878221e-06,1,False,,True,107,0.013202499598264694,0.08037190046161413,12.44215943951211,False,False,False,,6.900890827178955,4.030138969421387,10.915935516357422,5.778901100158691,,,4.379355430603027,True,0.202364325,0.803824171214,3,1.0,1.0,1.4142135381698608,0.20236432552337646,0.20236432552337646,0.2861863672733307,0.20236432552337646,0.20236432552337646,0.2861863672733307,0.20235705375671387,0.20220690965652466,0.28606995940208435,0.20235705375671387,0.20220690965652466,0.28606995940208435,0.20235681533813477,0.20220708847045898,0.2860698997974396,False,False,1.4578001573681831,dual_command_actual,0.5,0.5161580443382263,11.700039863586426,5.599841594696045,11.307987213134766,5.689371109008789,4.453160285949707,0.20196866989135742,0.1937847137451172,1.0403003543615341,0.5,0.0,0.5,0.5,0.0,1198.0841064453125,586.8634033203125,1198.0841064453125,586.8634033203125,11.400039672851562,5.599841594696045,11.700039863586426,5.599841594696045,0.3000001907348633,0.0,0.3000001907348633,0.2558021545410156,0.04378700256347656,0.2595227062702179,0.8526732921600342,0.5161580443382263,0.0,2.0,1.5,3.0,True,,False,False,-0.11934313260598432,-0.6550032427227717,0.11284236498046865,False,,False,caught
141,1787733842.541286,7.050002499483526,0.049999999813735485,20.000000074505806,0.049999999813735485,20.000000074505806,2.5257468223571777e-06,False,False,7275047.478438574,7275047.4819074,3.468826413154602,7275047.528438574,0.0,0.008021200075745583,124.66962431516814,0.05109632574021816,1.0,141,140,-0.08651514063208146,-0.6679743078773496,0.113,-0.0830579428963839,-0.6705519177526477,0.113,-0.09488663816201101,-0.6615318224493231,0.113,-0.0830579428963839,-0.6705519177526477,0.113,7275047.428438574,7275047.478438574,0.05109632574021816,0.049999999813735485,1,True,762,0,2.0359340098175327,2.461220235190649,2.1200075745582414e-05,1,False,,False,,,,,False,False,False,,7.10324764251709,4.232346057891846,11.20360279083252,5.66849946975708,,,4.344588279724121,True,0.202364325,0.803824171214,3,1.0,1.0,1.4142135381698608,0.20236432552337646,0.20236432552337646,0.2861863672733307,0.20236432552337646,0.0076592047698795795,0.20250920951366425,0.20236285030841827,0.045824795961380005,0.20748646557331085,0.20236285030841827,0.045824795961380005,0.20748646557331085,0.2023630142211914,0.04582500457763672,0.20748667418956757,False,False,1.3533998280763626,dual_command_actual,0.5,0.5011622905731201,12.000040054321289,5.599841594696045,11.601821899414062,5.6341705322265625,4.439025402069092,0.20228655636310577,0.20068120956420898,1.8814997747540474,0.5,0.0,0.5,0.5,0.0,1228.80419921875,586.8634033203125,1228.80419921875,586.8634033203125,11.700039863586426,5.599841594696045,12.000040054321289,5.599841594696045,0.3000001907348633,0.0,0.3000001907348633,0.28766727447509766,-0.11040163040161133,0.30812492966651917,0.9588903188705444,0.5011622905731201,0.0,2.0,1.5,3.0,True,,False,False,-0.10477792924507343,-0.6589765646407024,0.11288211040032603,False,,False,caught
142,1787733842.594973,7.1016897996887565,0.05168730020523071,19.347112269926622,0.05168730020523071,19.347112269926622,0.001689826138317585,True,False,7275047.528438574,7275047.534068,5.629425868391991,7275047.5784385735,0.0,0.008004499599337578,124.92973328186015,0.04911462590098381,0.982292521679001,142,141,-0.0742741592975952,-0.6772526121340483,0.113,-0.07158108341027486,-0.6793037170020875,0.113,-0.0830579428963839,-0.6705519177526477,0.113,-0.07158108341027486,-0.6793037170020875,0.113,7275047.478438574,7275047.528438574,0.04911462590098381,0.049999999813735485,1,True,768,0,1.9451095396925566,2.2836032198667544,4.499599337577653e-06,1,False,,True,108,0.05095960013568401,0.06384489964693785,15.662958286879576,False,False,False,,7.305610656738281,4.278171062469482,11.52829647064209,5.596890926361084,,,4.423810005187988,True,0.202364325,0.803824171214,3,1.0,-0.6186034679412842,1.1758700609207153,0.20236432552337646,-0.12518326938152313,0.23795413970947266,0.20236432552337646,0.20236432552337646,0.2861863672733307,0.20236407220363617,0.1716550886631012,0.2653614282608032,0.20236407220363617,0.1716550886631012,0.2653614282608032,0.2023639678955078,0.17165517807006836,0.26536139845848083,False,False,1.6013002023100853,dual_command_actual,0.5,0.471752792596817,12.300040245056152,5.299841403961182,11.914168357849121,5.448366165161133,4.478503704071045,0.20234902203083038,0.14986467361450195,1.0444000363349915,0.5,-0.5,0.7071067690849304,0.5,0.0,1259.5240478515625,555.4234008789062,1259.5240478515625,555.4234008789062,12.000040054321289,5.599841594696045,12.300040245056152,5.299841403961182,0.3000001907348633,-0.3000001907348633,0.4242643415927887,0.3246936798095703,-0.0716085433959961,0.3324962556362152,1.0823116302490234,0.471752792596817,0.0,2.0,1.5,3.0,True,,False,False,-0.08990416557599498,-0.665674954596948,0.11307656259601029,False,,False,caught
143,1787733842.6415038,7.150001799687743,0.04831199999898672,20.698791191028597,0.04831199999898672,20.698791191028597,1.8263235688209534e-06,False,False,7275047.5784385735,7275047.5820572,3.618626855313778,7275047.628438573,0.0,0.008002200163900852,124.96563189098329,0.04714852664619684,0.9429705364367759,143,142,-0.05905671331187204,-0.6772160186668982,0.113,-0.050383135674240576,-0.6761275213364344,0.113,-0.07158108341027486,-0.6793037170020875,0.113,-0.050383135674240576,-0.6761275213364344,0.113,7275047.528438574,7275047.5784385735,0.04714852664619684,0.049999999813735485,1,True,774,0,1.7656235434861618,2.6146208404957756,2.200163900852037e-06,1,False,,True,109,0.020063400268554688,0.06421069987118244,15.573728397388125,False,False,False,,7.507974624633789,4.449826240539551,11.85138988494873,5.5711140632629395,,,4.485815525054932,True,0.202364325,0.803824171214,3,1.0,-1.0,1.4142135381698608,0.20236432552337646,-0.20236432552337646,0.2861863672733307,0.20236432552337646,0.20236432552337646,0.2861863672733307,0.2023642510175705,0.1963399350643158,0.28195860981941223,0.2023642510175705,0.1963399350643158,0.28195860981941223,0.20236444473266602,0.19634008407592773,0.28195884823799133,False,False,1.394200138747692,dual_command_actual,0.5,0.524286150932312,12.300040245056152,5.89984130859375,12.075715065002441,5.735477447509766,4.480264186859131,0.20236127078533173,0.1398957520723343,0.9974995627999306,0.0,1.0,1.0,0.5,-0.5,1259.5240478515625,618.3033447265625,1259.5240478515625,618.3033447265625,12.300040245056152,5.299841403961182,12.300040245056152,5.89984130859375,0.0,0.5999999046325684,0.5999999046325684,0.3230934143066406,-0.02577686309814453,0.32412004470825195,0.5814500451087952,0.524286150932312,0.0,2.0,1.5,3.0,True,,False,False,-0.07646168472422543,-0.6742481873635909,0.11296003474591754,False,,False,caught
144,1787733842.69208,7.200001999735832,0.05000020004808903,19.999919981084542,0.05000020004808903,19.999919981084542,2.0265579223632812e-06,False,False,7275047.628438573,7275047.6321519,3.7133265286684036,7275047.678438573,0.0,0.008008499629795551,124.86733423567992,0.05323702655732632,1.0,144,143,-0.062431102851060315,-0.6912212981971843,0.113,-0.06924744475745434,-0.7009414762438734,0.113,-0.050383135674240576,-0.6761275213364344,0.113,-0.06924744475745434,-0.7009414762438734,0.113,7275047.5784385735,7275047.628438573,0.05323702655732632,0.049999999813735485,1,True,781,0,1.174702697384795,2.2963258716803785,8.499629795551134e-06,1,False,,True,110,0.002449699677526951,0.07892930041998625,12.669566240660394,False,False,False,,7.710339069366455,4.6461663246154785,12.16969108581543,5.469972133636475,,,4.534807205200195,True,0.202364325,0.803824171214,3,1.0,0.5826231241226196,1.1573458909988403,0.20236432552337646,0.11790213733911514,0.23420552909374237,0.20236432552337646,0.20236432552337646,0.2861863672733307,0.20236435532569885,0.2011825144290924,0.28535196185112,0.20236435532569885,0.2011825144290924,0.28535196185112,0.20236444473266602,0.20118236541748047,0.2853519022464752,False,False,1.5227999538183212,dual_command_actual,0.5,0.44919753074645996,12.300040245056152,6.199841499328613,12.234865188598633,5.834906578063965,4.439625263214111,0.20236380398273468,0.13794009387493134,1.009100116789341,0.0,0.5,0.5,0.0,1.0,1259.5240478515625,649.743408203125,1259.5240478515625,649.743408203125,12.300040245056152,5.89984130859375,12.300040245056152,6.199841499328613,0.0,0.3000001907348633,0.3000001907348633,0.3183012008666992,-0.10114192962646484,0.33398404717445374,-0.1685699075460434,0.44919753074645996,0.0,2.0,1.5,3.0,True,,False,False,-0.06079935533788083,-0.6795893542692694,0.11283289753027623,False,,False,caught
145,1787733842.74473,7.253471000120044,0.05346900038421154,18.702425570224097,0.05346900038421154,18.702425570224097,0.0034710271283984184,True,False,7275047.678438573,7275047.6846947,6.256126798689365,7275047.728438573,0.0,0.00800320040434599,124.95001367914873,0.05146352667361498,1.0,145,144,-0.07147913075989047,-0.7036331632693512,0.113,-0.07845612983427616,-0.713054503826548,0.113,-0.06924744475745434,-0.7009414762438734,0.113,-0.07845612983427616,-0.713054503826548,0.113,7275047.628438573,7275047.678438573,0.05146352667361498,0.049999999813735485,1,True,787,0,2.0926349823592956,3.262592701088527,3.2004043459890608e-06,1,False,,False,,,,,False,False,False,,7.912703514099121,4.847348690032959,12.32030963897705,5.560824394226074,,,4.46497917175293,True,0.202364325,0.803824171214,3,1.0,-0.49787041544914246,1.117083191871643,0.20236432552337646,-0.10075121372938156,0.22605778276920319,0.20236432552337646,-0.12518326938152313,0.23795413970947266,0.20236435532569885,-0.06115821748971939,0.21140402555465698,0.20236435532569885,-0.061158210039138794,0.21140402555465698,0.2023639678955078,-0.061158180236816406,0.21140363812446594,False,False,1.5019001439213753,dual_command_actual,0.5,0.639338493347168,12.900040626525879,5.89984130859375,12.610175132751465,5.730332851409912,4.403281211853027,0.20236428081989288,0.1897258758544922,1.0202005505561829,1.0,-0.5,1.1180340051651,0.0,0.5,1320.9642333984375,618.3033447265625,1320.9642333984375,618.3033447265625,12.300040245056152,6.199841499328613,12.900040626525879,5.89984130859375,0.6000003814697266,-0.3000001907348633,0.6708208322525024,0.1506185531616211,0.09085226058959961,0.17589792609214783,0.3028406798839569,0.639338493347168,0.0,2.0,1.5,3.0,True,,False,False,-0.05772565532986078,-0.6878613710330147,0.11306782469162294,False,,False,caught
146,1787733842.7912338,7.300002099946141,0.04653109982609749,21.491002872000433,0.04653109982609749,21.491002872000433,2.127140760421753e-06,False,False,7275047.728438573,7275047.7320299,3.5913269966840744,7275047.778438573,0.0,0.00802060030400753,124.67894697362557,0.049505626782774925,0.9901125393439552,146,145,-0.06157815609336233,-0.7132797611462823,0.113,-0.045847162992288956,-0.7188372516316278,0.113,-0.07845612983427616,-0.713054503826548,0.113,-0.045847162992288956,-0.7188372516316278,0.113,7275047.678438573,7275047.728438573,0.049505626782774925,0.049999999813735485,1,True,793,0,1.3662870000062821,2.6776349106569555,2.0600304007530046e-05,1,False,,True,111,0.0423375004902482,0.06761489994823933,14.789639573016032,False,False,False,,8.115067481994629,4.786190509796143,12.353769302368164,5.83181619644165,,,4.365767478942871,True,0.202364325,0.803824171214,3,1.0,1.0,1.4142135381698608,0.20236432552337646,0.20236432552337646,0.2861863672733307,0.20236432552337646,-0.20236432552337646,0.2861863672733307,0.2023642510175705,-0.17466309666633606,0.2673172056674957,0.2023642510175705,-0.17466309666633606,0.2673172056674957,0.2023639678955078,-0.17466306686401367,0.2673169672489166,False,False,1.4369003474712372,dual_command_actual,0.5,0.5504904985427856,13.200040817260742,5.599841117858887,12.776905059814453,5.715828895568848,4.533788681030273,0.20236428081989288,0.11212142556905746,1.034799963235855,0.5,-0.5,0.7071067690849304,1.0,-0.5,1351.68408203125,586.8633422851562,1351.68408203125,586.8633422851562,12.900040626525879,5.89984130859375,13.200040817260742,5.599841117858887,0.3000001907348633,-0.3000001907348633,0.4242643415927887,0.03345966339111328,0.27099180221557617,0.27304965257644653,-0.13604821264743805,0.5504904985427856,0.0,2.0,1.5,3.0,True,,False,False,-0.06490525768094048,-0.700029915146153,0.11321445894107697,False,,False,caught
147,1787733842.8418381,7.350002999417484,0.050000899471342564,19.999640217935248,0.050000899471342564,19.999640217935248,3.026798367500305e-06,False,False,7275047.778438573,7275047.7823832,3.94462700933218,7275047.828438573,0.0,0.008008299395442009,124.87045633797838,0.047557626850903034,0.95115254056138,147,146,-0.04638640935734151,-0.7151656172430894,0.113,-0.024217767566645107,-0.7154211089204047,0.113,-0.045847162992288956,-0.7188372516316278,0.113,-0.024217767566645107,-0.7154211089204047,0.113,7275047.728438573,7275047.778438573,0.047557626850903034,0.049999999813735485,1,True,799,0,1.908397082277654,4.107670230913971,8.299395442008806e-06,1,False,,True,112,0.01113209966570139,0.06040409952402115,16.555167743247722,False,False,False,,8.317431449890137,4.611527442932129,12.490575790405273,6.009618282318115,,,4.4011125564575195,True,0.202364325,0.803824171214,3,1.0,-0.12883174419403076,1.0082646608352661,0.20236432552337646,-0.02607094869017601,0.20403678715229034,0.20236432552337646,0.11790213733911514,0.23420552909374237,0.2023642510175705,0.060507919639348984,0.21121670305728912,0.2023642510175705,0.06050792336463928,0.21121670305728912,0.2023639678955078,0.060507774353027344,0.21121639013290405,False,False,1.5300000086426735,dual_command_actual,0.5,0.8193033337593079,13.200040817260742,5.89984130859375,12.845308303833008,5.954730033874512,4.467293739318848,0.20236413180828094,-0.011546294204890728,1.0270001366734505,0.0,0.5,0.5,0.5,-0.5,1351.68408203125,618.3033447265625,1351.68408203125,618.3033447265625,13.200040817260742,5.599841117858887,13.200040817260742,5.89984130859375,0.0,0.3000001907348633,0.3000001907348633,0.13680648803710938,0.17780208587646484,0.22434258460998535,-0.068325936794281,0.8193033337593079,0.0,2.0,1.5,3.0,True,,False,False,-0.0650991914367934,-0.7114284118782962,0.11325104834771775,False,,False,caught
148,1787733842.8915381,7.400001700036228,0.049998700618743896,20.000519766009926,0.049998700618743896,20.000519766009926,1.7276033759117126e-06,False,False,7275047.828438573,7275047.8317476,3.3090272918343544,7275047.878438572,0.0,0.008005000650882721,124.92191364028544,0.04558942746371031,0.9117885526708832,148,147,-0.0344203962297498,-0.7226559410490561,0.113,-0.03390850976593464,-0.727967545818477,0.113,-0.024217767566645107,-0.7154211089204047,0.113,-0.03390850976593464,-0.727967545818477,0.113,7275047.778438573,7275047.828438573,0.04558942746371031,0.049999999813735485,1,True,805,0,1.7003753105910555,1.9836711761565267,5.000650882720781e-06,1,False,,False,,,,,False,False,False,,8.519795417785645,4.672035217285156,12.79468822479248,5.92402458190918,,,4.454456806182861,True,0.202364325,0.803824171214,3,1.0,0.9012011289596558,1.3461662530899048,0.20236432552337646,0.18237096071243286,0.27241602540016174,0.20236432552337646,-0.10075121372938156,0.22605778276920319,0.2023642510175705,-0.06911610066890717,0.21384182572364807,0.2023642510175705,-0.06911610066890717,0.21384182572364807,0.2023639678955078,-0.06911611557006836,0.21384155750274658,False,False,2.0778998732566833,dual_command_actual,0.5,0.40607333183288574,13.200040817260742,6.199841499328613,12.997364044189453,6.0619330406188965,4.511857986450195,0.2023639678955078,-0.05843782424926758,0.9959004819393158,0.0,0.5,0.5,0.0,0.5,1351.68408203125,649.743408203125,1351.68408203125,649.743408203125,13.200040817260742,5.89984130859375,13.200040817260742,6.199841499328613,0.0,0.3000001907348633,0.3000001907348633,0.30411243438720703,-0.08559370040893555,0.31592825055122375,-0.28531214594841003,0.40607333183288574,0.0,2.0,1.5,3.0,True,,False,False,-0.05047550379195464,-0.7170591808461702,0.11280656762373269,False,,False,caught
149,1787733842.9441724,7.450895699672401,0.05089399963617325,19.648681713929264,0.05089399963617325,19.648681713929264,0.0008957274258136749,False,False,7275047.878438572,7275047.8841303,5.691727623343468,7275047.928438572,0.0,0.00817160028964281,122.37505073118439,0.052181427367031574,1.0,149,148,-0.042050637915898144,-0.7384438584475606,0.113,-0.04324622878987802,-0.7400569296960529,0.113,-0.03390850976593464,-0.727967545818477,0.113,-0.04324622878987802,-0.7400569296960529,0.113,7275047.828438573,7275047.878438572,0.052181427367031574,0.049999999813735485,1,True,812,0,1.6363775686564546,1.825922606695678,0.00017160028964281065,1,False,,True,113,0.04926630016416311,0.08091550040990114,12.35857153368894,False,False,False,,8.722159385681152,4.602919101715088,13.071795463562012,5.858637809753418,,,4.527268886566162,True,0.202364325,0.803824171214,3,1.0,-1.0,1.4142135381698608,0.20236432552337646,-0.20236432552337646,0.2861863672733307,0.20236432552337646,0.20236432552337646,0.2861863672733307,0.2023642510175705,0.14910642802715302,0.2513643205165863,0.2023642510175705,0.14910642802715302,0.2513643205165863,0.2023639678955078,0.14910650253295898,0.2513641119003296,False,False,2.1466994658112526,dual_command_actual,0.5,0.3645090162754059,13.200040817260742,6.499841690063477,13.135917663574219,6.179239749908447,4.512838840484619,0.2023639678955078,-0.06109046936035156,1.2747999280691147,0.0,0.5,0.5,0.0,0.5,1351.68408203125,681.1834106445312,1351.68408203125,681.1834106445312,13.200040817260742,6.199841499328613,13.200040817260742,6.499841690063477,0.0,0.3000001907348633,0.3000001907348633,0.27710723876953125,-0.06538677215576172,0.2847171425819397,-0.21795575320720673,0.3645090162754059,0.0,2.0,1.5,3.0,True,,False,False,-0.037495666764199166,-0.722727571389459,0.11315399232039286,False,,False,caught
150,1787733842.9916859,7.500001499429345,0.04910579975694418,20.364193332552077,0.04910579975694418,20.364193332552077,1.5273690223693848e-06,False,False,7275047.928438572,7275047.9321834,3.7448275834321976,7275047.978438572,0.0,0.008110699243843555,123.29393187141692,0.05030802730470896,1.0,150,149,-0.05140878068376026,-0.7506238906879514,0.113,-0.05283377462455714,-0.7524697600395323,0.113,-0.04324622878987802,-0.7400569296960529,0.113,-0.05283377462455714,-0.7524697600395323,0.113,7275047.878438572,7275047.928438572,0.05030802730470896,0.049999999813735485,1,True,818,0,2.1884852361069234,2.421241739803998,0.00011069924384355528,1,False,,True,114,0.03373209945857525,0.06301090028136969,15.870269993518377,False,False,False,,8.92452335357666,4.752025604248047,13.221322059631348,6.028314113616943,,,4.48234224319458,True,0.202364325,0.803824171214,3,1.0,-1.0,1.4142135381698608,0.20236432552337646,-0.20236432552337646,0.2861863672733307,0.20236432552337646,-0.02607094869017601,0.20403678715229034,0.2023642510175705,0.008294632658362389,0.20253416895866394,0.2023642510175705,0.008294627070426941,0.20253416895866394,0.2023639678955078,0.00829458236694336,0.20253388583660126,False,False,1.4238003641366959,dual_command_actual,0.5,0.4720075726509094,13.500041007995605,6.79984188079834,13.360681533813477,6.4140777587890625,4.469093322753906,0.2023639678955078,0.046832721680402756,1.031799241900444,0.5,0.5,0.7071067690849304,0.0,0.5,1382.4041748046875,712.6234130859375,1382.4041748046875,712.6234130859375,13.200040817260742,6.499841690063477,13.500041007995605,6.79984188079834,0.3000001907348633,0.3000001907348633,0.4242643415927887,0.14952659606933594,0.1696763038635254,0.22615979611873627,0.5655872821807861,0.4720075726509094,0.0,2.0,1.5,3.0,True,,False,False,-0.03695898709307238,-0.734188595492291,0.11317691773176759,False,,False,caught
151,1787733843.0413077,7.550001699477434,0.05000020004808903,19.999919981084542,0.05000020004808903,19.999919981084542,1.7276033759117126e-06,False,False,7275047.978438572,7275047.9820232,3.5846279934048653,7275048.028438572,0.0,0.008005000650882721,124.92191364028544,0.04835072811692953,0.9670145659410005,151,150,-0.05106376568316105,-0.7659022317193637,0.113,-0.05023414985166378,-0.7735604473914361,0.113,-0.05283377462455714,-0.7524697600395323,0.113,-0.05023414985166378,-0.7735604473914361,0.113,7275047.928438572,7275047.978438572,0.04835072811692953,0.049999999813735485,1,True,824,0,1.9326674646447835,2.6593483956227217,5.000650882720781e-06,1,False,,True,115,0.004015599377453327,0.06438309978693724,15.532026312950082,False,False,False,,9.126887321472168,4.76032018661499,13.247565269470215,6.332674026489258,,,4.4104743003845215,True,0.202364325,0.803824171214,3,1.0,0.875860333442688,1.3293349742889404,0.20236432552337646,0.17724289000034332,0.26900994777679443,0.20236432552337646,0.18237096071243286,0.27241602540016174,0.2023642510175705,0.14822137355804443,0.25084033608436584,0.2023642510175705,0.14822137355804443,0.25084033608436584,0.2023639678955078,0.14822149276733398,0.2508401572704315,False,False,1.4431001618504524,dual_command_actual,0.5,0.5310271382331848,13.500041007995605,7.099842071533203,13.37380313873291,6.7162580490112305,4.479937553405762,0.2023639678955078,0.029428323730826378,1.0224003344774246,0.0,0.5,0.5,0.5,0.5,1382.4041748046875,744.0634155273438,1382.4041748046875,744.0634155273438,13.500041007995605,6.79984188079834,13.500041007995605,7.099842071533203,0.0,0.3000001907348633,0.3000001907348633,0.026243209838867188,0.30435991287231445,0.3054892122745514,0.5510048866271973,0.5310271382331848,0.0,2.0,1.5,3.0,True,,False,False,-0.045516770845181354,-0.7473887640955456,0.11305213155392507,False,,False,caught
152,1787733843.0949705,7.602713099680841,0.05271140020340681,18.97122816205077,0.05271140020340681,18.97122816205077,0.0027131279930472374,True,False,7275048.028438572,7275048.0351694,6.730828434228897,7275048.078438572,0.0,0.008022299967706203,124.65253157143256,0.054407128132879734,1.0,152,151,-0.05752482314191558,-0.782308468035262,0.113,-0.05976450643440314,-0.7858332713002693,0.113,-0.05023414985166378,-0.7735604473914361,0.113,-0.05976450643440314,-0.7858332713002693,0.113,7275047.978438572,7275048.028438572,0.054407128132879734,0.049999999813735485,1,True,831,0,1.8546652293895012,2.2611399984371987,2.2299967706203294e-05,1,False,,False,,,,,False,False,False,,9.329251289367676,4.908541679382324,13.359725952148438,6.6751298904418945,,,4.400631904602051,True,0.202364325,0.803824171214,3,1.0,1.0,1.4142135381698608,0.20236432552337646,0.20236432552337646,0.2861863672733307,0.20236432552337646,-0.20236432552337646,0.2861863672733307,0.2023642510175705,-0.13358786702156067,0.24248094856739044,0.2023642510175705,-0.13358786702156067,0.24248094856739044,0.2023639678955078,-0.13358783721923828,0.24248068034648895,False,False,2.477100118994713,dual_command_actual,0.5,0.44729045033454895,13.500041007995605,7.399842262268066,13.42988395690918,7.0374860763549805,4.270185470581055,0.2023639678955078,0.10187419503927231,1.1355997994542122,0.0,0.5,0.5,0.0,0.5,1382.4041748046875,775.5034790039062,1382.4041748046875,775.5034790039062,13.500041007995605,7.099842071533203,13.500041007995605,7.399842262268066,0.0,0.3000001907348633,0.3000001907348633,0.11216068267822266,0.3424558639526367,0.3603554368019104,1.1415188312530518,0.44729045033454895,0.0,2.0,1.5,3.0,True,,False,False,-0.05185759251241537,-0.7646520109558659,0.11333216216843361,False,,False,caught
153,1787733843.1415594,7.650003300048411,0.04729020036756992,21.14603009137951,0.04729020036756992,21.14603009137951,3.3285468816757202e-06,False,False,7275048.078438572,7275048.0822554,3.81682813167572,7275048.1284385715,0.0,0.008019999600946903,124.68828550589107,0.052458127960562706,1.0,153,152,-0.06665495076343991,-0.7946583655248208,0.113,-0.06894814079228023,-0.7976595997633058,0.113,-0.05976450643440314,-0.7858332713002693,0.113,-0.06894814079228023,-0.7976595997633058,0.113,7275048.028438572,7275048.078438572,0.052458127960562706,0.049999999813735485,1,True,837,0,1.8726779473801132,2.2498632827687914,1.9999600946903062e-05,1,False,,True,117,0.012665900401771069,0.06441739946603775,15.523756132490597,False,False,False,,9.531615257263184,4.774953842163086,13.470728874206543,6.951775074005127,,,4.500574111938477,True,0.202364325,0.803824171214,3,1.0,0.8672962188720703,1.323707938194275,0.20236432552337646,0.17550981044769287,0.26787126064300537,0.20236432552337646,-0.20236432552337646,0.2861863672733307,0.2023642510175705,-0.18887203931808472,0.27681028842926025,0.2023642510175705,-0.18887203931808472,0.27681028842926025,0.2023639678955078,-0.1888718605041504,0.276809960603714,False,False,1.5749000012874603,dual_command_actual,0.5,0.4490249454975128,13.500041007995605,7.999842166900635,13.485384941101074,7.475808620452881,4.322421073913574,0.2023639678955078,0.0076427459716796875,1.0714000090956688,0.0,1.0,1.0,0.0,0.5,1382.4041748046875,838.3834838867188,1382.4041748046875,838.3834838867188,13.500041007995605,7.399842262268066,13.500041007995605,7.999842166900635,0.0,0.5999999046325684,0.5999999046325684,0.11100292205810547,0.2766451835632324,0.29808422923088074,0.9221499562263489,0.4490249454975128,0.0,2.0,1.5,3.0,True,,False,False,-0.05615950727178109,-0.7791490813323871,0.11300626195673988,False,,False,caught
154,1787733843.1910844,7.700001399964094,0.04999809991568327,20.000760062610354,0.04999809991568327,20.000760062610354,1.428648829460144e-06,False,False,7275048.1284385715,7275048.1312311,2.7925288304686546,7275048.178438571,0.0,0.008000999689102173,124.98438180944541,0.05047262832522392,1.0,154,153,-0.07605975651926371,-0.8068024614185428,0.113,-0.08746494499247848,-0.8215048226917909,0.113,-0.06894814079228023,-0.7976595997633058,0.113,-0.08746494499247848,-0.8215048226917909,0.113,7275048.078438572,7275048.1284385715,0.05047262832522392,0.049999999813735485,1,True,843,0,1.9082506113348503,3.767905762906614,9.99689102172685e-07,1,False,,False,,,,,False,False,False,,9.733979225158691,4.5860819816589355,13.514344215393066,7.247142791748047,,,4.623029708862305,True,0.202364325,0.803824171214,3,1.0,1.0,1.4142135381698608,0.20236432552337646,0.20236432552337646,0.2861863672733307,0.20236432552337646,0.17724289000034332,0.26900994777679443,0.2023642510175705,0.10542002320289612,0.22817684710025787,0.2023642510175705,0.10542002320289612,0.22817684710025787,0.2023639678955078,0.10542011260986328,0.22817663848400116,False,False,1.305299811065197,dual_command_actual,0.5,0.752835214138031,13.200040817260742,7.999842166900635,13.357192993164062,7.623492240905762,4.429297924041748,0.2023639678955078,-0.05807940289378166,1.2646997347474098,-0.5,0.0,0.5,0.0,1.0,1351.68408203125,838.3834838867188,1351.68408203125,838.3834838867188,13.500041007995605,7.999842166900635,13.200040817260742,7.999842166900635,-0.3000001907348633,0.0,0.3000001907348633,0.04361534118652344,0.2953677177429199,0.29857057332992554,0.492279589176178,0.752835214138031,0.0,2.0,1.5,3.0,True,,False,False,-0.06365180512638118,-0.7923047376583158,0.11302806367750459,False,,False,caught
155,1787733843.2467134,7.754486099816859,0.054484699852764606,18.353776430857202,0.054484699852764606,18.353776430857202,0.0044861286878585815,True,False,7275048.178438571,7275048.1866439,8.205329068005085,7275048.228438571,0.0,0.008281500078737736,120.75107051770019,0.056792428717017174,1.0,155,154,-0.09228631927912277,-0.81252205949916,0.113,-0.0991301736716564,-0.8124089099319922,0.113,-0.08746494499247848,-0.8215048226917909,0.113,-0.0991301736716564,-0.8124089099319922,0.113,7275048.1284385715,7275048.178438571,0.056792428717017174,0.049999999813735485,1,True,850,0,1.824689812976787,2.4750166696725455,0.0002815000787377356,1,False,,True,118,0.001499200239777565,0.027167499996721745,36.808686854538266,False,False,False,,9.9363431930542,4.691502094268799,13.502402305603027,7.604434967041016,,,4.604557991027832,True,0.202364325,0.803824171214,3,0.5114705562591553,0.9786920547485352,1.1042826175689697,0.10350339114665985,0.19805236160755157,0.22346742451190948,0.20236432552337646,0.20236432552337646,0.2861863672733307,0.2023642510175705,0.1833462119102478,0.273069828748703,0.2023642510175705,0.1833462119102478,0.273069828748703,0.2023639678955078,0.18334627151489258,0.2730696499347687,False,False,1.4845998957753181,dual_command_actual,0.5,0.49776431918144226,12.900040626525879,8.29984188079834,13.201221466064453,7.952138423919678,4.412830352783203,0.2023639678955078,-0.072346530854702,1.2118993327021599,-0.5,0.5,0.7071067690849304,-0.5,0.0,1320.9642333984375,869.8234252929688,1320.9642333984375,869.8234252929688,13.200040817260742,7.999842166900635,12.900040626525879,8.29984188079834,-0.3000001907348633,0.2999997138977051,0.42426401376724243,-0.011941909790039062,0.35729217529296875,0.357491672039032,0.039806339889764786,0.49776431918144226,0.0,2.0,1.5,3.0,True,,False,False,-0.07517574468465266,-0.8061842190488702,0.11309647192270249,False,,False,caught
156,1787733843.292267,7.800010199658573,0.045524099841713905,21.966387110936264,0.045524099841713905,21.966387110936264,1.02287158370018e-05,False,False,7275048.228438571,7275048.2326424,4.2038289830088615,7275048.278438571,0.0,0.008006099611520767,124.90476618115034,0.04681842867285013,0.9363685769452474,156,155,-0.10504577532232487,-0.8135167449145191,0.113,-0.11972164943152122,-0.8149946941039503,0.113,-0.0991301736716564,-0.8124089099319922,0.113,-0.11972164943152122,-0.8149946941039503,0.113,7275048.178438571,7275048.228438571,0.04681842867285013,0.049999999813735485,1,True,855,0,1.6930430885687286,3.16523898347231,6.099611520767045e-06,1,False,,False,,,,,False,False,False,,10.138707160949707,4.874848365783691,13.381940841674805,7.873765468597412,,,4.4172468185424805,True,0.202364325,0.803824171214,3,1.0,1.0,1.4142135381698608,0.20236432552337646,0.20236432552337646,0.2861863672733307,0.20236432552337646,0.17550981044769287,0.26787126064300537,0.2023642510175705,0.17704713344573975,0.2688809633255005,0.2023642510175705,0.17704713344573975,0.2688809633255005,0.2023639678955078,0.1770472526550293,0.26888084411621094,False,False,1.9303001463413239,dual_command_actual,0.5,0.6432487368583679,13.500041007995605,8.29984188079834,13.440990447998047,8.086803436279297,4.004265785217285,0.2023639678955078,0.033298175781965256,1.9402001053094864,1.0,0.0,1.0,-0.5,0.5,1382.4041748046875,869.8234252929688,1382.4041748046875,869.8234252929688,12.900040626525879,8.29984188079834,13.500041007995605,8.29984188079834,0.6000003814697266,0.0,0.6000003814697266,-0.12046146392822266,0.2693305015563965,0.2950421869754791,0.6496531367301941,0.6432487368583679,0.0,2.0,1.5,3.0,True,,False,False,-0.08811876885959012,-0.8132354612887434,0.11280811016848041,False,,False,caught
157,1787733843.3428953,7.850002500228584,0.04999230057001114,20.003080246318362,0.04999230057001114,20.003080246318362,2.5294721126556396e-06,False,False,7275048.278438571,7275048.2823577,3.9191292598843575,7275048.328438571,0.0,0.00800739973783493,124.88448594304643,0.05285772867500782,1.0,157,156,-0.10341380137943158,-0.8263809966285983,0.113,-0.09650494998635856,-0.8331461908254663,0.113,-0.11972164943152122,-0.8149946941039503,0.113,-0.09650494998635856,-0.8331461908254663,0.113,7275048.228438571,7275048.278438571,0.05285772867500782,0.049999999813735485,1,True,862,0,1.0595705400381832,1.850872955867887,7.399737834930253e-06,1,False,,True,120,0.00566910021007061,0.0642280001193285,15.569533507848773,False,False,False,,10.341071128845215,5.051895618438721,13.173816680908203,8.09697437286377,,,4.158960342407227,True,0.202364325,0.803824171214,3,1.0,1.0,1.4142135381698608,0.20236432552337646,0.20236432552337646,0.2861863672733307,0.20236432552337646,0.20236432552337646,0.2861863672733307,0.2023642510175705,0.19739772379398346,0.2826962172985077,0.2023642510175705,0.19739772379398346,0.2826962172985077,0.2023639678955078,0.19739770889282227,0.282696008682251,False,False,1.6654003411531448,dual_command_actual,0.5,0.3841582238674164,13.500041007995605,8.29984188079834,13.336929321289062,8.198408126831055,3.262521743774414,0.2023639678955078,0.15527121722698212,1.0858001187443733,0.0,0.0,0.0,1.0,0.0,1382.4041748046875,869.8234252929688,1382.4041748046875,869.8234252929688,13.500041007995605,8.29984188079834,13.500041007995605,8.29984188079834,0.0,0.0,0.0,-0.20812416076660156,0.22320890426635742,0.3051849901676178,-0.34687337279319763,0.3841582238674164,0.0,2.0,1.5,3.0,True,,False,False,-0.10295250510470191,-0.8157990334575642,0.11272029636134093,False,,False,caught
158,1787733843.3926446,7.900002500042319,0.049999999813735485,20.000000074505806,0.049999999813735485,20.000000074505806,2.5294721126556396e-06,False,False,7275048.328438571,7275048.3326103,4.17172908782959,7275048.378438571,0.0,0.0080059003084898,124.90787562512578,0.05092582944780588,1.0,158,157,-0.09650494998635856,-0.8331461908254663,0.113,-0.09650494998635856,-0.8331461908254663,0.113,-0.09650494998635856,-0.8331461908254663,0.113,-0.09650494998635856,-0.8331461908254663,0.113,7275048.278438571,7275048.328438571,0.05092582944780588,0.049999999813735485,1,False,865,0,1.477990121952968,1.477990121952968,5.900308489799333e-06,1,False,,True,121,0.016469900496304035,0.027141699567437172,36.843676554423816,False,False,False,,10.543435096740723,5.249293327331543,13.194045066833496,8.26767349243164,,,4.017007827758789,True,0.202364325,0.803824171214,3,1.0,1.0,1.4142135381698608,0.20236432552337646,0.20236432552337646,0.2861863672733307,0.10350339114665985,0.19805236160755157,0.22346742451190948,0.1228974461555481,0.197923943400383,0.23297569155693054,0.1228974461555481,0.197923943400383,0.23297569155693054,0.12289714813232422,0.19792413711547852,0.23297569155693054,False,False,1.39709934592247,dual_command_actual,0.5,0.30768218636512756,13.500041007995605,8.599842071533203,13.34704303741455,8.433757781982422,3.0912272930145264,0.2023639678955078,0.18593041598796844,1.3186000287532806,0.0,0.5,0.5,0.0,0.0,1382.4041748046875,901.2634887695312,1382.4041748046875,901.2634887695312,13.500041007995605,8.29984188079834,13.500041007995605,8.599842071533203,0.0,0.3000001907348633,0.3000001907348633,0.02022838592529297,0.1706991195678711,0.17189350724220276,,0.30768218636512756,0.0,2.0,1.5,3.0,True,,False,False,-0.10736425940106509,-0.8231240625572147,0.11327896965683427,False,,False,caught
159,1787733843.444271,7.952007099986076,0.05200459994375706,19.229068218609495,0.05200459994375706,19.229068218609495,0.0020071296021342278,True,False,7275048.378438571,7275048.3848292,6.390629336237907,7275048.42843857,0.0,0.008006099611520767,124.90476618115034,0.04897502902895212,0.9795005842279665,159,158,-0.10559737252528825,-0.8448550602424924,0.113,-0.10578766271296328,-0.8451001085724934,0.113,-0.09650494998635856,-0.8331461908254663,0.113,-0.10578766271296328,-0.8451001085724934,0.113,7275048.328438571,7275048.378438571,0.04897502902895212,0.049999999813735485,1,False,867,0,1.203685745614919,1.2334837595878745,6.099611520767045e-06,1,False,,False,,,,,False,False,False,,10.666332244873047,5.4472174644470215,13.42678165435791,8.358184814453125,,,4.011709213256836,True,0.202364325,0.803824171214,3,1.0,1.0,1.4142135381698608,0.20236432552337646,0.20236432552337646,0.2861863672733307,0.20236432552337646,0.20236432552337646,0.2861863672733307,0.18677479028701782,0.2014932632446289,0.2747441530227661,0.18677479028701782,0.2014932632446289,0.2747441530227661,0.18677520751953125,0.2014932632446289,0.27474445104599,False,False,1.936200074851513,dual_command_actual,0.5,0.2525176405906677,13.500041007995605,8.599842071533203,13.463411331176758,8.479013442993164,2.934537410736084,0.17587502300739288,0.19078969955444336,2.018599770963192,0.0,0.0,0.0,0.0,0.5,1382.4041748046875,901.2634887695312,1382.4041748046875,901.2634887695312,13.500041007995605,8.599842071533203,13.500041007995605,8.599842071533203,0.0,0.0,0.0,0.23273658752441406,0.09051132202148438,0.2497170865535736,0.30170419812202454,0.2525176405906677,0.0,2.0,1.5,3.0,True,,False,False,-0.10118342746224011,-0.833661021114385,0.11268933233440047,False,,False,caught
160,1787733843.4939203,8.000003599561751,0.047996499575674534,20.83485272552704,0.047996499575674534,20.83485272552704,3.6293640732765198e-06,False,False,7275048.42843857,7275048.4341822,5.743629299104214,7275048.47843857,0.0,0.00800700020045042,124.89071749289411,0.055007029324769974,1.0,160,159,-0.10578766271296328,-0.8451001085724934,0.113,-0.10578766271296328,-0.8451001085724934,0.113,-0.10578766271296328,-0.8451001085724934,0.113,-0.10578766271296328,-0.8451001085724934,0.113,7275048.378438571,7275048.42843857,0.055007029324769974,0.049999999813735485,1,False,867,0,0.36223606440286715,0.36223606440286715,7.000200450420213e-06,1,False,,True,122,0.040509999729692936,0.03894960042089224,25.674204335703745,False,False,False,,10.853107452392578,5.64871072769165,13.508782386779785,8.525131225585938,,,3.9148952960968018,True,0.202364325,0.803824171214,3,0.8274682760238647,-0.19994044303894043,0.8512813448905945,0.16745005548000336,-0.04046081379055977,0.17226897180080414,0.20236432552337646,0.20236432552337646,0.2861863672733307,0.19930611550807953,0.20219343900680542,0.2839103937149048,0.19930611550807953,0.20219343900680542,0.2839103937149048,0.19930648803710938,0.2021932601928711,0.2839105427265167,False,False,2.3652007803320885,dual_command_actual,0.5,0.075220488011837,13.500041007995605,8.29984188079834,13.504411697387695,8.412487030029297,2.4464111328125,0.1706787794828415,0.19893836975097656,1.0934993624687195,0.0,-0.5,0.5,0.0,0.0,1382.4041748046875,869.8234252929688,1382.4041748046875,869.8234252929688,13.500041007995605,8.599842071533203,13.500041007995605,8.29984188079834,0.0,-0.3000001907348633,0.3000001907348633,0.082000732421875,0.1669464111328125,0.18599791824817657,,0.075220488011837,0.0,2.0,1.5,3.0,True,,False,False,-0.10311081899986087,-0.8426605491336571,0.11306748418641774,False,,False,caught
161,1787733843.5414815,8.05000239983201,0.04999880027025938,20.000479903411335,0.04999880027025938,20.000479903411335,2.4298205971717834e-06,False,False,7275048.47843857,7275048.4822333,3.794729709625244,7275048.52843857,0.0,0.008002599701285362,124.95939286321942,0.053060129284858704,1.0,161,160,-0.09650494998635856,-0.8331461908254663,0.113,-0.09650494998635856,-0.8331461908254663,0.113,-0.10578766271296328,-0.8451001085724934,0.113,-0.09650494998635856,-0.8331461908254663,0.113,7275048.42843857,7275048.47843857,0.053060129284858704,0.049999999813735485,1,False,872,0,1.5152264238822568,1.5152264238822568,2.599701285362077e-06,1,False,,True,123,0.02571250032633543,0.07621509954333305,13.120759613145127,False,False,False,,11.052413940429688,5.8509039878845215,13.513792037963867,8.597091674804688,,,3.687808036804199,True,0.202364325,0.803824171214,3,0.36735963821411133,1.0,1.065341830253601,0.07434048503637314,0.20236432552337646,0.21558716893196106,0.20236432552337646,0.20236432552337646,0.2861863672733307,0.20176444947719574,0.20233076810836792,0.2857387661933899,0.20176444947719574,0.20233076810836792,0.2857387661933899,0.20176410675048828,0.2023305892944336,0.28573837876319885,False,False,1.4086998999118805,dual_command_actual,0.5,0.2975676953792572,13.500041007995605,8.599842071533203,13.506916046142578,8.598466873168945,2.368192195892334,0.16965961456298828,0.20053689181804657,1.0569002479314804,0.0,0.5,0.5,0.0,-0.5,1382.4041748046875,901.2634887695312,1382.4041748046875,901.2634887695312,13.500041007995605,8.29984188079834,13.500041007995605,8.599842071533203,0.0,0.3000001907348633,0.3000001907348633,0.005009651184082031,0.07196044921875,0.07213461399078369,-0.23986801505088806,0.2975676953792572,0.0,2.0,1.5,3.0,True,,False,False,-0.10510256810381079,-0.8456223540012869,0.1128679898494259,False,,False,caught
162,1787733843.595452,8.103875399567187,0.05387299973517656,18.56217409306515,0.05387299973517656,18.56217409306515,0.00387542974203825,True,False,7275048.52843857,7275048.5362596,7.821029983460903,7275048.57843857,0.0,0.008000900037586689,124.9859384946934,0.05109892971813679,1.0,162,161,-0.10578766271296328,-0.8451001085724934,0.113,-0.10578766271296328,-0.8451001085724934,0.113,-0.09650494998635856,-0.8331461908254663,0.113,-0.10578766271296328,-0.8451001085724934,0.113,7275048.47843857,7275048.52843857,0.05109892971813679,0.049999999813735485,1,False,877,0,0.745873002508672,0.745873002508672,9.000375866888288e-07,1,False,,True,124,0.017457399517297745,0.06453109998255968,15.4964040636261,False,False,False,,11.254178047180176,6.053234577178955,13.496243476867676,8.44794750213623,,,3.2804737091064453,False,0.202364325,0.803824171214,3,1.0,1.0,1.4142135381698608,0.20236432552337646,0.20236432552337646,0.2861863672733307,0.20236432552337646,0.20236432552337646,0.2861863672733307,0.20224657654762268,0.2023577094078064,0.286098450422287,0.20224657654762268,0.2023577094078064,0.286098450422287,0.20224666595458984,0.20235776901245117,0.28609853982925415,False,False,1.3971002772450447,dual_command_actual,0.5,0.15194202959537506,13.500041007995605,8.599842071533203,13.49814224243164,8.523895263671875,1.9872760772705078,0.19594860076904297,0.20200569927692413,1.263599842786789,0.0,0.0,0.0,0.0,0.5,1382.4041748046875,901.2634887695312,1382.4041748046875,901.2634887695312,13.500041007995605,8.599842071533203,13.500041007995605,8.599842071533203,0.0,0.0,0.0,-0.017548561096191406,-0.14914417266845703,0.15017302334308624,-0.49714693427085876,0.15194202959537506,0.0,2.0,1.5,3.0,True,,False,False,-0.1012467872314212,-0.839264462637765,0.11202105159852624,False,,False,caught
163,1787733843.6410925,8.150002899579704,0.046127500012516975,21.679041780470303,0.046127500012516975,21.679041780470303,2.9299408197402954e-06,False,False,7275048.57843857,7275048.581556,3.1174300238490105,7275048.62843857,0.0,0.008003300055861473,124.94845788864532,0.04912463016808033,0.9824926070216767,163,162,-0.10578766271296328,-0.8451001085724934,0.113,-0.10578766271296328,-0.8451001085724934,0.113,-0.10578766271296328,-0.8451001085724934,0.113,-0.10578766271296328,-0.8451001085724934,0.113,7275048.52843857,7275048.57843857,0.04912463016808033,0.049999999813735485,1,False,877,0,0.5279592755428351,0.5279592755428351,3.300055861472917e-06,1,False,,False,,,,,False,False,False,,11.456424713134766,6.255592346191406,13.496618270874023,8.490839004516602,,,3.026337146759033,False,0.202364325,0.803824171214,3,1.0,0.5210597515106201,1.1276094913482666,0.20236432552337646,0.10544390231370926,0.2281879335641861,0.16745005548000336,-0.04046081379055977,0.17226897180080414,0.17427630722522736,0.0071743205189704895,0.1744239181280136,0.17427630722522736,0.007174313068389893,0.1744239181280136,0.17427635192871094,0.007174491882324219,0.1744239628314972,False,False,1.7295004799962044,dual_command_actual,0.5,0.10905679315328598,13.500041007995605,8.599842071533203,13.498329162597656,8.545340538024902,1.6866041421890259,0.2011057585477829,0.20229387283325195,1.1168001219630241,0.0,0.0,0.0,0.0,0.0,1382.4041748046875,901.2634887695312,1382.4041748046875,901.2634887695312,13.500041007995605,8.599842071533203,13.500041007995605,8.599842071533203,0.0,0.0,0.0,0.00037479400634765625,0.042891502380371094,0.04289314150810242,,0.10905679315328598,0.0,2.0,1.5,3.0,True,,False,False,-0.10253579523595298,-0.8409541005937657,0.11333177615264026,False,,False,caught
164,1787733843.6922421,8.200001699849963,0.04999880027025938,20.000479903411335,0.04999880027025938,20.000479903411335,1.730397343635559e-06,False,False,7275048.62843857,7275048.6320432,3.604630008339882,7275048.678438569,0.0,0.00800469983369112,124.92660821472438,0.04713813029229641,0.9427626093579926,164,163,-0.10578766271296328,-0.8451001085724934,0.113,-0.10578766271296328,-0.8451001085724934,0.113,-0.10578766271296328,-0.8451001085724934,0.113,-0.10578766271296328,-0.8451001085724934,0.113,7275048.57843857,7275048.62843857,0.04713813029229641,0.049999999813735485,1,False,877,0,0.0675405176111267,0.0675405176111267,4.699833691119981e-06,1,False,,True,125,0.030154899694025517,0.06212930008769035,16.095465401808536,False,False,False,,11.630701065063477,6.2627668380737305,13.491559028625488,8.584580421447754,,,2.975501775741577,False,0.202364325,0.803824171214,3,1.0,1.0,1.4142135381698608,0.20236432552337646,0.20236432552337646,0.2861863672733307,0.07434048503637314,0.20236432552337646,0.21558716893196106,0.09394548833370209,0.16407279670238495,0.18906515836715698,0.09394548833370209,0.16407279670238495,0.18906515836715698,0.09394550323486328,0.16407299041748047,0.1890653371810913,False,False,1.455499790608883,dual_command_actual,0.5,0.0174602959305048,13.500041007995605,8.599842071533203,13.495800018310547,8.59221076965332,1.8821614980697632,0.1927623748779297,0.13728761672973633,1.0881004855036736,0.0,0.0,0.0,0.0,0.0,1382.4041748046875,901.2634887695312,1382.4041748046875,901.2634887695312,13.500041007995605,8.599842071533203,13.500041007995605,8.599842071533203,0.0,0.0,0.0,-0.005059242248535156,0.09374141693115234,0.09387783706188202,,0.0174602959305048,0.0,2.0,1.5,3.0,True,,False,False,-0.1055748417929083,-0.8444661766249251,0.11290508059335909,False,,False,caught
165,1787733843.7418005,8.250001000240445,0.04999930039048195,20.000279847722904,0.04999930039048195,20.000279847722904,1.0309740900993347e-06,False,False,7275048.678438569,7275048.6822414,3.8028303533792496,7275048.728438569,0.0,0.00800199992954731,124.96875891082045,0.053181630559265614,1.0,165,164,-0.10578766271296328,-0.8451001085724934,0.113,-0.10578766271296328,-0.8451001085724934,0.113,-0.10578766271296328,-0.8451001085724934,0.113,-0.10578766271296328,-0.8451001085724934,0.113,7275048.62843857,7275048.678438569,0.053181630559265614,0.049999999813735485,1,False,877,0,0.05907722181494004,0.05907722181494004,1.999929547309709e-06,1,False,,True,126,0.018850100226700306,0.08366459980607033,11.952486503466721,False,False,False,,11.72464656829834,6.426839828491211,13.495251655578613,8.608804702758789,,,2.8099846839904785,False,0.202364325,0.803824171214,3,1.0,1.0,1.4142135381698608,0.20236432552337646,0.20236432552337646,0.2861863672733307,0.20236432552337646,0.20236432552337646,0.2861863672733307,0.1810951679944992,0.19485250115394592,0.26601308584213257,0.1810951679944992,0.19485250115394592,0.26601308584213257,0.18109512329101562,0.19485235214233398,0.26601293683052063,False,False,1.4433003962039948,dual_command_actual,0.5,0.010162020102143288,13.500041007995605,8.599842071533203,13.49764633178711,8.604323387145996,1.8403041362762451,0.15682284533977509,0.12453508377075195,1.0535996407270432,0.0,0.0,0.0,0.0,0.0,1382.4041748046875,901.2634887695312,1382.4041748046875,901.2634887695312,13.500041007995605,8.599842071533203,13.500041007995605,8.599842071533203,0.0,0.0,0.0,0.003692626953125,0.024224281311035156,0.024504108354449272,,0.010162020102143288,0.0,2.0,1.5,3.0,True,,False,False,-0.10616782804981634,-0.8455228890015988,0.112839554248551,False,,False,caught
166,1787733843.794488,8.302225000225008,0.0522239999845624,19.14828431938579,0.0522239999845624,19.14828431938579,0.0022250311449170113,True,False,7275048.728438569,7275048.7346093,6.170731037855148,7275048.778438569,0.0,0.008002299815416336,124.9640757115238,0.0512173306196928,1.0,166,165,-0.10578766271296328,-0.8451001085724934,0.113,-0.10578766271296328,-0.8451001085724934,0.113,-0.10578766271296328,-0.8451001085724934,0.113,-0.10578766271296328,-0.8451001085724934,0.113,7275048.678438569,7275048.728438569,0.0512173306196928,0.049999999813735485,1,False,877,0,0.05882801496724583,0.05882801496724583,2.299815416335893e-06,1,False,,True,127,0.0072091007605195045,0.06107180006802082,16.37416940201886,False,False,False,,11.905741691589355,6.621692180633545,13.494107246398926,8.609039306640625,,,2.5441017150878906,False,0.202364325,0.803824171214,3,1.0,-0.37170910835266113,1.0668493509292603,0.20236432552337646,-0.07522065937519073,0.2158922553062439,0.20236432552337646,0.10544390231370926,0.2281879335641861,0.1981918215751648,0.12298367917537689,0.2332487553358078,0.1981918215751648,0.12298367917537689,0.2332487553358078,0.19819164276123047,0.12298345565795898,0.2332484871149063,False,False,1.4734994620084763,dual_command_actual,0.5,0.010945257730782032,13.500041007995605,8.599842071533203,13.497074127197266,8.604440689086914,1.608296275138855,0.14977233111858368,0.12203327566385269,1.1227000504732132,0.0,0.0,0.0,0.0,0.0,1382.4041748046875,901.2634887695312,1382.4041748046875,901.2634887695312,13.500041007995605,8.599842071533203,13.500041007995605,8.599842071533203,0.0,0.0,0.0,-0.0011444091796875,0.0002346038818359375,0.0011682086624205112,,0.010945257730782032,0.0,2.0,1.5,3.0,True,,False,False,-0.10621879088049611,-0.8454976608588239,0.11304641354642547,False,,False,caught
167,1787733843.842301,8.350002500228584,0.04777750000357628,20.930354244678924,0.04777750000357628,20.930354244678924,2.5313347578048706e-06,False,False,7275048.778438569,7275048.7812657,2.827131189405918,7275048.828438569,0.0,0.008009999990463257,124.84394521730395,0.049239630810916424,0.9847926198869669,167,166,-0.10578766271296328,-0.8451001085724934,0.113,-0.10578766271296328,-0.8451001085724934,0.113,-0.10578766271296328,-0.8451001085724934,0.113,-0.10578766271296328,-0.8451001085724934,0.113,7275048.728438569,7275048.778438569,0.049239630810916424,0.049999999813735485,1,False,877,0,0.02958080176230594,0.02958080176230594,9.99999046325667e-06,1,False,,False,,,,,False,False,False,,12.103933334350586,6.744675636291504,13.493819236755371,8.600797653198242,,,2.3188297748565674,False,0.202364325,0.803824171214,3,0.7424252033233643,1.0,1.2454698085784912,0.15024037659168243,0.20236432552337646,0.2520386576652527,0.20236432552337646,0.20236432552337646,0.2861863672733307,0.20154574513435364,0.18679171800613403,0.27479416131973267,0.20154574513435364,0.18679171800613403,0.27479416131973267,0.20154571533203125,0.18679189682006836,0.27479425072669983,False,False,1.4851996675133705,dual_command_actual,0.5,0.006294725928455591,13.800041198730469,8.899842262268066,13.646930694580078,8.750320434570312,1.6151642799377441,0.15774409472942352,0.16063626110553741,1.0819006711244583,0.5,0.5,0.7071067690849304,0.0,0.0,1413.124267578125,932.7034912109375,1413.124267578125,932.7034912109375,13.500041007995605,8.599842071533203,13.800041198730469,8.899842262268066,0.3000001907348633,0.3000001907348633,0.4242643415927887,-0.0002880096435546875,-0.008241653442382812,0.00824668351560831,,0.006294725928455591,0.0,2.0,1.5,3.0,True,,False,False,-0.10597995105182728,-0.8451673000398671,0.11278549385850475,False,,False,caught
168,1787733843.8913746,8.400002399459481,0.04999989923089743,20.000040307722266,0.04999989923089743,20.000040307722266,2.430751919746399e-06,False,False,7275048.828438569,7275048.8319889,3.5503311082720757,7275048.878438569,0.0,0.008004399947822094,124.93128860609828,0.04727843124419451,0.9455686284064078,168,167,-0.10384849114222224,-0.8603372084809151,0.113,-0.10316424428380777,-0.8657136990921614,0.113,-0.10578766271296328,-0.8451001085724934,0.113,-0.10316424428380777,-0.8657136990921614,0.113,7275048.778438569,7275048.828438569,0.04727843124419451,0.049999999813735485,1,True,883,0,1.3619554326903163,1.903933563943299,4.399947822093797e-06,1,False,,True,128,0.02322389930486679,0.0638664998114109,15.65766094827279,False,False,False,,12.305479049682617,6.931467533111572,13.520563125610352,8.622932434082031,,,2.082662343978882,False,0.202364325,0.803824171214,3,0.18450167775154114,1.0,1.0168780088424683,0.0373365581035614,0.20236432552337646,0.2057798206806183,0.20236432552337646,0.20236432552337646,0.2861863672733307,0.20220373570919037,0.19930939376354218,0.2839200496673584,0.20220373570919037,0.19930939376354218,0.2839200496673584,0.20220375061035156,0.1993093490600586,0.283920019865036,False,False,1.3894997537136078,dual_command_actual,0.5,0.39342984557151794,13.200040817260742,9.499842643737793,13.360301971435547,9.06138801574707,1.6280794143676758,0.19361083209514618,0.1682092398405075,1.0425997897982597,-1.0,1.0,1.4142135381698608,0.5,0.5,1351.68408203125,995.58349609375,1351.68408203125,995.58349609375,13.800041198730469,8.899842262268066,13.200040817260742,9.499842643737793,-0.6000003814697266,0.6000003814697266,0.8485286831855774,0.02674388885498047,0.022134780883789062,0.03471576049923897,0.08146440237760544,0.39342984557151794,0.0,2.0,1.5,3.0,True,,False,False,-0.10562676422830432,-0.8468343818766407,0.11293934862175592,False,,False,caught
169,1787733843.9420934,8.450001399964094,0.04999900050461292,20.00039980614692,0.04999900050461292,20.00039980614692,1.4314427971839905e-06,False,False,7275048.878438569,7275048.8822734,3.834831528365612,7275048.9284385685,0.0,0.008003800176084042,124.94065044103367,0.05331533122807741,1.0,169,168,-0.11994321364672586,-0.866500012195369,0.113,-0.1442281901153597,-0.8707965345228755,0.113,-0.10316424428380777,-0.8657136990921614,0.113,-0.1442281901153597,-0.8707965345228755,0.113,7275048.828438569,7275048.878438569,0.05331533122807741,0.049999999813735485,1,True,890,0,1.7332322104091955,4.105106005974529,3.800176084041429e-06,1,False,,True,129,0.009874099865555763,0.08201180025935173,12.19336725736576,False,False,False,,12.507682800292969,7.130776882171631,13.643224716186523,8.78022575378418,,,2.002532720565796,False,0.202364325,0.803824171214,3,1.0,0.06503045558929443,1.0021122694015503,0.20236432552337646,0.01315984409302473,0.20279176533222198,0.20236432552337646,-0.07522065937519073,0.2158922553062439,0.20233282446861267,-0.02136450633406639,0.20345763862133026,0.20233282446861267,-0.02136451005935669,0.20345763862133026,0.2023324966430664,-0.021364688873291016,0.20345734059810638,False,False,1.5366999432444572,dual_command_actual,0.5,0.8451393246650696,12.600040435791016,9.19984245300293,13.12163257598877,8.990034103393555,1.5153067111968994,0.2006470412015915,0.1696949005126953,1.047399826347828,-1.0,-0.5,1.1180340051651,-1.0,1.0,1290.244140625,964.1434326171875,1290.244140625,964.1434326171875,13.200040817260742,9.499842643737793,12.600040435791016,9.19984245300293,-0.6000003814697266,-0.3000001907348633,0.6708208322525024,0.12266159057617188,0.15729331970214844,0.19946692883968353,0.028859755024313927,0.8451393246650696,0.0,2.0,1.5,3.0,True,,False,False,-0.10569771706058866,-0.85664822380627,0.11364612852495691,False,,False,caught
170,1787733843.9927106,8.500466000288725,0.05046460032463074,19.815870799870787,0.05046460032463074,19.815870799870787,0.0004660319536924362,False,False,7275048.9284385685,7275048.9322572,3.818631172180176,7275048.978438568,0.0,0.008001100271940231,124.98281061505863,0.05135133117437363,1.0,170,169,-0.13373717432365095,-0.8604685913871001,0.113,-0.15795302708597522,-0.8416249037073633,0.113,-0.1442281901153597,-0.8707965345228755,0.113,-0.15795302708597522,-0.8416249037073633,0.113,7275048.878438569,7275048.9284385685,0.05135133117437363,0.049999999813735485,1,True,896,0,2.0108704911207465,4.969076259350321,1.1002719402311567e-06,1,False,,False,,,,,False,False,False,,12.710015296936035,7.10941219329834,13.612842559814453,9.022454261779785,,,2.1153786182403564,False,0.202364325,0.803824171214,3,0.7541614770889282,0.46368408203125,0.8853036165237427,0.15261538326740265,0.09383311867713928,0.17915387451648712,0.15024037659168243,0.20236432552337646,0.2520386576652527,0.16045959293842316,0.15847410261631012,0.22552454471588135,0.16045959293842316,0.15847410261631012,0.22552454471588135,0.1604595184326172,0.15847396850585938,0.2255243957042694,False,False,1.5365006402134895,dual_command_actual,0.5,1.028219223022461,12.000040054321289,8.899842262268066,12.806441307067871,8.961148262023926,1.7333770990371704,0.2020273208618164,0.12157884985208511,1.4781998470425606,-1.0,-0.5,1.1180340051651,-1.0,-0.5,1228.80419921875,932.7034912109375,1228.80419921875,932.7034912109375,12.600040435791016,9.19984245300293,12.000040054321289,8.899842262268066,-0.6000003814697266,-0.3000001907348633,0.6708208322525024,-0.030382156372070312,0.24222850799560547,0.24412645399570465,-0.1209760457277298,1.028219223022461,0.0,2.0,1.5,3.0,True,,False,False,-0.11417878559204499,-0.865140544747467,0.11295209146251645,False,,False,caught
171,1787733844.0412145,8.550001699477434,0.04953569918870926,20.187461091251365,0.04953569918870926,20.187461091251365,1.7313286662101746e-06,False,False,7275048.978438568,7275048.9819918,3.5532312467694283,7275049.028438568,0.0,0.008004700765013695,124.92659367989368,0.04936893191188574,0.9873786419159868,171,170,-0.1439192842146232,-0.8490105489487199,0.113,-0.17176543584005505,-0.8117901821194159,0.113,-0.15795302708597522,-0.8416249037073633,0.113,-0.17176543584005505,-0.8117901821194159,0.113,7275048.9284385685,7275048.978438568,0.04936893191188574,0.049999999813735485,1,True,902,0,2.150779017527958,6.784601371045909,4.700765013694597e-06,1,False,,True,130,0.04478949960321188,0.06309549976140261,15.848990875443224,False,False,False,,12.870474815368652,7.267886161804199,13.363994598388672,9.192683219909668,,,1.987059473991394,False,0.202364325,0.803824171214,3,-1.0,1.0,1.4142135381698608,-0.20236432552337646,0.20236432552337646,0.2861863672733307,0.0373365581035614,0.20236432552337646,0.2057798206806183,0.06149030476808548,0.19375410676002502,0.20327742397785187,0.06149030476808548,0.19375410676002502,0.20327742397785187,0.06149005889892578,0.1937541961669922,0.20327743887901306,False,False,1.4209998771548271,dual_command_actual,0.5,1.3950368165969849,11.400039672851562,8.599842071533203,12.382017135620117,8.896263122558594,1.660427451133728,0.18833191692829132,0.11213954538106918,1.0672006756067276,-1.0,-0.5,1.1180340051651,-1.0,-0.5,1167.364013671875,901.2634887695312,1167.364013671875,901.2634887695312,12.000040054321289,8.899842262268066,11.400039672851562,8.599842071533203,-0.6000003814697266,-0.3000001907348633,0.6708208322525024,-0.24884796142578125,0.1702289581298828,0.301501601934433,0.2183111608028412,1.3950368165969849,0.0,2.0,1.5,3.0,True,,False,False,-0.1287662743854564,-0.8642686824534377,0.11259913432020831,False,,False,caught
172,1787733844.091834,8.600001899525523,0.05000020004808903,19.999919981084542,0.05000020004808903,19.999919981084542,1.9315630197525024e-06,False,False,7275049.028438568,7275049.0321726,3.734031692147255,7275049.078438568,0.0,0.00800320040434599,124.95001367914873,0.04743723198771477,0.9487446432886446,172,171,-0.15241954417968062,-0.8362219303083497,0.113,-0.1854926125382221,-0.782613562895295,0.113,-0.17176543584005505,-0.8117901821194159,0.113,-0.1854926125382221,-0.782613562895295,0.113,7275048.978438568,7275049.028438568,0.04743723198771477,0.049999999813735485,1,True,908,0,1.8520553567005154,8.149829118463943,3.2004043459890608e-06,1,False,,True,131,0.01646069996058941,0.06533020082861185,15.30685635918086,False,False,False,,12.931964874267578,7.461640357971191,12.974577903747559,9.185503959655762,,,1.7243901491165161,False,0.202364325,0.803824171214,3,-1.0,1.0,1.4142135381698608,-0.20236432552337646,0.20236432552337646,0.2861863672733307,0.20236432552337646,0.01315984409302473,0.20279176533222198,0.17472819983959198,0.048588089644908905,0.18135806918144226,0.17472819983959198,0.0485880970954895,0.18135806918144226,0.1747283935546875,0.04858827590942383,0.18135829269886017,False,False,1.4893999323248863,dual_command_actual,0.5,1.679931640625,10.800039291381836,8.29984188079834,11.887308120727539,8.74267292022705,1.6665648221969604,0.14142735302448273,0.11028782278299332,1.033499836921692,-1.0,-0.5,1.1180340051651,-1.0,-0.5,1105.9239501953125,869.8234252929688,1105.9239501953125,869.8234252929688,11.400039672851562,8.599842071533203,10.800039291381836,8.29984188079834,-0.6000003814697266,-0.3000001907348633,0.6708208322525024,-0.3894166946411133,-0.00717926025390625,0.38948285579681396,0.5240080952644348,1.679931640625,0.0,2.0,1.5,3.0,True,,False,False,-0.14332033593928806,-0.8523518580175341,0.11279814380672361,False,,False,caught
173,1787733844.1444905,8.652199399657547,0.05219750013202429,19.1580056031549,0.05219750013202429,19.1580056031549,0.0021994318813085556,True,False,7275049.078438568,7275049.0845318,6.093231961131096,7275049.128438568,0.0,0.008019600063562393,124.6944974904134,0.053484232164919376,1.0,173,172,-0.16140220042300046,-0.8207175527939029,0.113,-0.19930850186258697,-0.7527713580784994,0.113,-0.1854926125382221,-0.782613562895295,0.113,-0.19930850186258697,-0.7527713580784994,0.113,7275049.028438568,7275049.078438568,0.053484232164919376,0.049999999813735485,1,True,915,0,1.9680567909900792,9.746480663298298,1.9600063562393022e-05,1,False,,True,132,0.004181100055575371,0.07808319944888353,12.806852268581041,False,False,False,,13.106693267822266,7.510228633880615,12.643952369689941,9.077993392944336,,,1.6346300840377808,False,0.202364325,0.803824171214,3,-1.0,-0.42105305194854736,1.0850279331207275,-0.20236432552337646,-0.08520611375570297,0.21957094967365265,0.15261538326740265,0.09383311867713928,0.17915387451648712,0.15695342421531677,0.08495717495679855,0.17847156524658203,0.15695342421531677,0.08495717495679855,0.17847156524658203,0.1569538116455078,0.08495712280273438,0.1784718781709671,False,False,1.4756005257368088,dual_command_actual,0.5,2.0013833045959473,10.20003890991211,7.999841690063477,11.421995162963867,8.538917541503906,2.025435209274292,0.13222599029541016,0.1336054801940918,1.2026997283101082,-1.0,-0.5,1.1180340051651,-1.0,-0.5,1044.4840087890625,838.3834228515625,1044.4840087890625,838.3834228515625,10.800039291381836,8.29984188079834,10.20003890991211,7.999841690063477,-0.6000003814697266,-0.3000001907348633,0.6708208322525024,-0.3306255340576172,-0.10751056671142578,0.3476661741733551,0.512507438659668,2.0013833045959473,0.0013833045959472656,2.0,1.5,3.0,True,,False,False,-0.15263362190284127,-0.8383323873146497,0.11260707659941346,False,,False,caught
174,1787733844.192105,8.700003299862146,0.047803900204598904,20.918795238882968,0.047803900204598904,20.918795238882968,3.332272171974182e-06,False,False,7275049.128438568,7275049.1316619,3.2233325764536858,7275049.178438568,0.0,0.00802369974553585,124.63078526291696,0.051533931866288185,1.0,174,173,-0.1686939166602133,-0.8071989004561819,0.113,-0.21303801897085,-0.7235897489885348,0.113,-0.19930850186258697,-0.7527713580784994,0.113,-0.21303801897085,-0.7235897489885348,0.113,7275049.078438568,7275049.128438568,0.051533931866288185,0.049999999813735485,1,True,921,0,1.8872795142925651,11.350805514275502,2.369974553585036e-05,1,False,,False,,,,,False,False,False,,13.263647079467773,7.59518575668335,12.33775520324707,8.945938110351562,,,1.637622594833374,False,0.202364325,0.803824171214,3,-1.0,-0.27167564630508423,1.0362468957901,-0.20236432552337646,-0.05497745797038078,0.20969940721988678,-0.20236432552337646,0.20236432552337646,0.2861863672733307,-0.13187479972839355,0.17933186888694763,0.2226002812385559,-0.1315804421901703,0.17923569679260254,0.22234848141670227,-0.13158035278320312,0.17923593521118164,0.22234861552715302,True,False,1.908699981868267,dual_command_actual,0.5,2.337718963623047,9.600038528442383,7.999841690063477,10.968896865844727,8.47288990020752,2.5446605682373047,0.13105742633342743,0.1090998649597168,1.04529969394207,-1.0,0.0,1.0,-1.0,-0.5,983.0439453125,838.3834228515625,983.0439453125,838.3834228515625,10.20003890991211,7.999841690063477,9.600038528442383,7.999841690063477,-0.6000003814697266,0.0,0.6000003814697266,-0.3061971664428711,-0.13205528259277344,0.3334595859050751,0.4962994158267975,2.337718963623047,0.3377189636230469,2.0,1.5,3.0,True,,False,False,-0.16028924194036487,-0.8240966383591429,0.11289854496950058,False,,False,caught
175,1787733844.2416515,8.750001999549568,0.04999869968742132,20.000520138558326,0.04999869968742132,20.000520138558326,2.032145857810974e-06,False,False,7275049.178438568,7275049.1819673,3.528732806444168,7275049.228438567,0.0,0.008011200465261936,124.82523740807474,0.04956353269517422,0.9912706575962553,175,174,-0.17672014619343251,-0.7941090655676601,0.113,-0.23532743274186277,-0.7062096728062236,0.113,-0.21303801897085,-0.7235897489885348,0.113,-0.23532743274186277,-0.7062096728062236,0.113,7275049.128438568,7275049.178438568,0.04956353269517422,0.049999999813735485,1,True,927,0,1.8662287037873142,12.427629041121671,1.1200465261936021e-05,1,False,,True,133,0.03787089977413416,0.06447780039161444,15.509213929854429,False,False,False,,13.13206672668457,7.774421691894531,12.046000480651855,8.81308364868164,,,1.5027835369110107,False,0.202364325,0.803824171214,3,-1.0,1.0,1.4142135381698608,-0.20236432552337646,0.20236432552337646,0.2861863672733307,-0.20236432552337646,0.20236432552337646,0.2861863672733307,-0.18847821652889252,0.19782710075378418,0.2732390761375427,-0.18847821652889252,0.19782710075378418,0.2732390761375427,-0.1884784698486328,0.19782733917236328,0.2732394337654114,False,False,1.3812007382512093,dual_command_actual,0.5,2.5776138305664062,9.000038146972656,7.999841690063477,10.523019790649414,8.406462669372559,2.7273025512695312,0.06670061498880386,0.10426044464111328,1.027899794280529,-1.0,0.0,1.0,-1.0,0.0,921.6038818359375,838.3834228515625,921.6038818359375,838.3834228515625,9.600038528442383,7.999841690063477,9.000038146972656,7.999841690063477,-0.6000003814697266,0.0,0.6000003814697266,-0.29175472259521484,-0.13285446166992188,0.3205793499946594,0.48625755310058594,2.5776138305664062,0.5776138305664062,2.0,1.5,3.0,True,,False,False,-0.16737397186023167,-0.8102621366681745,0.11309097713511732,False,,False,caught
176,1787733844.2912984,8.804087699390948,0.05408569984138012,18.489175566420528,0.05408569984138012,18.489175566420528,0.004087732173502445,True,,,,,,,0.00800970010459423,124.84861941665164,0.04760913271456957,0.9521826578385482,176,175,-0.18576062754292666,-0.7816948193442825,0.113,-0.2578675385570295,-0.6886341205620271,0.113,-0.23532743274186277,-0.7062096728062236,0.113,-0.2578675385570295,-0.6886341205620271,0.113,7275049.178438568,7275049.228438567,0.04760913271456957,0.049999999813735485,1,True,933,0,1.607208732008713,13.379255032862261,9.700104594230485e-06,1,False,,True,134,0.013075699098408222,0.06435639970004559,15.538470216805674,False,False,False,,12.943588256835938,7.9722490310668945,11.701526641845703,8.675801277160645,,,1.4274812936782837,False,,,,,,,,,,,,,,,,,,,,,,,,,,,,,,,,,,,,,,,,,,,,,,,,,,,,,,,,2.784773111343384,0.7847731113433838,2.0,1.5,3.0,,,,,-0.1763141334734959,-0.7946977264571892,0.11298786600491045,False,,True,caught
