step,t_wall_s,t_task_s,control_dt_s,control_loop_hz_inst,vision_frame_available,vision_frame_id,vision_age_s,camera_dt_s,camera_hz_inst,hand_detected,microrobot_detected,dead_reckoning_used,dead_reckoning_age_s,hand_x_cm,hand_y_cm,robot_x_cm,robot_y_cm,microrobot_x_cm,microrobot_y_cm,distance_cm,in_zpd,policy_inference_ms,action_x,action_y,action_norm,last_action_x,last_action_y,virtual_target_x_px,virtual_target_y_px,desired_target_x_px,desired_target_y_px,target_clipped,target_step_limited,robot_world_x,robot_world_y,robot_world_z,safety_stop,safety_reason,task_finished,done_reason
0,1785928013.41791,2.0023435354232788e-07,,,False,,,,,False,False,False,,3.0117945671081543,4.665825843811035,7.499386787414551,4.999767303466797,,,4.5,True,0.9589996188879013,0.0,0.0,0.0,0.0,0.0,767.937255859375,523.9756469726562,767.937255859375,523.9756469726562,False,False,-0.2270938567967156,-0.5227160875848554,0.11296988378348821,False,,False,keyboard_interrupt
1,1785928013.476419,0.058897499926388264,0.05889729969203472,16.978707092326,False,,,,,False,False,False,,3.1117944717407227,4.765438556671143,7.498481750488281,4.9983110427856445,,,4.392864227294922,True,1.0117003694176674,0.5,-0.5,0.7071067690849304,0.0,0.0,798.5645751953125,492.3829650878906,798.5645751953125,492.3829650878906,False,False,-0.2270853981287193,-0.5226287232256273,0.11296393554012274,False,,False,keyboard_interrupt
2,1785928013.538885,0.12105690035969019,0.062159400433301926,16.087671261775068,False,,,,,False,False,False,,3.211794376373291,4.865438461303711,7.494956970214844,4.994052410125732,,,4.285093307495117,True,0.9081996977329254,0.5,-0.5,0.7071067690849304,0.5,-0.5,798.2036743164062,491.9366760253906,798.2036743164062,491.9366760253906,False,False,-0.2270940090655316,-0.522347874352161,0.11297074497869082,False,,False,keyboard_interrupt
3,1785928013.599155,0.18237590044736862,0.06131900008767843,16.30815894861505,False,,,,,False,False,False,,3.3117942810058594,4.91718864440918,7.567322254180908,4.913151264190674,,,4.255529880523682,True,0.8880002424120903,0.5,-1.0,1.1180340051651,0.5,-0.5,802.3705444335938,458.6566467285156,802.3705444335938,458.6566467285156,False,True,-0.22195757753388604,-0.5210256603437635,0.11294610442902665,False,,False,keyboard_interrupt
4,1785928013.6614764,0.24412200041115284,0.06174609996378422,16.195354857821425,False,,,,,False,False,False,,3.4117941856384277,5.017188549041748,7.691638946533203,4.793084144592285,,,4.285707950592041,True,1.1059995740652084,0.5,-0.5,0.7071067690849304,0.5,-1.0,818.3438720703125,470.87518310546875,818.3438720703125,470.87518310546875,False,False,-0.21366959459462898,-0.5195468655637828,0.11305270934420576,False,,False,keyboard_interrupt
5,1785928013.7232165,0.30595230031758547,0.06183029990643263,16.17330017019638,False,,,,,False,False,False,,3.511794090270996,5.00281286239624,7.753312110900879,4.661037921905518,,,4.255265712738037,True,0.9895004332065582,0.5,-0.5,0.7071067690849304,0.5,-0.5,824.6591796875,457.0367736816406,824.6591796875,457.0367736816406,False,False,-0.20739504969372693,-0.5157453241007383,0.11292300881760055,False,,False,keyboard_interrupt
6,1785928013.783428,0.3671411005780101,0.061188800260424614,16.342860061709285,False,,,,,False,False,False,,3.6117939949035645,5.032902240753174,7.837539196014404,4.535051345825195,,,4.254971027374268,True,0.9313002228736877,0.5,-0.5,0.7071067690849304,0.5,-0.5,833.2839965820312,443.8333435058594,833.2839965820312,443.8333435058594,False,False,-0.2004188813478779,-0.5128424951687636,0.11295453818159427,False,,False,keyboard_interrupt
7,1785928013.8461623,0.42885980010032654,0.061718699522316456,16.2025448970845,False,,,,,False,False,False,,3.711793899536133,4.954884052276611,7.936750888824463,4.471949577331543,,,4.252468109130859,True,0.9115999564528465,0.5,-0.5,0.7071067690849304,0.5,-0.5,843.4432373046875,437.2203063964844,843.4432373046875,437.2203063964844,False,False,-0.19472832698264453,-0.5130364763770785,0.1129370199130016,False,,False,keyboard_interrupt
8,1785928013.9073422,0.49003580026328564,0.0611760001629591,16.34627954322324,False,,,,,False,False,False,,3.811793804168701,5.004117965698242,8.014259338378906,4.3851799964904785,,,4.247799396514893,True,1.041400246322155,0.5,-0.5,0.7071067690849304,0.5,-0.5,851.3801879882812,428.1268615722656,851.3801879882812,428.1268615722656,False,False,-0.18915136676664038,-0.5115956458970671,0.11294001086011017,False,,False,keyboard_interrupt
9,1785928013.9685848,0.5512697007507086,0.06123390048742294,16.330823155800662,False,,,,,False,False,False,,3.9117937088012695,4.963651657104492,8.105189323425293,4.283588409423828,,,4.24818229675293,True,0.9199995547533035,0.5,-0.5,0.7071067690849304,0.5,-0.5,860.69140625,417.4800720214844,860.69140625,417.4800720214844,False,False,-0.18259905108141683,-0.5099099384530679,0.1129300560926255,False,,False,keyboard_interrupt
10,1785928014.0293708,0.6120490003377199,0.06077929958701134,16.452970119677097,False,,,,,False,False,False,,4.011793613433838,4.955404758453369,8.197206497192383,4.198307991027832,,,4.253337383270264,True,0.9530996903777122,0.5,-0.5,0.7071067690849304,0.5,-0.5,870.1139526367188,408.54266357421875,870.1139526367188,408.54266357421875,False,False,-0.17648008554138914,-0.508947129576667,0.11293607123731353,False,,False,keyboard_interrupt
11,1785928014.0912023,0.6734204003587365,0.0613714000210166,16.294234768272364,False,,,,,False,False,False,,4.111793518066406,4.855404853820801,8.274807929992676,4.115743637084961,,,4.228213310241699,True,1.0059000924229622,0.5,-0.5,0.7071067690849304,0.5,-0.5,878.0603637695312,399.88995361328125,878.0603637695312,399.88995361328125,False,False,-0.17098674738850925,-0.5076789280200318,0.11293979605465412,False,,False,keyboard_interrupt
12,1785928014.1514347,0.7340889004990458,0.060668500140309334,16.483018332203347,False,,,,,False,False,False,,4.211793422698975,4.755404949188232,8.369255065917969,4.019093036651611,,,4.222160816192627,True,0.8852994069457054,0.5,-1.0,1.1180340051651,0.5,-0.5,884.4884643554688,364.9593505859375,884.4884643554688,364.9593505859375,False,True,-0.16440147196898192,-0.5062958308760512,0.1129577091926733,False,,False,keyboard_interrupt
13,1785928014.212621,0.7953002005815506,0.06121130008250475,16.336852813976048,False,,,,,False,False,False,,4.311793327331543,4.693172931671143,8.462321281433105,3.9263875484466553,,,4.220763206481934,True,0.9444998577237129,0.5,-1.0,1.1180340051651,0.5,-1.0,894.0184936523438,355.24383544921875,894.0184936523438,355.24383544921875,False,True,-0.15797320464431805,-0.5050380053846036,0.11301767091486234,False,,False,keyboard_interrupt
14,1785928014.2732878,0.8565011005848646,0.06120090000331402,16.33962899149931,False,,,,,False,False,False,,4.411793231964111,4.780941009521484,8.534624099731445,3.784043550491333,,,4.24164342880249,True,1.0094000026583672,0.5,-0.5,0.7071067690849304,0.5,-1.0,904.6654663085938,365.12774658203125,904.6654663085938,365.12774658203125,False,False,-0.15082037523694217,-0.5010412806651144,0.11296147165607952,False,,False,keyboard_interrupt
15,1785928014.3354619,0.9181470004841685,0.06164589989930391,16.221679002714854,False,,,,,False,False,False,,4.51179313659668,4.7187089920043945,8.617852210998535,3.5929834842681885,,,4.2575788497924805,True,0.8896002545952797,0.5,0.0,0.5,0.5,-0.5,913.1881103515625,376.544677734375,913.1881103515625,376.544677734375,False,False,-0.14172340276868742,-0.4952532690070839,0.11295765338845426,False,,False,keyboard_interrupt
16,1785928014.3966637,0.9793389001861215,0.061191899701952934,16.342032276668885,False,,,,,False,False,False,,4.611793041229248,4.715871334075928,8.711298942565918,3.5083212852478027,,,4.273654937744141,True,0.9156996384263039,0.5,0.0,0.5,0.5,0.0,922.7570190429688,367.67205810546875,922.7570190429688,367.67205810546875,False,False,-0.1354685108819657,-0.49433372679316107,0.11303572115658408,False,,False,keyboard_interrupt
17,1785928014.4583445,1.0410135006532073,0.06167460046708584,16.21413016746942,False,,,,,False,False,False,,4.711792945861816,4.615871429443359,8.791402816772461,3.520625591278076,,,4.224071502685547,True,0.9126001968979836,0.5,-0.5,0.7071067690849304,0.5,0.0,930.9596557617188,337.52154541015625,930.9596557617188,337.52154541015625,False,False,-0.13271387144552954,-0.4972063812782704,0.11302909742491027,False,,False,keyboard_interrupt
18,1785928014.5191052,1.1022888999432325,0.061275399290025234,16.319763095575386,False,,,,,False,False,False,,4.811792850494385,4.539191722869873,8.881884574890137,3.534406900405884,,,4.1922831535339355,True,1.0243002325296402,0.5,-0.5,0.7071067690849304,0.5,-0.5,940.2249755859375,338.9658508300781,940.2249755859375,338.9658508300781,False,False,-0.1295971263519376,-0.5004478749012437,0.11301013767663766,False,,False,keyboard_interrupt
19,1785928014.581372,1.1640458004549146,0.061756900511682034,16.192522482744067,False,,,,,False,False,False,,4.911792755126953,4.460630416870117,8.972278594970703,3.4330344200134277,,,4.188496112823486,True,0.9345998987555504,0.5,-1.0,1.1180340051651,0.5,-0.5,946.2380981445312,303.5404357910156,946.2380981445312,303.5404357910156,False,True,-0.12291991782619399,-0.49872207329666285,0.11291963711296818,False,,False,keyboard_interrupt
20,1785928014.6426582,1.2253271006047726,0.061281300149858,16.318191643365733,False,,,,,False,False,False,,5.0117926597595215,4.42497444152832,9.054557800292969,3.328561544418335,,,4.188803195953369,True,0.9499993175268173,0.5,-0.5,0.7071067690849304,0.5,-1.0,957.9067993164062,317.39324951171875,957.9067993164062,317.39324951171875,False,False,-0.11644801410577917,-0.49661969791675514,0.11299253493408211,False,,False,keyboard_interrupt
21,1785928014.7044039,1.2870796006172895,0.061752500012516975,16.193676366095367,False,,,,,False,False,False,,5.11179256439209,4.425222396850586,9.14040756225586,3.1819088459014893,,,4.2161078453063965,True,0.8938005194067955,0.5,-0.5,0.7071067690849304,0.5,-0.5,966.6978149414062,302.0240478515625,966.6978149414062,302.0240478515625,False,False,-0.10850364888828516,-0.49278858886233395,0.11292828833128216,False,,False,keyboard_interrupt
22,1785928014.9092338,1.3483522003516555,0.06127259973436594,16.32050874836849,False,,,,,False,False,False,,5.211792469024658,4.423789978027344,9.22736930847168,3.0616133213043213,,,4.240328311920166,True,29.37579993158579,0.5,0.0,0.5,0.5,-0.5,975.6026000976562,320.8570861816406,975.6026000976562,320.8570861816406,False,False,-0.10131350315769366,-0.49012249949828246,0.11300134000998668,False,,False,keyboard_interrupt
23,1785928014.9224644,1.5024681007489562,0.15411590039730072,6.488623155833145,False,,,,,False,False,False,,5.311792373657227,4.359118461608887,9.397619247436523,2.920196533203125,,,4.331798553466797,True,2.000899985432625,0.5,0.0,0.5,0.5,0.0,993.0361938476562,306.0365905761719,993.0361938476562,306.0365905761719,False,False,-0.0901386527200947,-0.4889807134508813,0.11303791212440539,False,,False,keyboard_interrupt
24,1785928014.9825406,1.5641662003472447,0.061698099598288536,16.20795464545782,True,1,0.020750200375914574,,,False,True,False,,5.411792278289795,4.259118556976318,9.42723560333252,2.900775671005249,7.63671875,4.961832046508789,4.238971710205078,True,0.9942995384335518,0.5,-0.5,0.7071067690849304,0.5,0.0,996.0689697265625,272.5613098144531,996.0689697265625,272.5613098144531,False,False,-0.08835317402682456,-0.4890072316463366,0.1130450642812039,False,,False,keyboard_interrupt
25,1785928015.0472288,1.6264315005391836,0.06226530019193888,16.060309625383677,True,2,0.007816600613296032,1.5440811002627015,0.6476343760893554,False,True,False,,5.511792182922363,4.201067924499512,9.490527153015137,2.8996944427490234,9.130859375,2.919847249984741,4.186156272888184,True,1.77839957177639,0.5,-0.5,0.7071067690849304,0.5,-0.5,1002.5499877929688,272.4479675292969,1002.5499877929688,272.4479675292969,False,False,-0.08580846269417676,-0.4908250279407918,0.11298698778955886,False,,False,keyboard_interrupt
26,1785928015.1074793,1.688044000416994,0.06161249987781048,16.230472744705924,False,,,,,False,False,False,,5.611792087554932,4.101068019866943,9.568488121032715,2.906613349914551,9.130859375,2.919847249984741,4.133057594299316,True,2.2582998499274254,1.0,0.0,1.0,0.5,-0.5,1041.2532958984375,304.61309814453125,1041.2532958984375,304.61309814453125,False,True,-0.08293227468204935,-0.493424867628354,0.11296797627215635,False,,False,keyboard_interrupt
27,1785928015.172298,1.7503938004374504,0.062349800020456314,16.038543823266643,True,3,0.06123939994722605,0.07519510015845299,13.298738852568519,False,True,False,,5.7117919921875,4.091361999511719,9.66208267211914,2.823488235473633,9.16015625,2.8816792964935303,4.148770809173584,True,1.9207997247576714,1.0,0.5,1.1180340051651,1.0,0.0,1044.3509521484375,324.0223693847656,1044.3509521484375,324.0223693847656,False,True,-0.07658584853008751,-0.49256496466017424,0.11289307431549553,False,,False,keyboard_interrupt
28,1785928015.2362761,1.812303800135851,0.0619099996984005,16.15247948427685,True,4,0.05172740016132593,0.07096529938280582,14.091394085519632,False,True,False,,5.811791896820068,3.9913620948791504,9.844168663024902,2.792207956314087,9.189453125,2.862595319747925,4.206902980804443,True,2.0257998257875443,0.5,-0.5,0.7071067690849304,1.0,0.5,1038.762939453125,261.18341064453125,1038.762939453125,261.18341064453125,False,False,-0.06834394025822718,-0.4965814084195575,0.11291305233187396,False,,False,keyboard_interrupt
29,1785928015.2944067,1.8744184002280235,0.06211460009217262,16.099274542798113,True,5,0.04094580002129078,0.0710012000054121,14.08426899719687,False,True,False,,5.911791801452637,3.891362190246582,10.031902313232422,2.907431125640869,9.267578125,2.824427366256714,4.235968589782715,True,1.136300154030323,0.5,-0.5,0.7071067690849304,0.5,-0.5,1057.98681640625,273.2587890625,1057.98681640625,273.2587890625,False,False,-0.06452139136185564,-0.50715592791448,0.11280687104912893,False,,False,keyboard_interrupt
30,1785928015.357593,1.9366022003814578,0.06218380015343428,16.081358770814397,True,6,0.025680700317025185,0.07289680000394583,13.718023286973791,False,True,False,,6.011791706085205,3.7913622856140137,10.097508430480957,2.841285467147827,9.345703125,2.786259651184082,4.19472599029541,True,1.7027007415890694,1.0,0.0,1.0,0.5,-0.5,1095.4249267578125,297.7667236328125,1095.4249267578125,297.7667236328125,False,True,-0.059799244183268915,-0.5062203196699929,0.11274735702271171,False,,False,keyboard_interrupt
31,1785928015.419222,1.9983250005170703,0.06172280013561249,16.201468465508345,True,7,0.018712200224399567,0.07744390051811934,12.912572756663163,False,True,False,,6.03708553314209,3.6913623809814453,10.171931266784668,2.6847310066223145,9.599609375,2.6335878372192383,4.255614757537842,True,1.7128996551036835,0.5,0.0,0.5,1.0,0.0,1072.3258056640625,281.35980224609375,1072.3258056640625,281.35980224609375,False,False,-0.051826889287527114,-0.5015996149368972,0.11287463323201626,False,,False,keyboard_interrupt
32,1785928015.480372,2.0610022004693747,0.06267719995230436,15.954765062271012,True,8,0.011711100116372108,0.06869500037282705,14.557100146629583,False,True,False,,6.137085437774658,3.6091413497924805,10.364109992980957,2.708994150161743,9.599609375,2.6335878372192383,4.321805477142334,True,1.1554993689060211,0.5,0.0,0.5,0.5,0.0,1092.0048828125,283.902587890625,1092.0048828125,283.902587890625,False,False,-0.044906062093125414,-0.5083649616405796,0.11282644241638556,False,,False,keyboard_interrupt
33,1785928015.542618,2.122225900180638,0.06122369971126318,16.333544113081953,True,9,0.0033344998955726624,0.06967529933899641,14.352288536782966,False,True,False,,6.237085342407227,3.5886693000793457,10.474191665649414,2.7270662784576416,9.990234375,2.6622138023376465,4.323821067810059,True,1.585700549185276,0.5,0.0,0.5,0.5,0.0,1103.2772216796875,285.79656982421875,1103.2772216796875,285.79656982421875,False,False,-0.0410718561784724,-0.5124261284726868,0.11282578801206189,False,,False,keyboard_interrupt
34,1785928015.603466,2.1840303000062704,0.06180439982563257,16.180077839462538,False,,,,,False,False,False,,6.337085247039795,3.4886693954467773,10.522541046142578,2.7110085487365723,9.990234375,2.6622138023376465,4.257087707519531,True,1.1309999972581863,1.0,1.0,1.4142135381698608,0.5,0.0,1120.952880859375,328.57659912109375,1120.952880859375,328.57659912109375,False,True,-0.038615842109411165,-0.5131641351454422,0.11290638658598733,False,,False,keyboard_interrupt
35,1785928015.6661358,2.2462797006592155,0.06224940065294504,16.064411697314707,True,10,0.05781030002981424,0.06960109993815422,14.367589030756335,False,True,False,,6.437085151672363,3.388669490814209,10.626354217529297,2.711451292037964,10.009765625,2.60496187210083,4.243653774261475,True,1.3735005632042885,1.0,0.5,1.1180340051651,1.0,1.0,1143.09228515625,312.2808837890625,1143.09228515625,312.2808837890625,False,True,-0.03446116991148027,-0.5162742309857713,0.1129157364697143,False,,False,keyboard_interrupt
36,1785928015.7292652,2.3083078004419804,0.06202809978276491,16.121725532495827,True,11,0.05211529973894358,0.06989140063524246,14.307911859127257,False,True,False,,6.537085056304932,3.3692688941955566,10.764098167419434,2.8350672721862793,10.009765625,2.60496187210083,4.260634899139404,True,1.369900070130825,0.5,-0.5,0.7071067690849304,1.0,0.5,1132.963623046875,265.675048828125,1132.963623046875,265.675048828125,False,False,-0.03290827212274589,-0.5257636114006004,0.1128695288022725,False,,False,keyboard_interrupt
37,1785928015.7943637,2.370398700237274,0.06209089979529381,16.105419687858916,True,12,0.047896199859678745,0.06740729976445436,14.83518852549151,False,True,False,,6.6370849609375,3.382281541824341,10.924015045166016,2.9480481147766113,10.205078125,2.576335906982422,4.308866024017334,True,1.9736997783184052,0.5,-0.5,0.7071067690849304,0.5,-0.5,1149.3392333984375,277.51544189453125,1149.3392333984375,277.51544189453125,False,False,-0.03012407741313771,-0.5354435472410077,0.11284775621572526,False,,False,keyboard_interrupt
38,1785928015.8405857,2.421140900813043,0.05074220057576895,19.707462204103393,True,13,0.03281120024621487,0.06631139945238829,15.080363380326514,False,True,False,,6.737084865570068,3.332934617996216,11.004955291748047,2.872906446456909,10.283203125,2.5572519302368164,4.292591571807861,True,1.0556001216173172,0.5,-0.5,0.7071067690849304,0.5,-0.5,1157.62744140625,269.6405944824219,1157.62744140625,269.6405944824219,False,False,-0.024446946592812616,-0.5345969475288015,0.1127632562196223,False,,False,keyboard_interrupt
39,1785928015.8986158,2.4792041005566716,0.0580631997436285,17.22261267748569,True,14,0.016303700394928455,0.06582590006291866,15.191588706636226,False,True,False,,6.837084770202637,3.2329347133636475,11.062213897705078,2.725135326385498,10.283203125,2.566793918609619,4.255535125732422,True,1.7240000888705254,1.0,0.5,1.1180340051651,0.5,-0.5,1187.724365234375,313.7149658203125,1187.724365234375,313.7149658203125,False,True,-0.017359608123698463,-0.5298780548707883,0.11280179046839398,False,,False,keyboard_interrupt
40,1785928015.962362,2.541948700323701,0.06274459976702929,15.937626564086793,True,15,0.0160387996584177,0.07457680068910122,13.408995703219295,False,True,False,,6.937084674835205,3.132934808731079,11.161420822143555,2.6625354290008545,10.517578125,2.576335906982422,4.25044584274292,True,1.695600338280201,1.0,0.0,1.0,1.0,0.5,1204.3695068359375,279.0337219238281,1204.3695068359375,279.0337219238281,False,True,-0.011323901580806022,-0.5301171332117081,0.11290472022347664,False,,False,keyboard_interrupt
41,1785928016.024579,2.603678500279784,0.0617297999560833,16.19963130791667,True,16,0.007177899591624737,0.06300830002874136,15.87092493439512,False,True,False,,7.037084579467773,3.0329349040985107,11.327580451965332,2.730498790740967,10.78125,2.6908397674560547,4.30114221572876,True,1.6885995864868164,0.5,1.0,1.1180340051651,1.0,0.0,1187.4210205078125,342.3978576660156,1187.4210205078125,342.3978576660156,False,True,-0.0068205097406122146,-0.5380556016376059,0.11293478060153475,False,,False,keyboard_interrupt
42,1785928016.0856848,2.6662558000534773,0.06257729977369308,15.980235702346343,False,,,,,False,False,False,,7.137084484100342,2.9329349994659424,11.49656867980957,2.777555465698242,10.78125,2.6908397674560547,4.362252235412598,True,2.6225000619888306,0.5,0.5,0.7071067690849304,0.5,1.0,1207.9686279296875,322.5278015136719,1207.9686279296875,322.5278015136719,False,False,-0.0015200826374862197,-0.5451717219338202,0.11277524638000003,False,,False,keyboard_interrupt
43,1785928016.1493125,2.7284344006329775,0.0621786005795002,16.082703545593983,True,17,0.06094700004905462,0.07058809977024794,14.166693865606627,False,True,False,,7.23708438873291,2.832935094833374,11.60529613494873,2.8732383251190186,10.83984375,2.643129825592041,4.3683977127075195,True,1.3827001675963402,0.5,0.0,0.5,0.5,0.5,1219.102294921875,301.1153869628906,1219.102294921875,301.1153869628906,False,False,-0.00024168493969612824,-0.5525937577496514,0.11293581901102194,False,,False,keyboard_interrupt
44,1785928016.1991336,2.778198200277984,0.04976379964500666,20.094928585308313,True,18,0.039164300076663494,0.07129789981991053,14.025658575159625,False,True,False,,7.3370842933654785,2.7329351902008057,11.644840240478516,3.023935317993164,10.95703125,2.5572519302368164,4.317573547363281,True,1.1911001056432724,0.5,0.0,0.5,0.5,0.0,1223.1517333984375,316.9084167480469,1223.1517333984375,316.9084167480469,False,False,-0.003551668517938626,-0.5603139900456791,0.1128376489552791,False,,False,keyboard_interrupt
45,1785928016.25861,2.8371302001178265,0.05893199983984232,16.968709745429805,True,19,0.02772609982639551,0.07123829983174801,14.037392840112963,False,True,False,,7.437084197998047,2.6329352855682373,11.728341102600098,3.0164401531219482,11.11328125,2.5,4.308359622955322,True,1.78460031747818,0.5,0.0,0.5,0.5,0.0,1231.7020263671875,316.1229248046875,1231.7020263671875,316.1229248046875,False,False,6.574767385750442e-05,-0.5624982734991083,0.11294798274448008,False,,False,keyboard_interrupt
46,1785928016.319556,2.8991757007315755,0.06204550061374903,16.117204150310364,True,20,0.024716400541365147,0.07036660052835941,14.211287634919584,False,True,False,,7.537084102630615,2.579444408416748,11.832623481750488,2.97609281539917,11.328125,2.5477099418640137,4.31381368637085,True,1.6920994967222214,0.5,0.0,0.5,0.5,0.0,1242.3807373046875,311.89453125,1242.3807373046875,311.89453125,False,False,0.005599597002563097,-0.5638871082102077,0.11293210312477245,False,,False,keyboard_interrupt
47,1785928016.3791795,2.961308400146663,0.0621326994150877,16.09458480661424,True,21,0.020091899670660496,0.06505579967051744,15.371419689937172,False,True,False,,7.637084007263184,2.5744833946228027,11.910926818847656,2.995006561279297,11.50390625,2.576335906982422,4.2944817543029785,True,1.0088998824357986,0.5,0.0,0.5,0.5,0.0,1250.39892578125,313.8766784667969,1250.39892578125,313.8766784667969,False,False,0.00815160622327348,-0.5670627459068827,0.11299871191316274,False,,False,keyboard_interrupt
48,1785928016.4433298,3.0234395004808903,0.062131100334227085,16.094999036241358,False,,,,,False,False,False,,7.737083911895752,2.4744834899902344,11.998209953308105,2.99385142326355,11.50390625,2.576335906982422,4.292661190032959,True,1.0933000594377518,0.5,0.0,0.5,0.5,0.0,1259.336669921875,313.7556457519531,1259.336669921875,313.7556457519531,False,False,0.011725147775645851,-0.5696415273349461,0.11308727894819898,False,,False,keyboard_interrupt
49,1785928016.5065863,3.085083399899304,0.06164389941841364,16.222205432080276,True,22,0.06152129918336868,0.06676200032234192,14.978580557379582,False,True,False,,7.83708381652832,2.5244834423065186,12.092757225036621,2.9871249198913574,11.640625,2.681297779083252,4.280746936798096,True,1.8870998173952103,0.5,0.5,0.7071067690849304,0.5,0.0,1269.018310546875,344.4906921386719,1269.018310546875,344.4906921386719,False,False,0.015778815068375782,-0.5722002743154029,0.11300417577402545,False,,False,keyboard_interrupt
50,1785928016.5692372,3.1467460999265313,0.0616627000272274,16.217259373307463,True,23,0.055227299220860004,0.08271559979766607,12.089617949288161,False,True,False,,7.937083721160889,2.42448353767395,12.182229042053223,2.9866771697998047,11.640625,2.681297779083252,4.282209873199463,True,2.025000751018524,0.5,0.0,0.5,0.5,0.5,1278.18017578125,313.0037536621094,1278.18017578125,313.0037536621094,False,False,0.019424177733439425,-0.5748800796665193,0.11302509632691116,False,,False,keyboard_interrupt
51,1785928016.6302466,3.2082237005233765,0.06147760059684515,16.266087002284813,True,24,0.04191240016371012,0.06757969968020916,14.797343059114716,False,True,False,,8.037083625793457,2.324483633041382,12.266035079956055,3.059695243835449,11.7578125,2.7003817558288574,4.292385101318359,True,1.3595996424555779,0.5,0.0,0.5,0.5,0.0,1286.761962890625,320.65606689453125,1286.761962890625,320.65606689453125,False,False,0.02042861348412987,-0.5805674597034759,0.11300142668623361,False,,False,keyboard_interrupt
52,1785928016.6906016,3.2700805999338627,0.06185689941048622,16.16634537990561,True,25,0.02866329997777939,0.0747926002368331,13.370306645757319,False,True,False,,8.137084007263184,2.3509621620178223,12.35715103149414,3.101099967956543,11.8359375,2.719465732574463,4.286218643188477,True,0.9936997666954994,0.5,0.0,0.5,0.5,0.0,1296.09228515625,324.99530029296875,1296.09228515625,324.99530029296875,False,False,0.022767483636819408,-0.5851081267073861,0.11291159668529993,False,,False,keyboard_interrupt
53,1785928016.752287,3.332350800745189,0.062270200811326504,16.059045690729604,True,26,0.021205500699579716,0.0751069001853466,13.314355905146256,False,True,False,,8.23708438873291,2.250962257385254,12.44706916809082,3.0601141452789307,11.9140625,2.7385497093200684,4.287038326263428,True,1.1280002072453499,0.5,0.0,0.5,0.5,0.0,1305.2999267578125,320.699951171875,1305.2999267578125,320.699951171875,False,False,0.027768581978431118,-0.5860565621776801,0.1130236070657826,False,,False,keyboard_interrupt
54,1785928016.8165665,3.395083900541067,0.06273309979587793,15.940548183555693,True,27,0.012744400650262833,0.06973319966346025,14.34037165691672,False,True,False,,8.337084770202637,2.2578721046447754,12.540140151977539,3.067953586578369,12.05078125,2.748091697692871,4.280409812927246,True,1.7041992396116257,0.5,0.0,0.5,0.5,0.0,1314.830322265625,321.52154541015625,1314.830322265625,321.52154541015625,False,False,0.03129537238274465,-0.5892112799835495,0.11298669284798463,False,,False,keyboard_interrupt
55,1785928016.8766873,3.456771700643003,0.061687800101935863,16.210660752167403,True,28,0.00714850053191185,0.07119440007954836,14.046048549923308,False,True,False,,8.437085151672363,2.157872200012207,12.620870590209961,3.0704152584075928,12.158203125,2.786259651184082,4.282148361206055,True,1.3276999816298485,0.5,0.0,0.5,0.5,0.0,1323.09716796875,321.7795104980469,1323.09716796875,321.7795104980469,False,False,0.034499656269526786,-0.5917621166584479,0.11296501250628077,False,,False,keyboard_interrupt
56,1785928016.9368784,3.5183530999347568,0.06158139929175377,16.238669655138995,False,,,,,False,False,False,,8.53708553314209,2.0578722953796387,12.710731506347656,3.06503963470459,12.158203125,2.786259651184082,4.293449401855469,True,2.215700224041939,0.5,-0.5,0.7071067690849304,0.5,0.0,1332.2989501953125,289.7761535644531,1332.2989501953125,289.7761535644531,False,False,0.03833720178409411,-0.5942531633923559,0.1130012133913903,False,,False,keyboard_interrupt
57,1785928017.001546,3.5800502002239227,0.061697100289165974,16.208217166011615,True,29,0.060529399663209915,0.06728420034050941,14.862330159818153,False,True,False,,8.637085914611816,1.980880856513977,12.803284645080566,3.0637919902801514,12.236328125,2.814885377883911,4.304637908935547,True,2.0403992384672165,0.5,0.5,0.7071067690849304,0.5,-0.5,1341.7762451171875,352.525390625,1341.7762451171875,352.525390625,False,False,0.04215133435675283,-0.5970063782799548,0.1129585140430732,False,,False,keyboard_interrupt
58,1785928017.0653636,3.642345200292766,0.062295000068843365,16.05265268311873,True,30,0.04691080003976822,0.0702887000516057,14.227037906033313,False,True,False,,8.737086296081543,1.9752503633499146,12.890763282775879,2.97316312789917,12.333984375,2.814885377883911,4.271868705749512,True,1.4423001557588577,0.5,0.0,0.5,0.5,0.5,1350.734130859375,311.5874938964844,1350.734130859375,311.5874938964844,False,False,0.04872748634203695,-0.5957473611035078,0.11296547325018963,False,,False,keyboard_interrupt
59,1785928017.1234674,3.7045167004689574,0.06217150017619133,16.08454029846543,True,31,0.03772259969264269,0.07551709935069084,13.242034037299817,False,True,False,,8.83708667755127,1.8752503395080566,12.979016304016113,3.0196151733398438,12.470703125,2.824427366256714,4.297109603881836,True,0.9183995425701141,0.5,-0.5,0.7071067690849304,0.5,0.0,1359.7713623046875,285.01568603515625,1359.7713623046875,285.01568603515625,False,False,0.050790866584365095,-0.6004356492675211,0.11300788805224543,False,,False,keyboard_interrupt
60,1785928017.1857762,3.7673490000888705,0.0628322996199131,15.91538119803394,True,32,0.021997099742293358,0.0713584003970027,14.013767046857787,False,True,False,,8.937087059020996,1.919132113456726,13.066997528076172,3.093949794769287,12.5390625,2.8339693546295166,4.293757915496826,True,0.9417999535799026,0.5,0.0,0.5,0.5,-0.5,1368.7806396484375,324.2459411621094,1368.7806396484375,324.2459411621094,False,False,0.0519162677997865,-0.6063179342200935,0.11274047916485751,False,,False,keyboard_interrupt
61,1785928017.2495475,3.8301177006214857,0.06276870053261518,15.931507128786121,True,33,0.018312300555408,0.07855950016528368,12.729205225288732,False,True,False,,9.037087440490723,1.8191320896148682,13.156699180603027,2.9537103176116943,12.5390625,2.8339693546295166,4.272993087768555,True,1.1692000553011894,0.5,0.0,0.5,0.5,0.0,1377.966064453125,309.5488586425781,1377.966064453125,309.5488586425781,False,False,0.06025562738279934,-0.6029936736414584,0.11294050775105424,False,,False,keyboard_interrupt
62,1785928017.3124173,3.8916324004530907,0.06151469983160496,16.256276999440402,True,34,0.007076600566506386,0.06646019965410233,15.046599396399404,False,True,False,,9.13708782196045,1.7191320657730103,13.25058364868164,2.938654899597168,12.734375,2.824427366256714,4.290464401245117,True,1.7136000096797943,0.5,-0.5,0.7071067690849304,0.5,0.0,1387.579833984375,276.5310363769531,1387.579833984375,276.5310363769531,False,False,0.06460662506980101,-0.6052027612048465,0.11294917696731133,False,,False,keyboard_interrupt
63,1785928017.375242,3.9532842999324203,0.061651899479329586,16.220100409643926,True,35,0.0023371996358036995,0.0727479001507163,13.746101233550913,False,True,False,,9.237088203430176,1.738036036491394,13.327526092529297,2.9772751331329346,12.919921875,2.814885377883911,4.2740373611450195,True,2.1369997411966324,0.5,-0.5,0.7071067690849304,0.5,-0.5,1395.458740234375,280.57843017578125,1395.458740234375,280.57843017578125,False,False,0.06647144576769899,-0.6092167530348752,0.11286087779834475,False,,False,keyboard_interrupt
64,1785928017.4362571,4.015385900624096,0.06210160069167614,16.10264451901698,False,,,,,False,False,False,,9.337088584899902,1.7624752521514893,13.415103912353516,2.882000684738159,12.919921875,2.814885377883911,4.228894233703613,True,1.9725998863577843,0.5,0.0,0.5,0.5,-0.5,1404.4266357421875,302.0336608886719,1404.4266357421875,302.0336608886719,False,False,0.0732579767212036,-0.6077708216528204,0.11294571825091082,False,,False,keyboard_interrupt
65,1785928017.4995022,4.077411500737071,0.062025600112974644,16.122375247939246,True,36,0.055095900781452656,0.06638909969478846,15.062713677355381,False,True,False,,9.437088966369629,1.8271903991699219,13.511032104492188,2.7580413818359375,12.919921875,2.814885377883911,4.1789350509643555,True,1.6564000397920609,0.0,1.0,1.0,0.5,0.0,1383.5296630859375,351.9227294921875,1383.5296630859375,351.9227294921875,False,True,0.08137114107286052,-0.605333330998305,0.11291216350698519,False,,False,keyboard_interrupt
66,1785928017.5478606,4.127346800640225,0.04993529990315437,20.02591357094925,True,37,0.035075800493359566,0.07174979988485575,13.937321102007287,False,True,False,,9.537089347839355,1.7419054508209229,13.580511093139648,2.754509449005127,13.125,2.8435113430023193,4.168288230895996,True,1.371299847960472,0.0,1.0,1.0,0.0,1.0,1390.644287109375,351.5525817871094,1390.644287109375,351.5525817871094,False,True,0.08435381361289274,-0.6073043016635237,0.11290113018922639,False,,False,keyboard_interrupt
67,1785928017.6043124,4.1864343006163836,0.05908749997615814,16.924053317596798,True,38,0.02472670003771782,0.06957210041582584,14.373577828225608,False,True,False,,9.637089729309082,1.641905426979065,13.619974136352539,2.903965473175049,13.125,2.824427366256714,4.1780571937561035,True,0.9203003719449043,0.0,1.0,1.0,0.0,1.0,1394.6854248046875,367.215576171875,1394.6854248046875,367.215576171875,False,True,0.08094724826377134,-0.6149795147372137,0.1130251085273346,False,,False,keyboard_interrupt
68,1785928017.6683614,4.248940700665116,0.06250640004873276,15.99836175528195,True,39,0.013331100344657898,0.06943359971046448,14.402249115269303,False,True,False,,9.737090110778809,1.541905403137207,13.585565567016602,3.1169521808624268,13.30078125,2.7671756744384766,4.158309459686279,True,1.179000362753868,0.0,0.5,0.5,0.0,1.0,1391.1619873046875,358.0965881347656,1391.1619873046875,358.0965881347656,False,False,0.07238503689808053,-0.6231152743380247,0.11295992796532936,False,,False,keyboard_interrupt
69,1785928017.7295728,4.310081000439823,0.061140299774706364,16.355824287497168,True,40,0.004377400502562523,0.073904599994421,13.530957478634472,False,True,False,,9.837090492248535,1.5139206647872925,13.58729362487793,3.284695863723755,13.3984375,2.7671756744384766,4.147248268127441,True,0.940999947488308,0.0,1.0,1.0,0.0,0.5,1391.3387451171875,407.11614990234375,1391.3387451171875,407.11614990234375,False,True,0.06684735169449706,-0.6303789458873306,0.11301106826233277,False,,False,keyboard_interrupt
70,1785928017.7907035,4.371226199902594,0.061145199462771416,16.354513662333467,False,,,,,False,False,False,,9.937090873718262,1.558633804321289,13.590295791625977,3.3808882236480713,13.3984375,2.7671756744384766,4.082464694976807,True,1.2544002383947372,0.0,0.5,0.5,0.0,1.0,1391.6463623046875,385.757080078125,1391.6463623046875,385.757080078125,False,False,0.06376163926362838,-0.6345957077807779,0.1128724355618884,False,,False,keyboard_interrupt
71,1785928017.8537362,4.433258900418878,0.06203270051628351,16.12052984437621,True,41,0.05638459976762533,0.07009910047054291,14.265518291782085,False,True,False,,10.037091255187988,1.658633828163147,13.59634017944336,3.5097501277923584,13.427734375,2.7385497093200684,4.011843204498291,True,1.9717998802661896,0.0,1.0,1.0,0.0,0.5,1392.2652587890625,430.7018127441406,1392.2652587890625,430.7018127441406,False,True,0.059718925250181736,-0.6402948240654872,0.11312231571379112,False,,False,keyboard_interrupt
72,1785928017.9148023,4.4953126003965735,0.06205369997769594,16.115074529954402,True,42,0.0538264000788331,0.07147999946027994,13.989927358011254,False,True,False,,10.137091636657715,1.630742073059082,13.587821006774902,3.6546897888183594,13.779296875,2.9007632732391357,4.000487327575684,True,1.4332998543977737,0.0,1.0,1.0,0.0,1.0,1391.392822265625,445.8915100097656,1391.392822265625,445.8915100097656,False,True,0.054558509633656826,-0.6462221838414745,0.1128154013466286,False,,False,keyboard_interrupt
73,1785928017.9777691,4.557251000776887,0.061938400380313396,16.145073070337826,True,43,0.03385480027645826,0.06430190056562424,15.551639861397806,False,True,False,,10.237092018127441,1.73074209690094,13.59406566619873,3.7877042293548584,13.798828125,3.0152671337127686,3.9370501041412354,True,1.2432001531124115,0.0,1.0,1.0,0.0,1.0,1392.0323486328125,459.8313903808594,1392.0323486328125,459.8313903808594,False,True,0.05040726988016343,-0.652076511350298,0.11304495431935276,False,,False,keyboard_interrupt
74,1785928018.036763,4.618310200050473,0.06105919927358627,16.377548541364384,True,44,0.022044199518859386,0.0819097999483347,12.208551365413644,False,True,False,,10.337092399597168,1.8307421207427979,13.595202445983887,3.999915599822998,13.828125,3.1679389476776123,3.9141530990600586,True,1.0164007544517517,0.0,1.0,1.0,0.0,1.0,1392.148681640625,482.0711364746094,1392.148681640625,482.0711364746094,False,True,0.043446419668680875,-0.6611188135354654,0.11292514170832549,False,,False,keyboard_interrupt
75,1785928018.1015012,4.679998100735247,0.06168790068477392,16.210634320496894,True,45,0.01683500036597252,0.07287009991705418,13.723049661497235,False,True,False,,10.437092781066895,1.9307421445846558,13.591303825378418,4.156583786010742,13.828125,3.3110687732696533,3.860494375228882,True,1.7457995563745499,0.0,1.0,1.0,0.0,1.0,1391.74951171875,498.489990234375,1391.74951171875,498.489990234375,False,True,0.03813270641153881,-0.6676278389541777,0.11294406651489866,False,,False,keyboard_interrupt
76,1785928018.1606736,4.74114160053432,0.06114349979907274,16.354968284219236,True,46,0.008574999868869781,0.06689759995788336,14.948219377519804,False,True,False,,10.443388938903809,2.0307421684265137,13.595101356506348,4.3379364013671875,13.84765625,3.530534267425537,3.9059488773345947,True,1.198500394821167,0.0,1.0,1.0,0.0,1.0,1392.138427734375,517.4957275390625,1392.138427734375,517.4957275390625,False,True,0.03233664763015687,-0.6753920439096683,0.11299428738546527,False,,False,keyboard_interrupt
77,1785928018.2227218,4.802270800806582,0.061129200272262096,16.358794087704737,True,47,0.005270200781524181,0.06939660012722015,14.409927837484355,False,True,False,,10.543389320373535,2.130742073059082,13.594114303588867,4.5231032371521,13.84765625,3.8358778953552246,3.8768951892852783,True,1.744300127029419,0.0,1.0,1.0,0.0,1.0,1392.0372314453125,536.9012451171875,1392.0372314453125,536.9012451171875,False,True,0.026242017179922625,-0.683145540015074,0.11283967459701927,False,,False,keyboard_interrupt
78,1785928018.2845092,4.864570100791752,0.062299299985170364,16.051544724227053,False,,,,,False,False,False,,10.643389701843262,2.226898193359375,13.592267990112305,4.682652473449707,13.84765625,3.8358778953552246,3.837526798248291,True,1.3764994218945503,0.0,1.0,1.0,0.0,1.0,1391.84814453125,553.6219482421875,1391.84814453125,553.6219482421875,False,True,0.020966889507157038,-0.6897752057409993,0.11288391953681381,False,,False,keyboard_interrupt
79,1785928018.3373754,4.914329200051725,0.04975909925997257,20.09682680900987,True,48,0.03839289955794811,0.06443559937179089,15.519371430535458,False,True,False,,10.743390083312988,2.3268980979919434,13.594698905944824,4.844317436218262,13.84765625,4.036259651184082,3.803598403930664,True,1.9788993522524834,0.0,1.0,1.0,0.0,1.0,1392.09716796875,570.564453125,1392.09716796875,570.564453125,False,True,0.01581009534511613,-0.6966039920807248,0.11292551439734416,False,,False,keyboard_interrupt
80,1785928018.3923745,4.972348900511861,0.05801970046013594,17.235525038380334,True,49,0.03163340035825968,0.07933770027011633,12.604348205145344,False,True,False,,10.843390464782715,2.4268980026245117,13.596848487854004,5.00448751449585,13.84765625,4.1984734535217285,3.7716705799102783,True,2.0542005077004433,0.0,1.0,1.0,0.0,1.0,1392.3172607421875,587.3502807617188,1392.3172607421875,587.3502807617188,False,True,0.010705310616348081,-0.7033423123723912,0.11295211522550752,False,,False,keyboard_interrupt
81,1785928018.4525359,5.0330272000283,0.06067829951643944,16.480356370716557,True,50,0.020350699312984943,0.0643750000745058,15.533980564545681,False,True,False,,10.943390846252441,2.52689790725708,13.592503547668457,5.163820266723633,13.84765625,4.446564674377441,3.7378010749816895,True,1.7805993556976318,0.0,1.0,1.0,0.0,1.0,1391.8724365234375,604.04833984375,1391.8724365234375,604.04833984375,False,True,0.005382418467551924,-0.7098293786077938,0.11293154273533611,False,,False,keyboard_interrupt
82,1785928018.5147672,5.095245400443673,0.06221820041537285,16.072467434350937,True,51,0.01219830010086298,0.07206089980900288,13.877151168671165,False,True,False,,11.043391227722168,2.5889127254486084,13.594622611999512,5.35250997543335,13.837890625,4.637404441833496,3.761150360107422,True,1.7388993874192238,0.0,1.0,1.0,0.0,1.0,1392.08935546875,623.8230590820312,1392.08935546875,623.8230590820312,False,True,-0.0006114151381339721,-0.7177078564938048,0.11298824119023443,False,,False,keyboard_interrupt
83,1785928018.5766785,5.156869100406766,0.061623699963092804,16.22752286212792,True,52,0.005822800099849701,0.07028259988874197,14.228272738672297,False,True,False,,11.143391609191895,2.6889126300811768,13.594730377197266,5.533438682556152,13.84765625,4.923664093017578,3.7550487518310547,True,1.1722994968295097,0.0,1.0,1.0,0.0,1.0,1392.100341796875,642.7843627929688,1392.100341796875,642.7843627929688,False,True,-0.006416421885817381,-0.7251789999497847,0.11303528650957824,False,,False,keyboard_interrupt
84,1785928018.6393685,5.219393000006676,0.06252389959990978,15.993884041126618,True,53,0.0029722992330789566,0.06799340061843395,14.70730969335995,False,True,False,,11.243391990661621,2.788912534713745,13.593376159667969,5.713515281677246,13.857421875,5.085877895355225,3.751763105392456,True,1.7491001635789871,0.0,1.0,1.0,0.0,1.0,1391.961669921875,661.6563720703125,1391.961669921875,661.6563720703125,False,True,-0.012233439047452648,-0.7325467077016841,0.11294115175654518,False,,False,keyboard_interrupt
85,1785928018.7037842,5.28210199996829,0.06270899996161461,15.946674330831609,False,,,,,False,False,False,,11.343392372131348,2.8889124393463135,13.595405578613281,5.874054431915283,13.857421875,5.085877895355225,3.7393362522125244,True,1.39669980853796,0.0,1.0,1.0,0.0,1.0,1392.1695556640625,678.4808959960938,1392.1695556640625,678.4808959960938,False,True,-0.0172752337277623,-0.7391930297112657,0.11291352175326078,False,,False,keyboard_interrupt
86,1785928018.7673998,5.344290600158274,0.062188600189983845,16.08011752869557,True,54,0.04395390022546053,0.06537309940904379,15.296811823819674,False,True,False,,11.443392753601074,2.988912343978882,13.594552040100098,6.058294296264648,13.857421875,5.085877895355225,3.74814510345459,True,2.096600830554962,0.0,1.0,1.0,0.0,1.0,1392.0821533203125,697.7891845703125,1392.0821533203125,697.7891845703125,False,True,-0.02316949359343034,-0.7467008543730563,0.1128624384564213,False,,False,keyboard_interrupt
87,1785928018.8245335,5.4055151008069515,0.06122450064867735,16.333330438058923,True,55,0.025455900467932224,0.08428520057350397,11.864479092363476,False,True,False,,11.5433931350708,3.08891224861145,13.592303276062012,6.24014139175415,13.84765625,5.505725383758545,3.7587602138519287,True,1.1782003566622734,0.0,1.0,1.0,0.0,1.0,1391.851806640625,716.8468017578125,1391.851806640625,716.8468017578125,False,True,-0.02902371859926799,-0.7540444082157514,0.11288139183977731,False,,False,keyboard_interrupt
88,1785928018.889015,5.466973599977791,0.061458499170839787,16.27114253506649,True,56,0.0026607997715473175,0.07935380004346371,12.601790959629904,False,True,False,,11.643393516540527,3.1889121532440186,13.593419075012207,6.418161392211914,13.857421875,5.734732627868652,3.772353410720825,True,2.220599912106991,0.0,1.0,1.0,0.0,1.0,1391.9661865234375,735.5032958984375,1391.9661865234375,735.5032958984375,False,True,-0.034605681320237995,-0.7613106509471707,0.11296518403191515,False,,False,keyboard_interrupt
89,1785928018.948761,5.529274900443852,0.06230130046606064,16.051029312698883,False,,,,,False,False,False,,11.743393898010254,3.288912057876587,13.594778060913086,6.578507900238037,13.857421875,5.734732627868652,3.7747931480407715,True,1.969100907444954,0.0,1.0,1.0,0.0,1.0,1392.105224609375,752.3076171875,1392.105224609375,752.3076171875,False,True,-0.039604510508457584,-0.7678466015577655,0.11300829589077344,False,,False,keyboard_interrupt
90,1785928019.0135708,5.591990699991584,0.06271579954773188,15.944945407877928,True,57,0.05558349937200546,0.08425759989768267,11.868365598050971,False,True,False,,11.84339427947998,3.331496238708496,13.591179847717285,6.7642502784729,13.857421875,5.734732627868652,3.8520843982696533,True,1.9402001053094864,0.0,1.0,1.0,0.0,1.0,1391.73681640625,771.7734375,1391.73681640625,771.7734375,False,True,-0.04558015817590773,-0.7752382124833428,0.11291557457528925,False,,False,keyboard_interrupt
91,1785928019.0745535,5.652955600060523,0.06096490006893873,16.40288098347092,True,58,0.05296409968286753,0.07243529986590147,13.805423624272793,False,True,False,,11.943394660949707,3.4314961433410645,13.591209411621094,6.947613716125488,13.84765625,5.93511438369751,3.8830885887145996,True,1.3234000653028488,0.0,1.0,1.0,0.0,1.0,1391.7398681640625,790.9898681640625,1391.7398681640625,790.9898681640625,False,True,-0.051319697387801025,-0.7826193663507038,0.11302766177250587,False,,False,keyboard_interrupt
92,1785928019.1223571,5.703319299966097,0.05036369990557432,19.85557061683069,True,59,0.035347399301826954,0.06323879957199097,15.813076889000737,False,True,False,,12.043395042419434,3.531496047973633,13.592124938964844,7.080535888671875,13.84765625,6.097328186035156,3.8722407817840576,True,0.950399786233902,0.0,0.5,0.5,0.0,1.0,1391.8336181640625,773.4801635742188,1391.8336181640625,773.4801635742188,False,False,-0.05543384221051838,-0.7879820261315758,0.11287104772105853,False,,False,keyboard_interrupt
93,1785928019.181587,5.76100780069828,0.057688500732183456,17.334477188832828,True,60,0.023058800026774406,0.06797800026834011,14.710641620120404,False,True,False,,12.14339542388916,3.631495952606201,13.590234756469727,7.239270210266113,13.84765625,6.307251930236816,3.8870785236358643,True,1.1796001344919205,0.0,0.5,0.5,0.0,0.5,1391.64013671875,790.1155395507812,1391.64013671875,790.1155395507812,False,False,-0.060450547670114665,-0.7942796450518226,0.11286316700574016,False,,False,keyboard_interrupt
94,1785928019.2454987,5.823958800174296,0.06295099947601557,15.885371293922054,True,61,0.019015999510884285,0.06997769977897406,14.29026680154563,False,True,False,,12.243395805358887,3.7314958572387695,13.58530044555664,7.369914531707764,13.84765625,6.622137546539307,3.8779890537261963,True,1.774500124156475,0.0,1.0,1.0,0.0,0.5,1391.134765625,835.2470703125,1391.134765625,835.2470703125,False,True,-0.06470038710611109,-0.799347597120847,0.11298369976715529,False,,False,keyboard_interrupt
95,1785928019.3047588,5.885262600146234,0.06130379997193813,16.312202513673718,True,62,0.013228199444711208,0.06699180044233799,14.927199946816362,False,True,False,,12.343396186828613,3.831495761871338,13.583416938781738,7.419805526733398,13.837890625,6.784351348876953,3.796527147293091,True,1.735299825668335,-1.0,1.0,1.4142135381698608,0.0,1.0,1347.497314453125,822.0584716796875,1347.497314453125,822.0584716796875,False,True,-0.06632064954274627,-0.8012798206132937,0.11294317338374986,False,,False,keyboard_interrupt
96,1785928019.3674037,5.94789900071919,0.06263640057295561,15.965157493928027,True,63,0.008422200568020344,0.06709389947354794,14.904484727322405,False,True,False,,12.44339656829834,3.9314956665039062,13.591124534606934,7.610381126403809,13.837890625,6.917938709259033,3.8537614345550537,True,0.9874999523162842,-1.0,1.0,1.4142135381698608,-1.0,1.0,1348.2864990234375,842.03076171875,1348.2864990234375,842.03076171875,False,True,-0.07191835989955524,-0.8090940946106292,0.11317118457488845,False,,False,keyboard_interrupt
97,1785928019.4291415,6.010146800428629,0.06224779970943928,16.064824855943616,True,64,0.005559099838137627,0.06744550075381994,14.826785906002225,False,True,False,,12.53027057647705,4.031495571136475,13.452776908874512,7.763787269592285,13.828125,7.156488418579102,3.844609022140503,True,1.1275997385382652,-1.0,1.0,1.4142135381698608,-1.0,1.0,1334.1197509765625,858.1077880859375,1334.1197509765625,858.1077880859375,False,True,-0.08200544694780829,-0.81101250214375,0.11257874634159173,False,,False,keyboard_interrupt
98,1785928019.4937384,6.0722187999635935,0.06207199953496456,16.110323615992257,False,,,,,False,False,False,,12.630270957946777,4.131495475769043,13.310051918029785,7.8579559326171875,13.828125,7.156488418579102,3.7879559993743896,True,2.18029972165823,-1.0,1.0,1.4142135381698608,-1.0,1.0,1319.504638671875,867.9766845703125,1319.504638671875,867.9766845703125,False,True,-0.09040889803915071,-0.8104491074207694,0.11301518450958017,False,,False,keyboard_interrupt
99,1785928019.553497,6.133412499912083,0.061193699948489666,16.341551513338118,True,65,0.05674829985946417,0.06510589923709631,15.359591246229433,False,True,False,,12.580270767211914,4.231495380401611,13.188401222229004,7.997379302978516,13.818359375,7.328244209289551,3.814669609069824,True,1.9599003717303276,-1.0,1.0,1.4142135381698608,-1.0,1.0,1307.047607421875,882.5881958007812,1307.047607421875,882.5881958007812,False,True,-0.09935746797704922,-0.8123073512171064,0.11311334150084798,False,,False,keyboard_interrupt
100,1785928019.6144238,6.195472599938512,0.0620601000264287,16.113412636688363,True,66,0.049096900038421154,0.07255350053310394,13.782932493294801,False,True,False,,12.68027114868164,4.33149528503418,13.061713218688965,8.12584114074707,13.818359375,7.356870174407959,3.8134706020355225,True,0.9876005351543427,-0.5,1.0,1.1180340051651,-1.0,1.0,1310.042724609375,907.8297729492188,1310.042724609375,907.8297729492188,False,True,-0.10813532879464227,-0.8135763021133934,0.11282426427822198,False,,False,keyboard_interrupt
101,1785928019.6786482,6.258071000687778,0.06259840074926615,15.974849006213999,True,67,0.03168950043618679,0.0692349998280406,14.443561818209089,False,True,False,,12.780271530151367,4.431495189666748,12.92812728881836,8.250741958618164,13.818359375,7.566793918609619,3.8221077919006348,True,1.1775996536016464,-1.0,0.5,1.1180340051651,-0.5,1.0,1268.8865966796875,892.7985229492188,1268.8865966796875,892.7985229492188,False,True,-0.11704041245997346,-0.8144945774504502,0.11292815107810408,False,,False,keyboard_interrupt
102,1785928019.7413878,6.320360200479627,0.06228919979184866,16.054147482094685,True,68,0.023718999698758125,0.08001259993761778,12.498031569773447,False,True,False,,12.880271911621094,4.531495094299316,12.852985382080078,8.398091316223145,13.65234375,7.795801639556885,3.866692543029785,True,1.6967002302408218,-0.5,0.5,0.7071067690849304,-1.0,0.5,1285.4256591796875,911.5599365234375,1285.4256591796875,911.5599365234375,False,False,-0.1243606733150997,-0.8180369480586067,0.11301425393310548,False,,False,keyboard_interrupt
103,1785928019.8004332,6.3819328006356955,0.0615726001560688,16.240990269458948,True,69,0.009211200289428234,0.07025570049881935,14.2337204369175,False,True,False,,12.88277816772461,4.631494998931885,12.705440521240234,8.496993064880371,13.466796875,8.034351348876953,3.8695638179779053,True,1.1817002668976784,-1.0,0.0,1.0,-0.5,0.5,1239.59716796875,890.48486328125,1239.59716796875,890.48486328125,False,True,-0.13296144357840534,-0.8175098413152548,0.11267684557288718,False,,False,keyboard_interrupt
104,1785928019.8657534,6.444184300489724,0.062251499854028225,16.063869984576623,True,70,0.0024327002465724945,0.07608320005238056,13.143506047478757,False,True,False,,12.782777786254883,4.731494903564453,12.581478118896484,8.561258316040039,13.447265625,8.082060813903809,3.835050106048584,True,2.074500545859337,-1.0,0.0,1.0,-1.0,0.0,1226.9034423828125,897.2198486328125,1226.9034423828125,897.2198486328125,False,True,-0.13960451523940637,-0.816330965137391,0.11304152818758181,False,,False,keyboard_interrupt
105,1785928019.9280334,6.5064751002937555,0.06229079980403185,16.05373511250491,True,71,0.000646200031042099,0.06902329996228218,14.48786135328868,False,True,False,,12.803091049194336,4.8314948081970215,12.418193817138672,8.569928169250488,13.28125,8.244275093078613,3.758195161819458,True,1.7423005774617195,-1.0,0.0,1.0,-1.0,0.0,1210.18310546875,898.1285400390625,1210.18310546875,898.1285400390625,False,True,-0.1460671974537549,-0.8118084362214995,0.11270523677384203,False,,False,keyboard_interrupt
106,1785928019.9885397,6.568060900084674,0.06158579979091883,16.237509351099725,False,,,,,False,False,False,,12.70309066772461,4.890293598175049,12.23255443572998,8.551225662231445,13.28125,8.244275093078613,3.691046953201294,True,1.382799819111824,-1.0,0.0,1.0,-1.0,0.0,1191.173583984375,896.16845703125,1191.173583984375,896.16845703125,False,True,-0.15255278965251606,-0.8055559917988504,0.11286040106696102,False,,False,keyboard_interrupt
107,1785928020.0388513,6.61829290073365,0.05023200064897537,19.907628346082966,True,72,0.04164340067654848,0.0640848996117711,15.604300015417675,False,True,False,,12.603090286254883,4.990293502807617,12.068081855773926,8.558481216430664,13.076171875,8.5496187210083,3.6080739498138428,True,1.3719992712140083,-1.0,0.0,1.0,-1.0,0.0,1174.33154296875,896.9288330078125,1174.33154296875,896.9288330078125,False,True,-0.1589994580042481,-0.8009573410037861,0.11312010834866185,False,,False,keyboard_interrupt
108,1785928020.0947413,6.676212900318205,0.057919999584555626,17.265193494004272,True,73,0.026497400365769863,0.07123950030654669,14.037156292463537,False,True,False,,12.503089904785156,5.0902934074401855,11.910162925720215,8.560738563537598,12.96875,8.625954627990723,3.5207316875457764,True,0.9657004848122597,-1.0,0.0,1.0,-1.0,0.0,1158.16064453125,897.1654052734375,1158.16064453125,897.1654052734375,False,True,-0.1650406149381218,-0.7963637656230976,0.11298382074922446,False,,False,keyboard_interrupt
109,1785928020.1594393,6.738376100547612,0.06216320022940636,16.08668788462646,True,74,0.019316600635647774,0.07264069933444262,13.766387289251352,False,True,False,,12.454320907592773,5.190293312072754,11.7251615524292,8.555709838867188,12.83203125,8.702290534973145,3.4435014724731445,False,1.791500486433506,-1.0,0.5,1.1180340051651,-1.0,0.0,1145.702880859375,924.7591552734375,1145.702880859375,924.7591552734375,False,True,-0.17188060529574198,-0.7906894578721978,0.1129517693990025,False,,False,keyboard_interrupt
110,1785928020.2214541,6.801428300328553,0.06305219978094101,15.859874888968953,True,75,0.01516180019825697,0.0693492004647851,14.419776915925526,False,True,False,,12.446819305419922,5.290293216705322,11.531940460205078,8.557951927185059,12.71484375,8.72137451171875,3.3933165073394775,False,1.357700675725937,-1.0,0.5,1.1180340051651,-1.0,0.5,1125.9171142578125,924.994140625,1125.9171142578125,924.994140625,False,True,-0.17923430901631607,-0.7850662444280718,0.11302847895934907,False,,False,keyboard_interrupt
111,1785928020.2824192,6.8634164007380605,0.06198810040950775,16.132128479397956,True,76,0.010617400519549847,0.06720319949090481,14.880243910639086,False,True,False,,12.346818923950195,5.390293121337891,11.387451171875,8.630396842956543,12.353515625,8.759541511535645,3.379150629043579,False,1.003500074148178,-1.0,0.5,1.1180340051651,-1.0,0.5,1111.121337890625,932.5863037109375,1111.121337890625,932.5863037109375,False,True,-0.1868030179730679,-0.7836443473317145,0.113018320723641,False,,False,keyboard_interrupt
112,1785928020.347612,6.926048000343144,0.06263159960508347,15.966381288445257,True,77,0.004154199734330177,0.06653320044279099,15.030090140633723,False,True,False,,12.246818542480469,5.490293025970459,11.220818519592285,8.730640411376953,12.2265625,8.77862548828125,3.3989009857177734,False,2.158000133931637,-1.0,0.0,1.0,-1.0,0.5,1087.57177734375,914.9710693359375,1087.57177734375,914.9710693359375,False,True,-0.19599621511479104,-0.7826628066793689,0.11293180130028938,False,,False,keyboard_interrupt
113,1785928020.4066153,6.986567900516093,0.06051990017294884,16.523490573221064,False,,,,,False,False,False,,12.146818161010742,5.590292930603027,11.070924758911133,8.793553352355957,12.2265625,8.77862548828125,3.3791160583496094,False,1.833599992096424,-1.0,0.0,1.0,-1.0,0.0,1072.22265625,921.5643310546875,1072.22265625,921.5643310546875,False,True,-0.2034477884625577,-0.7807159544692326,0.11295655653352377,False,,False,keyboard_interrupt
114,1785928020.4702992,7.049302900210023,0.06273499969393015,15.94006543203592,True,78,0.05551209952682257,0.06909819971770048,14.472157076240524,False,True,False,,12.147852897644043,5.690292835235596,10.893059730529785,8.805686950683594,12.021484375,8.77862548828125,3.3585989475250244,False,1.3939999043941498,-1.0,0.0,1.0,-1.0,0.0,1054.00927734375,922.8360595703125,1054.00927734375,922.8360595703125,False,True,-0.21045309643401977,-0.7759660158786855,0.11290197716170378,False,,False,keyboard_interrupt
115,1785928020.5324605,7.111411300487816,0.06210840027779341,16.100881612266317,True,79,0.053476300090551376,0.07229330018162727,13.83254046346803,False,True,False,,12.047852516174316,5.790292739868164,10.703582763671875,8.779729843139648,11.748046875,8.797709465026855,3.277772903442383,False,1.3613998889923096,-1.0,0.0,1.0,-1.0,0.0,1034.6068115234375,920.11572265625,1034.6068115234375,920.11572265625,False,True,-0.2167769079475381,-0.7693921612451596,0.11294106327881924,False,,False,keyboard_interrupt
116,1785928020.5816514,7.162106200121343,0.0506948996335268,19.725850277424268,True,80,0.03998719993978739,0.0637416997924447,15.688317118247447,False,True,False,,11.94785213470459,5.785379409790039,10.545194625854492,8.785654067993164,11.62109375,8.845419883728027,3.311962604522705,False,1.1023003607988358,-1.0,0.0,1.0,-1.0,0.0,1018.3878784179688,920.7365112304688,1018.3878784179688,920.7365112304688,False,True,-0.22285565694670506,-0.7649853158973317,0.11292895100815512,False,,False,keyboard_interrupt
117,1785928020.639719,7.220157099887729,0.058050899766385555,17.226261849933483,True,81,0.014405499212443829,0.06418879982084036,15.579041870094713,False,True,False,,11.847851753234863,5.885379314422607,10.387649536132812,8.789560317993164,11.376953125,8.969465255737305,3.2506089210510254,False,1.2364992871880531,-1.0,0.0,1.0,-1.0,0.0,1002.2552490234375,921.1458740234375,1002.2552490234375,921.1458740234375,False,True,-0.22883617482121968,-0.760530404225084,0.11294417275729325,False,,False,keyboard_interrupt
118,1785928020.7024283,7.282677300274372,0.06252020038664341,15.994830371875079,True,82,0.005644099786877632,0.08362820092588663,11.957688781159176,False,True,False,,11.895158767700195,5.985379219055176,10.195749282836914,8.783318519592285,11.376953125,8.969465255737305,3.2736001014709473,False,0.979200005531311,-1.0,0.0,1.0,-1.0,0.0,982.6046752929688,920.4918212890625,982.6046752929688,920.4918212890625,False,True,-0.23579348850368725,-0.7546810612423602,0.11287951623632354,False,,False,keyboard_interrupt
119,1785928020.7647088,7.345180700533092,0.06250340025871992,15.99912958112209,False,,,,,False,False,False,,11.795158386230469,6.067701816558838,10.031891822814941,8.785226821899414,11.376953125,8.969465255737305,3.239452362060547,False,3.488900139927864,-1.0,-0.5,1.1180340051651,-1.0,0.0,972.3121337890625,892.5709838867188,972.3121337890625,892.5709838867188,False,True,-0.24193332328989012,-0.7499773994574445,0.1129580074451869,False,,False,keyboard_interrupt
120,1785928020.82831,7.406385499984026,0.06120479945093393,16.338587969750154,True,83,0.05871760006994009,0.07128169946372509,14.028846218921803,False,True,False,,11.695158004760742,6.167701721191406,9.842113494873047,8.78508472442627,11.220703125,9.017175674438477,3.2069406509399414,False,1.4864997938275337,-1.0,-0.5,1.1180340051651,-1.0,-0.5,952.8787841796875,892.55615234375,952.8787841796875,892.55615234375,False,True,-0.24896636963020932,-0.7444457069923249,0.11289451764126729,False,,False,keyboard_interrupt
121,1785928020.8776076,7.456497900187969,0.05011240020394325,19.95514076217231,True,84,0.0371258994564414,0.07105839997529984,14.072931565411038,False,True,False,,11.595157623291016,6.241402626037598,9.70966625213623,8.73839282989502,11.03515625,9.017175674438477,3.12890362739563,False,1.443500630557537,-1.0,0.0,1.0,-1.0,-0.5,932.829833984375,915.7835693359375,932.829833984375,915.7835693359375,False,True,-0.2525387734481553,-0.738760476115758,0.11287678926519011,False,,False,keyboard_interrupt
122,1785928020.9355958,7.515010100789368,0.058512200601398945,17.090452755524826,True,85,0.026421100832521915,0.07128100004047155,14.028983872732217,False,True,False,,11.495157241821289,6.341402530670166,9.557308197021484,8.621077537536621,10.810546875,9.026717185974121,2.992018938064575,False,1.5700999647378922,-1.0,0.0,1.0,-1.0,0.0,917.2283325195312,903.4889526367188,917.2283325195312,903.4889526367188,False,True,-0.2548328493550367,-0.729719440921282,0.11290801083464125,False,,False,keyboard_interrupt
123,1785928020.9956768,7.576573300175369,0.06156319938600063,16.24347028701368,True,86,0.023569299839437008,0.06922180019319057,14.446316004627269,False,True,False,,11.395156860351562,6.393088340759277,9.401044845581055,8.604738235473633,10.595703125,9.036259651184082,2.977898359298706,False,1.028900034725666,-1.0,0.0,1.0,-1.0,0.0,901.2269287109375,901.7765502929688,901.2269287109375,901.7765502929688,False,True,-0.26015098428802,-0.7245408383516817,0.1129735584486978,False,,False,keyboard_interrupt
124,1785928021.0593722,7.638298500329256,0.06172520015388727,16.20083851501327,True,87,0.016226300038397312,0.06440799962729216,15.526021702066048,False,True,False,,11.295156478881836,6.493088245391846,9.19986629486084,8.641738891601562,10.37109375,9.036259651184082,3.0011565685272217,False,1.8237000331282616,-1.0,0.5,1.1180340051651,-1.0,0.0,887.1126708984375,933.7750244140625,887.1126708984375,933.7750244140625,False,True,-0.26863683105277136,-0.7201690205011295,0.11289746919592884,False,,False,keyboard_interrupt
125,1785928021.1194344,7.699382700026035,0.06108419969677925,16.37084556995066,True,88,0.007443499751389027,0.069072300568223,14.477583514281472,False,True,False,,11.19515609741211,6.55587911605835,9.017240524291992,8.624855041503906,10.1953125,9.036259651184082,3.003993511199951,False,1.7976006492972374,-1.0,0.5,1.1180340051651,-1.0,0.5,868.411865234375,932.0055541992188,868.411865234375,932.0055541992188,False,True,-0.27489548200666253,-0.7142203581537295,0.11296955913084253,False,,False,keyboard_interrupt
126,1785928021.1804855,7.760894600301981,0.06151190027594566,16.257016862004697,True,89,0.00016979966312646866,0.06986990012228489,14.312314719926896,False,True,False,,11.095155715942383,6.606297016143799,8.879020690917969,8.686112403869629,9.90234375,9.017175674438477,3.039224624633789,False,1.0551000013947487,-1.0,0.0,1.0,-1.0,0.5,847.7716674804688,910.3045654296875,847.7716674804688,910.3045654296875,False,True,-0.28171686450175465,-0.7126412325671305,0.11304882157242745,False,,False,keyboard_interrupt
127,1785928021.2437897,7.822147600352764,0.06125300005078316,16.325730971069625,False,,,,,False,False,False,,10.995155334472656,6.706296920776367,8.715574264526367,8.800429344177246,9.90234375,9.017175674438477,3.095461368560791,False,2.1298006176948547,-1.0,-0.5,1.1180340051651,-1.0,0.0,837.521240234375,894.1642456054688,837.521240234375,894.1642456054688,False,True,-0.29094027065611855,-0.7124260940100247,0.11296152643983318,False,,False,keyboard_interrupt
128,1785928021.3068724,7.883205300197005,0.06105769984424114,16.377950734321974,True,90,0.04952900018543005,0.06877999939024448,14.539110335348978,False,True,False,,10.89515495300293,6.8062968254089355,8.522567749023438,8.79110050201416,9.736328125,8.9503812789917,3.093317985534668,False,2.0479997619986534,-1.0,-0.5,1.1180340051651,-1.0,-0.5,817.7572631835938,893.1866455078125,817.7572631835938,893.1866455078125,False,True,-0.2977559744068023,-0.7065008360450125,0.11286681751974906,False,,False,keyboard_interrupt
129,1785928021.3679523,7.945250100456178,0.062044800259172916,16.117386079458875,True,91,0.041702999733388424,0.07332499977201223,13.637913441653971,False,True,False,,10.795154571533203,6.906296730041504,8.35132884979248,8.686858177185059,9.658203125,8.931297302246094,3.0236868858337402,False,2.0706001669168472,-1.0,0.0,1.0,-1.0,-0.5,793.736083984375,910.3826904296875,793.736083984375,910.3826904296875,False,True,-0.301111756919422,-0.6974698575513011,0.11288543582267965,False,,False,keyboard_interrupt
130,1785928021.431807,8.007195800542831,0.06194570008665323,16.143170528400553,True,92,0.03967660013586283,0.06949760019779205,14.388986053532394,False,True,False,,10.695154190063477,6.886857032775879,8.213674545288086,8.608756065368652,9.345703125,8.902671813964844,3.0203769207000732,False,2.001800574362278,-1.0,0.5,1.1180340051651,-1.0,0.0,786.126708984375,930.318359375,786.126708984375,930.318359375,False,True,-0.3039695069086482,-0.6904327769327985,0.11300179540276634,False,,False,keyboard_interrupt
131,1785928021.4903648,8.069270800799131,0.06207500025629997,16.109544838842112,True,93,0.030647500418126583,0.06397860031574965,15.630226279799208,False,True,False,,10.606256484985352,6.986856937408447,8.021409034729004,8.6077880859375,9.111328125,8.893129348754883,3.0510413646698,False,2.1118000149726868,-1.0,0.5,1.1180340051651,-1.0,0.5,766.4386596679688,930.2169189453125,766.4386596679688,930.2169189453125,False,True,-0.3109785372201334,-0.6848779449392044,0.1129902654343991,False,,False,keyboard_interrupt
132,1785928021.552519,8.131933799944818,0.06266299914568663,15.958380761110353,True,94,0.01743169967085123,0.07110409997403622,14.063886616456037,False,True,False,,10.506256103515625,7.086856842041016,7.8490681648254395,8.706880569458008,9.0234375,8.9503812789917,3.112093448638916,False,1.1910004541277885,-1.0,0.0,1.0,-1.0,0.5,742.3045654296875,912.4810791015625,742.3045654296875,912.4810791015625,False,True,-0.32002859939009054,-0.6838540431182007,0.11300617270676602,False,,False,keyboard_interrupt
133,1785928021.6156843,8.19409320037812,0.062159400433301926,16.087671261775068,True,95,0.013080700300633907,0.07587059959769249,13.180336063014504,False,True,False,,10.406255722045898,7.186856746673584,7.692134857177734,8.797796249389648,8.73046875,9.036259651184082,3.1561968326568604,False,1.7558000981807709,-1.0,0.0,1.0,-1.0,0.0,726.234619140625,922.0090942382812,726.234619140625,922.0090942382812,False,True,-0.32826387774334004,-0.6829513287793033,0.11296582500126406,False,,False,keyboard_interrupt
134,1785928021.676452,8.256414400413632,0.06232120003551245,16.04590411337026,True,96,0.00015570037066936493,0.06651300005614758,15.034654866805596,False,True,False,,10.306255340576172,7.208968162536621,7.523777484893799,8.790735244750977,8.4765625,9.026717185974121,3.2006514072418213,False,1.242700032889843,-1.0,0.0,1.0,-1.0,0.0,708.9948120117188,921.26904296875,708.9948120117188,921.26904296875,False,True,-0.33419060209083123,-0.6778653256620584,0.11290270037887513,False,,False,keyboard_interrupt
135,1785928021.738614,8.318030000664294,0.06161560025066137,16.22965606002136,False,,,,,False,False,False,,10.206254959106445,7.303708076477051,7.328800201416016,8.770827293395996,8.4765625,9.026717185974121,3.229889392852783,False,1.3352995738387108,-1.0,-0.5,1.1180340051651,-1.0,0.0,695.5155029296875,891.0618896484375,695.5155029296875,891.0618896484375,False,True,-0.34072235723823974,-0.6715203953483088,0.11298299001509435,False,,False,keyboard_interrupt
136,1785928021.7867806,8.368240500800312,0.0502105001360178,19.916152941935426,True,97,0.0382154006510973,0.07524530030786991,13.289866555232685,False,True,False,,10.106254577636719,7.403707981109619,7.192497253417969,8.781694412231445,8.388671875,8.95992374420166,3.223170518875122,False,0.9861001744866371,-1.0,-0.5,1.1180340051651,-1.0,-0.5,681.5580444335938,892.2008056640625,681.5580444335938,892.2008056640625,False,True,-0.3459637906331616,-0.6680679584515632,0.11295970792827977,False,,False,keyboard_interrupt
137,1785928021.8469136,8.425344100221992,0.057103599421679974,17.51203094248976,True,98,0.012938499450683594,0.07418899983167648,13.479087226797065,False,True,False,,10.006254196166992,7.451575756072998,7.01864767074585,8.733756065368652,8.212890625,8.912213325500488,3.251119613647461,False,1.7339996993541718,-1.0,0.0,1.0,-1.0,-0.5,657.26953125,915.2976684570312,657.26953125,915.2976684570312,False,True,-0.35094717373724793,-0.661230821530527,0.11286404758146446,False,,False,keyboard_interrupt
138,1785928021.9080012,8.48738060053438,0.06203650031238794,16.1195424462123,True,99,0.005836900323629379,0.08196530025452375,12.20028471676109,False,True,False,,9.906253814697266,7.551575660705566,6.876291275024414,8.624640464782715,7.32421875,9.026717185974121,3.214364767074585,False,1.7395997419953346,-1.0,0.0,1.0,-1.0,0.0,642.6922607421875,903.8623046875,642.6922607421875,903.8623046875,False,True,-0.3531136238577879,-0.6528711637212217,0.11286455499661102,False,,False,keyboard_interrupt
139,1785928021.9695842,8.55009310040623,0.06271249987185001,15.945784365851338,True,100,3.79001721739769e-05,0.06913269963115454,14.464934905411269,False,True,False,,9.806253433227539,7.501575469970703,6.697701930999756,8.622160911560059,7.1875,9.036259651184082,3.304361343383789,False,0.9706001728773117,-1.0,0.0,1.0,-1.0,0.0,624.4046630859375,903.6024169921875,624.4046630859375,903.6024169921875,False,True,-0.3595082122705706,-0.6477055214995893,0.11306988299244966,False,,False,keyboard_interrupt
140,1785928022.0328696,8.611132200807333,0.0610391004011035,16.38294131841303,False,,,,,False,False,False,,9.706253051757812,7.6015753746032715,6.4998321533203125,8.645878791809082,7.1875,9.036259651184082,3.3721957206726074,False,1.9886000081896782,-1.0,0.0,1.0,-1.0,0.0,604.142822265625,906.0880737304688,604.142822265625,906.0880737304688,False,True,-0.3673027609544206,-0.643039169206943,0.11297819076515425,False,,False,keyboard_interrupt
141,1785928022.0955396,8.673342300578952,0.06221009977161884,16.074560299229976,True,101,0.05506450030952692,0.06851600017398596,14.595131027214842,False,True,False,,9.606252670288086,7.70157527923584,6.338024139404297,8.633110046386719,6.93359375,8.95992374420166,3.398392915725708,False,1.7279991880059242,-1.0,0.0,1.0,-1.0,0.0,587.5736694335938,904.7498779296875,587.5736694335938,904.7498779296875,False,True,-0.3727918719242507,-0.6379562288794849,0.11303606485243194,False,,False,keyboard_interrupt
142,1785928022.158498,8.735390500165522,0.06204819958657026,16.11650308410303,True,102,0.04688719939440489,0.06863470003008842,14.569889568419692,False,True,False,,9.50625228881836,7.801575183868408,6.156268119812012,8.632220268249512,6.826171875,8.9503812789917,3.4514293670654297,False,2.0256005227565765,-1.0,0.0,1.0,-1.0,0.0,568.9618530273438,904.6566162109375,568.9618530273438,904.6566162109375,False,True,-0.3793146273642689,-0.6327867300019446,0.11300679644838725,False,,False,keyboard_interrupt
143,1785928022.2223248,8.798083600588143,0.06269310042262077,15.95071855210374,True,103,0.03917600028216839,0.06980730034410954,14.325149304880428,False,True,False,,9.406251907348633,7.751574993133545,5.968727111816406,8.634169578552246,6.826171875,8.9503812789917,3.549021005630493,True,2.010599710047245,-1.0,0.0,1.0,-1.0,0.0,549.7576904296875,904.8609619140625,549.7576904296875,904.8609619140625,False,True,-0.3861122010231205,-0.627574493254937,0.11291859881287863,False,,False,keyboard_interrupt
144,1785928022.2804022,8.860316700302064,0.06223309971392155,16.06861950628983,True,104,0.02932980004698038,0.07040429953485727,14.20367799419549,False,True,False,,9.306251525878906,7.651575088500977,5.780092239379883,8.630882263183594,6.54296875,8.940839767456055,3.659623146057129,True,0.937899574637413,-1.0,0.0,1.0,-1.0,0.0,530.4414672851562,904.5164794921875,530.4414672851562,904.5164794921875,False,True,-0.3927973310499542,-0.6221320921535521,0.11300757855660935,False,,False,keyboard_interrupt
145,1785928022.342697,8.923111299984157,0.06279459968209267,15.92493630125288,True,105,0.02239419985562563,0.07207810040563345,13.873839548660502,False,True,False,,9.20625114440918,7.70157527923584,5.59711217880249,8.629082679748535,6.279296875,8.931297302246094,3.7264130115509033,True,0.9508999064564705,-1.0,0.0,1.0,-1.0,0.0,511.70428466796875,904.3278198242188,511.70428466796875,904.3278198242188,False,True,-0.3993096926380601,-0.6169156964739728,0.11292527199644586,False,,False,keyboard_interrupt
146,1785928022.4047952,8.9841848006472,0.06107350066304207,16.373713462361568,True,106,0.017208199948072433,0.06973209977149963,14.340597849151708,False,True,False,,9.106250762939453,7.687779903411865,5.42987585067749,8.628787994384766,6.26953125,8.92175579071045,3.7948951721191406,True,1.760600134730339,-1.0,0.0,1.0,-1.0,0.0,494.57928466796875,904.2969970703125,494.57928466796875,904.2969970703125,False,True,-0.4052894413746131,-0.6122084768947033,0.1129686412668344,False,,False,keyboard_interrupt
147,1785928022.465852,9.045250000432134,0.06106519978493452,16.37593921778524,True,107,0.011515500023961067,0.0662652999162674,15.090854508522508,False,True,False,,9.006250381469727,7.769227981567383,5.238892555236816,8.628374099731445,5.87890625,8.931297302246094,3.8640804290771484,True,1.759200356900692,-0.5,0.0,0.5,-1.0,0.0,505.7425842285156,904.2536010742188,505.7425842285156,904.2536010742188,False,False,-0.4121061965803364,-0.6068377504996407,0.11296274587463455,False,,False,keyboard_interrupt
148,1785928022.5279946,9.107373000122607,0.06212299969047308,16.09709777348945,True,108,0.004604999907314777,0.06675340048968792,14.980510246133157,False,True,False,,8.90625,7.700675964355469,5.0571489334106445,8.627592086791992,5.654296875,8.92175579071045,3.9591352939605713,True,1.7143003642559052,-0.5,0.0,0.5,-0.5,0.0,487.13201904296875,904.1716918945312,487.13201904296875,904.1716918945312,False,False,-0.4185728773936912,-0.6017192588877481,0.11292809929844994,False,,False,keyboard_interrupt
149,1785928022.5906086,9.170011300593615,0.06263830047100782,15.964673250719033,True,109,0.003987099975347519,0.06903559993952513,14.485280071093689,False,True,False,,8.806249618530273,7.750543117523193,4.957695484161377,8.628098487854004,5.5859375,8.912213325500488,3.9473373889923096,True,2.301800064742565,-1.0,-1.0,1.4142135381698608,-0.5,0.0,464.2233581542969,859.7618408203125,464.2233581542969,859.7618408203125,False,True,-0.4221323555680314,-0.5989586918706608,0.11292421104583125,False,,False,keyboard_interrupt
150,1785928022.652587,9.23195660021156,0.06194529961794615,16.143274892003113,False,,,,,False,False,False,,8.706249237060547,7.650543212890625,4.896222114562988,8.62818717956543,5.5859375,8.912213325500488,3.9334583282470703,True,1.9524004310369492,-0.5,0.0,0.5,-1.0,-1.0,470.65313720703125,904.2340087890625,470.65313720703125,904.2340087890625,False,False,-0.4243250479656478,-0.5972444887574327,0.11286361831450879,False,,False,keyboard_interrupt
151,1785928022.713738,9.294097000733018,0.062140400521457195,16.09259019266698,True,110,0.05698959995061159,0.06325059942901134,15.810126845079779,False,True,False,,8.60624885559082,7.550543308258057,4.757464408874512,8.50570297241211,5.205078125,8.912213325500488,3.9655354022979736,True,0.9994003921747208,-1.0,0.0,1.0,-0.5,0.0,425.7243347167969,891.3976440429688,425.7243347167969,891.3976440429688,False,True,-0.42601552929867204,-0.5884975500478985,0.11283973501108115,False,,False,keyboard_interrupt
152,1785928022.776792,9.355182300321758,0.06108529958873987,16.370550799170257,True,111,0.04796199966222048,0.07153869979083538,13.978448069699292,False,True,False,,8.506248474121094,7.534204483032227,4.6486430168151855,8.46697998046875,5.087890625,8.92175579071045,3.9687769412994385,True,1.3999007642269135,-1.0,0.0,1.0,-1.0,0.0,414.5810546875,887.3394775390625,414.5810546875,887.3394775390625,False,True,-0.4288642498922279,-0.5839186406676095,0.11307677523136496,False,,False,keyboard_interrupt
153,1785928022.8275592,9.406401400454342,0.05121910013258457,19.523966594716097,True,112,0.036687999963760376,0.06965970061719418,14.355502408707869,False,True,False,,8.406248092651367,7.526261806488037,4.538969993591309,8.511201858520508,4.873046875,8.92175579071045,3.9907326698303223,True,2.0563993602991104,-1.0,0.0,1.0,-1.0,0.0,403.35052490234375,891.9739379882812,403.35052490234375,891.9739379882812,False,True,-0.43393932161404114,-0.582623713371897,0.1130128051089909,False,,False,keyboard_interrupt
154,1785928022.8804724,9.461380200460553,0.054978800006210804,18.1888291466353,True,113,0.0168698001652956,0.06249289959669113,16.00181790977335,False,True,False,,8.309357643127441,7.463032245635986,4.340672969818115,8.504817962646484,4.86328125,8.940839767456055,4.103142261505127,True,1.2106001377105713,-1.0,0.0,1.0,-1.0,0.0,383.044921875,891.3048706054688,383.044921875,891.3048706054688,False,True,-0.4408175211223446,-0.5768491572825111,0.11300156045657524,False,,False,keyboard_interrupt
155,1785928022.9444993,9.52340290043503,0.06202269997447729,16.12312911904038,True,114,0.00924769975244999,0.07480490021407604,13.368108200642048,False,True,False,,8.209357261657715,7.54919958114624,4.155961990356445,8.49135971069336,4.8046875,8.864503860473633,4.16145133972168,True,1.7399992793798447,-1.0,-0.5,1.1180340051651,-1.0,0.0,370.61688232421875,861.7737426757812,370.61688232421875,861.7737426757812,False,True,-0.447017373956348,-0.5711786110620279,0.11295922975851155,False,,False,keyboard_interrupt
156,1785928023.005658,9.585018400102854,0.061615499667823315,16.22968255375875,False,,,,,False,False,False,,8.109356880187988,7.485367298126221,4.001889705657959,8.497827529907227,4.8046875,8.864503860473633,4.230409145355225,True,2.011599950492382,-1.0,-0.5,1.1180340051651,-1.0,-0.5,354.83990478515625,862.4515380859375,354.83990478515625,862.4515380859375,False,True,-0.4526472808442253,-0.5671600889770299,0.11310365527478447,False,,False,keyboard_interrupt
157,1785928023.0685987,9.64649230055511,0.0614739004522562,16.26706606613731,True,115,0.053121999837458134,0.06963689997792244,14.360202713174168,False,True,False,,8.009356498718262,7.510741710662842,3.8257060050964355,8.423559188842773,4.4140625,8.788167953491211,4.282074928283691,True,1.538500189781189,-1.0,-1.0,1.4142135381698608,-1.0,-0.5,348.3076477050781,838.326171875,348.3076477050781,838.326171875,False,True,-0.45693631733243273,-0.5593117106967261,0.11293100787634983,False,,False,keyboard_interrupt
158,1785928023.130383,9.709225000813603,0.06273270025849342,15.940649707081743,True,116,0.03622610028833151,0.07969020027667284,12.548594388370775,False,True,False,,7.909356594085693,7.60713005065918,3.6618492603302,8.31484603881836,4.43359375,8.77862548828125,4.306063175201416,True,2.0747995004057884,-0.5,-0.5,0.7071067690849304,-1.0,-1.0,344.2533874511719,839.9558715820312,344.2533874511719,839.9558715820312,False,False,-0.45988639333803893,-0.5504275477247047,0.1130122796597825,False,,False,keyboard_interrupt
159,1785928023.194424,9.770240399986506,0.06101539917290211,16.38930521729858,True,117,0.02745869942009449,0.07915839925408363,12.632898206925425,False,True,False,,7.809356689453125,7.707129955291748,3.5302982330322266,8.196372985839844,4.140625,8.816793441772461,4.306936264038086,True,1.9757002592086792,-0.5,-1.0,1.1180340051651,-0.5,-0.5,334.0257263183594,802.73828125,334.0257263183594,802.73828125,False,True,-0.4614389471740639,-0.5420408266478265,0.1129356640070158,False,,False,keyboard_interrupt
160,1785928023.2524662,9.832364500500262,0.062124100513756275,16.09681253700515,True,118,0.025340099819004536,0.06978150084614754,14.330445574748733,False,True,False,,7.709356784820557,7.70036506652832,3.4529669284820557,8.101059913635254,3.90625,8.816793441772461,4.275208473205566,True,1.7447993159294128,-0.5,-1.0,1.1180340051651,-0.5,-1.0,326.10699462890625,792.74951171875,326.10699462890625,792.74951171875,False,True,-0.461679737913614,-0.536075813376627,0.11301360102049714,False,,False,keyboard_interrupt
161,1785928023.314548,9.89493830036372,0.06257379986345768,15.981129517179722,True,119,0.01869060005992651,0.06423869915306568,15.566940383042871,False,True,False,,7.609356880187988,7.600365161895752,3.373788356781006,7.950993061065674,3.798828125,8.759541511535645,4.250056743621826,True,1.7128000035881996,-0.5,-0.5,0.7071067690849304,-0.5,-1.0,314.75592041015625,801.8240966796875,314.75592041015625,801.8240966796875,False,False,-0.4605501058320826,-0.5278488031456998,0.11285829724745065,False,,False,keyboard_interrupt
162,1785928023.377703,9.956570600159466,0.0616322997957468,16.225258562702688,True,120,0.014295400120317936,0.06922780070453882,14.445063830179375,False,True,False,,7.50935697555542,7.5370049476623535,3.2872836589813232,7.761145114898682,3.564453125,8.654580116271973,4.228018760681152,True,1.689099706709385,-1.0,-0.5,1.1180340051651,-0.5,-0.5,281.6642150878906,785.2471923828125,281.6642150878906,785.2471923828125,False,True,-0.45863294774485186,-0.5177962038302467,0.11297678218667534,False,,False,keyboard_interrupt
163,1785928023.436876,10.016206000000238,0.05963539984077215,16.768563683148304,True,121,0.0016853995621204376,0.06602459959685802,15.145869965224113,False,True,False,,7.409357070922852,7.538885116577148,3.2050981521606445,7.679355621337891,3.388671875,8.587786674499512,4.206604957580566,True,2.1613994613289833,-1.0,-0.5,1.1180340051651,-1.0,-0.5,273.2484436035156,776.6756591796875,273.2484436035156,776.6756591796875,False,True,-0.45940101269560873,-0.5122172014923086,0.11301909331081886,False,,False,keyboard_interrupt
164,1785928023.4987092,10.079112000763416,0.06290600076317787,15.896734617810129,False,,,,,False,False,False,,7.309357166290283,7.43888521194458,3.0503129959106445,7.620570659637451,3.388671875,8.587786674499512,4.262917995452881,True,1.1384999379515648,-0.5,-0.5,0.7071067690849304,-1.0,-0.5,281.6320495605469,767.19580078125,281.6320495605469,767.19580078125,False,False,-0.46335181033632894,-0.5055640804224781,0.11294235143445149,False,,False,keyboard_interrupt
165,1785928023.5615861,10.140391900204122,0.061279899440705776,16.318564637456635,True,122,0.056914299726486206,0.07233630027621984,13.824317751688282,False,True,False,,7.209357261657715,7.488885402679443,2.8605451583862305,7.526462554931641,3.28125,8.501908302307129,4.348974227905273,True,1.93759985268116,-0.5,-1.0,1.1180340051651,-0.5,-0.5,265.4430236816406,732.5316772460938,265.4430236816406,732.5316772460938,False,True,-0.46761631096130996,-0.49651499911171054,0.11301893810052897,False,,False,keyboard_interrupt
166,1785928023.6134377,10.191286000423133,0.05089410021901131,19.648642881920008,True,123,0.03940439969301224,0.06935659982264042,14.418238531837096,False,True,False,,7.1093573570251465,7.4882354736328125,2.7814173698425293,7.454680919647217,3.203125,8.33015251159668,4.328069686889648,True,1.4129001647233963,-0.5,-1.0,1.1180340051651,-0.5,-1.0,257.34033203125,725.0089721679688,257.34033203125,725.0089721679688,False,True,-0.4685416070626589,-0.4914186418969426,0.11294482710442108,False,,False,keyboard_interrupt
167,1785928023.672694,10.249383000656962,0.05809700023382902,17.212592663566042,True,124,0.029579699970781803,0.06791129987686872,14.72508996018511,False,True,False,,7.009357452392578,7.388235569000244,2.7277235984802246,7.316985607147217,3.046875,8.139312744140625,4.2822265625,True,2.378600649535656,-0.5,-1.0,1.1180340051651,-0.5,-1.0,251.8420867919922,710.5784912109375,251.8420867919922,710.5784912109375,False,True,-0.46683499951405155,-0.484333620759914,0.11295349445409629,False,,False,keyboard_interrupt
168,1785928023.7327013,10.311061700806022,0.061678700149059296,16.213052440847388,True,125,0.021466100588440895,0.0679230997338891,14.722531862029651,False,True,False,,6.90935754776001,7.438235759735107,2.645660161972046,7.142993927001953,2.998046875,8.110687255859375,4.273907661437988,True,1.7032995820045471,-0.5,-1.0,1.1180340051651,-0.5,-1.0,243.4387969970703,692.3441772460938,243.4387969970703,692.3441772460938,False,True,-0.46517962178729116,-0.47497080208440234,0.11295296710577608,False,,False,keyboard_interrupt
169,1785928023.794731,10.373085900209844,0.06202419940382242,16.12273934386926,True,126,0.00702229980379343,0.06978940032422543,14.328823508358449,False,True,False,,6.809357643127441,7.538235664367676,2.553226947784424,6.9815778732299805,2.7734375,7.9484734535217285,4.292378902435303,True,1.676800660789013,-0.5,-0.5,0.7071067690849304,-0.5,-1.0,230.73043823242188,700.2293701171875,230.73043823242188,700.2293701171875,False,False,-0.46422101124610704,-0.4658173066816046,0.11297758924573453,False,,False,keyboard_interrupt
170,1785928023.853507,10.433355400338769,0.06026950012892485,16.592140267645508,True,127,0.0018285000696778297,0.07647600024938583,13.075997655983988,False,True,False,,6.709357738494873,7.4882354736328125,2.472384214401245,6.818263053894043,2.55859375,7.795801639556885,4.289616584777832,True,1.1536004021763802,-0.5,0.0,0.5,-0.5,-0.5,222.4521484375,714.553955078125,222.4521484375,714.553955078125,False,False,-0.462797248805733,-0.45688646603704547,0.11298361971776054,False,,False,keyboard_interrupt
171,1785928023.9156768,10.49638650007546,0.06303109973669052,15.865184078612833,False,,,,,False,False,False,,6.609357833862305,7.388235569000244,2.392083168029785,6.730921268463135,2.55859375,7.795801639556885,4.268192768096924,True,2.4825995787978172,-0.5,-0.5,0.7071067690849304,-0.5,0.0,214.2293243408203,673.9605712890625,214.2293243408203,673.9605712890625,False,False,-0.46335664239774865,-0.4510835689674625,0.11300637756353821,False,,False,keyboard_interrupt
172,1785928023.977646,10.558028100058436,0.06164159998297691,16.22281057396567,True,128,0.060978399589657784,0.06546179950237274,15.276084794518273,False,True,False,,6.509357929229736,7.339008331298828,2.2897439002990723,6.73876953125,2.55859375,7.795801639556885,4.262092113494873,True,0.9345002472400665,-0.5,-1.0,1.1180340051651,-0.5,-0.5,206.9929656982422,649.9814453125,206.9929656982422,649.9814453125,False,True,-0.4672114103486821,-0.44859514572198317,0.11297015319301054,False,,False,keyboard_interrupt
173,1785928024.0279856,10.608304500579834,0.05027640052139759,19.890047609402764,True,129,0.04139820020645857,0.06590510066598654,15.173332411221057,False,True,False,,6.409358024597168,7.4390082359313965,2.221665859222412,6.703380107879639,2.509765625,7.776717662811279,4.251812934875488,True,1.3741003349423409,-0.5,-0.5,0.7071067690849304,-0.5,-1.0,196.77857971191406,671.07421875,196.77857971191406,671.07421875,False,False,-0.4687049594298299,-0.4452675449351731,0.1129920211116993,False,,False,keyboard_interrupt
174,1785928024.084424,10.66634220071137,0.05803770013153553,17.230179654493874,True,130,0.027296800166368484,0.06946719996631145,14.395282960662819,False,True,False,,6.3093581199646,7.389008045196533,2.1352100372314453,6.51302433013916,2.255859375,7.366412162780762,4.265074253082275,True,0.9391997009515762,-0.5,0.0,0.5,-0.5,-0.5,187.92552185058594,682.56494140625,187.92552185058594,682.56494140625,False,False,-0.4667717677467845,-0.4350342588963736,0.11283598825960935,False,,False,keyboard_interrupt
175,1785928024.149256,10.729064900428057,0.0627226997166872,15.943191293055149,True,131,0.016510900110006332,0.07214729953557253,13.8605326386048,False,True,False,,6.209358215332031,7.289008140563965,2.0434579849243164,6.393409729003906,2.255859375,7.366412162780762,4.261082172393799,True,1.7142007127404213,-0.5,-0.5,0.7071067690849304,-0.5,0.0,178.5301055908203,638.5892944335938,178.5301055908203,638.5892944335938,False,False,-0.4668907168102102,-0.4275641151942407,0.11301169506588316,False,,False,keyboard_interrupt
176,1785928024.2114024,10.791291800327599,0.06222689989954233,16.070220461157103,True,132,0.0033320002257823944,0.07350770011544228,13.604016972773211,False,True,False,,6.109358310699463,7.260354042053223,1.9570600986480713,6.425337314605713,2.177734375,7.204198360443115,4.23542594909668,True,1.4137998223304749,-0.5,-0.5,0.7071067690849304,-0.5,-0.5,169.68295288085938,641.9353637695312,169.68295288085938,641.9353637695312,False,False,-0.4708149256516844,-0.4265185416889941,0.11302765917082738,False,,False,keyboard_interrupt
177,1785928024.2739463,10.853274600580335,0.061982800252735615,16.1335079396621,False,,,,,False,False,False,,6.0093584060668945,7.160354137420654,1.8585989475250244,6.346303462982178,2.177734375,7.204198360443115,4.229832649230957,True,1.9736001268029213,-0.5,-1.0,1.1180340051651,-0.5,-0.5,162.84371948242188,608.8510131835938,162.84371948242188,608.8510131835938,False,True,-0.4722447431495414,-0.4205437691641556,0.11289017042122035,False,,False,keyboard_interrupt
178,1785928024.3392153,10.91591940075159,0.06264480017125607,15.963016838847542,True,133,0.053129300475120544,0.07540750037878752,13.2612803100062,False,True,False,,5.909358501434326,7.082247734069824,1.762857437133789,6.2162981033325195,2.080078125,7.156488418579102,4.235958099365234,True,1.939999870955944,-0.5,-0.5,0.7071067690849304,-0.5,-1.0,149.79661560058594,620.0280151367188,149.79661560058594,620.0280151367188,False,False,-0.47223575716705984,-0.41252114492678826,0.11296585179392568,False,,False,keyboard_interrupt
179,1785928024.3850021,10.96633250080049,0.05041310004889965,19.836114006677253,True,134,0.033013700507581234,0.0752668995410204,13.286052781475354,False,True,False,,5.809358596801758,7.106083869934082,1.6987888813018799,6.111529350280762,2.041015625,7.108778476715088,4.229175567626953,True,0.9794002398848534,-0.5,-0.5,0.7071067690849304,-0.5,-0.5,143.23599243164062,609.0482177734375,143.23599243164062,609.0482177734375,False,False,-0.47176116124202544,-0.40640581029662665,0.11299472316052515,False,,False,keyboard_interrupt
180,1785928024.444444,11.024277999997139,0.0579454991966486,17.25759573847691,True,135,0.014103999361395836,0.07008610013872385,14.268164415207371,False,True,False,,5.7093586921691895,7.083710670471191,1.6236289739608765,5.979455947875977,1.875,6.9083967208862305,4.23232364654541,True,1.13769993185997,-0.5,-0.5,0.7071067690849304,-0.5,-0.5,135.5395965576172,595.2069702148438,135.5395965576172,595.2069702148438,False,False,-0.47096165133797807,-0.3988392196151823,0.11292774161557811,False,,False,keyboard_interrupt
181,1785928024.5077481,11.086072300560772,0.06179430056363344,16.182722207046226,True,136,0.0022481000050902367,0.07686039991676807,13.010601051814685,False,True,False,,5.6231584548950195,6.983710765838623,1.5215811729431152,5.92074728012085,1.767578125,6.822519302368164,4.237077713012695,True,1.8302993848919868,0.0,-1.0,1.0,-0.5,-0.5,155.80990600585938,557.6143188476562,155.80990600585938,557.6143188476562,False,True,-0.4730594946658771,-0.3935949171962041,0.11301719579481347,False,,False,keyboard_interrupt
182,1785928024.5689015,11.148188100196421,0.06211579963564873,16.09896364315807,False,,,,,False,False,False,,5.523158550262451,6.883710861206055,1.4298306703567505,5.825376987457275,1.767578125,6.822519302368164,4.227931499481201,True,2.5763995945453644,0.0,-1.0,1.0,0.0,-1.0,146.41465759277344,547.6195068359375,146.41465759277344,547.6195068359375,False,True,-0.47382256180189797,-0.3870959124714533,0.11296977659699595,False,,False,keyboard_interrupt
183,1785928024.6316824,11.210505300201476,0.062317200005054474,16.046934071474507,True,137,0.05743969976902008,0.07364349998533726,13.578930933471446,False,True,False,,5.423158645629883,6.933711051940918,1.4266363382339478,5.629402160644531,1.787109375,6.822519302368164,4.203976154327393,True,1.923699863255024,0.0,-1.0,1.0,0.0,-1.0,146.0875701904297,527.0813598632812,146.0875701904297,527.0813598632812,False,True,-0.4687570131468957,-0.37878559854047816,0.11285085377335315,False,,False,keyboard_interrupt
184,1785928024.695539,11.27327400073409,0.06276870053261518,15.931507128786121,True,138,0.055235400795936584,0.0695988005027175,14.368063713410619,False,True,False,,5.3231587409973145,6.83371114730835,1.4450851678848267,5.428552150726318,1.5625,6.650763511657715,4.124794006347656,True,1.3250000774860382,0.0,-1.0,1.0,0.0,-1.0,147.9767303466797,506.03228759765625,147.9767303466797,506.03228759765625,False,True,-0.4627678328661391,-0.37083404699282885,0.11295784765583186,False,,False,keyboard_interrupt
185,1785928024.7459688,11.324263100512326,0.05098909977823496,19.612034814289007,True,139,0.03650650009512901,0.06461260002106428,15.476857450001875,False,True,False,,5.223158836364746,6.787294864654541,1.4382133483886719,5.292888164520264,1.455078125,6.545801639556885,4.0692830085754395,True,1.6502998769283295,0.0,-1.0,1.0,0.0,-1.0,147.27304077148438,491.814697265625,147.27304077148438,491.814697265625,False,True,-0.4594058644457913,-0.3649182007210905,0.1128904832614187,False,,False,keyboard_interrupt
186,1785928024.8008642,11.382229000329971,0.05796589981764555,17.251522069801243,True,140,0.021683599799871445,0.06971889920532703,14.343313095849808,False,True,False,,5.123158931732178,6.687294960021973,1.4315749406814575,5.128339767456055,1.337890625,6.4122138023376465,4.007260322570801,True,0.9761992841959,0.0,-1.0,1.0,0.0,-1.0,146.59327697753906,474.57000732421875,146.59327697753906,474.57000732421875,False,True,-0.45525676269828974,-0.35777129120112544,0.11293058167652478,False,,False,keyboard_interrupt
187,1785928024.8645446,11.444421600550413,0.06219260022044182,16.079083306623257,True,141,0.012832799926400185,0.07279280014336109,13.737622375160173,False,True,False,,5.023159027099609,6.587295055389404,1.433669090270996,4.9351115226745605,1.279296875,6.297709941864014,3.951474189758301,True,1.1724000796675682,0.0,-1.0,1.0,0.0,-1.0,146.80770874023438,454.3196716308594,146.80770874023438,454.3196716308594,False,True,-0.4500126668434179,-0.3496242057396822,0.11285582596225809,False,,False,keyboard_interrupt
188,1785928024.9286652,11.505967200733721,0.061545600183308125,16.248115170241064,True,142,0.0024557001888751984,0.07104740012437105,14.075110394602248,False,True,False,,4.923159122467041,6.618858814239502,1.4319220781326294,4.751248836517334,1.123046875,6.221374034881592,3.9593818187713623,True,2.106199972331524,0.0,-1.0,1.0,0.0,-1.0,146.6288299560547,435.0508728027344,146.6288299560547,435.0508728027344,False,True,-0.4451419231884638,-0.34174448548990033,0.11292226370273667,False,,False,keyboard_interrupt
189,1785928024.9893878,11.56819870043546,0.06223149970173836,16.069032640909764,True,143,0.0025164997205138206,0.07191770058125257,13.904782715768292,False,True,False,,4.823159217834473,6.544854640960693,1.4280661344528198,4.585119247436523,1.07421875,5.982824325561523,3.920104503631592,True,2.2053997963666916,0.0,-1.0,1.0,0.0,-1.0,146.2339630126953,417.6405334472656,146.2339630126953,417.6405334472656,False,True,-0.4408103835124256,-0.33454104231928655,0.1128679081783042,False,,False,keyboard_interrupt
190,1785928025.0514925,11.630331099964678,0.062132399529218674,16.09466248812321,False,,,,,False,False,False,,4.723159313201904,6.444854736328125,1.4266587495803833,4.397994041442871,1.07421875,5.982824325561523,3.880277633666992,True,0.9717000648379326,0.0,-1.0,1.0,0.0,-1.0,146.08985900878906,398.02978515625,146.08985900878906,398.02978515625,False,True,-0.4358100944805516,-0.32648337202796696,0.11283405845513023,False,,False,keyboard_interrupt
191,1785928025.1136549,11.692483399994671,0.06215230002999306,16.089509149579765,True,144,0.041244699619710445,0.062169499695301056,16.085057864404575,False,True,False,,4.623159408569336,6.344854831695557,1.425417184829712,4.210423469543457,1.064453125,5.858778476715088,3.8446524143218994,True,0.9638005867600441,0.0,-1.0,1.0,0.0,-1.0,145.9627227783203,378.37237548828125,145.9627227783203,378.37237548828125,False,True,-0.4307756517680163,-0.3183852255154221,0.11279157777132609,False,,False,keyboard_interrupt
192,1785928025.1778429,11.755037200637162,0.06255380064249039,15.986238881234955,True,145,0.036650100722908974,0.08599499985575676,11.628583076659625,False,True,False,,4.523649215698242,6.244854927062988,1.4245542287826538,4.028191566467285,0.966796875,5.601145267486572,3.8102474212646484,True,1.9833995029330254,0.0,-1.0,1.0,0.0,-1.0,145.8743438720703,359.27447509765625,145.8743438720703,359.27447509765625,False,True,-0.4258564259652701,-0.31050197292183734,0.11284830627891525,False,,False,keyboard_interrupt
193,1785928025.2356794,11.815552500076592,0.06051529943943024,16.524746787395475,True,146,0.02608309965580702,0.066716100089252,14.988885721170933,False,True,False,,4.423649311065674,6.268411159515381,1.4227005243301392,3.863651990890503,0.947265625,5.381679534912109,3.8455898761749268,True,1.7492994666099548,0.0,-1.0,1.0,0.0,-1.0,145.68453979492188,342.03070068359375,145.68453979492188,342.03070068359375,False,True,-0.42144082471376587,-0.3033333352919039,0.11283959736859048,False,,False,keyboard_interrupt
194,1785928025.298024,11.877313800156116,0.06176130007952452,16.19136900797731,True,147,0.010393699631094933,0.07108210027217865,14.068239348175217,False,True,False,,4.3236494064331055,6.265596866607666,1.4187241792678833,3.6745266914367676,0.9765625,5.181297779083252,3.892587184906006,True,1.7727995291352272,0.0,-1.0,1.0,0.0,-1.0,145.27735900878906,322.21038818359375,145.27735900878906,322.21038818359375,False,True,-0.4164176442486173,-0.2950178849857424,0.11288952356136553,False,,False,keyboard_interrupt
195,1785928025.3598065,11.939097600057721,0.06178379990160465,16.185472593019128,False,,,,,False,False,False,,4.223649501800537,6.165596961975098,1.4181333780288696,3.489084243774414,0.9765625,5.181297779083252,3.877452850341797,True,2.678999677300453,0.0,-1.0,1.0,0.0,-1.0,145.21685791015625,302.77606201171875,145.21685791015625,302.77606201171875,False,True,-0.41135498177428137,-0.28692900263081833,0.11287190542536872,False,,False,keyboard_interrupt
196,1785928025.422543,12.00133359991014,0.0622359998524189,16.067870723878688,True,148,0.05725059937685728,0.07744529936462641,12.912339524853794,False,True,False,,4.123649597167969,6.065597057342529,1.4167556762695312,3.3053295612335205,0.9375,4.9809160232543945,3.866051197052002,True,2.01990082859993,0.0,-1.0,1.0,0.0,-1.0,145.07577514648438,283.5185241699219,145.07577514648438,283.5185241699219,False,True,-0.4063515492614721,-0.2788663885587746,0.11286320897834824,False,,False,keyboard_interrupt
197,1785928025.4760308,12.052113300189376,0.05077970027923584,19.692908672186604,True,149,0.03861819952726364,0.07765279989689589,12.87783571651966,False,True,False,,4.0236496925354,5.965597152709961,1.416581630706787,3.160658121109009,0.927734375,4.360687255859375,3.8294239044189453,True,2.0190998911857605,0.0,-1.0,1.0,0.0,-1.0,145.05795288085938,268.3569641113281,145.05795288085938,268.3569641113281,False,True,-0.4023674948773629,-0.2725255844433406,0.11283318808676517,False,,False,keyboard_interrupt
198,1785928025.529248,12.110148699954152,0.05803539976477623,17.230862612355708,True,150,0.026574899442493916,0.06892340071499348,14.508860410633536,False,True,False,,3.923649787902832,5.865597248077393,1.4161268472671509,2.9928202629089355,0.91796875,4.122137546539307,3.8132033348083496,True,0.9757997468113899,0.0,-1.0,1.0,0.0,-1.0,145.0113983154297,250.767578125,145.0113983154297,250.767578125,False,True,-0.39774230314942355,-0.2651424893917056,0.11283161388744126,False,,False,keyboard_interrupt
199,1785928025.5908604,12.171139100566506,0.06099040061235428,16.396022816046873,True,151,0.013307000510394573,0.07007799949496984,14.26981373907198,False,True,False,,3.8236498832702637,5.8221049308776855,1.4157276153564453,2.803961992263794,0.908203125,3.721374034881592,3.8609941005706787,True,0.987200066447258,0.0,-0.5,0.5,0.0,-1.0,144.9705047607422,262.41522216796875,144.9705047607422,262.41522216796875,False,False,-0.39251749651110834,-0.25681206511235266,0.11285573596751386,False,,False,keyboard_interrupt
200,1785928025.653608,12.233967900276184,0.0628287997096777,15.916267772436328,True,152,0.006805599667131901,0.07425739988684654,13.466671355633249,False,True,False,,3.7236499786376953,5.722105026245117,1.4150365591049194,2.616849660873413,0.908203125,3.721374034881592,3.869406223297119,True,0.93889981508255,0.0,-1.0,1.0,0.0,-0.5,144.8997344970703,211.36581420898438,144.8997344970703,211.36581420898438,False,True,-0.3873350219355593,-0.24852348442747968,0.11283760935945411,False,,False,keyboard_interrupt
201,1785928025.7158067,12.29515099991113,0.06118309963494539,16.344382778358604,True,153,0.004397799260914326,0.0693355007097125,14.422626068378852,False,True,False,,3.623650074005127,5.622105121612549,1.4119586944580078,2.5326995849609375,0.908203125,3.4828243255615234,3.7994744777679443,True,1.182599924504757,0.0,0.0,0.0,0.0,-1.0,144.58456420898438,265.4269104003906,144.58456420898438,265.4269104003906,False,False,-0.38510160250842307,-0.24471096718756433,0.11285560118485986,False,,False,keyboard_interrupt
202,1785928025.7769809,12.357309200800955,0.06215820088982582,16.087981725411908,True,154,0.004160900600254536,0.06358589977025986,15.72675708943441,False,True,False,,3.5236501693725586,5.618344783782959,1.4084924459457397,2.373941421508789,0.888671875,3.2729008197784424,3.8729891777038574,True,1.603499986231327,0.0,-1.0,1.0,0.0,0.0,144.22962951660156,185.9090576171875,144.22962951660156,185.9090576171875,False,True,-0.3807921350864089,-0.2375676183948112,0.11279516713792215,False,,False,keyboard_interrupt
203,1785928025.8415012,12.419325300492346,0.06201609969139099,16.12484508016906,False,,,,,False,False,False,,3.4236502647399902,5.549323081970215,1.406227946281433,2.330803871154785,0.888671875,3.2729008197784424,3.7985336780548096,True,3.746199421584606,0.0,-1.0,1.0,0.0,-1.0,143.99774169921875,181.38824462890625,143.99774169921875,181.38824462890625,False,True,-0.3796683931736827,-0.2355868593222866,0.11275373993669124,False,,False,keyboard_interrupt
204,1785928025.9036036,12.48133370000869,0.06200839951634407,16.12684745614861,True,155,0.058990899473428726,0.06239630002528429,16.026591313824362,False,True,False,,3.323650360107422,5.4493231773376465,1.4063133001327515,2.1914749145507812,0.87890625,3.0629770755767822,3.780179500579834,True,2.0156996324658394,0.0,-1.0,1.0,0.0,-1.0,144.00648498535156,166.7865753173828,144.00648498535156,166.7865753173828,False,True,-0.375757116821638,-0.22938288551624786,0.11258827915957696,False,,False,keyboard_interrupt
205,1785928025.9524853,12.531272800639272,0.04993910063058138,20.024389453814603,True,156,0.03698100056499243,0.06967880018055439,14.351567441011635,False,True,False,,3.237581491470337,5.349323272705078,1.4045921564102173,1.9965163469314575,0.87890625,2.8721373081207275,3.8211469650268555,True,2.094300463795662,0.0,-1.0,1.0,0.0,-1.0,143.8302459716797,146.3549041748047,143.8302459716797,146.3549041748047,False,True,-0.3703370111368536,-0.2206257433851615,0.11253069941322953,False,,False,keyboard_interrupt
206,1785928026.0094402,12.589248800650239,0.057976000010967255,17.248516624307147,True,157,0.032036700285971165,0.07146849948912859,13.992178472308835,False,True,False,,3.14108943939209,5.398960590362549,1.400471806526184,1.8362632989883423,0.888671875,2.8339693546295166,3.9651687145233154,True,0.9883996099233627,0.0,-0.5,0.5,0.0,-1.0,143.40830993652344,161.00039672851562,143.40830993652344,161.00039672851562,False,False,-0.3659692754410909,-0.21333067495757882,0.11271816978324606,False,,False,keyboard_interrupt
207,1785928026.0716052,12.651417300105095,0.06216849945485592,16.085316659864965,True,158,0.017563399858772755,0.06291559990495443,15.894309225544756,False,True,False,,3.0410895347595215,5.2989606857299805,1.4016152620315552,1.657356858253479,0.859375,2.5095419883728027,3.9936392307281494,True,1.7424002289772034,0.0,-0.5,0.5,0.0,-0.5,143.52540588378906,142.25099182128906,143.52540588378906,142.25099182128906,False,False,-0.36086313946859255,-0.20532060939374258,0.11284844948318316,False,,False,keyboard_interrupt
208,1785928026.1357603,12.713559499941766,0.06214219983667135,16.092124234872678,True,159,0.014345699921250343,0.0766438003629446,13.047369718940443,False,True,False,,2.941089630126953,5.199337959289551,1.3978575468063354,1.5554386377334595,0.859375,2.5477099418640137,3.957217216491699,True,1.6919998452067375,0.0,-0.5,0.5,0.0,-0.5,143.14060974121094,131.56996154785156,143.14060974121094,131.56996154785156,False,False,-0.35811283947288974,-0.20062474452890164,0.11283261948810575,False,,False,keyboard_interrupt
209,1785928026.1958373,12.776100500486791,0.06254100054502487,15.989510741518668,True,160,0.00940920040011406,0.0653593996539712,15.300018135023379,False,True,False,,2.8410897254943848,5.099338054656982,1.396756649017334,1.4956414699554443,0.849609375,2.1946563720703125,3.8823609352111816,True,1.3851998373866081,0.0,-0.5,0.5,0.0,-0.5,143.0278778076172,125.30323791503906,143.0278778076172,125.30323791503906,False,False,-0.3564554041137412,-0.19789615908348862,0.11294980208970584,False,,False,keyboard_interrupt
210,1785928026.2588332,12.837107300758362,0.06100680027157068,16.391615287943605,True,161,0.00672760047018528,0.06748230010271072,14.81870058486389,False,True,False,,2.7410898208618164,4.999338150024414,1.3967251777648926,1.3895325660705566,0.859375,1.9465649127960205,3.8520140647888184,True,1.768999733030796,1.0,0.0,1.0,0.0,-0.5,204.46466064453125,145.62301635742188,204.46466064453125,145.62301635742188,False,True,-0.35343768882491655,-0.19310023657340636,0.11288555971197976,False,,False,keyboard_interrupt
211,1785928026.3205745,12.899432900361717,0.06232559960335493,16.044771432029204,True,162,0.0022529996931552887,0.06368300039321184,15.70277772443952,False,True,False,,2.641089916229248,4.899338245391846,1.396359920501709,1.2952903509140015,0.87890625,1.9083969593048096,3.8129401206970215,True,2.0214999094605446,1.0,0.0,1.0,1.0,0.0,204.42726135253906,135.74642944335938,204.42726135253906,135.74642944335938,False,True,-0.3507654504960173,-0.1888238707913338,0.11289085005105827,False,,False,keyboard_interrupt
212,1785928026.3808467,12.96109880041331,0.06166590005159378,16.2164178121674,False,,,,,False,False,False,,2.5410900115966797,4.799338340759277,1.5400608777999878,1.2924773693084717,0.87890625,1.9083969593048096,3.646934747695923,True,1.8418002873659134,1.0,0.0,1.0,1.0,0.0,219.14224243164062,135.45162963867188,219.14224243164062,135.45162963867188,False,True,-0.3452633012455374,-0.1926581440157159,0.11296846341230621,False,,False,keyboard_interrupt
213,1785928026.444934,13.023154000751674,0.06205520033836365,16.1146849022705,True,163,0.05684190057218075,0.06680549960583448,14.968827505223306,False,True,False,,2.4410901069641113,4.699338436126709,1.7836586236953735,1.3166126012802124,0.830078125,1.8034350872039795,3.446019411087036,False,2.0927004516124725,1.0,0.0,1.0,1.0,0.0,244.08665466308594,137.9810028076172,244.08665466308594,137.9810028076172,False,True,-0.3367494663605612,-0.2004780998556602,0.11296574574484215,False,,False,keyboard_interrupt
214,1785928026.4927545,13.07399439997971,0.050840399228036404,19.669397077600856,True,164,0.038272799924016,0.06958180014044046,14.37157414699892,False,True,False,,2.4910900592803955,4.599338531494141,1.9234223365783691,1.307305932044983,0.849609375,1.7080153226852417,3.3406176567077637,False,0.963299535214901,1.0,0.0,1.0,1.0,0.0,258.3984375,137.0056610107422,258.3984375,137.0056610107422,False,True,-0.3311923935393884,-0.20392270965471931,0.11291452424467821,False,,False,keyboard_interrupt
215,1785928026.5519173,13.132205800153315,0.05821140017360449,17.178765620096566,True,165,0.016488399356603622,0.06895389966666698,14.50244300661954,False,True,False,,2.391090154647827,4.499338626861572,2.0741641521453857,1.3026562929153442,0.80078125,1.5935114622116089,3.2123544216156006,False,1.7446000128984451,1.0,0.0,1.0,1.0,0.0,273.8344421386719,136.5183868408203,273.8344421386719,136.5183868408203,False,True,-0.3253456493067386,-0.2078871156057751,0.11297495277886924,False,,False,keyboard_interrupt
216,1785928026.6145756,13.19437610078603,0.062170300632715225,16.084850641268744,True,166,0.013566100038588047,0.07999549992382526,12.500703176456648,False,True,False,,2.291090250015259,4.399338722229004,2.2716102600097656,1.304945468902588,0.830078125,1.5362595319747925,3.094454526901245,False,1.7312001436948776,1.0,0.0,1.0,1.0,0.0,294.0528564453125,136.75828552246094,294.0528564453125,136.75828552246094,False,True,-0.3179173935392217,-0.2134674233201793,0.11297772043581204,False,,False,keyboard_interrupt
217,1785928026.6768267,13.256119200028479,0.06174309924244881,16.196141953828146,True,167,0.010827799327671528,0.06509810034185648,15.361431358958175,False,True,False,,2.3351387977600098,4.341171741485596,2.433311700820923,1.3057129383087158,0.986328125,1.5648854970932007,3.037045955657959,False,1.7382996156811714,1.0,0.0,1.0,1.0,0.0,310.61114501953125,136.83871459960938,310.61114501953125,136.83871459960938,False,True,-0.31179258131142706,-0.2179943488918258,0.11294676277690352,False,,False,keyboard_interrupt
218,1785928026.7389412,13.318251700140536,0.06213250011205673,16.09463643337203,True,168,0.004051799885928631,0.06447620037943125,15.50959879948219,False,True,False,,2.2933130264282227,4.241171836853027,2.618147134780884,1.3039339780807495,1.1328125,1.4980915784835815,2.9551451206207275,False,1.177600584924221,1.0,0.0,1.0,1.0,0.0,329.53826904296875,136.65228271484375,329.53826904296875,136.65228271484375,False,True,-0.30470379834866773,-0.2230564872960685,0.11292052078160214,False,,False,keyboard_interrupt
219,1785928026.8015099,13.38030210044235,0.06205040030181408,16.11593148692007,False,,,,,False,False,False,,2.3010406494140625,4.141171932220459,2.802643299102783,1.3014949560165405,1.1328125,1.4980915784835815,2.8836381435394287,False,3.1195003539323807,1.0,0.0,1.0,1.0,0.0,348.4306640625,136.39666748046875,348.4306640625,136.39666748046875,False,True,-0.2975970750705395,-0.22808760544961174,0.11295900078938635,False,,False,keyboard_interrupt
220,1785928026.862981,13.442192000336945,0.061889899894595146,16.157725278326556,True,169,0.05779359955340624,0.06890719942748547,14.512271697420392,False,True,False,,2.3232078552246094,4.041172027587891,2.98484206199646,1.3019843101501465,1.2109375,1.4503816366195679,2.8179619312286377,False,1.0505998507142067,1.0,0.0,1.0,1.0,0.0,367.08782958984375,136.44796752929688,367.08782958984375,136.44796752929688,False,True,-0.29065213221567987,-0.2331952842151955,0.1129848343458461,False,,False,keyboard_interrupt
221,1785928026.9243178,13.503563200123608,0.061371199786663055,16.294287931084508,True,170,0.05088649969547987,0.0705363005399704,14.17709735759867,False,True,False,,2.2650234699249268,3.9411721229553223,3.1482467651367188,1.3018276691436768,1.455078125,1.35496187210083,2.783203601837158,False,0.9499005973339081,1.0,0.0,1.0,1.0,0.0,383.8204345703125,136.43154907226562,383.8204345703125,136.43154907226562,False,True,-0.2843967752219561,-0.2377560436279162,0.1130038880166827,False,,False,keyboard_interrupt
222,1785928026.9895425,13.566199600696564,0.06263640057295561,15.965157493928027,True,171,0.04425770044326782,0.06793969962745905,14.718934665348918,False,True,False,,2.2954113483428955,3.8520054817199707,3.337160110473633,1.3017855882644653,1.669921875,1.3454198837280273,2.754789113998413,False,2.0757000893354416,1.0,0.0,1.0,1.0,0.0,403.1651611328125,136.4271240234375,403.1651611328125,136.4271240234375,False,True,-0.27715785551721844,-0.2430431653560629,0.112968914006413,False,,False,keyboard_interrupt
223,1785928027.0506432,13.628350600600243,0.062150999903678894,16.089845723315662,True,172,0.03716780059039593,0.06927260011434555,14.43572203655326,False,True,False,,2.3657631874084473,3.7520055770874023,3.518864393234253,1.3008302450180054,1.845703125,1.3454198837280273,2.7088563442230225,False,2.0706001669168472,1.0,0.0,1.0,1.0,0.0,421.7717590332031,136.32701110839844,421.7717590332031,136.32701110839844,False,True,-0.27015688899453444,-0.24809542048265934,0.11297708379665114,False,,False,keyboard_interrupt
224,1785928027.110705,13.690949000418186,0.06259839981794357,15.974849243883613,True,173,0.03291570022702217,0.06924379989504814,14.441726212537239,False,True,False,,2.4387142658233643,3.724658489227295,3.7012786865234375,1.3009755611419678,2.05078125,1.3072519302368164,2.732820510864258,False,1.178099773824215,1.0,0.0,1.0,1.0,0.0,440.4508972167969,136.3422393798828,440.4508972167969,136.3422393798828,False,True,-0.2631499871021515,-0.25322548724072547,0.11299625232663679,False,,False,keyboard_interrupt
225,1785928027.1717143,13.75197060033679,0.0610215999186039,16.387639808426687,True,174,0.017205899581313133,0.06684179976582527,14.960698298122095,False,True,False,,2.4571616649627686,3.6246585845947266,3.865753650665283,1.3016234636306763,2.05078125,1.3072519302368164,2.7167303562164307,False,1.2191999703645706,1.0,0.0,1.0,1.0,0.0,457.29315185546875,136.41014099121094,457.29315185546875,136.41014099121094,False,True,-0.256837896365409,-0.2578813829122411,0.11297129104038661,False,,False,keyboard_interrupt
226,1785928027.234877,13.814163400791585,0.06219280045479536,16.07903153881689,True,175,0.010595500469207764,0.07673230022192001,13.032321422762866,False,True,False,,2.45436692237854,3.6731467247009277,4.051393508911133,1.3010876178741455,2.5,1.2595419883728027,2.8595731258392334,False,1.1908002197742462,1.0,0.0,1.0,1.0,0.0,476.30267333984375,136.35397338867188,476.30267333984375,136.35397338867188,False,True,-0.24966506528621726,-0.2630871537184912,0.11297637882445041,False,,False,keyboard_interrupt
227,1785928027.2954988,13.876312600448728,0.06214919965714216,16.090311790283536,True,176,0.009322100318968296,0.06880330014973879,14.534186555349358,False,True,False,,2.5535314083099365,3.6116156578063965,4.234272003173828,1.3006690740585327,2.6953125,1.2404580116271973,2.8575098514556885,False,1.19829922914505,1.0,0.0,1.0,1.0,0.0,495.0294189453125,136.31011962890625,495.0294189453125,136.31011962890625,False,True,-0.24259069230398392,-0.2682287796346572,0.11295169294739774,False,,False,keyboard_interrupt
228,1785928027.359634,13.938910500146449,0.062597899697721,15.974976873487767,True,177,0.0017989994958043098,0.0634222999215126,15.767324761756296,False,True,False,,2.5113210678100586,3.600215435028076,4.417077541351318,1.3005421161651611,2.6953125,1.2404580116271973,2.9867048263549805,False,1.688099466264248,1.0,0.0,1.0,1.0,0.0,513.7487182617188,136.29681396484375,513.7487182617188,136.29681396484375,False,True,-0.23551650912223115,-0.2733897524911016,0.11297632151602649,False,,False,keyboard_interrupt
229,1785928027.4217305,14.000977200455964,0.062066700309515,16.111699107785455,False,,,,,False,False,False,,2.5871939659118652,3.6813154220581055,4.581547737121582,1.3013354539871216,2.6953125,1.2404580116271973,3.105117082595825,False,1.9045006483793259,1.0,0.0,1.0,1.0,0.0,530.5905151367188,136.3799591064453,530.5905151367188,136.3799591064453,False,True,-0.22916936884523048,-0.27808114234557463,0.11298348076927932,False,,False,keyboard_interrupt
230,1785928027.484019,14.063258800655603,0.0622816001996398,16.05610640694141,True,178,0.05794000066816807,0.0701291998848319,14.259395539122469,False,True,False,,2.6647393703460693,3.612424850463867,4.768552780151367,1.3018940687179565,2.919921875,1.2404580116271973,3.124833106994629,False,1.362999901175499,1.0,0.0,1.0,1.0,0.0,549.7398071289062,136.43850708007812,549.7398071289062,136.43850708007812,False,True,-0.22193121402940247,-0.28340797365674464,0.11295574708771026,False,,False,keyboard_interrupt
231,1785928027.5481677,14.125328300520778,0.062069499865174294,16.11097241273368,True,179,0.05297179985791445,0.06854380015283823,14.589211537297476,False,True,False,,2.7431371212005615,3.512424945831299,4.948972702026367,1.302098274230957,3.14453125,1.2213740348815918,3.1226999759674072,False,1.4614006504416466,1.0,0.0,1.0,1.0,0.0,568.2147827148438,136.45989990234375,568.2147827148438,136.45989990234375,False,True,-0.2149266378552881,-0.28854038691407013,0.11297229921997048,False,,False,keyboard_interrupt
232,1785928027.6060832,14.185302800498903,0.059974499978125095,16.673753017778168,True,180,0.04228470008820295,0.0666899997740984,14.9947518876494,False,True,False,,2.8216822147369385,3.4124250411987305,5.1292195320129395,1.3018196821212769,3.33984375,1.2022900581359863,3.1272003650665283,False,1.4004996046423912,1.0,0.0,1.0,1.0,0.0,586.6720581054688,136.43069458007812,586.6720581054688,136.43069458007812,False,True,-0.20790311532894185,-0.2936542178100176,0.11299686123908934,False,,False,keyboard_interrupt
233,1785928027.669312,14.247360200621188,0.06205740012228489,16.1141136758789,True,181,0.037171000614762306,0.07066879980266094,14.150516250345973,False,True,False,,2.921682119369507,3.312425136566162,5.292088031768799,1.3010627031326294,3.544921875,1.1832060813903809,3.108762502670288,False,1.010899432003498,1.0,0.0,1.0,1.0,0.0,603.3497924804688,136.3513641357422,603.3497924804688,136.3513641357422,False,True,-0.2015317984236089,-0.298259184155733,0.11301838755371921,False,,False,keyboard_interrupt
234,1785928027.729887,14.30906890053302,0.06170869991183281,16.20517044482811,True,182,0.029052600264549255,0.06716640014201403,14.888396547762555,False,True,False,,3.021682024002075,3.2124252319335938,5.480748653411865,1.3008453845977783,3.75,1.1641221046447754,3.114666223526001,False,1.6360003501176834,1.0,0.0,1.0,1.0,0.0,622.6686401367188,136.32859802246094,622.6686401367188,136.32859802246094,False,True,-0.19416006348815387,-0.30363150535066746,0.1130049125085311,False,,False,keyboard_interrupt
235,1785928027.7915363,14.3702910002321,0.06122209969907999,16.333970982949275,True,183,0.018616999499499798,0.06982840038836002,14.320820675231936,False,True,False,,3.1216819286346436,3.1124253273010254,5.662179470062256,1.3006641864776611,4.00390625,1.1641221046447754,3.1203536987304688,False,1.7685005441308022,1.0,0.0,1.0,1.0,0.0,641.2471313476562,136.30960083007812,641.2471313476562,136.30960083007812,False,True,-0.18706008337059304,-0.308807645214909,0.11299748054501223,False,,False,keyboard_interrupt
236,1785928027.8526947,14.43192130047828,0.061630300246179104,16.22578497923182,True,184,0.004497800022363663,0.07165780011564493,13.955214901743426,False,True,False,,3.221681833267212,3.1624252796173096,5.822251796722412,1.3008041381835938,4.189453125,1.1641221046447754,3.1982178688049316,False,1.7152000218629837,1.0,0.0,1.0,1.0,0.0,657.6385498046875,136.3242645263672,657.6385498046875,136.3242645263672,False,True,-0.18079565792854851,-0.3133948522117178,0.11299642318431652,False,,False,keyboard_interrupt
237,1785928027.9138606,14.494008400477469,0.06208709999918938,16.106405356556454,False,,,,,False,False,False,,3.3216817378997803,3.06895112991333,6.01092004776001,1.3018182516098022,4.189453125,1.1641221046447754,3.217881441116333,False,2.027500420808792,1.0,0.0,1.0,1.0,0.0,676.9581909179688,136.43055725097656,676.9581909179688,136.43055725097656,False,True,-0.1734268572805119,-0.3188480717877416,0.11298444829335921,False,,False,keyboard_interrupt
238,1785928027.9785435,14.55630150064826,0.06229310017079115,16.05314227833043,True,185,0.05780490022152662,0.07574979960918427,13.201355055185589,False,True,False,,3.4216816425323486,2.9689512252807617,6.193713188171387,1.3018949031829834,4.423828125,1.1545801162719727,3.2346925735473633,False,1.839200034737587,1.0,0.0,1.0,1.0,0.0,695.6762084960938,136.43858337402344,695.6762084960938,136.43858337402344,False,True,-0.1662480188294842,-0.32409926912958686,0.11299703533779722,False,,False,keyboard_interrupt
239,1785928028.0416393,14.618320000357926,0.062018499709665775,16.124221074057147,True,186,0.05535169970244169,0.07143700029700994,13.998348136712787,False,True,False,,3.521681547164917,3.018951177597046,6.373054504394531,1.301184058189392,4.62890625,1.14503812789917,3.3288214206695557,False,2.067199908196926,1.0,0.0,1.0,1.0,0.0,714.040771484375,136.3640899658203,714.040771484375,136.3640899658203,False,True,-0.15916923066443697,-0.32922412669702195,0.11300104094574226,False,,False,keyboard_interrupt
240,1785928028.0997913,14.67995180003345,0.061631799675524235,16.22539022492846,True,187,0.03330669924616814,0.06410739943385124,15.5988233625331,False,True,False,,3.6216814517974854,2.9189512729644775,6.536481857299805,1.3014726638793945,4.84375,1.1259541511535645,3.3335115909576416,False,1.3776002451777458,1.0,0.0,1.0,1.0,0.0,730.7756958007812,136.3943328857422,730.7756958007812,136.3943328857422,False,True,-0.15273771127063357,-0.3339435453369909,0.1129869032595756,False,,False,keyboard_interrupt
241,1785928028.1615014,14.742268300615251,0.06231650058180094,16.04711417784654,True,188,0.02641190029680729,0.0836818004027009,11.95002969806711,False,True,False,,3.7216813564300537,2.818951368331909,6.724269390106201,1.300866961479187,5.0390625,1.1164121627807617,3.3645379543304443,False,1.180100254714489,1.0,0.0,1.0,1.0,0.0,750.0051879882812,136.3308563232422,750.0051879882812,136.3308563232422,False,True,-0.14530695043296035,-0.3393326510975798,0.11300721761336455,False,,False,keyboard_interrupt
242,1785928028.2235854,14.804377600550652,0.062109299935400486,16.100648389856175,True,189,0.0187932001426816,0.0692076999694109,14.449259265110529,False,True,False,,3.821681261062622,2.718951463699341,6.9064130783081055,1.301167607307434,5.283203125,1.106870174407959,3.394949436187744,False,0.9611006826162338,1.0,0.0,1.0,1.0,0.0,768.6566772460938,136.36236572265625,768.6566772460938,136.36236572265625,False,True,-0.13811527817425875,-0.34460837236949876,0.11300196294842478,False,,False,keyboard_interrupt
243,1785928028.2886527,14.866392900235951,0.062015299685299397,16.125053092939385,True,190,0.015892899595201015,0.06973300036042929,14.34041264295664,False,True,False,,3.8930296897888184,2.688415288925171,7.089601039886475,1.3009766340255737,5.5078125,1.106870174407959,3.4846885204315186,False,1.7822999507188797,1.0,0.0,1.0,1.0,0.0,787.4151000976562,136.34234619140625,787.4151000976562,136.34234619140625,False,True,-0.13085530594527842,-0.3499006940722032,0.11297041480190909,False,,False,keyboard_interrupt
244,1785928028.347073,14.927345900796354,0.06095300056040287,16.40608322487792,True,191,0.013604400679469109,0.06491030007600784,15.405875474755664,False,True,False,,3.9930295944213867,2.630957841873169,7.252950668334961,1.3010855913162231,5.712890625,1.087786316871643,3.520745038986206,True,1.1796001344919205,1.0,0.0,1.0,1.0,0.0,804.1421508789062,136.35377502441406,804.1421508789062,136.35377502441406,False,True,-0.12438029739457511,-0.35463974649517527,0.1129405899480755,False,,False,keyboard_interrupt
245,1785928028.4096904,14.98888760060072,0.061541699804365635,16.24914494040449,True,192,0.009107700549066067,0.06324029993265867,15.812701727614327,False,True,False,,4.093029499053955,2.7235004901885986,7.440908908843994,1.301386833190918,5.966796875,1.0782443284988403,3.6374034881591797,True,1.743299886584282,1.0,0.0,1.0,1.0,0.0,823.3890380859375,136.38534545898438,823.3890380859375,136.38534545898438,False,True,-0.11692375588979881,-0.36010911215150254,0.11295623799525795,False,,False,keyboard_interrupt
246,1785928028.4698644,15.051183800213039,0.06229619961231947,16.052343581521523,True,193,0.005841299891471863,0.06603689957410097,15.14304890825296,False,True,False,,4.193029403686523,2.7590088844299316,7.625150203704834,1.3008713722229004,6.162109375,1.0687023401260376,3.7290239334106445,True,1.1023003607988358,1.0,0.0,1.0,1.0,0.0,842.2553100585938,136.33132934570312,842.2553100585938,136.33132934570312,False,True,-0.10957709136347081,-0.3654427137654347,0.1129585377935458,False,,False,keyboard_interrupt
247,1785928028.5348623,15.114174200221896,0.06299040000885725,15.875434984686354,False,,,,,False,False,False,,4.293029308319092,2.719160795211792,7.785263538360596,1.3014307022094727,6.162109375,1.0687023401260376,3.7690393924713135,True,2.513200044631958,1.0,0.0,1.0,1.0,0.0,858.6510009765625,136.3899383544922,858.6510009765625,136.3899383544922,False,True,-0.10321449757835725,-0.37013025594865595,0.11294920335112443,False,,False,keyboard_interrupt
248,1785928028.5960732,15.17627920024097,0.062105000019073486,16.101763138119043,True,194,0.06138329952955246,0.06565720029175282,15.230622011849777,False,True,False,,4.39302921295166,2.6643729209899902,7.973394393920898,1.3003876209259033,6.376953125,1.0591603517532349,3.8313796520233154,True,1.6242004930973053,1.0,0.0,1.0,1.0,0.0,877.9156494140625,136.28062438964844,877.9156494140625,136.28062438964844,False,True,-0.09567317608694442,-0.37557015507717006,0.1129637247866746,False,,False,keyboard_interrupt
249,1785928028.6599529,15.238064900040627,0.06178569979965687,16.184974892937177,True,195,0.05951729975640774,0.06991779990494251,14.302509537765212,False,True,False,,4.4930291175842285,2.564373016357422,8.153421401977539,1.30027174949646,6.6015625,1.0591603517532349,3.8725216388702393,True,2.015399746596813,1.0,0.0,1.0,1.0,0.0,896.3504028320312,136.2684783935547,896.3504028320312,136.2684783935547,False,True,-0.08847275768303689,-0.38082396101603894,0.11295157269386243,False,,False,keyboard_interrupt
250,1785928028.7240603,15.300155000761151,0.06209010072052479,16.105626958170408,True,196,0.050528000108897686,0.06319430004805326,15.824211981770429,False,True,False,,4.593029022216797,2.4643731117248535,8.332019805908203,1.3008968830108643,6.8359375,1.0400763750076294,3.915830612182617,True,1.9757002592086792,0.5,0.0,0.5,1.0,0.0,883.9188842773438,136.33399963378906,883.9188842773438,136.33399963378906,False,False,-0.0813415986803296,-0.3860777031184987,0.11295663714824578,False,,False,keyboard_interrupt
251,1785928028.7860718,15.362136100418866,0.06198109965771437,16.133950599818647,True,197,0.042569300159811974,0.07107629999518394,14.069387405756334,False,True,False,,4.693028926849365,2.452968120574951,8.516886711120605,1.3012621402740479,7.041015625,1.0400763750076294,3.9935340881347656,True,2.0308000966906548,0.5,0.0,0.5,0.5,0.0,902.8492431640625,136.37228393554688,902.8492431640625,136.37228393554688,False,False,-0.07393926959443987,-0.3915119026737996,0.11290911690775005,False,,False,keyboard_interrupt
252,1785928028.8448143,15.423486100509763,0.06135000009089708,16.299918476257293,True,198,0.035735100507736206,0.06994719989597797,14.296497951128146,False,True,False,,4.793028831481934,2.352968215942383,8.602441787719727,1.2997699975967407,7.041015625,1.0400763750076294,3.952322483062744,True,1.3549001887440681,0.5,0.0,0.5,0.5,0.0,911.6100463867188,136.2158966064453,911.6100463867188,136.2158966064453,False,False,-0.07045626107321867,-0.3939552765366544,0.11294809067327777,False,,False,keyboard_interrupt
253,1785928028.9071507,15.486290900036693,0.06280479952692986,15.922350004018616,True,199,0.03059559967368841,0.06818099971860647,14.66684272931102,False,True,False,,4.893028736114502,2.2529683113098145,8.6661376953125,1.2989776134490967,7.48046875,1.0114504098892212,3.8918440341949463,True,1.1630002409219742,0.5,0.0,0.5,0.5,0.0,918.132568359375,136.13284301757812,918.132568359375,136.13284301757812,False,False,-0.06787156901012206,-0.39578993055490247,0.11298714349387845,False,,False,keyboard_interrupt
254,1785928028.9697015,15.548885400407016,0.06259450037032366,15.97584442856428,True,200,0.016535700298845768,0.06794780027121305,14.71717989410266,False,True,False,,4.99302864074707,2.152968406677246,8.768633842468262,1.2987421751022339,7.685546875,1.0114504098892212,3.871033191680908,True,1.7378004267811775,0.5,0.0,0.5,0.5,0.0,928.6281127929688,136.10818481445312,928.6281127929688,136.10818481445312,False,False,-0.0637425991645517,-0.3987910514552431,0.11301326809345677,False,,False,keyboard_interrupt
255,1785928029.0308456,15.61112610064447,0.062240700237452984,16.06665728670989,True,201,0.005828100256621838,0.07664769981056452,13.046705934705269,False,True,False,,5.093028545379639,2.058659791946411,8.861711502075195,1.2983729839324951,7.685546875,1.0114504098892212,3.8446075916290283,True,1.1470001190900803,0.5,0.0,0.5,0.5,0.0,938.1592407226562,136.06948852539062,938.1592407226562,136.06948852539062,False,False,-0.059984750228312574,-0.40151183111331723,0.11296384554984151,False,,False,keyboard_interrupt
256,1785928029.093568,15.67332180030644,0.06219569966197014,16.078282026489603,True,202,0.0038603004068136215,0.07294869981706142,13.708263512684534,False,True,False,,5.193028450012207,1.9586597681045532,8.949501037597656,1.298100233078003,7.91015625,1.0019084215164185,3.8141086101531982,True,1.4040004462003708,0.5,0.0,0.5,0.5,0.0,947.1489868164062,136.04090881347656,947.1489868164062,136.04090881347656,False,False,-0.05643993555010441,-0.40408348544186207,0.11299076483722563,False,,False,keyboard_interrupt
257,1785928029.1567068,15.735448100604117,0.06212630029767752,16.09624257695228,False,,,,,False,False,False,,5.293028354644775,1.8586597442626953,9.032633781433105,1.2982258796691895,7.91015625,1.0019084215164185,3.7813668251037598,True,1.9657006487250328,0.5,0.0,0.5,0.5,0.0,955.6617431640625,136.0540771484375,955.6617431640625,136.0540771484375,False,False,-0.05309293114794075,-0.40653785974406503,0.11296126373503496,False,,False,keyboard_interrupt
258,1785928029.2187798,15.798009499907494,0.06256139930337667,15.984297204586762,True,203,0.05677129980176687,0.0641640005633235,15.58506313852889,False,True,False,,5.393028259277344,1.7916427850723267,9.127946853637695,1.2981373071670532,8.125,0.9923664331436157,3.7673816680908203,True,1.325800083577633,0.5,0.0,0.5,0.5,0.0,965.4217529296875,136.04478454589844,965.4217529296875,136.04478454589844,False,False,-0.04924501582532038,-0.40934359294401024,0.11297443048373018,False,,False,keyboard_interrupt
259,1785928029.2680006,15.848206700757146,0.05019720084965229,19.92142954335524,True,204,0.039820400066673756,0.07222779933363199,13.84508470735536,False,True,False,,5.493028163909912,1.6916427612304688,9.195782661437988,1.2991600036621094,8.134765625,0.9923664331436157,3.7234973907470703,True,1.4065997675061226,1.0,0.0,1.0,0.5,0.0,1003.088134765625,136.15196228027344,1003.088134765625,136.15196228027344,False,True,-0.046539412452644396,-0.41139068850988036,0.11297348393365618,False,,False,keyboard_interrupt
260,1785928029.32494,15.906136100180447,0.05792939942330122,17.262391979809912,True,205,0.027811899781227112,0.06670110020786524,14.992256452796596,False,True,False,,5.5930280685424805,1.5916427373886108,9.285103797912598,1.298672080039978,8.173828125,1.0019084215164185,3.703681230545044,True,0.931999646127224,1.0,0.0,1.0,1.0,0.0,1012.234619140625,136.100830078125,1012.234619140625,136.100830078125,False,True,-0.04291516815896064,-0.41400566229166147,0.1129650952423508,False,,False,keyboard_interrupt
261,1785928029.388025,15.96720500010997,0.06106889992952347,16.374947005006632,True,206,0.00964369997382164,0.06993729993700981,14.298521688722134,False,True,False,,5.693027973175049,1.491642713546753,9.418853759765625,1.2999563217163086,8.466796875,0.982824444770813,3.7307534217834473,True,1.7117001116275787,1.0,1.0,1.4142135381698608,1.0,0.0,1007.935302734375,180.69830322265625,1007.935302734375,180.69830322265625,False,True,-0.03754800567690645,-0.4180156511288799,0.11289599292505972,False,,False,keyboard_interrupt
262,1785928029.4506981,16.02939400076866,0.06218900065869093,16.080013980096812,True,207,0.00019589997828006744,0.07924010045826435,12.619872945853956,False,True,False,,5.793027877807617,1.391642689704895,9.6437349319458,1.3005868196487427,8.4765625,0.9923664331436157,3.851783514022827,True,0.9559998288750648,1.0,1.0,1.4142135381698608,1.0,1.0,1030.963134765625,180.76437377929688,1030.963134765625,180.76437377929688,False,True,-0.02845990932470131,-0.4247000139054686,0.11287957665044927,False,,False,keyboard_interrupt
263,1785928029.51307,16.09222140070051,0.06282739993184805,15.91662238266662,False,,,,,False,False,False,,5.8930277824401855,1.291642665863037,9.769635200500488,1.4219307899475098,8.4765625,0.9923664331436157,3.878796339035034,True,2.0816000178456306,1.0,1.0,1.4142135381698608,1.0,1.0,1043.855224609375,193.48123168945312,1043.855224609375,193.48123168945312,False,True,-0.027303008399179866,-0.4338642272418725,0.11268945540932242,False,,False,keyboard_interrupt
264,1785928029.57473,16.15333260037005,0.06111119966953993,16.363612650504663,True,208,0.052963499911129475,0.07162899989634752,13.960825942663924,False,True,False,,5.993027687072754,1.1916426420211792,9.875250816345215,1.5807214975357056,8.544921875,0.9923664331436157,3.9016711711883545,True,1.3795001432299614,1.0,0.5,1.1180340051651,1.0,1.0,1066.1793212890625,193.78041076660156,1066.1793212890625,193.78041076660156,False,True,-0.028185753686831457,-0.44408636425874465,0.1127502871178494,False,,False,keyboard_interrupt
265,1785928029.6390204,16.215065900236368,0.0617332998663187,16.198712885354663,True,209,0.04230500012636185,0.07163539994508028,13.959578654780405,False,True,False,,6.093027591705322,1.2416425943374634,9.998871803283691,1.6817004680633545,8.740234375,0.982824444770813,3.930556058883667,True,2.127700485289097,1.0,0.5,1.1180340051651,1.0,0.5,1078.838134765625,204.36300659179688,1078.838134765625,204.36300659179688,False,True,-0.026461544034545776,-0.4522526372116568,0.11276521912082997,False,,False,keyboard_interrupt
266,1785928029.6980836,16.27723680064082,0.06217090040445328,16.084695468370125,True,210,0.034549600444734097,0.07192800007760525,13.902791665569325,False,True,False,,6.193027496337891,1.1943999528884888,10.163800239562988,1.7696316242218018,8.779296875,0.982824444770813,4.0122222900390625,True,1.528399996459484,1.0,0.0,1.0,1.0,0.5,1102.213134765625,185.4573974609375,1102.213134765625,185.4573974609375,False,True,-0.022642418871791536,-0.4610614446360051,0.11277307644415774,False,,False,keyboard_interrupt
267,1785928029.7590528,16.339251900091767,0.062015099450945854,16.125105157510927,True,211,0.024881099350750446,0.0699322996661067,14.299544055815725,False,True,False,,6.293027400970459,1.2943999767303467,10.334115982055664,1.841416835784912,8.974609375,0.982824444770813,4.077943325042725,True,1.1424999684095383,1.0,0.0,1.0,1.0,0.0,1119.653564453125,192.98048400878906,1119.653564453125,192.98048400878906,False,True,-0.01807988474785347,-0.4693138379548259,0.11278123036849885,False,,False,keyboard_interrupt
268,1785928029.8195915,16.401280600577593,0.06202870048582554,16.121569405254824,True,212,0.017102200537919998,0.07167819980531931,13.951243233173233,False,True,False,,6.393027305603027,1.2883840799331665,10.51188850402832,1.8437570333480835,9.365234375,0.982824444770813,4.156134605407715,True,0.9311996400356293,0.5,1.0,1.1180340051651,1.0,0.0,1103.8941650390625,249.46731567382812,1103.8941650390625,249.46731567382812,False,True,-0.0109478964378015,-0.47471461913081203,0.1128754791902791,False,,False,keyboard_interrupt
269,1785928029.882784,16.463445300236344,0.06216469965875149,16.08629986937001,False,,,,,False,False,False,,6.493027210235596,1.1883840560913086,10.682198524475098,1.8244315385818481,9.365234375,0.982824444770813,4.237182140350342,True,1.4862995594739914,0.5,0.5,0.7071067690849304,0.5,1.0,1124.5770263671875,222.6404266357422,1124.5770263671875,222.6404266357422,False,False,-0.0033986793716631897,-0.47894080163384034,0.11288502929785582,False,,False,keyboard_interrupt
270,1785928029.9459894,16.526172700338066,0.06272740010172129,15.941996613574922,True,213,0.061933799646794796,0.06981410086154938,14.323753907296359,False,True,False,,6.593027114868164,1.0883840322494507,10.78366470336914,1.9793150424957275,9.560546875,1.0687023401260376,4.284296989440918,True,1.6443002969026566,0.5,0.0,0.5,0.5,0.5,1134.96728515625,207.43222045898438,1134.96728515625,207.43222045898438,False,False,-0.004345857519423004,-0.4888264206412348,0.1127923885795614,False,,False,keyboard_interrupt
271,1785928029.9957895,16.57647500000894,0.05030229967087507,19.87980681883214,True,214,0.046734499745070934,0.08039339911192656,12.43883218083321,False,True,False,,6.693027019500732,0.9883840084075928,10.817740440368652,2.1069347858428955,10.146484375,1.4312976598739624,4.273688793182373,True,0.9367996826767921,0.5,0.5,0.7071067690849304,0.5,0.0,1138.4566650390625,252.2467498779297,1138.4566650390625,252.2467498779297,False,False,-0.007134003358345792,-0.49547725864421427,0.11287351731562277,False,,False,keyboard_interrupt
272,1785928030.052869,16.63298820052296,0.056513200514018536,17.69498083464486,True,215,0.028584400191903114,0.06516050081700087,15.346720597013773,False,True,False,,6.793026924133301,0.8883839845657349,10.903820037841797,2.098264694213867,10.4296875,1.479007601737976,4.2851409912109375,True,1.0457001626491547,0.5,0.5,0.7071067690849304,0.5,0.5,1147.271240234375,251.338134765625,1147.271240234375,251.338134765625,False,False,-0.003358247177016798,-0.49766831901947367,0.11290503437409005,False,,False,keyboard_interrupt
273,1785928030.1176958,16.695391700603068,0.06240350008010864,16.02474218138854,True,216,0.019480899907648563,0.07466449961066246,13.393245855989036,False,True,False,,6.893026828765869,0.8489463925361633,11.000909805297852,2.1138899326324463,10.78125,1.5935114622116089,4.2982306480407715,True,1.7407005652785301,0.5,0.5,0.7071067690849304,0.5,0.5,1157.213134765625,252.9756622314453,1157.213134765625,252.9756622314453,False,False,7.268141570345062e-05,-0.5012617763530974,0.11287305547458376,False,,False,keyboard_interrupt
274,1785928030.1798706,16.75802190043032,0.06263019982725382,15.966738135247741,True,217,0.013168600387871265,0.0715081999078393,13.984410197555148,False,True,False,,6.9930267333984375,0.8167564868927002,11.09000015258789,2.2656497955322266,10.80078125,1.6412214040756226,4.345628261566162,True,1.7229001969099045,0.5,0.5,0.7071067690849304,0.5,0.5,1166.3360595703125,268.8800964355469,1166.3360595703125,268.8800964355469,False,False,-0.001276653064651687,-0.5106061253556717,0.11292887363927517,False,,False,keyboard_interrupt
275,1785928030.240037,16.820173300802708,0.06215140037238598,16.089742049389162,False,,,,,False,False,False,,7.093026638031006,0.8343489766120911,11.178201675415039,2.3384690284729004,10.80078125,1.6412214040756226,4.353278160095215,True,2.7821995317935944,0.5,-0.5,0.7071067690849304,0.5,0.5,1175.3677978515625,213.63156127929688,1175.3677978515625,213.63156127929688,False,False,-7.966556403182844e-05,-0.5164448408599096,0.11288505271286375,False,,False,keyboard_interrupt
276,1785928030.3030365,16.881183000281453,0.06100969947874546,16.390836351330982,True,218,0.05912970006465912,0.06894529983401299,14.504251956370013,False,True,False,,7.193026542663574,0.7343489527702332,11.273038864135742,2.421788454055786,10.791015625,1.6412214040756226,4.415195465087891,True,1.904900185763836,0.5,0.0,0.5,0.5,-0.5,1185.0792236328125,253.8034210205078,1185.0792236328125,253.8034210205078,False,False,0.0010423884660678707,-0.5229392731529405,0.11290452669168916,False,,False,keyboard_interrupt
277,1785928030.3650992,16.9431458003819,0.06196280010044575,16.13871546119502,True,219,0.05297069996595383,0.0775626003742218,12.892811679536642,False,True,False,,7.293026447296143,0.7843489646911621,11.354582786560059,2.351262331008911,10.927734375,1.784351110458374,4.35332727432251,True,1.6133002936840057,0.5,-0.5,0.7071067690849304,0.5,0.0,1193.4293212890625,214.9722900390625,1193.4293212890625,214.9722900390625,False,False,0.006661550048557703,-0.5222946368575877,0.11277758251898563,False,,False,keyboard_interrupt
278,1785928030.4266803,17.005324200727046,0.062178400345146656,16.082755337047764,True,220,0.042949700728058815,0.0677538001909852,14.759319730866583,False,True,False,,7.393026351928711,0.794357419013977,11.449483871459961,2.2878029346466064,11.044921875,1.8797709941864014,4.322641372680664,True,1.3999994844198227,0.5,-0.5,0.7071067690849304,0.5,-0.5,1203.1470947265625,208.32174682617188,1203.1470947265625,208.32174682617188,False,False,0.012603290801030603,-0.5223600832139386,0.11294602076071839,False,,False,keyboard_interrupt
279,1785928030.4907203,17.06828060001135,0.06295639928430319,15.884008796057818,True,221,0.03815289959311485,0.0722082993015647,13.848823607154682,False,True,False,,7.493026256561279,0.8145014643669128,11.540388107299805,2.2428789138793945,11.1328125,1.9465649127960205,4.29201602935791,True,1.3682004064321518,0.5,0.0,0.5,0.5,-0.5,1212.4556884765625,235.0537109375,1212.4556884765625,235.0537109375,False,False,0.017783259888774362,-0.5231196264094282,0.1128450152537966,False,,False,keyboard_interrupt
280,1785928030.553657,17.131258100271225,0.06297750025987625,15.878686767075644,True,222,0.03710220009088516,0.0677475007250905,14.760692118486473,False,True,False,,7.593026161193848,0.9145014882087708,11.632498741149902,2.1155025959014893,11.171875,1.965648889541626,4.214231014251709,True,2.044999971985817,0.5,0.5,0.7071067690849304,0.5,0.0,1221.887939453125,253.14468383789062,1221.887939453125,253.14468383789062,False,False,0.02574577642627964,-0.5202904757133723,0.11292820546510723,False,,False,keyboard_interrupt
281,1785928030.6137717,17.193424500524998,0.062166400253772736,16.085859820061117,True,223,0.03405840042978525,0.06402650009840727,15.618532927194565,False,True,False,,7.693026065826416,0.8645014762878418,11.73059368133545,2.127957820892334,11.171875,1.965648889541626,4.230635166168213,True,1.2275995686650276,0.5,0.0,0.5,0.5,0.5,1231.932861328125,223.00997924804688,1231.932861328125,223.00997924804688,False,False,0.029341947988931062,-0.5237925736116098,0.11295104747874123,False,,False,keyboard_interrupt
282,1785928030.6770368,17.256166600622237,0.06274210009723902,15.938261525358238,True,224,0.024328400380909443,0.06523399986326694,15.329429470767387,False,True,False,,7.793025970458984,0.7645014524459839,11.80682373046875,2.2291460037231445,11.259765625,1.9561069011688232,4.272675514221191,True,1.7164992168545723,0.5,0.0,0.5,0.5,0.0,1239.73876953125,233.614501953125,1239.73876953125,233.614501953125,False,False,0.02910722929182027,-0.5305370381776142,0.11285062236325494,False,,False,keyboard_interrupt
283,1785928030.7389174,17.318079099990427,0.061912499368190765,16.15182734027658,True,225,0.016164899803698063,0.07244719937443733,13.803156072763876,False,True,False,,7.893025875091553,0.8145014643669128,11.897235870361328,2.2488033771514893,11.34765625,1.9465649127960205,4.253342151641846,True,1.1622002348303795,0.5,0.0,0.5,0.5,0.0,1248.9969482421875,235.67459106445312,1248.9969482421875,235.67459106445312,False,False,0.03215088285472277,-0.5341258863958005,0.11285784262734933,False,,False,keyboard_interrupt
284,1785928030.8010437,17.380195000208914,0.062115900218486786,16.098937574479237,True,226,0.008154300041496754,0.07007750030606985,14.269915388425801,False,True,False,,7.993025779724121,0.8121403455734253,11.99044132232666,2.2131285667419434,11.552734375,1.8797709941864014,4.235811233520508,True,1.7017005011439323,0.5,0.0,0.5,0.5,0.0,1258.5411376953125,231.9358673095703,1258.5411376953125,231.9358673095703,False,False,0.03714627980183765,-0.5353725112944286,0.11291383463765231,False,,False,keyboard_interrupt
285,1785928030.862619,17.442319500260055,0.062124500051140785,16.096709014588473,True,227,0.0013720998540520668,0.07013159990310669,14.258907559239955,False,True,False,,8.093026161193848,0.7121403217315674,12.08010482788086,2.2248995304107666,11.6796875,1.8797709941864014,4.264415264129639,True,1.9541000947356224,0.5,0.0,0.5,0.5,0.0,1267.7227783203125,233.1694793701172,1267.7227783203125,233.1694793701172,False,False,0.040426205194387645,-0.5385972498794592,0.11290973011865761,False,,False,keyboard_interrupt
286,1785928030.9246786,17.504389400593936,0.06206990033388138,16.110868466372285,False,,,,,False,False,False,,8.193026542663574,0.7621403336524963,12.157478332519531,2.223555088043213,11.6796875,1.8797709941864014,4.2252349853515625,True,3.3507002517580986,0.5,0.0,0.5,0.5,0.0,1275.6458740234375,233.028564453125,1275.6458740234375,233.028564453125,False,False,0.043640892205384633,-0.5408767910703733,0.11288971625940855,False,,False,keyboard_interrupt
287,1785928030.989299,17.566350700333714,0.06196129973977804,16.139106251801525,True,228,0.05955919995903969,0.06890089996159077,14.513598524220383,False,True,False,,8.2930269241333,0.6621403098106384,12.251683235168457,2.2197012901306152,11.669921875,1.889312982559204,4.254051685333252,True,1.9992003217339516,0.5,0.5,0.7071067690849304,0.5,0.0,1285.29248046875,264.064697265625,1285.29248046875,264.064697265625,False,False,0.04763186652696172,-0.5435571955818711,0.11291993512841805,False,,False,keyboard_interrupt
288,1785928031.049797,17.628394200466573,0.06204350013285875,16.117723820523008,True,229,0.043066300451755524,0.06617389991879463,15.1116981351734,False,True,False,,8.393027305603027,0.5621402859687805,12.340914726257324,2.2208662033081055,11.6796875,1.889312982559204,4.282194137573242,True,0.9404998272657394,0.5,0.5,0.7071067690849304,0.5,0.5,1294.4296875,264.186767578125,1294.4296875,264.186767578125,False,False,0.051254813495207927,-0.5463095893011627,0.11296757099294806,False,,False,keyboard_interrupt
289,1785928031.1131396,17.69121770001948,0.06282349955290556,15.917610561599961,True,230,0.02813479956239462,0.07821170054376125,12.78581072969353,False,True,False,,8.45860481262207,0.6081371307373047,12.435319900512695,2.311800718307495,11.93359375,1.9179389476776123,4.326283931732178,True,1.6927998512983322,0.0,1.0,1.0,0.5,0.5,1273.3768310546875,305.15673828125,1273.3768310546875,305.15673828125,False,True,0.0520947030917991,-0.5531552766493382,0.11302007244199452,False,,False,keyboard_interrupt
290,1785928031.1758187,17.75394770037383,0.06273000035434961,15.941335793897558,True,231,0.020609100349247456,0.07775289937853813,12.861256724736705,False,True,False,,8.558605194091797,0.5081371068954468,12.523767471313477,2.425015926361084,12.021484375,1.927480936050415,4.404195308685303,True,1.1566998437047005,0.5,0.0,0.5,0.0,1.0,1313.15380859375,254.1416778564453,1313.15380859375,254.1416778564453,False,False,0.05194628582718857,-0.5607885124864802,0.11296619967935614,False,,False,keyboard_interrupt
291,1785928031.2347984,17.81556470040232,0.06161700002849102,16.229287364487252,True,232,0.011298900470137596,0.07025450002402067,14.233963655824049,False,True,False,,8.658605575561523,0.40813711285591125,12.530022621154785,2.575556755065918,12.08984375,1.9370229244232178,4.436843395233154,True,1.173499971628189,-0.5,1.0,1.1180340051651,0.5,0.0,1255.5975341796875,326.1599426269531,1255.5975341796875,326.1599426269531,False,True,0.04718856673777291,-0.567546617489676,0.11297534906405796,False,,False,keyboard_interrupt
292,1785928031.2981322,17.878280400298536,0.06271569989621639,15.94497074344744,False,,,,,False,False,False,,8.75860595703125,0.44696173071861267,12.59289264678955,2.619248390197754,12.08984375,1.9370229244232178,4.40687894821167,True,3.3414000645279884,0.5,0.0,0.5,-0.5,1.0,1320.2322998046875,274.49725341796875,1320.2322998046875,274.49725341796875,False,False,0.04830881719105407,-0.57135535788603,0.11292386190116217,False,,False,keyboard_interrupt
293,1785928031.360788,17.94047180004418,0.06219139974564314,16.07939367967121,True,233,0.05933749955147505,0.0709247998893261,14.099440556200936,False,True,False,,8.858606338500977,0.4788544178009033,12.547991752624512,2.7235562801361084,12.20703125,1.9370229244232178,4.318593502044678,True,1.3009002432227135,0.0,1.0,1.0,0.5,0.0,1284.914306640625,348.3087158203125,1284.914306640625,348.3087158203125,False,True,0.0430066610329475,-0.5745309562771824,0.11298648446065591,False,,False,keyboard_interrupt
294,1785928031.414815,17.99027580022812,0.049804000183939934,20.07870846331065,True,234,0.039969200268387794,0.07727210037410259,12.941281460690638,False,True,False,,8.958606719970703,0.5788544416427612,12.545843124389648,2.803773880004883,12.353515625,2.032442808151245,4.221199989318848,True,2.1347999572753906,0.5,0.0,0.5,0.0,1.0,1315.414306640625,293.83551025390625,1315.414306640625,293.83551025390625,False,False,0.04025913570651286,-0.5779489618342872,0.11287448646630902,False,,False,keyboard_interrupt
295,1785928031.4697034,18.048324400559068,0.05804860033094883,17.22694422085568,True,235,0.028780000284314156,0.06876800023019314,14.541647229127102,False,True,False,,9.05860710144043,0.5783685445785522,12.658618927001953,2.814337730407715,12.48046875,2.0992367267608643,4.237881660461426,True,1.04490015655756,0.5,0.0,0.5,0.5,0.0,1326.962646484375,294.9425964355469,1326.962646484375,294.9425964355469,False,False,0.044514659090386564,-0.5818252427487055,0.11302614373227314,False,,False,keyboard_interrupt
296,1785928031.530001,18.111092200502753,0.06276779994368553,15.9317357131712,True,236,0.020556099712848663,0.06924130022525787,14.442247571128359,False,True,False,,9.158607482910156,0.6783685684204102,12.663315773010254,2.976168394088745,12.51953125,2.2041983604431152,4.190807342529297,True,0.9390003979206085,1.0,-0.5,1.1180340051651,0.5,0.0,1351.6771240234375,283.78167724609375,1351.6771240234375,283.78167724609375,False,True,0.03934383669433973,-0.5889760784748399,0.11287803364770117,False,,False,keyboard_interrupt
297,1785928031.5927358,18.17337810061872,0.0622859001159668,16.054997971260804,True,237,0.013738700188696384,0.07099559996277094,14.085379946424645,False,True,False,,9.258607864379883,0.6667751669883728,12.786799430847168,2.8835198879241943,12.529296875,2.213740348815918,4.166784286499023,True,1.13690085709095,1.0,-0.5,1.1180340051651,1.0,-0.5,1364.3218994140625,274.07208251953125,1364.3218994140625,274.07208251953125,False,True,0.0474559980350386,-0.5887122152179645,0.11309277454865077,False,,False,keyboard_interrupt
298,1785928031.6575773,18.236439500004053,0.06306139938533306,15.857561198246765,True,238,0.006238299421966076,0.06910399999469519,14.470942348876557,False,True,False,,9.35860824584961,0.7070052027702332,12.950264930725098,2.813143730163574,12.568359375,2.385496139526367,4.163630485534668,True,1.7194002866744995,1.0,-0.5,1.1180340051651,1.0,-0.5,1381.0606689453125,266.6966857910156,1381.0606689453125,266.6966857910156,False,True,0.056486347521023134,-0.5906286710255185,0.11289184803205984,False,,False,keyboard_interrupt
299,1785928031.717272,18.297430000267923,0.06099050026386976,16.395996026817166,False,,,,,False,False,False,,9.458608627319336,0.6440240740776062,13.104050636291504,2.7362265586853027,12.568359375,2.385496139526367,4.203160285949707,True,1.1307001113891602,0.5,1.0,1.1180340051651,1.0,-0.5,1369.33154296875,342.99810791015625,1369.33154296875,342.99810791015625,False,True,0.06536301706273184,-0.5919717909637583,0.11309236105647251,False,,False,keyboard_interrupt
300,1785928031.7818527,18.359458800405264,0.06202880013734102,16.121543505369292,True,239,0.0561830997467041,0.07055629976093769,14.173078851757376,False,True,False,,9.558609008789062,0.5982763767242432,13.266551971435547,2.650890827178955,12.63671875,2.5,4.238167762756348,True,1.3089999556541443,0.5,0.5,0.7071067690849304,0.5,1.0,1389.2149658203125,309.25335693359375,1389.2149658203125,309.25335693359375,False,False,0.07490618387325818,-0.593218825395034,0.11299736942660693,False,,False,keyboard_interrupt
301,1785928031.8407743,18.42142050061375,0.061961700208485126,16.13900194209097,True,240,0.04050950054079294,0.07353719975799322,13.598559685314966,False,True,False,,9.572154998779297,0.5288611054420471,13.36337947845459,2.7898354530334473,12.67578125,2.5954198837280273,4.414226055145264,True,0.9332001209259033,0.0,0.5,0.5,0.5,0.5,1368.4100341796875,323.81475830078125,1368.4100341796875,323.81475830078125,False,False,0.07422384288382895,-0.6022020036783331,0.11300892801416407,False,,False,keyboard_interrupt
302,1785928031.902849,18.482996799983084,0.061576299369335175,16.24001458746313,True,241,0.018573099747300148,0.07717640046030283,12.957328847104877,False,True,False,,9.672155380249023,0.44559741020202637,13.425435066223145,2.950937032699585,12.685546875,2.614503860473633,4.512630462646484,True,1.1633001267910004,0.0,0.0,0.0,0.0,0.5,1374.7645263671875,309.2582092285156,1374.7645263671875,309.2582092285156,False,False,0.07137152321535505,-0.6110660118828487,0.11275372160484029,False,,False,keyboard_interrupt
303,1785928031.962815,18.5434242002666,0.06042740028351545,16.548784083183524,True,242,0.016932799480855465,0.08350799977779388,11.974900640188919,False,True,False,,9.77215576171875,0.5123337507247925,13.444388389587402,2.982896327972412,12.783203125,2.614503860473633,4.425942897796631,True,0.9363004937767982,0.0,0.5,0.5,0.0,0.0,1376.705322265625,344.04754638671875,1376.705322265625,344.04754638671875,False,False,0.07107923955293867,-0.6130246426223345,0.11293231988477201,False,,False,keyboard_interrupt
304,1785928032.0269334,18.604998799972236,0.0615745997056365,16.24046286586676,True,243,0.00845710001885891,0.06207459978759289,16.109648768124224,False,True,False,,9.872156143188477,0.47346562147140503,13.414236068725586,3.0005345344543457,12.96875,2.60496187210083,4.351138591766357,True,1.7000995576381683,0.0,0.5,0.5,0.0,0.5,1373.61767578125,345.8960266113281,1373.61767578125,345.8960266113281,False,False,0.06925096010158588,-0.6128658180034733,0.11286610861801549,False,,False,keyboard_interrupt
305,1785928032.0878618,18.666515400633216,0.06151660066097975,16.255774689356404,False,,,,,False,False,False,,9.972156524658203,0.3988143503665924,13.424588203430176,3.070901870727539,12.96875,2.60496187210083,4.365699768066406,True,2.3733004927635193,0.0,0.5,0.5,0.0,0.5,1374.6778564453125,353.2705078125,1374.6778564453125,353.2705078125,False,False,0.06732198433174656,-0.6162167977347948,0.11300054968267219,False,,False,keyboard_interrupt
306,1785928032.1520722,18.729039099998772,0.06252369936555624,15.99393526210465,True,244,0.05755129922181368,0.07004399970173836,14.276740395440067,False,True,False,,10.07215690612793,0.47416308522224426,13.422430992126465,3.1888668537139893,13.291015625,2.6335878372192383,4.312070369720459,True,1.9497005268931389,0.0,0.5,0.5,0.0,0.5,1374.4569091796875,365.63323974609375,1374.4569091796875,365.63323974609375,False,False,0.06329439371119486,-0.621230243957162,0.11296147283983529,False,,False,keyboard_interrupt
307,1785928032.2141469,18.791211500763893,0.06217240076512098,16.084307308284046,True,245,0.05074610002338886,0.07538190018385649,13.265783929046622,False,True,False,,10.172157287597656,0.5741630792617798,13.415670394897461,3.262571334838867,13.4375,2.748091697692871,4.212827682495117,True,1.3982998207211494,0.0,1.0,1.0,0.0,0.5,1373.7645263671875,404.7974548339844,1373.7645263671875,404.7974548339844,False,True,0.06056099675074987,-0.6241920753646258,0.11291509159420575,False,,False,keyboard_interrupt
308,1785928032.2752135,18.853238500654697,0.06202699989080429,16.122011410522102,True,246,0.04485249985009432,0.06854069977998734,14.589871466296033,False,True,False,,10.172942161560059,0.6741631031036377,13.416488647460938,3.3531856536865234,13.4375,2.7385497093200684,4.206870079040527,True,1.4205006882548332,0.5,1.0,1.1180340051651,0.0,1.0,1401.3253173828125,407.65545654296875,1401.3253173828125,407.65545654296875,False,True,0.057578748364654646,-0.6281060071237827,0.11296323624682304,False,,False,keyboard_interrupt
309,1785928032.336779,18.91586730070412,0.06262880004942417,15.967094998001551,True,247,0.03422650042921305,0.06792169995605946,14.722835274248574,False,True,False,,10.272942543029785,0.7741631269454956,13.419926643371582,3.534158706665039,13.4375,2.7385497093200684,4.185819149017334,True,1.5366002917289734,0.5,1.0,1.1180340051651,0.5,1.0,1401.67724609375,426.6214294433594,1401.67724609375,426.6214294433594,False,True,0.051710908114591315,-0.6359585640815197,0.11302327476203504,False,,False,keyboard_interrupt
310,1785928032.3968167,18.977939700707793,0.062072400003671646,16.110219678002608,True,248,0.023842399939894676,0.07326159998774529,13.649715542211382,False,True,False,,10.372942924499512,0.8741631507873535,13.498502731323242,3.7191405296325684,13.4375,2.748091697692871,4.226466655731201,True,0.9452002122998238,0.0,1.0,1.0,0.5,1.0,1382.24658203125,452.6459045410156,1382.24658203125,452.6459045410156,False,True,0.048786413020953746,-0.6462452506685019,0.11294813165252715,False,,False,keyboard_interrupt
311,1785928032.460897,19.040013800375164,0.06207409966737032,16.109778560761903,True,249,0.012392399832606316,0.07245680037885904,13.801327063453567,False,True,False,,10.472943305969238,0.9741631746292114,13.59001350402832,3.850294828414917,13.525390625,3.110687017440796,4.2412567138671875,True,1.732400618493557,0.0,0.5,0.5,0.0,1.0,1391.617431640625,434.95086669921875,1391.617431640625,434.95086669921875,False,False,0.04817300573734989,-0.6546133124956864,0.11293409529616893,False,,False,keyboard_interrupt
312,1785928032.5220282,19.102058700285852,0.0620448999106884,16.117360193012917,False,,,,,False,False,False,,10.565019607543945,1.0741631984710693,13.592986106872559,4.035261631011963,13.525390625,3.110687017440796,4.235172271728516,True,2.164599485695362,0.0,1.0,1.0,0.0,0.5,1391.9217529296875,485.775390625,1391.9217529296875,485.775390625,False,True,0.04219200522019907,-0.6625481694403226,0.11284696614817959,False,,False,keyboard_interrupt
313,1785928032.586861,19.164360100403428,0.06230140011757612,16.051003638967746,True,250,0.05916730035096407,0.07351940032094717,13.601851968793598,False,True,False,,10.665019989013672,1.132749080657959,13.56485366821289,4.136221885681152,13.603515625,3.4064886569976807,4.1749114990234375,True,2.04630009829998,0.0,1.0,1.0,0.0,1.0,1389.041015625,496.3560485839844,1389.041015625,496.3560485839844,False,True,0.0377304916827677,-0.6659618015822657,0.11288957658057204,False,,False,keyboard_interrupt
314,1785928032.6340485,19.214657600037754,0.050297499634325504,19.881704006565577,True,251,0.037159400060772896,0.07791659981012344,12.834235611370625,False,True,False,,10.765020370483398,1.1339666843414307,13.573257446289062,4.231234550476074,13.671875,3.5973281860351562,4.180820941925049,True,0.9915996342897415,0.0,1.0,1.0,0.0,1.0,1389.901611328125,506.3133850097656,1389.901611328125,506.3133850097656,False,True,0.03495114813799668,-0.6702297101488499,0.11302959566772824,False,,False,keyboard_interrupt
315,1785928032.6941555,19.273254100233316,0.05859650019556284,17.06586565174628,True,252,0.01546149980276823,0.07196089997887611,13.896435429428296,False,True,False,,10.865020751953125,1.2339667081832886,13.579851150512695,4.461541652679443,13.740234375,3.788167953491211,4.217528343200684,True,1.7454000189900398,0.0,0.5,0.5,0.0,1.0,1390.5767822265625,499.00958251953125,1390.5767822265625,499.00958251953125,False,False,0.02767732159598782,-0.680126634588758,0.11285617616112217,False,,False,keyboard_interrupt
316,1785928032.757795,19.335392800159752,0.06213869992643595,16.093030610293884,True,253,0.013547999784350395,0.08029130008071661,12.454649494960263,False,True,False,,10.965021133422852,1.3339667320251465,13.57348918914795,4.615203380584717,13.7109375,3.921755790710449,4.191732406616211,True,1.7697997391223907,-0.5,1.0,1.1180340051651,0.0,0.5,1362.4486083984375,539.9149169921875,1362.4486083984375,539.9149169921875,False,True,0.02240751106628555,-0.6863799017695521,0.11288569114098218,False,,False,keyboard_interrupt
317,1785928032.8172073,19.396765200421214,0.061372400261461735,16.293969206675158,False,,,,,False,False,False,,11.065021514892578,1.4339667558670044,13.568245887756348,4.714544773101807,13.7109375,3.921755790710449,4.12653923034668,True,2.5424007326364517,0.0,1.0,1.0,-0.5,1.0,1389.388427734375,556.9642333984375,1389.388427734375,556.9642333984375,False,True,0.018963089160086266,-0.6903788629660649,0.11282582151718443,False,,False,keyboard_interrupt
318,1785928032.8817255,19.459222400560975,0.06245720013976097,16.0109642725305,True,254,0.061215899884700775,0.06405249983072281,15.61219316408865,False,True,False,,11.165021896362305,1.493329644203186,13.493973731994629,4.85490083694458,13.740234375,4.074427604675293,4.089520454406738,True,1.9537005573511124,0.0,1.0,1.0,0.0,1.0,1381.782958984375,571.673583984375,1381.782958984375,571.673583984375,False,True,0.011424566474581435,-0.6939848561922047,0.11292716704220886,False,,False,keyboard_interrupt
319,1785928032.9437912,19.51928890030831,0.06006649974733591,16.64821496518702,True,255,0.05113959964364767,0.07660540007054806,13.053910025651874,False,True,False,,11.265022277832031,1.589697241783142,13.467741966247559,5.039335250854492,13.76953125,4.360687255859375,4.0929179191589355,True,2.007700502872467,0.0,1.0,1.0,0.0,1.0,1379.0968017578125,591.0023193359375,1379.0968017578125,591.0023193359375,False,True,0.004409416019353008,-0.700871061628085,0.11306216848126598,False,,False,keyboard_interrupt
320,1785928032.9909606,19.571025400422513,0.0517365001142025,19.328713728076167,True,256,0.03454039990901947,0.06969759985804558,14.347696363098859,False,True,False,,11.365022659301758,1.689697265625,13.494913101196289,5.202735424041748,13.759765625,4.465648651123047,4.108268737792969,True,0.9302003309130669,0.0,0.5,0.5,0.0,1.0,1381.879150390625,576.6866455078125,1381.879150390625,576.6866455078125,False,False,0.00022793203478546653,-0.7084808019747257,0.11302083760493675,False,,False,keyboard_interrupt
321,1785928033.0480943,19.627205800265074,0.05618039984256029,17.79980211608311,True,257,0.012630299665033817,0.06834159977734089,14.632376228505507,False,True,False,,11.465023040771484,1.789697289466858,13.4890718460083,5.355467319488525,13.75,4.484732627868652,4.100182056427002,True,1.2027006596326828,0.0,1.0,1.0,0.0,0.5,1381.281005859375,624.1329345703125,1381.281005859375,624.1329345703125,False,True,-0.004915639107527525,-0.7146276058234776,0.11284631179090815,False,,False,keyboard_interrupt
322,1785928033.1098824,19.688959199935198,0.061753399670124054,16.19344044768104,True,258,0.004787500016391277,0.07808580063283443,12.806425648397697,False,True,False,,11.565023422241211,1.8896973133087158,13.483060836791992,5.475053310394287,13.671875,4.866412162780762,4.066158771514893,True,1.7205998301506042,0.0,1.0,1.0,0.0,1.0,1380.6654052734375,636.6655883789062,1380.6654052734375,636.6655883789062,False,True,-0.008990168315299878,-0.7193849857211356,0.11299546930375039,False,,False,keyboard_interrupt
323,1785928033.1730094,19.75099730025977,0.06203810032457113,16.11912671033118,False,,,,,False,False,False,,11.665023803710938,1.9896973371505737,13.486098289489746,5.601528167724609,13.671875,4.866412162780762,4.044951438903809,True,1.986299641430378,0.0,1.0,1.0,0.0,1.0,1380.9764404296875,649.920166015625,1380.9764404296875,649.920166015625,False,True,-0.0129163894167624,-0.7246896427684745,0.11312740291808698,False,,False,keyboard_interrupt
324,1785928033.2348108,19.81343189999461,0.06243459973484278,16.016760005621236,True,259,0.05763099994510412,0.06959609966725111,14.368621298911043,False,True,False,,11.765024185180664,2.0896973609924316,13.486099243164062,5.824686050415039,13.701171875,5.229007720947266,4.112449645996094,True,1.2901006266474724,0.0,0.5,0.5,0.0,1.0,1380.9765625,641.8671264648438,1380.9765625,641.8671264648438,False,False,-0.02003492474970189,-0.7338583650803064,0.11286722563327528,False,,False,keyboard_interrupt
325,1785928033.2994325,19.87548840045929,0.06205650046467781,16.11434728855189,True,260,0.053748699836432934,0.07206100039184093,13.877131798925518,False,True,False,,11.86502456665039,2.189697265625,13.482589721679688,5.99677038192749,13.7109375,5.248091697692871,4.136462688446045,True,1.9800001755356789,0.0,0.5,0.5,0.0,0.5,1380.6171875,659.9015502929688,1380.6171875,659.9015502929688,False,False,-0.025643701233695856,-0.7407974502050511,0.1129710565794817,False,,False,keyboard_interrupt
326,1785928033.3577397,19.936337500810623,0.06084910035133362,16.434096711802628,True,261,0.042284900322556496,0.0655044000595808,15.266150046263007,False,True,False,,11.965024948120117,2.2896971702575684,13.4759521484375,6.075900554656982,13.681640625,5.353053569793701,4.076547145843506,True,1.1160997673869133,0.0,0.5,0.5,0.0,0.5,1379.9375,668.1943969726562,1379.9375,668.1943969726562,False,False,-0.02841542271398656,-0.7438290833058009,0.11281731869117703,False,,False,keyboard_interrupt
327,1785928033.420079,19.999036299996078,0.06269879918545485,15.94926877374686,True,262,0.02482919953763485,0.07231580000370741,13.828236705515712,False,True,False,,12.065025329589844,2.3896970748901367,13.478604316711426,6.145534992218018,13.701171875,5.696564674377441,4.013044357299805,True,1.7285002395510674,0.0,0.5,0.5,0.0,0.5,1380.2091064453125,675.4920654296875,1380.2091064453125,675.4920654296875,False,False,-0.030516000332708747,-0.74675008681776,0.11289058291597048,False,,False,keyboard_interrupt
328,1785928033.4828086,20.061375699937344,0.06233939994126558,16.041219532786194,True,263,0.01842449977993965,0.08016029931604862,12.475003318753744,False,True,False,,12.16502571105957,2.431328535079956,13.474472045898438,6.248457431793213,13.69140625,5.849236488342285,4.035482883453369,True,1.702600158751011,0.0,1.0,1.0,0.0,0.5,1379.785888671875,717.7183227539062,1379.785888671875,717.7183227539062,False,True,-0.033933390762487955,-0.7508175570482579,0.11289835590670166,False,,False,keyboard_interrupt
329,1785928033.5440674,20.12414660025388,0.06277090031653643,15.930948814773636,True,264,0.004660899750888348,0.06873910035938025,14.547760950780882,False,True,False,,12.265026092529297,2.5313284397125244,13.472319602966309,6.339678764343262,13.671875,5.916030406951904,3.995133399963379,True,1.141199842095375,-0.5,1.0,1.1180340051651,0.0,1.0,1352.0887451171875,720.6399536132812,1352.0887451171875,720.6399536132812,False,True,-0.036897540354081354,-0.7544618531732821,0.1129662918225629,False,,False,keyboard_interrupt
330,1785928033.6048374,20.185464300215244,0.06131769996136427,16.308504732403385,False,,,,,False,False,False,,12.365026473999023,2.6313283443450928,13.476490020751953,6.491194248199463,13.671875,5.916030406951904,4.016704559326172,True,2.1577998995780945,-0.5,1.0,1.1180340051651,-0.5,1.0,1352.515869140625,736.5187377929688,1352.515869140625,736.5187377929688,False,True,-0.041505735528005606,-0.7607357447654026,0.11315137646650839,False,,False,keyboard_interrupt
331,1785928033.6679637,20.246504900045693,0.06104059983044863,16.382538880313792,True,265,0.060058100149035454,0.07661260012537241,13.05268321873365,False,True,False,,12.46502685546875,2.731328248977661,13.40338134765625,6.687496662139893,13.671875,5.916030406951904,4.065928936004639,True,1.392199657857418,-0.5,1.0,1.1180340051651,-0.5,1.0,1345.0294189453125,757.0912475585938,1345.0294189453125,757.0912475585938,False,True,-0.050534711887231305,-0.7664689474934063,0.11284794339081144,False,,False,keyboard_interrupt
332,1785928033.729706,20.30921860039234,0.0627137003466487,15.945479129321352,True,266,0.040960200130939484,0.06720819976180792,14.879136824734074,False,True,False,,12.565027236938477,2.8313281536102295,13.293814659118652,6.833227634429932,13.662109375,6.068702220916748,4.067718505859375,True,1.0102996602654457,-1.0,1.0,1.4142135381698608,-0.5,1.0,1317.8419189453125,760.5850830078125,1317.8419189453125,760.5850830078125,False,True,-0.059374307831364714,-0.7690430526976298,0.11295754230342582,False,,False,keyboard_interrupt
333,1785928033.7917335,20.371310700662434,0.06209210027009249,16.10510830927173,True,267,0.03395120054483414,0.08149129990488291,12.271248601595575,False,True,False,,12.582293510437012,2.9298832416534424,13.222648620605469,6.998118877410889,13.662109375,6.259541988372803,4.118324279785156,True,1.0253991931676865,-1.0,1.0,1.4142135381698608,-1.0,1.0,1310.5545654296875,777.86572265625,1310.5545654296875,777.86572265625,False,True,-0.06728149188145505,-0.773533987688315,0.11296838803856243,False,,False,keyboard_interrupt
334,1785928033.8518388,20.43243100028485,0.061120299622416496,16.361176338756685,True,268,0.020894099958240986,0.06909400038421154,14.4730366520869,False,True,False,,12.592635154724121,3.0298831462860107,13.110074996948242,7.117715835571289,13.662109375,6.440839767456055,4.1204514503479,True,1.1650994420051575,-1.0,1.0,1.4142135381698608,-1.0,1.0,1299.027099609375,790.3994750976562,1299.027099609375,790.3994750976562,False,True,-0.07536916845791648,-0.7749482690731171,0.11282042092235259,False,,False,keyboard_interrupt
335,1785928033.9150064,20.495064300484955,0.06263330020010471,15.965947775466702,True,269,0.017155599780380726,0.07418399956077337,13.479995766213376,False,True,False,,12.687044143676758,3.129883050918579,12.95646858215332,7.237255573272705,13.662109375,6.440839767456055,4.116199016571045,True,1.7482005059719086,-0.5,1.0,1.1180340051651,-1.0,1.0,1299.265625,814.7059326171875,1299.265625,814.7059326171875,False,True,-0.08502095894630586,-0.7751240287251911,0.1130140798495712,False,,False,keyboard_interrupt
336,1785928033.9751222,20.556165100075305,0.0611007995903492,16.366397931033767,True,270,0.01577369961887598,0.06636840011924505,15.067411572424312,False,True,False,,12.787044525146484,3.2298829555511475,12.834714889526367,7.3705644607543945,13.583984375,6.641221523284912,4.140955448150635,True,0.9762998670339584,0.0,1.0,1.0,-0.5,1.0,1314.2747802734375,835.3151245117188,1314.2747802734375,835.3151245117188,False,True,-0.09383061419401326,-0.7768039565059557,0.11300763330864264,False,,False,keyboard_interrupt
337,1785928034.0393007,20.617363600060344,0.061198499985039234,16.340269781848622,True,271,0.00839839968830347,0.06248010043054819,16.00509591228303,False,True,False,,12.887044906616211,3.255324125289917,12.756360054016113,7.533258438110352,13.4375,7.041984558105469,4.2799296379089355,True,1.6991999000310898,0.0,0.5,0.5,0.0,1.0,1306.2513427734375,820.9254760742188,1306.2513427734375,820.9254760742188,False,False,-0.10183456794903926,-0.7809486083916377,0.11304010722093667,False,,False,keyboard_interrupt
338,1785928034.102025,20.680064500309527,0.06270090024918318,15.948734324799862,True,272,0.005779399536550045,0.06857599969953299,14.58236123981449,False,True,False,,12.942261695861816,3.3553240299224854,12.75771713256836,7.703491687774658,13.4375,7.041984558105469,4.352081775665283,True,1.6986997798085213,0.5,0.5,0.7071067690849304,0.0,0.5,1337.1102294921875,838.7659301757812,1337.1102294921875,838.7659301757812,False,False,-0.10697374384684541,-0.7877624753348546,0.11307026220951315,False,,False,keyboard_interrupt
339,1785928034.163127,20.742210700176656,0.062146199867129326,16.091088467807104,True,273,0.0036872997879981995,0.06531920004636049,15.309434274918356,False,True,False,,12.847478866577148,3.4553239345550537,12.774052619934082,7.806674480438232,13.271484375,7.1946563720703125,4.351970195770264,True,1.8654996529221535,0.0,0.5,0.5,0.5,0.5,1308.06298828125,849.5794677734375,1308.06298828125,849.5794677734375,False,False,-0.10948514195690359,-0.7923467857251413,0.11280680259650838,False,,False,keyboard_interrupt
340,1785928034.2247827,20.804367099888623,0.062156399711966515,16.088447925459192,True,274,9.96999442577362e-05,0.06423669960349798,15.567424948238552,False,True,False,,12.747478485107422,3.491697311401367,12.854537010192871,7.871791839599609,13.037109375,7.490458011627197,4.381402492523193,True,1.1355001479387283,-0.5,0.5,0.7071067690849304,0.0,0.5,1285.5845947265625,856.40380859375,1285.5845947265625,856.40380859375,False,False,-0.10837191111328132,-0.7973357240347252,0.11313203032963612,False,,False,keyboard_interrupt
341,1785928034.2869163,20.8655218007043,0.06115470081567764,16.351972729194344,False,,,,,False,False,False,,12.787566184997559,3.5816946029663086,12.885359764099121,7.958115100860596,13.037109375,7.490458011627197,4.3775129318237305,True,1.947999931871891,-0.5,0.5,0.7071067690849304,-0.5,0.5,1288.7408447265625,865.4503784179688,1288.7408447265625,865.4503784179688,False,False,-0.10981128028122232,-0.801674286190838,0.11293558378025911,False,,False,keyboard_interrupt
342,1785928034.349915,20.927980000153184,0.062458199448883533,16.010708102759363,True,275,0.0559853995218873,0.06575160007923841,15.208755357966686,False,True,False,,12.887566566467285,3.681694507598877,12.770820617675781,8.051908493041992,12.998046875,7.576335906982422,4.3717732429504395,True,1.9077006727457047,0.0,0.5,0.5,-0.5,0.5,1307.7320556640625,875.2800903320312,1307.7320556640625,875.2800903320312,False,False,-0.11704895561140222,-0.8019542766472657,0.11273647450478548,False,,False,keyboard_interrupt
343,1785928034.4108663,20.98944910056889,0.061469100415706635,16.268336338699356,True,276,0.04641630034893751,0.068057999946177,14.693349801505187,False,True,False,,12.942837715148926,3.780954360961914,12.657218933105469,8.142319679260254,12.939453125,7.767175674438477,4.3707075119018555,True,1.3647004961967468,0.0,0.5,0.5,0.0,0.5,1296.0992431640625,884.7550659179688,1296.0992431640625,884.7550659179688,False,False,-0.12412979317762127,-0.8021281391014871,0.11311117954203276,False,,False,keyboard_interrupt
344,1785928034.473887,21.051387200132012,0.061938099563121796,16.145151482745916,True,277,0.03633840009570122,0.07070160005241632,14.143951470102884,False,True,False,,12.927825927734375,3.8809542655944824,12.66281795501709,8.235452651977539,12.939453125,7.824427604675293,4.362555027008057,True,2.040100283920765,0.0,0.5,0.5,0.0,0.5,1296.6724853515625,894.5154418945312,1296.6724853515625,894.5154418945312,False,False,-0.12672364680547663,-0.8059649570375729,0.11316612260099779,False,,False,keyboard_interrupt
345,1785928034.5320413,21.112065500579774,0.06067830044776201,16.48035611776735,True,278,0.026947200298309326,0.07201430015265942,13.88613091955558,False,True,False,,12.987412452697754,3.980954170227051,12.686779022216797,8.313981056213379,12.958984375,7.900763511657715,4.343443393707275,True,0.9434996172785759,0.0,0.5,0.5,0.0,0.5,1299.126220703125,902.7452392578125,1299.126220703125,902.7452392578125,False,False,-0.12817322330569098,-0.8097695522149275,0.1131021776902997,False,,False,keyboard_interrupt
346,1785928034.5927386,21.173310600221157,0.061245099641382694,16.327836934798782,True,279,0.021734099835157394,0.07007130049169064,14.271177971337702,False,True,False,,12.89699935913086,4.080954074859619,12.674537658691406,8.404183387756348,12.998046875,8.024808883666992,4.328949451446533,True,0.9165005758404732,-0.5,0.5,0.7071067690849304,0.0,0.5,1267.152587890625,912.1984252929688,1267.152587890625,912.1984252929688,False,False,-0.131352425560103,-0.8129477562892964,0.11290031787003271,False,,False,keyboard_interrupt
347,1785928034.6538153,21.23438430018723,0.061073699966073036,16.373660029693774,True,280,0.013586100190877914,0.06646330002695322,15.045897504253695,False,True,False,,12.944555282592773,4.1809539794921875,12.670740127563477,8.497590065002441,12.880859375,8.15839672088623,4.325311660766602,True,1.12139992415905,-1.0,0.0,1.0,-0.5,0.5,1236.043701171875,890.5474853515625,1236.043701171875,890.5474853515625,False,True,-0.13430090409007048,-0.816498038595406,0.1130952053484047,False,,False,keyboard_interrupt
348,1785928034.7169945,21.29654309991747,0.0621587997302413,16.08782673313885,True,281,0.00521909911185503,0.06921509932726622,14.447714584237627,False,True,False,,12.923371315002441,4.280953884124756,12.581635475158691,8.586029052734375,12.8125,8.291984558105469,4.318617343902588,True,1.7269998788833618,-0.5,0.0,0.5,-1.0,0.0,1257.639404296875,899.8157958984375,1257.639404296875,899.8157958984375,False,False,-0.14033944915764,-0.8173053712250903,0.11282681997522158,False,,False,keyboard_interrupt
349,1785928034.7807274,21.35926470067352,0.06272160075604916,15.943470637642415,True,282,0.000524500384926796,0.07052510045468807,14.179348821239802,False,True,False,,12.873488426208496,4.380953788757324,12.395596504211426,8.58649730682373,12.8125,8.30152702331543,4.232608795166016,True,1.7340006306767464,-1.0,0.0,1.0,-0.5,0.0,1207.8690185546875,899.8649291992188,1207.8690185546875,899.8649291992188,False,True,-0.1474191400538073,-0.811784897528726,0.11272345760632671,False,,False,keyboard_interrupt
350,1785928034.841205,21.42120820004493,0.061943499371409416,16.143744059470414,False,,,,,False,False,False,,12.77393913269043,4.480953693389893,12.27588176727295,8.564963340759277,12.8125,8.30152702331543,4.114267349243164,True,1.543799415230751,-1.0,0.0,1.0,-1.0,0.0,1195.6102294921875,897.6082153320312,1195.6102294921875,897.6082153320312,False,True,-0.1513188755561825,-0.8073817897194461,0.11308890874658908,False,,False,keyboard_interrupt
351,1785928034.8919234,21.47147940006107,0.05027120001614094,19.892105214892876,True,283,0.03914919961243868,0.06741699948906898,14.833054089898207,False,True,False,,12.673938751220703,4.580953598022461,12.182538032531738,8.572396278381348,12.802734375,8.416030883789062,4.021577835083008,True,1.3637999072670937,-1.0,0.0,1.0,-1.0,0.0,1186.0518798828125,898.3870849609375,1186.0518798828125,898.3870849609375,False,True,-0.15507816380230283,-0.8049000135161429,0.11297830878618634,False,,False,keyboard_interrupt
352,1785928034.948289,21.52830700017512,0.05682760011404753,17.597083072188447,True,284,0.026050499640405178,0.07398129999637604,13.516929278736448,False,True,False,,12.648920059204102,4.680953502655029,11.982470512390137,8.572540283203125,12.783203125,8.54007625579834,3.948240280151367,True,0.9739995002746582,-1.0,0.0,1.0,-1.0,0.0,1165.56494140625,898.4022216796875,1165.56494140625,898.4022216796875,False,True,-0.16265597859519718,-0.7989695246948448,0.11284498393923781,False,,False,keyboard_interrupt
353,1785928035.009867,21.59040420036763,0.06209720019251108,16.103785628012904,True,285,0.01904129981994629,0.06953410059213638,14.381432872277491,False,True,False,,12.548919677734375,4.780953407287598,11.797906875610352,8.568351745605469,12.71484375,8.645038604736328,3.861140489578247,True,1.1082002893090248,-1.0,0.0,1.0,-1.0,0.0,1146.6656494140625,897.9632568359375,1146.6656494140625,897.9632568359375,False,True,-0.16950747662944018,-0.7933379958937098,0.11306670965873461,False,,False,keyboard_interrupt
354,1785928035.0732112,21.653236499987543,0.0628322996199131,15.91538119803394,True,286,0.016303599812090397,0.06911200005561113,14.469267264662397,False,True,False,,12.465442657470703,4.880953311920166,11.6182222366333,8.570048332214355,12.451171875,8.769083976745605,3.7851293087005615,True,1.7419001087546349,-1.0,0.0,1.0,-1.0,0.0,1128.265869140625,898.14111328125,1128.265869140625,898.14111328125,False,True,-0.17633814734817088,-0.7880900444913651,0.11292034228705408,False,,False,keyboard_interrupt
355,1785928035.1360204,21.715548099949956,0.06231159996241331,16.04837623497399,True,287,0.008930099196732044,0.06556539982557297,15.251946951598738,False,True,False,,12.397160530090332,4.980953216552734,11.429997444152832,8.56838321685791,12.421875,8.77862548828125,3.7155158519744873,True,1.7347997054457664,-1.0,0.0,1.0,-1.0,0.0,1108.99169921875,897.9666137695312,1108.99169921875,897.9666137695312,False,True,-0.183380989018636,-0.7824663130976627,0.11298317858696859,False,,False,keyboard_interrupt
356,1785928035.1961582,21.77665530052036,0.06110720057040453,16.36468355063741,True,288,0.0037005003541707993,0.0696858000010252,14.350125850392594,False,True,False,,12.297160148620605,5.0619730949401855,11.267029762268066,8.56631851196289,12.353515625,8.77862548828125,3.652616262435913,True,1.1820998042821884,-1.0,0.0,1.0,-1.0,0.0,1092.3038330078125,897.7501831054688,1092.3038330078125,897.7501831054688,False,True,-0.18945159852865906,-0.7775797626488682,0.11295145708293887,False,,False,keyboard_interrupt
357,1785928035.258324,21.837285300716758,0.060630000196397305,16.493485019969057,True,289,0.0007560001686215401,0.06634229980409145,15.073339377033898,False,True,False,,12.197159767150879,5.126848220825195,11.075422286987305,8.565838813781738,11.923828125,8.826335906982422,3.6173126697540283,True,2.3346003144979477,-1.0,0.0,1.0,-1.0,0.0,1072.6832275390625,897.6998901367188,1072.6832275390625,897.6998901367188,False,True,-0.196635590192919,-0.7719194862440939,0.11295337519884746,False,,False,keyboard_interrupt
358,1785928035.3210695,21.89904020074755,0.06175490003079176,16.193047021392434,False,,,,,False,False,False,,12.10100269317627,5.153437614440918,10.888855934143066,8.563865661621094,11.923828125,8.826335906982422,3.619436264038086,True,2.357499673962593,-1.0,0.0,1.0,-1.0,0.0,1053.5787353515625,897.4931640625,1053.5787353515625,897.4931640625,False,True,-0.20357550403229366,-0.7663576868138223,0.11295808003434772,False,,False,keyboard_interrupt
359,1785928035.3828034,21.961316999979317,0.062276799231767654,16.057344184925544,True,290,0.05765179917216301,0.06356780044734478,15.731234885629425,False,True,False,,12.001002311706543,5.253437519073486,10.70524787902832,8.562386512756348,11.77734375,8.835877418518066,3.5536069869995117,True,1.955399289727211,-1.0,0.0,1.0,-1.0,0.0,1034.77734375,897.3380737304688,1034.77734375,897.3380737304688,False,True,-0.21040840129715352,-0.7609106460880853,0.11300938665737831,False,,False,keyboard_interrupt
360,1785928035.4452097,22.023144700564444,0.06182770058512688,16.173980117911057,True,291,0.05165620055049658,0.0674859993159771,14.817888304770989,False,True,False,,11.901001930236816,5.353437423706055,10.537311553955078,8.56192684173584,11.591796875,8.826335906982422,3.486266613006592,False,1.3760998845100403,-1.0,0.0,1.0,-1.0,0.0,1017.5806884765625,897.2899169921875,1017.5806884765625,897.2899169921875,False,True,-0.21667487892431414,-0.7559709150657606,0.11292899189483119,False,,False,keyboard_interrupt
361,1785928035.5075095,22.084503800608218,0.06135910004377365,16.297501092529043,True,292,0.04955030046403408,0.06746940035372972,14.821533832480842,False,True,False,,11.80100154876709,5.453437328338623,10.341880798339844,8.561973571777344,11.357421875,8.835877418518066,3.433952569961548,False,1.408199779689312,-1.0,0.0,1.0,-1.0,0.0,997.5685424804688,897.2947998046875,997.5685424804688,897.2947998046875,False,True,-0.22397294082670952,-0.7502540721951229,0.11296809665295499,False,,False,keyboard_interrupt
362,1785928035.5669744,22.144476500339806,0.059972699731588364,16.674253526614002,True,293,0.04321650043129921,0.06346809957176447,15.755946794488196,False,True,False,,11.701001167297363,5.553437232971191,10.180705070495605,8.561782836914062,11.142578125,8.835877418518066,3.3706741333007812,False,1.3448996469378471,-1.0,0.0,1.0,-1.0,0.0,981.064208984375,897.2747802734375,981.064208984375,897.2747802734375,False,True,-0.22997618401562622,-0.7455373710579856,0.11299361545612151,False,,False,keyboard_interrupt
363,1785928035.6297693,22.206601900048554,0.062125399708747864,16.09647591304254,True,294,0.037318999879062176,0.06631250027567148,15.080113038157856,False,True,False,,11.601000785827637,5.65343713760376,9.996927261352539,8.560873985290527,11.142578125,8.835877418518066,3.3205785751342773,False,1.3774000108242035,-1.0,0.0,1.0,-1.0,0.0,962.2453002929688,897.1795654296875,962.2453002929688,897.1795654296875,False,True,-0.23679139392029816,-0.7401398134302434,0.11302508726730442,False,,False,keyboard_interrupt
364,1785928035.6893425,22.26835949998349,0.06175759993493557,16.19233909759358,True,295,0.032369500026106834,0.06802400015294552,14.700693839697676,False,True,False,,11.50100040435791,5.753437042236328,9.808637619018555,8.562102317810059,10.732421875,8.835877418518066,3.279129981994629,False,1.6042999923229218,-1.0,0.5,1.1180340051651,-1.0,0.0,949.450927734375,925.4290771484375,949.450927734375,925.4290771484375,False,True,-0.24382506788342723,-0.7347034391093047,0.11297096267113585,False,,False,keyboard_interrupt
365,1785928035.7500153,22.33103600051254,0.06267650052905083,15.954943105614133,True,296,0.0233517000451684,0.0667078997939825,14.990728280883557,False,True,False,,11.417566299438477,5.8534369468688965,9.623403549194336,8.56242847442627,10.478515625,8.835877418518066,3.2492544651031494,False,0.96919946372509,-1.0,0.5,1.1180340051651,-1.0,0.5,930.4829711914062,925.4632568359375,930.4829711914062,925.4632568359375,False,True,-0.25070835877483566,-0.7293290138734582,0.11295740277227809,False,,False,keyboard_interrupt
366,1785928035.811648,22.392181100323796,0.06114509981125593,16.354540316179424,True,297,0.005157100036740303,0.07168630044907331,13.949666724821576,False,True,False,,11.31756591796875,5.953436851501465,9.478448867797852,8.631062507629395,10.478515625,8.835877418518066,3.2483890056610107,False,1.167600043118,-1.0,0.5,1.1180340051651,-1.0,0.5,915.6395874023438,932.6560668945312,915.6395874023438,932.6560668945312,False,True,-0.25803696715915697,-0.727823375800373,0.11299748374454238,False,,False,keyboard_interrupt
367,1785928035.874012,22.45399000030011,0.061808899976313114,16.178899808655835,True,298,0.00036159995943307877,0.07934129983186722,12.603776370176792,False,True,False,,11.217565536499023,6.053436756134033,9.312419891357422,8.737085342407227,10.302734375,8.835877418518066,3.2911319732666016,False,1.165599562227726,-1.0,0.0,1.0,-1.0,0.5,892.1517333984375,915.6466064453125,892.1517333984375,915.6466064453125,False,True,-0.26718732833741987,-0.7271813839233453,0.11292785441579123,False,,False,keyboard_interrupt
368,1785928035.9370916,22.51558590028435,0.06159589998424053,16.2348468040219,False,,,,,False,False,False,,11.117565155029297,6.153436660766602,9.141251564025879,8.807210922241211,10.302734375,8.835877418518066,3.308826446533203,False,3.2850997522473335,-1.0,0.0,1.0,-1.0,0.0,874.6240844726562,922.9957275390625,874.6240844726562,922.9957275390625,False,True,-0.27548334048291545,-0.7249828589963521,0.11300176530963194,False,,False,keyboard_interrupt
369,1785928035.9982336,22.576766900718212,0.06118100043386221,16.344943575759576,True,299,0.05687150079756975,0.0666033998131752,15.01424856396271,False,True,False,,11.01756477355957,6.25343656539917,8.983590126037598,8.809961318969727,10.09765625,8.835877418518066,3.2669363021850586,False,1.3437001034617424,-1.0,0.0,1.0,-1.0,0.0,858.4795532226562,923.2839965820312,858.4795532226562,923.2839965820312,False,True,-0.28136284408101014,-0.7205338197006341,0.11291351368872676,False,,False,keyboard_interrupt
370,1785928036.0609603,22.638372500427067,0.06160559970885515,16.23229064770001,True,300,0.05241070035845041,0.06660540029406548,15.013797613781472,False,True,False,,10.917564392089844,6.353436470031738,8.788475036621094,8.787863731384277,9.873046875,8.845419883728027,3.2341084480285645,False,2.025699242949486,-1.0,0.0,1.0,-1.0,0.0,838.4998168945312,920.9681396484375,838.4998168945312,920.9681396484375,False,True,-0.28791095784126514,-0.7140335847507921,0.11292565811433264,False,,False,keyboard_interrupt
371,1785928036.1262755,22.700993600301445,0.06262109987437725,15.969058384571287,True,301,0.04397660028189421,0.06572599988430738,15.214679149198583,False,True,False,,10.817564010620117,6.453436374664307,8.603280067443848,8.796221733093262,9.716796875,8.854961395263672,3.2236154079437256,False,2.0431000739336014,-1.0,0.0,1.0,-1.0,0.0,819.5358276367188,921.8440551757812,819.5358276367188,921.8440551757812,False,True,-0.29494119550422987,-0.7090256277691598,0.1129363649135543,False,,False,keyboard_interrupt
372,1785928036.1858392,22.763230800628662,0.06223720032721758,16.067560795511554,True,302,0.03671700041741133,0.07106370013207197,14.07188196141629,False,True,False,,10.71756362915039,6.4579620361328125,8.421138763427734,8.794507026672363,9.501953125,8.9503812789917,3.2761270999908447,False,1.372799277305603,-1.0,0.0,1.0,-1.0,0.0,800.8846435546875,921.6643676757812,800.8846435546875,921.6643676757812,False,True,-0.3015661288240743,-0.7037174636223282,0.11287108754323194,False,,False,keyboard_interrupt
373,1785928036.246024,22.825566400773823,0.06233560014516115,16.042197358672993,True,303,0.025168700143694878,0.06949119921773672,14.390311453205761,False,True,False,,10.617563247680664,6.557961940765381,8.230385780334473,8.790119171142578,9.23828125,9.026717185974121,3.2682015895843506,False,0.94550009816885,-1.0,0.0,1.0,-1.0,0.0,781.3515014648438,921.2044677734375,781.3515014648438,921.2044677734375,False,True,-0.3084214207334496,-0.6980648234043452,0.11293129858523147,False,,False,keyboard_interrupt
374,1785928036.3082092,22.887189900502563,0.06162349972873926,16.227575590511805,True,304,0.01723690051585436,0.07388260029256344,13.534986533231882,False,True,False,,10.517562866210938,6.5375494956970215,8.06350326538086,8.790020942687988,9.12109375,9.064885139465332,3.331071376800537,False,1.8130997195839882,-1.0,-0.5,1.1180340051651,-1.0,0.0,770.7490844726562,893.0734252929688,770.7490844726562,893.0734252929688,False,True,-0.3145144101900319,-0.6932738255142302,0.11299940488966968,False,,False,keyboard_interrupt
375,1785928036.3692906,22.94828180037439,0.06109189987182617,16.368782147846925,True,305,0.01434599980711937,0.06955539993941784,14.377028970733997,False,True,False,,10.417562484741211,6.4658284187316895,7.87417459487915,8.790637969970703,8.857421875,9.045801162719727,3.44580340385437,False,1.7971992492675781,-1.0,-0.5,1.1180340051651,-1.0,-0.5,751.3618774414062,893.1380615234375,751.3618774414062,893.1380615234375,False,True,-0.3214368355853759,-0.6878752883161338,0.1129947284641627,False,,False,keyboard_interrupt
376,1785928036.4314473,23.010427900590003,0.06214610021561384,16.091114269930582,False,,,,,False,False,False,,10.317562103271484,6.544107437133789,7.703449726104736,8.710148811340332,8.857421875,9.045801162719727,3.3948957920074463,False,1.9781002774834633,-1.0,0.0,1.0,-1.0,-0.5,727.3932495117188,912.8236083984375,727.3932495117188,912.8236083984375,False,True,-0.3254268263454937,-0.6798178505328172,0.11290234163749663,False,,False,keyboard_interrupt
377,1785928036.4930024,23.071520199999213,0.06109229940921068,16.368675097687245,True,306,0.05484459921717644,0.06398590002208948,15.628443135984268,False,True,False,,10.217561721801758,6.644107341766357,7.562200546264648,8.617452621459961,8.65234375,9.093511581420898,3.3083279132843018,False,1.4802999794483185,-1.0,0.0,1.0,-1.0,0.0,712.9293823242188,903.1090698242188,712.9293823242188,903.1090698242188,False,True,-0.3280054810817874,-0.6721199214760465,0.1129072572151145,False,,False,keyboard_interrupt
378,1785928036.554113,23.133060700260103,0.06154050026088953,16.2494616676934,True,307,0.04569709952920675,0.0831070002168417,12.032680729551219,False,True,False,,10.117561340332031,6.663874626159668,7.375443458557129,8.616448402404785,8.466796875,9.064885139465332,3.366267204284668,False,1.3196002691984177,-1.0,0.0,1.0,-1.0,0.0,693.805419921875,903.0037841796875,693.805419921875,903.0037841796875,False,True,-0.33477465558803154,-0.666750699012035,0.11297235700674453,False,,False,keyboard_interrupt
379,1785928036.6163318,23.195237300358713,0.062176600098609924,16.083220993332457,True,308,0.03694150038063526,0.07032040040940046,14.220624373269631,False,True,False,,10.017560958862305,6.763874530792236,7.1816816329956055,8.637350082397461,8.232421875,9.083969116210938,3.398841381072998,False,0.9870007634162903,-1.0,0.0,1.0,-1.0,0.0,673.9641723632812,905.1943359375,673.9641723632812,905.1943359375,False,True,-0.3423903502220808,-0.6620569825410428,0.1129284571162599,False,,False,keyboard_interrupt
380,1785928036.677085,23.256509500555694,0.06127220019698143,16.32061516944294,True,309,0.028708900325000286,0.07093799952417612,14.096817033291073,False,True,False,,9.917560577392578,6.863874435424805,7.016366004943848,8.628861427307129,8.037109375,9.083969116210938,3.3958959579467773,False,0.9717997163534164,-1.0,0.0,1.0,-1.0,0.0,657.035888671875,904.3046875,657.035888671875,904.3046875,False,True,-0.348154104965118,-0.6570181742579757,0.11299073348212416,False,,False,keyboard_interrupt
381,1785928036.7379892,23.318988299928606,0.06247879937291145,16.00542920217452,True,310,0.0152533994987607,0.06949630007147789,14.389255240516206,False,True,False,,9.817560195922852,6.963874340057373,6.828917026519775,8.628106117248535,7.83203125,9.074427604675293,3.4207682609558105,False,0.9918995201587677,-1.0,0.0,1.0,-1.0,0.0,637.8411254882812,904.2254638671875,637.8411254882812,904.2254638671875,False,True,-0.354923643910486,-0.6516634284072017,0.11299490654470953,False,,False,keyboard_interrupt
382,1785928036.802773,23.38127350062132,0.06228520069271326,16.05517825869332,True,311,0.013991200365126133,0.07594150025397539,13.168030611136787,False,True,False,,9.717559814453125,7.010112762451172,6.644536018371582,8.630019187927246,7.59765625,8.98854923248291,3.4738411903381348,False,1.7429003491997719,-1.0,0.0,1.0,-1.0,0.0,618.9605102539062,904.4259643554688,618.9605102539062,904.4259643554688,False,True,-0.3616446309818251,-0.6465095935876561,0.11304018377362764,False,,False,keyboard_interrupt
383,1785928036.8640437,23.444014200009406,0.0627406993880868,15.938617352899321,True,312,0.007853799499571323,0.06353999953716993,15.73811783575817,False,True,False,,9.617559432983398,7.0501389503479,6.458370685577393,8.629162788391113,7.490234375,8.969465255737305,3.531825304031372,True,1.7346004024147987,-1.0,0.0,1.0,-1.0,0.0,599.8971557617188,904.3362426757812,599.8971557617188,904.3362426757812,False,True,-0.3683442003068616,-0.6412035731670953,0.11302921074427408,False,,False,keyboard_interrupt
384,1785928036.9250038,23.504997700452805,0.06098350044339895,16.39787799534625,True,313,0.001562800258398056,0.06888809986412525,14.516295295884165,False,True,False,,9.517559051513672,7.150138854980469,6.270138740539551,8.628096580505371,7.1875,8.9503812789917,3.5679261684417725,True,1.771099865436554,-1.0,0.0,1.0,-1.0,0.0,580.6221923828125,904.2244873046875,580.6221923828125,904.2244873046875,False,True,-0.37510226798243834,-0.6358390062479341,0.11300258531516463,False,,False,keyboard_interrupt
385,1785928036.9879086,23.56645689997822,0.0614591995254159,16.270957118249793,False,,,,,False,False,False,,9.417558670043945,7.250138759613037,6.103072643280029,8.627126693725586,7.1875,8.9503812789917,3.5891382694244385,True,2.145499922335148,-1.0,0.0,1.0,-1.0,0.0,563.5146484375,904.1228637695312,563.5146484375,904.1228637695312,False,True,-0.38109105203105126,-0.6310835781331605,0.11300605545754136,False,,False,keyboard_interrupt
386,1785928037.052087,23.62895110063255,0.06249420065432787,16.0014847702632,True,314,0.053874400444328785,0.06727210059762001,14.865003338923216,False,True,False,,9.317558288574219,7.200138568878174,5.910623550415039,8.627876281738281,6.982421875,8.9503812789917,3.694000482559204,True,1.9921008497476578,-1.0,0.0,1.0,-1.0,0.0,543.807861328125,904.2014770507812,543.807861328125,904.2014770507812,False,True,-0.38802998468494954,-0.6256878142799116,0.11299367611213464,False,,False,keyboard_interrupt
387,1785928037.1094859,23.689959700219333,0.06100859958678484,16.39113185310045,True,315,0.043699899688363075,0.07205520011484623,13.878248875946989,False,True,False,,9.217557907104492,7.300138473510742,5.724203586578369,8.628007888793945,6.38671875,8.940839767456055,3.737213134765625,True,0.9372998028993607,-1.0,0.0,1.0,-1.0,0.0,524.7184448242188,904.2152099609375,524.7184448242188,904.2152099609375,False,True,-0.39472490090745976,-0.6204457377028999,0.11298333215140084,False,,False,keyboard_interrupt
388,1785928037.1730635,23.752034400589764,0.062074700370430946,16.109622664829587,True,316,0.0002623004838824272,0.07076259981840849,14.131758903237126,False,True,False,,9.117557525634766,7.335526943206787,5.5614166259765625,8.628173828125,5.966796875,8.940839767456055,3.7837908267974854,True,1.1875992640852928,-1.0,0.0,1.0,-1.0,0.0,508.0491027832031,904.2326049804688,508.0491027832031,904.2326049804688,False,True,-0.4005640078435046,-0.6158768795761523,0.11296735075153067,False,,False,keyboard_interrupt
389,1785928037.2329564,23.813416700810194,0.0613823002204299,16.291341256500672,False,,,,,False,False,False,,9.017557144165039,7.4355268478393555,5.368321418762207,8.628058433532715,5.966796875,8.940839767456055,3.8391473293304443,True,1.4626998454332352,-1.0,0.0,1.0,-1.0,0.0,488.2760925292969,904.2205200195312,488.2760925292969,904.2205200195312,False,True,-0.40747173064173436,-0.6104529057824163,0.1129572617450627,False,,False,keyboard_interrupt
390,1785928037.297218,23.87404580041766,0.06062909960746765,16.493730015360985,True,317,0.049813699908554554,0.10551939997822046,9.476930310505965,False,True,False,,8.917556762695312,7.44312047958374,5.184426784515381,8.627565383911133,5.7421875,8.940839767456055,3.91652512550354,True,2.094700001180172,-0.5,0.0,0.5,-1.0,0.0,500.1653137207031,904.1688232421875,500.1653137207031,904.1688232421875,False,False,-0.414029831629268,-0.6052802283438563,0.11293914618105184,False,,False,keyboard_interrupt
391,1785928037.3469994,23.925432200543582,0.05138640012592077,19.46040192637607,True,318,0.035349300131201744,0.07286660000681877,13.723708803572846,False,True,False,,8.817556381225586,7.543120384216309,5.048873424530029,8.627495765686035,5.7421875,8.940839767456055,3.921586513519287,True,1.2710997834801674,-0.5,0.0,0.5,-0.5,0.0,486.2846374511719,904.1614990234375,486.2846374511719,904.1614990234375,False,False,-0.4188654698366247,-0.601483962304641,0.11296386868579016,False,,False,keyboard_interrupt
392,1785928037.4021494,23.982116900384426,0.05668469984084368,17.641444742721536,True,319,0.016591399908065796,0.06544309947639704,15.280449856453757,False,True,False,,8.71755599975586,7.6176066398620605,4.92503547668457,8.628046989440918,5.546875,8.940839767456055,3.924818754196167,True,0.9286999702453613,-0.5,0.0,0.5,-0.5,0.0,473.6036071777344,904.2193603515625,473.6036071777344,904.2193603515625,False,False,-0.4232948117175331,-0.5980439467645146,0.11284665012846277,False,,False,keyboard_interrupt
393,1785928037.4652529,24.044205999933183,0.062089099548757076,16.105886657523904,True,320,0.014479399658739567,0.0754431001842022,13.255022627097716,False,True,False,,8.617555618286133,7.717606544494629,4.867578029632568,8.62787914276123,5.3125,8.940839767456055,3.8588764667510986,True,1.1444995179772377,-0.5,0.0,0.5,-0.5,0.0,467.7200012207031,904.2017822265625,467.7200012207031,904.2017822265625,False,False,-0.4253370945536895,-0.5964321953172929,0.11290676960384177,False,,False,keyboard_interrupt
394,1785928037.5279808,24.10646460019052,0.06225860025733709,16.062037949241418,True,321,0.006047099828720093,0.06419510021805763,15.577512872527723,False,True,False,,8.517555236816406,7.817606449127197,4.767614364624023,8.62753677368164,5.068359375,8.9503812789917,3.8364102840423584,True,1.7389999702572823,-0.5,0.0,0.5,-0.5,0.0,457.48370361328125,904.1658325195312,457.48370361328125,904.1658325195312,False,False,-0.4288866420681619,-0.5936279966729744,0.11289453213338108,False,,False,keyboard_interrupt
395,1785928037.587233,24.167196300812066,0.060731700621545315,16.46586526913817,True,322,0.002681400626897812,0.07069849967956543,14.14457173111749,False,True,False,,8.41755485534668,7.917606353759766,4.677369594573975,8.626585960388184,4.912109375,8.940839767456055,3.806788444519043,True,2.0487001165747643,-0.5,0.0,0.5,-0.5,0.0,448.2426452636719,904.0662231445312,448.2426452636719,904.0662231445312,False,False,-0.43207159871072887,-0.5910728530024569,0.1129004503367209,False,,False,keyboard_interrupt
396,1785928037.648996,24.228934899903834,0.061738599091768265,16.197322496961743,False,,,,,False,False,False,,8.317554473876953,7.895397186279297,4.5854291915893555,8.627110481262207,4.912109375,8.940839767456055,3.803178071975708,True,1.339600421488285,-0.5,0.0,0.5,-0.5,0.0,438.82794189453125,904.1212158203125,438.82794189453125,904.1212158203125,False,False,-0.43535349396731193,-0.5885310010073133,0.11289864503078201,False,,False,keyboard_interrupt
397,1785928037.7123063,24.290170900523663,0.0612360006198287,16.330263078549127,True,323,0.056153000332415104,0.0640977006405592,15.601183661917952,False,True,False,,8.217554092407227,7.970237731933594,4.492738723754883,8.626861572265625,4.755859375,8.9503812789917,3.7822487354278564,True,1.4637000858783722,-0.5,0.0,0.5,-0.5,0.0,429.33642578125,904.0950927734375,429.33642578125,904.0950927734375,False,False,-0.43863906024961125,-0.5859394924938754,0.11287664109637208,False,,False,keyboard_interrupt
398,1785928037.7620964,24.340993400663137,0.05082250013947487,19.67632440859161,True,324,0.03576140012592077,0.0699201999232173,14.302018602609083,False,True,False,,8.1175537109375,8.07023811340332,4.421599864959717,8.627169609069824,4.755859375,8.940839767456055,3.7376794815063477,True,1.3119997456669807,-1.0,0.0,1.0,-0.5,0.0,391.33184814453125,904.1273193359375,391.33184814453125,904.1273193359375,False,True,-0.4411721872112126,-0.583971704141636,0.1129414545752688,False,,False,keyboard_interrupt
399,1785928037.8171675,24.397116800770164,0.0561234001070261,17.817879852129803,True,325,0.019802500493824482,0.07079799938946962,14.124692909736915,False,True,False,,8.017553329467773,8.020237922668457,4.33513879776001,8.626964569091797,4.765625,8.9503812789917,3.732063055038452,True,1.18159968405962,-1.0,0.0,1.0,-1.0,0.0,382.47821044921875,904.1058349609375,382.47821044921875,904.1058349609375,False,True,-0.4442336328384629,-0.5815585051266133,0.11294656008333909,False,,False,keyboard_interrupt
400,1785928037.8794513,24.45888840034604,0.06177159957587719,16.18866933778604,True,326,0.00855099968612194,0.07207430060952902,13.874570984984196,False,True,False,,7.917553424835205,8.120238304138184,4.182528018951416,8.62786865234375,4.384765625,8.9503812789917,3.7693638801574707,True,1.7266999930143356,-0.5,0.0,0.5,-1.0,0.0,397.57086181640625,904.2005615234375,397.57086181640625,904.2005615234375,False,False,-0.44966528839486647,-0.5773537240528527,0.11292174591519175,False,,False,keyboard_interrupt
401,1785928037.940106,24.52004080079496,0.06115240044891834,16.352587840526674,False,,,,,False,False,False,,7.817553520202637,8.211525917053223,3.98555588722229,8.62790584564209,4.384765625,8.9503812789917,3.854552984237671,True,1.358100213110447,-1.0,-0.5,1.1180340051651,-0.5,0.0,353.1673278808594,876.0838012695312,353.1673278808594,876.0838012695312,False,True,-0.45663610956040857,-0.5718896060443237,0.11296771553939423,False,,False,keyboard_interrupt
402,1785928038.001131,24.581042299978435,0.06100149918347597,16.393039734847683,True,327,0.05525700002908707,0.0730264000594616,13.693677891635794,False,True,False,,7.717553615570068,8.152812957763672,3.879026174545288,8.626290321350098,4.3359375,8.95992374420166,3.8676185607910156,True,1.0908003896474838,-1.0,-0.5,1.1180340051651,-1.0,-0.5,342.2586669921875,875.9144287109375,342.2586669921875,875.9144287109375,False,True,-0.4603586927371196,-0.5688729007223591,0.1130149453352207,False,,False,keyboard_interrupt
403,1785928038.067448,24.642098700627685,0.061056400649249554,16.378299234255483,True,328,0.03551540058106184,0.07587999943643808,13.178703313482014,False,True,False,,7.6175537109375,8.052812576293945,3.7505013942718506,8.548160552978516,4.326171875,8.95992374420166,3.898648977279663,True,2.1246997639536858,-1.0,-1.0,1.4142135381698608,-1.0,-0.5,340.6067199707031,851.3843994140625,340.6067199707031,851.3843994140625,False,True,-0.462856342337848,-0.5622016235298274,0.1130210773206449,False,,False,keyboard_interrupt
404,1785928038.1228306,24.702250900678337,0.06015220005065203,16.624495848164084,True,329,0.032288200221955776,0.08036760054528713,12.442825133699246,False,True,False,,7.517553806304932,8.102812767028809,3.577537775039673,8.454910278320312,4.1796875,8.9503812789917,3.9557173252105713,True,1.078999601304531,-1.0,-0.5,1.1180340051651,-1.0,-1.0,311.3862609863281,857.9537963867188,311.3862609863281,857.9537963867188,False,True,-0.4665290978739728,-0.5536960786194323,0.11316432788558153,False,,False,keyboard_interrupt
405,1785928038.1872637,24.765181400813162,0.0629305001348257,15.890545885660307,True,330,0.022171100601553917,0.06337299942970276,15.779590819419266,False,True,False,,7.417553901672363,8.012301445007324,3.4367246627807617,8.33110237121582,4.00390625,8.95992374420166,3.9935741424560547,True,1.7301002517342567,-1.0,-0.5,1.1180340051651,-1.0,-0.5,296.96697998046875,844.9788208007812,296.96697998046875,844.9788208007812,False,True,-0.4682701809433884,-0.544854252203852,0.11291184818493821,False,,False,keyboard_interrupt
406,1785928038.247123,24.827076200395823,0.0618947995826602,16.156446207803047,True,331,0.00205329991877079,0.07305529993027449,13.688260823710545,False,True,False,,7.317553997039795,8.071789741516113,3.284379720687866,8.236475944519043,3.662109375,8.9503812789917,4.036535739898682,True,2.0217997953295708,-1.0,-1.0,1.4142135381698608,-1.0,-0.5,292.8758544921875,818.7198486328125,292.8758544921875,818.7198486328125,False,True,-0.4711813920540443,-0.5368566513404559,0.11316025348459818,False,,False,keyboard_interrupt
407,1785928038.309203,24.88912810012698,0.06205189973115921,16.11554205967126,False,,,,,False,False,False,,7.217554092407227,8.062597274780273,3.1264870166778564,8.175801277160645,3.662109375,8.9503812789917,4.092633247375488,True,2.3044003173708916,-1.0,-1.0,1.4142135381698608,-1.0,-1.0,276.7076110839844,812.3611450195312,276.7076110839844,812.3611450195312,False,True,-0.47517379197623844,-0.5300673391484862,0.11299722486183195,False,,False,keyboard_interrupt
408,1785928038.374372,24.951233500614762,0.06210540048778057,16.101659310557913,True,332,0.05721590016037226,0.08200940024107695,12.193724098217695,False,True,False,,7.119319438934326,7.962597370147705,2.9844131469726562,8.043140411376953,3.6328125,8.940839767456055,4.135690689086914,True,1.998099498450756,-1.0,-0.5,1.1180340051651,-1.0,-1.0,250.65029907226562,814.8003540039062,250.65029907226562,814.8003540039062,False,True,-0.4767336502788972,-0.520819170982189,0.11302444582665107,False,,False,keyboard_interrupt
409,1785928038.4610064,25.013369699940085,0.062136199325323105,16.09367825612176,True,333,0.04519969969987869,0.06940160039812326,14.408889625937814,False,True,False,,7.019319534301758,7.990035533905029,2.862701416015625,7.897878170013428,3.53515625,8.864503860473633,4.157639503479004,True,2.0343996584415436,-1.0,-0.5,1.1180340051651,-1.0,-0.5,238.18701171875,799.5768432617188,238.18701171875,799.5768432617188,False,True,-0.4772477424960314,-0.5116129977054644,0.11301917824792673,False,,False,keyboard_interrupt
410,1785928038.495218,25.074141300283372,0.06077160034328699,16.455054570740177,True,334,0.036024799570441246,0.07374269980937243,13.560664344878022,False,True,False,,6.9193196296691895,7.93255615234375,2.6957054138183594,7.823367595672607,3.173828125,8.683206558227539,4.225025177001953,True,0.9338995441794395,-0.5,-1.0,1.1180340051651,-1.0,-0.5,248.5634307861328,763.6473388671875,248.5634307861328,763.6473388671875,False,True,-0.4812051099498558,-0.5040102566760795,0.1130307372667978,False,,False,keyboard_interrupt
411,1785928038.5584583,25.13623550068587,0.062094200402498245,16.10456360687377,True,335,0.03232100047171116,0.06994610000401735,14.29672276142008,False,True,False,,6.895995616912842,7.9664530754089355,2.539137363433838,7.759975910186768,3.1640625,8.673664093017578,4.361748218536377,True,1.5802998095750809,-0.5,0.0,0.5,-0.5,-1.0,229.28765869140625,813.2454833984375,229.28765869140625,813.2454833984375,False,False,-0.48508296243991844,-0.4971448803768668,0.11304786518358821,False,,False,keyboard_interrupt
412,1785928038.621256,25.199123700149357,0.06288819946348667,15.901234389459775,True,336,0.023432699963450432,0.06579659972339869,15.19835377821779,False,True,False,,6.795995712280273,7.888552188873291,2.443873882293701,7.59061861038208,2.87109375,8.54007625579834,4.362307548522949,True,1.7021000385284424,-0.5,0.0,0.5,-0.5,0.0,219.53268432617188,795.496826171875,219.53268432617188,795.496826171875,False,False,-0.484042467015045,-0.48766434861400704,0.11289076080946069,False,,False,keyboard_interrupt
413,1785928038.6800387,25.261016900651157,0.06189320050179958,16.15686362787015,True,337,0.012301400303840637,0.07186780031770468,13.914437280385906,False,True,False,,6.695995807647705,7.788552284240723,2.377556800842285,7.562887191772461,2.705078125,8.416030883789062,4.324331283569336,True,0.9620999917387962,-0.5,-0.5,0.7071067690849304,-0.5,0.0,212.74183654785156,761.1505126953125,212.74183654785156,761.1505126953125,False,False,-0.4856635726481852,-0.4847185317359335,0.11301614833834431,False,,False,keyboard_interrupt
414,1785928038.7421772,25.322161300107837,0.06114439945667982,16.35472764285615,True,338,0.004224699921905994,0.0729409996420145,13.70971065529507,False,True,False,,6.595995903015137,7.707987308502197,2.273261070251465,7.614197254180908,2.6171875,8.320611000061035,4.323752403259277,True,0.9582992643117905,-0.5,0.0,0.5,-0.5,-0.5,202.06195068359375,797.9678955078125,202.06195068359375,797.9678955078125,False,False,-0.49067727794785987,-0.48394256638336697,0.11292454996670136,False,,False,keyboard_interrupt
415,1785928038.8051317,25.384566800668836,0.06240550056099892,16.024228489643143,False,,,,,False,False,False,,6.495995998382568,7.607987403869629,2.1881158351898193,7.517897605895996,2.6171875,8.320611000061035,4.308822154998779,True,1.3549001887440681,-0.5,0.0,0.5,-0.5,0.0,193.3430633544922,787.8756713867188,193.3430633544922,787.8756713867188,False,False,-0.4911821538545443,-0.47769712990609486,0.11299272459104595,False,,False,keyboard_interrupt
416,1785928038.8708334,25.44660230074078,0.062035500071942806,16.119802352528733,True,339,0.05419030040502548,0.0692197997123003,14.446733509145083,False,True,False,,6.39599609375,7.5079874992370605,2.094970226287842,7.473876953125,2.40234375,8.215648651123047,4.301161289215088,True,1.9915997982025146,-0.5,0.0,0.5,-0.5,0.0,183.80494689941406,783.2623291015625,183.80494689941406,783.2623291015625,False,False,-0.49332611666697523,-0.4733556931254653,0.11294499188886685,False,,False,keyboard_interrupt
417,1785928038.9309416,25.508339799940586,0.061737499199807644,16.197611062339817,True,340,0.03767249919474125,0.07490970008075237,13.349406003788612,False,True,False,,6.295996189117432,7.499182224273682,2.0054280757904053,7.517407417297363,2.1875,8.043892860412598,4.29060697555542,True,1.3338997960090637,-0.5,0.0,0.5,-0.5,0.0,174.63583374023438,787.8243408203125,174.63583374023438,787.8243408203125,False,False,-0.4976101956428578,-0.4726768536361602,0.11295216539106834,False,,False,keyboard_interrupt
418,1785928038.99118,25.570987000130117,0.06264720018953085,15.962405294644162,True,341,0.03131589945405722,0.07781579997390509,12.850860626445298,False,True,False,,6.195996284484863,7.518673419952393,1.908497929573059,7.5019049644470215,2.119140625,8.034351348876953,4.287530899047852,True,1.017100177705288,-0.5,-1.0,1.1180340051651,-0.5,0.0,167.95338439941406,729.9580688476562,167.95338439941406,729.9580688476562,False,True,-0.500623005543643,-0.4693960511919856,0.11305251078453311,False,,False,keyboard_interrupt
419,1785928039.0549717,25.633388500660658,0.06240150053054094,16.025255666898165,True,342,0.021870200522243977,0.06900270003825426,14.492186529593946,False,True,False,,6.095996379852295,7.418673515319824,1.8108731508255005,7.495269775390625,2.119140625,8.043892860412598,4.2858076095581055,True,1.7464999109506607,-0.5,-1.0,1.1180340051651,-0.5,-1.0,157.95660400390625,729.2626953125,157.95660400390625,729.2626953125,False,True,-0.5038874447389351,-0.4664590150309848,0.11295432238558051,False,,False,keyboard_interrupt
420,1785928039.1164608,25.695356599986553,0.06196809932589531,16.137335352838853,True,343,0.011136699467897415,0.07185280043631792,13.917342037159502,False,True,False,,5.995996475219727,7.446627616882324,1.7339200973510742,7.351043701171875,2.119140625,8.043892860412598,4.263147830963135,True,1.767999492585659,-0.5,-1.0,1.1180340051651,-0.5,-1.0,150.0766143798828,714.1478271484375,150.0766143798828,714.1478271484375,False,True,-0.5028717038746324,-0.4584798909316599,0.11287824084746904,False,,False,keyboard_interrupt
421,1785928039.179764,25.758112400770187,0.06275580078363419,15.934781924745764,True,344,0.007520600222051144,0.07270149979740381,13.754874421940196,False,True,False,,5.895996570587158,7.346627712249756,1.6485573053359985,7.138643264770508,2.021484375,7.91984748840332,4.252528190612793,True,1.7035994678735733,-0.5,-1.0,1.1180340051651,-0.5,-1.0,141.33546447753906,691.8882446289062,141.33546447753906,691.8882446289062,False,True,-0.5003860122669149,-0.4474662960101583,0.11299388762095894,False,,False,keyboard_interrupt
422,1785928039.242107,25.820995500311255,0.06288309954106808,15.90252400562593,True,345,0.0020035002380609512,0.06636929977685213,15.067207328722997,False,True,False,,5.79599666595459,7.396627902984619,1.5638407468795776,6.994194984436035,1.826171875,7.862595558166504,4.251246452331543,True,1.2344997376203537,-0.5,-1.0,1.1180340051651,-0.5,-1.0,132.6604766845703,676.7500610351562,132.6604766845703,676.7500610351562,False,True,-0.49963310255395005,-0.43923061561713483,0.11290572098876893,False,,False,keyboard_interrupt
423,1785928039.3043005,25.88315850030631,0.062162999995052814,16.086739701745156,False,,,,,False,False,False,,5.6959967613220215,7.432467460632324,1.4820849895477295,6.82776403427124,1.826171875,7.862595558166504,4.257079124450684,True,2.0562000572681427,0.0,-1.0,1.0,-0.5,-1.0,151.76548767089844,652.669677734375,151.76548767089844,652.669677734375,False,True,-0.49820355376566783,-0.43015628653494314,0.11303601343881733,False,,False,keyboard_interrupt
424,1785928039.3543067,25.93314850050956,0.04999000020325184,20.004000718826767,True,346,0.0390301002189517,0.06839819997549057,14.620267790063693,False,True,False,,5.595996856689453,7.532467365264893,1.4146898984909058,6.694291591644287,1.845703125,7.910305500030518,4.264488697052002,True,1.354999840259552,0.0,-1.0,1.0,0.0,-1.0,144.86424255371094,638.6817626953125,144.86424255371094,638.6817626953125,False,True,-0.4971196374940405,-0.4228151091685939,0.11294574576594894,False,,False,keyboard_interrupt
425,1785928039.41228,25.992141800001264,0.05899329949170351,16.951077641294404,True,347,0.02621349971741438,0.07547010015696287,13.250280547133208,False,True,False,,5.495996952056885,7.482467174530029,1.3786299228668213,6.540149688720703,1.69921875,7.853053569793701,4.223822116851807,True,1.2082001194357872,0.0,-1.0,1.0,0.0,-1.0,141.1717071533203,622.5277099609375,141.1717071533203,622.5277099609375,False,True,-0.494385406340356,-0.41546048484956627,0.11298419496931197,False,,False,keyboard_interrupt
426,1785928039.4741683,26.054047900252044,0.06190610025078058,16.15349692435829,True,348,0.01975720003247261,0.07146420050412416,13.993020182773758,False,True,False,,5.395997047424316,7.382467269897461,1.4110268354415894,6.341867446899414,1.513671875,7.833969593048096,4.118596076965332,True,0.9474996477365494,0.0,-1.0,1.0,0.0,-1.0,144.48915100097656,601.7476806640625,144.48915100097656,601.7476806640625,False,True,-0.48806051676565926,-0.40812395062696066,0.11291070985972688,False,,False,keyboard_interrupt
427,1785928039.537915,26.11635769996792,0.06230979971587658,16.04883990254906,True,349,0.008477599360048771,0.06836359947919846,14.627667466577416,False,True,False,,5.295997142791748,7.365857124328613,1.4016427993774414,6.162039279937744,1.40625,7.595419883728027,4.076171398162842,True,1.7082002013921738,0.0,-1.0,1.0,0.0,-1.0,143.52822875976562,582.9017333984375,143.52822875976562,582.9017333984375,False,True,-0.4836848504268539,-0.400388889567043,0.11296915053664583,False,,False,keyboard_interrupt
428,1785928039.599854,26.179169800132513,0.06281210016459227,15.920499352507063,False,,,,,False,False,False,,5.19599723815918,7.265857219696045,1.3959810733795166,5.974558353424072,1.40625,7.595419883728027,4.013424396514893,True,3.2661007717251778,0.0,-1.0,1.0,0.0,-1.0,142.94847106933594,563.2537231445312,142.94847106933594,563.2537231445312,False,True,-0.4789620604525319,-0.39241275750232263,0.11291140431499055,False,,False,keyboard_interrupt
429,1785928039.6641603,26.241464400663972,0.062294600531458855,16.05275563963202,True,350,0.05767290014773607,0.07358960062265396,13.588876574119606,False,True,False,,5.095997333526611,7.172708034515381,1.3984359502792358,5.785673141479492,1.015625,6.937022686004639,3.94915509223938,True,2.0238999277353287,0.0,-1.0,1.0,0.0,-1.0,143.19984436035156,543.4585571289062,143.19984436035156,543.4585571289062,False,True,-0.4738972299937172,-0.3845744538949656,0.11292677491075653,False,,False,keyboard_interrupt
430,1785928039.7140603,26.29143680073321,0.049972400069236755,20.01104606972049,True,351,0.03582860063761473,0.07639099936932325,13.090547423857574,False,True,False,,4.995997428894043,7.0727081298828125,1.3961944580078125,5.642998695373535,0.986328125,6.765267372131348,3.8733255863189697,True,0.9276997298002243,0.0,-1.0,1.0,0.0,-1.0,142.97030639648438,528.5062255859375,142.97030639648438,528.5062255859375,False,True,-0.47020733585899066,-0.37852508528166434,0.11288631462320262,False,,False,keyboard_interrupt
431,1785928039.7722378,26.35006310045719,0.05862629972398281,17.057191136197883,True,352,0.021281899884343147,0.07134130038321018,14.01712604940609,False,True,False,,4.895997524261475,6.972708225250244,1.3920934200286865,5.477339267730713,0.9375,6.498091697692871,3.809654951095581,True,1.74770038574934,0.0,-1.0,1.0,0.0,-1.0,142.55035400390625,511.1451721191406,142.55035400390625,511.1451721191406,False,True,-0.4659656385555635,-0.37144192755130534,0.11290378809140528,False,,False,keyboard_interrupt
432,1785928039.8328793,26.4122577002272,0.06219459977000952,16.078566365856798,True,353,0.01432610023766756,0.07318099960684776,13.66474912029525,False,True,False,,4.795997619628906,6.872708320617676,1.3921040296554565,5.286231994628906,0.927734375,6.316793918609619,3.755449056625366,True,1.6993992030620575,0.0,-1.0,1.0,0.0,-1.0,142.55145263671875,491.11712646484375,142.55145263671875,491.11712646484375,False,True,-0.4608871159204122,-0.36337578457149516,0.11289589614207346,False,,False,keyboard_interrupt
433,1785928039.8973684,26.47521010041237,0.06295240018516779,15.88501783980605,True,354,0.008527800440788269,0.06913929991424084,14.463554031359621,False,True,False,,4.695997714996338,6.772708415985107,1.3890156745910645,5.1024250984191895,0.9375,6.0877861976623535,3.7048585414886475,True,1.719299703836441,0.0,-1.0,1.0,0.0,-1.0,142.23519897460938,471.8541564941406,142.23519897460938,471.8541564941406,False,True,-0.4560986200253238,-0.3555081916688114,0.11293750001348989,False,,False,keyboard_interrupt
434,1785928039.960161,26.538041200488806,0.062831100076437,15.91568504742799,True,355,0.006729300133883953,0.06875010021030903,14.545433343965522,False,True,False,,4.5959978103637695,6.672708511352539,1.3867278099060059,4.913699150085449,0.91796875,5.877862453460693,3.659716844558716,True,1.7769001424312592,0.0,-1.0,1.0,0.0,-1.0,142.0009307861328,452.07568359375,142.0009307861328,452.07568359375,False,True,-0.4511345689149581,-0.3474286911060871,0.11290963022021766,False,,False,keyboard_interrupt
435,1785928040.0198588,26.599224000237882,0.061182799749076366,16.344462889916972,False,,,,,False,False,False,,4.495997905731201,6.572708606719971,1.3859431743621826,4.747747898101807,0.91796875,5.877862453460693,3.605956554412842,True,2.0448993891477585,0.0,-1.0,1.0,0.0,-1.0,141.9205780029297,434.6839904785156,141.9205780029297,434.6839904785156,False,True,-0.4467119536603173,-0.3403363309075106,0.11288996423203523,False,,False,keyboard_interrupt
436,1785928040.0841339,26.660913500003517,0.06168949976563454,16.210214117461064,True,356,0.055018799379467964,0.06463459972292185,15.471589586488342,False,True,False,,4.395998001098633,6.472708702087402,1.3859138488769531,4.557070732116699,0.8984375,5.715648651123047,3.567951202392578,True,2.104000188410282,0.0,-1.0,1.0,0.0,-1.0,141.91757202148438,414.7010192871094,141.91757202148438,414.7010192871094,False,True,-0.4415832664622829,-0.3321862460248785,0.11284221104934178,False,,False,keyboard_interrupt
437,1785928040.147371,26.72310240007937,0.06218890007585287,16.080039987526437,True,357,0.04530159942805767,0.0749376006424427,13.344435789603144,False,True,False,,4.2959980964660645,6.372708797454834,1.3833831548690796,4.373380184173584,0.8984375,5.477099418640137,3.532794952392578,True,1.8306998535990715,0.0,-1.0,1.0,0.0,-1.0,141.65843200683594,395.45025634765625,141.65843200683594,395.45025634765625,False,True,-0.43671757522687893,-0.32424101615698847,0.11281031139891701,False,,False,keyboard_interrupt
438,1785928040.2071218,26.78445480018854,0.06135240010917187,16.29928084672445,True,358,0.022131199948489666,0.07155389990657568,13.975478643451295,False,True,False,,4.195998191833496,6.301797389984131,1.3799597024917603,4.183689117431641,0.908203125,5.238549709320068,3.5236992835998535,True,1.846800558269024,0.0,-0.5,0.5,0.0,-1.0,141.30787658691406,407.0106201171875,141.30787658691406,407.0106201171875,False,False,-0.43170639464537147,-0.3159878510084178,0.11281407376596472,False,,False,keyboard_interrupt
439,1785928040.2701302,26.84797680005431,0.06352199986577034,15.742577408033766,True,359,0.011875899508595467,0.08451460022479296,11.832275102055597,False,True,False,,4.095998287200928,6.2017974853515625,1.3788325786590576,4.0185747146606445,0.888671875,5.0190839767456055,3.4856061935424805,False,1.7896005883812904,0.0,-0.5,0.5,0.0,-0.5,141.19244384765625,389.7066345214844,141.19244384765625,389.7066345214844,False,False,-0.42726363939465506,-0.30883298867708026,0.11285265427745861,False,,False,keyboard_interrupt
440,1785928040.3319833,26.910350100137293,0.062373300082981586,16.03250106487227,True,360,0.0009773997589945793,0.07377729937434196,13.554304758785692,False,True,False,,3.9995079040527344,6.101797580718994,1.3780637979507446,3.916086196899414,0.869140625,4.818702220916748,3.4131076335906982,False,1.800999976694584,0.0,-1.0,1.0,0.0,-0.5,141.11373901367188,347.5258483886719,141.11373901367188,347.5258483886719,False,True,-0.42450216310772876,-0.30437978796783655,0.11294377418332231,False,,False,keyboard_interrupt
441,1785928040.392228,26.97210520040244,0.0617551002651453,16.192994517157345,False,,,,,False,False,False,,3.899507999420166,6.0401153564453125,1.3781577348709106,3.845388412475586,0.869140625,4.818702220916748,3.3427584171295166,False,1.0385997593402863,0.0,-1.0,1.0,0.0,-1.0,141.12335205078125,340.1167297363281,141.12335205078125,340.1167297363281,False,True,-0.4225715902097511,-0.301320459352938,0.11299222074745889,False,,False,keyboard_interrupt
442,1785928040.4580731,27.03429550025612,0.06219029985368252,16.079678058358585,True,361,0.05572749953716993,0.07327840011566877,13.646586148462795,False,True,False,,3.7995080947875977,5.940115451812744,1.3774936199188232,3.6461591720581055,0.87890625,4.608778476715088,3.3359241485595703,False,2.2057993337512016,0.0,-1.0,1.0,0.0,-1.0,141.0553436279297,319.23748779296875,141.0553436279297,319.23748779296875,False,True,-0.41715252237900563,-0.29265353118651405,0.11287491928810829,False,,False,keyboard_interrupt
443,1785928040.5210657,27.09636240079999,0.06206690054386854,16.111647129748416,True,362,0.046817400492727757,0.06964700017124414,14.358120199595906,False,True,False,,3.6995081901550293,5.840115547180176,1.3760077953338623,3.4409892559051514,0.869140625,4.4083967208862305,3.339829444885254,False,2.0718006417155266,0.0,-1.0,1.0,0.0,-1.0,140.90318298339844,297.73565673828125,140.90318298339844,297.73565673828125,False,True,-0.41158180608934125,-0.2836749553962823,0.11283537439952952,False,,False,keyboard_interrupt
444,1785928040.580206,27.159018100239336,0.06265569943934679,15.960239993299249,True,363,0.031756999902427197,0.07052399963140488,14.179570149545125,False,True,False,,3.599508285522461,5.740115642547607,1.3759578466415405,3.2880704402923584,0.859375,4.27480936050415,3.3100907802581787,False,1.5926994383335114,0.0,-1.0,1.0,0.0,-1.0,140.89808654785156,281.70977783203125,140.89808654785156,281.70977783203125,False,True,-0.40737805478647854,-0.2769913127911859,0.11287692375067952,False,,False,keyboard_interrupt
445,1785928040.6409478,27.220313200727105,0.06129510048776865,16.31451767012844,True,364,0.018526799976825714,0.07771760039031506,12.867098250303378,False,True,False,,3.4995083808898926,5.640115737915039,1.3729934692382812,3.0925281047821045,0.859375,4.27480936050415,3.3184738159179688,False,0.9414004161953926,0.0,-1.0,1.0,0.0,-1.0,140.5945281982422,261.2169189453125,140.5945281982422,261.2169189453125,False,True,-0.4020932943539624,-0.2683391768939757,0.1128211372221256,False,,False,keyboard_interrupt
446,1785928040.7034037,27.28319550026208,0.06288229953497648,15.902726321956127,True,365,0.015575200319290161,0.07452519983053207,13.418280021710348,False,True,False,,3.399508476257324,5.553684234619141,1.3681772947311401,2.9042704105377197,0.87890625,4.27480936050415,3.338517665863037,False,1.1560004204511642,0.0,-1.0,1.0,0.0,-1.0,140.10134887695312,241.48751831054688,140.10134887695312,241.48751831054688,False,True,-0.39706109946548923,-0.259927889280745,0.11285765238119047,False,,False,keyboard_interrupt
447,1785928040.7662954,27.34514530003071,0.06194979976862669,16.142102213967625,True,366,0.007344399578869343,0.06583410035818815,15.189696442409492,False,True,False,,3.299508571624756,5.453684329986572,1.3673328161239624,2.719449281692505,0.849609375,3.9026718139648438,3.348036050796509,False,1.7319992184638977,-0.5,-0.5,0.7071067690849304,0.0,-1.0,109.29487609863281,253.5583038330078,109.29487609863281,253.5583038330078,False,False,-0.3919610117777367,-0.25175033940372893,0.11289882261636566,False,,False,keyboard_interrupt
448,1785928040.8264403,27.40524770040065,0.06010240036994219,16.63827058228626,False,,,,,False,False,False,,3.1995086669921875,5.353684425354004,1.367018461227417,2.552823781967163,0.849609375,3.9026718139648438,3.34706449508667,False,2.990799956023693,-0.5,-0.5,0.7071067690849304,-0.5,-0.5,109.2626953125,236.095947265625,109.2626953125,236.095947265625,False,False,-0.3873323486991413,-0.2443676113312969,0.11283000780780339,False,,False,keyboard_interrupt
449,1785928040.8900166,27.466801499947906,0.06155379954725504,16.245950816282217,True,367,0.06025539990514517,0.07017369940876961,14.250353172559548,False,True,False,,3.099508762359619,5.2536845207214355,1.283540964126587,2.4499926567077637,0.859375,3.6164121627807617,3.340423107147217,False,2.0701000466942787,0.0,-0.5,0.5,-0.5,-0.5,131.43460083007812,225.31924438476562,131.43460083007812,225.31924438476562,False,False,-0.3875641890110924,-0.23751217668845645,0.11288936997174448,False,,False,keyboard_interrupt
450,1785928040.9500892,27.528417500667274,0.06161600071936846,16.229550576554356,True,368,0.04276250023394823,0.06911229994148016,14.469204480920698,False,True,False,,3.132995843887329,5.153684616088867,1.1640655994415283,2.377763032913208,0.859375,3.5591602325439453,3.40329647064209,False,1.3726996257901192,0.0,-0.5,0.5,0.0,-0.5,119.2003173828125,217.7495574951172,119.2003173828125,217.7495574951172,False,False,-0.38998757416875446,-0.23102222473810785,0.11294654241245063,False,,False,keyboard_interrupt
451,1785928041.0134072,27.58909060060978,0.06067309994250536,16.481768707180173,True,369,0.03413910046219826,0.07874670065939426,12.698944738336827,False,True,False,,3.0329959392547607,5.053684711456299,1.1694341897964478,2.285083770751953,0.830078125,3.177480936050415,3.3373663425445557,False,2.077300101518631,0.0,-1.0,1.0,0.0,-0.5,119.75006866455078,176.59677124023438,119.75006866455078,176.59677124023438,False,True,-0.3872015500041497,-0.2270452064438024,0.11291950545535218,False,,False,keyboard_interrupt
