step,t_wall_s,t_task_s,control_dt_s,control_loop_hz_inst,policy_dt_s,policy_loop_hz_inst,policy_deadline_overrun_s,policy_deadline_overrun,servo_dt_s,servo_loop_hz_inst,servo_target_age_s,servo_interpolation_phase,servo_command_sequence,servo_policy_step,servo_commanded_world_x,servo_commanded_world_y,servo_commanded_world_z,servo_target_world_x,servo_target_world_y,servo_target_world_z,servo_tracking_error_cm,servo_target_error_cm,servo_deadline_overrun_s,servo_deadline_overrun_count,servo_watchdog_stopped,servo_stop_reason,vision_frame_available,vision_frame_id,vision_age_s,camera_dt_s,camera_hz_inst,hand_detected,microrobot_detected,dead_reckoning_used,dead_reckoning_age_s,hand_x_cm,hand_y_cm,robot_x_cm,robot_y_cm,microrobot_x_cm,microrobot_y_cm,distance_cm,in_zpd,virtual_hand_stride_cm,virtual_hand_smoothing_alpha,virtual_hand_delay_frames,virtual_hand_action_x,virtual_hand_action_y,virtual_hand_action_norm,virtual_hand_command_dx_cm,virtual_hand_command_dy_cm,virtual_hand_command_norm_cm,virtual_hand_delayed_dx_cm,virtual_hand_delayed_dy_cm,virtual_hand_delayed_norm_cm,virtual_hand_smoothed_dx_cm,virtual_hand_smoothed_dy_cm,virtual_hand_smoothed_norm_cm,virtual_hand_exec_dx_cm,virtual_hand_exec_dy_cm,virtual_hand_exec_norm_cm,virtual_hand_actual_dx_cm,virtual_hand_actual_dy_cm,virtual_hand_actual_norm_cm,virtual_hand_accel_clipped,virtual_hand_workspace_clipped,virtual_hand_policy_inference_ms,policy_inference_ms,action_x,action_y,action_norm,last_action_x,last_action_y,virtual_target_x_px,virtual_target_y_px,desired_target_x_px,desired_target_y_px,target_clipped,target_step_limited,robot_world_x,robot_world_y,robot_world_z,safety_stop,safety_reason,task_finished,done_reason
0,1787662354.4408314,2.998858690261841e-07,,,,,2.998858690261841e-07,False,,,0.00020250026136636734,0.004050005227327347,0,-1,-0.22707501972557262,-0.5227513003180749,0.113,-0.22707501972557262,-0.5227513003180749,0.113,0.003867098701289489,0.003867098701289489,1.5003606677055359e-06,0,False,,False,,,,,False,False,False,,7.476822853088379,9.500030517578125,7.500182151794434,4.999815940856934,,,4.500275135040283,True,0.150164892,0.616798830561,2,-1.0,-1.0,1.4142135381698608,-0.1501648873090744,-0.1501648873090744,0.21236522495746613,0.0,0.0,0.0,0.0,0.0,0.0,0.0,0.0,0.0,0.0,0.0,0.0,False,False,2.020999789237976,2.7979006990790367,0.35020458698272705,-0.5917186737060547,0.6875858306884766,0.0,0.0,789.5352172851562,486.7734375,789.5352172851562,486.7734375,False,False,-0.2270650756153414,-0.5227410495508927,0.11296406280923003,False,,False,caught
1,1787662354.4961107,0.05743359960615635,0.05743329972028732,17.411501774584043,0.05743329972028732,17.411501774584043,0.007433599792420864,True,0.008073300123214722,123.86508425773823,0.046091899275779724,0.9218379855155945,1,0,-0.21896694391624116,-0.518639748407552,0.113,-0.2085371130340356,-0.5133508497713543,0.113,0.8351542923587267,2.0045559308961725,0.0036256974563002586,4,False,,True,1,0.029697999358177185,,,False,False,False,,7.476822853088379,9.500030517578125,7.506229877471924,4.986568927764893,,,4.513557434082031,True,0.150164892,0.616798830561,2,-1.0,-1.0,1.4142135381698608,-0.1501648873090744,-0.1501648873090744,0.21236522495746613,0.0,0.0,0.0,0.0,0.0,0.0,0.0,0.0,0.0,0.0,0.0,0.0,False,False,1.2086005881428719,1.7148004844784737,1.0,-1.0,1.4142135381698608,0.35020458698272705,-0.5917186737060547,830.0779418945312,459.71246337890625,830.0779418945312,459.71246337890625,False,False,-0.22644526898572137,-0.5223576326950639,0.1129838821720788,False,,False,caught
2,1787662354.5428421,0.10400190018117428,0.04656830057501793,21.47383494033838,0.04656830057501793,21.47383494033838,0.004001900553703308,True,0.00804859958589077,124.24521673969275,0.03814159985631704,0.7628319971263409,2,1,-0.20959863493467473,-0.5169487544602533,0.113,-0.1854798232709488,-0.5140107317523744,0.113,1.3525846063647313,3.7739803323392613,0.004010395146906376,10,False,,True,2,3.680028021335602e-05,0.029088600538671017,34.37772809560152,False,False,False,,7.476822853088379,9.500030517578125,7.54779052734375,4.912147521972656,,,4.5884318351745605,True,0.150164892,0.616798830561,2,-1.0,-1.0,1.4142135381698608,-0.1501648873090744,-0.1501648873090744,0.21236522495746613,-0.1501648873090744,-0.1501648873090744,0.21236522495746613,-0.09262152761220932,-0.09262152761220932,0.13098661601543427,-0.09262152761220932,-0.09262152761220932,0.13098661601543427,-0.0926213264465332,-0.0926218032836914,0.13098667562007904,False,False,1.1878004297614098,1.5219999477267265,0.9104953408241272,-1.0,1.3524059057235718,1.0,-1.0,828.8345947265625,451.9130859375,828.8345947265625,451.9130859375,False,False,-0.22267136339275662,-0.5204201092545617,0.11295552201924736,False,,False,caught
3,1787662354.6032574,0.16504659969359636,0.061044699512422085,16.381438650484444,0.061044699512422085,16.381438650484444,0.015046600252389908,True,0.008055699989199638,124.13570531930317,0.048033200204372406,0.9606640040874481,3,2,-0.1987480155934452,-0.5142316550335844,0.113,-0.1839377336319633,-0.5101964396793345,0.113,1.6868769528592045,3.221847596462861,0.004376593045890331,17,False,,False,,,,,False,False,False,,7.384201526641846,9.407408714294434,7.655014514923096,4.793173789978027,,,4.622175216674805,True,0.150164892,0.616798830561,2,-1.0,-1.0,1.4142135381698608,-0.1501648873090744,-0.1501648873090744,0.21236522495746613,-0.1501648873090744,-0.1501648873090744,0.21236522495746613,-0.12811413407325745,-0.12811431288719177,0.18118086457252502,-0.12811413407325745,-0.12811431288719177,0.18118086457252502,-0.1281142234802246,-0.1281147003173828,0.18118120729923248,False,False,1.6721002757549286,1.705399714410305,0.5465637445449829,-1.0,1.13961923122406,0.9104953408241272,-1.0,817.454345703125,439.44464111328125,817.454345703125,439.44464111328125,False,False,-0.21506961738861077,-0.5184931802587178,0.11301014910611493,False,,False,caught
4,1787662354.6510468,0.21076339948922396,0.045716799795627594,21.87379703895287,0.045716799795627594,21.87379703895287,0.010763400234282017,True,0.008081800304353237,123.73480689214172,0.035597700625658035,0.7119540125131607,4,3,-0.1916448312230113,-0.5086765709238483,0.113,-0.1846329611250444,-0.5022007046315239,0.113,1.7509064090712834,2.679092925402475,0.004658591002225876,23,False,,True,3,0.042859199456870556,0.07622240018099546,13.119502897119869,False,False,False,,7.256087303161621,9.27929401397705,7.760751724243164,4.670217514038086,,,4.636622905731201,True,0.150164892,0.616798830561,2,-1.0,-1.0,1.4142135381698608,-0.1501648873090744,-0.1501648873090744,0.21236522495746613,-0.1501648873090744,-0.1501648873090744,0.21236522495746613,-0.14171504974365234,-0.14171522855758667,0.2004154771566391,-0.14171504974365234,-0.14171522855758667,0.2004154771566391,-0.14171504974365234,-0.14171504974365234,0.20041534304618835,False,False,1.4124000445008278,2.0451005548238754,0.1631762981414795,-1.0,1.013225793838501,0.5465637445449829,-1.0,804.7265014648438,426.55877685546875,804.7265014648438,426.55877685546875,False,False,-0.20738340269823957,-0.516348885062629,0.11298299977392448,False,,False,caught
5,1787662354.695211,0.25647659972310066,0.045713200233876705,21.875519431670188,0.045713200233876705,21.875519431670188,0.006476600654423237,True,0.00807149987667799,123.8927108069997,0.037287299521267414,0.7457459904253483,5,4,-0.18802412148613204,-0.5000745781867336,0.113,-0.18579487876956863,-0.4932222787964879,0.113,1.725014235756401,2.3932962381335265,0.005078988149762154,29,False,,True,4,0.024733799509704113,0.06425619963556528,15.562700652568756,False,False,False,,7.114372253417969,9.137578964233398,7.839662551879883,4.524658679962158,,,4.669590950012207,True,0.150164892,0.616798830561,2,-1.0,-1.0,1.4142135381698608,-0.1501648873090744,-0.1501648873090744,0.21236522495746613,-0.1501648873090744,-0.1501648873090744,0.21236522495746613,-0.1469269096851349,-0.1469269096851349,0.20778602361679077,-0.1469269096851349,-0.1469269096851349,0.20778602361679077,-0.1469268798828125,-0.1469268798828125,0.2077859789133072,False,False,1.1934004724025726,1.7574001103639603,-0.12395115941762924,-1.0,1.0076526403427124,0.1631762981414795,-1.0,795.1658935546875,411.30426025390625,795.1658935546875,411.30426025390625,False,False,-0.20002743074745025,-0.5124630596151757,0.11288378455127401,False,,False,caught
6,1787662354.7418635,0.3026510998606682,0.04617450013756752,21.65697510575542,0.04617450013756752,21.65697510575542,0.002651100978255272,True,0.008119200356304646,123.16483842198689,0.04043770022690296,0.8087540045380592,6,5,-0.1864309369926727,-0.49221513170644604,0.113,-0.18487646400015906,-0.4845466555570294,0.113,1.792457041180648,2.5472813128589884,0.005609986372292042,35,False,,False,,,,,False,False,False,,6.967445373535156,8.990652084350586,7.863744735717773,4.397988319396973,,,4.679306983947754,True,0.150164892,0.616798830561,2,-0.6473079323768616,-1.0,1.191220998764038,-0.09720291942358017,-0.1501648873090744,0.17887957394123077,-0.1501648873090744,-0.1501648873090744,0.21236522495746613,-0.1489240825176239,-0.1489240825176239,0.21061044931411743,-0.1489240825176239,-0.1489240825176239,0.21061044931411743,-0.1489238739013672,-0.1489238739013672,0.21061016619205475,False,False,1.7586993053555489,2.454499714076519,-0.3245828151702881,-1.0,1.0513581037521362,-0.12395115941762924,-1.0,785.3050537109375,398.0291748046875,785.3050537109375,398.0291748046875,False,False,-0.1953191529792559,-0.5077800942518563,0.11285241279313452,False,,False,caught
7,1787662354.8053572,0.3640932999551296,0.06144220009446144,16.275458861541363,0.06144220009446144,16.275458861541363,0.014093301258981228,True,0.008040199987590313,124.37501573884418,0.05052390042692423,1.0,7,6,-0.18544425489408634,-0.48195821790125737,0.113,-0.18490894420701356,-0.47639347158208495,0.113,1.7378213779389222,2.289291089402274,0.005962183699011803,42,False,,True,5,0.05190089996904135,0.06351689994335175,15.743841416880565,False,False,False,,6.818521499633789,8.841728210449219,7.839168071746826,4.199977397918701,,,4.752638339996338,True,0.150164892,0.616798830561,2,-1.0,-1.0,1.4142135381698608,-0.1501648873090744,-0.1501648873090744,0.21236522495746613,-0.1501648873090744,-0.1501648873090744,0.21236522495746613,-0.14968933165073395,-0.14968933165073395,0.2116926908493042,-0.14968933165073395,-0.14968933165073395,0.2116926908493042,-0.1496891975402832,-0.1496896743774414,0.21169283986091614,False,False,1.8552998080849648,2.108899876475334,-0.40717580914497375,-1.0,1.0797185897827148,-0.3245828151702881,-1.0,777.7139282226562,377.27764892578125,777.7139282226562,377.27764892578125,False,False,-0.1903313569109264,-0.4986344372101923,0.11285081018983438,False,,False,caught
8,1787662354.8500588,0.409782899543643,0.045689599588513374,21.886819079311994,0.045689599588513374,21.886819079311994,0.009782901033759117,True,0.008072299882769585,123.8804324074371,0.03643670026212931,0.7287340052425861,8,7,-0.18357486602511947,-0.47288331743869444,0.113,-0.1818820577293668,-0.46550296699088506,0.113,1.8338591176555803,2.5909665332887584,0.006321080960333347,48,False,,True,6,0.03388599958270788,0.08078330010175705,12.378796096970168,False,False,False,,6.668832302093506,8.692038536071777,7.784184455871582,4.051178455352783,,,4.773006916046143,True,0.150164892,0.616798830561,2,-0.7974088191986084,-1.0,1.2790077924728394,-0.11974280327558517,-0.1501648873090744,0.19206205010414124,-0.09720291942358017,-0.1501648873090744,0.17887957394123077,-0.11731572449207306,-0.1499827802181244,0.19041484594345093,-0.11731572449207306,-0.1499827802181244,0.19041484594345093,-0.11731576919555664,-0.14998245239257812,0.19041460752487183,False,False,1.2125000357627869,1.6179997473955154,-0.44207867980003357,-1.0,1.0933588743209839,-0.40717580914497375,-1.0,769.939208984375,361.68353271484375,769.939208984375,361.68353271484375,False,False,-0.18797979807028936,-0.4906845214265178,0.11286719713035037,False,,False,caught
9,1787662354.8952754,0.4555502003058791,0.04576730076223612,21.849660857105384,0.04576730076223612,21.849660857105384,0.00555020198225975,True,0.008078500628471375,123.78534656241295,0.04001979995518923,0.8003959991037846,9,8,-0.18165280492003624,-0.46347825642435925,0.113,-0.18029053961743038,-0.45664625280304266,0.113,1.9099217109539486,2.6063993372955294,0.006780778989195824,54,False,,True,7,0.014881600625813007,0.06337159965187311,15.779939365479509,False,False,False,,6.551516532897949,8.5420560836792,7.718088150024414,3.895714044570923,,,4.790551662445068,True,0.150164892,0.616798830561,2,-0.03503558039665222,-1.0,1.0006135702133179,-0.005261113867163658,-0.1501648873090744,0.15025702118873596,-0.1501648873090744,-0.1501648873090744,0.21236522495746613,-0.13757707178592682,-0.15009498596191406,0.20360735058784485,-0.13757707178592682,-0.15009498596191406,0.20360735058784485,-0.13757705688476562,-0.15009498596191406,0.20360735058784485,False,False,1.7138998955488205,1.790500245988369,-0.450765460729599,-1.0,1.0968999862670898,-0.44207867980003357,-1.0,762.6372680664062,345.39080810546875,762.6372680664062,345.39080810546875,False,False,-0.1858512811792389,-0.4821097409169899,0.11285620535788278,False,,False,caught
10,1787662354.94201,0.5017769997939467,0.04622679948806763,21.63247317734222,0.04622679948806763,21.63247317734222,0.0017770016565918922,True,0.00805249996483326,124.18503624553654,0.034431999549269676,0.6886399909853935,10,9,-0.1801568804319747,-0.45656116487551385,0.113,-0.17831706200979525,-0.4480539223234796,0.113,1.8792193043436072,2.749595479207461,0.007141176611185074,59,False,,False,,,,,False,False,False,,6.413939476013184,8.391961097717285,7.661376953125,3.766643762588501,,,4.790580749511719,True,0.150164892,0.616798830561,2,0.4017135500907898,-1.0,1.0776704549789429,0.06032326817512512,-0.1501648873090744,0.16182827949523926,-0.11974280327558517,-0.1501648873090744,0.19206205010414124,-0.12657690048217773,-0.15013810992240906,0.1963750571012497,-0.12657690048217773,-0.15013810992240906,0.1963750571012497,-0.12657690048217773,-0.15013790130615234,0.19637490808963776,False,False,1.8754005432128906,2.6618000119924545,-0.4304962754249573,-0.9565094709396362,1.048922061920166,-0.450765460729599,-1.0,758.0752563476562,334.59893798828125,758.0752563476562,334.59893798828125,False,False,-0.18415154571216105,-0.4749234005484435,0.11286782673178637,False,,False,caught
11,1787662355.0034575,0.5632200995460153,0.06144309975206852,16.275220554222354,0.06144309975206852,16.275220554222354,0.013220101594924927,True,0.008049000054597855,124.23903506234504,0.05303429998457432,1.0,11,10,-0.17721246483105738,-0.4446082487640696,0.113,-0.1766498612045221,-0.44236555639086106,0.113,1.9573670393714948,2.18853933476077,0.008015474304556847,67,False,,True,8,0.04413839988410473,0.06476920004934072,15.439437251628968,False,False,False,,6.287362575531006,8.241823196411133,7.570921897888184,3.566499948501587,,,4.848316669464111,True,0.150164892,0.616798830561,2,0.2952961325645447,-1.0,1.0426887273788452,0.04434311017394066,-0.1501648873090744,0.15657523274421692,-0.005261113867163658,-0.1501648873090744,0.15025702118873596,-0.051749467849731445,-0.15015454590320587,0.15882189571857452,-0.051749467849731445,-0.15015454590320587,0.15882189571857452,-0.05174970626831055,-0.15015411376953125,0.15882156789302826,False,False,1.3488996773958206,2.017699182033539,-0.4263728857040405,-0.8466205596923828,0.9479241371154785,-0.4304962754249573,-0.9565094709396362,749.0661010742188,320.5336608886719,749.0661010742188,320.5336608886719,False,False,-0.18160712550216193,-0.46368147840901947,0.11283434620847531,False,,False,caught
12,1787662355.0480886,0.6088664997369051,0.045646400190889835,21.907532594423103,0.045646400190889835,21.907532594423103,0.008866501972079277,True,0.008055499754846096,124.13879094197868,0.031811599619686604,0.6362319923937321,12,11,-0.1763043686836877,-0.4373005349472195,0.113,-0.17600775317232167,-0.43400963451805946,0.113,1.8289624844118606,2.158078076855634,0.008357171900570393,72,False,,True,9,0.02517270017415285,0.07874410040676594,12.699364077236659,False,False,False,,6.235612869262695,8.091669082641602,7.5036492347717285,3.4170188903808594,,,4.84358024597168,True,0.150164892,0.616798830561,2,-0.43760359287261963,-1.0,1.0915570259094238,-0.06571269780397415,-0.1501648873090744,0.1639135479927063,0.06032326817512512,-0.1501648873090744,0.16182827949523926,0.017376771196722984,-0.1501607596874237,0.15116284787654877,0.017376773059368134,-0.1501607596874237,0.15116284787654877,0.01737689971923828,-0.1501607894897461,0.15116289258003235,False,False,1.191600225865841,1.556500792503357,-0.3888561427593231,-0.75325608253479,0.847705066204071,-0.4263728857040405,-0.8466205596923828,744.4823608398438,310.73883056640625,744.4823608398438,310.73883056640625,False,False,-0.17969111715389594,-0.45527321347902444,0.1128478877699195,False,,False,caught
13,1787662355.0943365,0.6546400003135204,0.045773500576615334,21.84670141900569,0.045773500576615334,21.84670141900569,0.0046400027349591255,True,0.00804049987345934,124.37037693401028,0.03532500006258488,0.7065000012516975,13,12,-0.17534848075150825,-0.4306091597019959,0.113,-0.17500605385356904,-0.42843599378547825,0.113,1.6498816382773605,1.8698501818596276,0.00876746978610754,78,False,,True,10,0.008924600668251514,0.0642822002992034,15.556405900007631,False,False,False,,6.252989768981934,7.9415082931518555,7.431535243988037,3.2714855670928955,,,4.816439151763916,True,0.150164892,0.616798830561,2,0.8389323949813843,-1.0,1.3052997589111328,0.12597818672657013,-0.1501648873090744,0.19601020216941833,0.04434311017394066,-0.1501648873090744,0.15657523274421692,0.034009627997875214,-0.15016332268714905,0.15396648645401,0.034009627997875214,-0.15016332268714905,0.15396648645401,0.034009456634521484,-0.1501631736755371,0.15396630764007568,False,False,1.369500532746315,1.628299243748188,-0.37202975153923035,-0.685940146446228,0.7803332805633545,-0.3888561427593231,-0.75325608253479,738.1317138671875,299.71978759765625,738.1317138671875,299.71978759765625,False,False,-0.1780786244921046,-0.44687882694298015,0.11276508500301985,False,,False,caught
14,1787662355.1399803,0.7007601000368595,0.04612009972333908,21.682520332755264,0.04612009972333908,21.682520332755264,0.0007601026445627213,False,0.008050600066781044,124.2143432420983,0.037744900211691856,0.7548980042338371,14,13,-0.17435443420252875,-0.42393526108984086,0.113,-0.1740927183459938,-0.4221557049564616,0.113,1.6776523918412112,1.8575024061685887,0.009115267544984818,84,False,,False,,,,,False,False,False,,6.286999225616455,7.791345119476318,7.374574661254883,3.1626510620117188,,,4.7547478675842285,True,0.150164892,0.616798830561,2,0.6376459002494812,-1.0,1.1859984397888184,0.09575202316045761,-0.1501648873090744,0.17809531092643738,-0.06571269780397415,-0.1501648873090744,0.1639135479927063,-0.02749905176460743,-0.15016423165798187,0.15266136825084686,-0.02749904990196228,-0.15016423165798187,0.15266136825084686,-0.02749919891357422,-0.15016412734985352,0.1526612937450409,False,False,1.2630000710487366,1.745699904859066,-0.3381352424621582,-0.6428508758544922,0.7263557314872742,-0.37202975153923035,-0.685940146446228,734.3814086914062,291.02337646484375,734.3814086914062,291.02337646484375,False,False,-0.17698835849102176,-0.4405028107943146,0.11282537349189464,False,,False,caught
15,1787662355.2024832,0.7622309001162648,0.06147080007940531,16.26788652023796,0.06147080007940531,16.26788652023796,0.012230902910232544,True,0.008034300059080124,124.4663496068746,0.04993190057575703,0.9986380115151405,15,14,-0.1732908768108447,-0.4176939392747166,0.113,-0.1732894262823211,-0.417685427072753,0.113,1.3590667245350896,1.3599301513377267,0.010404164902865887,91,False,,True,11,0.033899600617587566,0.06202219985425472,16.123259128987506,False,False,False,,6.259500026702881,7.641180992126465,7.2888712882995605,3.003761053085327,,,4.750291347503662,True,0.150164892,0.616798830561,2,1.0,-1.0,1.4142135381698608,0.1501648873090744,-0.1501648873090744,0.21236522495746613,0.12597818672657013,-0.1501648873090744,0.19601020216941833,0.06716547161340714,-0.15016460418701172,0.16450108587741852,0.06716547161340714,-0.15016460418701172,0.16450108587741852,0.06716537475585938,-0.15016460418701172,0.16450104117393494,False,False,1.1619003489613533,1.7369994893670082,-0.32498350739479065,-0.5848789215087891,0.669102132320404,-0.3381352424621582,-0.6428508758544922,726.4133911132812,278.0169677734375,726.4133911132812,278.0169677734375,False,False,-0.17549276317203097,-0.43110428358444963,0.11285647954610446,False,,False,caught
16,1787662355.2482264,0.8079469995573163,0.04571609944105148,21.87413213783577,0.04571609944105148,21.87413213783577,0.007947002537548542,True,0.00815190002322197,122.67078805571005,0.03628630004823208,0.7257260009646416,16,15,-0.17275513266094944,-0.41209956175191326,0.113,-0.1725532067991257,-0.4099884928118681,0.113,1.306902740869904,1.51883899351048,0.010950662195682526,97,False,,True,12,0.016950299963355064,0.08295089937746525,12.05532438472468,False,False,False,,6.32666540145874,7.491016387939453,7.234714984893799,2.901042938232422,,,4.6789326667785645,True,0.150164892,0.616798830561,2,-0.904792308807373,-1.0,1.3485729694366455,-0.13586802780628204,-0.1501648873090744,0.20250830054283142,0.09575202316045761,-0.1501648873090744,0.17809531092643738,0.08479759097099304,-0.15016478300094604,0.1724531650543213,0.08479759097099304,-0.15016478300094604,0.1724531650543213,0.08479738235473633,-0.15016460418701172,0.1724528968334198,False,False,1.4542993158102036,2.0952001214027405,-0.2583261728286743,-0.5513210296630859,0.6088409423828125,-0.32498350739479065,-0.5848789215087891,724.9631958007812,269.36224365234375,724.9631958007812,269.36224365234375,False,False,-0.17447566866688202,-0.42505401407202703,0.11285371825980249,False,,False,caught
17,1787662355.2934651,0.8537381999194622,0.0457912003621459,21.83825695966397,0.0457912003621459,21.83825695966397,0.0037382030859589577,True,0.00807349942624569,123.86202651469272,0.03775450028479099,0.7550900056958199,17,16,-0.1711704965508014,-0.4069242875754446,0.113,-0.17069525106946232,-0.4056505578383141,0.113,1.3288145510180378,1.4631901864205379,0.011478560045361519,103,False,,True,13,0.03599650040268898,0.062327099964022636,16.044385196443194,False,False,False,,6.411462783813477,7.340851783752441,7.1863532066345215,2.816356658935547,,,4.590371608734131,True,0.150164892,0.616798830561,2,-0.3385790288448334,-1.0,1.0557631254196167,-0.05084268003702164,-0.1501648873090744,0.1585385501384735,0.1501648873090744,-0.1501648873090744,0.21236522495746613,0.1251159906387329,-0.15016478300094604,0.1954570859670639,0.1251159906387329,-0.15016478300094604,0.1954570859670639,0.12511587142944336,-0.15016460418701172,0.1954568773508072,False,False,1.1717993766069412,1.5759998932480812,-0.18827077746391296,-0.5762603878974915,0.6062358617782593,-0.2583261728286743,-0.5513210296630859,724.3152465820312,258.9189147949219,724.3152465820312,258.9189147949219,False,False,-0.1737805889450136,-0.41995241479635004,0.1128264203084899,False,,False,caught
18,1787662355.3554506,0.9152081999927759,0.06147000007331371,16.268098239910938,0.06147000007331371,16.268098239910938,0.015208203345537186,True,0.008039100095629692,124.3920324544325,0.049432000145316124,0.9886400029063225,18,17,-0.16753058702283977,-0.4010969271387302,0.113,-0.16748876253512196,-0.40102996768187,0.113,1.2271170016688406,1.2348898251985179,0.012065557762980461,110,False,,True,14,0.06037310045212507,0.02674470003694296,37.39058574665938,False,False,False,,6.53657865524292,7.19068717956543,7.1267900466918945,2.685192584991455,,,4.543988227844238,True,0.150164892,0.616798830561,2,-0.7471145391464233,-1.0,1.248270869255066,-0.1121903732419014,-0.1501648873090744,0.1874464601278305,-0.13586802780628204,-0.1501648873090744,0.20250830054283142,-0.03585868701338768,-0.15016478300094604,0.15438687801361084,-0.03585869073867798,-0.15016478300094604,0.15438687801361084,-0.0358586311340332,-0.15016460418701172,0.15438668429851532,False,False,1.7085997387766838,1.9167996942996979,-0.13793107867240906,-0.5750475525856018,0.5913583636283875,-0.18827077746391296,-0.5762603878974915,721.308837890625,245.24917602539062,721.308837890625,245.24917602539062,False,False,-0.1721048056842807,-0.4124830178406752,0.11287721668322054,False,,False,caught
19,1787662355.4007554,0.9614099999889731,0.046201799996197224,21.64417836712656,0.046201799996197224,21.64417836712656,0.011410003527998924,True,0.008028400130569935,124.55781771417641,0.03547979984432459,0.7095959968864918,19,18,-0.16560729925136775,-0.39654661789599155,0.113,-0.16483730552013098,-0.3947117953619159,0.113,1.1656034662022041,1.3645748094505419,0.012349654920399189,116,False,,True,15,0.02600030042231083,0.0371032003313303,26.95185296874756,False,False,False,,6.500720024108887,7.040522575378418,7.101116180419922,2.58467698097229,,,4.4961137771606445,True,0.150164892,0.616798830561,2,-0.798566997051239,-1.0,1.279730200767517,-0.11991672217845917,-0.1501648873090744,0.19217053055763245,-0.05084268003702164,-0.1501648873090744,0.1585385501384735,-0.045100774616003036,-0.15016478300094604,0.15679138898849487,-0.045100774616003036,-0.15016478300094604,0.15679138898849487,-0.04510068893432617,-0.15016460418701172,0.15679119527339935,False,False,1.119299791753292,1.5738001093268394,-0.07302599400281906,-0.5506230592727661,0.5554444789886475,-0.13793107867240906,-0.5750475525856018,722.6676025390625,236.2509765625,722.6676025390625,236.2509765625,False,False,-0.17003959265864135,-0.40732644971266013,0.11288534748830528,False,,False,caught
20,1787662355.4464822,1.0072518000379205,0.045841800048947334,21.814152126056467,0.045841800048947334,21.814152126056467,0.0072518037632107735,True,0.00803459994494915,124.46170398672275,0.03874729946255684,0.7749459892511368,20,19,-0.16257828637419486,-0.39217346395657027,0.113,-0.16182239402142434,-0.3911983796957876,0.113,1.1305652230951864,1.2521913837311942,0.012700352817773819,122,False,,True,16,0.009817699901759624,0.0805721003562212,12.411244035824458,False,False,False,,6.4556193351745605,6.890357971191406,7.078294277191162,2.482907295227051,,,4.451218605041504,True,0.150164892,0.616798830561,2,-1.0,-1.0,1.4142135381698608,-0.1501648873090744,-0.1501648873090744,0.21236522495746613,-0.1121903732419014,-0.1501648873090744,0.1874464601278305,-0.08648152649402618,-0.15016478300094604,0.17328737676143646,-0.08648152649402618,-0.15016478300094604,0.17328737676143646,-0.08648157119750977,-0.15016460418701172,0.17328724265098572,False,False,1.1833002790808678,1.6485005617141724,-0.012445606291294098,-0.5192762613296509,0.5194253921508789,-0.07302599400281906,-0.5506230592727661,724.0526733398438,227.5565948486328,724.0526733398438,227.5565948486328,False,False,-0.16782142479883916,-0.4021889546804922,0.112868784961689,False,,False,caught
21,1787662355.492825,1.0525888996198773,0.04533709958195686,22.056991056348416,0.04533709958195686,22.056991056348416,0.002588903531432152,True,0.008084600791335106,123.69194544173135,0.033212400041520596,0.6642480008304119,21,20,-0.15981601537939585,-0.38937565456835915,0.113,-0.158419792872753,-0.38796146876093035,0.113,1.0720331582276375,1.2676654681534938,0.013010751456022263,127,False,,False,,,,,False,False,False,,6.369137763977051,6.7401933670043945,7.067577838897705,2.4016740322113037,,,4.394379138946533,True,0.150164892,0.616798830561,2,-1.0,-1.0,1.4142135381698608,-0.1501648873090744,-0.1501648873090744,0.21236522495746613,-0.11991672217845917,-0.1501648873090744,0.19217053055763245,-0.1071043312549591,-0.15016478300094604,0.1844472885131836,-0.1071043312549591,-0.15016478300094604,0.1844472885131836,-0.10710430145263672,-0.15016460418701172,0.18444710969924927,False,False,1.5488006174564362,2.2481000050902367,0.08068431168794632,-0.48660480976104736,0.4932486116886139,-0.012445606291294098,-0.5192762613296509,728.6771850585938,221.0977325439453,728.6771850585938,221.0977325439453,False,False,-0.16575515380699643,-0.39829880606549517,0.1128282113772403,False,,False,caught
22,1787662355.5542116,1.1135547999292612,0.06096590030938387,16.402611868688833,0.06096590030938387,16.402611868688833,0.013554804027080536,True,0.008028799667954445,124.55161933997753,0.05289420019835234,1.0,22,21,-0.15512639101161488,-0.38655333892154375,0.113,-0.15512639101161488,-0.38655333892154375,0.113,0.9255634477873518,0.9255634477873518,0.014038247987627983,135,False,,True,17,0.047029100358486176,0.06202039960771799,16.123727133734192,False,False,False,,6.262033462524414,6.590028762817383,7.070923805236816,2.277946710586548,,,4.387295246124268,True,0.150164892,0.616798830561,2,-1.0,-1.0,1.4142135381698608,-0.1501648873090744,-0.1501648873090744,0.21236522495746613,-0.1501648873090744,-0.1501648873090744,0.21236522495746613,-0.13366402685642242,-0.15016478300094604,0.20103615522384644,-0.13366402685642242,-0.15016478300094604,0.20103615522384644,-0.13366413116455078,-0.15016460418701172,0.20103608071804047,False,False,1.5776995569467545,1.7142994329333305,0.1897447109222412,-0.4208526313304901,0.46164920926094055,0.08068431168794632,-0.48660480976104736,735.7205200195312,212.26559448242188,735.7205200195312,212.26559448242188,False,False,-0.1618327679221139,-0.3929317175906926,0.11291302945743933,False,,False,caught
23,1787662355.5994189,1.1601951997727156,0.04664039984345436,21.440639517595017,0.04664039984345436,21.440639517595017,0.010195204056799412,True,0.008053500205278397,124.169612530038,0.03980149980634451,0.7960299961268902,23,22,-0.1508816291846246,-0.3850940230410596,0.113,-0.1497939765955209,-0.3847200965970277,0.113,0.9209079444646029,1.0329391858586494,0.014510245993733406,141,False,,True,18,0.018527000211179256,0.06942369975149632,14.404302904908876,False,False,False,,6.128369331359863,6.439864158630371,7.091797351837158,2.199953556060791,,,4.347991943359375,True,0.150164892,0.616798830561,2,-1.0,-1.0,1.4142135381698608,-0.1501648873090744,-0.1501648873090744,0.21236522495746613,-0.1501648873090744,-0.1501648873090744,0.21236522495746613,-0.14384177327156067,-0.15016478300094604,0.20794209837913513,-0.14384177327156067,-0.15016478300094604,0.20794209837913513,-0.14384174346923828,-0.15016460418701172,0.2079419493675232,False,False,1.1861994862556458,1.852099783718586,0.31402599811553955,-0.36671575903892517,0.482796847820282,0.1897447109222412,-0.4208526313304901,745.4938354492188,207.4960479736328,745.4938354492188,207.4960479736328,False,False,-0.15862036829050596,-0.39008466173491246,0.11288780955333304,False,,False,caught
24,1787662355.6451836,1.206242499873042,0.04604730010032654,21.716799851918108,0.04604730010032654,21.716799851918108,0.006242504343390465,True,0.008058900013566017,124.08641356967348,0.03378310054540634,0.6756620109081268,24,23,-0.1465549783132488,-0.38531974138548747,0.113,-0.14447805639005448,-0.38542809294699454,0.113,0.8766289586891836,1.074389441967664,0.014810943976044655,146,False,,True,19,3.200024366378784e-05,0.07481350004673004,13.366571532883498,False,False,False,,5.984527587890625,6.289699554443359,7.128206729888916,2.1266028881073,,,4.317334175109863,True,0.150164892,0.616798830561,2,0.23023679852485657,-1.0,1.0261622667312622,0.03457348421216011,-0.1501648873090744,0.15409354865550995,-0.1501648873090744,-0.1501648873090744,0.21236522495746613,-0.14774185419082642,-0.15016478300094604,0.21065877377986908,-0.14774185419082642,-0.15016478300094604,0.21065877377986908,-0.14774179458618164,-0.15016460418701172,0.21065859496593475,False,False,1.093200407922268,1.5078997239470482,0.413783460855484,-0.30915364623069763,0.5165197849273682,0.31402599811553955,-0.36671575903892517,755.3512573242188,203.42840576171875,755.3512573242188,203.42840576171875,False,False,-0.15493628847513413,-0.3878880670694741,0.11292805368320497,False,,False,caught
25,1787662355.6908343,1.2516278000548482,0.04538530018180609,22.03356584608152,0.04538530018180609,22.03356584608152,0.0016278047114610672,True,0.008056499995291233,124.12337871091269,0.036689700558781624,0.7337940111756325,25,24,-0.14106431137409264,-0.3862454141033386,0.113,-0.13944896002687202,-0.3865615853279271,0.113,1.0202642230862267,1.1801729998424053,0.015150141902267933,152,False,,False,,,,,False,False,False,,5.836785793304443,6.139534950256348,7.17883825302124,2.071350574493408,,,4.2838335037231445,True,0.150164892,0.616798830561,2,0.18663698434829712,-1.0,1.0172675848007202,0.028026321902871132,-0.1501648873090744,0.15275788307189941,-0.1501648873090744,-0.1501648873090744,0.21236522495746613,-0.14923635125160217,-0.15016478300094604,0.21170958876609802,-0.14923635125160217,-0.15016478300094604,0.21170958876609802,-0.14923620223999023,-0.15016460418701172,0.21170936524868011,False,False,1.500999554991722,2.440100535750389,0.5069287419319153,-0.24988849461078644,0.5651734471321106,0.413783460855484,-0.30915364623069763,766.2587280273438,201.3645477294922,766.2587280273438,201.3645477294922,False,False,-0.15124571363449296,-0.3869024717939991,0.11296490450123788,False,,False,caught
26,1787662355.7521973,1.312971600331366,0.06134380027651787,16.301565854940936,0.06134380027651787,16.301565854940936,0.01297160517424345,True,0.008046799339354038,124.27301313571411,0.047309599816799164,0.9461919963359833,26,25,-0.13491406829866,-0.3887002969639068,0.113,-0.13461982987468119,-0.3888290355604367,0.113,1.0323719502396844,1.0636484468969665,0.01551933865994215,159,False,,True,20,0.04231660068035126,0.06454040016978979,15.494171052073552,False,False,False,,5.687549591064453,5.989370346069336,7.282120227813721,2.0029349327087402,,,4.293520927429199,True,0.150164892,0.616798830561,2,1.0,-1.0,1.4142135381698608,0.1501648873090744,-0.1501648873090744,0.21236522495746613,0.03457348421216011,-0.1501648873090744,0.15409354865550995,-0.03586260601878166,-0.15016478300094604,0.15438778698444366,-0.03586260974407196,-0.15016478300094604,0.15438778698444366,-0.03586244583129883,-0.15016460418701172,0.15438757836818695,False,False,1.1781007051467896,1.5850001946091652,0.5868621468544006,-0.1780126392841339,0.6132664084434509,0.5069287419319153,-0.24988849461078644,781.7459106445312,198.71414184570312,781.7459106445312,198.71414184570312,False,False,-0.1450716168611996,-0.38685552985511074,0.11298497075773178,False,,False,caught
27,1787662355.7984078,1.359158799983561,0.04618719965219498,21.651020359111044,0.04618719965219498,21.651020359111044,0.009158805012702942,True,0.008036799728870392,124.4276370864046,0.03484230022877455,0.696846004575491,27,26,-0.12996743686792592,-0.3909062995144193,0.113,-0.12794347243529336,-0.39180998678975176,0.113,1.0880654075904035,1.3082520139165337,0.01607473660260439,165,False,,True,21,0.008164700120687485,0.06479860004037619,15.432432172560784,False,False,False,,5.651687145233154,5.839205741882324,7.371380805969238,1.9650108814239502,,,4.238718032836914,True,0.150164892,0.616798830561,2,1.0,-1.0,1.4142135381698608,0.1501648873090744,-0.1501648873090744,0.21236522495746613,0.028026321902871132,-0.1501648873090744,0.15275788307189941,0.0035440707579255104,-0.15016478300094604,0.15020659565925598,0.003544069826602936,-0.15016478300094604,0.15020659565925598,0.003543853759765625,-0.15016460418701172,0.15020641684532166,False,False,1.2279003858566284,1.6772998496890068,0.6526222825050354,-0.14954271912574768,0.669536292552948,0.5868621468544006,-0.1780126392841339,794.926513671875,196.52989196777344,794.926513671875,196.52989196777344,False,False,-0.14038245798322765,-0.38775733808362417,0.11299680709054827,False,,False,caught
28,1787662355.8450944,1.4048688001930714,0.045710000209510326,21.877050873256003,0.045710000209510326,21.877050873256003,0.004868805408477783,True,0.008076900616288185,123.80986810502063,0.03643780015408993,0.7287560030817986,28,27,-0.12410760029877396,-0.39376651140089214,0.113,-0.12232637445998178,-0.39465257206009935,0.113,1.308526857918527,1.5067563216889361,0.016417134553194046,171,False,,False,,,,,False,False,False,,5.65523099899292,5.6890411376953125,7.454582214355469,1.9392879009246826,,,4.15912389755249,True,0.150164892,0.616798830561,2,1.0,-1.0,1.4142135381698608,0.1501648873090744,-0.1501648873090744,0.21236522495746613,0.1501648873090744,-0.1501648873090744,0.21236522495746613,0.09397953748703003,-0.15016478300094604,0.17714856564998627,0.09397953748703003,-0.15016478300094604,0.17714856564998627,0.0939793586730957,-0.15016460418701172,0.17714831233024597,False,False,2.0604999735951424,2.485799603164196,0.7172549962997437,-0.13946887850761414,0.7306889295578003,0.6526222825050354,-0.14954271912574768,807.4173583984375,194.46755981445312,807.4173583984375,194.46755981445312,False,False,-0.13630438444081006,-0.38902705913554037,0.11301739558685756,False,,False,caught
29,1787662355.8912644,1.45053599961102,0.04566719941794872,21.897554760210824,0.04566719941794872,21.897554760210824,0.000536005012691021,False,0.008039900101721287,124.37965488973015,0.03868740051984787,0.7737480103969574,29,28,-0.11813789471144664,-0.39677360558175606,0.113,-0.11670102399226953,-0.3974993335818575,0.113,1.3951126372132445,1.5558615957096833,0.01683633215725422,177,False,,True,22,0.03457069955766201,0.07998429983854294,12.50245363175785,False,False,False,,5.749210357666016,5.538876533508301,7.569922924041748,1.9126180410385132,,,4.057677268981934,True,0.150164892,0.616798830561,2,1.0,-1.0,1.4142135381698608,0.1501648873090744,-0.1501648873090744,0.21236522495746613,0.1501648873090744,-0.1501648873090744,0.21236522495746613,0.1286345273256302,-0.15016478300094604,0.19772784411907196,0.1286345273256302,-0.15016478300094604,0.19772784411907196,0.12863445281982422,-0.15016460418701172,0.19772766530513763,False,False,2.048000693321228,1.6628997400403023,0.8277885317802429,-0.14386482536792755,0.840196967124939,0.7172549962997437,-0.13946887850761414,826.0194091796875,191.39614868164062,826.0194091796875,191.39614868164062,False,False,-0.13092274029991344,-0.3911895683778803,0.11301337295787271,False,,False,caught
30,1787662355.9511309,1.5118862995877862,0.06135029997676611,16.299838800767212,0.06135029997676611,16.299838800767212,0.011886305175721645,True,0.0080765001475811,123.81600714753884,0.04954699985682964,0.9909399971365929,30,29,-0.10934531611689305,-0.40118168408578053,0.113,-0.10844141074984834,-0.40163484873768485,0.113,1.5532026641953582,1.6542784336728966,0.0173503290861845,184,False,,True,23,0.034695399925112724,0.0653020003810525,15.313466573225405,False,False,False,,5.87784481048584,5.388711929321289,7.735232353210449,1.8816381692886353,,,3.9685583114624023,True,0.150164892,0.616798830561,2,1.0,-0.9423459768295288,1.3740509748458862,0.1501648873090744,-0.14150728285312653,0.2063342034816742,0.1501648873090744,-0.1501648873090744,0.21236522495746613,0.14191439747810364,-0.15016478300094604,0.20661355555057526,0.14191439747810364,-0.15016478300094604,0.20661355555057526,0.14191436767578125,-0.15016460418701172,0.20661339163780212,False,False,1.111600548028946,1.5831999480724335,0.9274819493293762,-0.14415086805820465,0.9386171698570251,0.8277885317802429,-0.14386482536792755,849.072265625,188.1314697265625,849.072265625,188.1314697265625,False,False,-0.1234217579443505,-0.3946168337246639,0.1129805881296872,False,,False,caught
31,1787662355.9962645,1.5575687000527978,0.0456824004650116,21.890268239426376,0.0456824004650116,21.890268239426376,0.007568705826997757,True,0.008100200444459915,123.45373510898044,0.0379362003877759,0.758724007755518,31,30,-0.10171791108551947,-0.4052498109899241,0.113,-0.09860915771976443,-0.4069212658318643,0.113,1.8104159927148096,2.1632014033462497,0.018325227312743664,190,False,,False,,,,,False,False,False,,6.019759178161621,5.238547325134277,7.856954574584961,1.8607507944107056,,,3.8451004028320312,True,0.150164892,0.616798830561,2,1.0,-1.0,1.4142135381698608,0.1501648873090744,-0.1501648873090744,0.21236522495746613,0.1501648873090744,-0.1501648873090744,0.21236522495746613,0.14700327813625336,-0.15016478300094604,0.21014145016670227,0.14700327813625336,-0.15016478300094604,0.21014145016670227,0.147003173828125,-0.15016460418701172,0.21014122664928436,False,False,1.200900413095951,2.2927001118659973,0.980084240436554,-0.15560199320316315,0.9923593401908875,0.9274819493293762,-0.14415086805820465,864.7685546875,185.22242736816406,864.7685546875,185.22242736816406,False,False,-0.11794907511343224,-0.39723046657750954,0.11300601347001425,False,,False,caught
32,1787662356.0450206,1.603753199800849,0.04618449974805117,21.652286058207153,0.04618449974805117,21.652286058207153,0.0037532057613134384,True,0.008134199306368828,122.93773023449656,0.0412713997066021,0.8254279941320419,32,31,-0.09432485437493074,-0.4087648738961748,0.113,-0.09186847518824715,-0.40993277070811607,0.113,1.8524901734301764,2.1244746146074105,0.018974624574184418,196,False,,True,24,0.04189020022749901,0.06089229974895716,16.422437715815224,False,False,False,,6.166762351989746,5.088382720947266,8.013045310974121,1.836824655532837,,,3.7391698360443115,True,0.150164892,0.616798830561,2,1.0,-1.0,1.4142135381698608,0.1501648873090744,-0.1501648873090744,0.21236522495746613,0.1501648873090744,-0.14150728285312653,0.2063342034816742,0.14895331859588623,-0.1448247730731964,0.207752987742424,0.14895331859588623,-0.1448247730731964,0.207752987742424,0.14895343780517578,-0.14482498168945312,0.20775321125984192,False,False,1.9683996215462685,2.572399564087391,1.0,-0.16249306499958038,1.0131160020828247,0.980084240436554,-0.15560199320316315,881.9758911132812,182.2816619873047,881.9758911132812,182.2816619873047,False,False,-0.11100923404180107,-0.40071487034775777,0.1129699622282156,False,,False,caught
33,1787662356.1064873,1.6652379995211959,0.06148479972034693,16.26418244099889,0.06148479972034693,16.26418244099889,0.015238005667924881,True,0.008053799159824848,124.16500339223107,0.04951189924031496,0.9902379848062992,33,32,-0.08544534023143967,-0.4129938047736222,0.113,-0.08433534117973882,-0.41352244960574014,0.113,1.7686105668125693,1.891554991304447,0.019504321739077568,203,False,,True,25,0.04392139986157417,0.0850112996995449,11.763142117980738,False,False,False,,6.315715789794922,4.9435577392578125,8.22694206237793,1.8027516603469849,,,3.6766083240509033,True,0.150164892,0.616798830561,2,1.0,-1.0,1.4142135381698608,0.1501648873090744,-0.1501648873090744,0.21236522495746613,0.1501648873090744,-0.1501648873090744,0.21236522495746613,0.14970065653324127,-0.14811863005161285,0.21059301495552063,0.14970065653324127,-0.14811863005161285,0.21059301495552063,0.14970064163208008,-0.1481184959411621,0.21059291064739227,False,False,1.649799756705761,1.9929995760321617,1.0,-0.15128947794437408,1.0113794803619385,1.0,-0.16249306499958038,903.87890625,179.41529846191406,903.87890625,179.41529846191406,False,False,-0.10143833105037055,-0.40544268369509606,0.11294388558884792,False,,False,caught
34,1787662356.1501977,1.710946399718523,0.04570840019732714,21.87781667446056,0.04570840019732714,21.87781667446056,0.010946406051516533,True,0.008061199449002743,124.05101825432575,0.03691739961504936,0.7383479923009872,34,33,-0.07779712968340673,-0.41698408029835565,0.113,-0.07483254924725148,-0.41855366590051607,0.113,1.8094910152420791,2.1447790828773186,0.02032001968473196,209,False,,True,26,0.021352599374949932,0.05911350063979626,16.91660939001779,False,False,False,,6.465416431427002,4.79543924331665,8.391050338745117,1.7760695219039917,,,3.581153154373169,True,0.150164892,0.616798830561,2,0.6649959087371826,-1.0,1.2009243965148926,0.09985903650522232,-0.1501648873090744,0.18033669888973236,0.1501648873090744,-0.1501648873090744,0.21236522495746613,0.14998698234558105,-0.14938071370124817,0.21168535947799683,0.14998698234558105,-0.14938071370124817,0.21168535947799683,0.14998674392700195,-0.14938068389892578,0.2116851806640625,False,False,1.1792005971074104,1.5078000724315643,1.0,-0.1570216417312622,1.0122528076171875,1.0,-0.15128947794437408,920.68359375,176.25856018066406,920.68359375,176.25856018066406,False,False,-0.09406179837156367,-0.4090540302697034,0.112974851804435,False,,False,caught
35,1787662356.196381,1.756674099713564,0.045727699995040894,21.86858294006584,0.045727699995040894,21.86858294006584,0.006674106232821941,True,0.008045299910008907,124.29617431115665,0.03315289970487356,0.6630579940974712,35,34,-0.07185922665463648,-0.4199023540199615,0.113,-0.06726566706571749,-0.42215992949265313,0.113,1.7679944587891419,2.2798172400094514,0.020593217574059963,214,False,,False,,,,,False,False,False,,6.615403175354004,4.646058559417725,8.531575202941895,1.7547963857650757,,,3.4685890674591064,False,0.150164892,0.616798830561,2,1.0,-1.0,1.4142135381698608,0.1501648873090744,-0.1501648873090744,0.21236522495746613,0.1501648873090744,-0.1501648873090744,0.21236522495746613,0.15009662508964539,-0.14986437559127808,0.21210451424121857,0.15009662508964539,-0.14986437559127808,0.21210451424121857,0.15009641647338867,-0.14986419677734375,0.21210424602031708,False,False,1.7720991745591164,2.477400004863739,1.0,-0.17063498497009277,1.014453649520874,1.0,-0.1570216417312622,935.0733032226562,173.17312622070312,935.0733032226562,173.17312622070312,False,False,-0.08778383941433106,-0.41222210753941,0.11296896642688606,False,,False,caught
36,1787662356.2440805,1.8028229996562004,0.04614889994263649,21.66898888690758,0.04614889994263649,21.66898888690758,0.002823006361722946,True,0.008059000596404076,124.08486487098658,0.03526590019464493,0.7053180038928986,36,35,-0.0639959247096831,-0.42357145271088137,0.113,-0.06046846328153614,-0.42519781531767686,0.113,1.8023369054440803,2.1907639115083533,0.020843015983700752,220,False,,True,27,0.036670600064098835,0.06828119978308678,14.64531969527137,False,False,False,,6.765499591827393,4.496194362640381,8.697677612304688,1.7287002801895142,,,3.375253438949585,False,0.150164892,0.616798830561,2,1.0,-1.0,1.4142135381698608,0.1501648873090744,-0.1501648873090744,0.21236522495746613,0.09985903650522232,-0.1501648873090744,0.18033669888973236,0.11911006271839142,-0.15004965662956238,0.1915779411792755,0.11911006271839142,-0.15004965662956238,0.1915779411792755,0.119110107421875,-0.15004968643188477,0.1915779858827591,False,False,2.1407995373010635,1.7969999462366104,1.0,-0.175429105758667,1.0152710676193237,1.0,-0.17063498497009277,952.0822143554688,170.13681030273438,952.0822143554688,170.13681030273438,False,False,-0.08031971268346767,-0.41593117769258936,0.11295554885419264,False,,False,caught
37,1787662356.3035424,1.8642723001539707,0.06144930049777031,16.273578249052406,0.06144930049777031,16.273578249052406,0.01427230704575777,True,0.00804550014436245,124.29308085970374,0.05285590048879385,1.0,37,36,-0.05298890053719861,-0.42876265133009384,0.113,-0.05287268071394025,-0.4288176504165589,0.113,1.8879244723178419,1.9007815992176955,0.021293412894010544,228,False,,True,28,0.03434830065816641,0.07687770016491413,13.007673198532876,False,False,False,,6.884609699249268,4.346144676208496,8.9221773147583,1.6908297538757324,,,3.3469955921173096,False,0.150164892,0.616798830561,2,1.0,-1.0,1.4142135381698608,0.1501648873090744,-0.1501648873090744,0.21236522495746613,0.1501648873090744,-0.1501648873090744,0.21236522495746613,0.13826465606689453,-0.15012075006961823,0.20409154891967773,0.13826465606689453,-0.15012075006961823,0.20409154891967773,0.13826465606689453,-0.15012073516845703,0.20409151911735535,False,False,1.213500276207924,1.8554991111159325,1.0,-0.1484495848417282,1.0109585523605347,1.0,-0.175429105758667,975.0709838867188,167.8644561767578,975.0709838867188,167.8644561767578,False,False,-0.07012523808172846,-0.4208398716755654,0.11296285941051548,False,,False,caught
38,1787662356.349258,1.9100019000470638,0.04572959989309311,21.867674380222113,0.04572959989309311,21.867674380222113,0.010001907125115395,True,0.00805989932268858,124.07102867712064,0.032355399802327156,0.6471079960465431,38,37,-0.0473299284922292,-0.4317991476798377,0.113,-0.042898047680754885,-0.43417721030315537,0.113,1.6604673723054817,2.1629931296123894,0.021604410372674465,233,False,,True,29,0.015409099869430065,0.06345099955797195,15.760193014553709,False,False,False,,7.022874355316162,4.196023941040039,9.09431266784668,1.662617802619934,,,3.272461414337158,False,0.150164892,0.616798830561,2,0.08714652061462402,-1.0,1.003790020942688,0.013086347840726376,-0.1501648873090744,0.15073402225971222,0.1501648873090744,-0.1501648873090744,0.21236522495746613,0.1456046998500824,-0.15014797449111938,0.20915339887142181,0.1456046998500824,-0.15014797449111938,0.20915339887142181,0.14560461044311523,-0.1501479148864746,0.20915329456329346,False,False,1.1714007705450058,1.574200578033924,1.0,-0.14337489008903503,1.0102258920669556,1.0,-0.1484495848417282,992.6976318359375,165.22694396972656,992.6976318359375,165.22694396972656,False,False,-0.06231644379691404,-0.42464940117914235,0.11297404913586971,False,,False,caught
39,1787662356.3955047,1.955761100165546,0.04575920011848211,21.85352885126374,0.04575920011848211,21.85352885126374,0.005761107429862022,True,0.008046300150454044,124.28072297844507,0.03531180042773485,0.706236008554697,39,38,-0.03967319629906482,-0.4359885394224956,0.113,-0.03557643782606085,-0.4382398600255177,0.113,1.8209393144942705,2.288118601201306,0.021925308741629124,239,False,,False,,,,,False,False,False,,7.168478965759277,4.0458760261535645,9.235278129577637,1.641073226928711,,,3.1709201335906982,False,0.150164892,0.616798830561,2,1.0,-1.0,1.4142135381698608,0.1501648873090744,-0.1501648873090744,0.21236522495746613,0.1501648873090744,-0.1501648873090744,0.21236522495746613,0.1484173834323883,-0.15015839040279388,0.21112854778766632,0.1484173834323883,-0.15015839040279388,0.21112854778766632,0.14841747283935547,-0.15015840530395508,0.2111286222934723,False,False,1.6277991235256195,2.6194993406534195,1.0,-0.15184727311134338,1.0114630460739136,1.0,-0.14337489008903503,1007.132568359375,162.4363250732422,1007.132568359375,162.4363250732422,False,False,-0.055959796254617555,-0.42784437119793534,0.11296558307191282,False,,False,caught
40,1787662356.441257,2.001936299726367,0.046175199560821056,21.656647064033148,0.046175199560821056,21.656647064033148,0.0019363071769475937,True,0.008054199628531933,124.15882969395352,0.038101499900221825,0.7620299980044365,40,39,-0.03147135084181979,-0.43999620822285523,0.113,-0.028722223823655385,-0.4413049848363126,0.113,1.8698401251145906,2.1743048483365994,0.02276980597525835,245,False,,True,30,0.027967999689280987,0.06466960068792105,15.463215937048139,False,False,False,,7.316896438598633,3.8957176208496094,9.406448364257812,1.6165357828140259,,,3.0920701026916504,False,0.150164892,0.616798830561,2,1.0,-1.0,1.4142135381698608,0.1501648873090744,-0.1501648873090744,0.21236522495746613,0.013086347840726376,-0.1501648873090744,0.15073402225971222,0.06494539231061935,-0.15016239881515503,0.16360516846179962,0.06494539231061935,-0.15016239881515503,0.16360516846179962,0.06494522094726562,-0.1501624584197998,0.16360515356063843,False,False,1.1940998956561089,1.6903001815080643,1.0,-0.1477912813425064,1.010862112045288,1.0,-0.15184727311134338,1024.660400390625,160.11984252929688,1024.660400390625,160.11984252929688,False,False,-0.048279287297889655,-0.4318034243158216,0.1129578895473453,False,,False,caught
41,1787662356.5027587,2.063532999716699,0.06159669999033213,16.234635948954317,0.06159669999033213,16.234635948954317,0.013533007353544235,True,0.008034399710595608,124.46480583748152,0.048802600242197514,0.9760520048439503,41,40,-0.022902768368036928,-0.4445663386950644,0.113,-0.021374134680169094,-0.4453816492110273,0.113,1.701863983122875,1.8750508295144106,0.023154803551733494,252,False,,True,31,0.023793299682438374,0.07970369979739189,12.546469016394676,False,False,False,,7.381841659545898,3.7455551624298096,9.631336212158203,1.5833052396774292,,,3.1201846599578857,False,0.150164892,0.616798830561,2,0.8240573406219482,-1.0,1.2957894802093506,0.12374448031187057,-0.1501648873090744,0.19458208978176117,0.1501648873090744,-0.1501648873090744,0.21236522495746613,0.11750861257314682,-0.15016396343708038,0.19067639112472534,0.11750861257314682,-0.15016396343708038,0.19067639112472534,0.1175084114074707,-0.15016388893127441,0.1906762272119522,False,False,1.106400042772293,1.558699645102024,0.9887685179710388,-0.11673668026924133,0.9956358075141907,1.0,-0.1477912813425064,1046.9986572265625,158.58999633789062,1046.9986572265625,158.58999633789062,False,False,-0.038133203090572686,-0.43697260845723357,0.11294324665017304,False,,False,caught
42,1787662356.5485678,2.109348099678755,0.04581509996205568,21.826864959984928,0.04581509996205568,21.826864959984928,0.009348107501864433,True,0.008108400739729404,123.32888224187255,0.03562219999730587,0.7124439999461174,42,41,-0.015372366966954468,-0.4489400416278648,0.113,-0.012028324524944418,-0.45091889043666256,0.113,1.8565229225497384,2.2447426946564377,0.02364120166748762,258,False,,True,32,0.007025599479675293,0.06544339936226606,15.28037983577896,False,False,False,,7.499350070953369,3.595391273498535,9.772324562072754,1.5628790855407715,,,3.0491833686828613,False,0.150164892,0.616798830561,2,1.0,-1.0,1.4142135381698608,0.1501648873090744,-0.1501648873090744,0.21236522495746613,0.1501648873090744,-0.1501648873090744,0.21236522495746613,0.13765089213848114,-0.15016451478004456,0.2037084847688675,0.13765089213848114,-0.15016451478004456,0.2037084847688675,0.1376509666442871,-0.15016460418701172,0.20370860397815704,False,False,1.1625001206994057,1.684499904513359,0.938378632068634,-0.12082807719707489,0.9461257457733154,0.9887685179710388,-0.11673668026924133,1058.340087890625,156.19204711914062,1058.340087890625,156.19204711914062,False,False,-0.031772002919829456,-0.4402383610368384,0.11297922260396608,False,,False,caught
43,1787662356.59478,2.155039300210774,0.04569120053201914,21.88605220165374,0.04569120053201914,21.88605220165374,0.0050393082201480865,True,0.00803190004080534,124.50354149324453,0.03797159995883703,0.7594319991767406,43,42,-0.0084074745634103,-0.4526427054521227,0.113,-0.006637369249676135,-0.45355749540122703,0.113,1.8362206126813108,2.035467141239957,0.023941499181091785,264,False,,False,,,,,False,False,False,,7.637001037597656,3.4452266693115234,9.93210220336914,1.5430285930633545,,,2.9809138774871826,False,0.150164892,0.616798830561,2,1.0,-1.0,1.4142135381698608,0.1501648873090744,-0.1501648873090744,0.21236522495746613,0.12374448031187057,-0.1501648873090744,0.19458208978176117,0.12907345592975616,-0.15016478300094604,0.19801367819309235,0.12907345592975616,-0.15016478300094604,0.19801367819309235,0.1290736198425293,-0.15016484260559082,0.19801382720470428,False,False,1.1571003124117851,1.662200316786766,0.9367920160293579,-0.11567981541156769,0.9439073801040649,0.938378632068634,-0.12082807719707489,1074.603759765625,154.43545532226562,1074.603759765625,154.43545532226562,False,False,-0.0246577476304943,-0.4440929112646953,0.11298392388698582,False,,False,caught
44,1787662356.6404505,2.2012331997975707,0.04619389958679676,21.647880108520262,0.04619389958679676,21.647880108520262,0.001233207993209362,True,0.008100800216197968,123.44459476984119,0.034048800356686115,0.6809760071337223,44,43,-0.0024851172433161426,-0.4558352210314189,0.113,0.00035326598789897363,-0.45736528451727476,0.113,1.7140706720984746,2.036505807303892,0.02459979709237814,269,False,,True,33,0.018966699950397015,0.06258290074765682,15.97880552121006,False,False,False,,7.7660746574401855,3.2950618267059326,10.088752746582031,1.5232247114181519,,,2.921342372894287,False,0.150164892,0.616798830561,2,1.0,0.24439239501953125,1.0294307470321655,0.1501648873090744,0.03669915720820427,0.1545843482017517,0.1501648873090744,-0.1501648873090744,0.21236522495746613,0.14208269119262695,-0.1501648724079132,0.2067292481660843,0.14208269119262695,-0.1501648724079132,0.2067292481660843,0.14208269119262695,-0.15016484260559082,0.2067292183637619,False,False,1.34970061480999,1.7080996185541153,0.9024783968925476,-0.10194209218025208,0.90821772813797,0.9367920160293579,-0.11567981541156769,1088.5364990234375,153.22384643554688,1088.5364990234375,153.22384643554688,False,False,-0.01765917858046179,-0.44786344485566426,0.11295026032746093,False,,False,caught
45,1787662356.7018776,2.2626352002844214,0.06140200048685074,16.286114329681332,0.06140200048685074,16.286114329681332,0.012635208666324615,True,0.00810300000011921,123.41108231337631,0.05205980036407709,1.0,45,44,0.006244377483745488,-0.4610219457316961,0.113,0.006244377483745488,-0.4610219457316961,0.113,1.6546086656918917,1.6546086656918917,0.025856394320726395,277,False,,True,34,0.011664300225675106,0.0802913997322321,12.454634037206366,False,False,False,,7.9081573486328125,3.144896984100342,10.300177574157715,1.4980508089065552,,,2.904111385345459,False,0.150164892,0.616798830561,2,1.0,-1.0,1.4142135381698608,0.1501648873090744,-0.1501648873090744,0.21236522495746613,0.1501648873090744,-0.1501648873090744,0.21236522495746613,0.14706778526306152,-0.1501648724079132,0.21018663048744202,0.14706778526306152,-0.1501648724079132,0.21018663048744202,0.14706802368164062,-0.15016484260559082,0.21018679440021515,False,False,1.16060022264719,1.751200295984745,0.8828737735748291,-0.0704447478055954,0.8856797218322754,0.9024783968925476,-0.10194209218025208,1108.98193359375,152.566162109375,1108.98193359375,152.566162109375,False,False,-0.008244766206135217,-0.45303237779672956,0.11293289556784246,False,,False,caught
46,1787662356.746585,2.3083340004086494,0.045698800124228,21.882412607805712,0.045698800124228,21.882412607805712,0.008334008976817131,True,0.008093900047242641,123.5498331043353,0.03077120054513216,0.6154240109026432,46,45,0.011346363408091227,-0.46435261489351365,0.113,0.014539465475402842,-0.46643712997133496,0.113,1.6241362168353306,2.005062652063623,0.026202992536127567,282,False,,False,,,,,False,False,False,,8.055225372314453,2.994732141494751,10.425848960876465,1.484557867050171,,,2.8107798099517822,False,0.150164892,0.616798830561,2,1.0,-1.0,1.4142135381698608,0.1501648873090744,-0.1501648873090744,0.21236522495746613,0.1501648873090744,0.03669915720820427,0.1545843482017517,0.14897817373275757,-0.034907348453998566,0.15301313996315002,0.14897817373275757,-0.034907348453998566,0.15301313996315002,0.14897823333740234,-0.03490734100341797,0.1530131846666336,False,False,1.3875002041459084,1.6323002055287361,0.8251299262046814,-0.058785330504179,0.8272213339805603,0.8828737735748291,-0.0704447478055954,1118.3028564453125,151.88523864746094,1118.3028564453125,151.88523864746094,False,False,-0.002686529079991413,-0.4561761907459848,0.11292343851334316,False,,False,caught
47,1787662356.792713,2.354018399491906,0.04568439908325672,21.88931057575186,0.04568439908325672,21.88931057575186,0.0040184082463383675,True,0.008038199506700039,124.40596916840335,0.034545499831438065,0.6909099966287613,47,46,0.01694548955798455,-0.4677895223174773,0.113,0.01885097760457583,-0.46893579769123883,0.113,1.5242278826145386,1.746593504251849,0.026576589792966843,288,False,,True,35,0.04316969960927963,0.06835890002548695,14.628673071497051,False,False,False,,8.204203605651855,2.959824800491333,10.574849128723145,1.4709850549697876,,,2.79939341545105,False,0.150164892,0.616798830561,2,1.0,-1.0,1.4142135381698608,0.1501648873090744,-0.1501648873090744,0.21236522495746613,0.1501648873090744,-0.1501648873090744,0.21236522495746613,0.14971016347408295,-0.10599806159734726,0.18343587219715118,0.14971016347408295,-0.10599806159734726,0.18343587219715118,0.14970970153808594,-0.10599803924560547,0.18343549966812134,False,False,1.19089987128973,1.5922999009490013,0.7967909574508667,-0.011529002338647842,0.7968743443489075,0.8251299262046814,-0.058785330504179,1131.8194580078125,153.43429565429688,1131.8194580078125,153.43429565429688,False,False,0.0038336089657401142,-0.4600174249220919,0.11298762157814207,False,,False,caught
48,1787662356.8420877,2.4008457995951176,0.0468274001032114,21.355018595863076,0.0468274001032114,21.355018595863076,0.0008458085358142853,False,0.008100300095975399,123.45221635638485,0.036654300056397915,0.7330860011279583,48,47,0.021954775810654872,-0.4722025733004982,0.113,0.023418211246473208,-0.4735925285751732,0.113,1.4623505766989575,1.6622447895554548,0.02693458739668131,294,False,,True,36,0.010531599633395672,0.060194600373506546,16.61278576143069,False,False,False,,8.353913307189941,2.8538267612457275,10.717095375061035,1.4605731964111328,,,2.743316411972046,False,0.150164892,0.616798830561,2,0.43964433670043945,-0.8213598728179932,0.931621789932251,0.06601914018392563,-0.12333941459655762,0.13989688456058502,0.1501648873090744,-0.1501648873090744,0.21236522495746613,0.14999046921730042,-0.13324010372161865,0.20062419772148132,0.14999046921730042,-0.13324010372161865,0.20062419772148132,0.14999008178710938,-0.1332399845123291,0.20062382519245148,False,False,1.9092997536063194,2.4121999740600586,0.745206892490387,0.02026677504181862,0.7454824447631836,0.7967909574508667,-0.011529002338647842,1143.2161865234375,154.34243774414062,1143.2161865234375,154.34243774414062,False,False,0.009983861399225148,-0.4638037730259236,0.11293455522016566,False,,False,caught
49,1787662356.9012005,2.4619081001728773,0.06106230057775974,16.376716739104037,0.06106230057775974,16.376716739104037,0.011908109299838543,True,0.008060299791395664,124.06486432024474,0.052392199635505676,1.0,49,48,0.027905521930723338,-0.47753446301121594,0.113,0.027905521930723338,-0.47753446301121594,0.113,1.3483655532832242,1.3483655532832242,0.02767498418688774,302,False,,True,38,0.009038800373673439,0.02773409988731146,36.05669569458452,False,False,False,,8.50390338897705,2.7205867767333984,10.896613121032715,1.4611750841140747,,,2.703918933868408,False,0.150164892,0.616798830561,2,1.0,-0.9614318609237671,1.3872098922729492,0.1501648873090744,-0.1443733125925064,0.20831021666526794,0.1501648873090744,-0.1501648873090744,0.21236522495746613,0.15009790658950806,-0.14367924630641937,0.20778138935565948,0.15009790658950806,-0.14367924630641937,0.20778138935565948,0.15009784698486328,-0.14367914199829102,0.20778128504753113,False,False,1.1056996881961823,1.4796005561947823,0.7009469866752625,0.04726134613156319,0.7025384902954102,0.745206892490387,0.02026677504181862,1158.87939453125,156.10293579101562,1158.87939453125,156.10293579101562,False,False,0.017303893768345655,-0.46920321464016523,0.1129310985150893,False,,False,caught
50,1787662356.946899,2.5076730996370316,0.04576499946415424,21.850759569728762,0.04576499946415424,21.850759569728762,0.007673108950257301,True,0.008084599860012531,123.69195969068653,0.033497799187898636,0.6699559837579727,50,49,0.0315075345990488,-0.48105249159194247,0.113,0.03328201345501834,-0.48278559691555534,0.113,1.3213714869769366,1.5689101249881832,0.027943582274019718,307,False,,False,,,,,False,False,False,,8.654001235961914,2.5769076347351074,11.00074291229248,1.4650182723999023,,,2.5968239307403564,False,0.150164892,0.616798830561,2,1.0,-1.0,1.4142135381698608,0.1501648873090744,-0.1501648873090744,0.21236522495746613,0.06601914018392563,-0.12333941459655762,0.13989688456058502,0.09823819994926453,-0.13113361597061157,0.1638498455286026,0.09823819994926453,-0.13113361597061157,0.1638498455286026,0.09823799133300781,-0.1311335563659668,0.16384965181350708,False,False,1.657300628721714,2.2217007353901863,0.635890007019043,0.06884486973285675,0.6396058797836304,0.7009469866752625,0.04726134613156319,1165.5450439453125,157.86288452148438,1165.5450439453125,157.86288452148438,False,False,0.021439521542030826,-0.4724949460378098,0.11292392219624937,False,,False,caught
51,1787662356.9930582,2.55381799954921,0.046144899912178516,21.67086724433616,0.046144899912178516,21.67086724433616,0.0038180090487003326,True,0.008034700527787209,124.46014590607328,0.03607519995421171,0.7215039990842342,51,50,0.03482711819218654,-0.484330050416389,0.113,0.035771636682964444,-0.4852662008621408,0.113,1.1687300187772203,1.3015634575021393,0.028394680470228195,313,False,,True,39,0.03748699929565191,0.03514649998396635,28.45233523839343,False,False,False,,8.752239227294922,2.4457740783691406,11.122197151184082,1.4737112522125244,,,2.56156325340271,False,0.150164892,0.616798830561,2,1.0,-1.0,1.4142135381698608,0.1501648873090744,-0.1501648873090744,0.21236522495746613,0.1501648873090744,-0.1443733125925064,0.20831021666526794,0.1302664428949356,-0.13929982483386993,0.1907191276550293,0.1302664428949356,-0.13929982483386993,0.1907191276550293,0.1302661895751953,-0.13929986953735352,0.19071899354457855,False,False,1.146099530160427,1.6206000000238419,0.6066767573356628,0.08405666053295135,0.6124722361564636,0.635890007019043,0.06884486973285675,1176.187255859375,159.7304229736328,1176.187255859375,159.7304229736328,False,False,0.02612793790059476,-0.4765256469355379,0.1129076190411364,False,,False,caught
52,1787662357.0540164,2.6147819999605417,0.060964000411331654,16.403123043974745,0.060964000411331654,16.403123043974745,0.014782009646296501,True,0.008030799217522144,124.52060783914656,0.05504109989851713,1.0,52,51,0.03954969709559214,-0.48934853667824657,0.113,0.03954969709559214,-0.48934853667824657,0.113,1.1114166613514525,1.1114166613514525,0.029070776887238026,321,False,,True,40,0.018155699595808983,0.06344239972531796,15.762329362218782,False,False,False,,8.882505416870117,2.306474208831787,11.267970085144043,1.4887958765029907,,,2.5217134952545166,False,0.150164892,0.616798830561,2,1.0,-1.0,1.4142135381698608,0.1501648873090744,-0.1501648873090744,0.21236522495746613,0.1501648873090744,-0.1501648873090744,0.21236522495746613,0.14253968000411987,-0.146001398563385,0.20404404401779175,0.14253968000411987,-0.146001398563385,0.20404404401779175,0.14253997802734375,-0.14600133895874023,0.20404420793056488,False,False,1.1766999959945679,1.5603993088006973,0.6078266501426697,0.10317389667034149,0.6165209412574768,0.6066767573356628,0.08405666053295135,1191.1849365234375,162.5133819580078,1191.1849365234375,162.5133819580078,False,False,0.03160621246112547,-0.48157559166126523,0.11291587427303229,False,,False,caught
53,1787662357.098255,2.6599714001640677,0.04518940020352602,22.12908326944274,0.04518940020352602,22.12908326944274,0.009971410036087036,True,0.008117600344121456,123.18911471469184,0.03426400013267994,0.6852800026535988,53,52,0.043023173440405627,-0.4932454760589989,0.113,0.04461839358660778,-0.49503517479064185,0.113,1.1895536859212448,1.429101217319056,0.02953107561916113,326,False,,False,,,,,False,False,False,,9.025045394897461,2.160472869873047,11.35407543182373,1.501401662826538,,,2.4204866886138916,False,0.150164892,0.616798830561,2,1.0,-1.0,1.4142135381698608,0.1501648873090744,-0.1501648873090744,0.21236522495746613,0.1501648873090744,-0.1501648873090744,0.21236522495746613,0.14724302291870117,-0.14856940507888794,0.2091730833053589,0.14724302291870117,-0.14856940507888794,0.2091730833053589,0.14724349975585938,-0.14856934547424316,0.20917336642742157,False,False,1.195400021970272,1.898900605738163,0.579995334148407,0.12740550935268402,0.5938238501548767,0.6078266501426697,0.10317389667034149,1198.2923583984375,165.358154296875,1198.2923583984375,165.358154296875,False,False,0.034721726170539174,-0.48472554739551443,0.11297579331404514,False,,False,caught
54,1787662357.1439698,2.7056745002046227,0.045703100040555,21.880353829666745,0.045703100040555,21.880353829666745,0.005674510262906551,True,0.00808779988437891,123.6430196463489,0.038162900134921074,0.7632580026984215,54,53,0.045851580404375473,-0.4973739244354876,0.113,0.04647459258179923,-0.49836917380293594,0.113,1.1220810973554465,1.2383450956948798,0.029910973273217678,332,False,,True,41,0.041503299959003925,0.07999559957534075,12.500687604174887,False,False,False,,9.17228889465332,2.0119035243988037,11.462937355041504,1.5202524662017822,,,2.3428168296813965,False,0.150164892,0.616798830561,2,1.0,-1.0,1.4142135381698608,0.1501648873090744,-0.1501648873090744,0.21236522495746613,0.1501648873090744,-0.1501648873090744,0.21236522495746613,0.1490454077720642,-0.14955347776412964,0.21114160120487213,0.1490454077720642,-0.14955347776412964,0.21114160120487213,0.14904499053955078,-0.14955353736877441,0.21114134788513184,False,False,1.089499332010746,1.57919991761446,0.5857840180397034,0.1589267998933792,0.6069601774215698,0.579995334148407,0.12740550935268402,1209.7952880859375,169.31578063964844,1209.7952880859375,169.31578063964844,False,False,0.038565923860122045,-0.4888401396963683,0.11298195423063831,False,,False,caught
55,1787662357.1907,2.7514736000448465,0.04579909984022379,21.83449027357813,0.04579909984022379,21.83449027357813,0.0014736102893948555,True,0.00807270035147667,123.87428697475171,0.032875100150704384,0.6575020030140877,55,54,0.04832927818740064,-0.5012744524352206,0.113,0.0496199305716252,-0.5033062683399205,0.113,1.0604893322962705,1.3006105370531535,0.03072557132691145,337,False,,True,42,0.011163599789142609,0.06787150073796511,14.733724599088356,False,False,False,,9.321333885192871,1.8623499870300293,11.562856674194336,1.5413634777069092,,,2.2643887996673584,False,0.150164892,0.616798830561,2,1.0,-1.0,1.4142135381698608,0.1501648873090744,-0.1501648873090744,0.21236522495746613,0.1501648873090744,-0.1501648873090744,0.21236522495746613,0.14973574876785278,-0.14993062615394592,0.2118961662054062,0.14973574876785278,-0.14993062615394592,0.2118961662054062,0.1497354507446289,-0.14993059635162354,0.21189594268798828,False,False,1.111900433897972,1.6468996182084084,0.5575478076934814,0.1764552742242813,0.5848042368888855,0.5857840180397034,0.1589267998933792,1218.2923583984375,172.63040161132812,1218.2923583984375,172.63040161132812,False,False,0.0419693176307526,-0.49278845759713924,0.11294944589674098,False,,False,caught
56,1787662357.2521133,2.812890799716115,0.06141719967126846,16.282083933367762,0.06141719967126846,16.282083933367762,0.012890810146927834,True,0.008043299429118633,124.32708850546643,0.05137899983674288,1.0,56,55,0.05228119163323424,-0.5072312060446506,0.113,0.05228119163323424,-0.5072312060446506,0.113,1.13540915198818,1.13540915198818,0.03127946797758341,345,False,,True,43,0.008027799427509308,0.07580829970538616,13.191167773005073,False,False,False,,9.4710693359375,1.7124193906784058,11.682693481445312,1.576417088508606,,,2.21580171585083,False,0.150164892,0.616798830561,2,1.0,-1.0,1.4142135381698608,0.1501648873090744,-0.1501648873090744,0.21236522495746613,0.1501648873090744,-0.1501648873090744,0.21236522495746613,0.15000033378601074,-0.15007510781288147,0.21218538284301758,0.15000033378601074,-0.15007510781288147,0.21218538284301758,0.15000057220458984,-0.15007507801055908,0.2121855467557907,False,False,1.1459002271294594,1.5484998002648354,0.5277212858200073,0.1871403306722641,0.5599207878112793,0.5575478076934814,0.1764552742242813,1228.73095703125,176.97589111328125,1228.73095703125,176.97589111328125,False,False,0.04572799686862352,-0.49795921967123347,0.11296392632402508,False,,False,caught
57,1787662357.2993758,2.8586600003764033,0.045769200660288334,21.84875386883587,0.045769200660288334,21.84875386883587,0.008660010993480682,True,0.00804660003632307,124.27609120447279,0.03832400031387806,0.7664800062775612,57,56,0.054384788655508526,-0.5107910003460328,0.113,0.05502568203747907,-0.5118755467609472,0.113,1.0450815118651504,1.170906504139154,0.03157656639814377,351,False,,False,,,,,False,False,False,,9.62106990814209,1.5623443126678467,11.776396751403809,1.6055433750152588,,,2.155759811401367,False,0.150164892,0.616798830561,2,1.0,-1.0,1.4142135381698608,0.1501648873090744,-0.1501648873090744,0.21236522495746613,0.1501648873090744,-0.1501648873090744,0.21236522495746613,0.1501019299030304,-0.1501304805278778,0.21229636669158936,0.1501019299030304,-0.1501304805278778,0.21229636669158936,0.1501016616821289,-0.1501305103302002,0.21229620277881622,False,False,1.9839005544781685,2.61049997061491,0.4717699885368347,0.20603632926940918,0.5147988796234131,0.5277212858200073,0.1871403306722641,1234.8885498046875,181.21652221679688,1234.8885498046875,181.21652221679688,False,False,0.04861069234056192,-0.5020802057889289,0.11296249568179181,False,,False,caught
58,1787662357.3442197,2.9049800001084805,0.04631999973207712,21.588946584286976,0.04631999973207712,21.588946584286976,0.004980010911822319,True,0.008055600337684155,124.13724093560018,0.03186959959566593,0.6373919919133186,58,57,0.05547262981724291,-0.5142299649036848,0.113,0.055840565896470525,-0.5157617354596207,0.113,0.9318870385937804,1.0854350661709338,0.0317958639934659,356,False,,True,44,0.03595690056681633,0.06454879976809025,15.492154828482974,False,False,False,,9.771171569824219,1.4122138023376465,11.862293243408203,1.6345363855361938,,,2.1029069423675537,False,0.150164892,0.616798830561,2,1.0,-1.0,1.4142135381698608,0.1501648873090744,-0.1501648873090744,0.21236522495746613,0.1501648873090744,-0.1501648873090744,0.21236522495746613,0.1501406580209732,-0.15015171468257904,0.21233877539634705,0.1501406580209732,-0.15015171468257904,0.21233877539634705,0.15014076232910156,-0.15015172958374023,0.2123388648033142,False,False,1.1591995134949684,1.6053002327680588,0.4028301239013672,0.22724200785160065,0.46250519156455994,0.4717699885368347,0.20603632926940918,1239.44873046875,185.58840942382812,1239.44873046875,185.58840942382812,False,False,0.05117720770469164,-0.5059607749184738,0.11289421184659577,False,,False,caught
59,1787662357.389952,2.950714699923992,0.045734699815511703,21.865235893837287,0.045734699815511703,21.865235893837287,0.0007147109135985374,False,0.00804859958589077,124.24521673969275,0.03489449992775917,0.6978899985551834,59,58,0.05628984425953412,-0.5177151230170375,0.113,0.05657274514502936,-0.5189288000396878,0.113,0.8491222256587873,0.9725050059788992,0.032142361626029015,362,False,,True,45,0.0018427995964884758,0.06449140049517155,15.505943309059782,False,False,False,,9.92131233215332,1.2620620727539062,11.938638687133789,1.6697415113449097,,,2.058107852935791,False,0.150164892,0.616798830561,2,1.0,0.12594693899154663,1.0079001188278198,0.1501648873090744,0.01891280710697174,0.1513512134552002,0.1501648873090744,-0.1501648873090744,0.21236522495746613,0.15015564858913422,-0.15015985071659088,0.2123551219701767,0.15015564858913422,-0.15015985071659088,0.2123551219701767,0.15015602111816406,-0.1501598358154297,0.21235539019107819,False,False,1.1066999286413193,1.7820000648498535,0.3224503993988037,0.24479128420352936,0.40484198927879333,0.4028301239013672,0.22724200785160065,1242.327880859375,190.38137817382812,1242.327880859375,190.38137817382812,False,False,0.05314269576305855,-0.5098291550543133,0.11291156334022653,False,,False,caught
60,1787662357.4503782,3.0121702002361417,0.061455500312149525,16.271936521885312,0.061455500312149525,16.271936521885312,0.012170211412012577,True,0.00804280024021864,124.33480505948953,0.05373209994286299,1.0,60,59,0.05618020140728313,-0.5219259352896437,0.113,0.05618020140728313,-0.5219259352896437,0.113,0.791121836359513,0.791121836359513,0.03298525884747505,370,False,,False,,,,,False,False,False,,10.071468353271484,1.1119022369384766,12.01406478881836,1.7158715724945068,,,2.03432035446167,False,0.150164892,0.616798830561,2,0.8514150381088257,-1.0,1.3133573532104492,0.1278526484966278,-0.1501648873090744,0.19722016155719757,0.1501648873090744,-0.1501648873090744,0.21236522495746613,0.1501614898443222,-0.1501629501581192,0.21236145496368408,0.1501614898443222,-0.1501629501581192,0.21236145496368408,0.1501617431640625,-0.150162935256958,0.21236161887645721,False,False,1.204199157655239,2.266800031065941,0.293895959854126,0.2684922218322754,0.3980740010738373,0.3224503993988037,0.24479128420352936,1248.297119140625,196.70614624023438,1248.297119140625,196.70614624023438,False,False,0.054704140546133415,-0.5141539933220292,0.11292557968893853,False,,False,caught
61,1787662357.4995952,3.0578811997547746,0.04571099951863289,21.876572609014517,0.04571099951863289,21.876572609014517,0.00788121111690998,True,0.008043100126087666,124.33016925358372,0.04124240018427372,0.8248480036854744,61,60,0.05658797400078668,-0.5254757007619724,0.113,0.056674562297630925,-0.526229474191924,0.113,0.7939043734185818,0.8697471046618542,0.03346235677599907,376,False,,True,46,0.044921400025486946,0.07951779942959547,12.575800728557551,False,False,False,,10.221630096435547,0.9617393016815186,12.06673812866211,1.7581125497817993,,,2.0096354484558105,False,0.150164892,0.616798830561,2,-0.2532263994216919,0.1599152386188507,0.2994937300682068,-0.038025714457035065,0.02401365339756012,0.04497344046831131,0.1501648873090744,0.01891280710697174,0.1513512134552002,0.1501636803150177,-0.04587721824645996,0.15701544284820557,0.1501636803150177,-0.04587721824645996,0.15701544284820557,0.1501636505126953,-0.04587721824645996,0.15701541304588318,False,False,1.780499704182148,2.45050061494112,0.27518242597579956,0.2903730869293213,0.40005236864089966,0.293895959854126,0.2684922218322754,1252.5411376953125,202.5088653564453,1252.5411376953125,202.5088653564453,False,False,0.05545829198480645,-0.5176177156417734,0.11293439659446772,False,,False,caught
62,1787662357.5432339,3.104012900032103,0.04613170027732849,21.677067916168955,0.04613170027732849,21.677067916168955,0.004012911580502987,True,0.008047100156545639,124.26836755431509,0.03330549970269203,0.6661099940538406,62,61,0.05643916300763201,-0.5284489807061588,0.113,0.05636457096752931,-0.5299393478633939,0.113,0.7491411204264585,0.8974998833356327,0.03368935454636812,381,False,,True,47,0.027058600448071957,0.0644140001386404,15.52457536944867,False,False,False,,10.371793746948242,0.9158620834350586,12.113870620727539,1.8017642498016357,,,1.9543936252593994,False,0.150164892,0.616798830561,2,1.0,0.03756283223628998,1.0007052421569824,0.1501648873090744,0.0056406185030937195,0.15027078986167908,0.1278526484966278,-0.1501648873090744,0.19722016155719757,0.13640224933624268,-0.11020173132419586,0.17535676062107086,0.13640224933624268,-0.11020173132419586,0.17535676062107086,0.13640213012695312,-0.11020171642303467,0.1753566712141037,False,False,1.1075995862483978,1.6252994537353516,0.2661622166633606,0.30743658542633057,0.4066443145275116,0.27518242597579956,0.2903730869293213,1256.8133544921875,208.156494140625,1256.8133544921875,208.156494140625,False,False,0.05593672283843075,-0.5209751310718904,0.11289817980504337,False,,False,caught
63,1787662357.6046703,3.165448199957609,0.061435299925506115,16.27728685645807,0.061435299925506115,16.27728685645807,0.015448211692273617,True,0.008042899891734123,124.33326455147396,0.053857600316405296,1.0,63,62,0.05605479695604223,-0.5336466207375893,0.113,0.05605479695604223,-0.5336466207375893,0.113,0.847542067922411,0.847542067922411,0.03443185146898031,389,False,,True,48,0.006003900431096554,0.06366810016334057,15.706452641660409,False,False,False,,10.508195877075195,0.8056603670120239,12.167243003845215,1.8601919412612915,,,1.9658266305923462,False,0.150164892,0.616798830561,2,1.0,-0.3017862141132355,1.044545292854309,0.1501648873090744,-0.045317694544792175,0.1568540334701538,-0.038025714457035065,0.02401365339756012,0.04497344046831131,0.028815243393182755,-0.027417834848165512,0.0397750660777092,0.028815239667892456,-0.02741783857345581,0.0397750660777092,0.028815269470214844,-0.02741783857345581,0.03977508842945099,False,False,1.174100674688816,1.5367008745670319,0.25940829515457153,0.3238993287086487,0.41497403383255005,0.2661622166633606,0.30743658542633057,1261.86376953125,215.31491088867188,1261.86376953125,215.31491088867188,False,False,0.05617672275141311,-0.5251729554298241,0.11287799163053325,False,,False,caught
64,1787662357.6504335,3.2111066998913884,0.04565849993377924,21.901726982935248,0.04565849993377924,21.901726982935248,0.011106711812317371,True,0.008084500208497047,123.69348434785995,0.03276380058377981,0.6552760116755962,64,63,0.055905895551576545,-0.5365432497277184,0.113,0.05582756232237247,-0.5380670923228715,0.113,0.7715613850448291,0.92411181780156,0.03467844985425472,394,False,,False,,,,,False,False,False,,10.53701114654541,0.7782425284385681,12.210505485534668,1.9134339094161987,,,2.0221877098083496,False,0.150164892,0.616798830561,2,1.0,0.5551236867904663,1.1437492370605469,0.1501648873090744,0.08336008340120316,0.1717509776353836,0.1501648873090744,0.0056406185030937195,0.15027078986167908,0.10366357117891312,-0.007027421146631241,0.10390149801969528,0.10366357117891312,-0.007027421146631241,0.10390149801969528,0.10366344451904297,-0.00702744722366333,0.10390137135982513,False,False,1.7197998240590096,2.336299978196621,0.2475326657295227,0.2911222577095032,0.3821316361427307,0.25940829515457153,0.3238993287086487,1265.564208984375,218.83364868164062,1265.564208984375,218.83364868164062,False,False,0.056174124650709936,-0.5288333611496742,0.11287206113275927,False,,False,caught
65,1787662357.6975935,3.2568079996854067,0.04570129979401827,21.881215731437194,0.04570129979401827,21.881215731437194,0.006808011792600155,True,0.00803229957818985,124.49734851963264,0.035086399875581264,0.7017279975116253,65,64,0.05629512869912051,-0.539539452372315,0.113,0.05647614982627535,-0.54050999036647,0.113,0.7086904927622554,0.8063530043411667,0.03498704731464386,400,False,,True,49,0.03555910009890795,0.08249729964882135,12.121608880010015,False,False,False,,10.640674591064453,0.7712150812149048,12.252147674560547,1.9669861793518066,,,2.006667375564575,False,0.150164892,0.616798830561,2,-0.12651848793029785,-0.8413611650466919,0.8508205413818359,-0.018998634070158005,-0.12634290754795074,0.12776337563991547,0.1501648873090744,-0.045317694544792175,0.1568540334701538,0.13234548270702362,-0.030644826591014862,0.1358470916748047,0.13234548270702362,-0.030644826591014862,0.1358470916748047,0.13234519958496094,-0.03064483404159546,0.1358468234539032,False,False,2.2903000935912132,1.8966002389788628,0.2835915684700012,0.2991750240325928,0.41222548484802246,0.2475326657295227,0.2911222577095032,1272.043701171875,224.95230102539062,1272.043701171875,224.95230102539062,False,False,0.056094452533507,-0.5324563039058535,0.11288616533138221,False,,False,caught
66,1787662357.7422483,3.3030214002355933,0.046213400550186634,21.638745214475705,0.046213400550186634,21.638745214475705,0.003021412529051304,True,0.008054600097239017,124.15265660957932,0.036560299806296825,0.7312059961259365,66,65,0.05710827228471538,-0.543744785809914,0.113,0.05737133491952316,-0.5450984630278767,0.113,0.7946483452061981,0.9321574251491124,0.03532394487410784,406,False,,True,50,0.0192506005987525,0.06210900004953146,16.10072612990883,False,False,False,,10.773019790649414,0.7405702471733093,12.294248580932617,2.0150647163391113,,,1.9845585823059082,False,0.150164892,0.616798830561,2,1.0,-0.1204189658164978,1.0072243213653564,0.1501648873090744,-0.018082700669765472,0.1512497216463089,0.1501648873090744,0.08336008340120316,0.1717509776353836,0.14333635568618774,0.03967326506972313,0.14872552454471588,0.14333635568618774,0.03967326879501343,0.14872552454471588,0.14333629608154297,0.03967326879501343,0.1487254649400711,False,False,1.1058999225497246,1.6075000166893005,0.29438716173171997,0.3318805694580078,0.44363105297088623,0.2835915684700012,0.2991750240325928,1277.0181884765625,232.0474395751953,1277.0181884765625,232.0474395751953,False,False,0.05621697171299713,-0.5358497842265711,0.11285462963244555,False,,False,caught
67,1787662357.802609,3.3644099002704024,0.06138850003480911,16.289695943588296,0.06138850003480911,16.289695943588296,0.014409912750124931,True,0.008056900463998318,124.11720915114049,0.04835300054401159,0.9670600108802319,67,66,0.0568338544240092,-0.549726212366856,0.113,0.056824507205383436,-0.5499299516627525,0.113,0.9505698085221695,0.9709246011816389,0.03592004254460335,413,False,,False,,,,,False,False,False,,10.916356086730957,0.7802435159683228,12.35322380065918,2.073820114135742,,,1.9333724975585938,False,0.150164892,0.616798830561,2,-0.10777539014816284,0.11756344139575958,0.15948885679244995,-0.01618407852947712,0.017653901129961014,0.023949626833200455,-0.018998634070158005,-0.12634290754795074,0.12776337563991547,0.043208301067352295,-0.06272531300783157,0.07616706937551498,0.043208301067352295,-0.06272531300783157,0.07616706937551498,0.04320812225341797,-0.06272530555725098,0.07616695761680603,False,False,1.2031998485326767,2.275099977850914,0.30862873792648315,0.37556350231170654,0.48610660433769226,0.29438716173171997,0.3318805694580078,1283.9322509765625,240.9517822265625,1283.9322509765625,240.9517822265625,False,False,0.056676115610363516,-0.5402226117464863,0.11287756715078996,False,,False,caught
68,1787662357.8513482,3.4100462002679706,0.04563629999756813,21.91238115389039,0.04563629999756813,21.91238115389039,0.010046212933957577,True,0.008081999607384205,123.73175557770868,0.035839700140058994,0.7167940028011799,68,67,0.05672051105075011,-0.5536021051334683,0.113,0.056679422070425665,-0.5550529764876886,0.113,0.9097699979594113,1.054884748456819,0.036293840035796165,419,False,,True,51,0.044932800345122814,0.06220910046249628,16.074818516349797,False,False,False,,10.959564208984375,0.7175182104110718,12.405732154846191,2.135031223297119,,,2.0250296592712402,False,0.150164892,0.616798830561,2,0.01278078556060791,1.0,1.0000816583633423,0.001919225207529962,0.1501648873090744,0.15017715096473694,0.1501648873090744,-0.018082700669765472,0.1512497216463089,0.10917893052101135,-0.03518979996442795,0.11470989882946014,0.10917893052101135,-0.03518979996442795,0.11470989882946014,0.10917854309082031,-0.035189807415008545,0.1147095337510109,False,False,1.6351006925106049,2.49440036714077,0.2881297171115875,0.36056584119796753,0.4615479111671448,0.30862873792648315,0.37556350231170654,1288.0496826171875,246.4236602783203,1288.0496826171875,246.4236602783203,False,False,0.05678690159225317,-0.5445048593897021,0.11293789450722724,False,,False,caught
69,1787662357.8954825,3.4557568999007344,0.04571069963276386,21.876716130663514,0.04571069963276386,21.876716130663514,0.005756912752985954,True,0.008034099824726582,124.46945168919808,0.03659779950976372,0.7319559901952744,69,68,0.05675133892409153,-0.5578054297337036,0.113,0.05677124465928728,-0.5590404445863479,0.113,0.901859061740037,1.0253653297536225,0.03678633738309145,425,False,,True,52,0.02652729954570532,0.08167679980397224,12.243378810139992,False,False,False,,11.068742752075195,0.6823284029960632,12.455751419067383,2.198019504547119,,,2.054534673690796,False,0.150164892,0.616798830561,2,0.3192055821418762,1.0,1.0497105121612549,0.04793347045779228,0.1501648873090744,0.15762966871261597,-0.01618407852947712,0.017653901129961014,0.023949626833200455,0.0318550243973732,-0.00259587075561285,0.0319606177508831,0.0318550243973732,-0.002595871686935425,0.0319606177508831,0.03185462951660156,-0.002595841884613037,0.031960222870111465,False,False,1.19710061699152,1.7150994390249252,0.26937076449394226,0.39616334438323975,0.4790678322315216,0.2881297171115875,0.36056584119796753,1292.01904296875,255.26321411132812,1292.01904296875,255.26321411132812,False,False,0.05673582354306686,-0.54878685252411,0.11300105442481663,False,,False,caught
70,1787662357.9412222,3.501993600279093,0.046236700378358364,21.62784091029259,0.046236700378358364,21.62784091029259,0.0019936133176088333,True,0.008104399777948856,123.38976696594922,0.03283499926328659,0.6566999852657318,70,69,0.05593339912091407,-0.5618601360428004,0.113,0.055505808512138675,-0.5639797961111538,0.113,0.889399283068662,1.104456658463557,0.03728633560240269,430,False,,True,53,0.005990300327539444,0.06378840003162622,15.676831516454419,False,False,False,,11.100597381591797,0.6797325611114502,12.504676818847656,2.2601828575134277,,,2.114063024520874,False,0.150164892,0.616798830561,2,0.9480105638504028,0.14074954390525818,0.9584020376205444,0.14235790073871613,0.021135639399290085,0.14391833543777466,0.001919225207529962,0.1501648873090744,0.15017715096473694,0.01339050754904747,0.09162680059671402,0.09260008484125137,0.01339050754904747,0.09162680059671402,0.09260008484125137,0.013390541076660156,0.09162682294845581,0.09260011464357376,False,False,1.148800365626812,1.5882998704910278,0.2581784427165985,0.4168817102909088,0.49035343527793884,0.26937076449394226,0.39616334438323975,1296.3414306640625,263.0806884765625,1296.3414306640625,263.0806884765625,False,False,0.05666740634482625,-0.552996488185856,0.11299059066234714,False,,False,caught
71,1787662358.0036654,3.5633880998939276,0.061394499614834785,16.28810408544106,0.061394499614834785,16.28810408544106,0.013388113118708134,True,0.008119500242173672,123.16028944809662,0.051990299485623837,1.0,71,70,0.05456030087041334,-0.5684969695890039,0.113,0.05456030087041334,-0.5684969695890039,0.113,1.0201899853620402,1.0201899853620402,0.038555532693862915,438,False,,False,,,,,False,False,False,,11.113987922668457,0.771359384059906,12.561942100524902,2.3445444107055664,,,2.1381025314331055,False,0.150164892,0.616798830561,2,-0.8566476106643677,1.0,1.3167555332183838,-0.1286383867263794,0.1501648873090744,0.1977304369211197,0.04793347045779228,0.1501648873090744,0.15762966871261597,0.03469657897949219,0.1277330368757248,0.1323615461587906,0.03469657897949219,0.1277330368757248,0.1323615461587906,0.03469657897949219,0.127733051776886,0.13236156105995178,False,False,1.816900447010994,2.5197993963956833,0.2745707035064697,0.46585240960121155,0.5407472252845764,0.2581784427165985,0.4168817102909088,1303.2125244140625,275.00103759765625,1303.2125244140625,275.00103759765625,False,False,0.056199618618774747,-0.5584276958712736,0.11303353715303965,False,,False,caught
72,1787662358.0493004,3.609048900194466,0.04566080030053854,21.900623585614326,0.04566080030053854,21.900623585614326,0.009048913605511189,True,0.008076600730419159,123.81446519123672,0.03859860077500343,0.7719720155000687,72,71,0.05377582252601879,-0.5739496568106904,0.113,0.053544100375261486,-0.5755602919792001,0.113,1.1032457278692027,1.2659646912228437,0.03906593099236488,444,False,,True,54,0.03669750038534403,0.06677549984306097,14.975552445885821,False,False,False,,11.14868450164795,0.899092435836792,12.604558944702148,2.4204509258270264,,,2.1057307720184326,False,0.150164892,0.616798830561,2,1.0,0.14062386751174927,1.0098390579223633,0.1501648873090744,0.021116767078638077,0.15164238214492798,0.14235790073871613,0.021135639399290085,0.14391833543777466,0.10110195726156235,0.06198389455676079,0.1185900941491127,0.10110195726156235,0.061983898282051086,0.1185900941491127,0.10110187530517578,0.06198388338088989,0.11859001219272614,False,False,1.1415006592869759,1.5810998156666756,0.28174421191215515,0.537783145904541,0.6071165204048157,0.2745707035064697,0.46585240960121155,1308.0172119140625,287.47906494140625,1308.0172119140625,287.47906494140625,False,False,0.05541345671711207,-0.5630394413912574,0.11297838139938926,False,,False,caught
73,1787662358.094495,3.6547568002715707,0.04570790007710457,21.878056054054156,0.04570790007710457,21.878056054054156,0.004756813868880272,True,0.008036700077354908,124.42917993390225,0.03373249992728233,0.6746499985456467,73,72,0.05239541911965197,-0.5793943841284087,0.113,0.05172971949579189,-0.5820201041974178,0.113,1.1555921626601957,1.4261775578551512,0.039396028965711594,449,False,,True,55,0.01770960073918104,0.07665119972079992,13.04611021931131,False,False,False,,11.249786376953125,0.9610763192176819,12.652484893798828,2.5021650791168213,,,2.0838708877563477,False,0.150164892,0.616798830561,2,-1.0,1.0,1.4142135381698608,-0.1501648873090744,0.1501648873090744,0.21236522495746613,-0.1286383867263794,0.1501648873090744,0.1977304369211197,-0.04060164466500282,0.11637382209300995,0.123253233730793,-0.040601640939712524,0.11637382209300995,0.123253233730793,-0.04060173034667969,0.11637383699417114,0.12325327843427658,False,False,1.3669999316334724,1.5418995171785355,0.2542162537574768,0.6371620893478394,0.6860039830207825,0.28174421191215515,0.537783145904541,1311.2335205078125,302.2916564941406,1311.2335205078125,302.2916564941406,False,False,0.05465201046181529,-0.5680609345292117,0.11299364885039842,False,,False,caught
74,1787662358.140198,3.7009579995647073,0.0462011992931366,21.644459782422892,0.0462011992931366,21.644459782422892,0.0009580133482813835,False,0.008049700409173965,124.2282257933891,0.03629510011523962,0.7259020023047924,74,73,0.04923692761397854,-0.586806948820323,0.113,0.04816844489510483,-0.5891162123358251,0.113,1.4930524876260671,1.7460068119251912,0.03969812672585249,455,False,,True,56,0.000699799507856369,0.06438770052045584,15.530916493629123,False,False,False,,11.209184646606445,1.077450156211853,12.694734573364258,2.5772626399993896,,,2.1109941005706787,False,0.150164892,0.616798830561,2,0.48577970266342163,1.0,1.1117472648620605,0.07294705510139465,0.1501648873090744,0.16694539785385132,0.1501648873090744,0.021116767078638077,0.15164238214492798,0.07706289738416672,0.05761938914656639,0.09622205793857574,0.07706289738416672,0.05761938914656639,0.09622205793857574,0.07706260681152344,0.057619333267211914,0.09622178971767426,False,False,1.1160997673869133,1.6872994601726532,0.20944753289222717,0.7200360298156738,0.7498800754547119,0.2542162537574768,0.6371620893478394,1312.8092041015625,315.37298583984375,1312.8092041015625,315.37298583984375,False,False,0.053879361179843016,-0.5726166383974398,0.11294106130824613,False,,False,caught
75,1787662358.202683,3.762398099526763,0.06144009996205568,16.27601518580833,0.06144009996205568,16.27601518580833,0.012398113496601582,True,0.008042399771511555,124.34099627107342,0.05463720019906759,1.0,75,74,0.04445100591588564,-0.5947784302557761,0.113,0.04445100591588564,-0.5947784302557761,0.113,1.5355082953706907,1.5355082953706907,0.04006842337548733,463,False,,False,,,,,False,False,False,,11.286247253417969,1.135069489479065,12.749387741088867,2.729754686355591,,,2.1642091274261475,False,0.150164892,0.616798830561,2,0.7979038953781128,1.0,1.2793164253234863,0.11981714516878128,0.1501648873090744,0.1921084076166153,-0.1501648873090744,0.1501648873090744,0.21236522495746613,-0.06309104710817337,0.11470132321119308,0.13090787827968597,-0.06309103965759277,0.11470132321119308,0.13090787827968597,-0.06309127807617188,0.1147012710571289,0.13090795278549194,False,False,1.7627999186515808,2.3405998945236206,0.16989576816558838,0.883712887763977,0.8998961448669434,0.20944753289222717,0.7200360298156738,1315.9757080078125,341.64617919921875,1315.9757080078125,341.64617919921875,False,False,0.051037905122318476,-0.5809080514798592,0.11293735838357122,False,,False,caught
76,1787662358.246614,3.8080473002046347,0.045649200677871704,21.906188611200516,0.045649200677871704,21.906188611200516,0.0080473143607378,True,0.00805289950221777,124.17887491637016,0.033261099830269814,0.6652219966053963,76,75,0.040988732263674936,-0.6004970713755132,0.113,0.037437790491216885,-0.606362165724946,0.113,1.5212845408703735,2.206113674180934,0.040422121062874794,468,False,,True,57,0.027078300714492798,0.06321160029619932,15.819881086923317,False,False,False,,11.223155975341797,1.2497707605361938,12.776939392089844,2.8520185947418213,,,2.2319142818450928,False,0.150164892,0.616798830561,2,1.0,1.0,1.4142135381698608,0.1501648873090744,0.1501648873090744,0.21236522495746613,0.07294705510139465,0.1501648873090744,0.16694539785385132,0.02081700600683689,0.13657519221305847,0.1381525695323944,0.020817004144191742,0.13657519221305847,0.1381525695323944,0.020816802978515625,0.13657522201538086,0.13815255463123322,False,False,1.110900193452835,1.6138004139065742,0.10136917978525162,1.0,1.0051246881484985,0.16989576816558838,0.883712887763977,1314.586669921875,361.77154541015625,1314.586669921875,361.77154541015625,False,False,0.048099343099259825,-0.5870483670387899,0.11295277037602142,False,,False,caught
77,1787662358.2934053,3.8541082004085183,0.04606090020388365,21.710387673137237,0.04606090020388365,21.710387673137237,0.0041082147508859634,True,0.008040100336074829,124.37655728164697,0.03656680043786764,0.7313360087573528,77,76,0.03547945825492455,-0.6080318117407875,0.113,0.030751857936482437,-0.6142597519835044,0.113,1.7131306547134975,2.493242218445356,0.040852319449186325,474,False,,True,58,0.007438100874423981,0.08102829940617085,12.34136724241609,False,False,False,,11.243972778320312,1.3863459825515747,12.80195140838623,2.9855549335479736,,,2.232659101486206,False,0.150164892,0.616798830561,2,0.8873443007469177,-0.4449336528778076,0.9926458597183228,0.1332479566335678,-0.0668134093284607,0.14906056225299835,0.11981714516878128,0.1501648873090744,0.1921084076166153,0.0818801000714302,0.14495731890201569,0.16648416221141815,0.0818801000714302,0.14495731890201569,0.16648416221141815,0.08188056945800781,0.1449573040008545,0.16648437082767487,False,False,1.2910999357700348,1.7403997480869293,0.06730339676141739,1.0,1.0022623538970947,0.10136917978525162,1.0,1315.054931640625,375.76617431640625,1315.054931640625,375.76617431640625,False,False,0.04468910822987296,-0.59358662824405,0.11297382565330893,False,,False,caught
78,1787662358.353339,3.9151093000546098,0.06100109964609146,16.393147103932137,0.06100109964609146,16.393147103932137,0.01510931458324194,True,0.008044599555432796,124.30699540844957,0.05447809956967831,1.0,78,77,0.02804702402425891,-0.6184519009325136,0.113,0.02675864964357703,-0.6202744832071428,0.113,2.026987215484262,2.2501755623110875,0.0413352157920599,482,False,,True,59,0.00681110005825758,0.06538220029324293,15.29468258203215,False,False,False,,11.32585334777832,1.5313032865524292,12.820777893066406,3.162534475326538,,,2.2126262187957764,False,0.150164892,0.616798830561,2,1.0,-0.12153017520904541,1.0073577165603638,0.1501648873090744,-0.018249565735459328,0.15126976370811462,0.1501648873090744,0.1501648873090744,0.21236522495746613,0.1239982545375824,0.14816933870315552,0.19320900738239288,0.1239982545375824,0.14816933870315552,0.19320900738239288,0.12399864196777344,0.1481693983078003,0.19320930540561676,False,False,1.2066001072525978,1.6316995024681091,0.0236249640583992,1.0,1.0002790689468384,0.06730339676141739,1.0,1314.2991943359375,394.3136291503906,1314.2991943359375,394.3136291503906,False,False,0.039597582494674335,-0.6017951255788208,0.11293557165382707,False,,False,caught
79,1787662358.4016337,3.9613103000447154,0.04620099999010563,21.644553152835638,0.04620099999010563,21.644553152835638,0.011310314759612083,True,0.008060799911618233,124.05716690209304,0.03416130039840937,0.6832260079681873,79,78,0.023695354199812082,-0.623740852985523,0.113,0.020423419051825008,-0.6277175122488343,0.113,1.8300485282251509,2.3445481833689583,0.041855914518237114,487,False,,False,,,,,False,False,False,,11.449851989746094,1.6794726848602295,12.830329895019531,3.3248138427734375,,,2.1477584838867188,False,0.150164892,0.616798830561,2,1.0,0.588147759437561,1.1601369380950928,0.1501648873090744,0.08831914514303207,0.17421184480190277,0.1332479566335678,-0.0668134093284607,0.14906056225299835,0.1297036111354828,0.015568256378173828,0.130634605884552,0.1297036111354828,0.015568256378173828,0.130634605884552,0.12970352172851562,0.015568256378173828,0.13063450157642365,False,False,2.54839938133955,1.9562002271413803,-0.02963762730360031,1.0,1.0004390478134155,0.0236249640583992,1.0,1312.0050048828125,411.3204650878906,1312.0050048828125,411.3204650878906,False,False,0.0346291559436241,-0.6090659600468379,0.11291480474750015,False,,False,caught
80,1787662358.4452693,4.007058599963784,0.04574829991906881,21.858735773111864,0.04574829991906881,21.858735773111864,0.007058614864945412,True,0.008058100007474422,124.09873283682676,0.03580459952354431,0.7160919904708862,80,79,0.01773860930932455,-0.6303379987184952,0.113,0.014337703501194525,-0.6340290353627038,0.113,1.8561462402196576,2.357390986885246,0.042477511800825596,493,False,,True,60,0.018967200070619583,0.06162719987332821,16.226601274363475,False,False,False,,11.57955551147461,1.6950409412384033,12.833475112915039,3.48404598236084,,,2.1846861839294434,False,0.150164892,0.616798830561,2,1.0,0.5701258182525635,1.151105284690857,0.1501648873090744,0.08561287820339203,0.17285560071468353,0.1501648873090744,-0.018249565735459328,0.15126976370811462,0.1423240751028061,-0.005290535744279623,0.1424223780632019,0.1423240751028061,-0.00529053620994091,0.1424223780632019,0.14232444763183594,-0.005290508270263672,0.14242275059223175,False,False,1.1625997722148895,1.5470003709197044,-0.07005473226308823,1.0,1.0024508237838745,-0.02963762730360031,1.0,1309.8436279296875,428.00799560546875,1309.8436279296875,428.00799560546875,False,False,0.029515190247360892,-0.6159911697166792,0.11290766630794163,False,,False,caught
81,1787662358.4925754,4.052843499928713,0.04578489996492863,21.841262092218244,0.04578489996492863,21.841262092218244,0.0028435150161385536,True,0.00804390013217926,124.31780399653957,0.0395924998447299,0.791849996894598,81,80,0.010911293793919533,-0.6370839057280064,0.113,0.00787782660090097,-0.6400255208119066,0.113,2.0759205615425746,2.4978274837736283,0.04283270984888077,499,False,,False,,,,,False,False,False,,11.721879959106445,1.6897504329681396,12.830689430236816,3.6208088397979736,,,2.2267565727233887,False,0.150164892,0.616798830561,2,0.7681912779808044,1.0,1.2609987258911133,0.11535535752773285,0.1501648873090744,0.189357727766037,0.1501648873090744,0.08831914514303207,0.17421184480190277,0.14716042578220367,0.052447814494371414,0.15622727572917938,0.14716042578220367,0.052447814494371414,0.15622727572917938,0.14716053009033203,0.05244779586791992,0.15622736513614655,False,False,1.3016005977988243,2.047499641776085,-0.11608170717954636,1.0,1.006714940071106,-0.07005473226308823,1.0,1306.7305908203125,442.34075927734375,1306.7305908203125,442.34075927734375,False,False,0.024912334882262608,-0.6217570914810729,0.1129349518174786,False,,False,caught
82,1787662358.5424,4.101117099635303,0.048273599706590176,20.715256497921427,0.048273599706590176,20.715256497921427,0.0011171149089932442,True,0.008074600249528885,123.84514020472349,0.0432992996647954,0.865985993295908,82,81,0.004494208370020248,-0.6428729590964891,0.113,0.002365712696455571,-0.6447931415835353,0.113,2.035038614472387,2.321392411289728,0.044133007526397705,505,False,,True,62,0.013953999616205692,0.07061689998954535,14.160916156728028,False,False,False,,11.869040489196777,1.7421982288360596,12.817813873291016,3.7882394790649414,,,2.255317211151123,False,0.150164892,0.616798830561,2,0.875124454498291,1.0,1.3288501501083374,0.13141296803951263,0.1501648873090744,0.19954663515090942,0.1501648873090744,0.08561287820339203,0.17285560071468353,0.14901360869407654,0.07290397584438324,0.16589166224002838,0.14901360869407654,0.07290397584438324,0.16589166224002838,0.14901351928710938,0.07290399074554443,0.1658915877342224,False,False,1.936499960720539,2.5308001786470413,-0.16973915696144104,1.0,1.0143033266067505,-0.11608170717954636,1.0,1302.1153564453125,459.88751220703125,1302.1153564453125,459.88751220703125,False,False,0.018910451116611927,-0.6285095739479925,0.11294230782845574,False,,False,caught
83,1787662358.5998564,4.160520499572158,0.05940339993685484,16.83405328757258,0.05940339993685484,16.83405328757258,0.010520515032112598,True,0.00803350005298853,124.4787444331928,0.0493732001632452,0.987464003264904,83,82,-0.0030034193746704954,-0.6492345988541979,0.113,-0.004447564208208638,-0.6504599369880405,0.113,1.8567964463176927,2.046060437161813,0.04457340482622385,512,False,,True,63,0.041641199961304665,0.028478899970650673,35.11371580470327,False,False,False,,12.018054008483887,1.815102219581604,12.7869873046875,4.00246524810791,,,2.3185806274414062,False,0.150164892,0.616798830561,2,0.27826982736587524,-0.9503617286682129,0.9902633428573608,0.04178635776042938,-0.14271096885204315,0.14870278537273407,0.11535535752773285,0.1501648873090744,0.189357727766037,0.12825320661067963,0.12055842578411102,0.17602050304412842,0.12825320661067963,0.12055842578411102,0.17602050304412842,0.12825298309326172,0.12055838108062744,0.1760203093290329,False,False,1.2321993708610535,1.58659927546978,-0.2667238414287567,1.0,1.0349596738815308,-0.16973915696144104,1.0,1293.0,482.33831787109375,1293.0,482.33831787109375,False,False,0.010680332424640237,-0.6366840304334004,0.11291355165969087,False,,False,caught
84,1787662358.6444306,4.20619670022279,0.04567620065063238,21.89323949355571,0.04567620065063238,21.89323949355571,0.006196715869009495,True,0.008093100041151047,123.56204605346437,0.031717000529170036,0.6343400105834007,84,83,-0.009646891022004722,-0.6536677195311851,0.113,-0.015029682574308733,-0.6570401958299238,0.113,1.911544339310612,2.5438147901874606,0.04492210317403078,517,False,,False,,,,,False,False,False,,12.146306991577148,1.9356606006622314,12.764328002929688,4.139075756072998,,,2.2884466648101807,False,0.150164892,0.616798830561,2,1.0,1.0,1.4142135381698608,0.1501648873090744,0.1501648873090744,0.21236522495746613,0.13141296803951263,0.1501648873090744,0.19954663515090942,0.130202054977417,0.1388196349143982,0.19032463431358337,0.130202054977417,0.1388196349143982,0.19032463431358337,0.1302022933959961,0.13881969451904297,0.1903248429298401,False,False,1.1365003883838654,1.567799597978592,-0.3505702018737793,1.0,1.0596694946289062,-0.2667238414287567,1.0,1285.528076171875,496.6551208496094,1285.528076171875,496.6551208496094,False,False,0.00532915386701355,-0.6417884224875864,0.1129763918001237,False,,False,caught
85,1787662358.6902907,4.25190749950707,0.045710799284279346,21.87666843847807,0.045710799284279346,21.87666843847807,0.0019075153395533562,True,0.00809319969266653,123.56052463479028,0.0358985997736454,0.717971995472908,85,84,-0.017531689739567372,-0.6578151422849261,0.113,-0.022427739902835118,-0.6602882641925486,0.113,1.899453640700418,2.445312306321626,0.045377000235021114,523,False,,False,,,,,False,False,False,,12.276509284973145,2.0744802951812744,12.722332954406738,4.302145957946777,,,2.271839141845703,False,0.150164892,0.616798830561,2,-0.34363722801208496,1.0,1.0573961734771729,-0.05160224437713623,0.1501648873090744,0.15878376364707947,0.04178635776042938,-0.14271096885204315,0.14870278537273407,0.07566744834184647,-0.03482808917760849,0.08329801261425018,0.07566744834184647,-0.03482809662818909,0.08329801261425018,0.0756673812866211,-0.03482818603515625,0.08329799026250839,False,False,1.3349996879696846,1.8672998994588852,-0.45972639322280884,1.0,1.1006126403808594,-0.3505702018737793,1.0,1274.5213623046875,513.744873046875,1274.5213623046875,513.744873046875,False,False,-0.0016394442136181608,-0.6474119526374669,0.11294910187673779,False,,False,caught
86,1787662358.7547572,4.3134765001013875,0.06156900059431791,16.241939780524685,0.06156900059431791,16.241939780524685,0.013476516120135784,True,0.008059199899435043,124.08179626740625,0.05435740016400814,1.0,86,85,-0.029320513425019817,-0.6627905093300207,0.113,-0.03187919494315818,-0.6638410741932436,0.113,1.9456042118029409,2.2213311841978483,0.04608039744198322,531,False,,True,65,0.01840760000050068,0.1491842996329069,6.703118240060572,False,False,False,,12.352176666259766,2.039652109146118,12.636781692504883,4.517564296722412,,,2.4942030906677246,False,0.150164892,0.616798830561,2,0.05451655387878418,1.0,1.0014848709106445,0.008186472579836845,0.1501648873090744,0.15038786828517914,0.1501648873090744,0.1501648873090744,0.21236522495746613,0.12161736190319061,0.07927532494068146,0.1451735496520996,0.12161736190319061,0.07927532494068146,0.1451735496520996,0.12161731719970703,0.07927536964416504,0.14517353475093842,False,False,1.8077995628118515,2.4111997336149216,-0.5648890137672424,1.0,1.148520588874817,-0.45972639322280884,1.0,1259.2996826171875,536.3207397460938,1259.2996826171875,536.3207397460938,False,False,-0.012012248227542186,-0.653904606823048,0.11295238289283845,False,,False,caught
87,1787662358.797878,4.35924069955945,0.04576419945806265,21.85114154386944,0.04576419945806265,21.85114154386944,0.009240715764462948,True,0.008078000508248806,123.7930102850149,0.030932500027120113,0.6186500005424023,87,86,-0.03679335845547972,-0.6656447670200956,0.113,-0.04465408668102449,-0.668591578050461,0.113,1.8186330460283961,2.6569594859664187,0.04646839573979378,536,False,,True,66,0.03248209971934557,0.027381000109016895,36.521675469066885,False,False,False,,12.473793983459473,2.118927478790283,12.558734893798828,4.675704479217529,,,2.558187484741211,False,0.150164892,0.616798830561,2,0.033722132444381714,1.0,1.0005683898925781,0.005063880234956741,0.1501648873090744,0.15025024116039276,-0.05160224437713623,0.1501648873090744,0.15878376364707947,0.014775697141885757,0.12299994379281998,0.12388425320386887,0.014775693416595459,0.12299994379281998,0.12388425320386887,0.014775276184082031,0.12299990653991699,0.1238841637969017,False,False,1.1055003851652145,1.5884004533290863,-0.6591514348983765,1.0,1.1976981163024902,-0.5648890137672424,1.0,1245.51611328125,552.893798828125,1245.51611328125,552.893798828125,False,False,-0.020204269727594565,-0.6581924099703582,0.11291558914621949,False,,False,caught
88,1787662358.8445818,4.405340399593115,0.0460997000336647,21.692115117229427,0.0460997000336647,21.692115117229427,0.005340415984392166,True,0.008071799762547016,123.88810790871935,0.03498690016567707,0.6997380033135414,88,87,-0.0453639033899427,-0.6681814843225596,0.113,-0.05487514234291701,-0.6708376653513216,0.113,1.9399655342352353,2.9251010247219797,0.046809093095362186,542,False,,False,,,,,False,False,False,,12.488569259643555,2.2419273853302,12.486363410949707,4.804078102111816,,,2.5621516704559326,False,0.150164892,0.616798830561,2,-0.5661896467208862,1.0,1.1491608619689941,-0.08502180129289627,0.1501648873090744,0.1725636124610901,0.008186472579836845,0.1501648873090744,0.15038786828517914,0.010711310431361198,0.1397552341222763,0.14016510546207428,0.010711310431361198,0.1397552341222763,0.14016510546207428,0.010711669921875,0.1397552490234375,0.14016515016555786,False,False,1.1980999261140823,2.1158000454306602,-0.6832201480865479,1.0,1.2111109495162964,-0.6591514348983765,1.0,1236.6265869140625,566.3473510742188,1236.6265869140625,566.3473510742188,False,False,-0.02719173494005219,-0.6613904682414075,0.1129680341370112,False,,False,caught
89,1787662358.892292,4.451026200316846,0.04568580072373152,21.888639011651367,0.04568580072373152,21.888639011651367,0.0010262168943881989,True,0.008037600666284561,124.41523801931518,0.037808299995958805,0.7561659999191761,89,88,-0.05450548416118596,-0.6711081839989462,0.113,-0.06253719864020331,-0.6737461364262779,0.113,1.9749787480702194,2.820305879071926,0.0470981914550066,548,False,,True,67,0.04070250038057566,0.03131120000034571,31.937453690339527,False,False,False,,12.49928092956543,2.3816826343536377,12.3887300491333,4.9533772468566895,,,2.5740697383880615,False,0.150164892,0.616798830561,2,0.6826868057250977,1.0,1.2108101844787598,0.10251558572053909,0.1501648873090744,0.18182116746902466,0.005063880234956741,0.1501648873090744,0.15025024116039276,0.007228120230138302,0.14617590606212616,0.14635449647903442,0.007228120230138302,0.14617590606212616,0.14635449647903442,0.007227897644042969,0.14617586135864258,0.14635445177555084,False,False,1.6586994752287865,2.2477004677057266,-0.7341790795326233,1.0,1.2405719757080078,-0.6832201480865479,1.0,1223.4979248046875,581.9939575195312,1223.4979248046875,581.9939575195312,False,False,-0.035826635954617256,-0.6646932013776242,0.11294772020463965,False,,False,caught
90,1787662358.9541502,4.512431800365448,0.06140560004860163,16.28515964681584,0.06140560004860163,16.28515964681584,0.012431817129254341,True,0.008038000203669071,124.40905382703701,0.054916500113904476,1.0,90,89,-0.06684695324651792,-0.6744950404335854,0.113,-0.07200616487597815,-0.6758717325934879,0.113,2.043379018806209,2.57717309744255,0.047518787905573845,556,False,,True,68,0.04029900021851063,0.08389340061694384,11.919888723619476,False,False,False,,12.506508827209473,2.5278584957122803,12.253832817077637,5.1456828117370605,,,2.629990339279175,False,0.150164892,0.616798830561,2,1.0,1.0,1.4142135381698608,0.1501648873090744,0.1501648873090744,0.21236522495746613,-0.08502180129289627,0.1501648873090744,0.1725636124610901,-0.049671608954668045,0.14863628149032593,0.15671634674072266,-0.049671608954668045,0.14863628149032593,0.15671634674072266,-0.049671173095703125,0.1486363410949707,0.1567162722349167,False,False,1.4173993840813637,2.1038996055722237,-0.8025708198547363,1.0,1.282232403755188,-0.7341790795326233,1.0,1205.4825439453125,602.1475830078125,1205.4825439453125,602.1475830078125,False,False,-0.04726532187916711,-0.6686556705484594,0.11303540886342373,False,,False,caught
91,1787662358.9978497,4.558565899729729,0.0461340993642807,21.675940655172937,0.0461340993642807,21.675940655172937,0.008565916679799557,True,0.008047400042414665,124.26373670121967,0.03300920035690069,0.6601840071380138,91,90,-0.07334117608621425,-0.6760572910192523,0.113,-0.085128424043503,-0.6788928320037891,0.113,1.8378654786786353,3.0499458370476993,0.04782688617706299,561,False,,True,69,0.021194499917328358,0.0614864993840456,16.263732852215004,False,False,False,,12.45683765411377,2.676494836807251,12.151931762695312,5.282209396362305,,,2.623492956161499,False,0.150164892,0.616798830561,2,-0.47205740213394165,1.0,1.1058201789855957,-0.07088644802570343,0.1501648873090744,0.166055366396904,0.10251558572053909,0.1501648873090744,0.18182116746902466,0.0441974401473999,0.14957915246486664,0.15597222745418549,0.0441974401473999,0.14957915246486664,0.15597222745418549,0.04419708251953125,0.14957904815673828,0.15597203373908997,False,False,1.1197999119758606,1.524600200355053,-0.8246822953224182,1.0,1.2961870431900024,-0.8025708198547363,1.0,1193.6893310546875,616.4555053710938,1193.6893310546875,616.4555053710938,False,False,-0.05559590920409307,-0.6712739391701208,0.11299962374418006,False,,False,caught
92,1787662359.043574,4.604312299750745,0.0457464000210166,21.859643590328083,0.0457464000210166,21.859643590328083,0.004312316887080669,True,0.008106900379061699,123.35170697086339,0.03717320039868355,0.743464007973671,92,91,-0.08268324171877937,-0.6782676192526744,0.113,-0.09383958559601294,-0.6808983772908734,0.113,2.0712600423521157,3.2174194570045915,0.04829168412834406,567,False,,False,,,,,False,False,False,,12.5010347366333,2.8260738849639893,12.063302993774414,5.393653392791748,,,2.6046254634857178,False,0.150164892,0.616798830561,2,0.4170823097229004,1.0,1.0834932327270508,0.06263111531734467,0.1501648873090744,0.16270263493061066,0.1501648873090744,0.1501648873090744,0.21236522495746613,0.10955790430307388,0.1499404013156891,0.18570151925086975,0.10955790430307388,0.1499404013156891,0.18570151925086975,0.10955810546875,0.14994049072265625,0.18570172786712646,False,False,1.499599777162075,2.340400591492653,-0.8084036707878113,1.0,1.2858912944793701,-0.8246822953224182,1.0,1185.61376953125,628.1348876953125,1185.61376953125,628.1348876953125,False,False,-0.06258986239208213,-0.6732415423327439,0.11291953676090127,False,,False,caught
93,1787662359.1061018,4.6658054003492,0.061493100598454475,16.26198695899119,0.061493100598454475,16.26198695899119,0.01580541767179966,True,0.008114299736917019,123.23922364494071,0.05601949989795685,1.0,93,92,-0.09500601761228744,-0.6817242237733062,0.113,-0.10041489247481243,-0.6832764141825124,0.113,2.1253708466622796,2.6879877424003573,0.04882858041673899,575,False,,True,70,0.05006820056587458,0.06523749977350235,15.328607066057,False,False,False,,12.61059284210205,2.9760143756866455,11.908807754516602,5.579041957855225,,,2.695970058441162,False,0.150164892,0.616798830561,2,1.0,1.0,1.4142135381698608,0.1501648873090744,0.1501648873090744,0.21236522495746613,-0.07088644802570343,0.1501648873090744,0.166055366396904,-0.0017398819327354431,0.1500788927078247,0.15008898079395294,-0.0017398819327354431,0.1500788927078247,0.15008898079395294,-0.001739501953125,0.15007901191711426,0.1500891000032425,False,False,1.4587994664907455,2.1619005128741264,-0.830657422542572,1.0,1.2999968528747559,-0.8084036707878113,1.0,1168.42626953125,647.5635986328125,1168.42626953125,647.5635986328125,False,False,-0.07445852153678956,-0.6762916446647227,0.11291274840646452,False,,False,caught
94,1787662359.150755,4.71148859988898,0.04568319953978062,21.889885342404856,0.04568319953978062,21.889885342404856,0.011488617397844791,True,0.008081500418484211,123.73939840586716,0.034301300533115864,0.6860260106623173,94,93,-0.10189293228230273,-0.6833237995869682,0.113,-0.11242948847667263,-0.6857710522763596,0.113,1.9115072391468484,2.9931307836798817,0.04935197904706001,580,False,,True,71,0.030685599893331528,0.07867920026183128,12.709839407011845,False,False,False,,12.608853340148926,3.1260933876037598,11.794568061828613,5.720642566680908,,,2.7193281650543213,False,0.150164892,0.616798830561,2,1.0,0.9425618648529053,1.3741990327835083,0.1501648873090744,0.14153969287872314,0.20635643601417542,0.06263111531734467,0.1501648873090744,0.16270263493061066,0.037964217364788055,0.1501319855451584,0.15485766530036926,0.037964217364788055,0.1501319855451584,0.15485766530036926,0.0379638671875,0.1501319408416748,0.15485753118991852,False,False,1.2908997014164925,1.6676001250743866,-0.8071768879890442,1.0,1.2851204872131348,-0.830657422542572,1.0,1158.1707763671875,662.4033203125,1158.1707763671875,662.4033203125,False,False,-0.08333960607302399,-0.6787241916609469,0.11293928731555139,False,,False,caught
95,1787662359.1959817,4.757249400019646,0.0457608001306653,21.852764749405647,0.0457608001306653,21.852764749405647,0.007249417714774609,True,0.008074600249528885,123.84514020472349,0.03773120045661926,0.7546240091323853,95,94,-0.11112653995911938,-0.6859425393580728,0.113,-0.12058448015725196,-0.6887235151559552,0.113,2.107247458096533,3.092767185901565,0.04991387668997049,586,False,,True,72,0.014011399820446968,0.06474869977682829,15.444325576370439,False,False,False,,12.646817207336426,3.2762253284454346,11.697378158569336,5.836868762969971,,,2.73099422454834,False,0.150164892,0.616798830561,2,-0.5249205827713013,1.0,1.1293987035751343,-0.07882463932037354,0.1501648873090744,0.16959604620933533,0.1501648873090744,0.1501648873090744,0.21236522495746613,0.10716933012008667,0.1501522660255432,0.18447484076023102,0.10716933012008667,0.1501522660255432,0.18447484076023102,0.10716915130615234,0.15015220642089844,0.18447469174861908,False,False,1.1489000171422958,1.7145005986094475,-0.7311694622039795,1.0,1.2387932538986206,-0.8071768879890442,1.0,1152.8885498046875,674.5838623046875,1152.8885498046875,674.5838623046875,False,False,-0.0907394843565037,-0.680612371241337,0.11291964660169312,False,,False,caught
96,1787662359.2427316,4.803435999900103,0.046186599880456924,21.65130151577001,0.046186599880456924,21.65130151577001,0.003436017781496048,True,0.00805249996483326,124.18503624553654,0.03236600011587143,0.6473200023174286,96,95,-0.11717215974862256,-0.6882142067770463,0.113,-0.12633542669829434,-0.6916573434124442,0.113,1.8517556328078666,2.8288098703701814,0.05015757493674755,591,False,,False,,,,,False,False,False,,12.753986358642578,3.426377534866333,11.585834503173828,5.976438045501709,,,2.8048863410949707,False,0.150164892,0.616798830561,2,-1.0,1.0,1.4142135381698608,-0.1501648873090744,0.1501648873090744,0.21236522495746613,0.1501648873090744,0.14153969287872314,0.20635643601417542,0.13368886709213257,0.14484001696109772,0.1971074342727661,0.13368886709213257,0.14484001696109772,0.1971074342727661,0.13368892669677734,0.14484000205993652,0.1971074640750885,False,False,1.5400992706418037,1.9860994070768356,-0.6643016934394836,1.0,1.2005401849746704,-0.7311694622039795,1.0,1145.57470703125,689.210693359375,1145.57470703125,689.210693359375,False,False,-0.09939620133307972,-0.6830264544289686,0.11295080297293139,False,,False,caught
97,1787662359.3051932,4.86488370038569,0.06144770048558712,16.27400199027066,0.06144770048558712,16.27400199027066,0.014883718453347683,True,0.008031699806451797,124.50664542973934,0.05110729951411486,1.0,97,96,-0.1282171825645556,-0.6931327109093881,0.113,-0.13331585523194017,-0.6954588603450449,0.113,1.8850975890147792,2.4444521391511405,0.05068217124789953,599,False,,True,73,0.041197000071406364,0.06243980024009943,16.0154259967954,False,False,False,,12.887675285339355,3.5712175369262695,11.446260452270508,6.163234710693359,,,2.965843915939331,False,0.150164892,0.616798830561,2,-1.0,1.0,1.4142135381698608,-0.1501648873090744,0.1501648873090744,0.21236522495746613,-0.07882463932037354,0.1501648873090744,0.16959604620933533,0.002610810101032257,0.14812439680099487,0.14814740419387817,0.00261080265045166,0.14812439680099487,0.14814740419387817,0.0026111602783203125,0.14812445640563965,0.14814746379852295,False,False,1.5551000833511353,2.4087997153401375,-0.5772877335548401,0.9940565824508667,1.1495258808135986,-0.6643016934394836,1.0,1136.6285400390625,708.4132690429688,1136.6285400390625,708.4132690429688,False,False,-0.1105592260521052,-0.6865330447511124,0.11298355571058025,False,,False,caught
98,1787662359.3498569,4.910595499910414,0.045711799524724483,21.87618974525653,0.045711799524724483,21.87618974525653,0.010595518164336681,True,0.008091199211776257,123.59107393432605,0.03657799959182739,0.7315599918365479,98,97,-0.13644491783261703,-0.6972749144497099,0.113,-0.14217664731271445,-0.7002186928256673,0.113,1.9136497690539038,2.5566808883889016,0.05105666909366846,605,False,,True,74,0.020725799724459648,0.08092330023646355,12.3573803475381,False,False,False,,12.890286445617676,3.719341993331909,11.350945472717285,6.312713623046875,,,3.0158162117004395,False,0.150164892,0.616798830561,2,-1.0,1.0,1.4142135381698608,-0.1501648873090744,0.1501648873090744,0.21236522495746613,-0.1501648873090744,0.1501648873090744,0.21236522495746613,-0.09162092953920364,0.14938299357891083,0.17524175345897675,-0.09162092953920364,0.14938299357891083,0.17524175345897675,-0.09162139892578125,0.1493830680847168,0.17524206638336182,False,False,1.1206995695829391,1.5719998627901077,-0.5327587723731995,0.9449417591094971,1.0847796201705933,-0.5772877335548401,0.9940565824508667,1129.6041259765625,720.9903564453125,1129.6041259765625,720.9903564453125,False,False,-0.11882285807204358,-0.6898137787567407,0.11299720252177577,False,,False,caught
99,1787662359.3895426,4.951248399913311,0.040652900002896786,24.59849112680137,0.040652900002896786,24.59849112680137,0.001248418353497982,True,0.008063200861215591,124.02022685681206,0.032368200831115246,0.6473640166223049,99,98,-0.14225010560505516,-0.7000100308949084,0.113,-0.148247068993724,-0.7028355024952375,0.113,1.8222701929625083,2.4849584615784472,0.05144396796822548,610,False,,False,,,,,False,False,False,,12.798665046691895,3.868725061416626,11.276809692382812,6.438863754272461,,,2.9869141578674316,False,0.150164892,0.616798830561,2,-1.0,1.0,1.4142135381698608,-0.1501648873090744,0.1501648873090744,0.21236522495746613,-0.1501648873090744,0.1501648873090744,0.21236522495746613,-0.12773095071315765,0.1498652994632721,0.19691318273544312,-0.12773095071315765,0.1498652994632721,0.19691318273544312,-0.1277313232421875,0.14986538887023926,0.19691349565982819,False,False,1.1614998802542686,2.0351000130176544,-0.5331482291221619,0.9289639592170715,1.0710840225219727,-0.5327587723731995,0.9449417591094971,1121.9886474609375,733.2061767578125,1121.9886474609375,733.2061767578125,False,False,-0.12553144985434875,-0.6927606574774743,0.11299925171379803,False,,False,caught
100,1787662359.4439275,5.0026021003723145,0.05135370045900345,19.47279341239133,0.05135370045900345,19.47279341239133,0.0026021189987659454,True,0.008036600425839424,124.43072281966163,0.04082220047712326,0.8164440095424652,100,99,-0.14971834525837294,-0.7032606479521473,0.113,-0.1549611040748581,-0.7055426048826918,0.113,1.792855360855395,2.3646385053315813,0.05183356534689665,616,False,,True,75,0.050375000573694706,0.06570539996027946,15.219449247771488,False,False,False,,12.670933723449707,4.018590450286865,11.190352439880371,6.584176540374756,,,2.962153434753418,False,0.150164892,0.616798830561,2,-0.8553532958030701,1.0,1.3159137964248657,-0.12844403088092804,0.1501648873090744,0.19760404527187347,-0.1501648873090744,0.1501648873090744,0.21236522495746613,-0.14156831800937653,0.1500501185655594,0.20629258453845978,-0.14156831800937653,0.1500501185655594,0.20629258453845978,-0.14156818389892578,0.15005016326904297,0.2062925100326538,False,False,1.3739001005887985,1.712299883365631,-0.5409439206123352,0.926084578037262,1.0724984407424927,-0.5331482291221619,0.9289639592170715,1112.656494140625,748.25390625,1112.656494140625,748.25390625,False,False,-0.13327616844859616,-0.6961132936672711,0.11294358211901653,False,,False,caught
101,1787662359.5034275,5.063115599565208,0.060513499192893505,16.525238390402592,0.060513499192893505,16.525238390402592,0.013115618377923965,True,0.008046399801969528,124.27918381028353,0.052704199217259884,1.0,101,100,-0.161019594316182,-0.7080557484443527,0.113,-0.16259852101203226,-0.7087231026443759,0.113,1.8889272589567714,2.060342854301738,0.05227876175194979,624,False,,True,76,0.030139300040900707,0.06270939949899912,15.946572730551512,False,False,False,,12.529365539550781,4.168640613555908,11.07595157623291,6.780843257904053,,,2.989316940307617,False,0.150164892,0.616798830561,2,0.05839431285858154,1.0,1.0017035007476807,0.008768775500357151,0.1501648873090744,0.15042069554328918,-0.1501648873090744,0.1501648873090744,0.21236522495746613,-0.14687062799930573,0.15012092888355255,0.21001732349395752,-0.14687062799930573,0.15012092888355255,0.21001732349395752,-0.14687061309814453,0.15012073516845703,0.21001717448234558,False,False,1.2830998748540878,1.7107995226979256,-0.5629433989524841,0.9093321561813354,1.0694812536239624,-0.5409439206123352,0.926084578037262,1099.5902099609375,767.8111572265625,1099.5902099609375,767.8111572265625,False,False,-0.14361713795981484,-0.7007104198348544,0.11292734089034766,False,,False,caught
102,1787662359.540016,5.100760799832642,0.03764520026743412,26.563811399486003,0.03764520026743412,26.563811399486003,0.0007608188316226006,False,0.008084599860012531,123.69195969068653,0.024704099632799625,0.4940819926559925,102,101,-0.16555245532370316,-0.7096757373697322,0.113,-0.1728306473741646,-0.7122768739364547,0.113,1.7879024188882788,2.5604686102153775,0.05324286036193371,628,False,,True,77,0.001583700068295002,0.0804613009095192,12.428334972169115,False,False,False,,12.382494926452637,4.318761348724365,11.016757011413574,6.882261753082275,,,2.9046125411987305,False,0.150164892,0.616798830561,2,-1.0,0.45402729511260986,1.0982444286346436,-0.1501648873090744,0.06817895919084549,0.1649177521467209,-0.12844403088092804,0.1501648873090744,0.19760404527187347,-0.13550511002540588,0.15014797449111938,0.20225243270397186,-0.13550511002540588,0.15014797449111938,0.20225243270397186,-0.13550472259521484,0.1501479148864746,0.20225213468074799,False,False,1.138400286436081,1.7716996371746063,-0.6028860211372375,0.8926399350166321,1.0771617889404297,-0.5629433989524841,0.9093321561813354,1091.0745849609375,777.3902587890625,1091.0745849609375,777.3902587890625,False,False,-0.14893958403090063,-0.703067257376096,0.11299764858703404,False,,False,caught
103,1787662359.5944242,5.154664799571037,0.053903999738395214,18.551499051149467,0.053903999738395214,18.551499051149467,0.0046648187562823296,True,0.008049700409173965,124.2282257933891,0.044430600479245186,0.8886120095849037,103,102,-0.17565710722640004,-0.7128857175879807,0.113,-0.1786273786698465,-0.7138086230219817,0.113,1.8515634111306203,2.16242540973821,0.053804658353328705,635,False,,False,,,,,False,False,False,,12.246990203857422,4.46890926361084,10.908639907836914,7.05263614654541,,,2.909780979156494,False,0.150164892,0.616798830561,2,-0.6286561489105225,1.0,1.1811895370483398,-0.09440208226442337,0.1501648873090744,0.17737318575382233,0.008768775500357151,0.1501648873090744,0.15042069554328918,-0.04651699960231781,0.15015839040279388,0.15719851851463318,-0.04651699960231781,0.15015839040279388,0.15719851851463318,-0.046517372131347656,0.15015840530395508,0.15719863772392273,False,False,1.6743000596761703,2.4288007989525795,-0.6344922780990601,0.8665680885314941,1.0740208625793457,-0.6028860211372375,0.8926399350166321,1078.0615234375,793.6060791015625,1078.0615234375,793.6060791015625,False,False,-0.1581847034784442,-0.706758422407992,0.11300822128168093,False,,False,caught
104,1787662359.6401093,5.200855299830437,0.046190500259399414,21.64947325497969,0.046190500259399414,21.64947325497969,0.0008553192019462585,False,0.008066299371421337,123.97258692666067,0.03883939981460571,0.7767879962921143,104,103,-0.1847878008719057,-0.7153624919524071,0.113,-0.18794799015849847,-0.7161946598180889,0.113,1.9183532624867612,2.2449191077811874,0.054258755408227444,641,False,,True,78,0.040673899464309216,0.06613759975880384,15.119992313704822,False,False,False,,12.200472831726074,4.619067668914795,10.807655334472656,7.200392723083496,,,2.9331178665161133,False,0.150164892,0.616798830561,2,-1.0,1.0,1.4142135381698608,-0.1501648873090744,0.1501648873090744,0.21236522495746613,-0.1501648873090744,0.06817895919084549,0.1649177521467209,-0.11044704169034958,0.09959357976913452,0.14871929585933685,-0.11044704169034958,0.09959357976913452,0.14871929585933685,-0.11044692993164062,0.0995936393737793,0.14871925115585327,False,False,1.1360999196767807,1.6430998221039772,-0.6009635925292969,0.8353322744369507,1.0290467739105225,-0.6344922780990601,0.8665680885314941,1069.7806396484375,807.1268310546875,1069.7806396484375,807.1268310546875,False,False,-0.1664481994317846,-0.7097351823684204,0.11298183869939438,False,,False,caught
105,1787662359.7016726,5.2624281998723745,0.06157290004193783,16.240911169019025,0.06157290004193783,16.240911169019025,0.012428219430148602,True,0.008054899983108044,124.14803437623101,0.04958270024508238,0.9916540049016476,105,104,-0.19410696861994817,-0.7185782200760561,0.113,-0.195200202782541,-0.7189554580373667,0.113,1.7218034209031594,1.8374159607105442,0.05472975317388773,648,False,,True,79,0.021693600341677666,0.06133290007710457,16.304463000165512,False,False,False,,12.090025901794434,4.718661308288574,10.664766311645508,7.395909786224365,,,3.032989263534546,False,0.150164892,0.616798830561,2,-1.0,1.0,1.4142135381698608,-0.1501648873090744,0.1501648873090744,0.21236522495746613,-0.09440208226442337,0.1501648873090744,0.17737318575382233,-0.10055048763751984,0.13078592717647552,0.1649707853794098,-0.10055048763751984,0.13078592717647552,0.1649707853794098,-0.10055065155029297,0.13078594207763672,0.16497088968753815,False,False,1.1366000398993492,1.6296003013849258,-0.6103301644325256,0.792115330696106,0.99997478723526,-0.6009635925292969,0.8353322744369507,1054.5733642578125,824.8995971679688,1054.5733642578125,824.8995971679688,False,False,-0.1776905130420979,-0.7133858612743439,0.1129900824331113,False,,False,caught
106,1787662359.740314,5.301050899550319,0.03862269967794418,25.891509613219977,0.03862269967794418,25.891509613219977,0.0010509192943572998,True,0.008067399263381958,123.95568476931773,0.028336700052022934,0.5667340010404587,106,105,-0.2007419502101936,-0.7201296969874965,0.113,-0.20547196494371572,-0.7211319381771752,0.113,1.8379963188891741,2.320652517800784,0.055425550788640976,653,False,,False,,,,,False,False,False,,11.98947525024414,4.849447250366211,10.596426010131836,7.48959493637085,,,2.985124111175537,False,0.150164892,0.616798830561,2,-1.0,1.0,1.4142135381698608,-0.1501648873090744,0.1501648873090744,0.21236522495746613,-0.1501648873090744,0.1501648873090744,0.21236522495746613,-0.1311526596546173,0.14273884892463684,0.1938437521457672,-0.1311526596546173,0.14273884892463684,0.1938437521457672,-0.13115310668945312,0.14273881912231445,0.1938440203666687,False,False,1.5960996970534325,2.4159997701644897,-0.6045491099357605,0.7659289836883545,0.9757698774337769,-0.6103301644325256,0.792115330696106,1047.9305419921875,833.0711669921875,1047.9305419921875,833.0711669921875,False,False,-0.1830542326866985,-0.7151329415373125,0.11298857174043211,False,,False,caught
107,1787662359.7947288,5.353946499526501,0.052895599976181984,18.9051641431477,0.052895599976181984,18.9051641431477,0.003946519456803799,True,0.008052299730479717,124.18812432115276,0.04608270060271025,0.9216540120542049,107,106,-0.20990244520953055,-0.7223859539876233,0.113,-0.21054808566854585,-0.7225495560120954,0.113,1.8512149591775957,1.9178188695342029,0.05579494871199131,660,False,,True,80,0.049374899826943874,0.08022359944880009,12.465159963786157,False,False,False,,11.858322143554688,4.992186069488525,10.479296684265137,7.641749858856201,,,2.986954927444458,False,0.150164892,0.616798830561,2,-1.0,1.0,1.4142135381698608,-0.1501648873090744,0.1501648873090744,0.21236522495746613,-0.1501648873090744,0.1501648873090744,0.21236522495746613,-0.14287954568862915,0.14731921255588531,0.20522551238536835,-0.14287954568862915,0.14731921255588531,0.20522551238536835,-0.14287948608398438,0.14731931686401367,0.20522555708885193,False,False,1.8582995980978012,2.179199829697609,-0.6230127215385437,0.7262856364250183,0.9568885564804077,-0.6045491099357605,0.7659289836883545,1034.8021240234375,846.5242309570312,1034.8021240234375,846.5242309570312,False,False,-0.19197203204059932,-0.717782033197093,0.11293771473504162,False,,False,caught
108,1787662359.8545818,5.415321200154722,0.061374700628221035,16.29335849729888,0.061374700628221035,16.29335849729888,0.015321220271289349,True,0.008067700080573559,123.95106288196409,0.048626599833369255,0.9725319966673851,108,107,-0.21867069141349163,-0.723729701940844,0.113,-0.2189183400428189,-0.7237676544949848,0.113,1.6841261230233944,1.7091538221184956,0.05630624573677778,667,False,,True,81,0.045580300502479076,0.06416270043700933,15.585378938059712,False,False,False,,11.715442657470703,5.139505386352539,10.340203285217285,7.810066223144531,,,3.0038604736328125,False,0.150164892,0.616798830561,2,-0.31751322746276855,-0.419727087020874,0.5262941122055054,-0.04767933860421181,-0.06302826851606369,0.07903089374303818,-0.1501648873090744,0.1501648873090744,0.21236522495746613,-0.14737311005592346,0.1490744650363922,0.2096235454082489,-0.14737311005592346,0.1490744650363922,0.2096235454082489,-0.14737319946289062,0.14907455444335938,0.20962366461753845,False,False,1.3469001278281212,1.764599233865738,-0.6633592844009399,0.6676934957504272,0.9412014484405518,-0.6230127215385437,0.7262856364250183,1018.0799560546875,860.4794921875,1018.0799560546875,860.4794921875,False,False,-0.20215783262613138,-0.720422216884492,0.11288118461509984,False,,False,caught
109,1787662359.9008276,5.461588399484754,0.04626719933003187,21.61358401806058,0.04626719933003187,21.61358401806058,0.011588419787585735,True,0.0080850999802351,123.68430847418189,0.036459799855947495,0.7291959971189499,109,108,-0.2260012932272791,-0.7243055616227358,0.113,-0.22863171369331195,-0.7245053260262004,0.113,1.774266977194821,2.037501493575726,0.05671284347772598,673,False,,True,82,0.014837999828159809,0.0648429999127984,15.421865141107155,False,False,False,,11.568069458007812,5.288579940795898,10.250015258789062,7.909165859222412,,,2.9333832263946533,False,0.150164892,0.616798830561,2,-0.7799187898635864,1.0,1.2681771516799927,-0.11711641401052475,0.1501648873090744,0.19043567776679993,-0.1501648873090744,0.1501648873090744,0.21236522495746613,-0.14909511804580688,0.1497470736503601,0.21131384372711182,-0.14909511804580688,0.1497470736503601,0.21131384372711182,-0.1490955352783203,0.14974689483642578,0.21131400763988495,False,False,1.1692997068166733,1.6127992421388626,-0.7022035717964172,0.6234681606292725,0.9390433430671692,-0.6633592844009399,0.6676934957504272,1006.4581909179688,868.0842895507812,1006.4581909179688,868.0842895507812,False,False,-0.208446983558904,-0.7217288900648599,0.11290353038804776,False,,False,caught
110,1787662359.9464781,5.507218300364912,0.04562990088015795,21.9154541366722,0.04562990088015795,21.9154541366722,0.007218320854008198,True,0.008156799711287022,122.59710124011552,0.0390625,0.78125,110,109,-0.23353494842987793,-0.7241808572202958,0.113,-0.2352063624376566,-0.7241126758393857,0.113,1.7468493339964097,1.9131508586953985,0.057325441390275955,679,False,,False,,,,,False,False,False,,11.418973922729492,5.438326835632324,10.134748458862305,8.023789405822754,,,2.886841058731079,False,0.150164892,0.616798830561,2,-0.9833900928497314,1.0,1.4025177955627441,-0.1476706564426422,0.1501648873090744,0.21060891449451447,-0.04767933860421181,-0.06302826851606369,0.07903089374303818,-0.08654214441776276,0.018507424741983414,0.08849897235631943,-0.08654214441776276,0.018507421016693115,0.08849897235631943,-0.08654212951660156,0.01850748062133789,0.08849896490573883,False,False,1.5064002946019173,1.9645001739263535,-0.7262901663780212,0.5693305730819702,0.9228405952453613,-0.7022035717964172,0.6234681606292725,993.1749877929688,876.6926879882812,993.1749877929688,876.6926879882812,False,False,-0.21611240533779297,-0.722916014898593,0.11294147074199894,False,,False,caught
111,1787662359.994746,5.552961899898946,0.04574359953403473,21.86098186820579,0.04574359953403473,21.86098186820579,0.0029619205743074417,True,0.008078699931502342,123.78229275487357,0.03447289951145649,0.6894579902291298,111,110,-0.23946026635408948,-0.7236678438013071,0.113,-0.2421291166144288,-0.7234367750191188,0.113,1.5819986629024623,1.848858838328852,0.05775713920593262,684,False,,True,83,0.037152200005948544,0.07701379992067814,12.984685874868783,False,False,False,,11.33243179321289,5.456834316253662,10.014483451843262,8.12802505493164,,,2.9786317348480225,False,0.150164892,0.616798830561,2,-1.0,1.0,1.4142135381698608,-0.1501648873090744,0.1501648873090744,0.21236522495746613,-0.11711641401052475,0.1501648873090744,0.19043567776679993,-0.10540030896663666,0.09971361607313156,0.14509317278862,-0.10540030896663666,0.09971361607313156,0.14509317278862,-0.10540008544921875,0.09971380233764648,0.1450931429862976,False,False,2.0003998652100563,2.3301001638174057,-0.663468599319458,0.49706435203552246,0.8290135860443115,-0.7262901663780212,0.5693305730819702,984.7196655273438,883.0724487304688,984.7196655273438,883.0724487304688,False,False,-0.22364107624718213,-0.7235416253224135,0.11290371812409343,False,,False,caught
112,1787662360.0526114,5.6133107002824545,0.060348800383508205,16.570337664462915,0.060348800383508205,16.570337664462915,0.013310721144080162,True,0.008030999451875687,124.51750320645884,0.05145089980214834,1.0,112,111,-0.24731178087511874,-0.7235208245753847,0.113,-0.24731178087511874,-0.7235208245753847,0.113,1.5150685329831617,1.5150685329831617,0.05852313619107008,692,False,,True,84,0.038035500794649124,0.0693589998409152,14.417739619856734,False,False,False,,11.227031707763672,5.556548118591309,9.870718002319336,8.236997604370117,,,3.004063129425049,False,0.150164892,0.616798830561,2,-0.9734464883804321,1.0,1.3955637216567993,-0.1461774855852127,0.1501648873090744,0.209564670920372,-0.1476706564426422,0.1501648873090744,0.21060891449451447,-0.13147252798080444,0.13083197176456451,0.1854778379201889,-0.13147252798080444,0.13083197176456451,0.1854778379201889,-0.13147258758544922,0.13083219528198242,0.18547803163528442,False,False,1.1157998815178871,1.5636002644896507,-0.6809524893760681,0.44152820110321045,0.811568558216095,-0.663468599319458,0.49706435203552246,968.923828125,891.0006713867188,968.923828125,891.0006713867188,False,False,-0.23216204798661988,-0.7236681070334391,0.11291534039770657,False,,False,caught
113,1787662360.0902264,5.650970700196922,0.037659999914467335,26.553372338586847,0.037659999914467335,26.553372338586847,0.0009707212448120117,False,0.00809319969266653,123.56052463479028,0.025214499793946743,0.5042899958789349,113,112,-0.25133566615262837,-0.7227521913468337,0.113,-0.2552910890319191,-0.7219966356467279,0.113,1.3620240129945396,1.7622279980512898,0.059048634953796864,696,False,,False,,,,,False,False,False,,11.095559120178223,5.687380313873291,9.774434089660645,8.30607795715332,,,2.9330785274505615,False,0.150164892,0.616798830561,2,-1.0,1.0,1.4142135381698608,-0.1501648873090744,0.1501648873090744,0.21236522495746613,-0.1501648873090744,0.1501648873090744,0.21236522495746613,-0.1430019736289978,0.14275658130645752,0.20206187665462494,-0.1430019736289978,0.14275658130645752,0.20206187665462494,-0.14300155639648438,0.14275646209716797,0.2020615041255951,False,False,1.1427002027630806,2.366899512708187,-0.7090418934822083,0.4067254066467285,0.8174141645431519,-0.6809524893760681,0.44152820110321045,957.3385009765625,896.0519409179688,957.3385009765625,896.0519409179688,False,False,-0.23774175968455732,-0.7235981108591606,0.11296731493650286,False,,False,caught
114,1787662360.1455677,5.7052483996376395,0.0542776994407177,18.423772752052685,0.0542776994407177,18.423772752052685,0.005248420871794224,True,0.00846800021827221,118.09163606800634,0.04482490010559559,0.8964980021119118,114,113,-0.25980034602352825,-0.7209433140678775,0.113,-0.26062887421086467,-0.7207628868849916,0.113,1.467525198859099,1.5521286978550284,0.059920032508671284,703,False,,True,85,0.049684799276292324,0.059166399762034416,16.901484694386877,False,False,False,,10.952557563781738,5.830136775970459,9.638678550720215,8.392704010009766,,,2.8797619342803955,False,0.150164892,0.616798830561,2,-0.9687614440917969,1.0,1.392299771308899,-0.14547395706176758,0.1501648873090744,0.20907454192638397,-0.1461774855852127,0.1501648873090744,0.209564670920372,-0.1449604630470276,0.14732597768306732,0.20668448507785797,-0.1449604630470276,0.14732597768306732,0.20668448507785797,-0.1449604034423828,0.14732599258422852,0.20668445527553558,False,False,1.4536995440721512,1.9426997750997543,-0.7550264000892639,0.35801512002944946,0.8356073498725891,-0.7090418934822083,0.4067254066467285,940.6118774414062,902.0673828125,940.6118774414062,902.0673828125,False,False,-0.24528092960292736,-0.7230738801714776,0.11289872901689393,False,,False,caught
115,1787662360.1902769,5.751117399893701,0.045869000256061554,21.801216386176865,0.045869000256061554,21.801216386176865,0.0011174213141202927,True,0.008036899380385876,124.42609427716725,0.03792370017617941,0.7584740035235882,115,114,-0.26651739489694004,-0.7188271434675964,0.113,-0.26839251628523964,-0.7182107316253485,0.113,1.4827367252229495,1.6793492847862252,0.06034202966839075,709,False,,True,87,0.00035979971289634705,0.06671470031142235,14.989200211228232,False,False,False,,10.807597160339355,5.9774627685546875,9.510244369506836,8.462909698486328,,,2.803670883178711,False,0.150164892,0.616798830561,2,-1.0,1.0,1.4142135381698608,-0.1501648873090744,0.1501648873090744,0.21236522495746613,-0.1501648873090744,0.1501648873090744,0.21236522495746613,-0.14817053079605103,0.14907702803611755,0.21018674969673157,-0.14817053079605103,0.14907702803611755,0.21018674969673157,-0.14817047119140625,0.1490769386291504,0.21018663048744202,False,False,1.3421997427940369,1.6673002392053604,-0.7770560383796692,0.32338792085647583,0.8416625261306763,-0.7550264000892639,0.35801512002944946,926.1067504882812,907.24755859375,926.1067504882812,907.24755859375,False,False,-0.25205946666122697,-0.7221153652457797,0.11291797377895284,False,,False,caught
116,1787662360.2506335,5.812368500046432,0.06125110015273094,16.326237365638796,0.06125110015273094,16.326237365638796,0.01236852165311575,True,0.008077300153672695,123.80374394596524,0.04911909997463226,0.9823819994926453,116,115,-0.27464244822171824,-0.7161830347779422,0.113,-0.27478816261150973,-0.7161356154357109,0.113,1.5385873891919497,1.553897911693797,0.06085262726992369,716,False,,False,,,,,False,False,False,,10.65942668914795,6.126539707183838,9.354191780090332,8.532492637634277,,,2.737196922302246,False,0.150164892,0.616798830561,2,-1.0,1.0,1.4142135381698608,-0.1501648873090744,0.1501648873090744,0.21236522495746613,-0.14547395706176758,0.1501648873090744,0.20907454192638397,-0.14650726318359375,0.14974798262119293,0.2094966322183609,-0.14650726318359375,0.14974798262119293,0.2094966322183609,-0.14650726318359375,0.1497478485107422,0.20949652791023254,False,False,1.1683003976941109,1.742299646139145,-0.7971599102020264,0.28654995560646057,0.8470978736877441,-0.7770560383796692,0.32338792085647583,908.8916625976562,912.2235107421875,908.8916625976562,912.2235107421875,False,False,-0.25982694848165494,-0.720333369583259,0.1129716473279841,False,,False,caught
117,1787662360.2970135,5.858002400025725,0.045633899979293346,21.913533589146578,0.045633899979293346,21.913533589146578,0.00800242181867361,True,0.008050099946558475,124.22206017796255,0.03762280009686947,0.7524560019373894,117,116,-0.2806725688685114,-0.7137286605263469,0.113,-0.28260842883551585,-0.7129368172293483,0.113,1.4882741325062614,1.6970181454241906,0.06147242523729801,722,False,,False,,,,,False,False,False,,10.512919425964355,6.27628755569458,9.214279174804688,8.587055206298828,,,2.650681734085083,False,0.150164892,0.616798830561,2,-1.0,1.0,1.4142135381698608,-0.1501648873090744,0.1501648873090744,0.21236522495746613,-0.1501648873090744,0.1501648873090744,0.21236522495746613,-0.1487632840871811,0.15000507235527039,0.21126295626163483,-0.1487632840871811,0.15000507235527039,0.21126295626163483,-0.14876365661621094,0.15000486373901367,0.21126307547092438,False,False,1.3322997838258743,2.5624996051192284,-0.7933834195137024,0.2626799941062927,0.8357380032539368,-0.7971599102020264,0.28654995560646057,894.7966918945312,916.4407348632812,894.7966918945312,916.4407348632812,False,False,-0.26655241175460337,-0.7184311097870087,0.11293578646420052,False,,False,caught
118,1787662360.344751,5.904478199779987,0.04647579975426197,21.516574330887053,0.04647579975426197,21.516574330887053,0.004478221759200096,True,0.00807459931820631,123.84515448899572,0.03920619934797287,0.7841239869594574,118,117,-0.287245188205675,-0.7110824888350498,0.113,-0.28870831393354535,-0.7104956552244202,0.113,1.4953108087199214,1.652889868373845,0.061761622317135334,728,False,,True,88,0.04176650010049343,0.028475199826061726,35.11827857603854,False,False,False,,10.364155769348145,6.426292419433594,9.071624755859375,8.636076927185059,,,2.5600359439849854,False,0.150164892,0.616798830561,2,-1.0,1.0,1.4142135381698608,-0.1501648873090744,0.1501648873090744,0.21236522495746613,-0.1501648873090744,0.1501648873090744,0.21236522495746613,-0.1496279388666153,0.15010356903076172,0.21194244921207428,-0.1496279388666153,0.15010356903076172,0.21194244921207428,-0.149627685546875,0.15010356903076172,0.21194227039813995,False,False,1.847200095653534,1.9888002425432205,-0.7883460521697998,0.22474730014801025,0.8197566270828247,-0.7933834195137024,0.2626799941062927,880.4984130859375,919.1929931640625,880.4984130859375,919.1929931640625,False,False,-0.27320794053169345,-0.7162350764660126,0.11295572910650871,False,,False,caught
119,1787662360.3899317,5.950678399764001,0.046200199984014034,21.644927951524345,0.046200199984014034,21.644927951524345,0.0006784219294786453,False,0.00809940043836832,123.46592906591205,0.03181450068950653,0.6362900137901306,119,118,-0.2922766848393074,-0.7087606339286537,0.113,-0.2945296751519637,-0.7076833379640771,0.113,1.3405997049643534,1.5898880455282067,0.062321821227669716,733,False,,True,89,0.022182399407029152,0.1119886003434658,8.929480294717756,False,False,False,,10.21452808380127,6.5763959884643555,8.925582885742188,8.680084228515625,,,2.467161178588867,False,0.150164892,0.616798830561,2,0.22649645805358887,0.5582070350646973,0.6024082899093628,0.03401181474328041,0.08382309973239899,0.09046057611703873,-0.1501648873090744,0.1501648873090744,0.21236522495746613,-0.1499590277671814,0.1501413881778717,0.21220308542251587,-0.1499590277671814,0.1501413881778717,0.21220308542251587,-0.14995861053466797,0.15014123916625977,0.21220266819000244,False,False,1.1847000569105148,1.9739000126719475,-0.7864536643028259,0.18402458727359772,0.8076969385147095,-0.7883460521697998,0.22474730014801025,865.6599731445312,921.2442626953125,865.6599731445312,921.2442626953125,False,False,-0.27983304751664045,-0.7137482708274664,0.1129888088167005,False,,False,caught
120,1787662360.4407377,6.001487200148404,0.050808800384402275,19.681629804961673,0.050808800384402275,19.681629804961673,0.0014872225001454353,True,0.008088099770247936,123.63843528222768,0.0430910000577569,0.861820001155138,120,119,-0.29944305076216543,-0.704780904966704,0.113,-0.3004322385672033,-0.7042192405186155,0.113,1.4715696418945636,1.5850494199498684,0.06294601783156395,740,False,,True,91,0.011301999911665916,0.0277690002694726,36.01137924649501,False,False,False,,10.064569473266602,6.726537227630615,8.782602310180664,8.717933654785156,,,2.368353843688965,False,0.150164892,0.616798830561,2,-1.0,1.0,1.4142135381698608,-0.1501648873090744,0.1501648873090744,0.21236522495746613,-0.1501648873090744,0.1501648873090744,0.21236522495746613,-0.15008583664894104,0.15015582740306854,0.21230292320251465,-0.15008583664894104,0.15015582740306854,0.21230292320251465,-0.15008544921875,0.15015602111816406,0.2123027890920639,False,False,1.1093001812696457,1.6289995983242989,-0.7903428673744202,0.14890430867671967,0.8042476773262024,-0.7864536643028259,0.18402458727359772,850.7798461914062,923.0025634765625,850.7798461914062,923.0025634765625,False,False,-0.286159237859394,-0.7111121890424918,0.11291706743457534,False,,False,caught
121,1787662360.4971454,6.057372000068426,0.05588479992002249,17.89395330091749,0.05588479992002249,17.89395330091749,0.007372022606432438,True,0.008053899742662907,124.16345273120625,0.049328699707984924,0.9865739941596985,121,120,-0.30623326001745454,-0.700814482686992,0.113,-0.3063256660505124,-0.7007605047704771,0.113,1.5020451449528955,1.5127395288092902,0.06339121516793966,747,False,,False,,,,,False,False,False,,9.914484024047852,6.876693248748779,8.623419761657715,8.75325870513916,,,2.2777938842773438,False,0.150164892,0.616798830561,2,-1.0,1.0,1.4142135381698608,-0.1501648873090744,0.1501648873090744,0.21236522495746613,0.03401181474328041,0.08382309973239899,0.09046057611703873,-0.036534473299980164,0.10924195498228073,0.11518929153680801,-0.036534473299980164,0.10924195498228073,0.11518929153680801,-0.03653430938720703,0.10924196243286133,0.11518924683332443,False,False,1.492200419306755,2.5845998898148537,-0.7881830334663391,0.11496180295944214,0.796522855758667,-0.7903428673744202,0.14890430867671967,834.6122436523438,924.5703125,834.6122436523438,924.5703125,False,False,-0.29299739205310427,-0.7079148480614524,0.11289717720532158,False,,False,caught
122,1787662360.5428846,6.103616699576378,0.046244699507951736,21.6240998566344,0.046244699507951736,21.6240998566344,0.0036167223006486893,True,0.008062399923801422,124.03254731235162,0.033687000162899494,0.6737400032579899,122,121,-0.3103213478125485,-0.6980096720935982,0.113,-0.31230101282317374,-0.6966514367347989,0.113,1.362394262065365,1.6020364093446968,0.06378641352057457,752,False,,True,92,0.028641900047659874,0.034240199252963066,29.20543752132115,False,False,False,,9.877949714660645,6.985935211181641,8.488543510437012,8.777149200439453,,,2.266913414001465,False,0.150164892,0.616798830561,2,-1.0,1.0,1.4142135381698608,-0.1501648873090744,0.1501648873090744,0.21236522495746613,-0.1501648873090744,0.1501648873090744,0.21236522495746613,-0.10662151873111725,0.13448317348957062,0.17162130773067474,-0.10662151873111725,0.13448317348957062,0.17162130773067474,-0.10662174224853516,0.13448333740234375,0.17162157595157623,False,False,1.213199459016323,1.8079997971653938,-0.6738306283950806,0.07494120299816132,0.6779851913452148,-0.7881830334663391,0.11496180295944214,827.8267211914062,924.5574951171875,827.8267211914062,924.5574951171875,False,False,-0.2986119661549336,-0.7049727767800356,0.11286821664411444,False,,False,caught
123,1787662360.605327,6.165022999979556,0.06140630040317774,16.284973910401067,0.06140630040317774,16.284973910401067,0.015023022890090942,True,0.008051799610257149,124.19583799950819,0.05242179986089468,1.0,123,122,-0.3147964211314818,-0.6946912690114816,0.113,-0.3147964211314818,-0.6946912690114816,0.113,1.1910204121974028,1.1910204121974028,0.06456041056662798,760,False,,True,93,0.03036860004067421,0.08485729992389679,11.784489971950999,False,False,False,,9.77132797241211,7.120418548583984,8.33272647857666,8.797042846679688,,,2.2092177867889404,False,0.150164892,0.616798830561,2,-1.0,1.0,1.4142135381698608,-0.1501648873090744,0.1501648873090744,0.21236522495746613,-0.1501648873090744,0.1501648873090744,0.21236522495746613,-0.13347910344600677,0.14415569603443146,0.19646255671977997,-0.13347910344600677,0.14415569603443146,0.19646255671977997,-0.13347911834716797,0.14415550231933594,0.19646243751049042,False,False,1.4476003125309944,1.771099865436554,-0.6648253202438354,0.046626705676317215,0.6664583683013916,-0.6738306283950806,0.07494120299816132,812.4243774414062,924.8619995117188,812.4243774414062,924.8619995117188,False,False,-0.30487236582242006,-0.7012763050141806,0.11294178236583115,False,,False,caught
124,1787662360.6389356,6.200690800324082,0.03566780034452677,28.03649202756206,0.03566780034452677,28.03649202756206,0.000690823420882225,False,0.008074100129306316,123.85281133315777,0.02285359986126423,0.4570719972252846,124,123,-0.3172383356309621,-0.6927731212001413,0.113,-0.32013893722151626,-0.6904946701758833,0.113,1.0532942667699103,1.4217675499170561,0.0649813087657094,764,False,,True,94,0.0016638003289699554,0.059298200532794,16.86391814616642,False,False,False,,9.637848854064941,7.26457405090332,8.236395835876465,8.805498123168945,,,2.0829107761383057,False,0.150164892,0.616798830561,2,-1.0,0.623431921005249,1.1784173250198364,-0.1501648873090744,0.09361758083105087,0.1769568920135498,-0.1501648873090744,0.1501648873090744,0.21236522495746613,-0.14377088844776154,0.14786209166049957,0.20623594522476196,-0.14377088844776154,0.14786209166049957,0.20623594522476196,-0.14377117156982422,0.14786195755004883,0.20623604953289032,False,False,1.16060022264719,1.7576999962329865,-0.6504938006401062,0.025899697095155716,0.651009202003479,-0.6648253202438354,0.046626705676317215,803.4405517578125,924.44482421875,803.4405517578125,924.44482421875,False,False,-0.30863050919651563,-0.6988427791197532,0.11291363997236205,False,,False,caught
125,1787662360.6973314,6.2570139998570085,0.05632319953292608,17.754673177176453,0.05632319953292608,17.754673177176453,0.007014023140072823,True,0.008035399951040745,124.44931255356866,0.0444434005767107,0.888868011534214,125,124,-0.32276281815310015,-0.6884335859457817,0.113,-0.3233413172382016,-0.6879791692353745,0.113,1.1616981244632842,1.235243426532478,0.06572590675204992,771,False,,False,,,,,False,False,False,,9.494077682495117,7.412436008453369,8.108423233032227,8.811418533325195,,,1.9690582752227783,False,0.150164892,0.616798830561,2,-1.0,0.9108676910400391,1.352656602859497,-0.1501648873090744,0.13678035140037537,0.20312152802944183,-0.1501648873090744,0.1501648873090744,0.21236522495746613,-0.14771480858325958,0.14928239583969116,0.21001166105270386,-0.14771480858325958,0.14928239583969116,0.21001166105270386,-0.14771461486816406,0.14928245544433594,0.2100115716457367,False,False,1.7931992188096046,2.437000162899494,-0.6549901366233826,0.012874815613031387,0.6551166772842407,-0.6504938006401062,0.025899697095155716,790.0599365234375,924.2462158203125,790.0599365234375,924.2462158203125,False,False,-0.3134697742785669,-0.695404267700344,0.11294356720134285,False,,False,caught
126,1787662360.7409668,6.302715400233865,0.04570140037685633,21.88116757372736,0.04570140037685633,21.88116757372736,0.0027154237031936646,True,0.008073700591921806,123.85894034769589,0.03631660062819719,0.7263320125639439,126,125,-0.3266980768942286,-0.6853424015726354,0.113,-0.32796283962460676,-0.6843489180318907,0.113,1.129067090734241,1.2898807254920377,0.06624560430645943,777,False,,True,95,0.024904999881982803,0.06437790021300316,15.533280779450124,False,False,False,,9.346363067626953,7.561718463897705,7.993469715118408,8.813383102416992,,,1.8430911302566528,False,0.150164892,0.616798830561,2,-1.0,1.0,1.4142135381698608,-0.1501648873090744,0.1501648873090744,0.21236522495746613,-0.1501648873090744,0.09361758083105087,0.1769568920135498,-0.14922595024108887,0.11494842916727066,0.1883654147386551,-0.14922595024108887,0.11494842916727066,0.1883654147386551,-0.14922618865966797,0.11494827270507812,0.18836550414562225,False,False,1.1073993518948555,1.5404997393488884,-0.6540195345878601,-0.00010491535067558289,0.6540195345878601,-0.6549901366233826,0.012874815613031387,778.3483276367188,923.6359252929688,778.3483276367188,923.6359252929688,False,False,-0.31771879605642644,-0.6921870168558929,0.11294516572253499,False,,False,caught
127,1787662360.7907639,6.351467999629676,0.04875259939581156,20.511726808271728,0.04875259939581156,20.511726808271728,0.0014680232852697372,True,0.008044099435210228,124.31472386117584,0.03984280023723841,0.7968560047447681,127,126,-0.3310438246747917,-0.6814642749094697,0.113,-0.3319611719002756,-0.6806252740268881,0.113,1.171413857362212,1.2955690721163375,0.06671940162777901,783,False,,True,96,0.008931700140237808,0.07908929977566004,12.643935435470285,False,False,False,,9.197136878967285,7.676666736602783,7.877110004425049,8.814430236816406,,,1.7426923513412476,False,0.150164892,0.616798830561,2,-0.43274879455566406,0.6732211709022522,0.8003113865852356,-0.06498367339372635,0.10109417885541916,0.12017866224050522,-0.1501648873090744,0.13678035140037537,0.20312152802944183,-0.1498051881790161,0.12841427326202393,0.19731147587299347,-0.1498051881790161,0.12841427326202393,0.19731147587299347,-0.14980506896972656,0.12841415405273438,0.19731131196022034,False,False,1.2867003679275513,1.758200116455555,-0.6433050036430359,-0.028413038700819016,0.6439321637153625,-0.6540195345878601,-0.00010491535067558289,767.0914306640625,921.9656372070312,767.0914306640625,921.9656372070312,False,False,-0.32198941177873275,-0.6888965376693116,0.11298905018856639,False,,False,caught
128,1787662360.8481083,6.408791000023484,0.05732300039380789,17.445004503079385,0.05732300039380789,17.445004503079385,0.00879102386534214,True,0.008058900013566017,124.08641356967348,0.047208200208842754,0.9441640041768551,128,127,-0.33514070299616244,-0.6770286516721878,0.113,-0.33533853287637944,-0.6768069926981263,0.113,1.1285311046620636,1.158141814650766,0.06736439932137728,790,False,,False,,,,,False,False,False,,9.047331809997559,7.805080890655518,7.738273620605469,8.811171531677246,,,1.651015281677246,False,0.150164892,0.616798830561,2,-1.0,0.6923791766166687,1.2163013219833374,-0.1501648873090744,0.10397104173898697,0.1826457530260086,-0.1501648873090744,0.1501648873090744,0.21236522495746613,-0.15002700686454773,0.1418299823999405,0.20645543932914734,-0.15002700686454773,0.1418299823999405,0.20645543932914734,-0.15002727508544922,0.1418299674987793,0.20645561814308167,False,False,1.8087001517415047,2.054499462246895,-0.6504762172698975,-0.06506352126598358,0.6537221074104309,-0.6433050036430359,-0.028413038700819016,752.4338989257812,919.3196411132812,752.4338989257812,919.3196411132812,False,False,-0.32695478590725513,-0.6847971021110687,0.1129864128308764,False,,False,caught
129,1787662360.8942547,6.454487299546599,0.04569629952311516,21.883610061120088,0.04569629952311516,21.883610061120088,0.004487323574721813,True,0.008040400221943855,124.3719183618249,0.03848470002412796,0.7696940004825592,129,128,-0.33902792791069186,-0.6730128636240907,0.113,-0.34013185987645916,-0.6718775933892362,0.113,1.1645148132853862,1.322844783959078,0.06777769699692726,796,False,,True,97,0.03295009955763817,0.06441039964556694,15.525443181578291,False,False,False,,8.89730453491211,7.946910858154297,7.626247406005859,8.80161190032959,,,1.53169846534729,False,0.150164892,0.616798830561,2,-1.0,0.04909181594848633,1.001204252243042,-0.1501648873090744,0.007371867075562477,0.15034572780132294,-0.06498367339372635,0.10109417885541916,0.12017866224050522,-0.09757247567176819,0.11670418083667755,0.1521192193031311,-0.09757247567176819,0.11670418083667755,0.1521192193031311,-0.09757232666015625,0.11670398712158203,0.1521189659833908,False,False,1.4297999441623688,1.6160998493432999,-0.6583639979362488,-0.1298740655183792,0.6710517406463623,-0.6504762172698975,-0.06506352126598358,740.4778442382812,914.2423706054688,740.4778442382812,914.2423706054688,False,False,-0.3307659188939888,-0.6812194829097055,0.11299094765202448,False,,False,caught
130,1787662360.9349186,6.5007130997255445,0.046225800178945065,21.632940828041743,0.046225800178945065,21.632940828041743,0.0007131239399313927,False,0.008055799640715122,124.13416974099779,0.03310410026460886,0.6620820052921772,130,129,-0.341705428945458,-0.6688041870918676,0.113,-0.3430719904488129,-0.6666561336441454,0.113,1.2037130082292768,1.4564514392645929,0.06816049478948116,801,False,,True,98,0.014037299901247025,0.07931740023195744,12.607574089362226,False,False,False,,8.799732208251953,8.063614845275879,7.52979850769043,8.790185928344727,,,1.4630916118621826,False,,,,,,,,,,,,,,,,,,,,,,,,,,,,,,,,,,,,,-0.333956661221959,-0.6780154615184998,0.11296097664072097,False,,True,caught
