step,t_wall_s,t_task_s,control_dt_s,control_loop_hz_inst,vision_frame_available,vision_frame_id,vision_age_s,camera_dt_s,camera_hz_inst,hand_detected,microrobot_detected,dead_reckoning_used,dead_reckoning_age_s,hand_x_cm,hand_y_cm,robot_x_cm,robot_y_cm,microrobot_x_cm,microrobot_y_cm,distance_cm,in_zpd,virtual_hand_stride_cm,virtual_hand_smoothing_alpha,virtual_hand_delay_frames,virtual_hand_action_x,virtual_hand_action_y,virtual_hand_action_norm,virtual_hand_command_dx_cm,virtual_hand_command_dy_cm,virtual_hand_command_norm_cm,virtual_hand_delayed_dx_cm,virtual_hand_delayed_dy_cm,virtual_hand_delayed_norm_cm,virtual_hand_smoothed_dx_cm,virtual_hand_smoothed_dy_cm,virtual_hand_smoothed_norm_cm,virtual_hand_exec_dx_cm,virtual_hand_exec_dy_cm,virtual_hand_exec_norm_cm,virtual_hand_actual_dx_cm,virtual_hand_actual_dy_cm,virtual_hand_actual_norm_cm,virtual_hand_accel_clipped,virtual_hand_workspace_clipped,virtual_hand_policy_inference_ms,policy_inference_ms,action_x,action_y,action_norm,last_action_x,last_action_y,virtual_target_x_px,virtual_target_y_px,desired_target_x_px,desired_target_y_px,target_clipped,target_step_limited,robot_world_x,robot_world_y,robot_world_z,safety_stop,safety_reason,task_finished,done_reason
0,1787626877.7553906,2.998858690261841e-07,,,False,,,,,False,False,False,,10.729511260986328,8.133441925048828,7.499231815338135,5.000504970550537,,,4.5,True,0.124513102,0.778827950064,0,-1.0,-1.0,1.4142135381698608,-0.12451310455799103,-0.12451310455799103,0.1760881245136261,-0.12451310455799103,-0.12451310455799103,0.1760881245136261,-0.09697429090738297,-0.09697429090738297,0.1371423602104187,-0.09697429090738297,-0.09697429090738297,0.1371423602104187,-0.09697437286376953,-0.09697437286376953,0.13714246451854706,False,False,1.3089003041386604,2.7157003059983253,-0.19354599714279175,-0.5177745819091797,0.5527663230895996,0.0,0.0,756.0299072265625,491.4952697753906,756.0299072265625,491.4952697753906,False,False,-0.22712145443112788,-0.5227426943590601,0.11298450644651026,False,,False,caught
1,1787626877.8094313,0.057818200439214706,0.05781790055334568,17.295681621600046,True,1,0.015438600443303585,,,False,False,False,,10.632536888122559,8.036467552185059,7.480886459350586,4.952790260314941,,,4.409304618835449,True,0.124513102,0.778827950064,0,-1.0,-1.0,1.4142135381698608,-0.12451310455799103,-0.12451310455799103,0.1760881245136261,-0.12451310455799103,-0.12451310455799103,0.1760881245136261,-0.11842231452465057,-0.11842231452465057,0.1674744337797165,-0.11842231452465057,-0.11842231452465057,0.1674744337797165,-0.1184225082397461,-0.1184225082397461,0.16747471690177917,False,False,1.499699428677559,1.9755996763706207,0.6785755753517151,-1.0,1.2084969282150269,-0.19354599714279175,-0.5177745819091797,807.7344970703125,456.17242431640625,807.7344970703125,456.17242431640625,False,False,-0.2264140801155547,-0.5202045929908901,0.11297620563589292,False,,False,caught
2,1787626877.8719609,0.11932950001209974,0.061511299572885036,16.25717562372577,True,3,0.015622800216078758,0.032118599861860275,31.134607495374212,False,False,False,,10.514114379882812,7.9180450439453125,7.42921781539917,4.810995578765869,,,4.378395080566406,True,0.124513102,0.778827950064,0,-1.0,-1.0,1.4142135381698608,-0.12451310455799103,-0.12451310455799103,0.1760881245136261,-0.12451310455799103,-0.12451310455799103,0.1760881245136261,-0.1231660395860672,-0.1231660395860672,0.17418308556079865,-0.1231660395860672,-0.1231660395860672,0.17418308556079865,-0.12316608428955078,-0.12316608428955078,0.17418314516544342,False,False,1.9924994558095932,1.990700140595436,0.4064801335334778,-1.0,1.0794564485549927,0.6785755753517151,-1.0,785.7260131835938,441.3123474121094,785.7260131835938,441.3123474121094,False,False,-0.22420073094402465,-0.5127339735791955,0.11296962781333002,False,,False,caught
3,1787626877.9309585,0.18033029977232218,0.061000799760222435,16.3932276942389,True,5,0.019670399837195873,0.02948509994894266,33.91543531246738,False,False,False,,10.390948295593262,7.794878959655762,7.535021781921387,4.658590316772461,,,4.241771221160889,True,0.124513102,0.778827950064,0,-1.0,-1.0,1.4142135381698608,-0.12451310455799103,-0.12451310455799103,0.1760881245136261,-0.12451310455799103,-0.12451310455799103,0.1760881245136261,-0.12421518564224243,-0.12421518564224243,0.17566679418087006,-0.12421518564224243,-0.12421518564224243,0.17566679418087006,-0.12421512603759766,-0.12421512603759766,0.1756667196750641,False,False,1.118900254368782,1.5724003314971924,0.22962686419487,-1.0,1.026025652885437,0.4064801335334778,-1.0,785.6944580078125,425.34027099609375,785.6944580078125,425.34027099609375,False,False,-0.21566250805005266,-0.5093384361459168,0.11293346255033816,False,,False,caught
4,1787626877.9812214,0.23067739978432655,0.050347100012004375,19.862117177783183,True,6,0.013785099610686302,0.02727149985730648,36.66831693278078,False,False,False,,10.266733169555664,7.670663833618164,7.649089336395264,4.4959492683410645,,,4.1147141456604,True,0.124513102,0.778827950064,0,-1.0,-1.0,1.4142135381698608,-0.12451310455799103,-0.12451310455799103,0.1760881245136261,-0.12451310455799103,-0.12451310455799103,0.1760881245136261,-0.12444720417261124,-0.12444720417261124,0.17599491775035858,-0.12444720417261124,-0.12444720417261124,0.17599491775035858,-0.12444686889648438,-0.12444734573364258,0.17599478363990784,False,False,1.1359993368387222,1.6898000612854958,0.08696148544549942,-1.0,1.0037740468978882,0.22962686419487,-1.0,788.609619140625,408.29547119140625,788.609619140625,408.29547119140625,False,False,-0.20647260997941683,-0.5057347981092578,0.11279334363621095,False,,False,caught
5,1787626878.0375195,0.2875052997842431,0.056827899999916553,17.596990210820184,True,7,0.006047300063073635,0.05603689979761839,17.845384088191487,False,False,False,,10.14228630065918,7.5462164878845215,7.66525936126709,4.308650970458984,,,4.076456069946289,True,0.124513102,0.778827950064,0,-1.0,-1.0,1.4142135381698608,-0.12451310455799103,-0.12451310455799103,0.1760881245136261,-0.12451310455799103,-0.12451310455799103,0.1760881245136261,-0.12449845671653748,-0.12449856102466583,0.17606748640537262,-0.12449845671653748,-0.12449856102466583,0.17606748640537262,-0.12449836730957031,-0.12449836730957031,0.1760672777891159,False,False,1.216900534927845,1.6104001551866531,-0.05133821815252304,-1.0,1.0013169050216675,0.08696148544549942,-1.0,781.7683715820312,388.6666259765625,781.7683715820312,388.6666259765625,False,False,-0.20026838847098438,-0.4982362366267345,0.11280227897916537,False,,False,caught
6,1787626878.1004224,0.34880120027810335,0.061295900493860245,16.31430474049673,False,,,,,False,False,False,,10.01778793334961,7.421718120574951,7.67659330368042,4.152036666870117,,,4.0214433670043945,True,0.124513102,0.778827950064,0,-1.0,-1.0,1.4142135381698608,-0.12451310455799103,-0.12451310455799103,0.1760881245136261,-0.12451310455799103,-0.12451310455799103,0.1760881245136261,-0.12450984865427017,-0.12450984865427017,0.1760835200548172,-0.12450984865427017,-0.12450984865427017,0.1760835200548172,-0.12450981140136719,-0.12450981140136719,0.17608346045017242,False,False,1.832299865782261,2.6843994855880737,-0.15587565302848816,-1.0,1.012075662612915,-0.05133821815252304,-1.0,776.506103515625,372.2534484863281,776.506103515625,372.2534484863281,False,False,-0.19514824269761108,-0.49188300669418356,0.11291481639077697,False,,False,caught
7,1787626878.1618361,0.4102316005155444,0.06143040023744106,16.278585132683418,True,8,0.048770599998533726,0.06456509977579117,15.488243702442977,False,False,False,,9.893278121948242,7.297208309173584,7.666052341461182,3.9542312622070312,,,4.0169677734375,True,0.124513102,0.778827950064,0,-1.0,0.14091992378234863,1.0098804235458374,-0.12451310455799103,0.017546378076076508,0.1257433444261551,-0.12451310455799103,0.017546378076076508,0.1257433444261551,-0.12451238185167313,-0.0138724809512496,0.12528279423713684,-0.12451238185167313,-0.013872481882572174,0.12528279423713684,-0.1245126724243164,-0.013872623443603516,0.12528309226036072,False,False,1.6564000397920609,2.2200997918844223,-0.24142447113990784,-1.0,1.0287301540374756,-0.15587565302848816,-1.0,770.170654296875,351.5234375,770.170654296875,351.5234375,False,False,-0.18961857333906995,-0.4831135471468892,0.11284428794421145,False,,False,caught
8,1787626878.22279,0.47115289978682995,0.060921299271285534,16.414620370241135,True,9,0.04720329958945513,0.08020890038460493,12.467444326065554,False,False,False,,9.768765449523926,7.2833356857299805,7.629299163818359,3.766479730606079,,,4.116502285003662,True,0.124513102,0.778827950064,0,0.35433530807495117,-1.0,1.0609210729599,0.04411938786506653,-0.12451310455799103,0.13209858536720276,0.04411938786506653,-0.12451310455799103,0.13209858536720276,0.006822692230343819,-0.10004252940416336,0.10027490556240082,0.006822690367698669,-0.10004252940416336,0.10027490556240082,0.0068225860595703125,-0.10004234313964844,0.1002747118473053,False,False,1.4268998056650162,2.2550998255610466,-0.2858549952507019,-1.0,1.0400543212890625,-0.24142447113990784,-1.0,763.6773071289062,331.8470764160156,763.6773071289062,331.8470764160156,False,False,-0.18538563110646103,-0.4739880449051407,0.11290556273912895,False,,False,caught
9,1787626878.2831652,0.5325754005461931,0.061422500759363174,16.280678703033125,True,10,0.04285040032118559,0.062272099778056145,16.058555975534755,False,False,False,,9.775588035583496,7.183293342590332,7.5883636474609375,3.6004526615142822,,,4.197701454162598,True,0.124513102,0.778827950064,0,-1.0,-1.0,1.4142135381698608,-0.12451310455799103,-0.12451310455799103,0.1760881245136261,-0.12451310455799103,-0.12451310455799103,0.1760881245136261,-0.09546532481908798,-0.11910086125135422,0.15263892710208893,-0.09546532481908798,-0.11910086125135422,0.15263892710208893,-0.09546566009521484,-0.11910104751586914,0.15263928472995758,False,False,1.1211996898055077,1.5958994626998901,-0.2681625187397003,-1.0,1.03533136844635,-0.2858549952507019,-1.0,760.572509765625,314.4474182128906,760.572509765625,314.4474182128906,False,False,-0.18195813918236403,-0.4656514448715333,0.11286724795992635,False,,False,caught
10,1787626878.3334978,0.5834470000118017,0.0508715994656086,19.657333571279654,True,11,0.015206700190901756,0.06578079983592033,15.202004270156943,False,False,False,,9.680122375488281,7.064192295074463,7.53972053527832,3.429408311843872,,,4.218172073364258,True,0.124513102,0.778827950064,0,-1.0,0.6150763034820557,1.1740182638168335,-0.12451310455799103,0.0765850618481636,0.146180659532547,-0.12451310455799103,0.0765850618481636,0.146180659532547,-0.11808862537145615,0.033304765820503235,0.12269527465105057,-0.11808862537145615,0.033304765820503235,0.12269527465105057,-0.1180887222290039,0.033304691314697266,0.12269534915685654,False,False,1.1545997112989426,1.6092006117105484,-0.3061037063598633,-1.0,1.0458009243011475,-0.2681625187397003,-1.0,753.2603759765625,296.52197265625,753.2603759765625,296.52197265625,False,False,-0.17866852514483728,-0.45685306717822105,0.11281851250458394,False,,False,caught
11,1787626878.3925574,0.639958499930799,0.05651149991899729,17.6955133279666,True,12,0.007480199448764324,0.07852050010114908,12.73552764834423,False,False,False,,9.562033653259277,7.09749698638916,7.489039421081543,3.261580228805542,,,4.360225200653076,True,0.124513102,0.778827950064,0,-1.0,-1.0,1.4142135381698608,-0.12451310455799103,-0.12451310455799103,0.1760881245136261,-0.12451310455799103,-0.12451310455799103,0.1760881245136261,-0.12309221923351288,-0.08960822224617004,0.1522541493177414,-0.12309221923351288,-0.08960822224617004,0.1522541493177414,-0.1230926513671875,-0.08960819244384766,0.15225449204444885,False,False,1.5772003680467606,2.260100096464157,-0.3037516176700592,-0.9002595543861389,0.9501222372055054,-0.3061037063598633,-1.0,748.215087890625,285.2052917480469,748.215087890625,285.2052917480469,False,False,-0.17554699399299536,-0.44811224772960606,0.11277607635729273,False,,False,caught
12,1787626878.4520526,0.7014517998322845,0.06149329990148544,16.26193425303305,True,14,0.007056799717247486,0.02700589969754219,37.02894594143109,False,False,False,,9.43894100189209,7.0078887939453125,7.442918300628662,3.096323251724243,,,4.391406536102295,True,0.124513102,0.778827950064,0,-1.0,-0.8764944076538086,1.329752802848816,-0.12451310455799103,-0.10913503915071487,0.1655716449022293,-0.12451310455799103,-0.10913503915071487,0.1655716449022293,-0.12419894337654114,-0.1048162505030632,0.16251714527606964,-0.12419894337654114,-0.1048162505030632,0.16251714527606964,-0.12419891357421875,-0.10481643676757812,0.162517249584198,False,False,1.1379001662135124,1.5585003420710564,-0.3274616599082947,-0.8752151727676392,0.9344692230224609,-0.3037516176700592,-0.9002595543861389,742.0355834960938,269.4611511230469,742.0355834960938,269.4611511230469,False,False,-0.17231841404157547,-0.43959304018886364,0.1128141279178565,False,,False,caught
13,1787626878.5140173,0.7623808002099395,0.06092900037765503,16.412545648241718,False,,,,,False,False,False,,9.314742088317871,6.903072357177734,7.3829193115234375,2.9175376892089844,,,4.429043292999268,True,0.124513102,0.778827950064,0,-1.0,-1.0,1.4142135381698608,-0.12451310455799103,-0.12451310455799103,0.1760881245136261,-0.12451310455799103,-0.12451310455799103,0.1760881245136261,-0.12444362044334412,-0.12015675753355026,0.17298513650894165,-0.12444362044334412,-0.12015675753355026,0.17298513650894165,-0.12444400787353516,-0.12015676498413086,0.17298543453216553,False,False,1.9718008115887642,2.6698000729084015,-0.35686492919921875,-0.824378490447998,0.898305356502533,-0.3274616599082947,-0.8752151727676392,734.0851440429688,253.92105102539062,734.0851440429688,253.92105102539062,False,False,-0.1692096799229711,-0.43005974559946597,0.11280582733238034,False,,False,caught
14,1787626878.5766175,0.8239758005365729,0.06159500032663345,16.23508393046641,True,15,0.04720110073685646,0.035126700066030025,28.46837300743402,False,False,False,,9.190298080444336,6.7829155921936035,7.321440696716309,2.759456157684326,,,4.436310768127441,True,0.124513102,0.778827950064,0,-0.22071051597595215,-1.0,1.0240669250488281,-0.027481351047754288,-0.12451310455799103,0.12750975787639618,-0.027481351047754288,-0.12451310455799103,0.12750975787639618,-0.04892678186297417,-0.12354961037635803,0.1328846663236618,-0.048926785588264465,-0.12354961037635803,0.1328846663236618,-0.048926353454589844,-0.1235494613647461,0.13288438320159912,False,False,1.597600057721138,2.263200469315052,-0.38474395871162415,-0.7767227292060852,0.8667906522750854,-0.35686492919921875,-0.824378490447998,726.0768432617188,240.35067749023438,726.0768432617188,240.35067749023438,False,False,-0.16678270965232253,-0.42136541702883656,0.11280108373734497,False,,False,caught
15,1787626878.6370075,0.8849165998399258,0.06094079930335283,16.409367967462515,True,16,0.04312609974294901,0.08236270025372505,12.141418347375911,False,False,False,,9.141371726989746,6.659366130828857,7.2632575035095215,2.619797706604004,,,4.45482063293457,True,0.124513102,0.778827950064,0,-1.0,-1.0,1.4142135381698608,-0.12451310455799103,-0.12451310455799103,0.1760881245136261,-0.12451310455799103,-0.12451310455799103,0.1760881245136261,-0.10779543220996857,-0.12429998070001602,0.1645306646823883,-0.10779543220996857,-0.12429998070001602,0.1645306646823883,-0.10779571533203125,-0.12430000305175781,0.16453087329864502,False,False,1.8143998458981514,2.1435003727674484,-0.39030155539512634,-0.7049760818481445,0.8058080077171326,-0.38474395871162415,-0.7767227292060852,719.7774658203125,230.2259063720703,719.7774658203125,230.2259063720703,False,False,-0.16478505236357924,-0.4135558700359374,0.1128009055057519,False,,False,caught
16,1787626878.6968865,0.9463039999827743,0.06138740014284849,16.289987809762263,True,17,0.04099970031529665,0.06480859965085983,15.430051033153788,False,False,False,,9.033576011657715,6.5350661277771,7.188520431518555,2.4694178104400635,,,4.464720249176025,True,0.124513102,0.778827950064,0,-1.0,-1.0,1.4142135381698608,-0.12451310455799103,-0.12451310455799103,0.1760881245136261,-0.12451310455799103,-0.12451310455799103,0.1760881245136261,-0.1208156943321228,-0.12446597963571548,0.17345954477787018,-0.1208156943321228,-0.12446597963571548,0.17345954477787018,-0.12081527709960938,-0.1244659423828125,0.1734592169523239,False,False,1.127699390053749,1.60989910364151,-0.4396533966064453,-0.6314366459846497,0.7694201469421387,-0.39030155539512634,-0.7049760818481445,709.0921630859375,219.0902557373047,709.0921630859375,219.0902557373047,False,False,-0.1631021140838602,-0.404779950207563,0.11278623212755828,False,,False,caught
17,1787626878.7471876,0.9966299999505281,0.05032599996775389,19.87044471328428,True,18,0.012452599592506886,0.06351520027965307,15.744262721318181,False,False,False,,8.912760734558105,6.410600185394287,7.130255699157715,2.3696048259735107,,,4.4166693687438965,True,0.124513102,0.778827950064,0,-1.0,-1.0,1.4142135381698608,-0.12451310455799103,-0.12451310455799103,0.1760881245136261,-0.12451310455799103,-0.12451310455799103,0.1760881245136261,-0.1236952543258667,-0.12450268119573593,0.17550337314605713,-0.1236952543258667,-0.12450268119573593,0.17550337314605713,-0.12369537353515625,-0.12450265884399414,0.1755034476518631,False,False,1.235700212419033,1.7018001526594162,-0.49398085474967957,-0.5971615314483643,0.7749961018562317,-0.4396533966064453,-0.6314366459846497,699.7880249023438,210.7850799560547,699.7880249023438,210.7850799560547,False,False,-0.1623219497488398,-0.3986948663409259,0.11277893739211275,False,,False,caught
18,1787626878.8041515,1.05356250051409,0.056932500563561916,17.564659730404017,True,19,0.006606400012969971,0.0788784995675087,12.677725939045573,False,False,False,,8.78906536102295,6.286097526550293,7.061513900756836,2.2663559913635254,,,4.375243663787842,True,0.124513102,0.778827950064,0,-1.0,-1.0,1.4142135381698608,-0.12451310455799103,-0.12451310455799103,0.1760881245136261,-0.12451310455799103,-0.12451310455799103,0.1760881245136261,-0.1243322491645813,-0.12451079487800598,0.17595864832401276,-0.1243322491645813,-0.12451079487800598,0.17595864832401276,-0.12433242797851562,-0.1245107650756836,0.1759587526321411,False,False,1.165800727903843,1.5564998611807823,-0.5538564920425415,-0.5479272603988647,0.7790900468826294,-0.49398085474967957,-0.5971615314483643,689.070068359375,203.06045532226562,689.070068359375,203.06045532226562,False,False,-0.16184550347365634,-0.39214740457060876,0.11282359173010434,False,,False,caught
19,1787626878.8645914,1.115012800320983,0.06145029980689287,16.273313606971698,True,20,0.005210700444877148,0.0627768998965621,15.929426296101056,False,False,False,,8.664732933044434,6.161586761474609,6.967289447784424,2.1525917053222656,,,4.353545188903809,True,0.124513102,0.778827950064,0,-1.0,-0.8262190818786621,1.2971653938293457,-0.12451310455799103,-0.10287510603666306,0.16151408851146698,-0.12451310455799103,-0.10287510603666306,0.16151408851146698,-0.12447314709424973,-0.10766030848026276,0.16457310318946838,-0.12447314709424973,-0.10766030848026276,0.16457310318946838,-0.12447357177734375,-0.10766029357910156,0.16457341611385345,False,False,1.1013001203536987,1.5628999099135399,-0.6182094812393188,-0.47597426176071167,0.7802143692970276,-0.5538564920425415,-0.5479272603988647,675.4676513671875,195.662353515625,675.4676513671875,195.662353515625,False,False,-0.1620438379357678,-0.38438989718987004,0.11280333776766674,False,,False,caught
20,1787626878.9265623,1.1759865004569292,0.060973700135946274,16.40051362752156,False,,,,,False,False,False,,8.54025936126709,6.053926467895508,6.873696327209473,2.0624191761016846,,,4.325455188751221,True,0.124513102,0.778827950064,0,-1.0,-1.0,1.4142135381698608,-0.12451310455799103,-0.12451310455799103,0.1760881245136261,-0.12451310455799103,-0.12451310455799103,0.1760881245136261,-0.12450436502695084,-0.12078574299812317,0.17346623539924622,-0.12450436502695084,-0.12078574299812317,0.17346623539924622,-0.12450408935546875,-0.12078571319580078,0.1734660118818283,False,False,1.580200158059597,2.11310014128685,-0.6627412438392639,-0.42007964849472046,0.7846609950065613,-0.6182094812393188,-0.47597426176071167,663.1476440429688,189.7269287109375,663.1476440429688,189.7269287109375,False,False,-0.16294213527757487,-0.3776887453238669,0.11286007394691773,False,,False,caught
21,1787626878.9890442,1.2374440003186464,0.061457499861717224,16.27140710653794,True,21,0.04774180054664612,0.06284640077501535,15.911810185915229,False,False,False,,8.415755271911621,5.933140754699707,6.757786273956299,1.9729851484298706,,,4.293214797973633,True,0.124513102,0.778827950064,0,-1.0,-1.0,1.4142135381698608,-0.12451310455799103,-0.12451310455799103,0.1760881245136261,-0.12451310455799103,-0.12451310455799103,0.1760881245136261,-0.12451111525297165,-0.1236887127161026,0.17550474405288696,-0.12451111525297165,-0.1236887127161026,0.17550474405288696,-0.1245107650756836,-0.1236886978149414,0.17550449073314667,False,False,1.492900773882866,2.170299179852009,-0.716462254524231,-0.368652880191803,0.8057438731193542,-0.6627412438392639,-0.42007964849472046,647.9778442382812,183.58795166015625,647.9778442382812,183.58795166015625,False,False,-0.1647383899442971,-0.3703715645333563,0.11283718615425574,False,,False,caught
22,1787626879.0504985,1.298912400379777,0.061468400061130524,16.26852169578998,True,22,0.04367050062865019,0.08011059928685427,12.482742719465524,False,False,False,,8.291244506835938,5.809452056884766,6.630854606628418,1.893694281578064,,,4.253240585327148,True,0.124513102,0.778827950064,0,-1.0,-1.0,1.4142135381698608,-0.12451310455799103,-0.12451310455799103,0.1760881245136261,-0.12451310455799103,-0.12451310455799103,0.1760881245136261,-0.12451259046792984,-0.12433077394962311,0.17595887184143066,-0.12451259046792984,-0.12433077394962311,0.17595887184143066,-0.1245126724243164,-0.12433099746704102,0.17595909535884857,False,False,1.642400398850441,2.2850995883345604,-0.762864887714386,-0.3269568979740143,0.8299781084060669,-0.716462254524231,-0.368652880191803,632.1290893554688,177.90011596679688,632.1290893554688,177.90011596679688,False,False,-0.16727878770360186,-0.36318438781321727,0.11285833965799233,False,,False,caught
23,1787626879.1103845,1.359820299781859,0.060907899402081966,16.418231622117275,True,23,0.03960719984024763,0.06532330065965652,15.308473238517738,False,False,False,,8.166731834411621,5.685121059417725,6.494158744812012,1.8258084058761597,,,4.2061614990234375,True,0.124513102,0.778827950064,0,-1.0,-0.49378812313079834,1.1152697801589966,-0.12451310455799103,-0.06148309260606766,0.13886570930480957,-0.12451310455799103,-0.06148309260606766,0.13886570930480957,-0.12451301515102386,-0.07538329064846039,0.1455545723438263,-0.12451301515102386,-0.07538329064846039,0.1455545723438263,-0.1245126724243164,-0.07538318634033203,0.14555421471595764,False,False,1.100999303162098,1.618100330233574,-0.8017666935920715,-0.2944871187210083,0.8541384339332581,-0.762864887714386,-0.3269568979740143,615.7412719726562,172.82736206054688,615.7412719726562,172.82736206054688,False,False,-0.17055202064964844,-0.35622280170716913,0.11288019796882023,False,,False,caught
24,1787626879.1718388,1.421268000267446,0.06144770048558712,16.27400199027066,True,24,0.023473700508475304,0.06497369986027479,15.390842789474645,False,False,False,,8.042219161987305,5.609737873077393,6.366630554199219,1.770782470703125,,,4.188696384429932,True,0.124513102,0.778827950064,0,-1.0,-1.0,1.4142135381698608,-0.12451310455799103,-0.12451310455799103,0.1760881245136261,-0.12451310455799103,-0.12451310455799103,0.1760881245136261,-0.12451301515102386,-0.11364694684743881,0.16857971251010895,-0.12451301515102386,-0.11364694684743881,0.16857971251010895,-0.12451314926147461,-0.1136469841003418,0.1685798466205597,False,False,1.258600503206253,1.509600318968296,-0.8067432641983032,-0.2535591125488281,0.8456517457962036,-0.8017666935920715,-0.2944871187210083,602.376708984375,169.6342010498047,602.376708984375,169.6342010498047,False,False,-0.17386010547344133,-0.3500990147637942,0.11289660156697409,False,,False,caught
25,1787626879.2328951,1.4822626998648047,0.060994699597358704,16.39486720323652,True,25,0.018811599351465702,0.0775832999497652,12.889371819031865,False,False,False,,7.91770601272583,5.496090888977051,6.210630893707275,1.7124464511871338,,,4.150912284851074,True,0.124513102,0.778827950064,0,-1.0,-1.0,1.4142135381698608,-0.12451310455799103,-0.12451310455799103,0.1760881245136261,-0.12451310455799103,-0.12451310455799103,0.1760881245136261,-0.12451311945915222,-0.12210983037948608,0.1743970364332199,-0.12451311945915222,-0.12210983037948608,0.1743970364332199,-0.12451314926147461,-0.12210988998413086,0.17439711093902588,False,False,1.2252004817128181,1.5876004472374916,-0.849180281162262,-0.20118854939937592,0.872687816619873,-0.8067432641983032,-0.2535591125488281,583.7949829101562,166.81365966796875,583.7949829101562,166.81365966796875,False,False,-0.17818053983726356,-0.3430105025126373,0.11293111491995986,False,,False,caught
26,1787626879.2943308,1.5437574004754424,0.061494700610637665,16.26156384322676,True,26,0.016024500131607056,0.06565780006349087,15.23048288296293,False,False,False,,7.7931928634643555,5.37398099899292,6.057816028594971,1.6654696464538574,,,4.09445858001709,True,0.124513102,0.778827950064,0,-1.0,-0.34937894344329834,1.0592759847640991,-0.12451310455799103,-0.04350225627422333,0.13189373910427094,-0.12451310455799103,-0.04350225627422333,0.13189373910427094,-0.12451311945915222,-0.06088806688785553,0.1386032998561859,-0.12451311945915222,-0.06088806688785553,0.1386032998561859,-0.12451314926147461,-0.06088829040527344,0.13860341906547546,False,False,1.148400828242302,1.7131008207798004,-0.8714132905006409,-0.16882094740867615,0.8876156806945801,-0.849180281162262,-0.20118854939937592,566.7807006835938,163.92575073242188,566.7807006835938,163.92575073242188,False,False,-0.182721818400503,-0.33652414234255246,0.11292010343151328,False,,False,caught
27,1787626879.3548272,1.6052492996677756,0.06149189919233322,16.26230467971429,False,,,,,False,False,False,,7.668679714202881,5.3130927085876465,5.917080402374268,1.6314053535461426,,,4.077121734619141,True,0.124513102,0.778827950064,0,-1.0,-1.0,1.4142135381698608,-0.12451310455799103,-0.12451310455799103,0.1760881245136261,-0.12451310455799103,-0.12451310455799103,0.1760881245136261,-0.12451311945915222,-0.11044108122587204,0.16643542051315308,-0.12451311945915222,-0.11044108122587204,0.16643542051315308,-0.12451314926147461,-0.11044120788574219,0.16643552482128143,False,False,1.6536004841327667,1.7264001071453094,-0.8430604338645935,-0.13646695017814636,0.8540340065956116,-0.8714132905006409,-0.16882094740867615,554.1113891601562,162.39022827148438,554.1113891601562,162.39022827148438,False,False,-0.1871824841489508,-0.33096544633548125,0.1129277823128407,False,,False,caught
28,1787626879.4178917,1.6662498004734516,0.06100050080567598,16.3933080350539,True,27,0.057951600290834904,0.06428099982440472,15.556696422452708,False,False,False,,7.544166564941406,5.202651500701904,5.745141506195068,1.598847508430481,,,4.027889728546143,True,0.124513102,0.778827950064,0,-1.0,-1.0,1.4142135381698608,-0.12451310455799103,-0.12451310455799103,0.1760881245136261,-0.12451310455799103,-0.12451310455799103,0.1760881245136261,-0.12451311945915222,-0.12140080332756042,0.17390133440494537,-0.12451311945915222,-0.12140080332756042,0.17390133440494537,-0.12451314926147461,-0.12140083312988281,0.17390136420726776,False,False,1.5679998323321342,2.0805001258850098,-0.8576073050498962,-0.11173947155475616,0.8648560047149658,-0.8430604338645935,-0.13646695017814636,535.611083984375,160.53305053710938,535.611083984375,160.53305053710938,False,False,-0.1929038373424186,-0.3245852643071107,0.11291217583810118,False,,False,caught
29,1787626879.4796655,1.7278367998078465,0.06158699933439493,16.237193089573417,True,28,0.054525299929082394,0.08076969999819994,12.380880454208526,False,False,False,,7.419653415679932,5.0812506675720215,5.586836814880371,1.5723727941513062,,,3.958716869354248,True,0.124513102,0.778827950064,0,-0.18482732772827148,-1.0,1.0169371366500854,-0.02301342412829399,-0.12451310455799103,0.1266220062971115,-0.02301342412829399,-0.12451310455799103,0.1266220062971115,-0.04546232521533966,-0.12382476031780243,0.13190676271915436,-0.04546232521533966,-0.12382476031780243,0.13190676271915436,-0.04546213150024414,-0.1238245964050293,0.13190653920173645,False,False,1.722400076687336,2.1462002769112587,-0.8624629378318787,-0.09713773429393768,0.8679159283638,-0.8576073050498962,-0.11173947155475616,519.1023559570312,158.67665100097656,519.1023559570312,158.67665100097656,False,False,-0.19827305317024874,-0.3188733280401485,0.11297371647831306,False,,False,caught
30,1787626879.5406125,1.7889895997941494,0.06115279998630285,16.352481002079745,True,29,0.05070509947836399,0.06479929946362972,15.432265599742722,False,False,False,,7.3741912841796875,4.957426071166992,5.447914123535156,1.5543855428695679,,,3.910399913787842,True,0.124513102,0.778827950064,0,-1.0,-1.0,1.4142135381698608,-0.12451310455799103,-0.12451310455799103,0.1760881245136261,-0.12451310455799103,-0.12451310455799103,0.1760881245136261,-0.10702924430370331,-0.1243608295917511,0.1640758216381073,-0.10702924430370331,-0.1243608295917511,0.1640758216381073,-0.10702943801879883,-0.12436103820800781,0.16407610476016998,False,False,1.2111999094486237,1.5981001779437065,-0.8361361026763916,-0.07414858043193817,0.8394173979759216,-0.8624629378318787,-0.09713773429393768,506.49420166015625,158.23715209960938,506.49420166015625,158.23715209960938,False,False,-0.2031397513608288,-0.3141005118339937,0.11297377498221116,False,,False,caught
31,1787626879.6005416,1.8499739998951554,0.06098440010100603,16.397636089618654,True,30,0.03282389976084232,0.06497640069574118,15.390203047451106,False,False,False,,7.267161846160889,4.833065032958984,5.278495788574219,1.5352729558944702,,,3.8510031700134277,True,0.124513102,0.778827950064,0,-1.0,-1.0,1.4142135381698608,-0.12451310455799103,-0.12451310455799103,0.1760881245136261,-0.12451310455799103,-0.12451310455799103,0.1760881245136261,-0.12064620852470398,-0.12447947263717651,0.1733512282371521,-0.12064620852470398,-0.12447947263717651,0.1733512282371521,-0.12064599990844727,-0.12447929382324219,0.17335094511508942,False,False,1.1352002620697021,1.703600399196148,-0.8565347790718079,-0.058516327291727066,0.8585312962532043,-0.8361361026763916,-0.07414858043193817,487.8924865722656,157.21710205078125,487.8924865722656,157.21710205078125,False,False,-0.2091541517443962,-0.3084125818707908,0.11296722219412259,False,,False,caught
32,1787626879.6619718,1.9113902999088168,0.061416300013661385,16.28232244172249,True,31,0.03140829969197512,0.07887209951877594,12.678754668651168,False,False,False,,7.146515846252441,4.708585739135742,5.123287677764893,1.52170991897583,,,3.7748682498931885,True,0.124513102,0.778827950064,0,-1.0,-1.0,1.4142135381698608,-0.12451310455799103,-0.12451310455799103,0.1760881245136261,-0.12451310455799103,-0.12451310455799103,0.1760881245136261,-0.12365781515836716,-0.12450563162565231,0.17547908425331116,-0.12365781515836716,-0.12450563162565231,0.17547908425331116,-0.1236577033996582,-0.12450551986694336,0.17547892034053802,False,False,1.1261003091931343,1.5933997929096222,-0.856220006942749,-0.05650627240538597,0.8580825328826904,-0.8565347790718079,-0.058516327291727066,472.01849365234375,155.92208862304688,472.01849365234375,155.92208862304688,False,False,-0.21477705837471464,-0.30338477435479666,0.11297713591110779,False,,False,caught
33,1787626879.722969,1.9723660005256534,0.06097570061683655,16.399975562132056,True,32,0.02789850067347288,0.06283200066536665,15.91545692338913,False,False,False,,7.022858142852783,4.584080219268799,4.981661319732666,1.5143752098083496,,,3.686403751373291,True,0.124513102,0.778827950064,0,-1.0,-0.25747525691986084,1.032614827156067,-0.12451310455799103,-0.032059043645858765,0.12857408821582794,-0.12451310455799103,-0.032059043645858765,0.12857408821582794,-0.12432391941547394,-0.05250561982393265,0.13495658338069916,-0.12432391941547394,-0.05250561982393265,0.13495658338069916,-0.12432384490966797,-0.0525054931640625,0.1349564641714096,False,False,1.1285003274679184,1.6064997762441635,-0.8395766019821167,-0.06237856671214104,0.8418907523155212,-0.856220006942749,-0.05650627240538597,458.5385437011719,154.78414916992188,458.5385437011719,154.78414916992188,False,False,-0.22005409758890732,-0.2990284462027181,0.11296030717184924,False,,False,caught
34,1787626879.7843592,2.03378580044955,0.06141979992389679,16.281394619309513,True,33,0.006766600534319878,0.06448379997164011,15.507770950840346,False,False,False,,6.898534297943115,4.531574726104736,4.813333988189697,1.5007476806640625,,,3.6788547039031982,True,0.124513102,0.778827950064,0,-1.0,-1.0,1.4142135381698608,-0.12451310455799103,-0.12451310455799103,0.1760881245136261,-0.12451310455799103,-0.12451310455799103,0.1760881245136261,-0.12447124719619751,-0.10858704149723053,0.16517940163612366,-0.12447124719619751,-0.10858704149723053,0.16517940163612366,-0.12447118759155273,-0.10858726501464844,0.16517950594425201,False,False,1.11479964107275,1.5691006556153297,-0.787993848323822,-0.023442458361387253,0.7883424758911133,-0.8395766019821167,-0.06237856671214104,444.4710388183594,155.80429077148438,444.4710388183594,155.80429077148438,False,False,-0.22617106857488087,-0.2936363470996412,0.11299286967235606,False,,False,caught
35,1787626879.845803,2.09521450009197,0.061428699642419815,16.279035789802823,True,34,0.007269600406289101,0.08255329914391041,12.11338626523887,False,False,False,,6.7740631103515625,4.422987461090088,4.657221794128418,1.4867260456085205,,,3.619757890701294,True,0.124513102,0.778827950064,0,-1.0,-0.07582628726959229,1.0028706789016724,-0.12451310455799103,-0.009441366419196129,0.12487054616212845,-0.12451310455799103,-0.009441366419196129,0.12487054616212845,-0.12450383603572845,-0.03136966750025749,0.1283949464559555,-0.12450383603572845,-0.03136967122554779,0.1283949464559555,-0.12450361251831055,-0.031369686126708984,0.1283947229385376,False,False,1.165200024843216,1.552799716591835,-0.7375137209892273,-0.010956313461065292,0.7375950813293457,-0.787993848323822,-0.023442458361387253,431.5866394042969,155.11996459960938,431.5866394042969,155.11996459960938,False,False,-0.23179598475237612,-0.2885792635009824,0.11300703395046707,False,,False,caught
36,1787626879.906731,2.156139200553298,0.06092470046132803,16.413704005565858,True,35,0.0064034005627036095,0.060927100479602814,16.413057442882582,False,False,False,,6.649559497833252,4.391617774963379,4.527163982391357,1.4827073812484741,,,3.6008780002593994,True,0.124513102,0.778827950064,0,-1.0,0.23561155796051025,1.0273815393447876,-0.12451310455799103,0.029336726292967796,0.12792246043682098,-0.12451310455799103,0.029336726292967796,0.12792246043682098,-0.12451101094484329,0.015910165384411812,0.1255234032869339,-0.12451101094484329,0.015910163521766663,0.1255234032869339,-0.1245112419128418,0.01591014862060547,0.1255236268043518,False,False,1.1684997007250786,1.7034998163580894,-0.6192563772201538,-0.00417419895529747,0.6192704439163208,-0.7375137209892273,-0.010956313461065292,425.53448486328125,155.12527465820312,425.53448486328125,155.12527465820312,False,False,-0.23670636658667354,-0.2847152806911137,0.11298611653812232,False,,False,caught
37,1787626879.969155,2.2175553999841213,0.061416199430823326,16.282349107687114,False,,,,,False,False,False,,6.52504825592041,4.407527923583984,4.384636878967285,1.4815372228622437,,,3.6252973079681396,True,0.124513102,0.778827950064,0,-1.0,-1.0,1.4142135381698608,-0.12451310455799103,-0.12451310455799103,0.1760881245136261,-0.12451310455799103,-0.12451310455799103,0.1760881245136261,-0.1245126947760582,-0.09345541149377823,0.15568341314792633,-0.1245126947760582,-0.09345541149377823,0.15568341314792633,-0.1245126724243164,-0.09345531463623047,0.15568333864212036,False,False,1.7625000327825546,2.5217998772859573,-0.472714900970459,0.010656241327524185,0.4728350043296814,-0.6192563772201538,-0.00417419895529747,419.9432373046875,155.93516540527344,419.9432373046875,155.93516540527344,False,False,-0.24217795252036356,-0.28063116735776517,0.11299141637309551,False,,False,caught
38,1787626880.0301445,2.278525600209832,0.06097020022571087,16.401455076381794,True,36,0.04815390054136515,0.06178859993815422,16.184215227419386,False,False,False,,6.400535583496094,4.314072608947754,4.2809247970581055,1.4808369874954224,,,3.5383574962615967,True,0.124513102,0.778827950064,0,-1.0,-0.414481520652771,1.0824947357177734,-0.12451310455799103,-0.0516083799302578,0.1347847878932953,-0.12451310455799103,-0.0516083799302578,0.1347847878932953,-0.12451301515102386,-0.06086375564336777,0.13859252631664276,-0.12451301515102386,-0.06086375564336777,0.13859252631664276,-0.12451314926147461,-0.06086397171020508,0.13859273493289948,False,False,1.506200060248375,1.9025998190045357,-0.36442047357559204,-0.0319865457713604,0.36582157015800476,-0.472714900970459,0.010656241327524185,415.9766845703125,153.18038940429688,415.9766845703125,153.18038940429688,False,False,-0.24615972104874817,-0.2776692161128667,0.11300168964610308,False,,False,caught
39,1787626880.0916066,2.340022100135684,0.06149649992585182,16.26108804900653,True,38,0.01918459963053465,0.06429679971188307,15.552873618610043,False,False,False,,6.276022434234619,4.253208637237549,4.192924976348877,1.4800479412078857,,,3.4683878421783447,False,0.124513102,0.778827950064,0,-1.0,-0.6424820423126221,1.188605546951294,-0.12451310455799103,-0.07999743521213531,0.14799697697162628,-0.12451310455799103,-0.07999743521213531,0.14799697697162628,-0.12451311945915222,-0.07576564699411392,0.14575304090976715,-0.12451311945915222,-0.07576564699411392,0.14575304090976715,-0.12451314926147461,-0.07576560974121094,0.14575305581092834,False,False,1.5446003526449203,2.05250084400177,-0.2475835084915161,-0.06319877505302429,0.25552237033843994,-0.36442047357559204,-0.0319865457713604,414.1440124511719,151.1350860595703,414.1440124511719,151.1350860595703,False,False,-0.24952966906565713,-0.27514931319555025,0.1129715666853006,False,,False,caught
40,1787626880.1519032,2.4013477005064487,0.06132560037076473,16.306403752334433,True,39,0.04430160019546747,0.026178999803960323,38.19855638062694,False,False,False,,6.1515092849731445,4.177443027496338,4.125334739685059,1.4732266664505005,,,3.3790783882141113,False,0.124513102,0.778827950064,0,-1.0,-0.04271054267883301,1.0009117126464844,-0.12451310455799103,-0.005318022333085537,0.12462662160396576,-0.12451310455799103,-0.005318022333085537,0.12462662160396576,-0.12451311945915222,-0.020899059250950813,0.1262548565864563,-0.12451311945915222,-0.020899057388305664,0.1262548565864563,-0.12451314926147461,-0.020899295806884766,0.12625491619110107,False,False,1.132800243794918,1.610100269317627,-0.1343173086643219,-0.10259315371513367,0.1690162569284439,-0.2475835084915161,-0.06319877505302429,414.18182373046875,147.94309997558594,414.18182373046875,147.94309997558594,False,False,-0.2519317413388061,-0.2729352952952676,0.11296249896214286,False,,False,caught
41,1787626880.2026944,2.45212160050869,0.050773900002241135,19.695158338356133,True,40,0.014744500629603863,0.03597570024430752,27.796540253812886,False,False,False,,6.02699613571167,4.156543731689453,4.089919567108154,1.463365077972412,,,3.3174502849578857,False,0.124513102,0.778827950064,0,-1.0,-0.9713572263717651,1.3941072225570679,-0.12451310455799103,-0.12094670534133911,0.17358461022377014,-0.12451310455799103,-0.12094670534133911,0.17358461022377014,-0.12451311945915222,-0.09881901741027832,0.15896135568618774,-0.12451311945915222,-0.09881901741027832,0.15896135568618774,-0.12451314926147461,-0.09881877899169922,0.1589612364768982,False,False,1.1221002787351608,1.5988005325198174,0.017608992755413055,-0.12808853387832642,0.1292932629585266,-0.1343173086643219,-0.10259315371513367,419.8896484375,145.3064422607422,419.8896484375,145.3064422607422,False,False,-0.2530032227615364,-0.27149252288731246,0.1129817679986162,False,,False,caught
42,1787626880.2591412,2.5085685001686215,0.05644689965993166,17.71576483428799,True,41,0.007101600058376789,0.08033660054206848,12.447626527044136,False,False,False,,5.902482986450195,4.057724952697754,4.065439224243164,1.4460562467575073,,,3.1930458545684814,False,0.124513102,0.778827950064,0,-1.0,0.13089114427566528,1.0085299015045166,-0.12451310455799103,0.016297662630677223,0.12557518482208252,-0.12451310455799103,0.016297662630677223,0.12557518482208252,-0.12451311945915222,-0.00916287675499916,0.12484981119632721,-0.12451311945915222,-0.009162873029708862,0.12484981119632721,-0.12451314926147461,-0.00916290283203125,0.1248498409986496,False,False,1.1916998773813248,1.5832995995879173,0.13219454884529114,-0.17550845444202423,0.21972395479679108,0.017608992755413055,-0.12808853387832642,424.4229736328125,140.51071166992188,424.4229736328125,140.51071166992188,False,False,-0.2534323203041969,-0.27002266593597823,0.11299225505357673,False,,False,caught
43,1787626880.3200967,2.56950889993459,0.06094039976596832,16.409475550543434,True,42,0.0034571001306176186,0.06409170012921095,15.602644304706654,False,False,False,,5.777969837188721,4.048562049865723,4.063174724578857,1.419170618057251,,,3.139143466949463,False,0.124513102,0.778827950064,0,-1.0,-1.0,1.4142135381698608,-0.12451310455799103,-0.12451310455799103,0.1760881245136261,-0.12451310455799103,-0.12451310455799103,0.1760881245136261,-0.12451311945915222,-0.09900087118148804,0.15907448530197144,-0.12451311945915222,-0.09900087118148804,0.15907448530197144,-0.12451314926147461,-0.09900093078613281,0.1590745449066162,False,False,1.1160001158714294,1.6190996393561363,0.318617582321167,-0.17226307094097137,0.362203985452652,0.13219454884529114,-0.17550845444202423,435.6449890136719,137.89718627929688,435.6449890136719,137.89718627929688,False,False,-0.2527212390887288,-0.26874731201372953,0.1129799378990794,False,,False,caught
44,1787626880.3814876,2.630908699706197,0.06139979977160692,16.286698062856377,False,,,,,False,False,False,,5.653456687927246,3.94956111907959,4.08758544921875,1.3888370990753174,,,3.0015430450439453,False,0.124513102,0.778827950064,0,-1.0,1.0,1.4142135381698608,-0.12451310455799103,0.12451310455799103,0.1760881245136261,-0.12451310455799103,0.12451310455799103,0.1760881245136261,-0.12451311945915222,0.07507805526256561,0.14539681375026703,-0.12451311945915222,0.07507805526256561,0.14539681375026703,-0.12451314926147461,0.07507801055908203,0.14539681375026703,False,False,1.2961002066731453,2.1372996270656586,0.492111474275589,-0.2070474624633789,0.5338935852050781,0.318617582321167,-0.17226307094097137,448.8041076660156,132.53097534179688,448.8041076660156,132.53097534179688,False,False,-0.25087905632280516,-0.268068007775526,0.11300224915113133,False,,False,caught
45,1787626880.4449716,2.692368700169027,0.06146000046283007,16.270745077601855,True,43,0.04504290036857128,0.06458679959177971,15.483039975977926,False,False,False,,5.5289435386657715,4.024639129638672,4.145071029663086,1.3516055345535278,,,3.0100185871124268,False,0.124513102,0.778827950064,0,-1.0,-0.5405921339988708,1.1367672681808472,-0.12451310455799103,-0.06731080263853073,0.14154241979122162,-0.12451310455799103,-0.06731080263853073,0.14154241979122162,-0.12451311945915222,-0.03581837937235832,0.1295626163482666,-0.12451311945915222,-0.03581838309764862,0.1295626312494278,-0.12451314926147461,-0.03581833839416504,0.129562646150589,False,False,1.9851000979542732,2.456899732351303,0.7580124735832214,-0.16332052648067474,0.7754073739051819,0.492111474275589,-0.2070474624633789,471.02752685546875,131.378662109375,471.02752685546875,131.378662109375,False,False,-0.2475539405853046,-0.26801007282878636,0.1129944968450311,False,,False,caught
46,1787626880.5038257,2.7532483004033566,0.0608796002343297,16.425863444420337,True,44,0.04161540046334267,0.08147700037807226,12.27340225290287,False,False,False,,5.404430389404297,3.988820791244507,4.2383551597595215,1.3127124309539795,,,2.9191243648529053,False,0.124513102,0.778827950064,0,-1.0,-1.0,1.4142135381698608,-0.12451310455799103,-0.12451310455799103,0.1760881245136261,-0.12451310455799103,-0.12451310455799103,0.1760881245136261,-0.12451311945915222,-0.10489630699157715,0.16280893981456757,-0.12451311945915222,-0.10489630699157715,0.16280893981456757,-0.12451314926147461,-0.10489630699157715,0.16280896961688995,False,False,1.1325003579258919,1.5760008245706558,0.9421218633651733,-0.1685221940279007,0.9570754170417786,0.7580124735832214,-0.16332052648067474,491.89154052734375,126.9755859375,491.89154052734375,126.9755859375,False,False,-0.24279232747828416,-0.268887868672021,0.11295989024822549,False,,False,caught
47,1787626880.5540946,2.803518899716437,0.05027059931308031,19.892342913441297,True,45,0.013664699159562588,0.06409529969096184,15.601768067573468,False,False,False,,5.279917240142822,3.8839244842529297,4.343057155609131,1.2876743078231812,,,2.7601125240325928,False,0.124513102,0.778827950064,0,-1.0,-1.0,1.4142135381698608,-0.12451310455799103,-0.12451310455799103,0.1760881245136261,-0.12451310455799103,-0.12451310455799103,0.1760881245136261,-0.12451311945915222,-0.12017442286014557,0.17304742336273193,-0.12451311945915222,-0.12017442286014557,0.17304742336273193,-0.12451314926147461,-0.12017440795898438,0.17304743826389313,False,False,1.1360999196767807,1.5935003757476807,1.0,-0.19831794500350952,1.0194753408432007,0.9421218633651733,-0.1685221940279007,506.1690368652344,122.47804260253906,506.1690368652344,122.47804260253906,False,False,-0.23799602778430537,-0.2707156023709331,0.11293985000022462,False,,False,caught
48,1787626880.6109836,2.8604108998551965,0.05689200013875961,17.577163705986774,True,46,0.006624000146985054,0.07822860032320023,12.783048602026826,False,False,False,,5.155404090881348,3.7637500762939453,4.500657558441162,1.2624393701553345,,,2.585584878921509,False,0.124513102,0.778827950064,0,-1.0,-1.0,1.4142135381698608,-0.12451310455799103,-0.12451310455799103,0.1760881245136261,-0.12451310455799103,-0.12451310455799103,0.1760881245136261,-0.12451311945915222,-0.12355351448059082,0.1754109114408493,-0.12451311945915222,-0.12355351448059082,0.1754109114408493,-0.12451314926147461,-0.12355351448059082,0.1754109412431717,False,False,1.2473994866013527,1.8835002556443214,1.0,-0.22804956138134003,1.025673747062683,1.0,-0.19831794500350952,522.3073120117188,117.9638900756836,522.3073120117188,117.9638900756836,False,False,-0.2311377087550691,-0.2740340466007252,0.11296245990371927,False,,False,caught
49,1787626880.6723926,2.921824499964714,0.061413600109517574,16.283038255642417,True,47,0.0045854998752474785,0.06393179949373007,15.641668276490046,False,False,False,,5.030890941619873,3.6401965618133545,4.691262245178223,1.2245073318481445,,,2.4394471645355225,False,0.124513102,0.778827950064,0,0.883192777633667,-1.0,1.3341774940490723,0.10996907204389572,-0.12451310455799103,0.16612257063388824,0.10996907204389572,-0.12451310455799103,0.16612257063388824,0.05810815840959549,-0.12430087476968765,0.13721248507499695,0.05810815095901489,-0.12430087476968765,0.13721248507499695,0.05810832977294922,-0.12430095672607422,0.1372126340866089,False,False,1.3085994869470596,1.7483998090028763,1.0,-0.2405768781900406,1.028531551361084,1.0,-0.22804956138134003,541.8252563476562,113.20088958740234,541.8252563476562,113.20088958740234,False,False,-0.22260317760070228,-0.2777206402648865,0.11293813119299587,False,,False,caught
50,1787626880.7343035,2.9827332999557257,0.06090879999101162,16.417988864459176,False,,,,,False,False,False,,5.088999271392822,3.5158956050872803,4.854203224182129,1.183525800704956,,,2.344158172607422,False,0.124513102,0.778827950064,0,-1.0,-1.0,1.4142135381698608,-0.12451310455799103,-0.12451310455799103,0.1760881245136261,-0.12451310455799103,-0.12451310455799103,0.1760881245136261,-0.08412235230207443,-0.1244661882519722,0.15022782981395721,-0.08412235975265503,-0.1244661882519722,0.15022782981395721,-0.0841221809387207,-0.1244661808013916,0.15022772550582886,False,False,1.7824005335569382,2.4855006486177444,1.0,-0.24118100106716156,1.0286730527877808,1.0,-0.2405768781900406,558.5104370117188,108.8680419921875,558.5104370117188,108.8680419921875,False,False,-0.2150329899853098,-0.2804922063413787,0.11295236344377749,False,,False,caught
51,1787626880.7957194,3.0441123005002737,0.061379000544548035,16.292217063296977,True,48,0.04481840040534735,0.06345169991254807,15.760019059824153,False,False,False,,5.004877090454102,3.3914294242858887,5.040280818939209,1.1381750106811523,,,2.253532648086548,False,0.124513102,0.778827950064,0,-1.0,-1.0,1.4142135381698608,-0.12451310455799103,-0.12451310455799103,0.1760881245136261,-0.12451310455799103,-0.12451310455799103,0.1760881245136261,-0.1155797690153122,-0.12450273334980011,0.1698811799287796,-0.1155797690153122,-0.12450273334980011,0.1698811799287796,-0.11557960510253906,-0.12450265884399414,0.16988101601600647,False,False,1.4736996963620186,1.9919993355870247,1.0,-0.1935756951570511,1.0185635089874268,1.0,-0.24118100106716156,577.564697265625,107.10870361328125,577.564697265625,107.10870361328125,False,False,-0.20641177952259457,-0.2837303007102683,0.11294761313366392,False,,False,caught
52,1787626880.85808,3.105468699708581,0.061356399208307266,16.29821848907663,True,49,0.04435049928724766,0.08230370003730059,12.150122042469455,False,False,False,,4.8892974853515625,3.2669267654418945,5.224501132965088,1.0928531885147095,,,2.199763059616089,False,0.124513102,0.778827950064,0,-0.7291560769081116,1.0,1.2376060485839844,-0.09078948944807053,0.12451310455799103,0.15409816801548004,-0.09078948944807053,0.12451310455799103,0.15409816801548004,-0.09627237170934677,0.06943778693675995,0.11870120465755463,-0.09707769751548767,0.0613483190536499,0.11483769118785858,-0.09707784652709961,0.06134843826293945,0.1148378849029541,True,False,1.9072005525231361,1.9905995577573776,1.0,-0.13290993869304657,1.008793830871582,1.0,-0.1935756951570511,596.4288940429688,106.17362976074219,596.4288940429688,106.17362976074219,False,False,-0.19784285054589879,-0.28692471117489377,0.1129080263592659,False,,False,caught
53,1787626880.9169247,3.1663680002093315,0.06089930050075054,16.42054985488176,True,50,0.040760899893939495,0.061571099795401096,16.24138602888319,False,False,False,,4.792219638824463,3.328275203704834,5.386234283447266,1.060494065284729,,,2.344287872314453,False,0.124513102,0.778827950064,0,-0.17023885250091553,-1.0,1.0143871307373047,-0.021196968853473663,-0.12451310455799103,0.126304492354393,-0.021196968853473663,-0.12451310455799103,0.126304492354393,-0.03797969967126846,-0.08340573310852051,0.09164591878652573,-0.03797969967126846,-0.08340573310852051,0.09164591878652573,-0.0379796028137207,-0.08340573310852051,0.09164587408304214,False,False,1.1392002925276756,1.5813997015357018,1.0,-0.060865066945552826,1.0018506050109863,1.0,-0.13290993869304657,612.9903564453125,107.31258392333984,612.9903564453125,107.31258392333984,False,False,-0.19052954535299532,-0.29007217691267984,0.11293153363145766,False,,False,caught
54,1787626880.9783416,3.2277790997177362,0.06141109950840473,16.283701285353796,True,51,0.022396599873900414,0.06448800023645163,15.506760890916159,False,False,False,,4.754240036010742,3.2448694705963135,5.574814796447754,1.037794589996338,,,2.3546810150146484,False,0.124513102,0.778827950064,0,-1.0,-1.0,1.4142135381698608,-0.12451310455799103,-0.12451310455799103,0.1760881245136261,-0.12451310455799103,-0.12451310455799103,0.1760881245136261,-0.10537432134151459,-0.11542131006717682,0.15628764033317566,-0.10537432134151459,-0.11542131006717682,0.15628764033317566,-0.10537433624267578,-0.11542129516601562,0.15628764033317566,False,False,1.1018002405762672,1.6077002510428429,1.0,-0.009336065500974655,1.000043511390686,1.0,-0.060865066945552826,632.301025390625,108.17381286621094,632.301025390625,108.17381286621094,False,False,-0.18244415702159397,-0.29443106373515987,0.11298673188651959,False,,False,caught
55,1787626881.0397346,3.2887006998062134,0.060921600088477135,16.414539318528874,True,52,0.01796900015324354,0.07978270016610622,12.534045575269037,False,False,False,,4.648865699768066,3.129448175430298,5.757991790771484,1.0286470651626587,,,2.375610589981079,False,0.124513102,0.778827950064,0,0.7063459753990173,-0.8478728532791138,1.1035456657409668,0.08794932812452316,-0.10557128489017487,0.1374059021472931,0.08794932812452316,-0.10557128489017487,0.1374059021472931,0.04519154131412506,-0.1077498346567154,0.11684306710958481,0.04519154131412506,-0.1077498346567154,0.11684306710958481,0.04519176483154297,-0.10774993896484375,0.11684325337409973,False,False,1.257600262761116,2.041899599134922,1.0,0.05912868306040764,1.0017465353012085,1.0,-0.009336065500974655,651.058349609375,111.52021789550781,651.058349609375,111.52021789550781,False,False,-0.17497087106325854,-0.29925815578104287,0.11298855178766674,False,,False,caught
56,1787626881.1006768,3.3500832999125123,0.061382600106298923,16.291261664840793,True,53,0.01674569956958294,0.06534819956868887,15.302640418560864,False,False,False,,4.694057464599609,3.021698236465454,5.9171142578125,1.0292565822601318,,,2.3378818035125732,False,0.124513102,0.778827950064,0,-1.0,-1.0,1.4142135381698608,-0.12451310455799103,-0.12451310455799103,0.1760881245136261,-0.12451310455799103,-0.12451310455799103,0.1760881245136261,-0.08697913587093353,-0.12080556154251099,0.14886018633842468,-0.08697913587093353,-0.12080556154251099,0.14886018633842468,-0.08697891235351562,-0.12080550193786621,0.14886000752449036,False,False,1.102600246667862,1.5390999615192413,1.0,0.05920727923512459,1.001751184463501,1.0,0.05912868306040764,667.3524780273438,111.58903503417969,667.3524780273438,111.58903503417969,False,False,-0.16873170600822887,-0.30384582443145214,0.11301312320025858,False,,False,caught
57,1787626881.1610608,3.411511099897325,0.061427799984812737,16.2792742088637,False,,,,,False,False,False,,4.607078552246094,2.900892734527588,6.109952449798584,1.0404243469238281,,,2.391646385192871,False,0.124513102,0.778827950064,0,-0.09199218451976776,-1.0,1.0042223930358887,-0.011454232037067413,-0.12451310455799103,0.12503884732723236,-0.011454232037067413,-0.12451310455799103,0.12503884732723236,-0.02815818041563034,-0.12369309365749359,0.12685765326023102,-0.02815818041563034,-0.12369309365749359,0.12685765326023102,-0.028158187866210938,-0.12369298934936523,0.12685754895210266,False,False,1.1541005223989487,1.805899664759636,1.0,0.08711731433868408,1.0037875175476074,1.0,0.05920727923512459,687.0990600585938,114.51441955566406,687.0990600585938,114.51441955566406,False,False,-0.16148110788756487,-0.309886260706141,0.11300290430574578,False,,False,caught
58,1787626881.2230961,3.472448999993503,0.060937900096178055,16.410148666457225,True,54,0.05968939978629351,0.06260940060019493,15.97204238363027,False,False,False,,4.578920364379883,2.7771997451782227,6.294284820556641,1.0523823499679565,,,2.4325852394104004,False,0.124513102,0.778827950064,0,0.05935975909233093,-1.0,1.0017602443695068,0.007391067687422037,-0.12451310455799103,0.12473227828741074,0.007391067687422037,-0.12451310455799103,0.12473227828741074,-0.0004714340902864933,-0.12433172017335892,0.12433261424303055,-0.000471433624625206,-0.12433172017335892,0.12433261424303055,-0.0004715919494628906,-0.12433171272277832,0.12433260679244995,False,False,1.182599924504757,2.1874001249670982,1.0,0.09094931185245514,1.0041273832321167,1.0,0.08711731433868408,705.9747314453125,116.0085678100586,705.9747314453125,116.0085678100586,False,False,-0.15457986498369675,-0.3157267961104659,0.11302265690550695,False,,False,caught
59,1787626881.2856092,3.5339945005252957,0.06154550053179264,16.248141478407973,True,55,0.055885800160467625,0.0796349998563528,12.557292670356249,False,False,False,,4.57844877243042,2.6528680324554443,6.45357608795166,1.0644311904907227,,,2.4574854373931885,False,0.124513102,0.778827950064,0,-0.38295647501945496,-1.0,1.0708200931549072,-0.047683101147413254,-0.12451310455799103,0.13333113491535187,-0.047683101147413254,-0.12451310455799103,0.13333113491535187,-0.03724123537540436,-0.12447299063205719,0.1299247294664383,-0.03724123537540436,-0.12447299063205719,0.1299247294664383,-0.037241458892822266,-0.12447309494018555,0.12992489337921143,False,False,1.5414999797940254,2.0447997376322746,1.0,0.05682440474629402,1.0016132593154907,1.0,0.09094931185245514,722.2861938476562,115.1255111694336,722.2861938476562,115.1255111694336,False,False,-0.148661506442937,-0.32085814859334444,0.11302248655658712,False,,False,caught
60,1787626881.3480716,3.595447899773717,0.06145339924842119,16.27249285198314,True,56,0.053587399423122406,0.06512030027806759,15.356194546553686,False,False,False,,4.541207313537598,2.528394937515259,6.645928859710693,1.0850379467010498,,,2.552083969116211,False,0.124513102,0.778827950064,0,0.03625369071960449,-1.0,1.0006569623947144,0.004514059517532587,-0.12451310455799103,0.12459490448236465,0.004514059517532587,-0.12451310455799103,0.12459490448236465,-0.00472109392285347,-0.12450426071882248,0.12459373474121094,-0.00472109392285347,-0.12450426071882248,0.12459373474121094,-0.004721164703369141,-0.12450432777404785,0.1245938092470169,False,False,2.472200430929661,1.4987997710704803,1.0,0.0119706429541111,1.00007164478302,1.0,0.05682440474629402,741.9830932617188,114.46468353271484,741.9830932617188,114.46468353271484,False,False,-0.14169394653905654,-0.32733649174150337,0.11298229017462419,False,,False,caught
61,1787626881.4089825,3.6563488002866507,0.06090090051293373,16.420118447799087,True,57,0.03321429993957281,0.06376089993864298,15.683592938027829,False,False,False,,4.5364861488342285,2.403890609741211,6.829162120819092,1.0956190824508667,,,2.6396851539611816,False,0.124513102,0.778827950064,0,1.0,-1.0,1.4142135381698608,0.12451310455799103,-0.12451310455799103,0.1760881245136261,0.12451310455799103,-0.12451310455799103,0.1760881245136261,0.09593009948730469,-0.12451116740703583,0.15718020498752594,0.09593009948730469,-0.12451116740703583,0.15718020498752594,0.09593009948730469,-0.1245112419128418,0.15718026459217072,False,False,1.4541996642947197,1.8123993650078773,1.0,-0.017320189625024796,1.0001499652862549,1.0,0.0119706429541111,760.7462158203125,113.7317886352539,760.7462158203125,113.7317886352539,False,False,-0.1347656019632216,-0.3331069991387809,0.11299030795567452,False,,False,caught
62,1787626881.4693933,3.717823799699545,0.06147499941289425,16.266775267186944,True,58,0.031976799480617046,0.08127579931169748,12.303785486808207,False,False,False,,4.632416248321533,2.279379367828369,6.988712787628174,1.0957430601119995,,,2.636878490447998,False,0.124513102,0.778827950064,0,1.0,-1.0,1.4142135381698608,0.12451310455799103,-0.12451310455799103,0.1760881245136261,0.12451310455799103,-0.12451310455799103,0.1760881245136261,0.11819134652614594,-0.1245126947760582,0.1716758757829666,0.11819134652614594,-0.1245126947760582,0.1716758757829666,0.11819124221801758,-0.1245126724243164,0.17167578637599945,False,False,1.1331001296639442,1.8230006098747253,1.0,-0.02159157767891884,1.0002330541610718,1.0,-0.017320189625024796,777.0841674804688,113.4761962890625,777.0841674804688,113.4761962890625,False,False,-0.12844016358666277,-0.337727918344043,0.11300882757258983,False,,False,caught
63,1787626881.5293198,3.778763400390744,0.0609396006911993,16.40969072093734,True,59,0.02905140072107315,0.06271490082144737,15.945173904476908,False,False,False,,4.750607490539551,2.1548666954040527,7.180771350860596,1.0910714864730835,,,2.652801513671875,False,0.124513102,0.778827950064,0,1.0,-1.0,1.4142135381698608,0.12451310455799103,-0.12451310455799103,0.1760881245136261,0.12451310455799103,-0.12451310455799103,0.1760881245136261,0.12311489135026932,-0.12451301515102386,0.17510215938091278,0.12311489135026932,-0.12451301515102386,0.17510215938091278,0.12311506271362305,-0.12451291084289551,0.17510220408439636,False,False,1.2210002169013023,1.6529997810721397,1.0,-0.022713329643011093,1.000257968902588,1.0,-0.02159157767891884,796.7509765625,112.91607666015625,796.7509765625,112.91607666015625,False,False,-0.1206627081282217,-0.3430812842621179,0.11296872693270263,False,,False,caught
64,1787626881.59085,3.8402877002954483,0.061524299904704094,16.253740417183373,True,60,0.010352199897170067,0.06386449933052063,15.658151406224261,False,False,False,,4.873722553253174,2.0303537845611572,7.365735054016113,1.0860891342163086,,,2.6649131774902344,False,0.124513102,0.778827950064,0,0.057524919509887695,-1.0,1.0016531944274902,0.007162606343626976,-0.12451310455799103,0.12471894919872284,0.007162606343626976,-0.12451310455799103,0.12471894919872284,0.03280805051326752,-0.12451306730508804,0.1287628561258316,0.03280805051326752,-0.12451306730508804,0.1287628561258316,0.03280782699584961,-0.12451303005218506,0.12876275181770325,False,False,1.1619003489613533,1.5083998441696167,1.0,-0.02911590412259102,1.000423789024353,1.0,-0.022713329643011093,815.6912841796875,111.9913330078125,815.6912841796875,111.9913330078125,False,False,-0.11314414249082554,-0.34822418184233356,0.11296395388845977,False,,False,caught
65,1787626881.654441,3.9018077002838254,0.061519999988377094,16.254876466009897,True,61,0.006865600124001503,0.0802238006144762,12.465128706698948,False,False,False,,4.906530380249023,1.9058407545089722,7.526349067687988,1.0807602405548096,,,2.7466721534729004,False,0.124513102,0.778827950064,0,-0.5123952627182007,-0.10205894708633423,0.5224604606628418,-0.06379992514848709,-0.012707676738500595,0.06505317986011505,-0.06379992514848709,-0.012707676738500595,0.06505317986011505,-0.0424329936504364,-0.03743589669466019,0.056586265563964844,-0.0424329936504364,-0.03743589669466019,0.056586265563964844,-0.04243278503417969,-0.03743588924407959,0.05658610537648201,False,False,1.4406004920601845,2.2285999730229378,1.0,-0.0422700010240078,1.000892996788025,1.0,-0.02911590412259102,832.1381225585938,110.6057357788086,832.1381225585938,110.6057357788086,False,False,-0.10657312189535097,-0.35265204764743124,0.11296985865567129,False,,False,caught
66,1787626881.7134976,3.9628969999030232,0.061089299619197845,16.369478881465866,True,63,0.004775799810886383,0.027589700184762478,36.24541018217698,False,False,False,,4.864097595214844,1.8684048652648926,7.716707229614258,1.0735337734222412,,,2.9612836837768555,False,0.124513102,0.778827950064,0,1.0,-0.6813536882400513,1.2100590467453003,0.12451310455799103,-0.08483746647834778,0.150668203830719,0.12451310455799103,-0.08483746647834778,0.150668203830719,0.08758934587240219,-0.07435356080532074,0.11489275842905045,0.08758935332298279,-0.07435356080532074,0.11489275842905045,0.08758926391601562,-0.07435357570648193,0.11489270627498627,False,False,1.1605992913246155,1.6340995207428932,0.9421284198760986,-0.033697616308927536,0.9427308440208435,1.0,-0.0422700010240078,848.0751953125,110.3874282836914,848.0751953125,110.3874282836914,False,False,-0.09874335918123481,-0.35786754286057265,0.11299177340743834,False,,False,caught
67,1787626881.7738023,4.024300900287926,0.061403900384902954,16.28561042102571,False,,,,,False,False,False,,4.951686859130859,1.7940512895584106,7.902101039886475,1.0649553537368774,,,3.0391650199890137,False,0.124513102,0.778827950064,0,1.0,0.8895609378814697,1.3384015560150146,0.12451310455799103,0.11076199263334274,0.16664853692054749,0.12451310455799103,0.11076199263334274,0.16664853692054749,0.11634659022092819,0.06981959939002991,0.13568826019763947,0.11634659022092819,0.06981959939002991,0.13568826019763947,0.11634635925292969,0.06981956958770752,0.13568805158138275,False,False,1.2637004256248474,1.7743008211255074,0.9001004695892334,-0.03318825736641884,0.9007120728492737,0.9421284198760986,-0.033697616308927536,864.4773559570312,109.52044677734375,864.4773559570312,109.52044677734375,False,False,-0.09105506386453573,-0.3628866820656607,0.11295244787899231,False,,False,caught
68,1787626881.8361077,4.085043500177562,0.06074259988963604,16.46291073837656,False,,,,,False,False,False,,5.068033218383789,1.8638708591461182,8.056390762329102,1.0590548515319824,,,3.0948359966278076,False,0.124513102,0.778827950064,0,1.0,-0.03520357608795166,1.0006194114685059,0.12451310455799103,-0.004383306484669447,0.12459023296833038,0.12451310455799103,-0.004383306484669447,0.12459023296833038,0.12270685285329819,0.012028295546770096,0.12329497933387756,0.12270685285329819,0.012028295546770096,0.12329497933387756,0.12270689010620117,0.012028336524963379,0.12329501658678055,False,False,1.4986004680395126,2.4688001722097397,0.8838110566139221,-0.004942212253808975,0.88382488489151,0.9001004695892334,-0.03318825736641884,879.2757568359375,110.67818450927734,879.2757568359375,110.67818450927734,False,False,-0.08468550792494792,-0.3671265568702401,0.11293185757682787,False,,False,caught
69,1787626881.8982089,4.146598200313747,0.06155470013618469,16.245713126496963,True,65,0.013950900174677372,0.14741230010986328,6.783694435638824,False,False,False,,5.19074010848999,1.8758991956710815,8.22591781616211,1.0533688068389893,,,3.14465594291687,False,0.124513102,0.778827950064,0,1.0,-1.0,1.4142135381698608,0.12451310455799103,-0.12451310455799103,0.1760881245136261,0.12451310455799103,-0.12451310455799103,0.1760881245136261,0.12411362677812576,-0.09431395679712296,0.15588237345218658,0.12411362677812576,-0.09431395679712296,0.15588237345218658,0.12411355972290039,-0.09431397914886475,0.1558823436498642,False,False,1.5334002673625946,2.2427998483181,0.856096088886261,0.003919478505849838,0.8561050891876221,0.8838110566139221,-0.004942212253808975,894.9325561523438,110.6395034790039,894.9325561523438,110.6395034790039,False,False,-0.07770144802935146,-0.3718284151238504,0.11293186980603383,False,,False,caught
70,1787626881.9585538,4.207996400073171,0.06139819975942373,16.28712248760216,True,66,0.04136340040713549,0.02710380032658577,36.89519506307434,False,False,False,,5.314853668212891,1.7815852165222168,8.389328956604004,1.0504777431488037,,,3.160208225250244,False,0.124513102,0.778827950064,0,0.5695292949676514,-1.0,1.1508100032806396,0.07091385871171951,-0.12451310455799103,0.1432909220457077,0.07091385871171951,-0.12451310455799103,0.1432909220457077,0.08268015086650848,-0.11783390492200851,0.14394733309745789,0.08268015086650848,-0.11783390492200851,0.14394733309745789,0.08268022537231445,-0.11783385276794434,0.14394733309745789,False,False,1.1058999225497246,1.6695000231266022,0.8268529176712036,-0.015725042670965195,0.8270024061203003,0.856096088886261,0.003919478505849838,909.869140625,109.10127258300781,909.869140625,109.10127258300781,False,False,-0.0710416277405244,-0.37648467031438215,0.1129340413051988,False,,False,caught
71,1787626882.0194728,4.268908499740064,0.06091209966689348,16.417099483824114,True,67,0.02069489937275648,0.03374429978430271,29.634634779566042,False,False,False,,5.397533893585205,1.6637513637542725,8.527003288269043,1.051809310913086,,,3.1887383460998535,False,0.124513102,0.778827950064,0,1.0,1.0,1.4142135381698608,0.12451310455799103,0.12451310455799103,0.1760881245136261,0.12451310455799103,0.12451310455799103,0.1760881245136261,0.11526084691286087,0.07091273367404938,0.1353280395269394,0.11444976925849915,0.06621398031711578,0.1322234570980072,0.11444997787475586,0.06621396541595459,0.13222362101078033,True,False,1.1280998587608337,1.650300808250904,0.7775663137435913,-0.040684718638658524,0.7786299586296082,0.8268529176712036,-0.015725042670965195,920.9387817382812,107.6713638305664,920.9387817382812,107.6713638305664,False,False,-0.06554379112653969,-0.3805829774565683,0.11295978141562335,False,,False,caught
72,1787626882.0799432,4.3293224005028605,0.0604139007627964,16.55248191846291,True,68,0.020363000221550465,0.0815786998718977,12.258101705105512,False,False,False,,5.511983871459961,1.729965329170227,8.681557655334473,1.048582911491394,,,3.2419869899749756,False,0.124513102,0.778827950064,0,1.0,-0.18534386157989502,1.0170310735702515,0.12451310455799103,-0.023077739402651787,0.12663370370864868,0.12451310455799103,-0.023077739402651787,0.12663370370864868,0.12228742986917496,-0.0033289100974798203,0.12233273684978485,0.12228742986917496,-0.0033289119601249695,0.12233273684978485,0.12228727340698242,-0.0033289194107055664,0.12233258038759232,False,False,1.1519994586706161,1.537499949336052,0.7617389559745789,-0.015276763588190079,0.7618920803070068,0.7775663137435913,-0.040684718638658524,935.7927856445312,108.93089294433594,935.7927856445312,108.93089294433594,False,False,-0.059212029393657925,-0.3849768068077473,0.11295436345129166,False,,False,caught
73,1787626882.1412814,4.390217199921608,0.060894799418747425,16.421763591393557,True,69,0.016632799990475178,0.06074659992009401,16.461826691788488,False,False,False,,5.634271144866943,1.7266364097595215,8.807297706604004,1.0407229661941528,,,3.246316909790039,False,0.124513102,0.778827950064,0,0.8432890176773071,-0.47252947092056274,0.9666542410850525,0.10500053316354752,-0.058836109936237335,0.12036111950874329,0.10500053316354752,-0.058836109936237335,0.12036111950874329,0.10882388055324554,-0.046559471637010574,0.11836563050746918,0.10882388055324554,-0.046559471637010574,0.11836563050746918,0.10882377624511719,-0.04655945301055908,0.11836551874876022,False,False,1.1556996032595634,1.7466004937887192,0.7308743596076965,-0.009995188564062119,0.7309426665306091,0.7617389559745789,-0.015276763588190079,946.7721557617188,108.43927001953125,946.7721557617188,108.43927001953125,False,False,-0.05388518670985761,-0.38832007024055576,0.11296189176422525,False,,False,caught
74,1787626882.201157,4.451606299728155,0.061389099806547165,16.289536793197115,False,,,,,False,False,False,,5.7430949211120605,1.6800769567489624,8.946037292480469,1.0339604616165161,,,3.2674617767333984,False,0.124513102,0.778827950064,0,1.0,-0.16181564331054688,1.0130075216293335,0.12451310455799103,-0.02014816738665104,0.12613272666931152,0.12451310455799103,-0.02014816738665104,0.12613272666931152,0.12104307115077972,-0.025989606976509094,0.12380179762840271,0.12104307115077972,-0.025989606976509094,0.12380179762840271,0.12104320526123047,-0.025989651679992676,0.12380193918943405,False,False,1.7044004052877426,1.5495000407099724,0.7018247246742249,-0.007679443806409836,0.7018667459487915,0.7308743596076965,-0.009995188564062119,959.1943359375,107.87617492675781,959.1943359375,107.87617492675781,False,False,-0.04806148490630025,-0.39210003235662133,0.11295976887654925,False,,False,caught
75,1787626882.2646358,4.513057000003755,0.061450700275599957,16.273207555245175,True,70,0.05926600005477667,0.06462430022656918,15.47405537072055,False,False,False,,5.864138126373291,1.6540873050689697,9.081313133239746,1.0328463315963745,,,3.2766072750091553,False,0.124513102,0.778827950064,0,1.0,-0.7955443263053894,1.277846097946167,0.12451310455799103,-0.0990556925535202,0.15910859405994415,0.12451310455799103,-0.0990556925535202,0.15910859405994415,0.12374566495418549,-0.08289552479982376,0.148945152759552,0.12374566495418549,-0.08289552479982376,0.148945152759552,0.12374544143676758,-0.08289551734924316,0.14894495904445648,False,False,1.4166003093123436,2.224799245595932,0.6749891042709351,-0.0018007270991802216,0.6749915480613708,0.7018247246742249,-0.007679443806409836,971.3977661132812,108.12906646728516,971.3977661132812,108.12906646728516,False,False,-0.04255302334635852,-0.39603768108011034,0.11296324310139766,False,,False,caught
76,1787626882.3255966,4.5740021001547575,0.06094510015100241,16.408209971307304,True,71,0.0547861997038126,0.08042799960821867,12.433480937872453,False,False,False,,5.987883567810059,1.5711917877197266,9.194693565368652,1.030591607093811,,,3.2520575523376465,False,0.124513102,0.778827950064,0,0.026798248291015625,-1.0,1.0003589391708374,0.0033367332071065903,-0.12451310455799103,0.12455780804157257,0.0033367332071065903,-0.12451310455799103,0.12455780804157257,0.0299677737057209,-0.11530846357345581,0.11913903057575226,0.029967769980430603,-0.11530846357345581,0.11913903057575226,0.029967784881591797,-0.11530852317810059,0.11913909018039703,False,False,1.3896999880671501,2.191999927163124,0.6507112383842468,-0.007773365825414658,0.6507576704025269,0.6749891042709351,-0.0018007270991802216,981.5162963867188,107.5172119140625,981.5162963867188,107.5172119140625,False,False,-0.037888062189678176,-0.3992821637305659,0.11295999118165341,False,,False,caught
77,1787626882.386936,4.635358700528741,0.06135660037398338,16.298165053225848,True,72,0.05461890064179897,0.06519410014152527,15.338811300856529,False,False,False,,6.01785135269165,1.455883264541626,9.321151733398438,1.0283608436584473,,,3.3308510780334473,False,0.124513102,0.778827950064,0,1.0,-1.0,1.4142135381698608,0.12451310455799103,-0.12451310455799103,0.1760881245136261,0.12451310455799103,-0.12451310455799103,0.1760881245136261,0.1036023274064064,-0.12247731536626816,0.16041861474514008,0.1036023274064064,-0.12247731536626816,0.16041861474514008,0.10360240936279297,-0.12247729301452637,0.16041865944862366,False,False,1.7138998955488205,1.721399836242199,0.59442538022995,-0.011584039777517319,0.5945382118225098,0.6507112383842468,-0.007773365825414658,991.0074462890625,107.04380798339844,991.0074462890625,107.04380798339844,False,False,-0.03268844501507088,-0.40291771755838923,0.11297092439792947,False,,False,caught
78,1787626882.4483507,4.696759199723601,0.06140049919486046,16.286512538381857,True,73,0.035360499285161495,0.06152440048754215,16.253713844842522,False,False,False,,6.121453762054443,1.3334059715270996,9.441306114196777,1.027018666267395,,,3.33396053314209,False,0.124513102,0.778827950064,0,1.0,-0.5911979079246521,1.1616863012313843,0.12451310455799103,-0.07361188530921936,0.14464516937732697,0.12451310455799103,-0.07361188530921936,0.14464516937732697,0.11988824605941772,-0.08441954851150513,0.146628275513649,0.11988824605941772,-0.08441954851150513,0.146628275513649,0.1198883056640625,-0.08441948890686035,0.14662829041481018,False,False,1.254800707101822,1.9244998693466187,0.5784090161323547,-0.013287749141454697,0.5785616636276245,0.59442538022995,-0.011584039777517319,1002.3271484375,106.79603576660156,1002.3271484375,106.79603576660156,False,False,-0.027767636062854522,-0.40641107958557143,0.11295727053898122,False,,False,caught
79,1787626882.5092278,4.757645400241017,0.060886200517416,16.42408282175463,True,74,0.029451300390064716,0.08066709991544485,12.396627634415998,False,False,False,,6.241342067718506,1.2489864826202393,9.536341667175293,1.0247427225112915,,,3.302621364593506,False,0.124513102,0.778827950064,0,1.0,-1.0,1.4142135381698608,0.12451310455799103,-0.12451310455799103,0.1760881245136261,0.12451310455799103,-0.12451310455799103,0.1760881245136261,0.12349022924900055,-0.11564552038908005,0.16918547451496124,0.12349022924900055,-0.11564552038908005,0.16918547451496124,0.1234903335571289,-0.11564552783966064,0.1691855490207672,False,False,1.2487992644309998,1.8184995278716087,0.5792416334152222,-0.007366638630628586,0.5792884826660156,0.5784090161323547,-0.013287749141454697,1012.1099853515625,106.92982482910156,1012.1099853515625,106.92982482910156,False,False,-0.023832090801876975,-0.4091221497786727,0.11297693079885505,False,,False,caught
80,1787626882.569656,4.819030799902976,0.06138539966195822,16.290518682078734,True,75,0.028658099472522736,0.06679710000753403,14.970709804575502,False,False,False,,6.364832401275635,1.1333409547805786,9.645278930664062,1.0207515954971313,,,3.2823781967163086,False,0.124513102,0.778827950064,0,1.0,-0.6712690591812134,1.2044094800949097,0.12451310455799103,-0.08358179777860641,0.14996476471424103,0.12451310455799103,-0.08358179777860641,0.14996476471424103,0.12428690493106842,-0.09067340195178986,0.15384700894355774,0.12428690493106842,-0.09067340195178986,0.15384700894355774,0.12428712844848633,-0.09067344665527344,0.15384720265865326,False,False,1.108899712562561,1.5675006434321404,0.5846782326698303,-0.006268661469221115,0.5847118496894836,0.5792416334152222,-0.007366638630628586,1023.5992431640625,106.5805892944336,1023.5992431640625,106.5805892944336,False,False,-0.01927129798174546,-0.4121704990646058,0.11298008725389963,False,,False,caught
81,1787626882.630614,4.880044899880886,0.06101409997791052,16.38965420061984,True,76,0.010307399556040764,0.06217839941382408,16.08275557793903,False,False,False,,6.489119529724121,1.0426675081253052,9.753877639770508,1.0161497592926025,,,3.2648658752441406,False,0.124513102,0.778827950064,0,1.0,-1.0,1.4142135381698608,0.12451310455799103,-0.12451310455799103,0.1760881245136261,0.12451310455799103,-0.12451310455799103,0.1760881245136261,0.12446312606334686,-0.11702872067689896,0.17084142565727234,0.12446312606334686,-0.11702872067689896,0.17084142565727234,0.12446308135986328,-0.11702871322631836,0.17084138095378876,False,False,1.1026998981833458,1.5902994200587273,0.5801830887794495,-0.0003147833049297333,0.5801831483840942,0.5846782326698303,-0.006268661469221115,1034.443603515625,106.47270202636719,1034.443603515625,106.47270202636719,False,False,-0.014699516739360177,-0.4151844996423511,0.11295290462645241,False,,False,caught
82,1787626882.6899998,4.940425700508058,0.06038080062717199,16.561555819284543,True,77,0.0076684001833200455,0.079364700242877,12.600060189728369,False,False,False,,6.613582611083984,0.9256387948989868,9.847464561462402,1.0138739347457886,,,3.2350854873657227,False,0.124513102,0.778827950064,0,0.9516173601150513,-1.0,1.3804258108139038,0.11848883330821991,-0.12451310455799103,0.17188110947608948,0.11848883330821991,-0.12451310455799103,0.17188110947608948,0.11981017142534256,-0.12285777181386948,0.1716056764125824,0.11981017142534256,-0.12285777181386948,0.1716056764125824,0.11981010437011719,-0.12285774946212769,0.17160561680793762,False,False,1.1021001264452934,1.545799896121025,0.5744535326957703,0.0001838989555835724,0.5744535326957703,0.5801830887794495,-0.0003147833049297333,1043.6748046875,106.26554870605469,1043.6748046875,106.26554870605469,False,False,-0.010811218867422003,-0.4178605710396627,0.11296085508984682,False,,False,caught
83,1787626882.7525046,5.001908799633384,0.06148309912532568,16.264632301010458,True,78,0.0024690991267561913,0.0630206000059843,15.867827343837444,False,False,False,,6.733392715454102,0.8027810454368591,9.958032608032227,1.013490080833435,,,3.2315168380737305,False,0.124513102,0.778827950064,0,1.0,1.0,1.4142135381698608,0.12451310455799103,0.12451310455799103,0.1760881245136261,0.12451310455799103,0.12451310455799103,0.1760881245136261,0.12347293645143509,0.06980159133672714,0.14183732867240906,0.12336032092571259,0.06387816369533539,0.1389179229736328,0.12336015701293945,0.06387817859649658,0.13891777396202087,True,False,1.1568991467356682,1.5847999602556229,0.5670888423919678,0.010676715523004532,0.5671893358230591,0.5744535326957703,0.0001838989555835724,1054.54443359375,106.88511657714844,1054.54443359375,106.88511657714844,False,False,-0.006288736909583483,-0.42112903438111743,0.11297864525377836,False,,False,caught
84,1787626882.8134313,5.062831100076437,0.060922300443053246,16.414350619191474,False,,,,,False,False,False,,6.856752872467041,0.8666592240333557,10.050055503845215,1.0130589008331299,,,3.1966567039489746,False,0.124513102,0.778827950064,0,0.9451177716255188,-0.7481049299240112,1.2053664922714233,0.11767955124378204,-0.0931488648056984,0.15008392930030823,0.11767955124378204,-0.0931488648056984,0.15008392930030823,0.11893594264984131,-0.0584188774228096,0.13250857591629028,0.11893594264984131,-0.0584188774228096,0.13250857591629028,0.11893606185913086,-0.058418869972229004,0.13250868022441864,False,False,1.4367997646331787,2.4000992998480797,0.5543947815895081,0.04228896275162697,0.5560053586959839,0.5670888423919678,0.010676715523004532,1063.187744140625,108.82769775390625,1063.187744140625,108.82769775390625,False,False,-0.0025176710546155738,-0.4238467706324725,0.11297618023165217,False,,False,caught
85,1787626882.8768587,5.124243100173771,0.061412000097334385,16.283462489660966,True,79,0.04413000028580427,0.06674810033291578,14.981699778905403,False,False,False,,6.975688934326172,0.8082403540611267,10.153831481933594,1.0127876996994019,,,3.184718132019043,False,0.124513102,0.778827950064,0,-0.22498607635498047,-1.0,1.0249969959259033,-0.028013715520501137,-0.12451310455799103,0.12762555480003357,-0.028013715520501137,-0.12451310455799103,0.12762555480003357,0.004487467929720879,-0.10989490896463394,0.10998649150133133,0.004487469792366028,-0.10989490896463394,0.10998649150133133,0.004487514495849609,-0.10989493131637573,0.10998651385307312,False,False,1.7196005210280418,2.1452996879816055,0.5455002784729004,0.04850952699780464,0.5476529002189636,0.5543947815895081,0.04228896275162697,1073.267822265625,109.1904296875,1073.267822265625,109.1904296875,False,False,0.0017317864818260315,-0.42692407865295745,0.1129970258898899,False,,False,caught
86,1787626882.938277,5.185193699784577,0.06095059961080551,16.406729488887866,True,80,0.04041069932281971,0.08083739969879389,12.370511715197097,False,False,False,,6.9801764488220215,0.698345422744751,10.258227348327637,1.0181387662887573,,,3.2936129570007324,False,0.124513102,0.778827950064,0,0.7168920040130615,-1.0,1.2304203510284424,0.0892624482512474,-0.12451310455799103,0.15320345759391785,0.0892624482512474,-0.12451310455799103,0.15320345759391785,0.07051260769367218,-0.12127997726202011,0.14028848707675934,0.07051260769367218,-0.12127997726202011,0.14028848707675934,0.07051277160644531,-0.12127995491027832,0.1402885466814041,False,False,1.8978007137775421,2.087099477648735,0.4790555536746979,0.0661567896604538,0.48360204696655273,0.5455002784729004,0.04850952699780464,1079.8756103515625,110.86087799072266,1079.8756103515625,110.86087799072266,False,False,0.005824919426682695,-0.43027580850138214,0.11296244469718934,False,,False,caught
87,1787626882.9961257,5.245559699833393,0.060366000048816204,16.565616393190364,True,81,0.036853499710559845,0.06443599984049797,15.519274977890555,False,False,False,,7.050689220428467,0.5770654678344727,10.345468521118164,1.0268810987472534,,,3.325342893600464,False,0.124513102,0.778827950064,0,1.0,-0.8504647612571716,1.3127415180206299,0.12451310455799103,-0.10589400678873062,0.16345353424549103,0.12451310455799103,-0.10589400678873062,0.16345353424549103,0.11256974190473557,-0.10929694771766663,0.15690051019191742,0.11256974190473557,-0.10929694771766663,0.15690051019191742,0.11256980895996094,-0.10929694771766663,0.156900554895401,False,False,1.2233993038535118,1.6783000901341438,0.4543006122112274,0.07238031923770905,0.46003037691116333,0.4790555536746979,0.0661567896604538,1087.2882080078125,112.16841125488281,1087.2882080078125,112.16841125488281,False,False,0.009106928330423559,-0.4332711076347704,0.11295364304205044,False,,False,caught
88,1787626883.057526,5.306983199901879,0.06142350006848574,16.280413829967745,True,82,0.020422699861228466,0.06392410025000572,15.643552214094878,False,False,False,,7.163259029388428,0.46776852011680603,10.436272621154785,1.0376102924346924,,,3.322248935699463,False,0.124513102,0.778827950064,0,1.0,-1.0,1.4142135381698608,0.12451310455799103,-0.12451310455799103,0.1760881245136261,0.12451310455799103,-0.12451310455799103,0.1760881245136261,0.12187159061431885,-0.12114772200584412,0.17184136807918549,0.12187159061431885,-0.12114772200584412,0.17184136807918549,0.1218714714050293,-0.12114772200584412,0.17184127867221832,False,False,1.1097993701696396,1.601099967956543,0.4436613619327545,0.08065889775753021,0.4509337544441223,0.4543006122112274,0.07238031923770905,1095.9329833984375,113.81339263916016,1095.9329833984375,113.81339263916016,False,False,0.012471223247423072,-0.4364640580072197,0.11295929190921239,False,,False,caught
89,1787626883.1184218,5.3678369000554085,0.060853700153529644,16.432854493269428,True,83,0.01629779953509569,0.07786040008068085,12.843499377909382,False,False,False,,7.285130500793457,0.3466207981109619,10.515035629272461,1.0502824783325195,,,3.305665969848633,False,0.124513102,0.778827950064,0,1.0,-0.1440199613571167,1.0103176832199097,0.12451310455799103,-0.01793237216770649,0.1257977932691574,0.12451310455799103,-0.01793237216770649,0.1257977932691574,0.12392885237932205,-0.040760722011327744,0.1304599493741989,0.12392885237932205,-0.04076072573661804,0.1304599493741989,0.12392902374267578,-0.04076072573661804,0.13046011328697205,False,False,1.1245999485254288,1.5490995720028877,0.4265059530735016,0.09779323637485504,0.4375738203525543,0.4436613619327545,0.08065889775753021,1102.944091796875,116.2188491821289,1102.944091796875,116.2188491821289,False,False,0.015279556893686685,-0.4393865780506587,0.11301301608045528,False,,False,caught
90,1787626883.179859,5.429304400458932,0.061467500403523445,16.268759806973993,True,84,0.014058600179851055,0.06497499998658895,15.390534824261687,False,False,False,,7.409059524536133,0.30586007237434387,10.585838317871094,1.0624032020568848,,,3.2656209468841553,False,0.124513102,0.778827950064,0,1.0,-1.0,1.4142135381698608,0.12451310455799103,-0.12451310455799103,0.1760881245136261,0.12451310455799103,-0.12451310455799103,0.1760881245136261,0.12438392639160156,-0.10598942637443542,0.1634170114994049,0.12438392639160156,-0.10598942637443542,0.1634170114994049,0.12438392639160156,-0.005860060453414917,0.1245218962430954,False,True,1.1441996321082115,1.6187001019716263,0.411451518535614,0.12300007045269012,0.4294430911540985,0.4265059530735016,0.09779323637485504,1109.2694091796875,119.07411193847656,1109.2694091796875,119.07411193847656,False,False,0.01778101743263925,-0.4420476870771214,0.11301042481926823,False,,False,caught
91,1787626883.2412975,5.4902637004852295,0.06095930002629757,16.404387838584178,False,,,,,False,False,False,,7.533443450927734,0.30000001192092896,10.665693283081055,1.07952082157135,,,3.2277920246124268,False,0.124513102,0.778827950064,0,1.0,-1.0,1.4142135381698608,0.12451310455799103,-0.12451310455799103,0.1760881245136261,0.12451310455799103,-0.12451310455799103,0.1760881245136261,0.12448453903198242,-0.09827037155628204,0.15859843790531158,0.12448453903198242,-0.09827037155628204,0.15859843790531158,0.12448453903198242,0.0,0.12448453903198242,False,True,1.2846002355217934,2.503899857401848,0.40209776163101196,0.15211568772792816,0.4299090504646301,0.411451518535614,0.12300007045269012,1116.871826171875,122.69881439208984,1116.871826171875,122.69881439208984,False,False,0.020489128370089697,-0.44520525736519423,0.11294644583145137,False,,False,caught
92,1787626883.3032174,5.5516005996614695,0.06133689917623997,16.303399966905555,True,85,0.055765099823474884,0.06370669975876808,15.696936174477756,False,False,False,,7.657927989959717,0.30000001192092896,10.741291046142578,1.1040364503860474,,,3.186471700668335,False,0.124513102,0.778827950064,0,1.0,-1.0,1.4142135381698608,0.12451310455799103,-0.12451310455799103,0.1760881245136261,0.12451310455799103,-0.12451310455799103,0.1760881245136261,0.12450679391622543,-0.09697429090738297,0.15781620144844055,0.12450679391622543,-0.09697429090738297,0.15781620144844055,0.12450695037841797,0.0,0.12450695037841797,False,True,1.352599821984768,1.894799992442131,0.39279693365097046,0.1870255023241043,0.4350493848323822,0.40209776163101196,0.15211568772792816,1124.0416259765625,127.46318054199219,1124.0416259765625,127.46318054199219,False,False,0.022777759958149138,-0.4485689175774924,0.11294392397274225,False,,False,caught
93,1787626883.352601,5.602017500437796,0.050416900776326656,19.834618641801793,True,87,0.014639300294220448,0.06485679931938648,15.418583872378788,False,False,False,,7.782434940338135,0.30000001192092896,10.795931816101074,1.1244595050811768,,,3.1242432594299316,False,0.124513102,0.778827950064,0,1.0,-1.0,1.4142135381698608,0.12451310455799103,-0.12451310455799103,0.1760881245136261,0.12451310455799103,-0.12451310455799103,0.1760881245136261,0.12451174855232239,-0.09697429090738297,0.15782012045383453,0.12451174855232239,-0.09697429090738297,0.15782012045383453,0.12451171875,0.0,0.12451171875,False,True,1.1093001812696457,1.5377998352050781,0.3806864619255066,0.21864764392375946,0.43900907039642334,0.39279693365097046,0.1870255023241043,1128.8927001953125,131.5919189453125,1128.8927001953125,131.5919189453125,False,False,0.024342455670806354,-0.45112194681419654,0.11296653857394272,False,,False,caught
94,1787626883.4078655,5.658789600245655,0.05677209980785847,17.614285950042994,False,,,,,False,False,False,,7.906946659088135,0.30000001192092896,10.861038208007812,1.152595043182373,,,3.074666738510132,False,0.124513102,0.778827950064,0,1.0,-0.5757966041564941,1.1539244651794434,0.12451310455799103,-0.07169422507286072,0.1436787247657776,0.12451310455799103,-0.07169422507286072,0.1436787247657776,0.12451280653476715,-0.055837467312812805,0.13645975291728973,0.12451280653476715,-0.055837467312812805,0.13645975291728973,0.12451314926147461,0.0,0.12451314926147461,False,True,1.2157997116446495,1.7934003844857216,0.37359920144081116,0.25470682978630066,0.45216360688209534,0.3806864619255066,0.21864764392375946,1135.124267578125,136.8079376220703,1135.124267578125,136.8079376220703,False,False,0.026080638529441074,-0.4543348418312465,0.11298674892348523,False,,False,caught
95,1787626883.4698036,5.720234399661422,0.06144479941576719,16.274770354989435,True,88,0.015153199434280396,0.026720300316810608,37.42472906903922,False,False,False,,8.03145980834961,0.30000001192092896,10.931802749633789,1.1936521530151367,,,3.034897565841675,False,0.124513102,0.778827950064,0,1.0,0.38043707609176636,1.069921612739563,0.12451310455799103,0.04736940190196037,0.13321927189826965,0.12451310455799103,0.04736940190196037,0.13321927189826965,0.12451311945915222,0.036892615258693695,0.1298637092113495,0.12451311945915222,0.036892615258693695,0.1298637092113495,0.1245126724243164,0.03689262270927429,0.12986327707767487,False,False,1.15169957280159,1.5347003936767578,0.3630923330783844,0.29712384939193726,0.4691680073738098,0.37359920144081116,0.25470682978630066,1141.7249755859375,143.77789306640625,1141.7249755859375,143.77789306640625,False,False,0.0276215001049203,-0.4582968252964947,0.11300445900475568,False,,False,caught
96,1787626883.5328074,5.781210600398481,0.060976200737059116,16.399841051301124,True,89,0.012668200768530369,0.1176741998642683,8.498039512088914,False,False,False,,8.155972480773926,0.33689263463020325,10.991466522216797,1.2339212894439697,,,2.974001884460449,False,0.124513102,0.778827950064,0,1.0,0.4326416850090027,1.089577317237854,0.12451310455799103,0.05386956036090851,0.13566666841506958,0.12451310455799103,0.05386956036090851,0.13566666841506958,0.12451301515102386,0.05011473596096039,0.13421988487243652,0.12451301515102386,0.05011473596096039,0.13421988487243652,0.1245126724243164,0.050114721059799194,0.13421955704689026,False,False,1.564299687743187,2.1453993394970894,0.36277902126312256,0.34660089015960693,0.5017377734184265,0.3630923330783844,0.29712384939193726,1147.8153076171875,151.10922241210938,1147.8153076171875,151.10922241210938,False,False,0.02873241357332557,-0.46189007142768085,0.11299152050983924,False,,False,caught
97,1787626883.5932925,5.842726499773562,0.06151589937508106,16.25596000641553,True,91,0.010934099555015564,0.026875599287450314,37.20847261132349,False,False,False,,8.280485153198242,0.38700735569000244,11.06123161315918,1.288109540939331,,,2.9231040477752686,False,0.124513102,0.778827950064,0,0.8052282333374023,0.08250266313552856,0.8094437122344971,0.10026146471500397,0.010272663086652756,0.10078635066747665,0.10026146471500397,0.010272663086652756,0.10078635066747665,0.10562516003847122,0.019084613770246506,0.10733544081449509,0.10562516003847122,0.019084613770246506,0.10733544081449509,0.10562515258789062,0.01908460259437561,0.10733542591333389,False,False,1.114499755203724,1.5627006068825722,0.36974021792411804,0.4029092788696289,0.5468488931655884,0.36277902126312256,0.34660089015960693,1155.386962890625,160.32882690429688,1155.386962890625,160.32882690429688,False,False,0.029794828422790368,-0.46640844199586295,0.11296455251812429,False,,False,caught
98,1787626883.653662,5.903085700236261,0.060359200462698936,16.567482543410836,False,,,,,False,False,False,,8.386110305786133,0.40609195828437805,11.118494987487793,1.3454898595809937,,,2.8893587589263916,False,0.124513102,0.778827950064,0,1.0,-1.0,1.4142135381698608,0.12451310455799103,-0.12451310455799103,0.1760881245136261,0.12451310455799103,-0.12451310455799103,0.1760881245136261,0.12033562362194061,-0.09275331348180771,0.1519336700439453,0.12033562362194061,-0.09275331348180771,0.1519336700439453,0.12033557891845703,-0.0927533209323883,0.15193364024162292,False,False,1.385900191962719,2.1856995299458504,0.3574063181877136,0.45134735107421875,0.5757201910018921,0.36974021792411804,0.4029092788696289,1160.492919921875,169.3880615234375,1160.492919921875,169.3880615234375,False,False,0.030237215984190862,-0.4706924025283795,0.1129151502949651,False,,False,caught
99,1787626883.7166245,5.964010300114751,0.06092459987848997,16.41373110360073,True,92,0.046622900292277336,0.036625999957323074,27.303008823382527,False,False,False,,8.50644588470459,0.31333863735198975,11.185065269470215,1.4204540252685547,,,2.898397207260132,False,0.124513102,0.778827950064,0,1.0,0.5385966300964355,1.135819673538208,0.12451310455799103,0.06706234067678452,0.14142443239688873,0.12451310455799103,0.06706234067678452,0.14142443239688873,0.1235891580581665,0.03171558678150177,0.1275937259197235,0.1235891580581665,0.03171558678150177,0.1275937259197235,0.12358951568603516,0.031715571880340576,0.12759406864643097,False,False,1.8418999388813972,2.45559960603714,0.3204447329044342,0.4869728982448578,0.5829471945762634,0.3574063181877136,0.45134735107421875,1165.038818359375,179.48443603515625,1165.038818359375,179.48443603515625,False,False,0.030476512696458326,-0.47603815775385655,0.11292467892369255,False,,False,caught
100,1787626883.7781012,6.025478799827397,0.06146849971264601,16.268495321584503,True,93,0.04847100004553795,0.08557810075581074,11.685232450453748,False,False,False,,8.630035400390625,0.3450542092323303,11.253266334533691,1.5035736560821533,,,2.867666006088257,False,0.124513102,0.778827950064,0,1.0,0.7347290515899658,1.240897536277771,0.12451310455799103,0.09148339182138443,0.15450800955295563,0.12451310455799103,0.09148339182138443,0.15450800955295563,0.12430883944034576,0.07826441526412964,0.14689454436302185,0.12430883944034576,0.07826441526412964,0.14689454436302185,0.12430858612060547,0.07826441526412964,0.14689432084560394,False,False,1.543399877846241,2.3291995748877525,0.3197284936904907,0.5313112735748291,0.6200951337814331,0.3204447329044342,0.4869728982448578,1171.9786376953125,190.98336791992188,1171.9786376953125,190.98336791992188,False,False,0.030511404187888315,-0.481792047523516,0.11292863393743349,False,,False,caught
101,1787626883.8374343,6.086383700370789,0.060904900543391705,16.419040029259218,True,94,0.04543269984424114,0.05937729962170124,16.841452985755513,False,False,False,,8.75434398651123,0.42331862449645996,11.304055213928223,1.582978367805481,,,2.801042318344116,False,0.124513102,0.778827950064,0,1.0,0.5043322443962097,1.1199781894683838,0.12451310455799103,0.0627959743142128,0.13945195078849792,0.12451310455799103,0.0627959743142128,0.13945195078849792,0.1244678795337677,0.06621716171503067,0.14098568260669708,0.1244678795337677,0.06621716171503067,0.14098568260669708,0.12446784973144531,0.06621715426445007,0.1409856677055359,False,False,1.4665992930531502,1.71589944511652,0.3412151634693146,0.5916775465011597,0.6830154657363892,0.3197284936904907,0.5313112735748291,1178.49951171875,203.10081481933594,1178.49951171875,203.10081481933594,False,False,0.029955662004895287,-0.48685215395590903,0.11297508314311783,False,,False,caught
102,1787626883.8871944,6.136645699851215,0.05026199948042631,19.89574649511174,True,95,0.014065699651837349,0.0639425003901124,15.639050614208273,False,False,False,,8.878811836242676,0.48953577876091003,11.354803085327148,1.6687709093093872,,,2.7424676418304443,False,0.124513102,0.778827950064,0,0.5695533752441406,0.15880130231380463,0.5912773609161377,0.07091686129570007,0.019772842526435852,0.07362177968025208,0.07091686129570007,0.019772842526435852,0.07362177968025208,0.08276084065437317,0.030045025050640106,0.08804578334093094,0.08276084065437317,0.030045025050640106,0.08804578334093094,0.08276081085205078,0.030045002698898315,0.08804574608802795,False,False,1.2087002396583557,1.660800538957119,0.34962761402130127,0.6397470831871033,0.7290513515472412,0.3412151634693146,0.5916775465011597,1184.2130126953125,215.114501953125,1184.2130126953125,215.114501953125,False,False,0.029186727815556934,-0.4921895641534464,0.11299903817035725,False,,False,caught
103,1787626883.9445415,6.193952499888837,0.05730680003762245,17.449936121777707,True,96,0.009448499418795109,0.08163899928331375,12.249047744077268,False,False,False,,8.961572647094727,0.5195807814598083,11.407809257507324,1.7620350122451782,,,2.7436776161193848,False,0.124513102,0.778827950064,0,1.0,-0.30077657103538513,1.0442540645599365,0.12451310455799103,-0.037450626492500305,0.1300233155488968,0.12451310455799103,-0.037450626492500305,0.1300233155488968,0.11527866870164871,-0.02252247929573059,0.11745822429656982,0.11527866870164871,-0.02252247929573059,0.11745822429656982,0.11527824401855469,-0.02252247929573059,0.1174577996134758,False,False,1.1350000277161598,1.6989996656775475,0.3311452865600586,0.6880438923835754,0.7635846734046936,0.34962761402130127,0.6397470831871033,1188.5052490234375,227.9254913330078,1188.5052490234375,227.9254913330078,False,False,0.02826327593881194,-0.49792003176445665,0.11295920476997856,False,,False,caught
104,1787626884.0054717,6.254897500388324,0.06094500049948692,16.40823680046436,True,97,0.006573700346052647,0.06192270014435053,16.149166584610477,False,False,False,,9.076850891113281,0.49705830216407776,11.477158546447754,1.8841290473937988,,,2.7722630500793457,False,0.124513102,0.778827950064,0,1.0,1.0,1.4142135381698608,0.12451310455799103,0.12451310455799103,0.1760881245136261,0.12451310455799103,0.12451310455799103,0.1760881245136261,0.12247061729431152,0.09199294447898865,0.1531722992658615,0.12247061729431152,0.09199294447898865,0.1531722992658615,0.12247085571289062,0.09199294447898865,0.15317249298095703,False,False,1.3376995921134949,1.7579998821020126,0.302371084690094,0.7389630079269409,0.7984325885772705,0.3311452865600586,0.6880438923835754,1193.838623046875,243.92269897460938,1193.838623046875,243.92269897460938,False,False,0.027054353207403008,-0.5054099613545304,0.11293154898980949,False,,False,caught
105,1787626884.0679913,6.316413500346243,0.06151599995791912,16.255933426816828,False,,,,,False,False,False,,9.199321746826172,0.5890512466430664,11.530308723449707,1.9970983266830444,,,2.7232511043548584,False,0.124513102,0.778827950064,0,1.0,-0.3947185277938843,1.0750826597213745,0.12451310455799103,-0.049147628247737885,0.13386188447475433,0.12451310455799103,-0.049147628247737885,0.13386188447475433,0.12406142055988312,-0.01793127879500389,0.12535057961940765,0.12406142055988312,-0.01793128252029419,0.12535057961940765,0.12406158447265625,-0.01793128252029419,0.1253507435321808,False,False,1.6617001965641975,2.440899610519409,0.3250834047794342,0.8169887661933899,0.8792893886566162,0.302371084690094,0.7389630079269409,1200.6768798828125,260.66815185546875,1200.6768798828125,260.66815185546875,False,False,0.025487265719017455,-0.5119979265985836,0.11288364615562925,False,,False,caught
106,1787626884.128979,6.37730719987303,0.060893699526786804,16.42206020936707,True,98,0.04774959944188595,0.06382079981267452,15.668872889954045,False,False,False,,9.323383331298828,0.5711199641227722,11.585389137268066,2.1359336376190186,,,2.7505111694335938,False,0.124513102,0.778827950064,0,1.0,1.0,1.4142135381698608,0.12451310455799103,0.12451310455799103,0.1760881245136261,0.12451310455799103,0.12451310455799103,0.1760881245136261,0.12441324442625046,0.09300839155912399,0.15533581376075745,0.12441324442625046,0.09300839155912399,0.15533581376075745,0.12441349029541016,0.09300839900970459,0.15533602237701416,False,False,1.5052994713187218,2.0674001425504684,0.2944177985191345,0.8729186058044434,0.9212321639060974,0.3250834047794342,0.8169887661933899,1204.4329833984375,278.7349853515625,1204.4329833984375,278.7349853515625,False,False,0.023146773350282226,-0.5197718735522131,0.11291093559916426,False,,False,caught
107,1787626884.1892698,6.438753499649465,0.0614462997764349,16.274372966938316,True,99,0.04630009923130274,0.08146859984844923,12.27466780895014,False,False,False,,9.447796821594238,0.6641283631324768,11.644665718078613,2.2888286113739014,,,2.732377052307129,False,0.124513102,0.778827950064,0,0.7894699573516846,1.0,1.2740733623504639,0.09829935431480408,0.12451310455799103,0.1586388200521469,0.09829935431480408,0.12451310455799103,0.1586388200521469,0.10407507419586182,0.11754515022039413,0.15699835121631622,0.10407507419586182,0.11754515022039413,0.15699835121631622,0.10407543182373047,0.11754512786865234,0.15699857473373413,False,False,1.128300093114376,1.7640003934502602,0.3067079782485962,0.9658512473106384,1.013379693031311,0.2944177985191345,0.8729186058044434,1211.2579345703125,300.6019592285156,1211.2579345703125,300.6019592285156,False,False,0.02051851238601823,-0.5282731001975582,0.11288729486018259,False,,False,caught
108,1787626884.240595,6.48953690007329,0.05078340042382479,19.6914738212539,True,100,0.015363000333309174,0.06265020091086626,15.961640752321301,False,False,False,,9.551872253417969,0.7816734910011292,11.688417434692383,2.411090850830078,,,2.6869735717773438,False,0.124513102,0.778827950064,0,0.7325890064239502,1.0,1.2396316528320312,0.09121692925691605,0.12451310455799103,0.1543503850698471,0.09121692925691605,0.12451310455799103,0.1543503850698471,0.09406086802482605,0.12297198921442032,0.15482105314731598,0.09406086802482605,0.12297198921442032,0.15482105314731598,0.09406089782714844,0.12297201156616211,0.15482108294963837,False,False,1.2654997408390045,1.5887003391981125,0.31826847791671753,1.0,1.0494259595870972,0.3067079782485962,0.9658512473106384,1216.4483642578125,315.56231689453125,1216.4483642578125,315.56231689453125,False,False,0.01827256829863764,-0.5349474604736221,0.11284335509914792,False,,False,caught
109,1787626884.2964647,6.545879799872637,0.056342899799346924,17.74846526467903,True,101,0.009388599544763565,0.08172889985144138,12.23557397466135,False,False,False,,9.645933151245117,0.9046455025672913,11.738744735717773,2.5683674812316895,,,2.6735429763793945,False,0.124513102,0.778827950064,0,1.0,1.0,1.4142135381698608,0.12451310455799103,0.12451310455799103,0.1760881245136261,0.12451310455799103,0.12451310455799103,0.1760881245136261,0.11777792870998383,0.12417226284742355,0.17114436626434326,0.11777792870998383,0.12417226284742355,0.17114436626434326,0.11777782440185547,0.12417227029800415,0.1711442917585373,False,False,1.2108003720641136,1.611899584531784,0.32288533449172974,1.0,1.050835371017456,0.31826847791671753,1.0,1221.885498046875,332.0448913574219,1221.885498046875,332.0448913574219,False,False,0.015147397514717085,-0.5433359580304199,0.11281234642075368,False,,False,caught
110,1787626884.3578851,6.6073027001693845,0.061422900296747684,16.280572802143464,True,102,0.00727429986000061,0.06231770012527704,16.046805289503684,False,False,False,,9.763710975646973,1.0288177728652954,11.798601150512695,2.7603135108947754,,,2.671863555908203,False,0.124513102,0.778827950064,0,1.0,0.708461582660675,1.2255275249481201,0.12451310455799103,0.088212750852108,0.15259423851966858,0.12451310455799103,0.088212750852108,0.15259423851966858,0.12302345037460327,0.09616599231958389,0.1561495065689087,0.12302345037460327,0.09616599231958389,0.1561495065689087,0.12302303314208984,0.09616601467132568,0.15614919364452362,False,False,1.123799942433834,1.6200998798012733,0.315468430519104,1.0,1.0485801696777344,0.32288533449172974,1.0,1227.55908203125,352.16082763671875,1227.55908203125,352.16082763671875,False,False,0.011280057225061804,-0.5534990579880821,0.11283761679949791,False,,False,caught
111,1787626884.4198425,6.668190900236368,0.0608882000669837,16.42354345997895,False,,,,,False,False,False,,9.886734008789062,1.124983787536621,11.85156536102295,2.9242186546325684,,,2.6641712188720703,False,0.124513102,0.778827950064,0,1.0,1.0,1.4142135381698608,0.12451310455799103,0.12451310455799103,0.1760881245136261,0.12451310455799103,0.12451310455799103,0.1760881245136261,0.1241835504770279,0.11824352294206619,0.17147327959537506,0.1241835504770279,0.11824352294206619,0.17147327959537506,0.12418365478515625,0.11824357509613037,0.1714733988046646,False,False,2.0542005077004433,2.562600187957287,0.3002939522266388,1.0,1.0441151857376099,0.315468430519104,1.0,1232.0504150390625,369.3381042480469,1232.0504150390625,369.3381042480469,False,False,0.00806180605707206,-0.5622093964313261,0.1128268027958226,False,,False,caught
112,1787626884.481285,6.729717500507832,0.061526600271463394,16.25313271963459,True,103,0.04730360023677349,0.0635369997471571,15.738860883885913,False,False,False,,10.010917663574219,1.2432273626327515,11.910737991333008,3.1151890754699707,,,2.6671254634857178,False,0.124513102,0.778827950064,0,0.7918702363967896,1.0,1.275562047958374,0.09859821945428848,0.12451310455799103,0.15882419049739838,0.09859821945428848,0.12451310455799103,0.15882419049739838,0.1042570024728775,0.12312646210193634,0.16133706271648407,0.1042570024728775,0.12312646210193634,0.16133706271648407,0.10425662994384766,0.12312650680541992,0.16133686900138855,False,False,1.7654001712799072,1.9908994436264038,0.27675995230674744,1.0,1.0375914573669434,0.3002939522266388,1.0,1236.6636962890625,389.351806640625,1236.6636962890625,389.351806640625,False,False,0.0042197093005369455,-0.5722540380905276,0.11285564933138537,False,,False,caught
113,1787626884.5436604,6.790591600351036,0.06087409984320402,16.427347633488495,True,104,0.04580780025571585,0.0826269993558526,12.102581574979684,False,False,False,,10.115174293518066,1.3663538694381714,11.967573165893555,3.300811290740967,,,2.678340196609497,False,0.124513102,0.778827950064,0,1.0,0.03970205783843994,1.0007878541946411,0.12451310455799103,0.004943426698446274,0.12461119890213013,0.12451310455799103,0.004943426698446274,0.12461119890213013,0.12003294378519058,0.031082220375537872,0.12399198114871979,0.12003294378519058,0.031082220375537872,0.12399198114871979,0.12003326416015625,0.03108227252960205,0.12399230897426605,False,False,1.7837993800640106,2.203499898314476,0.25372210144996643,1.0,1.031685471534729,0.27675995230674744,1.0,1241.0682373046875,408.80499267578125,1241.0682373046875,408.80499267578125,False,False,0.0004685745470514712,-0.5819686444656478,0.11284551885152054,False,,False,caught
114,1787626884.6024785,6.851906999945641,0.06131539959460497,16.30911657775428,True,105,0.04286389984190464,0.062120700255036354,16.09769361733694,False,False,False,,10.235207557678223,1.3974361419677734,12.013208389282227,3.46389102935791,,,2.7260820865631104,False,0.124513102,0.778827950064,0,1.0,1.0,1.4142135381698608,0.12451310455799103,0.12451310455799103,0.1760881245136261,0.12451310455799103,0.12451310455799103,0.1760881245136261,0.12352229654788971,0.10384882241487503,0.16137637197971344,0.12352229654788971,0.10384882241487503,0.16137637197971344,0.12352275848388672,0.10384881496429443,0.1613767296075821,False,False,1.1582998558878899,1.6141999512910843,0.22349262237548828,1.0,1.024670124053955,0.25372210144996643,1.0,1243.8839111328125,425.895751953125,1243.8839111328125,425.895751953125,False,False,-0.0029913124740198437,-0.5903512063423689,0.112911749491066,False,,False,caught
115,1787626884.6527154,6.902154699899256,0.050247699953615665,19.901408441045334,True,106,0.015531099401414394,0.0642595998942852,15.561877161468804,False,False,False,,10.35873031616211,1.5012849569320679,12.048993110656738,3.6068317890167236,,,2.700058698654175,False,0.124513102,0.778827950064,0,1.0,1.0,1.4142135381698608,0.12451310455799103,0.12451310455799103,0.1760881245136261,0.12451310455799103,0.12451310455799103,0.1760881245136261,0.12429407238960266,0.11994274705648422,0.17272892594337463,0.12429407238960266,0.11994274705648422,0.17272892594337463,0.12429428100585938,0.11994278430938721,0.17272908985614777,False,False,1.106700859963894,1.5879999846220016,0.20987114310264587,1.0,1.0217856168746948,0.22349262237548828,1.0,1246.71142578125,440.8759765625,1246.71142578125,440.8759765625,False,False,-0.006186234581727337,-0.5975542278391425,0.11290228714887784,False,,False,caught
116,1787626884.7095926,6.959023999981582,0.056869300082325935,17.584179839603546,True,107,0.006411399692296982,0.07758770044893026,12.88864077958103,False,False,False,,10.483024597167969,1.621227741241455,12.09228515625,3.793497323989868,,,2.7034189701080322,False,0.124513102,0.778827950064,0,0.7604998350143433,1.0,1.2563279867172241,0.09469219297170639,0.12451310455799103,0.15642929077148438,0.09469219297170639,0.12451310455799103,0.15642929077148438,0.10123935341835022,0.12350228428840637,0.1596941500902176,0.10123935341835022,0.12350228428840637,0.1596941500902176,0.10123920440673828,0.12350225448608398,0.15969403088092804,False,False,1.1709993705153465,1.7296001315116882,0.18147283792495728,1.0,1.0163328647613525,0.20987114310264587,1.0,1249.3997802734375,460.43853759765625,1249.3997802734375,460.43853759765625,False,False,-0.010485665211656208,-0.606832423234924,0.1128644992231123,False,,False,caught
117,1787626884.771082,7.020447299815714,0.061423299834132195,16.2804669026315,True,108,0.0050168996676802635,0.06598799955099821,15.15427057653353,False,False,False,,10.584263801574707,1.744729995727539,12.123787879943848,3.950976848602295,,,2.6902897357940674,False,0.124513102,0.778827950064,0,1.0,0.7719079256057739,1.2632663249969482,0.12451310455799103,0.09611265361309052,0.15729321539402008,0.12451310455799103,0.09611265361309052,0.15729321539402008,0.11936557292938232,0.10217046737670898,0.15712079405784607,0.11936557292938232,0.10217046737670898,0.15712079405784607,0.11936569213867188,0.10217046737670898,0.15712088346481323,False,False,1.2860000133514404,1.6517993062734604,0.14668911695480347,1.0,1.0107016563415527,0.18147283792495728,1.0,1250.488525390625,476.9423828125,1250.488525390625,476.9423828125,False,False,-0.014304068712588994,-0.6144874220578045,0.11286294688879164,False,,False,caught
118,1787626884.833008,7.0814195005223155,0.06097220070660114,16.40091694921773,False,,,,,False,False,False,,10.703629493713379,1.846900463104248,12.157896995544434,4.141663551330566,,,2.716768503189087,False,0.124513102,0.778827950064,0,1.0,1.0,1.4142135381698608,0.12451310455799103,0.12451310455799103,0.1760881245136261,0.12451310455799103,0.12451310455799103,0.1760881245136261,0.12337464839220047,0.11957154422998428,0.17180994153022766,0.12337464839220047,0.11957154422998428,0.17180994153022766,0.12337493896484375,0.11957156658172607,0.17181016504764557,False,False,1.8212003633379936,2.329000271856785,0.10192946344614029,1.0,1.0051813125610352,0.14668911695480347,1.0,1251.2310791015625,496.92633056640625,1251.2310791015625,496.92633056640625,False,False,-0.01907603998767857,-0.6236088622217992,0.1129408032307163,False,,False,caught
119,1787626884.8944411,7.142830800265074,0.061411299742758274,16.283648191600467,True,109,0.04715710040181875,0.06281840056180954,15.91890259950283,False,False,False,,10.827004432678223,1.9664720296859741,12.18409252166748,4.32688570022583,,,2.722726583480835,False,0.124513102,0.778827950064,0,1.0,1.0,1.4142135381698608,0.12451310455799103,0.12451310455799103,0.1760881245136261,0.12451310455799103,0.12451310455799103,0.1760881245136261,0.12426137924194336,0.12342017889022827,0.17513832449913025,0.12426137924194336,0.12342017889022827,0.17513832449913025,0.12426090240478516,0.1234201192855835,0.1751379370689392,False,False,1.3580992817878723,1.8712002784013748,0.05198804289102554,1.0,1.0013504028320312,0.10192946344614029,1.0,1250.84521484375,516.3375854492188,1250.84521484375,516.3375854492188,False,False,-0.02397382010845441,-0.6322330121499947,0.11287804063447177,False,,False,caught
120,1787626884.9549768,7.204417699947953,0.06158689968287945,16.23721936238317,True,111,0.016472999937832355,0.0651417002081871,15.351149828820688,False,False,False,,10.951265335083008,2.0898921489715576,12.202679634094238,4.488228797912598,,,2.705190658569336,False,0.124513102,0.778827950064,0,-1.0,1.0,1.4142135381698608,-0.12451310455799103,0.12451310455799103,0.1760881245136261,-0.12451310455799103,0.12451310455799103,0.1760881245136261,-0.06949125230312347,0.12427137047052383,0.1423812061548233,-0.06250695884227753,0.1242406815290451,0.13907863199710846,-0.06250667572021484,0.12424063682556152,0.13907846808433533,True,False,1.143299974501133,1.5886994078755379,0.001002378761768341,1.0,1.0000004768371582,0.05198804289102554,1.0,1249.615966796875,533.2463989257812,1249.615966796875,533.2463989257812,False,False,-0.02839637373871959,-0.6395963267135175,0.11293637629871964,False,,False,caught
121,1787626885.0148005,7.265256999991834,0.06083930004388094,16.436744000649913,False,,,,,False,False,False,,10.888758659362793,2.214132785797119,12.209371566772461,4.6800994873046875,,,2.7973220348358154,False,0.124513102,0.778827950064,0,1.0,1.0,1.4142135381698608,0.12451310455799103,0.12451310455799103,0.1760881245136261,0.12451310455799103,0.12451310455799103,0.1760881245136261,0.08314955979585648,0.12445284426212311,0.1496741771697998,0.08314955234527588,0.12445284426212311,0.1496741771697998,0.08314990997314453,0.12445282936096191,0.14967435598373413,False,False,1.1571003124117851,1.7631007358431816,-0.08365344256162643,1.0,1.003492832183838,0.001002378761768341,1.0,1245.0999755859375,553.3543701171875,1245.0999755859375,553.3543701171875,False,False,-0.03425256376017748,-0.64786361996527,0.11291669849864723,False,,False,caught
122,1787626885.0762417,7.326670800335705,0.06141380034387112,16.282985166212672,True,112,0.020667700096964836,0.027114099822938442,36.881180143550374,False,False,False,,10.971908569335938,2.338585615158081,12.207045555114746,4.843841552734375,,,2.793182849884033,False,0.124513102,0.778827950064,0,0.28006982803344727,1.0,1.038479208946228,0.03487236425280571,0.12451310455799103,0.12930427491664886,0.03487236425280571,0.12451310455799103,0.12930427491664886,0.04555000737309456,0.12449977546930313,0.13257072865962982,0.04555000737309456,0.12449977546930313,0.13257072865962982,0.04555034637451172,0.12449979782104492,0.13257086277008057,False,False,1.161700114607811,1.6652001067996025,-0.13021716475486755,1.0,1.0084426403045654,-0.08365344256162643,1.0,1242.0008544921875,570.5145874023438,1242.0008544921875,570.5145874023438,False,False,-0.039553412536993425,-0.6546553882107267,0.11291016358954477,False,,False,caught
123,1787626885.1408055,7.388188100419939,0.061517300084233284,16.255589868715603,True,113,0.019788900390267372,0.11805620044469833,8.470541964193021,False,False,False,,11.01745891571045,2.463085412979126,12.194150924682617,5.030099868774414,,,2.823856830596924,False,0.124513102,0.778827950064,0,1.0,1.0,1.4142135381698608,0.12451310455799103,0.12451310455799103,0.1760881245136261,0.12451310455799103,0.12451310455799103,0.1760881245136261,0.10704875737428665,0.12451016902923584,0.1642017662525177,0.10704875737428665,0.12451016902923584,0.1642017662525177,0.10704898834228516,0.12451004981994629,0.16420182585716248,False,False,1.7114998772740364,2.3166993632912636,-0.1896146833896637,1.0,1.0178180932998657,-0.13021716475486755,1.0,1237.0311279296875,590.0344848632812,1237.0311279296875,590.0344848632812,False,False,-0.045969682367626635,-0.6620491515452926,0.11295955211470052,False,,False,caught
124,1787626885.199799,7.4491715002804995,0.060983399860560894,16.397905041150693,True,115,0.01716150064021349,0.02755070012062788,36.29671825476681,False,False,False,,11.124507904052734,2.5875954627990723,12.166913032531738,5.215808868408203,,,2.8273863792419434,False,0.124513102,0.778827950064,0,0.8534511923789978,1.0,1.3146783113479614,0.10626585781574249,0.12451310455799103,0.16369467973709106,0.10626585781574249,0.12451310455799103,0.16369467973709106,0.10643906891345978,0.1245124340057373,0.16380666196346283,0.10643906891345978,0.1245124340057373,0.16380666196346283,0.10643863677978516,0.1245124340057373,0.16380637884140015,False,False,1.1726003140211105,1.6209008172154427,-0.24289599061012268,1.0,1.0290764570236206,-0.1896146833896637,1.0,1230.9683837890625,609.4967651367188,1230.9683837890625,609.4967651367188,False,False,-0.05291270116540846,-0.6689645037885662,0.11297379156049067,False,,False,caught
125,1787626885.2602592,7.510705799795687,0.06153429951518774,16.251099108606617,False,,,,,False,False,False,,11.23094654083252,2.7121078968048096,12.138334274291992,5.3776679039001465,,,2.815770387649536,False,0.124513102,0.778827950064,0,1.0,1.0,1.4142135381698608,0.12451310455799103,0.12451310455799103,0.1760881245136261,0.12451310455799103,0.12451310455799103,0.1760881245136261,0.12051554024219513,0.12451296299695969,0.1732843667268753,0.12051554024219513,0.12451296299695969,0.1732843667268753,0.12051582336425781,0.12451291084289551,0.17328453063964844,False,False,1.1306004598736763,2.279299311339855,-0.27866873145103455,1.0,1.0381022691726685,-0.24289599061012268,1.0,1225.843994140625,626.4595947265625,1225.843994140625,626.4595947265625,False,False,-0.05913448439929943,-0.6748266582928556,0.11295479830721311,False,,False,caught
126,1787626885.3221784,7.571590100415051,0.060884300619363785,16.424595336190126,True,116,0.058967300690710545,0.036293599754571915,27.553067393763545,False,False,False,,11.351462364196777,2.836620807647705,12.089197158813477,5.56657075881958,,,2.8278753757476807,False,0.124513102,0.778827950064,0,1.0,1.0,1.4142135381698608,0.12451310455799103,0.12451310455799103,0.1760881245136261,0.12451310455799103,0.12451310455799103,0.1760881245136261,0.12362901866436005,0.12451306730508804,0.17546406388282776,0.12362901866436005,0.12451306730508804,0.17546406388282776,0.12362861633300781,0.12451314926147461,0.17546384036540985,False,False,1.1136997491121292,1.931999810039997,-0.34898924827575684,1.0,1.059147596359253,-0.27866873145103455,1.0,1216.491943359375,646.256591796875,1216.491943359375,646.256591796875,False,False,-0.06699107235795575,-0.6811725302485674,0.11289288598815533,False,,False,caught
127,1787626885.3846126,7.633034099824727,0.0614439994096756,16.274982253881895,True,117,0.05877779982984066,0.08060089964419603,12.406809408013956,False,False,False,,11.475090980529785,2.9611339569091797,12.03279972076416,5.75176477432251,,,2.8458144664764404,False,0.124513102,0.778827950064,0,0.8251049518585205,1.0,1.296455979347229,0.10273637622594833,0.12451310455799103,0.16142575442790985,0.10273637622594833,0.12451310455799103,0.16142575442790985,0.10735715925693512,0.12451311945915222,0.1644052267074585,0.10735715925693512,0.12451311945915222,0.1644052267074585,0.10735702514648438,0.12451314926147461,0.16440515220165253,False,False,1.3060998171567917,2.150299958884716,-0.4470243453979492,1.0,1.0953679084777832,-0.34898924827575684,1.0,1204.6934814453125,665.6649169921875,1204.6934814453125,665.6649169921875,False,False,-0.07498661802451988,-0.6871245543837893,0.11291874302482255,False,,False,caught
128,1787626885.4460177,7.694376000203192,0.06134190037846565,16.302070751480247,True,118,0.0529942000284791,0.061401600018143654,16.286220549700797,False,False,False,,11.58244800567627,3.0856471061706543,11.976776123046875,5.912554740905762,,,2.8542776107788086,False,0.124513102,0.778827950064,0,1.0,1.0,1.4142135381698608,0.12451310455799103,0.12451310455799103,0.1760881245136261,0.12451310455799103,0.12451310455799103,0.1760881245136261,0.12071866542100906,0.12451311945915222,0.1734258234500885,0.12071866542100906,0.12451311945915222,0.1734258234500885,0.12071895599365234,0.12451314926147461,0.1734260469675064,False,False,1.828799955546856,1.6494998708367348,-0.5623859763145447,1.0,1.1472915410995483,-0.4470243453979492,1.0,1191.868896484375,682.5157470703125,1191.868896484375,682.5157470703125,False,False,-0.08217981538320909,-0.6920630745036828,0.11298072599126928,False,,False,caught
129,1787626885.507932,7.755321900360286,0.060945900157094,16.40799458901095,True,119,0.03512320015579462,0.06712410040199757,14.897778800924394,False,False,False,,11.703166961669922,3.210160255432129,11.889345169067383,6.103301525115967,,,2.899125337600708,False,0.124513102,0.778827950064,0,1.0,1.0,1.4142135381698608,0.12451310455799103,0.12451310455799103,0.1760881245136261,0.12451310455799103,0.12451310455799103,0.1760881245136261,0.1236739456653595,0.12451311945915222,0.17549575865268707,0.1236739456653595,0.12451311945915222,0.17549575865268707,0.12367439270019531,0.12451314926147461,0.17549610137939453,False,False,1.5996992588043213,1.8682004883885384,-0.732606053352356,1.0,1.239641785621643,-0.5623859763145447,1.0,1172.45751953125,702.5059814453125,1172.45751953125,702.5059814453125,False,False,-0.09149879802930981,-0.6972745569544863,0.11291464771804734,False,,False,caught
130,1787626885.5683706,7.816768400371075,0.06144650001078844,16.27431993399828,True,120,0.03157090023159981,0.07882300019264221,12.68665234203234,False,False,False,,11.826841354370117,3.3346734046936035,11.779378890991211,6.2863688468933105,,,2.9520771503448486,False,0.124513102,0.778827950064,0,1.0,1.0,1.4142135381698608,0.12451310455799103,0.12451310455799103,0.1760881245136261,0.12451310455799103,0.12451310455799103,0.1760881245136261,0.12432760745286942,0.12451311945915222,0.17595700919628143,0.12432760745286942,0.12451311945915222,0.17595700919628143,0.1243276596069336,0.12451314926147461,0.1759570688009262,False,False,1.2445999309420586,1.9388999789953232,-0.8776148557662964,1.0,1.330491542816162,-0.732606053352356,1.0,1152.2877197265625,721.6914672851562,1152.2877197265625,721.6914672851562,False,False,-0.10141795037973285,-0.7014796028893712,0.11295117475035549,False,,False,caught
131,1787626885.6282632,7.877697800286114,0.06092939991503954,16.412438024901085,True,121,0.031156600452959538,0.06500479951500893,15.38347948860469,False,False,False,,11.95116901397705,3.459186553955078,11.657963752746582,6.447813987731934,,,3.0029757022857666,False,0.124513102,0.778827950064,0,1.0,1.0,1.4142135381698608,0.12451310455799103,0.12451310455799103,0.1760881245136261,0.12451310455799103,0.12451310455799103,0.1760881245136261,0.12447209656238556,0.12451311945915222,0.17605914175510406,0.12447209656238556,0.12451311945915222,0.17605914175510406,0.12447166442871094,0.12451314926147461,0.17605885863304138,False,False,1.0979007929563522,1.6084006056189537,-0.9241088032722473,1.0,1.3616082668304443,-0.8776148557662964,1.0,1136.9981689453125,738.6109008789062,1136.9981689453125,738.6109008789062,False,False,-0.1110769827563486,-0.704446332986081,0.11294727336792743,False,,False,caught
132,1787626885.6886744,7.938071199692786,0.060373399406671524,16.563586112884934,True,122,0.011779999360442162,0.06133989989757538,16.302602411640514,False,False,False,,12.075640678405762,3.5836997032165527,11.48885440826416,6.638713836669922,,,3.110856771469116,False,0.124513102,0.778827950064,0,-1.0,1.0,1.4142135381698608,-0.12451310455799103,0.12451310455799103,0.1760881245136261,-0.12451310455799103,0.12451310455799103,0.1760881245136261,-0.06944464147090912,0.12451311945915222,0.14256954193115234,-0.06229798495769501,0.12451311945915222,0.1392284333705902,-0.062297821044921875,0.12451314926147461,0.13922838866710663,True,False,1.1513996869325638,1.5823999419808388,-0.9394361972808838,1.0,1.3720569610595703,-0.9241088032722473,1.0,1118.73974609375,758.6171875,1118.73974609375,758.6171875,False,False,-0.12343473112552525,-0.7071809197170466,0.11297470016654543,False,,False,caught
133,1787626885.750178,7.99959160014987,0.06152040045708418,16.254770654452855,True,123,0.008014099672436714,0.0797535004094243,12.538634603702386,False,False,False,,12.01334285736084,3.7082128524780273,11.308793067932129,6.824136257171631,,,3.194584369659424,False,0.124513102,0.778827950064,0,0.23142385482788086,1.0,1.026429295539856,0.02881530299782753,0.12451310455799103,0.12780389189720154,0.02881530299782753,0.12451310455799103,0.12780389189720154,0.008663627319037914,0.12451311945915222,0.12481416016817093,0.00866362452507019,0.12451311945915222,0.12481416016817093,0.008663177490234375,0.12451314926147461,0.12481416016817093,False,False,1.1384999379515648,1.6151005402207375,-0.9909992218017578,0.9656504988670349,1.3836764097213745,-0.9394361972808838,1.0,1097.13330078125,775.8895874023438,1097.13330078125,775.8895874023438,False,False,-0.13598812562802284,-0.7093561728379447,0.11306163398354155,False,,False,caught
134,1787626885.8111773,8.060610599815845,0.06101899966597557,16.38833814834896,True,124,0.004849899560213089,0.06528840027749538,15.31665649257293,False,False,False,,12.022006034851074,3.832726001739502,11.156582832336426,6.985742568969727,,,3.2696285247802734,False,0.124513102,0.778827950064,0,-0.48002395033836365,1.0,1.1092443466186523,-0.059769272804260254,0.12451310455799103,0.13811546564102173,-0.059769272804260254,0.12451310455799103,0.13811546564102173,-0.04463392496109009,0.12451311945915222,0.13227133452892303,-0.04463392496109009,0.12451311945915222,0.13227133452892303,-0.04463386535644531,0.12451314926147461,0.13227133452892303,False,False,1.1426005512475967,1.5907995402812958,-0.9493533968925476,0.9018269777297974,1.3094135522842407,-0.9909992218017578,0.9656504988670349,1084.105712890625,788.8126831054688,1084.105712890625,788.8126831054688,False,False,-0.1466992361314284,-0.7113833001480703,0.11302374760451107,False,,False,caught
135,1787626885.8735628,8.121963900513947,0.06135330069810152,16.299041593877007,False,,,,,False,False,False,,11.977372169494629,3.9572391510009766,10.967353820800781,7.170392990112305,,,3.368159055709839,False,0.124513102,0.778827950064,0,-1.0,1.0,1.4142135381698608,-0.12451310455799103,0.12451310455799103,0.1760881245136261,-0.12451310455799103,0.12451310455799103,0.1760881245136261,-0.10684605687856674,0.12451311945915222,0.1640719175338745,-0.10684605687856674,0.12451311945915222,0.1640719175338745,-0.10684585571289062,0.12451314926147461,0.16407182812690735,False,False,1.599700190126896,2.4807993322610855,-0.9408413767814636,0.8308912515640259,1.2552142143249512,-0.9493533968925476,0.9018269777297974,1065.251708984375,803.70361328125,1065.251708984375,803.70361328125,False,False,-0.1594676318489499,-0.7132371909064567,0.11296685483228527,False,,False,caught
136,1787626885.9354646,8.182874199934304,0.06091029942035675,16.41758470269137,True,125,0.04607979953289032,0.06417959928512573,15.58127522045405,False,False,False,,11.870526313781738,4.081752300262451,10.786200523376465,7.335822582244873,,,3.429975986480713,False,0.124513102,0.778827950064,0,-0.6465837955474854,1.0,1.19082772731781,-0.08050815761089325,0.12451310455799103,0.14827364683151245,-0.08050815761089325,0.12451310455799103,0.14827364683151245,-0.08633332699537277,0.12451311945915222,0.15151554346084595,-0.08633332699537277,0.12451311945915222,0.15151554346084595,-0.0863332748413086,0.12451314926147461,0.15151554346084595,False,False,1.6991999000310898,2.153700217604637,-0.9566770195960999,0.7664769291877747,1.2258539199829102,-0.9408413767814636,0.8308912515640259,1045.728759765625,816.9902954101562,1045.728759765625,816.9902954101562,False,False,-0.1712961571737467,-0.7145481920935614,0.11294856927719014,False,,False,caught
137,1787626885.99589,8.244274700060487,0.06140050012618303,16.286512291348092,True,126,0.043709900230169296,0.08126470074057579,12.305465852785648,False,False,False,,11.78419303894043,4.206265449523926,10.635927200317383,7.468673229217529,,,3.4585864543914795,False,0.124513102,0.778827950064,0,-1.0,1.0,1.4142135381698608,-0.12451310455799103,0.12451310455799103,0.1760881245136261,-0.12451310455799103,0.12451310455799103,0.1760881245136261,-0.11606879532337189,0.12451311945915222,0.17022186517715454,-0.11606879532337189,0.12451311945915222,0.17022186517715454,-0.11606884002685547,0.12451314926147461,0.17022192478179932,False,False,1.790899783372879,1.7822999507188797,-0.8980726003646851,0.7304916977882385,1.1576495170593262,-0.9566770195960999,0.7664769291877747,1033.94140625,828.6502685546875,1033.94140625,828.6502685546875,False,False,-0.18093909533226413,-0.7154557408717445,0.1129562512308326,False,,False,caught
138,1787626886.0552504,8.305704800412059,0.06143010035157204,16.2786646005277,True,127,0.041485000401735306,0.0635385001078248,15.738489235707492,False,False,False,,11.668124198913574,4.3307785987854,10.452583312988281,7.613508224487305,,,3.5005505084991455,True,0.124513102,0.778827950064,0,-1.0,1.0,1.4142135381698608,-0.12451310455799103,0.12451310455799103,0.1760881245136261,-0.12451310455799103,0.12451310455799103,0.1760881245136261,-0.12264547497034073,0.12451311945915222,0.17477251589298248,-0.12264547497034073,0.12451311945915222,0.17477251589298248,-0.12264537811279297,0.12451314926147461,0.1747724562883377,False,False,1.110900193452835,1.605999656021595,-0.8918758034706116,0.6641398668289185,1.1119911670684814,-0.8980726003646851,0.7304916977882385,1015.5476684570312,839.6568603515625,1015.5476684570312,839.6568603515625,False,False,-0.19214954752141755,-0.7158688537239632,0.11299894998143979,False,,False,caught
139,1787626886.1064675,8.355892600491643,0.05018780007958412,19.925161063331597,True,128,0.013909900560975075,0.06365899927914143,15.708698083911932,False,False,False,,11.545478820800781,4.455291748046875,10.316402435302734,7.715052604675293,,,3.4837722778320312,False,0.124513102,0.778827950064,0,0.16887879371643066,1.0,1.0141597986221313,0.021027622744441032,0.12451310455799103,0.1262761801481247,0.021027622744441032,0.12451310455799103,0.1262761801481247,-0.010748827829957008,0.12451311945915222,0.12497621774673462,-0.010748825967311859,0.12451311945915222,0.12497621774673462,-0.010748863220214844,0.12451314926147461,0.124976247549057,False,False,1.211400143802166,1.8448997288942337,-0.8609082102775574,0.6214265823364258,1.0617598295211792,-0.8918758034706116,0.6641398668289185,1003.5053100585938,847.61279296875,1003.5053100585938,847.61279296875,False,False,-0.20026979106987364,-0.7159335968682519,0.11294682387951296,False,,False,caught
140,1787626886.1633396,8.412755800411105,0.056863199919462204,17.586066232929962,True,129,0.006576700136065483,0.07775940001010895,12.860181532650678,False,False,False,,11.534729957580566,4.57980489730835,10.17614459991455,7.824963569641113,,,3.518068790435791,True,0.124513102,0.778827950064,0,-1.0,1.0,1.4142135381698608,-0.12451310455799103,0.12451310455799103,0.1760881245136261,-0.12451310455799103,0.12451310455799103,0.1760881245136261,-0.09935163706541061,0.12451311945915222,0.1592930108308792,-0.09935163706541061,0.12451311945915222,0.1592930108308792,-0.09935188293457031,0.12451314926147461,0.15929318964481354,False,False,1.2189997360110283,1.550300046801567,-0.7771386504173279,0.602156937122345,0.9831264019012451,-0.8609082102775574,0.6214265823364258,994.2898559570312,857.9197387695312,994.2898559570312,857.9197387695312,False,False,-0.2087640199959117,-0.7162125289536734,0.11291767694413739,False,,False,caught
141,1787626886.2232914,8.473705699667335,0.0609498992562294,16.40691801303994,True,130,0.001083199866116047,0.06419750023633242,15.576930508488125,False,False,False,,11.435378074645996,4.704318046569824,10.01187515258789,7.939908504486084,,,3.534884214401245,True,0.124513102,0.778827950064,0,-0.8562158942222595,1.0,1.3164746761322021,-0.10661009699106216,0.12451310455799103,0.16391834616661072,-0.10661009699106216,0.12451310455799103,0.16391834616661072,-0.10500478744506836,0.12451311945915222,0.1628788560628891,-0.10500478744506836,0.12451311945915222,0.1628788560628891,-0.10500431060791016,0.12451314926147461,0.16287857294082642,False,False,1.0938998311758041,1.585099846124649,-0.7716414332389832,0.5465565919876099,0.9455974698066711,-0.7771386504173279,0.602156937122345,977.806396484375,866.4698486328125,977.806396484375,866.4698486328125,False,False,-0.2182783800172949,-0.715989522029746,0.11286877011955938,False,,False,caught
142,1787626886.2858636,8.535254900343716,0.06154920067638159,16.24716469118554,False,,,,,False,False,False,,11.330373764038086,4.828831195831299,9.880416870117188,8.034767150878906,,,3.5185792446136475,True,0.124513102,0.778827950064,0,-1.0,1.0,1.4142135381698608,-0.12451310455799103,0.12451310455799103,0.1760881245136261,-0.12451310455799103,0.12451310455799103,0.1760881245136261,-0.1201983094215393,0.12451311945915222,0.17306400835514069,-0.1201983094215393,0.12451311945915222,0.17306400835514069,-0.12019824981689453,0.12451314926147461,0.1730639934539795,False,False,1.6320999711751938,2.198200672864914,-0.7525004744529724,0.5043919086456299,0.9059073328971863,-0.7716414332389832,0.5465565919876099,965.5211181640625,873.759765625,965.5211181640625,873.759765625,False,False,-0.22595251260243326,-0.7159258233390032,0.11290784688347488,False,,False,caught
143,1787626886.34928,8.596673700027168,0.06141879968345165,16.281659771176457,True,131,0.0462034996598959,0.06644110009074211,15.050924783518745,False,False,False,,11.210175514221191,4.953344345092773,9.741676330566406,8.137892723083496,,,3.5068273544311523,True,0.124513102,0.778827950064,0,-1.0,1.0,1.4142135381698608,-0.12451310455799103,0.12451310455799103,0.1760881245136261,-0.12451310455799103,0.12451310455799103,0.1760881245136261,-0.12355878204107285,0.12451311945915222,0.17541462182998657,-0.12355878204107285,0.12451311945915222,0.17541462182998657,-0.12355899810791016,0.12451314926147461,0.1754148006439209,False,False,2.003300003707409,2.3061996325850487,-0.749683678150177,0.45090851187705994,0.8748394846916199,-0.7525004744529724,0.5043919086456299,951.4871215820312,881.2042846679688,951.4871215820312,881.2042846679688,False,False,-0.23411572794821642,-0.7159783081673231,0.11297272313926848,False,,False,caught
144,1787626886.4102023,8.6575683997944,0.06089469976723194,16.421790464892155,True,132,0.043544999323785305,0.07809580024331808,12.804785876889206,False,False,False,,11.086616516113281,5.077857494354248,9.597872734069824,8.227165222167969,,,3.4834606647491455,False,0.124513102,0.778827950064,0,-0.7843050956726074,1.0,1.2708793878555298,-0.0976562649011612,0.12451310455799103,0.1582411378622055,-0.0976562649011612,0.12451310455799103,0.1582411378622055,-0.10338522493839264,0.12451311945915222,0.16183950006961823,-0.10338522493839264,0.12451311945915222,0.16183950006961823,-0.10338497161865234,0.12451314926147461,0.1618393510580063,False,False,1.8389001488685608,2.260100096464157,-0.7509950995445251,0.3962823152542114,0.8491368293762207,-0.749683678150177,0.45090851187705994,936.6810302734375,887.1251220703125,936.6810302734375,887.1251220703125,False,False,-0.24204525309711816,-0.7153343164103522,0.11292250392179007,False,,False,caught
145,1787626886.4695935,8.719022599980235,0.06145420018583536,16.27228077130668,True,133,0.04041310027241707,0.06329789943993092,15.798312564052623,False,False,False,,10.983231544494629,5.202370643615723,9.454347610473633,8.309767723083496,,,3.463149309158325,False,0.124513102,0.778827950064,0,-1.0,1.0,1.4142135381698608,-0.12451310455799103,0.12451310455799103,0.1760881245136261,-0.12451310455799103,0.12451310455799103,0.1760881245136261,-0.11984016001224518,0.12451311945915222,0.1728154569864273,-0.11984016001224518,0.12451311945915222,0.1728154569864273,-0.11984062194824219,0.12451314926147461,0.17281579971313477,False,False,1.1517005041241646,1.5502003952860832,-0.7404871582984924,0.3482263386249542,0.8182803988456726,-0.7509950995445251,0.3962823152542114,922.6296997070312,892.7601318359375,922.6296997070312,892.7601318359375,False,False,-0.2497516107669337,-0.7144360506012178,0.11292587023875955,False,,False,caught
146,1787626886.5305305,8.779950600117445,0.06092800013720989,16.412815089088753,True,134,0.021899599581956863,0.06458810064941645,15.482728086834289,False,False,False,,10.863390922546387,5.326883792877197,9.33240795135498,8.374600410461426,,,3.4106428623199463,False,0.124513102,0.778827950064,0,-1.0,1.0,1.4142135381698608,-0.12451310455799103,0.12451310455799103,0.1760881245136261,-0.12451310455799103,0.12451310455799103,0.1760881245136261,-0.1234796866774559,0.12451311945915222,0.17535892128944397,-0.1234796866774559,0.12451311945915222,0.17535892128944397,-0.12347984313964844,0.12451314926147461,0.17535905539989471,False,False,1.150599680840969,1.6614003106951714,-0.7365896105766296,0.30700987577438354,0.7980096340179443,-0.7404871582984924,0.3482263386249542,910.382568359375,896.962890625,910.382568359375,896.962890625,False,False,-0.25613033466217605,-0.7134631679856112,0.11291698907766831,False,,False,caught
147,1787626886.5919158,8.841375400312245,0.0614248001947999,16.280069236344996,True,135,0.018232700414955616,0.07945069950073957,12.586421595831153,False,False,False,,10.739911079406738,5.451396942138672,9.187284469604492,8.438976287841797,,,3.3669393062591553,False,0.124513102,0.778827950064,0,-1.0,0.5142817497253418,1.1244934797286987,-0.12451310455799103,0.06403481960296631,0.140014186501503,-0.12451310455799103,0.06403481960296631,0.140014186501503,-0.12428458034992218,0.07741093635559082,0.14642100036144257,-0.12428458034992218,0.07741093635559082,0.14642100036144257,-0.12428474426269531,0.07741069793701172,0.14642101526260376,False,False,1.1062994599342346,1.6144998371601105,-0.7469774484634399,0.26060861349105835,0.791133463382721,-0.7365896105766296,0.30700987577438354,894.8836059570312,900.7918090820312,894.8836059570312,900.7918090820312,False,False,-0.26334037212701167,-0.7118028052575026,0.11299552894998041,False,,False,caught
148,1787626886.6533363,8.902768599800766,0.06139319948852062,16.288449019292134,True,136,0.015179499983787537,0.06508999969810247,15.363343134708177,False,False,False,,10.615626335144043,5.528807640075684,9.044304847717285,8.492128372192383,,,3.35414981842041,False,0.124513102,0.778827950064,0,-0.452451229095459,1.0,1.0975937843322754,-0.05633610859513283,0.12451310455799103,0.13666480779647827,-0.05633610859513283,0.12451310455799103,0.13666480779647827,-0.07136444747447968,0.11409537494182587,0.13457578420639038,-0.07136444747447968,0.11409537494182587,0.13457578420639038,-0.0713644027709961,0.11409521102905273,0.13457562029361725,False,False,1.1323997750878334,1.604599878191948,-0.7378424406051636,0.21694861352443695,0.7690761685371399,-0.7469774484634399,0.26060861349105835,880.8037719726562,903.6168212890625,880.8037719726562,903.6168212890625,False,False,-0.27013603609967385,-0.7097648176491159,0.11301683034470822,False,,False,caught
149,1787626886.7132864,8.96372240036726,0.060953800566494465,16.405867898411035,False,,,,,False,False,False,,10.544261932373047,5.642902851104736,8.921740531921387,8.53164291381836,,,3.3132152557373047,False,0.124513102,0.778827950064,0,-1.0,1.0,1.4142135381698608,-0.12451310455799103,0.12451310455799103,0.1760881245136261,-0.12451310455799103,0.12451310455799103,0.1760881245136261,-0.1127581000328064,0.12220896035432816,0.16628113389015198,-0.1127581000328064,0.12220896035432816,0.16628113389015198,-0.11275768280029297,0.12220907211303711,0.16628094017505646,False,False,1.2349998578429222,1.7977003008127213,-0.6934669613838196,0.20308955013751984,0.7225937843322754,-0.7378424406051636,0.21694861352443695,870.9795532226562,906.8864135742188,870.9795532226562,906.8864135742188,False,False,-0.2757788391175397,-0.7077824464063506,0.11306042922442067,False,,False,caught
150,1787626886.776904,9.02527270000428,0.061550299637019634,16.246874603329253,True,137,0.06028889957815409,0.06444690003991127,15.516650131824973,False,False,False,,10.431504249572754,5.765111923217773,8.776724815368652,8.571040153503418,,,3.2575340270996094,False,0.124513102,0.778827950064,0,-1.0,1.0,1.4142135381698608,-0.12451310455799103,0.12451310455799103,0.1760881245136261,-0.12451310455799103,0.12451310455799103,0.1760881245136261,-0.1219131350517273,0.12400352209806442,0.17389561235904694,-0.1219131350517273,0.12400352209806442,0.17389561235904694,-0.12191295623779297,0.12400341033935547,0.17389541864395142,False,False,1.473800279200077,2.0481999963521957,-0.6931709051132202,0.17807818949222565,0.7156798839569092,-0.6934669613838196,0.20308955013751984,856.1482543945312,909.4425659179688,856.1482543945312,909.4425659179688,False,False,-0.2822352794812169,-0.7051508799353575,0.1130217042251295,False,,False,caught
151,1787626886.83843,9.086307000368834,0.06103430036455393,16.38422975322179,True,139,0.0299303000792861,0.06475050002336502,15.443896180556955,False,False,False,,10.309591293334961,5.889115333557129,8.656193733215332,8.604073524475098,,,3.1787924766540527,False,0.124513102,0.778827950064,0,-1.0,1.0,1.4142135381698608,-0.12451310455799103,0.12451310455799103,0.1760881245136261,-0.12451310455799103,0.12451310455799103,0.1760881245136261,-0.12393803149461746,0.12440037727355957,0.17560207843780518,-0.12393803149461746,0.12440037727355957,0.17560207843780518,-0.12393760681152344,0.12440013885498047,0.17560160160064697,False,False,1.639300025999546,1.9353004172444344,-0.6780511736869812,0.16355033218860626,0.6974970102310181,-0.6931709051132202,0.17807818949222565,844.7347412109375,911.9909057617188,844.7347412109375,911.9909057617188,False,False,-0.2876004538386696,-0.7029788276523173,0.11304786206413034,False,,False,caught
152,1787626886.9013019,9.147763599641621,0.06145659927278757,16.271645548776583,True,140,0.05306369997560978,0.026630899868905544,37.55036461113386,False,False,False,,10.185653686523438,6.013515472412109,8.530517578125,8.63497257232666,,,3.1002440452575684,False,0.124513102,0.778827950064,0,-1.0,1.0,1.4142135381698608,-0.12451310455799103,0.12451310455799103,0.1760881245136261,-0.12451310455799103,0.12451310455799103,0.1760881245136261,-0.12438582628965378,0.12448812276124954,0.17598046362400055,-0.12438582628965378,0.12448812276124954,0.17598046362400055,-0.12438583374023438,0.12448835372924805,0.17598064243793488,False,False,1.9237995147705078,2.8963005170226097,-0.6593783497810364,0.13846974074840546,0.6737608313560486,-0.6780511736869812,0.16355033218860626,833.0127563476562,913.6521606445312,833.0127563476562,913.6521606445312,False,False,-0.29308617150051114,-0.7005778714237294,0.11294447194913701,False,,False,caught
153,1787626886.9617674,9.209125000052154,0.06136140041053295,16.296890118373923,True,141,0.03388329967856407,0.03808259963989258,26.258711575784137,False,False,False,,10.061267852783203,6.138003826141357,8.401211738586426,8.662581443786621,,,3.0214695930480957,False,0.124513102,0.778827950064,0,-1.0,1.0,1.4142135381698608,-0.12451310455799103,0.12451310455799103,0.1760881245136261,-0.12451310455799103,0.12451310455799103,0.1760881245136261,-0.12448495626449585,0.12450763583183289,0.17606434226036072,-0.12448495626449585,0.12450763583183289,0.17606434226036072,-0.12448501586914062,0.12450742721557617,0.17606425285339355,False,False,1.2886002659797668,1.8025999888777733,-0.6487193703651428,0.11517846584320068,0.6588648557662964,-0.6593783497810364,0.13846974074840546,820.4267578125,915.0809326171875,820.4267578125,915.0809326171875,False,False,-0.2986040590544044,-0.6979464841437331,0.11291741041517062,False,,False,caught
154,1787626887.0206254,9.270070499740541,0.06094549968838692,16.40810240482036,True,142,0.03214429970830679,0.08054800052195787,12.414957460395232,False,False,False,,9.936782836914062,6.262511253356934,8.29186725616455,8.682862281799316,,,2.9264049530029297,False,0.124513102,0.778827950064,0,-1.0,1.0,1.4142135381698608,-0.12451310455799103,0.12451310455799103,0.1760881245136261,-0.12451310455799103,0.12451310455799103,0.1760881245136261,-0.12450689822435379,0.12451185286045074,0.17608284950256348,-0.12450689822435379,0.12451185286045074,0.17608284950256348,-0.12450695037841797,0.12451171875,0.1760827898979187,False,False,1.1275000870227814,1.634400337934494,-0.6312980651855469,0.1002299040555954,0.6392052173614502,-0.6487193703651428,0.11517846584320068,810.3002319335938,916.2664184570312,810.3002319335938,916.2664184570312,False,False,-0.30317781531011334,-0.6956036248648545,0.1128663585083393,False,,False,caught
155,1787626887.0820932,9.331538899801672,0.061468400061130524,16.26852169578998,True,143,0.030639899894595146,0.06268520001322031,15.952728870436722,False,False,False,,9.812275886535645,6.387022972106934,8.170166015625,8.705609321594238,,,2.841191291809082,False,0.124513102,0.778827950064,0,-1.0,0.7333756685256958,1.2400966882705688,-0.12451310455799103,0.0913148820400238,0.1544082909822464,-0.12451310455799103,0.0913148820400238,0.1544082909822464,-0.12451174855232239,0.09865710139274597,0.15885968506336212,-0.12451174855232239,0.09865710139274597,0.15885968506336212,-0.12451171875,0.09865713119506836,0.15885968506336212,False,False,1.1096000671386719,1.6123997047543526,-0.6156415343284607,0.08235383033752441,0.6211252808570862,-0.6312980651855469,0.1002299040555954,798.7999877929688,917.5262451171875,798.7999877929688,917.5262451171875,False,False,-0.3082665054638573,-0.6930062866702414,0.11288881490055842,False,,False,caught
156,1787626887.1425273,9.39195379987359,0.060414900071918964,16.552208127623853,True,144,0.010192099958658218,0.06297419965267181,15.879519001676949,False,False,False,,9.687764167785645,6.485680103302002,8.0490140914917,8.72293758392334,,,2.77323317527771,False,0.124513102,0.778827950064,0,-1.0,1.0,1.4142135381698608,-0.12451310455799103,0.12451310455799103,0.1760881245136261,-0.12451310455799103,0.12451310455799103,0.1760881245136261,-0.12451280653476715,0.11879449337720871,0.1720917522907257,-0.12451280653476715,0.11879449337720871,0.1720917522907257,-0.1245126724243164,0.11879444122314453,0.17209161818027496,False,False,1.1245999485254288,1.5869000926613808,-0.6069608926773071,0.06014259532094002,0.6099333167076111,-0.6156415343284607,0.08235383033752441,786.9273681640625,917.9456176757812,786.9273681640625,917.9456176757812,False,False,-0.3131771262290738,-0.6902146858439937,0.11288307729415445,False,,False,caught
157,1787626887.203649,9.453026900067925,0.061073100194334984,16.373820828122263,True,145,0.007563100196421146,0.08086180035024881,12.366778821007577,False,False,False,,9.563251495361328,6.6044745445251465,7.947052001953125,8.734589576721191,,,2.6738531589508057,False,0.124513102,0.778827950064,0,-1.0,-0.4227670431137085,1.0856941938400269,-0.12451310455799103,-0.05264003574848175,0.1351831555366516,-0.12451310455799103,-0.05264003574848175,0.1351831555366516,-0.12451301515102386,-0.0147235207259655,0.1253805160522461,-0.12451301515102386,-0.014723524451255798,0.1253805160522461,-0.1245126724243164,-0.01472330093383789,0.12538014352321625,False,False,1.09149981290102,1.5941997990012169,-0.5878476500511169,0.03440997377038002,0.5888538956642151,-0.6069608926773071,0.06014259532094002,777.6607666015625,917.5487060546875,777.6607666015625,917.5487060546875,False,False,-0.31722358692733943,-0.6877524688530221,0.1128559402409456,False,,False,caught
158,1787626887.26414,9.51456020027399,0.06153330020606518,16.25136302865538,True,146,0.005246500484645367,0.0637023001909256,15.698020275607727,False,False,False,,9.438738822937012,6.589751243591309,7.8307671546936035,8.743037223815918,,,2.68741774559021,False,0.124513102,0.778827950064,0,-1.0,1.0,1.4142135381698608,-0.12451310455799103,0.12451310455799103,0.1760881245136261,-0.12451310455799103,0.12451310455799103,0.1760881245136261,-0.12451301515102386,0.09371791034936905,0.1558413952589035,-0.12451301515102386,0.09371791034936905,0.1558413952589035,-0.1245126724243164,0.09371805191040039,0.15584120154380798,False,False,1.1482993140816689,1.5008002519607544,-0.5423682332038879,-0.013918574899435043,0.5425467491149902,-0.5878476500511169,0.03440997377038002,768.5474853515625,915.3951416015625,768.5474853515625,915.3951416015625,False,False,-0.3216989590163115,-0.6847566210911933,0.11289315513156174,False,,False,caught
159,1787626887.327119,9.575541100464761,0.060980900190770626,16.398577208136206,False,,,,,False,False,False,,9.314226150512695,6.683469295501709,7.729369163513184,8.746530532836914,,,2.601536750793457,False,0.124513102,0.778827950064,0,-1.0,0.9302272796630859,1.3657681941986084,-0.12451310455799103,0.11582548916339874,0.1700560450553894,-0.12451310455799103,0.11582548916339874,0.1700560450553894,-0.12451301515102386,0.11093594133853912,0.16676412522792816,-0.12451301515102386,0.11093594133853912,0.16676412522792816,-0.1245126724243164,0.11093616485595703,0.1667640209197998,False,False,1.8223002552986145,2.2018998861312866,-0.524577260017395,-0.02508408948779106,0.5251766443252563,-0.5423682332038879,-0.013918574899435043,759.2573852539062,915.05908203125,759.2573852539062,915.05908203125,False,False,-0.32549014280538385,-0.6819942984687664,0.11290926676304451,False,,False,caught
160,1787626887.3885033,9.636871600523591,0.061330500058829784,16.305101035223494,True,147,0.04795730020850897,0.06384880002588034,15.662001472144537,False,False,False,,9.189713478088379,6.794405460357666,7.625596523284912,8.744051933288574,,,2.499516725540161,False,0.124513102,0.778827950064,0,-1.0,0.6520489454269409,1.1938039064407349,-0.12451310455799103,0.0811886414885521,0.14864423871040344,-0.12451310455799103,0.0811886414885521,0.14864423871040344,-0.12451301515102386,0.08776795864105225,0.1523374766111374,-0.12451301515102386,0.08776795864105225,0.1523374766111374,-0.1245126724243164,0.0877680778503418,0.15233725309371948,False,False,1.3705994933843613,2.145799808204174,-0.5118192434310913,-0.0391756109893322,0.5133163332939148,-0.524577260017395,-0.02508408948779106,749.4149169921875,913.9132690429688,749.4149169921875,913.9132690429688,False,False,-0.3291992497967759,-0.6789310669480149,0.11297685131587828,False,,False,caught
161,1787626887.4500556,9.698468199931085,0.06159659940749407,16.23466245895283,True,148,0.04416249971836805,0.079828099347651,12.526917315731202,False,False,False,,9.065200805664062,6.882173538208008,7.531156063079834,8.737176895141602,,,2.40714168548584,False,0.124513102,0.778827950064,0,-1.0,1.0,1.4142135381698608,-0.12451310455799103,0.12451310455799103,0.1760881245136261,-0.12451310455799103,0.12451310455799103,0.1760881245136261,-0.12451301515102386,0.11638613790273666,0.17043833434581757,-0.12451301515102386,0.11638613790273666,0.17043833434581757,-0.1245126724243164,0.11638593673706055,0.17043793201446533,False,False,1.6357004642486572,2.1161995828151703,-0.4865357279777527,-0.057853322476148605,0.4899632930755615,-0.5118192434310913,-0.0391756109893322,741.297607421875,912.0183715820312,741.297607421875,912.0183715820312,False,False,-0.33244459603181303,-0.6759631716111681,0.1129255000238308,False,,False,caught
162,1787626887.5099502,9.759403700008988,0.06093550007790327,16.410794999984333,True,149,0.039853000082075596,0.06515710055828094,15.347521473972463,False,False,False,,8.940688133239746,6.998559474945068,7.43235969543457,8.728375434875488,,,2.2950637340545654,False,0.124513102,0.778827950064,0,-1.0,1.0,1.4142135381698608,-0.12451310455799103,0.12451310455799103,0.1760881245136261,-0.12451310455799103,0.12451310455799103,0.1760881245136261,-0.12451301515102386,0.12271560728549957,0.1748216599225998,-0.12451301515102386,0.12271560728549957,0.1748216599225998,-0.1245126724243164,0.12271547317504883,0.17482131719589233,False,False,1.1155996471643448,1.6016997396945953,-0.4735458791255951,-0.07162587344646454,0.47893211245536804,-0.4865357279777527,-0.057853322476148605,731.9789428710938,910.2298583984375,731.9789428710938,910.2298583984375,False,False,-0.3357929716762007,-0.672796979256392,0.11297099832987077,False,,False,caught
163,1787626887.57134,9.820774500258267,0.061370800249278545,16.294394010476598,True,150,0.022306700237095356,0.06525109987705946,15.325412167520769,False,False,False,,8.81617546081543,7.121274948120117,7.350635051727295,8.717440605163574,,,2.1669225692749023,False,0.124513102,0.778827950064,0,-1.0,1.0,1.4142135381698608,-0.12451310455799103,0.12451310455799103,0.1760881245136261,-0.12451310455799103,0.12451310455799103,0.1760881245136261,-0.12451301515102386,0.12411552667617798,0.1758071631193161,-0.12451301515102386,0.12411552667617798,0.1758071631193161,-0.1245126724243164,0.1241154670715332,0.17580686509609222,False,False,1.3827001675963402,1.5671001747250557,-0.4444078803062439,-0.07597656548023224,0.45085564255714417,-0.4735458791255951,-0.07162587344646454,725.4005737304688,908.8104248046875,725.4005737304688,908.8104248046875,False,False,-0.3384603834621851,-0.670035197965418,0.11303102353551947,False,,False,caught
164,1787626887.63228,9.881712299771607,0.060937799513339996,16.410175752754057,True,151,0.019438499584794044,0.07891920022666454,12.67118771006157,False,False,False,,8.691662788391113,7.24539041519165,7.259585380554199,8.703282356262207,,,2.0435984134674072,False,0.124513102,0.778827950064,0,-1.0,0.9398697018623352,1.3723539113998413,-0.12451310455799103,0.11702609807252884,0.17087604105472565,-0.12451310455799103,0.11702609807252884,0.17087604105472565,-0.12451301515102386,0.11859407275915146,0.17195361852645874,-0.12451301515102386,0.11859407275915146,0.17195361852645874,-0.1245126724243164,0.11859416961669922,0.17195343971252441,False,False,1.1490005999803543,1.5903003513813019,-0.4348839223384857,-0.08464902639389038,0.4430457055568695,-0.4444078803062439,-0.07597656548023224,716.6622314453125,906.78125,716.6622314453125,906.78125,False,False,-0.34137627413363153,-0.6668817939235802,0.11299185877244097,False,,False,caught
165,1787626887.6937065,9.943105899728835,0.06139359995722771,16.288342770202267,True,152,0.018015099689364433,0.0638095997273922,15.671623145611425,False,False,False,,8.567150115966797,7.36398458480835,7.172904968261719,8.686023712158203,,,1.9213815927505493,False,0.124513102,0.778827950064,0,-1.0,1.0,1.4142135381698608,-0.12451310455799103,0.12451310455799103,0.1760881245136261,-0.12451310455799103,0.12451310455799103,0.1760881245136261,-0.12451301515102386,0.12320400774478912,0.1751648336648941,-0.12451301515102386,0.12320400774478912,0.1751648336648941,-0.1245126724243164,0.12320423126220703,0.17516474425792694,False,False,1.117299310863018,1.6516000032424927,-0.4220595061779022,-0.08841127157211304,0.4312201142311096,-0.4348839223384857,-0.08464902639389038,708.5740966796875,904.7359619140625,708.5740966796875,904.7359619140625,False,False,-0.34404698745812046,-0.6637318934040225,0.11299487290208887,False,,False,caught
166,1787626887.7541542,10.004585400223732,0.061479500494897366,16.265584332179102,False,,,,,False,False,False,,8.44263744354248,7.487188816070557,7.1005144119262695,8.670692443847656,,,1.7894062995910645,False,0.124513102,0.778827950064,0,-1.0,1.0,1.4142135381698608,-0.12451310455799103,0.12451310455799103,0.1760881245136261,-0.12451310455799103,0.12451310455799103,0.1760881245136261,-0.12451301515102386,0.12422361969947815,0.175883486866951,-0.12451301515102386,0.12422361969947815,0.175883486866951,-0.1245126724243164,0.12422370910644531,0.17588330805301666,False,False,1.1529000476002693,2.2384002804756165,-0.3999680280685425,-0.09451232850551605,0.41098296642303467,-0.4220595061779022,-0.08841127157211304,702.5186157226562,902.74560546875,702.5186157226562,902.74560546875,False,False,-0.3462513491968115,-0.6610659889777063,0.11299185079264938,False,,False,caught
167,1787626887.8160927,10.065520799718797,0.06093539949506521,16.41082208841486,True,153,0.059991899877786636,0.06281409971415997,15.919992558208607,False,False,False,,8.318124771118164,7.611412525177002,7.017217636108398,8.651123046875,,,1.6653400659561157,False,0.124513102,0.778827950064,0,-1.0,0.40499722957611084,1.0788989067077637,-0.12451310455799103,0.05042746290564537,0.13433705270290375,-0.12451310455799103,0.05042746290564537,0.13433705270290375,-0.12451301515102386,0.06674913316965103,0.14127610623836517,-0.12451301515102386,0.06674913316965103,0.14127610623836517,-0.1245126724243164,0.06674909591674805,0.1412757784128189,False,False,1.398700289428234,1.6656005755066872,-0.40349680185317993,-0.12499329447746277,0.42241331934928894,-0.3999680280685425,-0.09451232850551605,693.7722778320312,898.7781372070312,693.7722778320312,898.7781372070312,False,False,-0.34873395199326634,-0.6579232936100149,0.11297079314505325,False,,False,caught
168,1787626887.879506,10.126918200403452,0.06139740068465471,16.287334461211707,True,154,0.05739259999245405,0.08078549988567829,12.378459023155475,False,False,False,,8.193612098693848,7.67816162109375,6.937915802001953,8.63132381439209,,,1.576480746269226,False,0.124513102,0.778827950064,0,-1.0,1.0,1.4142135381698608,-0.12451310455799103,0.12451310455799103,0.1760881245136261,-0.12451310455799103,0.12451310455799103,0.1760881245136261,-0.12451301515102386,0.11173732578754425,0.1672983020544052,-0.12451301515102386,0.11173732578754425,0.1672983020544052,-0.1245126724243164,0.11173725128173828,0.16729800403118134,False,False,1.5352005138993263,1.937100663781166,-0.35864078998565674,-0.15129277110099792,0.3892463445663452,-0.40349680185317993,-0.12499329447746277,688.4076538085938,895.0494995117188,688.4076538085938,895.0494995117188,False,False,-0.35106468744677766,-0.6548861087446841,0.11300875794920624,False,,False,caught
169,1787626887.963256,10.187833700329065,0.0609154999256134,16.416183093320157,True,155,0.03739809989929199,0.06364000029861927,15.713387732678813,False,False,False,,8.069099426269531,7.789898872375488,6.872102737426758,8.6087007522583,,,1.4502543210983276,False,,,,,,,,,,,,,,,,,,,,,,,,,,,,,,,,,,,,,-0.3528287997653838,-0.652121112246293,0.1129999171751245,False,,True,caught
