step,t_wall_s,t_task_s,control_dt_s,control_loop_hz_inst,policy_dt_s,policy_loop_hz_inst,policy_deadline_overrun_s,policy_deadline_overrun,policy_schedule_resynced,policy_step_start_perf,servo_publish_perf,servo_publish_latency_ms,servo_endpoint_deadline_perf,servo_endpoint_lateness_s,servo_dt_s,servo_loop_hz_inst,servo_target_age_s,servo_interpolation_phase,servo_command_sequence,servo_policy_step,servo_commanded_world_x,servo_commanded_world_y,servo_commanded_world_z,servo_target_world_x,servo_target_world_y,servo_target_world_z,servo_segment_start_world_x,servo_segment_start_world_y,servo_segment_start_world_z,servo_segment_end_world_x,servo_segment_end_world_y,servo_segment_end_world_z,servo_segment_start_perf,servo_segment_end_perf,servo_segment_elapsed_s,servo_segment_duration_s,servo_pending_segment_count,servo_command_step_limited,servo_command_step_limited_count,servo_publish_rejected_count,servo_tracking_error_cm,servo_target_error_cm,servo_deadline_overrun_s,servo_deadline_overrun_count,servo_watchdog_stopped,servo_stop_reason,vision_frame_available,vision_frame_id,vision_age_s,camera_dt_s,camera_hz_inst,hand_detected,microrobot_detected,dead_reckoning_used,dead_reckoning_age_s,hand_x_cm,hand_y_cm,robot_x_cm,robot_y_cm,microrobot_x_cm,microrobot_y_cm,distance_cm,in_zpd,virtual_hand_stride_cm,virtual_hand_smoothing_alpha,virtual_hand_delay_frames,virtual_hand_action_x,virtual_hand_action_y,virtual_hand_action_norm,virtual_hand_command_dx_cm,virtual_hand_command_dy_cm,virtual_hand_command_norm_cm,virtual_hand_delayed_dx_cm,virtual_hand_delayed_dy_cm,virtual_hand_delayed_norm_cm,virtual_hand_smoothed_dx_cm,virtual_hand_smoothed_dy_cm,virtual_hand_smoothed_norm_cm,virtual_hand_exec_dx_cm,virtual_hand_exec_dy_cm,virtual_hand_exec_norm_cm,virtual_hand_actual_dx_cm,virtual_hand_actual_dy_cm,virtual_hand_actual_norm_cm,virtual_hand_accel_clipped,virtual_hand_workspace_clipped,virtual_hand_policy_inference_ms,mpc_prediction_mode,mpc_tracking_alpha,mpc_command_actual_lag_cm,mpc_predicted_first_command_x_cm,mpc_predicted_first_command_y_cm,mpc_predicted_first_actual_x_cm,mpc_predicted_first_actual_y_cm,mpc_predicted_min_hand_distance_cm,mpc_hand_velocity_x_cm_step,mpc_hand_velocity_y_cm_step,policy_inference_ms,action_x,action_y,action_norm,last_action_x,last_action_y,virtual_target_x_px,virtual_target_y_px,desired_target_x_px,desired_target_y_px,planned_anchor_x_cm,planned_anchor_y_cm,planned_target_x_cm,planned_target_y_cm,planned_delta_dx_cm,planned_delta_dy_cm,planned_delta_norm_cm,actual_robot_move_dx_cm,actual_robot_move_dy_cm,actual_robot_move_norm_cm,actual_to_planned_step_projection,planned_endpoint_actual_lag_cm,planned_endpoint_actual_lag_excess_cm,servo_follower_lag_allowance_cm,servo_lag_warning_cm,servo_lag_hard_limit_cm,servo_publish_accepted,servo_publish_reject_reason,target_clipped,target_step_limited,robot_world_x,robot_world_y,robot_world_z,safety_stop,safety_reason,task_finished,done_reason
0,1787741850.1235356,2.998858690261841e-07,,,,,2.998858690261841e-07,False,False,7283054.9295018,7283054.9349724,5.470599979162216,7283054.9795018,0.0,,,0.0013012997806072235,1.0,0,-1,-0.43447893080211725,-0.5648201417890373,0.113,-0.43447893080211725,-0.5648201417890373,0.113,-0.43447893080211725,-0.5648201417890373,0.113,-0.43447893080211725,-0.5648201417890373,0.113,7283054.9272756,7283054.9272756,0.0013012997806072235,0.0,1,False,0,0,0.003401953475720013,0.003401953475720013,0.0,0,False,,False,,,,,False,False,False,,9.691394805908203,1.0712864398956299,7.49924898147583,5.000527381896973,,,4.499382019042969,True,0.266196664,0.712787611121,3,-1.0,1.0,1.4142135381698608,-0.26619666814804077,0.26619666814804077,0.37645894289016724,0.0,0.0,0.0,0.0,0.0,0.0,0.0,0.0,0.0,0.0,0.0,0.0,False,False,2.2088997066020966,,,,,,,,,,,2.6291999965906143,-0.2862643599510193,-0.08662909269332886,0.2990850806236267,0.0,0.0,753.2593994140625,519.5861206054688,753.2593994140625,519.5861206054688,7.499180793762207,5.001197338104248,7.356048583984375,4.957882881164551,-0.14313220977783203,-0.043314456939697266,0.14954254031181335,0.0,0.0,0.0,,0.0006734172930009663,0.0,2.0,1.5,3.0,True,,False,False,-0.4344571308549401,-0.5647949022771259,0.11300671253205921,False,,False,timeout
1,1787741850.173771,0.05030329991132021,0.05030300002545118,19.87953003785147,0.05030300002545118,19.87953003785147,0.0003033000975847244,False,False,7283054.9795018,7283054.985432,5.930200219154358,7283055.0295017995,0.0,0.008007699623703957,124.87980905775417,0.051848200149834156,1.0,1,0,-0.4383825431729232,-0.5587783086755691,0.113,-0.4383825431729232,-0.5587783086755691,0.113,-0.43447893080211725,-0.5648201417890373,0.113,-0.4383825431729232,-0.5587783086755691,0.113,7283054.9295018,7283054.9795018,0.051848200149834156,0.049999999813735485,1,False,0,0,0.6752841512308057,0.6752841512308057,7.699623703956437e-06,1,False,,True,1,0.014680099673569202,,,False,False,False,,9.691394805908203,1.0712864398956299,7.4906392097473145,4.997300624847412,,,4.500768184661865,True,0.266196664,0.712787611121,3,-1.0,1.0,1.4142135381698608,-0.26619666814804077,0.26619666814804077,0.37645894289016724,0.0,0.0,0.0,0.0,0.0,0.0,0.0,0.0,0.0,0.0,0.0,0.0,False,False,1.6107000410556793,,,,,,,,,,,2.2621992975473404,-1.0,-0.5975522398948669,1.1649328470230103,-0.2862643599510193,-0.08662909269332886,702.0593872070312,488.27435302734375,702.0593872070312,488.27435302734375,7.356048583984375,4.957882881164551,6.856048583984375,4.659106731414795,-0.5,-0.29877614974975586,0.5824664831161499,-0.008609771728515625,-0.003226757049560547,0.0091945705935359,0.06135592982172966,0.14024405181407928,0.0,2.0,1.5,3.0,True,,False,False,-0.434678035703547,-0.5644243203700368,0.1129933033126424,False,,False,timeout
2,1787741850.222484,0.10000320058315992,0.049699900671839714,20.120764558521675,0.049699900671839714,20.120764558521675,3.2009556889533997e-06,False,False,7283055.0295017995,7283055.0338788,4.377000965178013,7283055.079501799,0.0,0.008015499450266361,124.75828938729067,0.04990800004452467,0.9981600046089292,2,1,-0.44374684554875665,-0.5443854680935079,0.113,-0.44808279809791934,-0.5327517700953068,0.113,-0.4383825431729232,-0.5587783086755691,0.113,-0.44808279809791934,-0.5327517700953068,0.113,7283054.9795018,7283055.0295017995,0.04990800004452467,0.049999999813735485,1,True,6,0,1.7420517980931607,2.9829664334969923,1.549945026636107e-05,1,False,,True,2,0.032758100889623165,0.044347899965941906,22.548982043523488,False,False,False,,9.691394805908203,1.0712864398956299,7.399261474609375,4.961885929107666,,,4.515599727630615,True,0.266196664,0.712787611121,3,-1.0,1.0,1.4142135381698608,-0.26619666814804077,0.26619666814804077,0.37645894289016724,0.0,0.0,0.0,0.0,0.0,0.0,0.0,0.0,0.0,0.0,0.0,0.0,False,False,1.1689001694321632,,,,,,,,,,,1.573200337588787,-0.9472346305847168,-0.5666286945343018,1.1037760972976685,-1.0,-0.5975522398948669,653.5609130859375,458.58306884765625,653.5609130859375,458.58306884765625,6.856048583984375,4.659106731414795,6.3824310302734375,4.375792503356934,-0.4736175537109375,-0.28331422805786133,0.5518881678581238,-0.09137773513793945,-0.035414695739746094,0.09800046682357788,0.16585728526115417,0.6218966841697693,0.0,2.0,1.5,3.0,True,,False,False,-0.43699014548146825,-0.5604421661566463,0.11306243583803777,False,,False,timeout
3,1787741850.2710571,0.15000119991600513,0.04999799933284521,20.00080029888455,0.04999799933284521,20.00080029888455,1.2004747986793518e-06,False,False,7283055.079501799,7283055.0833725,3.8707004860043526,7283055.129501799,0.0,0.008017799817025661,124.72249530058322,0.047947000712156296,0.9589400178154559,3,2,-0.44908574885578395,-0.5299831890258494,0.113,-0.457430704517806,-0.5074256557487911,0.113,-0.44808279809791934,-0.5327517700953068,0.113,-0.457430704517806,-0.5074256557487911,0.113,7283055.0295017995,7283055.079501799,0.047947000712156296,0.049999999813735485,1,True,12,0,2.105893630136404,4.511013701946844,1.7799817025661302e-05,1,False,,True,4,0.019995699636638165,0.033623999916017056,29.740661506593753,False,False,False,,9.691394805908203,1.0712864398956299,7.1816935539245605,4.846401214599609,,,4.5332207679748535,True,0.266196664,0.712787611121,3,-1.0,0.9065128564834595,1.349727988243103,-0.26619666814804077,0.2413107007741928,0.3592931032180786,-0.26619666814804077,0.26619666814804077,0.37645894289016724,-0.18974168598651886,0.18974168598651886,0.2683352530002594,-0.18974168598651886,0.18974168598651886,0.2683352530002594,-0.1897420883178711,0.18974173069000244,0.26833558082580566,False,False,1.0986998677253723,,,,,,,,,,,1.6439994797110558,-0.8197808265686035,-0.3532314896583557,0.8926438689231873,-0.9472346305847168,-0.5666286945343018,611.588134765625,440.07373046875,611.588134765625,440.07373046875,6.3824310302734375,4.375792503356934,5.972540855407715,4.199176788330078,-0.40989017486572266,-0.17661571502685547,0.4463216960430145,-0.21756792068481445,-0.11548471450805664,0.24631792306900024,0.4457358121871948,0.9275199174880981,0.0,2.0,1.5,3.0,True,,False,False,-0.4416082678534373,-0.5496698844960164,0.1129901273428176,False,,False,timeout
4,1787741850.324236,0.2028115000575781,0.05281030014157295,18.935699992600252,0.05281030014157295,18.935699992600252,0.0028115008026361465,True,False,7283055.129501799,7283055.1358342,6.3324011862277985,7283055.179501799,0.0,0.008003699593245983,124.94222057557755,0.05410020053386688,1.0,4,3,-0.45615589409543467,-0.5135215388921843,0.113,-0.46761252079018323,-0.4886780101075123,0.113,-0.457430704517806,-0.5074256557487911,0.113,-0.46761252079018323,-0.4886780101075123,0.113,7283055.079501799,7283055.129501799,0.05410020053386688,0.049999999813735485,1,True,19,0,2.026383057524759,4.761461490335924,3.6995932459829572e-06,1,False,,False,,,,,False,False,False,,9.501652717590332,1.2610281705856323,6.844521999359131,4.650749206542969,,,4.307035446166992,True,0.266196664,0.712787611121,3,-1.0,1.0,1.4142135381698608,-0.26619666814804077,0.26619666814804077,0.37645894289016724,-0.26619666814804077,0.26619666814804077,0.37645894289016724,-0.2442379593849182,0.24423786997795105,0.34540456533432007,-0.2442379593849182,0.24423786997795105,0.34540456533432007,-0.24423789978027344,0.24423789978027344,0.34540456533432007,False,False,1.2018000707030296,,,,,,,,,,,2.0003998652100563,-1.0,0.04717088118195534,1.0011118650436401,-0.8197808265686035,-0.3532314896583557,560.3881225585938,442.54547119140625,560.3881225585938,442.54547119140625,5.972540855407715,4.199176788330078,5.472540855407715,4.222762107849121,-0.5,0.02358531951904297,0.5005559325218201,-0.3371715545654297,-0.19565200805664062,0.38982605934143066,0.8672483563423157,0.9819719195365906,0.0,2.0,1.5,3.0,True,,False,False,-0.4483189393482957,-0.532208565667641,0.11299959134173976,False,,False,timeout
5,1787741850.3729036,0.25000280048698187,0.04719130042940378,21.19034633292122,0.04719130042940378,21.19034633292122,2.8014183044433594e-06,False,False,7283055.179501799,7283055.1847886,5.286800675094128,7283055.229501799,0.0,0.008004799485206604,124.92505300701983,0.0521362004801631,1.0,5,4,-0.4650611907587946,-0.5010431092636386,0.113,-0.4864534346175751,-0.4756027894234477,0.113,-0.46761252079018323,-0.4886780101075123,0.113,-0.4864534346175751,-0.4756027894234477,0.113,7283055.129501799,7283055.179501799,0.0521362004801631,0.049999999813735485,1,True,25,0,1.9228744550214198,5.238550969062179,4.799485206603837e-06,1,False,,True,5,0.042875200510025024,0.029666200280189514,33.70839509459456,False,False,False,,9.257414817810059,1.5052660703659058,6.548120975494385,4.486579418182373,,,4.028461456298828,True,0.266196664,0.712787611121,3,-1.0,0.09394693374633789,1.0044033527374268,-0.26619666814804077,0.02500835992395878,0.2673688232898712,-0.26619666814804077,0.26619666814804077,0.37645894289016724,-0.2598898410797119,0.2598898410797119,0.36753973364830017,-0.2598898410797119,0.2598898410797119,0.36753973364830017,-0.2598896026611328,0.2598898410797119,0.36753958463668823,False,False,1.86070054769516,,,,,,,,,,,2.1664006635546684,-1.0,0.5195460319519043,1.1269108057022095,-1.0,0.04717088118195534,509.18817138671875,469.76971435546875,509.18817138671875,469.76971435546875,5.472540855407715,4.222762107849121,4.972540855407715,4.482535362243652,-0.5,0.25977325439453125,0.5634555220603943,-0.2964010238647461,-0.1641697883605957,0.33882927894592285,0.5760324001312256,1.1074620485305786,0.0,2.0,1.5,3.0,True,,False,False,-0.4544768207310864,-0.517096606101856,0.11296889759996943,False,,False,timeout
6,1787741850.4215689,0.3000026997178793,0.04999989923089743,20.000040307722266,0.04999989923089743,20.000040307722266,2.7008354663848877e-06,False,False,7283055.229501799,7283055.2336677,4.165900871157646,7283055.279501799,0.0,0.008098100312054157,123.48575115962485,0.05025830119848251,1.0,6,5,-0.47740451581432014,-0.49200854309235215,0.113,-0.511763500044257,-0.4728036663044267,0.113,-0.4864534346175751,-0.4756027894234477,0.113,-0.511763500044257,-0.4728036663044267,0.113,7283055.179501799,7283055.229501799,0.05025830119848251,0.049999999813735485,1,True,31,0,1.8960710168135058,5.818377037396823,9.810031205415709e-05,1,False,,True,6,0.028207499533891678,0.07675230037420988,13.028925454018282,False,False,False,,8.997525215148926,1.7651559114456177,6.241128921508789,4.369189262390137,,,3.7919270992279053,True,0.266196664,0.712787611121,3,-1.0,1.0,1.4142135381698608,-0.26619666814804077,0.26619666814804077,0.37645894289016724,-0.26619666814804077,0.2413107007741928,0.3592931032180786,-0.2643851935863495,0.24664686620235443,0.3615718483924866,-0.2643851935863495,0.24664686620235443,0.3615718483924866,-0.2643852233886719,0.24664676189422607,0.3615718185901642,False,False,1.1764001101255417,,,,,,,,,,,1.6064997762441635,-1.0,0.7624149322509766,1.2574881315231323,-1.0,0.5195460319519043,457.9881896972656,509.72027587890625,457.9881896972656,509.72027587890625,4.972540855407715,4.482535362243652,4.472540855407715,4.863742828369141,-0.5,0.3812074661254883,0.6287440657615662,-0.3069920539855957,-0.11739015579223633,0.3286709189414978,0.3874271512031555,1.273641586303711,0.0,2.0,1.5,3.0,True,,False,False,-0.46239151006564366,-0.503589254192056,0.11307293075772668,False,,False,timeout
7,1787741850.4712906,0.3500022003427148,0.04999950062483549,20.000199752060826,0.04999950062483549,20.000199752060826,2.201646566390991e-06,False,False,7283055.279501799,7283055.2835445,4.042701795697212,7283055.329501798,0.0,0.008024199865758419,124.62301746337216,0.048326101154088974,0.9665220266823547,7,6,-0.49185429353046295,-0.4869091736280002,0.113,-0.5403578682407709,-0.4750224568743106,0.113,-0.511763500044257,-0.4728036663044267,0.113,-0.5403578682407709,-0.4750224568743106,0.113,7283055.229501799,7283055.279501799,0.048326101154088974,0.049999999813735485,1,True,37,0,1.9358267157482896,6.923921237069966,2.419986575841887e-05,1,False,,True,7,0.013931100256741047,0.06450669933110476,15.50226581687471,False,False,False,,8.733139991760254,2.0118026733398438,5.914057731628418,4.339359283447266,,,3.6557822227478027,True,0.266196664,0.712787611121,3,-1.0,1.0,1.4142135381698608,-0.26619666814804077,0.26619666814804077,0.37645894289016724,-0.26619666814804077,0.26619666814804077,0.37645894289016724,-0.2656764090061188,0.26058170199394226,0.372138112783432,-0.2656764090061188,0.26058170199394226,0.372138112783432,-0.26567649841308594,0.26058173179626465,0.37213820219039917,False,False,1.132800243794918,,,,,,,,,,,1.566300168633461,-1.0,0.8550735712051392,1.3157321214675903,-1.0,0.7624149322509766,406.7881774902344,554.526123046875,406.7881774902344,554.526123046875,4.472540855407715,4.863742828369141,3.972540855407715,5.2912797927856445,-0.5,0.4275369644165039,0.6578661203384399,-0.3270711898803711,-0.029829978942871094,0.3284286856651306,0.3849148154258728,1.5339325666427612,0.0,2.0,1.5,3.0,True,,False,False,-0.47354867034521864,-0.4932043898364017,0.11313007701490202,False,,False,timeout
8,1787741850.5224433,0.40101150050759315,0.05100930016487837,19.60426817791423,0.05100930016487837,19.60426817791423,0.0010115019977092743,True,False,7283055.329501798,7283055.3346456,5.143801681697369,7283055.379501798,0.0,0.008001799695193768,124.9718860871566,0.05436430126428604,1.0,8,7,-0.509584158825038,-0.4844327692184889,0.113,-0.5692808673864875,-0.4794530192309718,0.113,-0.5403578682407709,-0.4750224568743106,0.113,-0.5692808673864875,-0.4794530192309718,0.113,7283055.279501799,7283055.329501798,0.05436430126428604,0.049999999813735485,1,True,44,0,1.9596235608471544,7.949958176887373,1.799695193767381e-06,1,False,,False,,,,,False,False,False,,8.467463493347168,2.2723844051361084,5.528914928436279,4.425693035125732,,,3.6430490016937256,True,0.266196664,0.712787611121,3,-1.0,1.0,1.4142135381698608,-0.26619666814804077,0.26619666814804077,0.37645894289016724,-0.26619666814804077,0.02500835992395878,0.2673688232898712,-0.26604726910591125,0.09266795217990875,0.28172415494918823,-0.26604726910591125,0.09266795217990875,0.28172415494918823,-0.26604747772216797,0.09266805648803711,0.28172439336776733,False,False,1.4895005151629448,,,,,,,,,,,2.311399206519127,-1.0,0.9966621398925781,1.4118553400039673,-1.0,0.8550735712051392,355.58819580078125,606.751220703125,355.58819580078125,606.751220703125,3.972540855407715,5.2912797927856445,3.472540855407715,5.789610862731934,-0.5,0.49833106994628906,0.7059276700019836,-0.38514280319213867,0.0863337516784668,0.3947005271911621,0.5302419662475586,1.7808820009231567,0.0,2.0,1.5,3.0,True,,False,False,-0.49006478987364505,-0.48615895720462954,0.11316419743794154,False,,False,timeout
9,1787741850.5730042,0.4500027997419238,0.048991299234330654,20.411787717996464,0.048991299234330654,20.411787717996464,2.8014183044433594e-06,False,False,7283055.379501798,7283055.3841883,4.686501808464527,7283055.429501798,0.0,0.00806290004402399,124.02485390367374,0.05243650171905756,1.0,9,8,-0.5249383719254277,-0.4843495994562677,0.113,-0.5992510284243246,-0.48653504979956785,0.113,-0.5692808673864875,-0.4794530192309718,0.113,-0.5992510284243246,-0.48653504979956785,0.113,7283055.329501798,7283055.379501798,0.05243650171905756,0.049999999813735485,1,True,50,0,1.9324218194124907,9.366774507952833,6.290004402399046e-05,1,False,,True,8,0.035536899231374264,0.06427570059895515,15.557978997995638,False,False,False,,8.201416015625,2.3650524616241455,5.2143874168396,4.574457168579102,,,3.7153477668762207,True,0.266196664,0.712787611121,3,-0.36939573287963867,1.0,1.0660455226898193,-0.09833191335201263,0.26619666814804077,0.28377777338027954,-0.26619666814804077,0.26619666814804077,0.37645894289016724,-0.26615381240844727,0.21635709702968597,0.3429988920688629,-0.26615381240844727,0.21635709702968597,0.3429988920688629,-0.26615381240844727,0.21635699272155762,0.34299883246421814,False,False,1.401199959218502,,,,,,,,,,,1.9176993519067764,-1.0,1.0,1.4142135381698608,-1.0,0.9966621398925781,304.38818359375,659.1512451171875,304.38818359375,659.1512451171875,3.472540855407715,5.789610862731934,2.972540855407715,6.289610862731934,-0.5,0.5,0.7071067690849304,-0.3145275115966797,0.14876413345336914,0.347934365272522,0.4643423855304718,2.123823881149292,0.12382388114929199,2.0,1.5,3.0,True,,False,False,-0.5056248076343781,-0.48375717865591633,0.11324633470107515,False,,False,timeout
10,1787741850.6205523,0.5000009005889297,0.049998100847005844,20.000759690053016,0.049998100847005844,20.000759690053016,9.024515748023987e-07,False,False,7283055.429501798,7283055.4333207,3.818902187049389,7283055.479501798,0.0,0.008002200163900852,124.96563189098329,0.050487701781094074,1.0,10,9,-0.5402566869849461,-0.485451378495609,0.113,-0.6287523229863239,-0.4938381667692613,0.113,-0.5992510284243246,-0.48653504979956785,0.113,-0.6287523229863239,-0.4938381667692613,0.113,7283055.379501798,7283055.429501798,0.050487701781094074,0.049999999813735485,1,True,56,0,1.8888033291294415,10.777676423152524,2.200163900852037e-06,1,False,,True,9,0.01911310013383627,0.07856829930096865,12.727779637552512,False,False,False,,7.935262203216553,2.581409454345703,4.916256427764893,4.76096248626709,,,3.723552942276001,True,0.266196664,0.712787611121,3,-1.0,1.0,1.4142135381698608,-0.26619666814804077,0.26619666814804077,0.37645894289016724,-0.26619666814804077,0.26619666814804077,0.37645894289016724,-0.26618435978889465,0.2518821060657501,0.3664678931236267,-0.26618435978889465,0.2518821060657501,0.3664678931236267,-0.26618432998657227,0.25188207626342773,0.36646783351898193,False,False,1.1128000915050507,,,,,,,,,,,1.531899906694889,-0.9518413543701172,1.0,1.3805803060531616,-1.0,1.0,255.65390014648438,711.5512084960938,255.65390014648438,711.5512084960938,2.972540855407715,6.289610862731934,2.4966201782226562,6.789610862731934,-0.4759206771850586,0.5,0.6902901530265808,-0.29813098907470703,0.18650531768798828,0.35166221857070923,0.4846363067626953,2.472811222076416,0.472811222076416,2.0,1.5,3.0,True,,False,False,-0.5214808492395652,-0.4834185447585211,0.11330545960376405,False,,False,timeout
11,1787741850.6742651,0.5528309997171164,0.0528300991281867,18.928603513947696,0.0528300991281867,18.928603513947696,0.00283100176602602,True,False,7283055.479501798,7283055.4861722,6.670402362942696,7283055.529501798,0.0,0.008002999238669872,124.95315445840323,0.04851920157670975,0.9703840351491572,11,10,-0.5555062099244044,-0.4872826532714616,0.113,-0.6566843277016733,-0.5011038439630264,0.113,-0.6287523229863239,-0.4938381667692613,0.113,-0.6566843277016733,-0.5011038439630264,0.113,7283055.429501798,7283055.479501798,0.04851920157670975,0.049999999813735485,1,True,62,0,1.6068309117852853,11.817892013986754,2.9992386698721174e-06,1,False,,True,10,0.009210999123752117,0.06624680012464523,15.095068714541256,False,False,False,,7.6690778732299805,2.833291530609131,4.59272575378418,5.00572395324707,,,3.7660861015319824,True,0.266196664,0.712787611121,3,-1.0,1.0,1.4142135381698608,-0.26619666814804077,0.26619666814804077,0.37645894289016724,-0.26619666814804077,0.26619666814804077,0.37645894289016724,-0.26619312167167664,0.26208534836769104,0.3735605776309967,-0.26619312167167664,0.26208534836769104,0.3735605776309967,-0.2661929130554199,0.2620854377746582,0.37356048822402954,False,False,1.082700677216053,,,,,,,,,,,1.5410995110869408,-0.8158966898918152,1.0,1.2906150817871094,-0.9518413543701172,1.0,213.88002014160156,763.9512329101562,213.88002014160156,763.9512329101562,2.4966201782226562,6.789610862731934,2.088671922683716,7.289610862731934,-0.40794825553894043,0.5,0.6453074812889099,-0.3235306739807129,0.24476146697998047,0.4056849479675293,0.5799693465232849,2.7524373531341553,0.7524373531341553,2.0,1.5,3.0,True,,False,False,-0.5396320510793627,-0.48483008773386305,0.1134319272543427,False,,False,timeout
12,1787741850.7218578,0.6000079000368714,0.04717690031975508,21.196814399042985,0.04717690031975508,21.196814399042985,7.902272045612335e-06,False,False,7283055.529501798,7283055.5338633,4.361502826213837,7283055.579501797,0.0,0.008004100061953068,124.93596934818824,0.046758102253079414,0.9351620485453384,12,11,-0.5706667981056492,-0.48974276530115674,0.113,-0.6816962173371623,-0.5099805536683106,0.113,-0.6566843277016733,-0.5011038439630264,0.113,-0.6816962173371623,-0.5099805536683106,0.113,7283055.479501798,7283055.529501798,0.046758102253079414,0.049999999813735485,1,True,68,0,1.6084133879283768,12.893955040254804,4.100061953067613e-06,1,False,,False,,,,,False,False,False,,7.4028849601745605,3.095376968383789,4.3277435302734375,5.22635555267334,,,3.7413318157196045,True,0.266196664,0.712787611121,3,-1.0,1.0,1.4142135381698608,-0.26619666814804077,0.26619666814804077,0.37645894289016724,-0.09833191335201263,0.26619666814804077,0.28377777338027954,-0.1465436816215515,0.2650158703327179,0.30283406376838684,-0.1465436816215515,0.2650158703327179,0.30283406376838684,-0.1465435028076172,0.2650158405303955,0.3028339445590973,False,False,1.6895001754164696,,,,,,,,,,,2.33599916100502,-0.7016621232032776,1.0,1.2216094732284546,-0.8158966898918152,1.0,177.9549102783203,816.3511962890625,177.9549102783203,816.3511962890625,2.088671922683716,7.289610862731934,1.7378408908843994,7.789610862731934,-0.3508310317993164,0.5,0.6108047366142273,-0.2649822235107422,0.22063159942626953,0.3448099195957184,0.5245038866996765,3.044743776321411,1.0447437763214111,2.0,1.5,3.0,True,,False,False,-0.554855674994156,-0.48681238952595346,0.11334734192955928,False,,False,timeout
13,1787741850.7714202,0.6500011999160051,0.0499932998791337,20.002680407527606,0.0499932998791337,20.002680407527606,1.2023374438285828e-06,False,False,7283055.579501797,7283055.583205,3.7032021209597588,7283055.629501797,0.0,0.008007300086319447,124.88604014085973,0.0527974022552371,1.0,13,12,-0.5881953629353226,-0.493458381028963,0.113,-0.7044268156759139,-0.5205370701184566,0.113,-0.6816962173371623,-0.5099805536683106,0.113,-0.7044268156759139,-0.5205370701184566,0.113,7283055.529501798,7283055.579501797,0.0527974022552371,0.049999999813735485,1,True,75,0,1.8670968321031218,13.801308008065147,7.300086319446397e-06,1,False,,True,11,0.02613689936697483,0.06273229978978634,15.940751468557087,False,False,False,,7.256341457366943,3.3603928089141846,4.069197654724121,5.458104610443115,,,3.8155314922332764,True,0.266196664,0.712787611121,3,-1.0,1.0,1.4142135381698608,-0.26619666814804077,0.26619666814804077,0.37645894289016724,-0.26619666814804077,0.26619666814804077,0.37645894289016724,-0.23183080554008484,0.2658575177192688,0.3527403473854065,-0.23183080554008484,0.2658575177192688,0.3527403473854065,-0.23183059692382812,0.265857458114624,0.3527401387691498,False,False,1.1273007839918137,,,,,,,,,,,1.5443004667758942,-0.35223764181137085,1.0,1.0602222681045532,-0.7016621232032776,1.0,159.92034912109375,868.7511596679688,159.92034912109375,868.7511596679688,1.7378408908843994,7.789610862731934,1.5617220401763916,8.289610862731934,-0.1761188507080078,0.5,0.5301111340522766,-0.2585458755493164,0.2317490577697754,0.34720829129219055,0.5537126660346985,3.2971420288085938,1.2971420288085938,2.0,1.5,3.0,True,,False,False,-0.5699706234720161,-0.4894067942201148,0.11322039480465183,False,,False,timeout
14,1787741850.8221793,0.7000024002045393,0.050001200288534164,19.999519896111597,0.050001200288534164,19.999519896111597,2.4028122425079346e-06,False,False,7283055.629501797,7283055.6343507,4.84890304505825,7283055.679501797,0.0,0.008004000410437584,124.93752482770417,0.05084680300205946,1.0,14,13,-0.6029627531037187,-0.49767195470932796,0.113,-0.7207222529045493,-0.5349820065798746,0.113,-0.7044268156759139,-0.5205370701184566,0.113,-0.7207222529045493,-0.5349820065798746,0.113,7283055.579501797,7283055.629501797,0.05084680300205946,0.049999999813735485,1,True,81,0,1.8659226634490162,14.218107015473494,4.000410437583757e-06,1,False,,True,12,0.011361599899828434,0.08044670056551695,12.430590601855519,False,False,False,,7.024510860443115,3.6262502670288086,3.814298391342163,5.699947834014893,,,3.8217384815216064,True,0.266196664,0.712787611121,3,-1.0,1.0,1.4142135381698608,-0.26619666814804077,0.26619666814804077,0.37645894289016724,-0.26619666814804077,0.26619666814804077,0.37645894289016724,-0.2563263177871704,0.2660992443561554,0.36947527527809143,-0.2563263177871704,0.2660992443561554,0.36947527527809143,-0.25632619857788086,0.266099214553833,0.36947518587112427,False,False,1.4440994709730148,,,,,,,,,,,1.9742995500564575,-0.3058382272720337,1.0,1.0457231998443604,-0.35223764181137085,1.0,144.2614288330078,921.1511840820312,144.2614288330078,921.1511840820312,1.5617220401763916,8.289610862731934,1.4088029861450195,8.789610862731934,-0.15291905403137207,0.5,0.5228615999221802,-0.254899263381958,0.24184322357177734,0.35137128829956055,0.5900485515594482,3.4322667121887207,1.4322667121887207,2.0,1.5,3.0,True,,False,False,-0.5850412609066762,-0.4924843675203532,0.11327530925410448,False,,False,timeout
15,1787741850.8717597,0.7503284998238087,0.05032609961926937,19.870405367498613,0.05032609961926937,19.870405367498613,0.0003285026177763939,False,False,7283055.679501797,7283055.684313,4.811203107237816,7283055.729501797,0.0,0.00800739973783493,124.88448594304643,0.04924450255930424,0.9848900548550861,15,14,-0.6173868893739626,-0.5029428405726479,0.113,-0.7359375638800046,-0.5502313568977591,0.113,-0.7207222529045493,-0.5349820065798746,0.113,-0.7359375638800046,-0.5502313568977591,0.113,7283055.629501797,7283055.679501797,0.04924450255930424,0.049999999813735485,1,True,87,0,1.6125829192546008,14.375598322114675,7.399737834930253e-06,1,False,,True,13,0.03316469956189394,0.06457499973475933,15.485869208013664,False,False,False,,6.768184661865234,3.8923494815826416,3.5320286750793457,6.000458240509033,,,3.8622310161590576,True,0.266196664,0.712787611121,3,-1.0,1.0,1.4142135381698608,-0.26619666814804077,0.26619666814804077,0.37645894289016724,-0.26619666814804077,0.26619666814804077,0.37645894289016724,-0.26336175203323364,0.2661686837673187,0.3744398057460785,-0.26336175203323364,0.2661686837673187,0.3744398057460785,-0.26336193084716797,0.26616883277893066,0.3744400441646576,False,False,1.1353995651006699,,,,,,,,,,,1.528399996459484,-0.29506099224090576,0.9739546775817871,1.0176682472229004,-0.3058382272720337,1.0,129.154296875,972.1864013671875,129.154296875,972.1864013671875,1.4088029861450195,8.789610862731934,1.2612724304199219,9.276588439941406,-0.14753055572509766,0.48697757720947266,0.5088344216346741,-0.2822697162628174,0.3005104064941406,0.4122895896434784,0.7075009942054749,3.50534725189209,1.5053472518920898,2.0,1.5,3.0,True,,False,False,-0.6023288602910414,-0.4971803936194286,0.11330386246296947,False,,False,timeout
16,1787741850.9212787,0.8000020999461412,0.04967360012233257,20.131417846447043,0.04967360012233257,20.131417846447043,2.1029263734817505e-06,False,False,7283055.729501797,7283055.733731,4.22920286655426,7283055.779501797,0.0,0.008019199594855309,124.70072457624659,0.047314902767539024,0.9462980588760155,16,15,-0.6314660909041643,-0.5090788820832534,0.113,-0.7504659663530863,-0.5644766050155706,0.113,-0.7359375638800046,-0.5502313568977591,0.113,-0.7504659663530863,-0.5644766050155706,0.113,7283055.679501797,7283055.729501797,0.047314902767539024,0.049999999813735485,1,True,93,0,1.6118309362906709,14.737860659434443,1.9199594855308366e-05,1,False,,True,14,0.04903669934719801,0.028523700311779976,35.05856495017973,False,False,False,,6.504822731018066,4.158518314361572,3.3054134845733643,6.27590274810791,,,3.8366048336029053,True,0.266196664,0.712787611121,3,-0.8289886713027954,1.0,1.2989312410354614,-0.22067402303218842,0.26619666814804077,0.3457711637020111,-0.26619666814804077,0.26619666814804077,0.37645894289016724,-0.2653824985027313,0.26618868112564087,0.3758780360221863,-0.2653824985027313,0.26618868112564087,0.3758780360221863,-0.2653822898864746,0.2661886215209961,0.37587782740592957,False,False,1.170099712908268,,,,,,,,,,,1.6609001904726028,-0.32254958152770996,0.8342984914779663,0.8944787383079529,-0.29506099224090576,0.9739546775817871,112.63976287841797,995.5999755859375,112.63976287841797,1015.9036865234375,1.2612724304199219,9.276588439941406,1.099997639656067,9.5,-0.16127479076385498,0.22341156005859375,0.27553999423980713,-0.22661519050598145,0.27544450759887695,0.3566848933696747,0.6471993327140808,3.630788803100586,1.630788803100586,2.0,1.5,3.0,True,,True,False,-0.6168545671824073,-0.5022804373445444,0.11329055185702241,False,,False,timeout
17,1787741850.972039,0.8500030003488064,0.05000090040266514,19.999639845419626,0.05000090040266514,19.999639845419626,3.0035153031349182e-06,False,False,7283055.779501797,7283055.7837163,4.2145028710365295,7283055.8295017965,0.0,0.008008700795471668,124.86419776918454,0.05337910354137421,1.0,17,16,-0.647731146285409,-0.5166004374744799,0.113,-0.7601037477293323,-0.5683143726939272,0.113,-0.7504659663530863,-0.5644766050155706,0.113,-0.7601037477293323,-0.5683143726939272,0.113,7283055.729501797,7283055.779501797,0.05337910354137421,0.049999999813735485,1,True,100,0,1.8657554516785493,14.2351517522774,8.700795471668077e-06,1,False,,True,15,0.01908589992672205,0.03379630018025637,29.589037695439664,False,False,False,,6.239440441131592,4.424706935882568,3.096001148223877,6.566981315612793,,,3.8040177822113037,True,0.266196664,0.712787611121,3,-1.0,1.0,1.4142135381698608,-0.26619666814804077,0.26619666814804077,0.37645894289016724,-0.26619666814804077,0.26619666814804077,0.37645894289016724,-0.26596277952194214,0.26619434356689453,0.376291960477829,-0.26596277952194214,0.26619434356689453,0.376291960477829,-0.2659626007080078,0.26619434356689453,0.37629184126853943,False,False,1.1767996475100517,,,,,,,,,,,1.7315996810793877,-0.3825151026248932,0.6561189293861389,0.7594799995422363,-0.32254958152770996,0.8342984914779663,93.05498504638672,995.5999755859375,93.05498504638672,1029.9805908203125,1.099997639656067,9.5,0.9087401032447815,9.5,-0.1912575364112854,0.0,0.1912575364112854,-0.2094123363494873,0.2910785675048828,0.35858088731765747,1.3013734817504883,3.5477638244628906,1.5477638244628906,2.0,1.5,3.0,True,,True,False,-0.6309778326360305,-0.5083948090441635,0.11331382220436614,False,,False,timeout
18,1787741851.032904,0.9022471001371741,0.05224409978836775,19.14091742514151,0.05224409978836775,19.14091742514151,0.002247103489935398,True,False,7283055.8295017965,7283055.8449579,15.456103719770908,7283055.879501796,0.0,0.008002299815416336,124.9640757115238,0.05942890327423811,1.0,18,17,-0.6642737137945754,-0.5234846578184217,0.113,-0.765997767857321,-0.5636838583079996,0.113,-0.7601037477293323,-0.5683143726939272,0.113,-0.765997767857321,-0.5636838583079996,0.113,7283055.779501797,7283055.8295017965,0.05942890327423811,0.049999999813735485,1,True,107,0,1.863391179773532,12.800189151026109,2.299815416335893e-06,1,False,,True,16,0.008033200167119503,0.07995709963142872,12.50670677913047,False,False,False,,5.973477840423584,4.690901279449463,2.860302448272705,6.917293548583984,,,3.827359914779663,True,0.266196664,0.712787611121,3,-1.0,1.0,1.4142135381698608,-0.26619666814804077,0.26619666814804077,0.37645894289016724,-0.26619666814804077,0.26619666814804077,0.37645894289016724,-0.26612943410873413,0.26619601249694824,0.37641093134880066,-0.26612943410873413,0.26619601249694824,0.37641093134880066,-0.2661294937133789,0.26619577407836914,0.3764108121395111,False,False,1.0986002162098885,,,,,,,,,,,1.554800197482109,-0.367657870054245,0.4455737769603729,0.577674925327301,-0.3825151026248932,0.6561189293861389,74.23090362548828,995.5999755859375,74.23090362548828,1018.9480590820312,0.9087401032447815,9.5,0.7249111533164978,9.5,-0.1838289499282837,0.0,0.1838289499282837,-0.23569869995117188,0.3503122329711914,0.4222233295440674,1.232362985610962,3.237123489379883,1.2371234893798828,2.0,1.5,3.0,True,,True,False,-0.6471787471116087,-0.5160769976039637,0.11333369618094041,False,,False,timeout
19,1787741851.0723636,0.9500026004388928,0.04775550030171871,20.939996307901943,0.04775550030171871,20.939996307901943,2.603977918624878e-06,False,False,7283055.879501796,7283055.8832741,3.7723034620285034,7283055.929501796,0.0,0.008004900068044662,124.92348330392932,0.04955930355936289,0.9911860748797137,19,18,-0.6763533096283949,-0.5277147076575469,0.113,-0.7718856557680931,-0.5590581615710487,0.113,-0.765997767857321,-0.5636838583079996,0.113,-0.7718856557680931,-0.5590581615710487,0.113,7283055.8295017965,7283055.879501796,0.04955930355936289,0.049999999813735485,1,True,112,0,1.8705507203193201,11.923501694958953,4.900068044662309e-06,1,False,,False,,,,,False,False,False,,5.707348346710205,4.957097053527832,2.6833548545837402,7.165004730224609,,,3.744248151779175,True,0.266196664,0.712787611121,3,-0.2731947898864746,1.0,1.0366462469100952,-0.07272354513406754,0.26619666814804077,0.2759517729282379,-0.22067402303218842,0.26619666814804077,0.3457711637020111,-0.23372939229011536,0.26619642972946167,0.354245662689209,-0.23372939229011536,0.26619642972946167,0.354245662689209,-0.23372936248779297,0.26619625091552734,0.35424548387527466,False,False,1.4788992702960968,,,,,,,,,,,1.9294992089271545,-0.30562371015548706,0.23809362947940826,0.3874202072620392,-0.367657870054245,0.4455737769603729,58.582969665527344,995.5999755859375,58.582969665527344,1008.076171875,0.7249111533164978,9.5,0.5720993280410767,9.5,-0.15281182527542114,0.0,0.15281182527542114,-0.17694759368896484,0.247711181640625,0.3044195771217346,0.9625664949417114,3.0475735664367676,1.0475735664367676,2.0,1.5,3.0,True,,True,False,-0.6588307515794222,-0.5211693242959243,0.11311796524271087,False,,False,timeout
20,1787741851.1214159,1.0000029997900128,0.050000399351119995,19.999840260827842,0.050000399351119995,19.999840260827842,3.0035153031349182e-06,False,False,7283055.929501796,7283055.9333504,3.8486039265990257,7283055.979501796,0.0,0.008017400279641151,124.72871069432979,0.04760110378265381,0.9520220791996348,20,19,-0.691080386470623,-0.5320725717402301,0.113,-0.7768391279052875,-0.5551665691615407,0.113,-0.7718856557680931,-0.5590581615710487,0.113,-0.7768391279052875,-0.5551665691615407,0.113,7283055.879501796,7283055.929501796,0.04760110378265381,0.049999999813735485,1,True,118,0,1.6148792280487643,10.495966926729848,1.740027964115126e-05,1,False,,True,17,0.039334299974143505,0.06329680047929287,15.79858685475174,False,False,False,,5.473618984222412,5.223293304443359,2.4147191047668457,7.509281635284424,,,3.818718433380127,True,0.266196664,0.712787611121,3,-0.7437289953231812,1.0,1.2462475299835205,-0.1979781836271286,0.26619666814804077,0.3317469358444214,-0.26619666814804077,0.26619666814804077,0.37645894289016724,-0.25687164068222046,0.2661965489387512,0.369923859834671,-0.25687164068222046,0.2661965489387512,0.369923859834671,-0.25687170028686523,0.26619672775268555,0.36992400884628296,False,False,1.1398997157812119,,,,,,,,,,,1.5629995614290237,-0.17003417015075684,0.024040494114160538,0.17172525823116302,-0.30562371015548706,0.23809362947940826,51.20000076293945,995.5999755859375,49.877220153808594,996.8596801757812,0.5720993280410767,9.5,0.5,9.5,-0.07209932804107666,0.0,0.07209932804107666,-0.26863574981689453,0.34427690505981445,0.43668267130851746,1.7579514980316162,2.712601661682129,0.7126016616821289,2.0,1.5,3.0,True,,True,False,-0.6755734667781974,-0.5275660674150964,0.11310174742528416,False,,False,timeout
21,1787741851.1761851,1.0547286001965404,0.05472560040652752,18.27298362323171,0.05472560040652752,18.27298362323171,0.004728604108095169,True,False,7283055.979501796,7283055.9888633,9.361503645777702,7283056.029501796,0.0,0.008008900098502636,124.86109049942607,0.05365930404514074,1.0,21,20,-0.7084521825089453,-0.5364686408316085,0.113,-0.7790049081218133,-0.5534650689576718,0.113,-0.7768391279052875,-0.5551665691615407,0.113,-0.7790049081218133,-0.5534650689576718,0.113,7283055.929501796,7283055.979501796,0.05365930404514074,0.049999999813735485,1,True,125,0,1.6217474699882723,8.878786402568366,8.90009850263579e-06,1,False,,True,18,0.01444930024445057,0.06664299964904785,15.00532697006665,False,False,False,,5.216747283935547,5.489490032196045,2.1213972568511963,7.842930793762207,,,3.8884284496307373,True,0.266196664,0.712787611121,3,-0.7955894470214844,1.0,1.277874231338501,-0.2117832601070404,0.26619666814804077,0.3401658833026886,-0.26619666814804077,0.26619666814804077,0.37645894289016724,-0.26351842284202576,0.26619669795036316,0.37456995248794556,-0.26351842284202576,0.26619669795036316,0.37456995248794556,-0.2635183334350586,0.26619672775268555,0.3745698928833008,False,False,1.2055998668074608,,,,,,,,,,,1.8266001716256142,-0.02791636437177658,-0.17300212383270264,0.17523999512195587,-0.17003417015075684,0.024040494114160538,51.20000076293945,986.53466796875,49.77068328857422,986.53466796875,0.5,9.5,0.5,9.413498878479004,0.0,-0.0865011215209961,0.0865011215209961,-0.2933218479156494,0.3336491584777832,0.4442515969276428,4.068302154541016,2.3183631896972656,0.3183631896972656,2.0,1.5,3.0,True,,True,False,-0.6926497370275319,-0.5328237146415599,0.11306095504401381,False,,False,timeout
22,1787741851.2207685,1.100368400104344,0.045639799907803535,21.910700792292893,0.045639799907803535,21.910700792292893,0.00036840420216321945,False,False,7283056.029501796,7283056.0329718,3.4700045362114906,7283056.079501796,0.0,0.008003899827599525,124.93909488368911,0.05183000396937132,1.0,22,21,-0.7234696341839737,-0.5396897065278385,0.113,-0.7773466778452995,-0.5503241229790236,0.113,-0.7790049081218133,-0.5534650689576718,0.113,-0.7773466778452995,-0.5503241229790236,0.113,7283055.979501796,7283056.029501796,0.05183000396937132,0.049999999813735485,1,True,131,0,1.8787749025459055,7.370324783131638,3.899827599525285e-06,1,False,,False,,,,,False,False,False,,4.953228950500488,5.7556867599487305,1.8961073160171509,8.074745178222656,,,3.8371896743774414,True,0.266196664,0.712787611121,3,-1.0,1.0,1.4142135381698608,-0.26619666814804077,0.26619666814804077,0.37645894289016724,-0.07272354513406754,0.26619666814804077,0.2759517729282379,-0.12752217054367065,0.26619669795036316,0.29516535997390747,-0.12752217054367065,0.26619669795036316,0.29516535997390747,-0.12752199172973633,0.26619672775268555,0.2951653003692627,False,False,1.19789969176054,,,,,,,,,,,1.6211001202464104,0.06819287687540054,-0.32789409160614014,0.33491015434265137,-0.02791636437177658,-0.17300212383270264,54.691471099853516,969.35302734375,54.691471099853516,969.35302734375,0.5,9.413498878479004,0.5340964198112488,9.249551773071289,0.03409641981124878,-0.16394710540771484,0.16745512187480927,-0.2252899408340454,0.23181438446044922,0.3232544958591461,-2.6799004077911377,1.9342639446258545,0.0,2.0,1.5,3.0,True,,False,False,-0.7050727758228484,-0.535880099363969,0.11285164521805136,False,,False,timeout
23,1787741851.2733853,1.1500038001686335,0.04963540006428957,20.14691125093711,0.04963540006428957,20.14691125093711,3.8044527173042297e-06,False,False,7283056.079501796,7283056.0846162,5.114404484629631,7283056.129501795,0.0,0.008021299727261066,124.66807549921309,0.04987860377877951,0.9975720792918357,23,22,-0.7386741832449539,-0.54182405063818,0.113,-0.7732667680103563,-0.5450949886196907,0.113,-0.7773466778452995,-0.5503241229790236,0.113,-0.7732667680103563,-0.5450949886196907,0.113,7283056.029501796,7283056.079501796,0.04987860377877951,0.049999999813735485,1,True,137,0,1.8741367033777483,5.347311900819938,2.129972726106627e-05,1,False,,True,19,0.04720779974013567,0.0794228995218873,12.590827154634676,False,False,False,,4.825706958770752,6.021883487701416,1.6145800352096558,8.350573539733887,,,3.966627359390259,True,0.266196664,0.712787611121,3,-1.0,1.0,1.4142135381698608,-0.26619666814804077,0.26619666814804077,0.37645894289016724,-0.1979781836271286,0.26619666814804077,0.3317469358444214,-0.17774228751659393,0.26619669795036316,0.32008281350135803,-0.17774228751659393,0.26619669795036316,0.32008281350135803,-0.17774248123168945,0.26619672775268555,0.3200829327106476,False,False,1.661200076341629,,,,,,,,,,,2.175699919462204,0.2020958662033081,-0.47968339920043945,0.5205179452896118,0.06819287687540054,-0.32789409160614014,65.03878021240234,944.2176513671875,65.03878021240234,944.2176513671875,0.5340964198112488,9.249551773071289,0.6351443529129028,9.009710311889648,0.10104793310165405,-0.23984146118164062,0.2602587342262268,-0.2815272808074951,0.27582836151123047,0.39413052797317505,-1.954991102218628,1.4055627584457397,0.0,2.0,1.5,3.0,True,,False,False,-0.7201271043302805,-0.5391326417477517,0.11296805923982133,False,,False,timeout
24,1787741851.320925,1.2000011000782251,0.049997299909591675,20.001080094490387,0.049997299909591675,20.001080094490387,1.1045485734939575e-06,False,False,7283056.129501795,7283056.1332445,3.7427041679620743,7283056.179501795,0.0,0.008018200285732746,124.71626604031813,0.047911904752254486,0.9582380986148048,24,23,-0.7539705607043087,-0.5412880939126822,0.113,-0.7651596651974889,-0.5389581804807073,0.113,-0.7732667680103563,-0.5450949886196907,0.113,-0.7651596651974889,-0.5389581804807073,0.113,7283056.079501796,7283056.129501795,0.047911904752254486,0.049999999813735485,1,True,143,0,1.6227728158700505,2.7563078651412845,1.8200285732745958e-05,1,False,,True,20,0.032800099812448025,0.06272020004689693,15.943826697814794,False,False,False,,4.6479644775390625,6.288080215454102,1.268217921257019,8.658575057983398,,,4.12818717956543,True,0.266196664,0.712787611121,3,-1.0,1.0,1.4142135381698608,-0.26619666814804077,0.26619666814804077,0.37645894289016724,-0.2117832601070404,0.26619666814804077,0.3401658833026886,-0.20200632512569427,0.26619669795036316,0.3341664969921112,-0.20200632512569427,0.26619669795036316,0.3341664969921112,-0.20200634002685547,0.26619672775268555,0.3341665267944336,False,False,1.0928995907306671,,,,,,,,,,,1.4411993324756622,0.31631749868392944,-0.5638406276702881,0.6465083360671997,0.2020958662033081,-0.47968339920043945,81.23424530029297,914.67236328125,81.23424530029297,914.67236328125,0.6351443529129028,9.009710311889648,0.7933031320571899,8.727789878845215,0.1581587791442871,-0.2819204330444336,0.3232542872428894,-0.3463621139526367,0.3080015182495117,0.46349936723709106,-1.6073129177093506,0.7239323854446411,0.0,2.0,1.5,3.0,True,,False,False,-0.7377550918746663,-0.5419075240748338,0.11288151750427534,False,,False,timeout
25,1787741851.3735738,1.2520842999219894,0.052083199843764305,19.200049209720852,0.052083199843764305,19.200049209720852,0.002084304578602314,True,False,7283056.179501795,7283056.1855674,6.065605208277702,7283056.229501795,0.0,0.008003100752830505,124.95156950839635,0.05394630506634712,1.0,25,24,-0.7544445549311543,-0.5322040211858673,0.113,-0.7544445549311543,-0.5322040211858673,0.113,-0.7651596651974889,-0.5389581804807073,0.113,-0.7544445549311543,-0.5322040211858673,0.113,7283056.129501795,7283056.179501795,0.05394630506634712,0.049999999813735485,1,False,146,0,0.9330903734226088,0.9330903734226088,3.1007528305052046e-06,1,False,,True,21,0.00636299978941679,0.06419730000197887,15.576979093656199,False,False,False,,4.445958137512207,6.554276943206787,0.9357860684394836,8.869294166564941,,,4.204832077026367,True,0.266196664,0.712787611121,3,-1.0,1.0,1.4142135381698608,-0.26619666814804077,0.26619666814804077,0.37645894289016724,-0.26619666814804077,0.26619666814804077,0.37645894289016724,-0.24776041507720947,0.26619669795036316,0.36365628242492676,-0.24776041507720947,0.26619669795036316,0.36365628242492676,-0.24776029586791992,0.26619672775268555,0.36365625262260437,False,False,1.1784005910158157,,,,,,,,,,,1.5807002782821655,0.3597506284713745,-0.6403585076332092,0.7344926595687866,0.31631749868392944,-0.5638406276702881,99.65347290039062,881.1175537109375,99.65347290039062,881.1175537109375,0.7933031320571899,8.727789878845215,0.9731784462928772,8.407610893249512,0.17987531423568726,-0.3201789855957031,0.3672461211681366,-0.3324318528175354,0.21071910858154297,0.39359050989151,-1.07167649269104,0.2008104920387268,0.0,2.0,1.5,3.0,True,,False,False,-0.7527471036404713,-0.5413792278604113,0.11299753168948534,False,,False,timeout
26,1787741851.4212418,1.3000028999522328,0.0479186000302434,20.868723196605472,0.0479186000302434,20.868723196605472,2.9047951102256775e-06,False,False,7283056.229501795,7283056.2334277,3.925904631614685,7283056.279501795,0.0,0.008013899438083172,124.78319795826985,0.051993404515087605,1.0,26,25,-0.7423824253834049,-0.5247798566390427,0.113,-0.7423824253834049,-0.5247798566390427,0.113,-0.7544445549311543,-0.5322040211858673,0.113,-0.7423824253834049,-0.5247798566390427,0.113,7283056.179501795,7283056.229501795,0.051993404515087605,0.049999999813735485,1,False,149,0,1.8551155533277544,1.8551155533277544,1.3899438083171678e-05,1,False,,False,,,,,False,False,False,,4.198197841644287,6.820473670959473,0.7476465106010437,8.823627471923828,,,3.9898533821105957,True,0.266196664,0.712787611121,3,-1.0,1.0,1.4142135381698608,-0.26619666814804077,0.26619666814804077,0.37645894289016724,-0.26619666814804077,0.26619666814804077,0.37645894289016724,-0.2609015107154846,0.26619669795036316,0.37273353338241577,-0.2609015107154846,0.26619669795036316,0.37273353338241577,-0.26090145111083984,0.26619672775268555,0.3727335035800934,False,False,1.4639999717473984,,,,,,,,,,,2.189699560403824,0.26164600253105164,-0.7509562373161316,0.7952319979667664,0.3597506284713745,-0.6403585076332092,113.04973602294922,841.767578125,113.04973602294922,841.767578125,0.9731784462928772,8.407610893249512,1.1040014028549194,8.032133102416992,0.13082295656204224,-0.37547779083251953,0.3976156711578369,-0.18813955783843994,-0.04566669464111328,0.1936025321483612,-0.14250899851322174,0.4732171297073364,0.0,2.0,1.5,3.0,True,,False,False,-0.7578864274094604,-0.534939104535387,0.112251017372334,False,,False,timeout
27,1787741851.4738915,1.3500057999044657,0.05000289995223284,19.998840086380746,0.05000289995223284,19.998840086380746,5.804933607578278e-06,False,False,7283056.279501795,7283056.285296,5.794204771518707,7283056.329501795,0.0,0.008073600009083748,123.8604834119702,0.05008000507950783,1.0,27,26,-0.7309570199268903,-0.5145139075765229,0.113,-0.7300495417119337,-0.5136985207470972,0.113,-0.7423824253834049,-0.5247798566390427,0.113,-0.7300495417119337,-0.5136985207470972,0.113,7283056.229501795,7283056.279501795,0.05008000507950783,0.049999999813735485,1,True,155,0,2.1968469350422093,2.317487371258974,7.36000090837477e-05,1,False,,True,22,0.03812790010124445,0.07852460071444511,12.734862589578803,False,False,False,,3.9372963905334473,7.086670398712158,0.8396323919296265,8.54103946685791,,,3.4220917224884033,False,0.266196664,0.712787611121,3,-1.0,1.0,1.4142135381698608,-0.26619666814804077,0.26619666814804077,0.37645894289016724,-0.26619666814804077,0.26619666814804077,0.37645894289016724,-0.2646758258342743,0.26619669795036316,0.3753851056098938,-0.2646758258342743,0.26619669795036316,0.3753851056098938,-0.2646758556365967,0.26619672775268555,0.3753851354122162,False,False,1.7817001789808273,,,,,,,,,,,2.752099186182022,0.07411129027605057,-0.9104043245315552,0.9134158492088318,0.26164600253105164,-0.7509562373161316,116.84423828125,794.0623779296875,116.84423828125,794.0623779296875,1.1040014028549194,8.032133102416992,1.141057014465332,7.576930999755859,0.0370556116104126,-0.4552021026611328,0.4567078649997711,0.09198588132858276,-0.28258800506591797,0.2971824109554291,0.7472531199455261,0.5734776854515076,0.0,2.0,1.5,3.0,True,,False,False,-0.7492416094002329,-0.5266474248561649,0.11196791869680926,False,,False,timeout
28,1787741851.525543,1.4041061997413635,0.05410039983689785,18.484151744068527,0.05410039983689785,18.484151744068527,0.004106204956769943,True,False,7283056.329501795,7283056.3378562,8.35440494120121,7283056.379501794,0.0,0.008004100061953068,124.93596934818824,0.05615660548210144,1.0,28,27,-0.7211809549430784,-0.49950236400664544,0.113,-0.7196584891502711,-0.49707511204813765,0.113,-0.7300495417119337,-0.5136985207470972,0.113,-0.7196584891502711,-0.49707511204813765,0.113,7283056.279501795,7283056.329501795,0.05615660548210144,0.049999999813735485,1,True,162,0,2.019932548716182,2.304507637700598,4.100061953067613e-06,1,False,,True,23,0.02853999938815832,0.06637119967490435,15.066776024814127,False,False,False,,3.6726205348968506,7.352867126464844,1.03644597530365,8.107199668884277,,,2.741976499557495,False,0.266196664,0.712787611121,3,-1.0,1.0,1.4142135381698608,-0.26619666814804077,0.26619666814804077,0.37645894289016724,-0.26619666814804077,0.26619666814804077,0.37645894289016724,-0.2657598853111267,0.26619669795036316,0.3761502206325531,-0.2657598853111267,0.26619669795036316,0.3761502206325531,-0.2657599449157715,0.26619672775268555,0.3761502802371979,False,False,1.2349002063274384,,,,,,,,,,,1.5634996816515923,-0.11486151069402695,-1.0,1.0065749883651733,0.07411129027605057,-0.9104043245315552,110.96333312988281,741.662353515625,110.96333312988281,741.662353515625,1.141057014465332,7.576930999755859,1.0836262702941895,7.076930999755859,-0.05743074417114258,-0.5,0.5032874941825867,0.19681358337402344,-0.4338397979736328,0.4763953685760498,0.9817614555358887,0.5404889583587646,0.0,2.0,1.5,3.0,True,,False,False,-0.7339568678898875,-0.5151479503233779,0.11306653809087114,False,,False,timeout
29,1787741851.5710714,1.4500029003247619,0.04589670058339834,21.788058559523513,0.04589670058339834,21.788058559523513,2.905726432800293e-06,False,False,7283056.379501794,7283056.3829415,3.4397058188915253,7283056.429501794,0.0,0.008000699803233147,124.98906653089172,0.04618860501796007,0.9237721038005207,29,28,-0.7159767370706063,-0.487809462966046,0.113,-0.7107827254506729,-0.4755955876322891,0.113,-0.7196584891502711,-0.49707511204813765,0.113,-0.7107827254506729,-0.4755955876322891,0.113,7283056.329501795,7283056.379501794,0.04618860501796007,0.049999999813735485,1,True,167,0,1.6624399675150818,2.9888502287264425,6.998032331465009e-07,1,False,,False,,,,,False,False,False,,3.406860589981079,7.619063854217529,1.123364806175232,7.729050159454346,,,2.2861430644989014,False,0.266196664,0.712787611121,3,-1.0,0.901651918888092,1.3464679718017578,-0.26619666814804077,0.24001674354076385,0.3584253191947937,-0.26619666814804077,0.26619666814804077,0.37645894289016724,-0.26607123017311096,0.26619669795036316,0.37637028098106384,-0.26607123017311096,0.26619669795036316,0.37637028098106384,-0.2660713195800781,0.26619672775268555,0.3763703405857086,False,False,1.160699874162674,,,,,,,,,,,2.0136991515755653,-0.13754764199256897,-1.0,1.0094153881072998,-0.11486151069402695,-1.0,103.92088317871094,689.2623291015625,103.92088317871094,689.2623291015625,1.0836262702941895,7.076930999755859,1.0148524045944214,6.576930999755859,-0.06877386569976807,-0.5,0.5047076940536499,0.08691883087158203,-0.37814950942993164,0.3880102336406708,0.726743757724762,0.6533288359642029,0.0,2.0,1.5,3.0,True,,False,False,-0.7232001820141357,-0.5027825191460091,0.11300981522394575,False,,False,timeout
30,1787741851.6235592,1.500004299916327,0.05000139959156513,19.99944017904436,0.05000139959156513,19.99944017904436,4.305504262447357e-06,False,False,7283056.429501794,7283056.4348461,5.344306118786335,7283056.479501794,0.0,0.008014299906790257,124.77696263309693,0.05223080515861511,1.0,30,29,-0.7092160665984114,-0.47121405497672064,0.113,-0.7022694402233148,-0.4538200309011077,0.113,-0.7107827254506729,-0.4755955876322891,0.113,-0.7022694402233148,-0.4538200309011077,0.113,7283056.379501794,7283056.429501794,0.05223080515861511,0.049999999813735485,1,True,174,0,1.9001920672958745,3.772350739854823,1.4299906790256334e-05,1,False,,True,24,0.045150899328291416,0.06347270030528307,15.754804745824975,False,False,False,,3.140789270401001,7.885260581970215,1.1291261911392212,7.3764519691467285,,,2.075011730194092,False,0.266196664,0.712787611121,3,-1.0,-1.0,1.4142135381698608,-0.26619666814804077,-0.26619666814804077,0.37645894289016724,-0.26619666814804077,0.26619666814804077,0.37645894289016724,-0.26616066694259644,0.26619669795036316,0.37643349170684814,-0.26616066694259644,0.26619669795036316,0.37643349170684814,-0.2661607265472412,0.26619625091552734,0.37643322348594666,False,False,1.7945999279618263,,,,,,,,,,,2.181200310587883,-0.01380806416273117,-1.0,1.000095248222351,-0.13754764199256897,-1.0,103.21391296386719,636.8623657226562,103.21391296386719,636.8623657226562,1.0148524045944214,6.576930999755859,1.007948398590088,6.076930999755859,-0.006904006004333496,-0.5,0.5000476241111755,0.005761384963989258,-0.3525981903076172,0.35264524817466736,0.6905467510223389,0.8076460957527161,0.0,2.0,1.5,3.0,True,,False,False,-0.715523900166303,-0.48913819952410226,0.1130962662233985,False,,False,timeout
31,1787741851.6711695,1.5500023998320103,0.04999809991568327,20.000760062610354,0.04999809991568327,20.000760062610354,2.405606210231781e-06,False,False,7283056.479501794,7283056.4836396,4.137805663049221,7283056.529501794,0.0,0.008001799695193768,124.9718860871566,0.050285705365240574,1.0,31,30,-0.702801336451741,-0.4572599637431857,0.113,-0.6910373310301614,-0.43301461160695676,0.113,-0.7022694402233148,-0.4538200309011077,0.113,-0.6910373310301614,-0.43301461160695676,0.113,7283056.429501794,7283056.479501794,0.050285705365240574,0.049999999813735485,1,True,180,0,1.6343894636831595,4.326043471595815,1.799695193767381e-06,1,False,,True,25,0.029910899698734283,0.07946799974888563,12.58368152161805,False,False,False,,2.8746285438537598,8.151456832885742,1.0801795721054077,6.988223075866699,,,2.1384947299957275,False,0.266196664,0.712787611121,3,-1.0,-1.0,1.4142135381698608,-0.26619666814804077,-0.26619666814804077,0.37645894289016724,-0.26619666814804077,0.26619666814804077,0.37645894289016724,-0.26618635654449463,0.2661965489387512,0.3764515519142151,-0.26618635654449463,0.2661965489387512,0.3764515519142151,-0.2661862373352051,0.26619625091552734,0.3764512538909912,False,False,1.2126006186008453,,,,,,,,,,,1.5167007222771645,0.2489044964313507,-1.0,1.0305112600326538,-0.01380806416273117,-1.0,115.95783233642578,584.4623413085938,115.95783233642578,584.4623413085938,1.007948398590088,6.076930999755859,1.132400631904602,5.576930999755859,0.12445223331451416,-0.5,0.5152556300163269,-0.04894661903381348,-0.3882288932800293,0.3913022577762604,0.7776612639427185,0.9141501784324646,0.0,2.0,1.5,3.0,True,,False,False,-0.7088002950280268,-0.4724581309954853,0.11338871592582467,False,,False,timeout
32,1787741851.721332,1.6000020997598767,0.04999969992786646,20.000120029573768,0.04999969992786646,20.000120029573768,2.105720341205597e-06,False,False,7283056.529501794,7283056.5334298,3.9280056953430176,7283056.579501794,0.0,0.00800430029630661,124.9328439690632,0.048323906026780605,0.9664781241360236,32,31,-0.6949160112751152,-0.44408900102057547,0.113,-0.6757369086385663,-0.41528828669940915,0.113,-0.6910373310301614,-0.43301461160695676,0.113,-0.6757369086385663,-0.41528828669940915,0.113,7283056.479501794,7283056.529501794,0.048323906026780605,0.049999999813735485,1,True,186,0,1.615269270766611,5.072392195157272,4.300296306609941e-06,1,False,,True,26,0.01694789994508028,0.06505350023508072,15.371963020995763,False,False,False,,2.6084423065185547,8.41765308380127,1.043114423751831,6.6574859619140625,,,2.3555126190185547,False,0.266196664,0.712787611121,3,-1.0,-1.0,1.4142135381698608,-0.26619666814804077,-0.26619666814804077,0.37645894289016724,-0.26619666814804077,0.24001674354076385,0.3584253191947937,-0.266193687915802,0.2475358247756958,0.3635011315345764,-0.266193687915802,0.2475358247756958,0.3635011315345764,-0.2661936283111572,0.24753570556640625,0.36350101232528687,False,False,1.167600043118,,,,,,,,,,,1.53339933604002,0.752632200717926,-1.0,1.251581072807312,0.2489044964313507,-1.0,154.4925994873047,532.0623779296875,154.4925994873047,532.0623779296875,1.132400631904602,5.576930999755859,1.5087167024612427,5.076930999755859,0.3763160705566406,-0.5,0.625790536403656,-0.03706514835357666,-0.3307371139526367,0.3328075408935547,0.6055095195770264,1.0842375755310059,0.0,2.0,1.5,3.0,True,,False,False,-0.7028347666933952,-0.4581674436279941,0.1129842493374692,False,,False,timeout
33,1787741851.7729595,1.6500032003968954,0.05000110063701868,19.999559754883528,0.05000110063701868,19.999559754883528,3.2065436244010925e-06,False,False,7283056.579501794,7283056.5839505,4.448706284165382,7283056.6295017935,0.0,0.008005100302398205,124.9203585494632,0.04642800614237785,0.9285601263067131,33,32,-0.6844329514658685,-0.432918482231148,0.113,-0.6508692843787244,-0.40424190552977946,0.113,-0.6757369086385663,-0.41528828669940915,0.113,-0.6508692843787244,-0.40424190552977946,0.113,7283056.529501794,7283056.579501794,0.04642800614237785,0.049999999813735485,1,True,192,0,1.6127478792535885,6.020328944345198,5.100302398204637e-06,1,False,,False,,,,,False,False,False,,2.3422486782073975,8.665188789367676,1.0439518690109253,6.326175689697266,,,2.6751742362976074,False,0.266196664,0.712787611121,3,-0.3845120668411255,-1.0,1.0713773965835571,-0.10235583037137985,-0.26619666814804077,0.28519710898399353,-0.26619666814804077,-0.26619666814804077,0.37645894289016724,-0.26619580388069153,-0.11864636093378067,0.29143983125686646,-0.26619580388069153,-0.11864635348320007,0.29143980145454407,-0.26619577407836914,-0.11864662170410156,0.29143989086151123,False,False,1.7600003629922867,,,,,,,,,,,2.3141996935009956,0.9830949902534485,-1.0,1.402310848236084,0.752632200717926,-1.0,204.82705688476562,479.662353515625,204.82705688476562,479.662353515625,1.5087167024612427,5.076930999755859,2.0002641677856445,4.576930999755859,0.49154746532440186,-0.5,0.701155424118042,0.0008374452590942383,-0.3313102722167969,0.33131134510040283,0.423811137676239,1.3328986167907715,0.0,2.0,1.5,3.0,True,,False,False,-0.6954892301214042,-0.4446579618583645,0.113197212010306,False,,False,timeout
34,1787741851.8225417,1.7000040002167225,0.05000079981982708,19.99968007718678,0.05000079981982708,19.99968007718678,4.0065497159957886e-06,False,False,7283056.6295017935,7283056.6344205,4.918706603348255,7283056.679501793,0.0,0.008012600243091583,124.80343080415051,0.05262970644980669,1.0,34,33,-0.669558970586802,-0.4229731531996096,0.113,-0.6213672373705664,-0.39542960182102715,0.113,-0.6508692843787244,-0.40424190552977946,0.113,-0.6213672373705664,-0.39542960182102715,0.113,7283056.579501794,7283056.6295017935,0.05262970644980669,0.049999999813735485,1,True,199,0,1.8932437611953852,7.442781024160208,1.2600243091583085e-05,1,False,,True,27,0.03700240049511194,0.06296509969979525,15.88181396944968,False,False,False,,2.0760529041290283,8.546542167663574,1.118448257446289,5.998079299926758,,,2.722438097000122,False,0.266196664,0.712787611121,3,-1.0,-1.0,1.4142135381698608,-0.26619666814804077,-0.26619666814804077,0.37645894289016724,-0.26619666814804077,-0.26619666814804077,0.37645894289016724,-0.26619642972946167,-0.22381846606731415,0.34778621792793274,-0.26619642972946167,-0.22381846606731415,0.34778621792793274,-0.26619648933410645,-0.22381877899169922,0.34778645634651184,False,False,1.9183997064828873,,,,,,,,,,,1.7152996733784676,1.0,-1.0,1.4142135381698608,0.9830949902534485,-1.0,256.02703857421875,427.2623596191406,256.02703857421875,427.2623596191406,2.0002641677856445,4.576930999755859,2.5002641677856445,4.076930999755859,0.5,-0.5,0.7071067690849304,0.07449638843536377,-0.3280963897705078,0.336447536945343,0.4081753194332123,1.6725016832351685,0.0,2.0,1.5,3.0,True,,False,False,-0.6855930656568477,-0.43303993251428385,0.11307030963594719,False,,False,timeout
35,1787741851.8762617,1.7547778999432921,0.05477389972656965,18.256870607935213,0.05477389972656965,18.256870607935213,0.004777906462550163,True,False,7283056.679501793,7283056.6883401,8.838307112455368,7283056.729501793,0.0,0.00800199992954731,124.96875891082045,0.05066740605980158,1.0,35,34,-0.6557428258537594,-0.41627268059349687,0.113,-0.5906782391878328,-0.3873601553057017,0.113,-0.6213672373705664,-0.39542960182102715,0.113,-0.5906782391878328,-0.3873601553057017,0.113,7283056.6295017935,7283056.679501793,0.05066740605980158,0.049999999813735485,1,True,205,0,1.6482140016076656,8.767439961500799,1.999929547309709e-06,1,False,,True,28,0.024147099815309048,0.08015340007841587,12.476077109912712,False,False,False,,1.8098564147949219,8.322723388671875,1.2993184328079224,5.632093906402588,,,2.738637685775757,False,0.266196664,0.712787611121,3,-0.32653355598449707,-1.0,1.0519620180130005,-0.08692214637994766,-0.26619666814804077,0.2800287902355194,-0.26619666814804077,-0.26619666814804077,0.37645894289016724,-0.266196608543396,-0.2540252208709717,0.3679530620574951,-0.266196608543396,-0.2540252208709717,0.3679530620574951,-0.266196608543396,-0.2540254592895508,0.36795321106910706,False,False,1.1798003688454628,,,,,,,,,,,1.5580998733639717,1.0,-1.0,1.4142135381698608,1.0,-1.0,307.22705078125,374.86236572265625,307.22705078125,374.86236572265625,2.5002641677856445,4.076930999755859,3.0002641677856445,3.5769309997558594,0.5,-0.5,0.7071067690849304,0.1808701753616333,-0.3659853935241699,0.40823930501937866,0.5468555688858032,1.9648923873901367,0.0,2.0,1.5,3.0,True,,False,False,-0.6710104380301206,-0.4224818079004712,0.11291227299407378,False,,False,timeout
36,1787741851.9208786,1.8000012002885342,0.04522330034524202,22.112494938800076,0.04522330034524202,22.112494938800076,1.2069940567016602e-06,False,False,7283056.729501793,7283056.7334443,3.9425063878297806,7283056.779501793,0.0,0.008021700195968151,124.66185167361624,0.048974706791341305,0.9794941394757261,36,35,-0.6415314982611809,-0.41044739927252516,0.113,-0.5593377263907201,-0.37838989228474323,0.113,-0.5906782391878328,-0.3873601553057017,0.113,-0.5593377263907201,-0.37838989228474323,0.113,7283056.679501793,7283056.729501793,0.048974706791341305,0.049999999813735485,1,True,211,0,1.7272832885208362,10.548693001366923,2.1700195968150926e-05,1,False,,True,29,0.009112300351262093,0.06742329988628626,14.831668009227737,False,False,False,,1.5436598062515259,8.068697929382324,1.4955148696899414,5.359076499938965,,,2.7100491523742676,False,0.266196664,0.712787611121,3,-1.0,-1.0,1.4142135381698608,-0.26619666814804077,-0.26619666814804077,0.37645894289016724,-0.10235583037137985,-0.26619666814804077,0.28519710898399353,-0.14941293001174927,-0.2627009451389313,0.302218496799469,-0.14941293001174927,-0.2627009451389313,0.302218496799469,-0.14941298961639404,-0.26270103454589844,0.30221858620643616,False,False,1.1023003607988358,,,,,,,,,,,1.630299724638462,1.0,-1.0,1.4142135381698608,1.0,-1.0,358.42706298828125,322.4623718261719,358.42706298828125,322.4623718261719,3.0002641677856445,3.5769309997558594,3.5002641677856445,3.0769309997558594,0.5,-0.5,0.7071067690849304,0.19619643688201904,-0.27301740646362305,0.33620163798332214,0.4692138433456421,2.3324480056762695,0.33244800567626953,2.0,1.5,3.0,True,,False,False,-0.6578432068634512,-0.4161278167806193,0.11310851400230097,False,,False,timeout
37,1787741851.9724782,1.85000320058316,0.05000200029462576,19.999199914157845,0.05000200029462576,19.999199914157845,3.207474946975708e-06,False,False,7283056.779501793,7283056.7835061,4.0043070912361145,7283056.829501793,0.0,0.008034000173211098,124.47099557384145,0.047027806751430035,0.9405561385324454,37,36,-0.6271268826802407,-0.4051161940532769,0.113,-0.5274685957338028,-0.36963178044263456,0.113,-0.5593377263907201,-0.37838989228474323,0.113,-0.5274685957338028,-0.36963178044263456,0.113,7283056.729501793,7283056.779501793,0.047027806751430035,0.049999999813735485,1,True,217,0,1.8471773390749533,12.42551265184621,3.400017321109755e-05,1,False,,False,,,,,False,False,False,,1.3942468166351318,7.805996894836426,1.7024681568145752,5.108102321624756,,,2.7154438495635986,False,0.266196664,0.712787611121,3,0.20631033182144165,-1.0,1.0210602283477783,0.05491912364959717,-0.26619666814804077,0.2718028128147125,-0.26619666814804077,-0.26619666814804077,0.37645894289016724,-0.23265494406223297,-0.2651926875114441,0.3527824878692627,-0.23265494406223297,-0.2651926875114441,0.3527824878692627,-0.23265492916107178,-0.26519250869750977,0.35278233885765076,False,False,1.7435001209378242,,,,,,,,,,,1.8945997580885887,1.0,-1.0,1.4142135381698608,1.0,-1.0,409.6270446777344,270.0623779296875,409.6270446777344,270.0623779296875,3.5002641677856445,3.0769309997558594,4.0002641677856445,2.5769309997558594,0.5,-0.5,0.7071067690849304,0.2069532871246338,-0.250974178314209,0.3252963125705719,0.4579274654388428,2.7125132083892822,0.7125132083892822,2.0,1.5,3.0,True,,False,False,-0.6446600342488025,-0.4109295152464465,0.11301746362189222,False,,False,timeout
38,1787741852.0222657,1.9000035002827644,0.05000029969960451,19.99988012087675,0.05000029969960451,19.99988012087675,3.507360816001892e-06,False,False,7283056.829501793,7283056.8336675,4.165707156062126,7283056.879501793,0.0,0.008018000051379204,124.71938059266868,0.053650607354938984,1.0,38,37,-0.6101769358404406,-0.3993010751663351,0.113,-0.49479700134467514,-0.3606531396130367,0.113,-0.5274685957338028,-0.36963178044263456,0.113,-0.49479700134467514,-0.3606531396130367,0.113,7283056.779501793,7283056.829501793,0.053650607354938984,0.049999999813735485,1,True,224,0,2.1475825152418455,14.315467147002616,1.800005137920363e-05,1,False,,True,30,0.028671300038695335,0.06025859992951155,16.59514162575576,False,False,False,,1.16159188747406,7.540804386138916,1.9250473976135254,4.85144567489624,,,2.795624256134033,False,0.266196664,0.712787611121,3,0.4762391448020935,-1.0,1.1076117753982544,0.12677326798439026,-0.26619666814804077,0.29484254121780396,-0.08692214637994766,-0.26619666814804077,0.2800287902355194,-0.12877841293811798,-0.26590827107429504,0.2954506576061249,-0.12877841293811798,-0.26590827107429504,0.2954506576061249,-0.12877845764160156,-0.26590824127197266,0.2954506576061249,False,False,1.2801997363567352,,,,,,,,,,,1.697000116109848,1.0,-1.0,1.4142135381698608,1.0,-1.0,460.8270568847656,217.66238403320312,460.8270568847656,217.66238403320312,4.0002641677856445,2.5769309997558594,4.5002641677856445,2.0769309997558594,0.5,-0.5,0.7071067690849304,0.2225792407989502,-0.2566566467285156,0.3397265672683716,0.4792358875274658,3.078951597213745,1.0789515972137451,2.0,1.5,3.0,True,,False,False,-0.6306312340854809,-0.4058450923350925,0.11290732543391799,False,,False,timeout
39,1787741852.0708332,1.9500024002045393,0.049998899921774864,20.000440040971643,0.049998899921774864,20.000440040971643,2.407468855381012e-06,False,False,7283056.879501793,7283056.8834427,3.940907306969166,7283056.929501792,0.0,0.008001900278031826,124.97031520692273,0.051690807566046715,1.0,39,38,-0.5955792598770331,-0.3945223878241561,0.113,-0.46100743826123897,-0.35099145518334335,0.113,-0.49479700134467514,-0.3606531396130367,0.113,-0.46100743826123897,-0.35099145518334335,0.113,7283056.829501793,7283056.879501793,0.051690807566046715,0.049999999813735485,1,True,230,0,2.1406753145490987,16.284322715076076,1.9002780318258528e-06,1,False,,True,31,0.014973900280892849,0.08065770007669926,12.398072335921766,False,False,False,,1.0328134298324585,7.274896144866943,2.1583237648010254,4.593114376068115,,,2.908389091491699,False,0.266196664,0.712787611121,3,1.0,-0.047136783599853516,1.001110315322876,0.26619666814804077,-0.012547655031085014,0.26649224758148193,-0.26619666814804077,-0.26619666814804077,0.37645894289016724,-0.22672845423221588,-0.266113817691803,0.3496031165122986,-0.22672845423221588,-0.266113817691803,0.3496031165122986,-0.2267284393310547,-0.2661137580871582,0.3496030867099762,False,False,1.150200143456459,,,,,,,,,,,1.5931995585560799,1.0,-1.0,1.4142135381698608,1.0,-1.0,512.0270385742188,165.26235961914062,512.0270385742188,165.26235961914062,4.5002641677856445,2.0769309997558594,5.0002641677856445,1.5769309997558594,0.5,-0.5,0.7071067690849304,0.2332763671875,-0.258331298828125,0.34807029366493225,0.491607666015625,3.4374210834503174,1.4374210834503174,2.0,1.5,3.0,True,,False,False,-0.6160090494703068,-0.40091556899114844,0.11299653985995899,False,,False,timeout
40,1787741852.1214592,2.000002400018275,0.049999999813735485,20.000000074505806,0.049999999813735485,20.000000074505806,2.407468855381012e-06,False,False,7283056.929501792,7283056.9333872,3.88540793210268,7283056.979501792,0.0,0.00801130011677742,124.82368472325491,0.04978830739855766,0.9957661516806713,40,39,-0.5809312837288337,-0.38990024313405386,0.113,-0.4262450571047775,-0.3418215083948011,0.113,-0.46100743826123897,-0.35099145518334335,0.113,-0.4262450571047775,-0.3418215083948011,0.113,7283056.879501793,7283056.929501792,0.04978830739855766,0.049999999813735485,1,True,236,0,1.8650840671970432,18.063588099893717,1.1300116777419877e-05,1,False,,False,,,,,False,False,False,,0.8060849905014038,7.008782386779785,2.4313249588012695,4.2956156730651855,,,3.16270112991333,False,0.266196664,0.712787611121,3,1.0,-1.0,1.4142135381698608,0.26619666814804077,-0.26619666814804077,0.37645894289016724,0.05491912364959717,-0.26619666814804077,0.2718028128147125,-0.025973550975322723,-0.266172856092453,0.2674371302127838,-0.02597355842590332,-0.266172856092453,0.2674371302127838,-0.02597355842590332,-0.2661728858947754,0.2674371600151062,False,False,1.5823999419808388,,,,,,,,,,,1.6321996226906776,1.0,-1.0,1.4142135381698608,1.0,-1.0,563.2271118164062,112.86236572265625,563.2271118164062,112.86236572265625,5.0002641677856445,1.5769309997558594,5.5002641677856445,1.0769309997558594,0.5,-0.5,0.7071067690849304,0.27300119400024414,-0.2974987030029297,0.403776079416275,0.5704998970031738,3.7404136657714844,1.7404136657714844,2.0,1.5,3.0,True,,False,False,-0.5987887459306551,-0.39528170042300015,0.11293058149386609,False,,False,timeout
41,1787741852.1730635,2.050003600306809,0.050001200288534164,19.999519896111597,0.050001200288534164,19.999519896111597,3.6079436540603638e-06,False,False,7283056.979501792,7283056.9835154,4.013608209788799,7283057.029501792,0.0,0.008004900068044662,124.92348330392932,0.04781590774655342,0.9563181584936312,41,40,-0.5662516718933182,-0.38537937341106726,0.113,-0.39064993376265933,-0.3316537946688075,0.113,-0.4262450571047775,-0.3418215083948011,0.113,-0.39064993376265933,-0.3316537946688075,0.113,7283056.929501792,7283056.979501792,0.04781590774655342,0.049999999813735485,1,True,242,0,1.8661304506981433,20.22953483013313,4.900068044662309e-06,1,False,,True,32,0.04687289986759424,0.0634827995672822,15.752298367688569,False,False,False,,0.7801114320755005,6.74260950088501,2.6600117683410645,4.047028064727783,,,3.286363363265991,False,0.266196664,0.712787611121,3,0.9294948577880859,0.31924402713775635,0.9827906489372253,0.24742843210697174,0.08498169481754303,0.2616156041622162,0.12677326798439026,-0.26619666814804077,0.29484254121780396,0.08290248364210129,-0.266189843416214,0.27880072593688965,0.08290248364210129,-0.266189843416214,0.27880072593688965,0.08290249109268188,-0.2661900520324707,0.27880096435546875,False,False,1.1296998709440231,,,,,,,,,,,1.5904000028967857,1.0,-1.0,1.4142135381698608,1.0,-1.0,614.4270629882812,60.462364196777344,614.4270629882812,60.462364196777344,5.5002641677856445,1.0769309997558594,6.0002641677856445,0.5769309997558594,0.5,-0.5,0.7071067690849304,0.22868680953979492,-0.24858760833740234,0.3377772271633148,0.47727441787719727,4.10956335067749,2.1095633506774902,2.0,1.5,3.0,True,,False,False,-0.5841888119055384,-0.39052747510887725,0.11298147992173244,False,,False,timeout
42,1787741852.2257204,2.104240200482309,0.054236600175499916,18.43773386908802,0.054236600175499916,18.43773386908802,0.004240208305418491,True,False,7283057.029501792,7283057.0378942,8.392407558858395,7283057.079501792,0.0,0.008005999960005283,124.90632088378628,0.05394480749964714,1.0,42,41,-0.5490998145371104,-0.3801890482904264,0.113,-0.3544145463240127,-0.32169075426017363,0.113,-0.39064993376265933,-0.3316537946688075,0.113,-0.3544145463240127,-0.32169075426017363,0.113,7283056.979501792,7283057.029501792,0.05394480749964714,0.049999999813735485,1,True,249,0,1.8628578948690961,22.191074937647066,5.999960005283189e-06,1,False,,True,33,0.025329500436782837,0.06833420041948557,14.633960650176116,False,False,False,,0.8630139231681824,6.476419448852539,2.9294097423553467,3.763845682144165,,,3.4099924564361572,False,0.266196664,0.712787611121,3,1.0,-1.0,1.4142135381698608,0.26619666814804077,-0.26619666814804077,0.37645894289016724,0.26619666814804077,-0.012547655031085014,0.26649224758148193,0.2135523110628128,-0.0853968933224678,0.22999395430088043,0.2135523110628128,-0.08539688587188721,0.22999395430088043,0.2135522961616516,-0.08539676666259766,0.22999389469623566,False,False,1.130000688135624,,,,,,,,,,,1.623399555683136,1.0,-1.0,1.4142135381698608,1.0,-1.0,665.6270751953125,52.400001525878906,665.6270751953125,8.062368392944336,6.0002641677856445,0.5769309997558594,6.5002641677856445,0.5,0.5,-0.07693099975585938,0.5058837532997131,0.2693979740142822,-0.28318238258361816,0.3908548951148987,0.5525803565979004,4.4256720542907715,2.4256720542907715,2.0,1.5,3.0,True,,True,False,-0.5670172940675761,-0.38528675297761134,0.11296411343970514,False,,False,timeout
43,1787741852.2712762,2.1500022998079658,0.04576209932565689,21.85214434512059,0.04576209932565689,21.85214434512059,2.3078173398971558e-06,False,False,7283057.079501792,7283057.083343,3.841208294034004,7283057.129501792,0.0,0.008003800176084042,124.94065044103367,0.05199910793453455,1.0,43,42,-0.5341880015845873,-0.37651915566769384,0.113,-0.3316974835086983,-0.3327044526091429,0.113,-0.3544145463240127,-0.32169075426017363,0.113,-0.3316974835086983,-0.3327044526091429,0.113,7283057.029501792,7283057.079501792,0.05199910793453455,0.049999999813735485,1,True,255,0,2.1232114422074555,22.84018332661803,3.800176084041429e-06,1,False,,True,34,0.003475499339401722,0.07554550003260374,13.237055808333023,False,False,False,,1.076566219329834,6.391022682189941,3.118643045425415,3.564931631088257,,,3.4866700172424316,False,0.266196664,0.712787611121,3,1.0,-1.0,1.4142135381698608,0.26619666814804077,-0.26619666814804077,0.37645894289016724,0.26619666814804077,-0.26619666814804077,0.37645894289016724,0.2510765492916107,-0.21426869928836823,0.33007651567459106,0.2510765492916107,-0.21426869928836823,0.33007651567459106,0.2510765790939331,-0.21426868438720703,0.33007654547691345,False,False,1.097399741411209,,,,,,,,,,,1.5205005183815956,1.0,-0.9482436776161194,1.3781023025512695,1.0,-1.0,716.8270874023438,52.400001525878906,716.8270874023438,2.712031364440918,6.5002641677856445,0.5,7.0002641677856445,0.5,0.5,0.0,0.5,0.18923330307006836,-0.1989140510559082,0.2745469808578491,0.4295092225074768,4.563898086547852,2.5638980865478516,2.0,1.5,3.0,True,,True,False,-0.5548125726621577,-0.3815619431995195,0.11300667886065555,False,,False,timeout
44,1787741852.3218849,2.200001699849963,0.04999940004199743,20.000239986080658,0.04999940004199743,20.000239986080658,1.7080456018447876e-06,False,False,7283057.129501792,7283057.1339758,4.474008455872536,7283057.1795017915,0.0,0.008015300147235394,124.76139154251337,0.0504565080627799,1.0,44,43,-0.5190293781867604,-0.37406652710123633,0.113,-0.3114753005953245,-0.3476070732698212,0.113,-0.3316974835086983,-0.3327044526091429,0.113,-0.3114753005953245,-0.3476070732698212,0.113,7283057.079501792,7283057.129501792,0.0504565080627799,0.049999999813735485,1,True,261,0,1.873309823564896,22.796330769407586,1.5300147235393358e-05,1,False,,False,,,,,False,False,False,,1.327642798423767,6.176753997802734,3.3888237476348877,3.2948811054229736,,,3.543114185333252,True,0.266196664,0.712787611121,3,1.0,-0.5187286138534546,1.1265342235565186,0.26619666814804077,-0.1380838304758072,0.29987967014312744,0.24742843210697174,0.08498169481754303,0.2616156041622162,0.24847623705863953,-0.0009667202830314636,0.24847811460494995,0.24847623705863953,-0.0009667277336120605,0.24847811460494995,0.24847626686096191,-0.0009665489196777344,0.24847814440727234,False,False,1.7173001542687416,,,,,,,,,,,2.3940997198224068,1.0,-0.8867443799972534,1.336531162261963,1.0,-0.9482436776161194,768.027099609375,52.400001525878906,768.027099609375,5.93459415435791,7.0002641677856445,0.5,7.5002641677856445,0.5,0.5,0.0,0.5,0.27018070220947266,-0.2700505256652832,0.3820011615753174,0.5403614044189453,4.566603183746338,2.566603183746338,2.0,1.5,3.0,True,,True,False,-0.5375595177375702,-0.37681659934645895,0.11299938352024222,False,,False,timeout
45,1787741852.3714716,2.2500010998919606,0.04999940004199743,20.000239986080658,0.04999940004199743,20.000239986080658,1.1082738637924194e-06,False,False,7283057.1795017915,7283057.1833349,3.8331085816025734,7283057.229501791,0.0,0.008014899678528309,124.76762531151475,0.0484871082007885,0.9697421676283411,45,44,-0.5037227670753516,-0.3728311524334413,0.113,-0.29078482774072495,-0.36285479749242433,0.113,-0.3114753005953245,-0.3476070732698212,0.113,-0.29078482774072495,-0.36285479749242433,0.113,7283057.129501792,7283057.1795017915,0.0484871082007885,0.049999999813735485,1,True,267,0,1.8844498935197715,23.201463687031154,1.4899678528308702e-05,1,False,,True,35,0.04279300011694431,0.0676188999786973,14.788764684356602,False,False,False,,1.576119065284729,6.175787448883057,3.635315418243408,3.0815646648406982,,,3.7167868614196777,True,0.266196664,0.712787611121,3,1.0,-1.0,1.4142135381698608,0.26619666814804077,-0.26619666814804077,0.37645894289016724,0.26619666814804077,-0.26619666814804077,0.37645894289016724,0.2611071467399597,-0.19001929461956024,0.3229307532310486,0.2611071467399597,-0.19001929461956024,0.3229307532310486,0.26110708713531494,-0.1900191307067871,0.32293060421943665,False,False,1.296299509704113,,,,,,,,,,,1.5017995610833168,1.0,-0.7756817936897278,1.265575885772705,1.0,-0.8867443799972534,819.2271118164062,52.400001525878906,819.2271118164062,11.754274368286133,7.5002641677856445,0.5,8.000264167785645,0.5,0.5,0.0,0.5,0.2464916706085205,-0.2133164405822754,0.3259786069393158,0.492983341217041,4.647828102111816,2.6478281021118164,2.0,1.5,3.0,True,,True,False,-0.5225340123261957,-0.37395016413779303,0.1130022442787273,False,,False,timeout
46,1787741852.4231524,2.3000025004148483,0.05000140052288771,19.99943980653619,0.05000140052288771,19.99943980653619,2.508983016014099e-06,False,False,7283057.229501791,7283057.2350199,5.518108606338501,7283057.279501791,0.0,0.008036700077354908,124.42917993390225,0.054662108421325684,1.0,46,45,-0.4858068906231698,-0.3727592694363253,0.113,-0.27042148533072896,-0.3778614448271677,0.113,-0.29078482774072495,-0.36285479749242433,0.113,-0.27042148533072896,-0.3778614448271677,0.113,7283057.1795017915,7283057.229501791,0.054662108421325684,0.049999999813735485,1,True,274,0,2.1453701685879443,23.689948465830966,3.670007735490782e-05,1,False,,True,36,0.010123400017619133,0.06087569985538721,16.426915869148807,False,False,False,,1.837226152420044,5.9857683181762695,3.897289991378784,2.8856773376464844,,,3.722153663635254,True,0.266196664,0.712787611121,3,1.0,-1.0,1.4142135381698608,0.26619666814804077,-0.26619666814804077,0.37645894289016724,0.26619666814804077,-0.26619666814804077,0.37645894289016724,0.2647348642349243,-0.24431753158569336,0.3602438271045685,0.2647348642349243,-0.24431753158569336,0.3602438271045685,0.26473498344421387,-0.24431753158569336,0.36024391651153564,False,False,1.7921002581715584,,,,,,,,,,,2.140999771654606,1.0,-0.6948721408843994,1.2177221775054932,1.0,-0.7756817936897278,870.4270629882812,52.400001525878906,870.4270629882812,15.988698959350586,8.000264167785645,0.5,8.500264167785645,0.5,0.5,0.0,0.5,0.261974573135376,-0.19588732719421387,0.3271124064922333,0.523949146270752,4.746140480041504,2.746140480041504,2.0,1.5,3.0,True,,True,False,-0.50725553997107,-0.3722940322846636,0.11301765135237711,False,,False,timeout
47,1787741852.47178,2.3500020997598767,0.0499995993450284,20.000160263272846,0.0499995993450284,20.000160263272846,2.1085143089294434e-06,False,False,7283057.279501791,7283057.2839226,4.420808516442776,7283057.329501791,0.0,0.008006799966096878,124.89384076463645,0.05269560869783163,1.0,47,46,-0.4704812551220652,-0.37375571506498806,0.113,-0.2499877006833411,-0.3929200041610676,0.113,-0.27042148533072896,-0.3778614448271677,0.113,-0.2499877006833411,-0.3929200041610676,0.113,7283057.229501791,7283057.279501791,0.05269560869783163,0.049999999813735485,1,True,280,0,1.8978646569331195,24.030267882005376,6.799966096877885e-06,1,False,,True,37,0.032175399363040924,0.08247509971261024,12.12487167017153,False,False,False,,2.101961135864258,5.741450786590576,4.218331813812256,2.6822900772094727,,,3.7198774814605713,True,0.266196664,0.712787611121,3,1.0,-1.0,1.4142135381698608,0.26619666814804077,-0.26619666814804077,0.37645894289016724,0.26619666814804077,-0.1380838304758072,0.29987967014312744,0.2657768726348877,-0.16859547793865204,0.3147408068180084,0.2657768726348877,-0.16859547793865204,0.3147408068180084,0.2657768726348877,-0.1685953140258789,0.31474071741104126,False,False,1.0847002267837524,,,,,,,,,,,1.8720999360084534,1.0,-0.6336225271224976,1.1838401556015015,1.0,-0.6948721408843994,921.6270751953125,52.400001525878906,921.6270751953125,19.198179244995117,8.500264167785645,0.5,9.000264167785645,0.5,0.5,0.0,0.5,0.3210418224334717,-0.20338726043701172,0.3800450265407562,0.6420836448669434,4.805968761444092,2.805968761444092,2.0,1.5,3.0,True,,True,False,-0.4893732683961001,-0.3719456666470487,0.1130677110182266,False,,False,timeout
48,1787741852.52137,2.400003300048411,0.050001200288534164,19.999519896111597,0.050001200288534164,19.999519896111597,3.308989107608795e-06,False,False,7283057.329501791,7283057.3338305,4.328709095716476,7283057.379501791,0.0,0.008004499599337578,124.92973328186015,0.050721908919513226,1.0,48,47,-0.455236144328394,-0.37561688598289406,0.113,-0.22948310764749866,-0.40803074532703043,0.113,-0.2499877006833411,-0.3929200041610676,0.113,-0.22948310764749866,-0.40803074532703043,0.113,7283057.279501791,7283057.329501791,0.050721908919513226,0.049999999813735485,1,True,286,0,1.8973196100443759,24.704065791247707,4.499599337577653e-06,1,False,,True,38,0.04813649971038103,0.02795490063726902,35.77190321566789,False,False,False,,2.3677380084991455,5.572855472564697,4.504081726074219,2.5252416133880615,,,3.721816062927246,True,0.266196664,0.712787611121,3,0.8276181221008301,-1.0,1.298056960105896,0.22030918300151825,-0.26619666814804077,0.3455384373664856,0.26619666814804077,-0.26619666814804077,0.37645894289016724,0.26607608795166016,-0.23816435039043427,0.35709765553474426,0.26607608795166016,-0.23816435039043427,0.35709765553474426,0.26607608795166016,-0.23816442489624023,0.35709771513938904,False,False,1.2146001681685448,,,,,,,,,,,1.6652001067996025,1.0,-0.5852017402648926,1.1586462259292603,1.0,-0.6336225271224976,972.8270874023438,52.400001525878906,972.8270874023438,21.735429763793945,9.000264167785645,0.5,9.500264167785645,0.5,0.5,0.0,0.5,0.2857499122619629,-0.15704846382141113,0.32606324553489685,0.5714998245239258,4.931253433227539,2.931253433227539,2.0,1.5,3.0,True,,True,False,-0.47399170082214637,-0.3727513682555098,0.11300888985961076,False,,False,timeout
49,1787741852.5749917,2.453535799868405,0.05353249981999397,18.680241037921935,0.05353249981999397,18.680241037921935,0.0035358089953660965,True,False,7283057.379501791,,,7283057.429501791,,0.00800349935889244,124.94534642386532,0.05674920883029699,1.0,49,48,-0.43759005245324334,-0.3787275205865264,0.113,-0.20890733753011687,-0.4231939400312912,0.113,-0.22948310764749866,-0.40803074532703043,0.113,-0.20890733753011687,-0.4231939400312912,0.113,7283057.329501791,7283057.379501791,0.05674920883029699,0.049999999813735485,1,True,293,0,2.158504318706828,25.45504661189043,3.4993588924406294e-06,1,False,,True,39,0.02329779975116253,0.03402960021048784,29.386181260272412,False,False,False,,2.6338140964508057,5.334691047668457,4.795290470123291,2.3846793174743652,,,3.65712308883667,True,0.266196664,0.712787611121,3,0.7175893783569336,-1.0,1.230826735496521,0.1910199075937271,-0.26619666814804077,0.3276419937610626,0.26619666814804077,-0.26619666814804077,0.37645894289016724,0.26616203784942627,-0.25814545154571533,0.3707846999168396,0.26616203784942627,-0.25814545154571533,0.3707846999168396,0.2661621570587158,-0.2581453323364258,0.3707846999168396,False,False,1.1021997779607773,,,,,,,,,,,1.5614992007613182,1.0,-0.5465517640113831,1.139613389968872,1.0,-0.5852017402648926,542.2377319335938,221.2750701904297,542.2377319335938,221.2750701904297,4.795290470123291,2.3846793174743652,5.295290470123291,2.111403465270996,0.5,-0.27327585220336914,0.569806694984436,0.29120874404907227,-0.1405622959136963,0.32335782051086426,0.5824174880981445,5.068411350250244,3.068411350250244,2.0,1.5,3.0,False,lag_over_hard_limit,False,False,-0.45875539646510716,-0.37449193683604975,0.11304617943006352,False,,False,timeout
50,1787741852.6220915,2.500002400018275,0.04646660014986992,21.520834250293206,0.04646660014986992,21.520834250293206,2.409331500530243e-06,False,False,7283057.429501791,7283057.4339343,4.432509653270245,7283057.47950179,0.0,0.008005600422620773,124.9125546129409,0.09678010921925306,1.0,50,-1,-0.4501411982171444,-0.3762158000580226,0.113,-0.45875539646510716,-0.37449193683604975,0.113,-0.45875539646510716,-0.37449193683604975,0.113,-0.45875539646510716,-0.37449193683604975,0.113,7283057.3868189,7283057.3868189,0.03946300037205219,0.0,1,True,298,1,0.5990707068416405,1.47565430626566,5.600422620773149e-06,1,False,,True,40,0.003403100185096264,0.07837569992989302,12.75905670883321,False,False,False,,2.8999762535095215,5.076545715332031,5.078726768493652,2.260166883468628,,,3.5607504844665527,True,0.266196664,0.712787611121,3,1.0,-0.5829423069953918,1.1575067043304443,0.26619666814804077,-0.1551772952079773,0.3081244230270386,0.26619666814804077,-0.26619666814804077,0.37645894289016724,0.26618677377700806,-0.26388421654701233,0.3748203217983246,0.26618677377700806,-0.26388421654701233,0.3748203217983246,0.2661867141723633,-0.2638840675354004,0.37482020258903503,False,False,1.161300577223301,,,,,,,,,,,1.6467003151774406,1.0,-0.5286644697189331,1.1311436891555786,1.0,-0.5465517640113831,542.2377319335938,222.21237182617188,542.2377319335938,222.21237182617188,4.795290470123291,2.3846793174743652,5.295290470123291,2.120347023010254,0.5,-0.26433229446411133,0.5655718445777893,0.28343629837036133,-0.1245124340057373,0.3095795214176178,,0.3095795214176178,0.0,2.0,1.5,3.0,True,,False,False,-0.44417682938881453,-0.3767768553291506,0.11299037493059881,False,,False,timeout
51,1787741852.6727128,2.550003199838102,0.05000079981982708,19.99968007718678,0.05000079981982708,19.99968007718678,3.209337592124939e-06,False,False,7283057.47950179,7283057.4840131,4.511309787631035,7283057.52950179,0.0,0.00800309982150793,124.95158404903934,0.052811709232628345,1.0,51,50,-0.43904316888382433,-0.37578342661484765,0.113,-0.4316280613860441,-0.37626924362880926,0.113,-0.45875539646510716,-0.37449193683604975,0.113,-0.4316280613860441,-0.37626924362880926,0.113,7283057.429501791,7283057.47950179,0.052811709232628345,0.049999999813735485,1,True,304,1,0.42337929311892075,1.1343193388416715,3.099821507930589e-06,1,False,,False,,,,,False,False,False,,3.1661629676818848,4.812661647796631,5.109607696533203,2.2571663856506348,,,3.2105348110198975,False,0.266196664,0.712787611121,3,1.0,0.2900336980819702,1.041210651397705,0.26619666814804077,0.07720600068569183,0.27716681361198425,0.22030918300151825,-0.26619666814804077,0.3455384373664856,0.23348578810691833,-0.2655324637889862,0.3535860478878021,0.23348578810691833,-0.2655324637889862,0.3535860478878021,0.23348569869995117,-0.2655324935913086,0.35358601808547974,False,False,2.0983004942536354,,,,,,,,,,,2.132600173354149,1.0,-0.604817271232605,1.1686761379241943,1.0,-0.5286644697189331,593.437744140625,190.51992797851562,593.437744140625,190.51992797851562,5.295290470123291,2.120347023010254,5.795290470123291,1.8179383277893066,0.5,-0.30240869522094727,0.5843381285667419,0.03088092803955078,-0.003000497817993164,0.031026354059576988,0.05075035244226456,0.23064611852169037,0.0,2.0,1.5,3.0,True,,False,False,-0.4429010291535683,-0.377522456832433,0.1131330061113012,False,,False,timeout
52,1787741852.72136,2.600002500228584,0.04999930039048195,20.000279847722904,0.04999930039048195,20.000279847722904,2.5099143385887146e-06,False,False,7283057.52950179,7283057.5332752,3.7734098732471466,7283057.57950179,0.0,0.008385799825191498,119.24920947861573,0.05121270939707756,1.0,52,51,-0.42368635426251644,-0.37606244603385,0.113,-0.40284391254444835,-0.3762340043663501,0.113,-0.4316280613860441,-0.37626924362880926,0.113,-0.40284391254444835,-0.3762340043663501,0.113,7283057.47950179,7283057.52950179,0.05121270939707756,0.049999999813735485,1,True,310,1,1.832129306922622,3.916415366987262,0.00038579982519149764,1,False,,True,41,0.0408049002289772,0.06636139936745167,15.06900109901044,False,False,False,,3.399648666381836,4.547129154205322,5.105910778045654,2.2228353023529053,,,2.8833439350128174,False,0.266196664,0.712787611121,3,1.0,-1.0,1.4142135381698608,0.26619666814804077,-0.26619666814804077,0.37645894289016724,0.1910199075937271,-0.26619666814804077,0.3276419937610626,0.20321661233901978,-0.26600590348243713,0.33474788069725037,0.20321661233901978,-0.26600590348243713,0.33474788069725037,0.203216552734375,-0.2660059928894043,0.33474788069725037,False,False,1.1152997612953186,,,,,,,,,,,1.531899906694889,1.0,-0.6496384143829346,1.1924890279769897,1.0,-0.604817271232605,644.6377563476562,156.4788818359375,644.6377563476562,156.4788818359375,5.795290470123291,1.8179383277893066,6.295290470123291,1.4931191205978394,0.5,-0.3248192071914673,0.5962445139884949,-0.003696918487548828,-0.03433108329772949,0.034529559314250946,0.024992043152451515,0.7994910478591919,0.0,2.0,1.5,3.0,True,,False,False,-0.4420056078360618,-0.3758048250111426,0.11309143109581324,False,,False,timeout
53,1787741852.7733953,2.6515314001590014,0.05152889993041754,19.40658545690589,0.05152889993041754,19.40658545690589,0.0015314100310206413,True,False,7283057.57950179,7283057.5851618,5.660009570419788,7283057.62950179,0.0,0.008006700314581394,124.895395195303,0.04924030974507332,0.9848061985701554,53,52,-0.4083274081651427,-0.3759071185612757,0.113,-0.3729434596521077,-0.37528321834467193,0.113,-0.40284391254444835,-0.3762340043663501,0.113,-0.3729434596521077,-0.37528321834467193,0.113,7283057.52950179,7283057.57950179,0.04924030974507332,0.049999999813735485,1,True,316,1,2.153141046523849,5.691498441612955,6.700314581394029e-06,1,False,,True,42,0.013230600394308567,0.06279500015079975,15.924834741596287,False,False,False,,3.602865219116211,4.281123161315918,5.31693172454834,2.090654134750366,,,2.7813985347747803,False,0.266196664,0.712787611121,3,1.0,-0.4802406430244446,1.1093381643295288,0.26619666814804077,-0.12783846259117126,0.2953021228313446,0.26619666814804077,-0.1551772952079773,0.3081244230270386,0.24810799956321716,-0.18700867891311646,0.3106924891471863,0.24810799956321716,-0.18700867891311646,0.3106924891471863,0.24810791015625,-0.18700885772705078,0.31069251894950867,False,False,1.1632991954684258,,,,,,,,,,,1.599099487066269,1.0,-0.5740296840667725,1.1530438661575317,1.0,-0.6496384143829346,695.8377685546875,126.39973449707031,695.8377685546875,126.39973449707031,6.295290470123291,1.4931191205978394,6.795290470123291,1.2061042785644531,0.5,-0.28701484203338623,0.5765219330787659,0.21102094650268555,-0.13218116760253906,0.2490014135837555,0.41755926609039307,1.1464004516601562,0.0,2.0,1.5,3.0,True,,False,False,-0.4298571451533915,-0.375655908862895,0.11290536635455076,False,,False,timeout
54,1787741852.8204367,2.700002499856055,0.04847109969705343,20.630850264385277,0.04847109969705343,20.630850264385277,2.5099143385887146e-06,False,False,7283057.62950179,7283057.6331147,3.612910397350788,7283057.67950179,0.0,0.008001900278031826,124.97031520692273,0.04726221039891243,0.9452442114995577,54,53,-0.3929677484305641,-0.375865055946212,0.113,-0.3437702016170865,-0.3761616828252388,0.113,-0.3729434596521077,-0.37528321834467193,0.113,-0.3437702016170865,-0.3761616828252388,0.113,7283057.57950179,7283057.62950179,0.04726221039891243,0.049999999813735485,1,True,322,1,2.0613388006542395,6.981156956199704,1.9002780318258528e-06,1,False,,False,,,,,False,False,False,,3.850973129272461,4.094114303588867,5.5991435050964355,1.9173897504806519,,,2.7918145656585693,False,0.266196664,0.712787611121,3,0.6522654294967651,-0.9151129722595215,1.1237801313400269,0.17363087832927704,-0.2436000257730484,0.29914653301239014,0.26619666814804077,0.07720600068569183,0.27716681361198425,0.2610013484954834,0.0013202205300331116,0.2610046863555908,0.2610013484954834,0.0013202130794525146,0.2610046863555908,0.2610015869140625,0.0013203620910644531,0.2610049247741699,False,False,1.759599894285202,,,,,,,,,,,1.5900004655122757,1.0,-0.4274507164955139,1.087526559829712,1.0,-0.5740296840667725,747.0377807617188,104.0013198852539,747.0377807617188,104.0013198852539,6.795290470123291,1.2061042785644531,7.295290470123291,0.9923789501190186,0.5,-0.21372532844543457,0.543763279914856,0.2822117805480957,-0.17326438426971436,0.33115559816360474,0.5741523504257202,1.3916517496109009,0.0,2.0,1.5,3.0,True,,False,False,-0.41357967389258754,-0.3756214098470125,0.11296949697391934,False,,False,timeout
55,1787741852.8751173,2.7500018002465367,0.04999930039048195,20.000279847722904,0.04999930039048195,20.000279847722904,1.8104910850524902e-06,False,False,7283057.67950179,7283057.6852994,5.797610618174076,7283057.729501789,0.0,0.008048400282859802,124.24829343163266,0.05333571042865515,1.0,55,54,-0.3750722529627457,-0.37673263904872484,0.113,-0.3163343936328878,-0.38105832165491466,0.113,-0.3437702016170865,-0.3761616828252388,0.113,-0.3163343936328878,-0.38105832165491466,0.113,7283057.62950179,7283057.67950179,0.05333571042865515,0.049999999813735485,1,True,329,1,2.187631609835922,8.07685982043394,4.840028285980208e-05,1,False,,True,43,0.04775470029562712,0.07890649978071451,12.6732272091533,False,False,False,,4.111974716186523,4.095434665679932,5.88590145111084,1.742733120918274,,,2.9465270042419434,False,0.266196664,0.712787611121,3,0.07531559467315674,-1.0,1.0028321743011475,0.020048759877681732,-0.26619666814804077,0.2669506072998047,0.26619666814804077,-0.26619666814804077,0.37645894289016724,0.2647045850753784,-0.18936246633529663,0.32546377182006836,0.2647045850753784,-0.18936246633529663,0.32546377182006836,0.26470470428466797,-0.1893625259399414,0.3254638910293579,False,False,2.049500122666359,,,,,,,,,,,2.5092996656894684,1.0,-0.3158809542655945,1.0487043857574463,1.0,-0.4274507164955139,798.2377319335938,87.44915008544922,798.2377319335938,87.44915008544922,7.295290470123291,0.9923789501190186,7.795290470123291,0.8344384431838989,0.5,-0.15794050693511963,0.5243521928787231,0.2867579460144043,-0.17465662956237793,0.3357604146003723,0.6111621260643005,1.5966867208480835,0.0,2.0,1.5,3.0,True,,False,False,-0.39692189023051444,-0.3756526059579468,0.11300926418301377,False,,False,timeout
56,1787741852.9256804,2.80422590021044,0.05422409996390343,18.441984296017683,0.05422409996390343,18.441984296017683,0.0042259106412529945,True,False,7283057.729501789,7283057.7377848,8.283010683953762,7283057.779501789,0.0,0.00800309982150793,124.95158404903934,0.05135481059551239,1.0,56,55,-0.35981724347624616,-0.3785090752147764,0.113,-0.29060339646091343,-0.3880507988882006,0.113,-0.3163343936328878,-0.38105832165491466,0.113,-0.29060339646091343,-0.3880507988882006,0.113,7283057.67950179,7283057.729501789,0.05135481059551239,0.049999999813735485,1,True,335,1,1.8917208781254333,8.878526146808406,3.099821507930589e-06,1,False,,True,44,0.03531169984489679,0.06414340063929558,15.590068347380061,False,False,False,,4.376679420471191,3.9060721397399902,6.202776908874512,1.5575584173202515,,,2.9749197959899902,False,0.266196664,0.712787611121,3,1.0,-1.0,1.4142135381698608,0.26619666814804077,-0.26619666814804077,0.37645894289016724,0.26619666814804077,-0.12783846259117126,0.2953021228313446,0.2657681703567505,-0.14550894498825073,0.30299434065818787,0.2657681703567505,-0.14550894498825073,0.30299434065818787,0.26576805114746094,-0.1455090045928955,0.3029942810535431,False,False,1.150699332356453,,,,,,,,,,,1.6443999484181404,1.0,-0.2006961852312088,1.0199406147003174,1.0,-0.3158809542655945,849.4376831054688,76.93266296386719,849.4376831054688,76.93266296386719,7.795290470123291,0.8344384431838989,8.295289993286133,0.7340903282165527,0.4999995231628418,-0.10034811496734619,0.5099698901176453,0.3168754577636719,-0.18517470359802246,0.367014616727829,0.6826244592666626,1.7490003108978271,0.0,2.0,1.5,3.0,True,,False,False,-0.3785755036466779,-0.37606203007184597,0.11302082115319564,False,,False,timeout
57,1787741852.9712753,2.850001100450754,0.04577520024031401,21.84589023641899,0.04577520024031401,21.84589023641899,1.1110678315162659e-06,False,False,7283057.779501789,7283057.7832611,3.759310580790043,7283057.829501789,0.0,0.008006399497389793,124.90008777678594,0.049825710244476795,0.9965142086018406,57,56,-0.3447159431376552,-0.3813007555198976,0.113,-0.26663671071875755,-0.39790791196800823,0.113,-0.29060339646091343,-0.3880507988882006,0.113,-0.26663671071875755,-0.39790791196800823,0.113,7283057.729501789,7283057.779501789,0.049825710244476795,0.049999999813735485,1,True,341,1,1.8856057331111298,9.868015348828733,6.3994973897932295e-06,1,False,,True,45,0.0007471004500985146,0.06646799948066473,15.04483372169033,False,False,False,,4.642447471618652,3.7605631351470947,6.479788303375244,1.421265959739685,,,2.974581241607666,False,0.266196664,0.712787611121,3,1.0,-0.6622259616851807,1.1993927955627441,0.26619666814804077,-0.1762823462486267,0.3192743957042694,0.17363087832927704,-0.2436000257730484,0.29914653301239014,0.2000938355922699,-0.21542707085609436,0.29401764273643494,0.2000938355922699,-0.21542707085609436,0.29401764273643494,0.20009374618530273,-0.21542716026306152,0.29401764273643494,False,False,1.0979007929563522,,,,,,,,,,,1.4969995245337486,1.0,-0.13180173933506012,1.00864839553833,1.0,-0.2006961852312088,900.6376953125,70.02626037597656,900.6376953125,70.02626037597656,8.295289993286133,0.7340903282165527,8.795289993286133,0.6681894659996033,0.5,-0.06590086221694946,0.504324197769165,0.2770113945007324,-0.1362924575805664,0.30872470140457153,0.5851604342460632,1.9411998987197876,0.0,2.0,1.5,3.0,True,,False,False,-0.3632156845491351,-0.37765273800265364,0.11304933534647825,False,,False,timeout
58,1787741853.021917,2.900004199706018,0.050003099255263805,19.99876037473278,0.050003099255263805,19.99876037473278,4.210509359836578e-06,False,False,7283057.829501789,7283057.8337073,4.205510951578617,7283057.879501789,0.0,0.008005299605429173,124.91724848396713,0.04786351043730974,0.9572702123123042,58,57,-0.3298501176272703,-0.38515349982616987,0.113,-0.24420609423050466,-0.4101633998694454,0.113,-0.26663671071875755,-0.39790791196800823,0.113,-0.24420609423050466,-0.4101633998694454,0.113,7283057.779501789,7283057.829501789,0.04786351043730974,0.049999999813735485,1,True,347,1,1.8920542095104516,10.813869353453487,5.299605429172349e-06,1,False,,False,,,,,False,False,False,,4.842541217803955,3.545135974884033,6.761261463165283,1.3016935586929321,,,2.9520368576049805,False,0.266196664,0.712787611121,3,1.0,-1.0,1.4142135381698608,0.26619666814804077,-0.26619666814804077,0.37645894289016724,0.020048759877681732,-0.26619666814804077,0.2669506072998047,0.0717599093914032,-0.251615047454834,0.26164788007736206,0.0717599093914032,-0.251615047454834,0.26164788007736206,0.07175970077514648,-0.251615047454834,0.2616478204727173,False,False,1.7459001392126083,,,,,,,,,,,2.074199728667736,1.0,-0.06153732165694237,1.0018916130065918,1.0,-0.13180173933506012,951.8377075195312,66.80170440673828,951.8377075195312,66.80170440673828,8.795289993286133,0.6681894659996033,9.295289993286133,0.6374208331108093,0.5,-0.030768632888793945,0.5009458065032959,0.28147315979003906,-0.11957240104675293,0.3058180809020996,0.5843154788017273,2.130398988723755,0.13039898872375488,2.0,1.5,3.0,True,,False,False,-0.34810872791855424,-0.3801931723551396,0.11307221345985685,False,,False,timeout
59,1787741853.0736434,2.950004500336945,0.050000300630927086,19.999879748352193,0.050000300630927086,19.999879748352193,4.511326551437378e-06,False,False,7283057.879501789,7283057.8850902,5.5884113535285,7283057.929501789,0.0,0.00801329966634512,124.79253761092674,0.05390241090208292,1.0,59,58,-0.31285311349104333,-0.3908210622533597,0.113,-0.22234341004895986,-0.4234164615742332,0.113,-0.24420609423050466,-0.4101633998694454,0.113,-0.22234341004895986,-0.4234164615742332,0.113,7283057.829501789,7283057.879501789,0.05390241090208292,0.049999999813735485,1,True,354,1,2.1504479606157654,11.770310550339007,1.329966634511931e-05,1,False,,True,46,0.03800920024514198,0.08034090045839548,12.446960319020196,False,False,False,,4.914300918579102,3.293520927429199,7.049978733062744,1.1992403268814087,,,2.991175651550293,False,0.266196664,0.712787611121,3,1.0,-1.0,1.4142135381698608,0.26619666814804077,-0.26619666814804077,0.37645894289016724,0.26619666814804077,-0.26619666814804077,0.37645894289016724,0.21035195887088776,-0.2620086371898651,0.3360007107257843,0.21035195887088776,-0.2620086371898651,0.3360007107257843,0.21035194396972656,-0.2620086669921875,0.3360007107257843,False,False,1.2849997729063034,,,,,,,,,,,3.0743004754185677,1.0,-0.0006664805114269257,1.000000238418579,1.0,-0.06153732165694237,1003.0377197265625,66.76677703857422,1003.0377197265625,66.76677703857422,9.295289993286133,0.6374208331108093,9.795289993286133,0.6370875835418701,0.5,-0.000333249568939209,0.5000001192092896,0.28871726989746094,-0.10245323181152344,0.3063565194606781,0.5878179669380188,2.314533233642578,0.3145332336425781,2.0,1.5,3.0,True,,False,False,-0.33317651592139297,-0.3837927440905893,0.11306856083853256,False,,False,timeout
60,1787741853.1232402,3.001707799732685,0.05170329939574003,19.341125454024557,0.05170329939574003,19.341125454024557,0.0017078109085559845,True,False,7283057.929501789,7283057.9354738,5.972011014819145,7283057.9795017885,0.0,0.008091100491583347,123.5925818793421,0.05200451146811247,1.0,60,59,-0.29863643957106406,-0.3966308665093884,0.113,-0.20139552253831552,-0.4388717649286015,0.113,-0.22234341004895986,-0.4234164615742332,0.113,-0.20139552253831552,-0.4388717649286015,0.113,7283057.879501789,7283057.929501789,0.05200451146811247,0.049999999813735485,1,True,360,1,1.8935018481219597,12.495391206154496,9.110049158334715e-05,1,False,,True,47,0.025403999723494053,0.06296710018068552,15.881309400154642,False,False,False,,5.124652862548828,3.0315122604370117,7.393497467041016,1.0998950004577637,,,2.979731798171997,False,0.266196664,0.712787611121,3,1.0,-0.8803486824035645,1.3322964906692505,0.26619666814804077,-0.23434588313102722,0.35465288162231445,0.26619666814804077,-0.1762823462486267,0.3192743957042694,0.25015735626220703,-0.2009040117263794,0.3208443820476532,0.25015735626220703,-0.2009040117263794,0.3208443820476532,0.25015735626220703,-0.20090389251708984,0.3208443224430084,False,False,1.2634005397558212,,,,,,,,,,,1.6646003350615501,0.9894301295280457,0.0524679459631443,0.9908202886581421,1.0,-0.0006664805114269257,1053.696533203125,69.51609802246094,1053.696533203125,69.51609802246094,9.795289993286133,0.6370875835418701,10.29000473022461,0.6633215546607971,0.49471473693847656,0.026233971118927002,0.49540984630584717,0.3435187339782715,-0.09934532642364502,0.3575955927371979,0.68716961145401,2.4459757804870605,0.44597578048706055,2.0,1.5,3.0,True,,False,False,-0.31605060483267494,-0.3891959279228956,0.1130588331582778,False,,False,timeout
61,1787741853.1722062,3.0500031001865864,0.04829530045390129,20.705948417372774,0.04829530045390129,20.705948417372774,3.1115487217903137e-06,False,False,7283057.9795017885,7283057.9833039,3.8021113723516464,7283058.029501788,0.0,0.008093600161373615,123.55441090016532,0.050156811252236366,1.0,61,60,-0.28478405252866296,-0.40326289291784573,0.113,-0.18227263473528044,-0.4551501795256707,0.113,-0.20139552253831552,-0.4388717649286015,0.113,-0.18227263473528044,-0.4551501795256707,0.113,7283057.929501789,7283057.9795017885,0.050156811252236366,0.049999999813735485,1,True,366,1,1.8908685172613908,13.380341673844315,9.36001613736151e-05,1,False,,False,,,,,False,False,False,,5.374810218811035,2.830608367919922,7.692258834838867,1.0322835445404053,,,2.933349609375,False,0.266196664,0.712787611121,3,1.0,-1.0,1.4142135381698608,0.26619666814804077,-0.26619666814804077,0.37645894289016724,0.26619666814804077,-0.26619666814804077,0.37645894289016724,0.26158997416496277,-0.2474437803030014,0.36008018255233765,0.26158997416496277,-0.2474437803030014,0.36008018255233765,0.26159000396728516,-0.24744367599487305,0.36008012294769287,False,False,1.2347996234893799,,,,,,,,,,,2.128300257027149,1.0,0.08119359612464905,1.0032907724380493,0.9894301295280457,0.0524679459631443,1104.896484375,73.77064514160156,1104.896484375,73.77064514160156,10.29000473022461,0.6633215546607971,10.79000473022461,0.7039183378219604,0.5,0.04059678316116333,0.5016453862190247,0.29876136779785156,-0.0676114559173584,0.3063162863254547,0.5949859619140625,2.623817205429077,0.6238172054290771,2.0,1.5,3.0,True,,False,False,-0.3017094345698449,-0.3948326501347504,0.11302871123706766,False,,False,timeout
62,1787741853.222298,3.1000049002468586,0.05000180006027222,19.999280001811915,0.05000180006027222,19.999280001811915,4.911795258522034e-06,False,False,7283058.029501788,7283058.0343708,4.869011230766773,7283058.079501788,0.0,0.008035999722778797,124.44002420326197,0.0482200114056468,0.9644002317056068,62,61,-0.2712864681310365,-0.41059118777981185,0.113,-0.16307234828319267,-0.47221311986726017,0.113,-0.18227263473528044,-0.4551501795256707,0.113,-0.16307234828319267,-0.47221311986726017,0.113,7283057.9795017885,7283058.029501788,0.0482200114056468,0.049999999813735485,1,True,372,1,1.8836535701032524,14.336556443497757,3.599972277879698e-05,1,False,,True,48,0.04454470053315163,0.06408229935914278,15.60493318748756,False,False,False,,5.63640022277832,2.583164691925049,7.994475364685059,0.98060542345047,,,2.8510899543762207,False,0.266196664,0.712787611121,3,1.0,-1.0,1.4142135381698608,0.26619666814804077,-0.26619666814804077,0.37645894289016724,0.26619666814804077,-0.26619666814804077,0.37645894289016724,0.26487356424331665,-0.26081058382987976,0.3717259168624878,0.26487356424331665,-0.26081058382987976,0.3717259168624878,0.2648735046386719,-0.26081061363220215,0.3717259168624878,False,False,1.445000059902668,,,,,,,,,,,2.0784996449947357,1.0,0.10031519830226898,1.005018949508667,1.0,0.08119359612464905,1156.096435546875,79.02716064453125,1156.096435546875,79.02716064453125,10.79000473022461,0.7039183378219604,11.29000473022461,0.7540759444236755,0.5,0.05015760660171509,0.5025094747543335,0.3022165298461914,-0.0516781210899353,0.3066031038761139,0.5921375751495361,2.8091886043548584,0.8091886043548584,2.0,1.5,3.0,True,,False,False,-0.28771178669861297,-0.40137037209461335,0.11302335100636879,False,,False,timeout
63,1787741853.2770047,3.154495400376618,0.05449050012975931,18.351822751097533,0.05449050012975931,18.351822751097533,0.004495412111282349,True,False,7283058.079501788,7283058.0883243,8.82251188158989,7283058.129501788,0.0,0.008006300777196884,124.90162783393627,0.05425671208649874,1.0,63,62,-0.2559699843991012,-0.4198902572510195,0.113,-0.14417743310077238,-0.4905004836525403,0.113,-0.16307234828319267,-0.47221311986726017,0.113,-0.14417743310077238,-0.4905004836525403,0.113,7283058.029501788,7283058.079501788,0.05425671208649874,0.049999999813735485,1,True,379,1,1.8895624873338517,15.112032195358044,6.300777196883989e-06,1,False,,True,49,0.03539200033992529,0.07934609986841679,12.603013905640543,False,False,False,,5.901273727416992,2.3223540782928467,8.345727920532227,0.9364053010940552,,,2.8100194931030273,False,0.266196664,0.712787611121,3,1.0,0.13272511959075928,1.0087695121765137,0.26619666814804077,0.035330984741449356,0.26853108406066895,0.26619666814804077,-0.23434588313102722,0.35465288162231445,0.2658166289329529,-0.24194687604904175,0.35943952202796936,0.2658166289329529,-0.24194687604904175,0.35943952202796936,0.26581668853759766,-0.24194693565368652,0.3594396114349365,False,False,1.1260993778705597,,,,,,,,,,,1.6929004341363907,1.0,0.1147170215845108,1.0065585374832153,1.0,0.10031519830226898,1207.2965087890625,85.038330078125,1207.2965087890625,85.038330078125,11.29000473022461,0.7540759444236755,11.79000473022461,0.8114344477653503,0.5,0.057358503341674805,0.5032792687416077,0.35125255584716797,-0.044200122356414795,0.3540226221084595,0.6867266297340393,2.9499170780181885,0.9499170780181885,2.0,1.5,3.0,True,,False,False,-0.27192649976494593,-0.409769277490586,0.11300504206154476,False,,False,timeout
64,1787741853.3215332,3.200072600506246,0.04557720012962818,21.940794896480142,0.04557720012962818,21.940794896480142,7.261242717504501e-05,False,False,7283058.129501788,7283058.1335143,4.012512043118477,7283058.179501788,0.0,0.008003699593245983,124.94222057557755,0.05228181183338165,1.0,64,63,-0.243176756767842,-0.4283899196690954,0.113,-0.12567393233184293,-0.5085022307867464,0.113,-0.14417743310077238,-0.4905004836525403,0.113,-0.12567393233184293,-0.5085022307867464,0.113,7283058.079501788,7283058.129501788,0.05228181183338165,0.049999999813735485,1,True,385,1,1.886272168751156,16.10768800899961,3.6995932459829572e-06,1,False,,True,50,0.01692690048366785,0.06345230061560869,15.75986985969125,False,False,False,,6.16709041595459,2.08040714263916,8.649127960205078,0.9122017025947571,,,2.7432124614715576,False,0.266196664,0.712787611121,3,0.18840205669403076,-1.0,1.0175929069519043,0.0501520000398159,-0.26619666814804077,0.270879864692688,0.26619666814804077,-0.26619666814804077,0.37645894289016724,0.26608753204345703,-0.259231835603714,0.3714885115623474,0.26608753204345703,-0.259231835603714,0.3714885115623474,0.26608753204345703,-0.2592318058013916,0.3714885115623474,False,False,1.1037997901439667,,,,,,,,,,,1.6232999041676521,1.0,0.11885185539722443,1.0070381164550781,1.0,0.1147170215845108,1258.4964599609375,91.26616668701172,1258.4964599609375,91.26616668701172,11.79000473022461,0.8114344477653503,12.29000473022461,0.8708603978157043,0.5,0.059425950050354004,0.5035190582275391,0.30340003967285156,-0.024203598499298096,0.3043639361858368,0.5934373140335083,3.1424927711486816,1.1424927711486816,2.0,1.5,3.0,True,,False,False,-0.25873526868901464,-0.4177253621643777,0.11304679196317616,False,,False,timeout
65,1787741853.3710737,3.250002400018275,0.049929799512028694,20.02811967548734,0.049929799512028694,20.02811967548734,2.4121254682540894e-06,False,False,7283058.179501788,7283058.1830611,3.5593118518590927,7283058.229501788,0.0,0.008118700236082077,123.17242550176728,0.05044171214103699,1.0,65,64,-0.23063657717187327,-0.43725902101045155,0.113,-0.10715620589585974,-0.5265178178350484,0.113,-0.12567393233184293,-0.5085022307867464,0.113,-0.10715620589585974,-0.5265178178350484,0.113,7283058.129501788,7283058.179501788,0.05044171214103699,0.049999999813735485,1,True,391,1,1.8816412203610973,17.117950070177944,0.00011870023608207686,1,False,,False,,,,,False,False,False,,6.433177947998047,1.8211753368377686,8.952737808227539,0.8979378938674927,,,2.6833839416503906,False,0.266196664,0.712787611121,3,1.0,-1.0,1.4142135381698608,0.26619666814804077,-0.26619666814804077,0.37645894289016724,0.26619666814804077,-0.26619666814804077,0.37645894289016724,0.2661653161048889,-0.2641962766647339,0.37502485513687134,0.2661653161048889,-0.2641962766647339,0.37502485513687134,0.26616525650024414,-0.2641962766647339,0.37502482533454895,False,False,1.3079000636935234,,,,,,,,,,,1.9845999777317047,1.0,0.1152118593454361,1.0066149234771729,1.0,0.11885185539722443,1309.696533203125,97.30326843261719,1309.696533203125,97.30326843261719,12.29000473022461,0.8708603978157043,12.79000473022461,0.9284663200378418,0.5,0.05760592222213745,0.5033074617385864,0.30360984802246094,-0.014263808727264404,0.3039447069168091,0.595418393611908,3.337376832962036,1.3373768329620361,2.0,1.5,3.0,True,,False,False,-0.24585240312818207,-0.4261894257165089,0.11299171073932573,False,,False,timeout
66,1787741853.422695,3.300003600306809,0.050001200288534164,19.999519896111597,0.050001200288534164,19.999519896111597,3.612600266933441e-06,False,False,7283058.229501788,7283058.2346644,5.162612535059452,7283058.279501787,0.0,0.008017600513994694,124.72559567597605,0.04848691262304783,0.969738256073513,66,65,-0.2183053370573667,-0.4464166380444821,0.113,-0.08862423738127248,-0.5445472607639701,0.113,-0.10715620589585974,-0.5265178178350484,0.113,-0.08862423738127248,-0.5445472607639701,0.113,7283058.179501788,7283058.229501788,0.04848691262304783,0.049999999813735485,1,True,397,1,1.880407332098353,18.142852241438117,1.760051399469359e-05,1,False,,True,51,0.03579450026154518,0.06404559966176748,15.613875196440041,False,False,False,,6.699343204498291,1.5569790601730347,9.255317687988281,0.8907626867294312,,,2.6413726806640625,False,0.266196664,0.712787611121,3,0.5957028865814209,-1.0,1.1639853715896606,0.15857411921024323,-0.26619666814804077,0.3098490238189697,0.26619666814804077,0.035330984741449356,0.26853108406066895,0.2661876380443573,-0.050696954131126404,0.2709724009037018,0.2661876380443573,-0.050696954131126404,0.2709724009037018,0.2661876678466797,-0.0506969690322876,0.27097243070602417,False,False,1.857999712228775,,,,,,,,,,,1.6712993383407593,0.9665539860725403,0.12813611328601837,0.9750105142593384,1.0,0.1152118593454361,1359.18408203125,104.0176010131836,1359.18408203125,104.0176010131836,12.79000473022461,0.9284663200378418,13.273282051086426,0.9925343990325928,0.4832773208618164,0.06406807899475098,0.48750558495521545,0.3025798797607422,-0.0071752071380615234,0.30266493558883667,0.5956006050109863,3.53488826751709,1.5348882675170898,2.0,1.5,3.0,True,,False,False,-0.23323481317193645,-0.43498408508060116,0.113025478097903,False,,False,timeout
67,1787741853.4732664,3.3517899997532368,0.05178639944642782,19.31008934178719,0.05178639944642782,19.31008934178719,0.0017900122329592705,True,False,7283058.279501787,7283058.2853353,5.833512172102928,7283058.329501787,0.0,0.00812930054962635,123.01181311914507,0.05465311277657747,1.0,67,66,-0.20415540242142774,-0.4574117895100534,0.113,-0.07087653036066081,-0.562719490702091,0.113,-0.08862423738127248,-0.5445472607639701,0.113,-0.07087653036066081,-0.562719490702091,0.113,7283058.229501788,7283058.279501787,0.05465311277657747,0.049999999813735485,1,True,404,1,1.8774506001650675,18.86357926906975,0.00012930054962635024,1,False,,True,52,0.024582499638199806,0.08127249963581562,12.304285022375693,False,False,False,,6.965530872344971,1.506282091140747,9.608007431030273,0.8912075161933899,,,2.71311616897583,False,0.266196664,0.712787611121,3,1.0,-0.8938276767730713,1.3412411212921143,0.26619666814804077,-0.237933948636055,0.35703393816947937,0.0501520000398159,-0.26619666814804077,0.270879864692688,0.11220012605190277,-0.20430248975753784,0.23308448493480682,0.11220012605190277,-0.20430248975753784,0.23308448493480682,0.11220026016235352,-0.20430254936218262,0.23308460414409637,False,False,1.2405002489686012,,,,,,,,,,,1.4949999749660492,0.9787476658821106,0.12233151495456696,0.9863629937171936,0.9665539860725403,0.12813611328601837,1409.2960205078125,110.42778015136719,1409.2960205078125,110.42778015136719,13.273282051086426,0.9925343990325928,13.762656211853027,1.0537002086639404,0.48937416076660156,0.061165809631347656,0.49318182468414307,0.3526897430419922,0.00044482946395874023,0.35269004106521606,0.7173030376434326,3.666675090789795,1.666675090789795,2.0,1.5,3.0,True,,False,False,-0.21881383630079723,-0.4456809690425403,0.11301558746756991,False,,False,timeout
68,1787741853.520849,3.4000011002644897,0.04821110051125288,20.742111036577384,0.04821110051125288,20.742111036577384,1.1129304766654968e-06,False,False,7283058.329501787,7283058.3334944,3.992612473666668,7283058.379501787,0.0,0.00804120022803545,124.35954479948455,0.0527495127171278,1.0,68,67,-0.19219275262869853,-0.4670461858708001,0.113,-0.05273137392584662,-0.5804683071166324,0.113,-0.07087653036066081,-0.562719490702091,0.113,-0.05273137392584662,-0.5804683071166324,0.113,7283058.279501787,7283058.329501787,0.0527495127171278,0.049999999813735485,1,True,410,1,1.8692749881835213,19.845349307451446,4.1200228035449815e-05,1,False,,True,53,0.008332299999892712,0.06278900057077408,15.926356382641046,False,False,False,,7.077731132507324,1.3019795417785645,9.910818099975586,0.897570013999939,,,2.8618052005767822,False,0.266196664,0.712787611121,3,1.0,0.1887120008468628,1.0176503658294678,0.26619666814804077,0.05023450404405594,0.2708951234817505,0.26619666814804077,-0.26619666814804077,0.37645894289016724,0.22196699678897858,-0.24841991066932678,0.3331393003463745,0.22196699678897858,-0.24841991066932678,0.3331393003463745,0.22196722030639648,-0.2484198808670044,0.33313941955566406,False,False,1.2950999662280083,,,,,,,,,,,1.520100049674511,0.8704532980918884,0.09821729362010956,0.8759769201278687,0.9787476658821106,0.12233151495456696,1453.8631591796875,115.5743637084961,1453.8631591796875,115.5743637084961,13.762656211853027,1.0537002086639404,14.197882652282715,1.1028088331222534,0.4352264404296875,0.04910862445831299,0.4379882514476776,0.3028106689453125,0.006362497806549072,0.3028775155544281,0.6108535528182983,3.855001211166382,1.8550012111663818,2.0,1.5,3.0,True,,False,False,-0.20662698343513644,-0.45516895773147925,0.11305771393119694,False,,False,timeout
69,1787741853.5714977,3.4500021003186703,0.05000100005418062,19.99959998632846,0.05000100005418062,19.99959998632846,2.1131709218025208e-06,False,False,7283058.379501787,7283058.3837642,4.262412898242474,7283058.429501787,0.0,0.0080035999417305,124.9437762107566,0.05077541247010231,1.0,69,68,-0.18033459687668177,-0.4768089836743373,0.113,-0.036641987092539414,-0.5959786539746357,0.113,-0.05273137392584662,-0.5804683071166324,0.113,-0.036641987092539414,-0.5959786539746357,0.113,7283058.329501787,7283058.379501787,0.05077541247010231,0.049999999813735485,1,True,416,1,1.867909621609943,20.535742821014892,3.599941730499101e-06,1,False,,False,,,,,False,False,False,,7.299698352813721,1.05355966091156,10.211748123168945,0.9077475070953369,,,2.9156980514526367,False,0.266196664,0.712787611121,3,1.0,0.03024446964263916,1.0004572868347168,0.26619666814804077,0.008050977252423763,0.2663184106349945,0.15857411921024323,-0.26619666814804077,0.3098490238189697,0.17678141593933105,-0.2610909640789032,0.3153096139431,0.17678141593933105,-0.2610909640789032,0.3153096139431,0.17678117752075195,-0.2610909938812256,0.3153094947338104,False,False,1.7531001940369606,,,,,,,,,,,2.196100540459156,0.8020549416542053,0.11689665913581848,0.8105288147926331,0.8704532980918884,0.09821729362010956,1484.800048828125,121.69974517822266,1494.9283447265625,121.69974517822266,14.197882652282715,1.1028088331222534,14.5,1.1612571477890015,0.30211734771728516,0.05844831466674805,0.3077192008495331,0.3009300231933594,0.01017749309539795,0.30110207200050354,0.6853461265563965,3.9909043312072754,1.9909043312072754,2.0,1.5,3.0,True,,True,False,-0.1946387210009483,-0.46479672250009013,0.11307905674892463,False,,False,timeout
70,1787741853.6251194,3.5036174999549985,0.05361539963632822,18.6513577588337,0.05361539963632822,18.6513577588337,0.003617512993514538,True,False,7283058.429501787,7283058.4373101,7.808312773704529,7283058.479501787,0.0,0.008010799996554852,124.83147755905316,0.05680501274764538,1.0,70,69,-0.16663958360226283,-0.48836615390844773,0.113,-0.026288329197360127,-0.6079590201034432,0.113,-0.036641987092539414,-0.5959786539746357,0.113,-0.026288329197360127,-0.6079590201034432,0.113,7283058.379501787,7283058.429501787,0.05680501274764538,0.049999999813735485,1,True,423,1,1.8639355584494268,20.303243035128187,1.0799996554851365e-05,1,False,,True,54,0.03184620011597872,0.06445920001715422,15.513689275291577,False,False,False,,7.476479530334473,0.7924686670303345,10.562664031982422,0.9231457114219666,,,3.0889499187469482,False,0.266196664,0.712787611121,3,1.0,-1.0,1.4142135381698608,0.26619666814804077,-0.26619666814804077,0.37645894289016724,0.26619666814804077,-0.237933948636055,0.35703393816947937,0.24051544070243835,-0.24458494782447815,0.34302985668182373,0.24051544070243835,-0.24458494782447815,0.34302985668182373,0.24051523208618164,-0.24458491802215576,0.3430296778678894,False,False,1.2379996478557587,,,,,,,,,,,1.7659999430179596,0.7211242914199829,0.1099088042974472,0.7294520139694214,0.8020549416542053,0.11689665913581848,1484.800048828125,127.45896911621094,1521.7215576171875,127.45896911621094,14.5,1.1612571477890015,14.5,1.2162115573883057,0.0,0.0549544095993042,0.0549544095993042,0.35091590881347656,0.015398204326629639,0.35125359892845154,1.1291217803955078,3.9445292949676514,1.9445292949676514,2.0,1.5,3.0,True,,True,False,-0.18076840713952005,-0.47620900014561873,0.1130743938518746,False,,False,timeout
71,1787741853.6716928,3.550002600066364,0.04638510011136532,21.55864701378491,0.04638510011136532,21.55864701378491,2.6132911443710327e-06,False,False,7283058.479501787,7283058.483438,3.936213441193104,7283058.529501786,0.0,0.008006899617612362,124.89228637266189,0.04684021323919296,0.9368042682737271,71,70,-0.15699558503797398,-0.4967822147793884,0.113,-0.028679694572930698,-0.610486868089691,0.113,-0.026288329197360127,-0.6079590201034432,0.113,-0.028679694572930698,-0.610486868089691,0.113,7283058.429501787,7283058.479501787,0.04684021323919296,0.049999999813735485,1,True,428,1,1.6201402664575988,18.764727799242493,6.8996176123617414e-06,1,False,,True,55,0.015030800364911556,0.08034809958189726,12.445845081634063,False,False,False,,7.716994762420654,0.5478837490081787,10.859886169433594,0.9395560026168823,,,3.1672027111053467,False,0.266196664,0.712787611121,3,1.0,-1.0,1.4142135381698608,0.26619666814804077,-0.26619666814804077,0.37645894289016724,0.26619666814804077,0.05023450404405594,0.2708951234817505,0.25882065296173096,-0.03444128856062889,0.2611021399497986,0.25882065296173096,-0.03444129228591919,0.2611021399497986,0.2588205337524414,-0.03444129228591919,0.26110202074050903,False,False,1.1024000123143196,,,,,,,,,,,1.483699306845665,0.663751482963562,0.13852910697460175,0.6780533790588379,0.7211242914199829,0.1099088042974472,1484.800048828125,134.7178955078125,1518.7840576171875,134.7178955078125,14.5,1.2162115573883057,14.5,1.2854760885238647,0.0,0.06926453113555908,0.06926453113555908,0.2972221374511719,0.01641029119491577,0.29767483472824097,0.2986164689064026,3.6506118774414062,1.6506118774414062,2.0,1.5,3.0,True,,True,False,-0.16913043111390694,-0.4860477710756088,0.11305174343950172,False,,False,timeout
72,1787741853.721366,3.6000030003488064,0.05000040028244257,19.99983988830477,0.05000040028244257,19.99983988830477,3.0137598514556885e-06,False,False,7283058.529501786,7283058.533343,3.841213881969452,7283058.579501786,0.0,0.008008000440895557,124.87511799988951,0.05292941350489855,1.0,72,71,-0.1437506695209775,-0.5088520013190825,0.113,-0.03146145920426554,-0.6134273966234609,0.113,-0.028679694572930698,-0.610486868089691,0.113,-0.03146145920426554,-0.6134273966234609,0.113,7283058.479501787,7283058.529501786,0.05292941350489855,0.049999999813735485,1,True,435,1,1.872550781863463,17.21686578028772,8.000440895557237e-06,1,False,,False,,,,,False,False,False,,7.975815296173096,0.5134424567222595,11.159725189208984,0.9598378539085388,,,3.21505069732666,False,0.266196664,0.712787611121,3,1.0,-1.0,1.4142135381698608,0.26619666814804077,-0.26619666814804077,0.37645894289016724,0.26619666814804077,0.008050977252423763,0.2663184106349945,0.26407814025878906,-0.004153329413384199,0.264110803604126,0.26407814025878906,-0.0041533298790454865,0.264110803604126,0.26407766342163086,-0.004153311252593994,0.2641103267669678,False,False,1.1354992166161537,,,,,,,,,,,1.5159007161855698,0.6669154763221741,0.14244751632213593,0.6819586157798767,0.663751482963562,0.13852910697460175,1484.800048828125,142.18214416503906,1518.946044921875,142.18214416503906,14.5,1.2854760885238647,14.5,1.356699824333191,0.0,0.07122373580932617,0.07122373580932617,0.2998390197753906,0.020281851291656494,0.30052420496940613,0.29281729459762573,3.356110095977783,1.3561100959777832,2.0,1.5,3.0,True,,True,False,-0.1575180938486792,-0.49615945729126126,0.11304468275477143,False,,False,timeout
73,1787741853.7719998,3.6500061005353928,0.05000310018658638,19.998760002249934,0.05000310018658638,19.998760002249934,6.1141327023506165e-06,False,False,7283058.579501786,7283058.5837878,4.286013543605804,7283058.629501786,0.0,0.008604800328612328,116.2142015863914,0.051552013494074345,1.0,73,72,-0.1327113995675235,-0.5195312839538341,0.113,-0.03462990694931098,-0.6167766774709906,0.113,-0.03146145920426554,-0.6134273966234609,0.113,-0.03462990694931098,-0.6167766774709906,0.113,7283058.529501786,7283058.579501786,0.051552013494074345,0.049999999813735485,1,True,441,1,1.8692052909289147,15.680935524344752,0.0006048003286123274,1,False,,True,56,0.04942600056529045,0.06295920070260763,15.883302024807666,False,False,False,,8.239892959594727,0.5092891454696655,11.45899772644043,0.9852860569953918,,,3.2541065216064453,False,0.266196664,0.712787611121,3,1.0,-0.7581994533538818,1.2549368143081665,0.26619666814804077,-0.2018301635980606,0.33406001329421997,0.26619666814804077,-0.26619666814804077,0.37645894289016724,0.26558807492256165,-0.19093456864356995,0.32709789276123047,0.26558807492256165,-0.19093456864356995,0.32709789276123047,0.26558780670166016,-0.19093456864356995,0.32709768414497375,False,False,1.16720050573349,,,,,,,,,,,1.7391005530953407,0.6749115586280823,0.1696610152721405,0.6959097981452942,0.6669154763221741,0.14244751632213593,1484.800048828125,151.07237243652344,1519.35546875,151.07237243652344,14.5,1.356699824333191,14.5,1.4415303468704224,0.0,0.08483052253723145,0.08483052253723145,0.2992725372314453,0.025448203086853027,0.3003525733947754,0.35729947686195374,3.0635995864868164,1.0635995864868164,2.0,1.5,3.0,True,,True,False,-0.14611626144407777,-0.5065044583050432,0.11306582970584189,False,,False,timeout
74,1787741853.8225567,3.7010698998346925,0.05106379929929972,19.58334502567485,0.05106379929929972,19.58334502567485,0.0010699136182665825,True,False,7283058.629501786,7283058.6345428,5.0410134717822075,7283058.679501786,0.0,0.008008399978280067,124.86888800661103,0.049579814076423645,0.9915962852224569,74,73,-0.12205365414945209,-0.530590871146219,0.113,-0.038180826554487395,-0.620530259029447,0.113,-0.03462990694931098,-0.6167766774709906,0.113,-0.038180826554487395,-0.620530259029447,0.113,7283058.579501786,7283058.629501786,0.049579814076423645,0.049999999813735485,1,True,447,1,1.8693807958581568,14.167113366890385,8.399978280067277e-06,1,False,,True,57,0.021904499270021915,0.06579759996384382,15.198122736232111,False,False,False,,8.505480766296387,0.3183545768260956,11.757099151611328,1.0160998106002808,,,3.3256382942199707,False,0.266196664,0.712787611121,3,1.0,-0.3968387842178345,1.0758628845214844,0.26619666814804077,-0.10563716292381287,0.28639113903045654,0.26619666814804077,-0.26619666814804077,0.37645894289016724,0.2660217881202698,-0.2445804625749588,0.3613685071468353,0.2660217881202698,-0.2445804625749588,0.3613685071468353,0.266021728515625,-0.018354564905166626,0.26665419340133667,False,True,1.0957997292280197,,,,,,,,,,,1.5775002539157867,0.5808119773864746,0.2547515034675598,0.6342245936393738,0.6749115586280823,0.1696610152721405,1484.800048828125,164.42135620117188,1514.53759765625,164.42135620117188,14.5,1.4415303468704224,14.5,1.5689060688018799,0.0,0.12737572193145752,0.12737572193145752,0.29810142517089844,0.030813753604888916,0.29968973994255066,0.36323899030685425,2.7756974697113037,0.7756974697113037,2.0,1.5,3.0,True,,True,False,-0.13496230345803098,-0.5170698923025069,0.11309143373745018,False,,False,timeout
75,1787741853.8711832,3.7500029001384974,0.048933000303804874,20.436106386107767,0.048933000303804874,20.436106386107767,2.9141083359718323e-06,False,False,7283058.679501786,7283058.6834571,3.9553139358758926,7283058.729501786,0.0,0.008009400218725204,124.85329396601965,0.04763541370630264,0.9527082776751677,75,74,-0.11197224378895453,-0.5421763147184426,0.113,-0.04328471040845273,-0.6259254373046239,0.113,-0.038180826554487395,-0.620530259029447,0.113,-0.04328471040845273,-0.6259254373046239,0.113,7283058.629501786,7283058.679501786,0.04763541370630264,0.049999999813735485,1,True,453,1,1.6071841601789343,12.438219354497674,9.400218725204301e-06,1,False,,True,58,0.0034175002947449684,0.07839289959520102,12.75625732896372,False,False,False,,8.771502494812012,0.30000001192092896,12.104848861694336,1.0645372867584229,,,3.4198999404907227,False,0.266196664,0.712787611121,3,1.0,-1.0,1.4142135381698608,0.26619666814804077,-0.26619666814804077,0.37645894289016724,0.26619666814804077,-0.26619666814804077,0.37645894289016724,0.2661464214324951,-0.19501334428787231,0.3299456238746643,0.2661464214324951,-0.19501334428787231,0.3299456238746643,0.2661466598510742,0.0,0.2661466598510742,False,True,1.1564996093511581,,,,,,,,,,,1.4768997207283974,0.5327572226524353,0.3090226650238037,0.6158939003944397,0.5808119773864746,0.2547515034675598,1484.800048828125,180.61415100097656,1512.0770263671875,180.61415100097656,14.5,1.5689060688018799,14.5,1.7234174013137817,0.0,0.15451133251190186,0.15451133251190186,0.3477497100830078,0.04843747615814209,0.3511068820953369,0.38027241826057434,2.4476799964904785,0.4476799964904785,2.0,1.5,3.0,True,,True,False,-0.12243309154768316,-0.529975150811327,0.11307972423349624,False,,False,timeout
76,1787741853.9218106,3.8000026997178793,0.04999979957938194,20.000080168568573,0.04999979957938194,20.000080168568573,2.7138739824295044e-06,False,False,7283058.729501786,7283058.7338547,4.352914169430733,7283058.7795017855,0.0,0.008020599372684956,124.6789614508875,0.0536990137770772,1.0,76,75,-0.10132693179883631,-0.5565834940359622,0.113,-0.049525839940115175,-0.6325227673821158,0.113,-0.04328471040845273,-0.6259254373046239,0.113,-0.049525839940115175,-0.6325227673821158,0.113,7283058.679501786,7283058.729501786,0.0536990137770772,0.049999999813735485,1,True,460,1,1.8742154064588783,11.066190492912776,2.059937268495543e-05,1,False,,False,,,,,False,False,False,,9.037649154663086,0.30000001192092896,12.398691177368164,1.116066575050354,,,3.4586946964263916,False,0.266196664,0.712787611121,3,1.0,-1.0,1.4142135381698608,0.26619666814804077,-0.26619666814804077,0.37645894289016724,0.26619666814804077,-0.2018301635980606,0.33406001329421997,0.2661823034286499,-0.1438620388507843,0.3025711476802826,0.2661823034286499,-0.1438620388507843,0.3025711476802826,0.26618194580078125,0.0,0.26618194580078125,False,True,1.8239999189972878,,,,,,,,,,,2.2300994023680687,0.4646875560283661,0.3958515524864197,0.610436737537384,0.5327572226524353,0.3090226650238037,1484.800048828125,201.3567657470703,1508.5919189453125,201.3567657470703,14.5,1.7234174013137817,14.5,1.921343207359314,0.0,0.19792580604553223,0.19792580604553223,0.2938423156738281,0.05152928829193115,0.2983262836933136,0.33349844813346863,2.187321186065674,0.18732118606567383,2.0,1.5,3.0,True,,True,False,-0.11226401095956402,-0.5413637195828518,0.11308428528463205,False,,False,timeout
77,1787741853.9744413,3.8529548002406955,0.05295210052281618,18.884992099021957,0.05295210052281618,18.884992099021957,0.0029548145830631256,True,False,7283058.7795017855,7283058.7864224,6.920614279806614,7283058.829501785,0.0,0.008003000169992447,124.95313991739472,0.05172861460596323,1.0,77,76,-0.09372296422653408,-0.5699185652619077,0.113,-0.05765013214871297,-0.6411107380489952,0.113,-0.049525839940115175,-0.6325227673821158,0.113,-0.05765013214871297,-0.6411107380489952,0.113,7283058.729501786,7283058.7795017855,0.05172861460596323,0.049999999813735485,1,True,466,1,1.8702778995931584,9.849627280529322,3.000169992446733e-06,1,False,,True,59,0.04346279986202717,0.06742149963974953,14.832064035111323,False,False,False,,9.303831100463867,0.30000001192092896,12.691843032836914,1.1877974271774292,,,3.5024006366729736,True,0.266196664,0.712787611121,3,1.0,0.07570970058441162,1.0028618574142456,0.26619666814804077,0.020153669640421867,0.2669585049152374,0.26619666814804077,-0.10563716292381287,0.28639113903045654,0.2661924362182617,-0.07529686391353607,0.2766369879245758,0.2661924362182617,-0.07529686391353607,0.2766369879245758,0.2661924362182617,0.0,0.2661924362182617,False,True,1.1275000870227814,,,,,,,,,,,1.6524000093340874,0.4028703570365906,0.4835408926010132,0.6293777227401733,0.4646875560283661,0.3958515524864197,1484.800048828125,226.69430541992188,1505.427001953125,226.69430541992188,14.5,1.921343207359314,14.5,2.163113594055176,0.0,0.24177038669586182,0.24177038669586182,0.29315185546875,0.0717308521270752,0.3018001317977905,0.36241284012794495,1.951287031173706,0.0,2.0,1.5,3.0,True,,True,False,-0.10293058198470861,-0.5536396869463094,0.1131088033820845,False,,False,timeout
78,1787741854.0210307,3.900001300498843,0.047046500258147717,21.25556618479428,0.047046500258147717,21.25556618479428,1.3150274753570557e-06,False,False,7283058.829501785,7283058.8334355,3.9337147027254105,7283058.879501785,0.0,0.008039199747145176,124.39049052800473,0.049802014604210854,0.9960402957947563,78,77,-0.08816189336272916,-0.5842193129871979,0.113,-0.06722382278779467,-0.6512308287930486,0.113,-0.05765013214871297,-0.6411107380489952,0.113,-0.06722382278779467,-0.6512308287930486,0.113,7283058.7795017855,7283058.829501785,0.049802014604210854,0.049999999813735485,1,True,472,1,1.8678666982887306,8.88596285510259,3.919974714517577e-05,1,False,,True,60,0.01373090036213398,0.06310360040515661,15.846956331802003,False,False,False,,9.570023536682129,0.30000001192092896,12.979229927062988,1.2823635339736938,,,3.5479185581207275,True,0.266196664,0.712787611121,3,1.0,-0.788297176361084,1.273347020149231,0.26619666814804077,-0.20984208583831787,0.338960736989975,0.26619666814804077,-0.26619666814804077,0.37645894289016724,0.2661954462528229,-0.18974168598651886,0.32689741253852844,0.2661954462528229,-0.18974168598651886,0.32689741253852844,0.26619529724121094,0.0,0.26619529724121094,False,True,1.1669006198644638,,,,,,,,,,,1.5570996329188347,0.3143436312675476,0.6113739013671875,0.6874517798423767,0.4028703570365906,0.4835408926010132,1484.800048828125,258.73028564453125,1500.8944091796875,258.73028564453125,14.5,2.163113594055176,14.5,2.4688005447387695,0.0,0.30568695068359375,0.30568695068359375,0.2873868942260742,0.09456610679626465,0.30254581570625305,0.3911401629447937,1.7574020624160767,0.0,2.0,1.5,3.0,True,,True,False,-0.09476016184484055,-0.5667455632480234,0.11315337323195203,False,,False,timeout
79,1787741854.071719,3.950002300553024,0.05000100005418062,19.99959998632846,0.05000100005418062,19.99959998632846,2.3152679204940796e-06,False,False,7283058.879501785,7283058.883147,3.645215183496475,7283058.929501785,0.0,0.008036700077354908,124.42917993390225,0.047879514284431934,0.9575902892559405,79,78,-0.08534439557684224,-0.5992929972779195,0.113,-0.07932523073993947,-0.6640229014872066,0.113,-0.06722382278779467,-0.6512308287930486,0.113,-0.07932523073993947,-0.6640229014872066,0.113,7283058.829501785,7283058.879501785,0.047879514284431934,0.049999999813735485,1,True,478,1,1.8803244635068657,8.376765590206322,3.670007735490782e-05,1,False,,False,,,,,False,False,False,,9.83621883392334,0.30000001192092896,13.251062393188477,1.4089586734771729,,,3.5903964042663574,True,0.266196664,0.712787611121,3,1.0,-1.0,1.4142135381698608,0.26619666814804077,-0.26619666814804077,0.37645894289016724,0.26619666814804077,-0.26619666814804077,0.37645894289016724,0.26619628071784973,-0.18974168598651886,0.32689809799194336,0.26619628071784973,-0.18974168598651886,0.32689809799194336,0.26619625091552734,0.0,0.26619625091552734,False,True,1.6088001430034637,,,,,,,,,,,1.7720004543662071,0.2233114242553711,0.7618837952613831,0.7939363121986389,0.3143436312675476,0.6113739013671875,1484.800048828125,298.65301513671875,1496.233642578125,298.65301513671875,14.5,2.4688005447387695,14.5,2.8497424125671387,0.0,0.38094186782836914,0.38094186782836914,0.2718324661254883,0.126595139503479,0.29986533522605896,0.4141332805156708,1.6380200386047363,0.0,2.0,1.5,3.0,True,,True,False,-0.08853529057857129,-0.5807632751536478,0.11317203456470612,False,,False,timeout
80,1787741854.1231618,4.000002800486982,0.050000499933958054,19.99980002841623,0.050000499933958054,19.99980002841623,2.8153881430625916e-06,False,False,7283058.929501785,7283058.9345105,5.008715204894543,7283058.979501785,0.0,0.008010500110685825,124.83615082484334,0.054032014682888985,1.0,80,79,-0.08609095895003789,-0.6171580035707022,0.113,-0.09421562696526517,-0.6797631386325401,0.113,-0.07932523073993947,-0.6640229014872066,0.113,-0.09421562696526517,-0.6797631386325401,0.113,7283058.879501785,7283058.929501785,0.054032014682888985,0.049999999813735485,1,True,485,1,1.8964953703536358,8.207936328397443,1.0500110685825181e-05,1,False,,True,62,0.01842570025473833,0.06679109949618578,14.972054772913369,False,False,False,,10.102415084838867,0.30000001192092896,13.53787899017334,1.605573296546936,,,3.675178050994873,True,0.266196664,0.712787611121,3,1.0,-1.0,1.4142135381698608,0.26619666814804077,-0.26619666814804077,0.37645894289016724,0.26619666814804077,0.020153669640421867,0.2669585049152374,0.2661965489387512,0.014365286566317081,0.2665838599205017,0.2661965489387512,0.014365286566317081,0.2665838599205017,0.26619625091552734,0.014365285634994507,0.2665835916996002,False,False,1.423100009560585,,,,,,,,,,,2.324800007045269,0.12820953130722046,0.9437872171401978,0.9524557590484619,0.2233114242553711,0.7618837952613831,1484.800048828125,348.1074523925781,1491.3643798828125,348.1074523925781,14.5,2.8497424125671387,14.5,3.3216359615325928,0.0,0.4718935489654541,0.4718935489654541,0.2868165969848633,0.19661462306976318,0.34773707389831543,0.5161276459693909,1.5727789402008057,0.0,2.0,1.5,3.0,True,,True,False,-0.08451294972256158,-0.5982594129269553,0.11315042451715018,False,,False,timeout
81,1787741854.1727438,4.051262800581753,0.051260000094771385,19.508388571033223,0.051260000094771385,19.508388571033223,0.0012628156691789627,True,False,7283058.979501785,7283058.984818,5.316215567290783,7283059.029501785,0.0,0.00800739973783493,124.88448594304643,0.05206711497157812,1.0,81,80,-0.09002017513338723,-0.6319884925893793,0.113,-0.11246897726984342,-0.699058264037077,0.113,-0.09421562696526517,-0.6797631386325401,0.113,-0.11246897726984342,-0.699058264037077,0.113,7283058.929501785,7283058.979501785,0.05206711497157812,0.049999999813735485,1,True,491,1,1.9144766347599564,8.986537204689064,7.399737834930253e-06,1,False,,True,63,0.03496449999511242,0.028711399994790554,34.82937091822209,False,False,False,,10.368611335754395,0.31436529755592346,13.74221134185791,1.8154735565185547,,,3.692492723464966,True,0.266196664,0.712787611121,3,1.0,-1.0,1.4142135381698608,0.26619666814804077,-0.26619666814804077,0.37645894289016724,0.26619666814804077,-0.20984208583831787,0.338960736989975,0.2661965489387512,-0.14544695615768433,0.30334043502807617,0.2661965489387512,-0.14544695615768433,0.30334043502807617,0.26619625091552734,-0.014365285634994507,0.2665835916996002,False,True,1.1173998937010765,,,,,,,,,,,1.533600501716137,0.05217946320772171,1.0,1.0013604164123535,0.12820953130722046,0.9437872171401978,1484.800048828125,400.5074462890625,1487.4715576171875,400.5074462890625,14.5,3.3216359615325928,14.5,3.8216359615325928,0.0,0.5,0.5,0.2043323516845703,0.20990025997161865,0.2929331362247467,0.44480428099632263,1.6860512495040894,0.0,2.0,1.5,3.0,True,,True,False,-0.08444351481499132,-0.6136748669869004,0.11318454129521766,False,,False,timeout
82,1787741854.2207146,4.100003500469029,0.048740699887275696,20.516734521923865,0.048740699887275696,20.516734521923865,3.5157427191734314e-06,False,False,7283059.029501785,7283059.032514,3.012215718626976,7283059.079501784,0.0,0.008268000558018684,120.9482259928193,0.05037231557071209,1.0,82,81,-0.09604943244362016,-0.6461067074530172,0.113,-0.1310413405149119,-0.7186906094362847,0.113,-0.11246897726984342,-0.699058264037077,0.113,-0.1310413405149119,-0.7186906094362847,0.113,7283058.979501785,7283059.029501785,0.05037231557071209,0.049999999813735485,1,True,497,1,1.9251322933529997,9.982855610261465,0.0002680005580186842,1,False,,False,,,,,False,False,False,,10.634807586669922,0.30000001192092896,13.896924018859863,2.0567731857299805,,,3.705085039138794,True,0.266196664,0.712787611121,3,1.0,-0.08221054822206497,1.003373622894287,0.26619666814804077,-0.021884173154830933,0.2670947015285492,0.26619666814804077,-0.26619666814804077,0.37645894289016724,0.2661965489387512,-0.19386757910251617,0.32931023836135864,0.2661965489387512,-0.19386757910251617,0.32931023836135864,0.26619625091552734,0.0,0.26619625091552734,False,True,1.1069998145103455,,,,,,,,,,,1.6149003058671951,-0.013576976954936981,1.0,1.0000921487808228,0.05217946320772171,1.0,1484.10498046875,452.907470703125,1484.10498046875,452.907470703125,14.5,3.8216359615325928,14.49321174621582,4.321636199951172,-0.0067882537841796875,0.5000002384185791,0.5000463128089905,0.15471267700195312,0.24129962921142578,0.2866383194923401,0.48259925842285156,1.8650579452514648,0.0,2.0,1.5,3.0,True,,False,False,-0.08764709914798242,-0.6287871413782663,0.11321647369912295,False,,False,timeout
83,1787741854.2717016,4.150002500042319,0.04999899957329035,20.00040017869085,0.04999899957329035,20.00040017869085,2.5155022740364075e-06,False,False,7283059.079501784,7283059.0834108,3.909016028046608,7283059.129501784,0.0,0.008024299517273903,124.62146980522111,0.048425015062093735,0.9685003048498195,83,82,-0.10337941495440274,-0.6596009193108702,0.113,-0.14920807802330352,-0.737894178784746,0.113,-0.1310413405149119,-0.7186906094362847,0.113,-0.14920807802330352,-0.737894178784746,0.113,7283059.029501785,7283059.079501784,0.048425015062093735,0.049999999813735485,1,True,503,1,1.9112392664459985,10.98295715594388,2.4299517273902727e-05,1,False,,False,,,,,False,False,False,,10.90100383758545,0.30000001192092896,14.0067777633667,2.318990468978882,,,3.7043426036834717,True,0.266196664,0.712787611121,3,1.0,1.0,1.4142135381698608,0.26619666814804077,0.26619666814804077,0.37645894289016724,0.26619666814804077,-0.26619666814804077,0.37645894289016724,0.2661965489387512,-0.18974168598651886,0.3268983066082001,0.2661965489387512,-0.18974168598651886,0.3268983066082001,0.26619625091552734,0.0,0.26619625091552734,False,True,1.6144001856446266,,,,,,,,,,,2.035999670624733,-0.05551683157682419,1.0,1.001539945602417,-0.013576976954936981,1.0,1481.2623291015625,505.3074645996094,1481.2623291015625,505.3074645996094,14.49321174621582,4.321636199951172,14.465453147888184,4.821636199951172,-0.02775859832763672,0.5,0.5007699728012085,0.10985374450683594,0.26221728324890137,0.28429871797561646,0.521355390548706,2.060875654220581,0.060875654220581055,2.0,1.5,3.0,True,,False,False,-0.09346260583981153,-0.6432636112988432,0.11318115536267344,False,,False,timeout
84,1787741854.3269174,4.204412500374019,0.05441000033169985,18.378974341181713,0.05441000033169985,18.378974341181713,0.0044125160202383995,True,False,7283059.129501784,7283059.1392848,9.783015586435795,7283059.179501784,0.0,0.00800629984587431,124.90164236295816,0.0548543157055974,1.0,84,83,-0.11307253285249814,-0.6746689400302854,0.113,-0.16844204050716774,-0.7561850755028368,0.113,-0.14920807802330352,-0.737894178784746,0.113,-0.16844204050716774,-0.7561850755028368,0.113,7283059.079501784,7283059.129501784,0.0548543157055974,0.049999999813735485,1,True,510,1,1.8916784744210318,11.745790564381679,6.299845874309373e-06,1,False,,True,65,0.01583540067076683,0.14501600060611963,6.89579078046785,False,False,False,,11.167200088500977,0.30000001192092896,14.093181610107422,2.6358742713928223,,,3.744018793106079,True,0.266196664,0.712787611121,3,1.0,1.0,1.4142135381698608,0.26619666814804077,0.26619666814804077,0.37645894289016724,0.26619666814804077,-0.26619666814804077,0.37645894289016724,0.2661965489387512,-0.18974168598651886,0.3268983066082001,0.2661965489387512,-0.18974168598651886,0.3268983066082001,0.26619625091552734,0.0,0.26619625091552734,False,True,1.4895005151629448,,,,,,,,,,,2.2269999608397484,-0.12918001413345337,1.0,1.008309245109558,-0.05551683157682419,1.0,1474.6483154296875,557.7074584960938,1474.6483154296875,557.7074584960938,14.465453147888184,4.821636199951172,14.400862693786621,5.321636199951172,-0.0645904541015625,0.5,0.5041546821594238,0.08640384674072266,0.31688380241394043,0.32845237851142883,0.6222559213638306,2.2172372341156006,0.21723723411560059,2.0,1.5,3.0,True,,False,False,-0.10227467239126757,-0.6591376118872736,0.11316970749149674,False,,False,timeout
85,1787741854.3703935,4.250001500360668,0.04558899998664856,21.93511593351171,0.04558899998664856,21.93511593351171,1.516193151473999e-06,False,False,7283059.179501784,7283059.1832147,3.712915815412998,7283059.229501784,0.0,0.008003400638699532,124.94688759733131,0.05287041608244181,1.0,85,84,-0.12222135562756632,-0.6870048136660142,0.113,-0.18840026677959837,-0.7725946342304397,0.113,-0.16844204050716774,-0.7561850755028368,0.113,-0.18840026677959837,-0.7725946342304397,0.113,7283059.129501784,7283059.179501784,0.05287041608244181,0.049999999813735485,1,True,516,1,1.8797030484454123,12.698755342399643,3.4006386995313886e-06,1,False,,True,66,0.027131199836730957,0.02747769933193922,36.393148782934354,False,False,False,,11.433396339416504,0.30000001192092896,14.146219253540039,2.9119527339935303,,,3.7658605575561523,True,0.266196664,0.712787611121,3,1.0,1.0,1.4142135381698608,0.26619666814804077,0.26619666814804077,0.37645894289016724,0.26619666814804077,-0.021884173154830933,0.2670947015285492,0.2661965489387512,-0.015598767437040806,0.2666531801223755,0.2661965489387512,-0.015598767437040806,0.2666531801223755,0.26619625091552734,0.0,0.26619625091552734,False,True,1.070300117135048,,,,,,,,,,,1.4588003978133202,-0.20191466808319092,1.0,1.0201811790466309,-0.12918001413345337,1.0,1464.3104248046875,610.1074829101562,1464.3104248046875,610.1074829101562,14.400862693786621,5.321636199951172,14.299905776977539,5.821636199951172,-0.10095691680908203,0.5,0.5100904703140259,0.05303764343261719,0.276078462600708,0.28112685680389404,0.5296158790588379,2.423100709915161,0.42310070991516113,2.0,1.5,3.0,True,,False,False,-0.1107445713372897,-0.6721186828648219,0.11312201294091948,False,,False,timeout
86,1787741854.4209774,4.300002200528979,0.050000700168311596,19.99971993659719,0.050000700168311596,19.99971993659719,2.216547727584839e-06,False,False,7283059.229501784,7283059.2329308,3.429016098380089,7283059.279501784,0.0,0.008004000410437584,124.93752482770417,0.050907716155052185,1.0,86,85,-0.13203853126724446,-0.6988160084909142,0.113,-0.2093438783530021,-0.7881540200092496,0.113,-0.18840026677959837,-0.7725946342304397,0.113,-0.2093438783530021,-0.7881540200092496,0.113,7283059.179501784,7283059.229501784,0.050907716155052185,0.049999999813735485,1,True,522,1,1.878694452839166,13.692801659210257,4.000410437583757e-06,1,False,,False,,,,,False,False,False,,11.699592590332031,0.30000001192092896,14.18331241607666,3.1900041103363037,,,3.8106415271759033,True,0.266196664,0.712787611121,3,1.0,1.0,1.4142135381698608,0.26619666814804077,0.26619666814804077,0.37645894289016724,0.26619666814804077,0.26619666814804077,0.37645894289016724,0.2661965489387512,0.18974168598651886,0.3268983066082001,0.2661965489387512,0.18974168598651886,0.3268983066082001,0.26619625091552734,0.18974167108535767,0.32689806818962097,False,False,1.180899329483509,,,,,,,,,,,1.9805002957582474,-0.2818091809749603,1.0,1.0389496088027954,-0.20191466808319092,1.0,1449.8817138671875,662.5074462890625,1449.8817138671875,662.5074462890625,14.299905776977539,5.821636199951172,14.159001350402832,6.321636199951172,-0.14090442657470703,0.5,0.5194748044013977,0.037093162536621094,0.27805137634277344,0.280514657497406,0.5199264883995056,2.63421368598938,0.6342136859893799,2.0,1.5,3.0,True,,False,False,-0.11982136941030971,-0.6845441910741769,0.11307394929098377,False,,False,timeout
87,1787741854.472636,4.350002400577068,0.05000020004808903,19.999919981084542,0.05000020004808903,19.999919981084542,2.4167820811271667e-06,False,False,7283059.279501784,7283059.2842626,4.760816693305969,7283059.3295017835,0.0,0.008025199174880981,124.60749922942948,0.04896841570734978,0.9793683177954269,87,86,-0.14247971119022482,-0.7100790787063459,0.113,-0.2313135067377505,-0.8016503757127158,0.113,-0.2093438783530021,-0.7881540200092496,0.113,-0.2313135067377505,-0.8016503757127158,0.113,7283059.229501784,7283059.279501784,0.04896841570734978,0.049999999813735485,1,True,528,1,1.6163233097436165,14.374264758939436,2.519917488098128e-05,1,False,,True,67,0.04580420069396496,0.03407580032944679,29.34633934733572,False,False,False,,11.965788841247559,0.4897416830062866,14.204317092895508,3.519231081008911,,,3.7668044567108154,True,0.266196664,0.712787611121,3,1.0,1.0,1.4142135381698608,0.26619666814804077,0.26619666814804077,0.37645894289016724,0.26619666814804077,0.26619666814804077,0.37645894289016724,0.2661965489387512,0.24423784017562866,0.3612654507160187,0.2661965489387512,0.24423784017562866,0.3612654507160187,0.26619625091552734,0.24423784017562866,0.36126524209976196,False,False,1.4861999079585075,,,,,,,,,,,1.9230004400014877,-0.4002019762992859,1.0,1.0771080255508423,-0.2818091809749603,1.0,1429.391357421875,714.907470703125,1429.391357421875,714.907470703125,14.159001350402832,6.321636199951172,13.958900451660156,6.821636199951172,-0.20010089874267578,0.5,0.5385539531707764,0.021004676818847656,0.3292269706726074,0.32989633083343506,0.5990416407585144,2.80277156829834,0.8027715682983398,2.0,1.5,3.0,True,,False,False,-0.13133047708989912,-0.6983772929397338,0.11311354739321364,False,,False,timeout
88,1787741854.5252762,4.401724600233138,0.05172219965606928,19.33405784459239,0.05172219965606928,19.33405784459239,0.0017246166244149208,True,False,7283059.3295017835,7283059.3359167,6.41491636633873,7283059.379501783,0.0,0.008093000389635563,123.5635675096058,0.05509621649980545,1.0,88,87,-0.15541363771661015,-0.722478537774897,0.113,-0.254585260491781,-0.813483115997601,0.113,-0.2313135067377505,-0.8016503757127158,0.113,-0.254585260491781,-0.813483115997601,0.113,7283059.279501784,7283059.3295017835,0.05509621649980545,0.049999999813735485,1,True,535,1,1.8744011321620215,15.334152956493242,9.300038963556273e-05,1,False,,True,68,0.033186400309205055,0.08153080008924007,12.265303405650913,False,False,False,,12.231985092163086,0.7339795231819153,14.206306457519531,3.8028509616851807,,,3.6490981578826904,True,0.266196664,0.712787611121,3,1.0,0.8051087856292725,1.2838225364685059,0.26619666814804077,0.21431727707386017,0.34174925088882446,0.26619666814804077,0.26619666814804077,0.37645894289016724,0.2661965489387512,0.2598898410797119,0.3720259666442871,0.2661965489387512,0.2598898410797119,0.3720259666442871,0.26619625091552734,0.2598898410797119,0.3720257878303528,False,False,1.374499872326851,,,,,,,,,,,1.6999999061226845,-0.5620942711830139,1.0,1.147148609161377,-0.4002019762992859,1.0,1400.6121826171875,767.3074951171875,1400.6121826171875,767.3074951171875,13.958900451660156,6.821636199951172,13.67785358428955,7.321636199951172,-0.28104686737060547,0.5,0.5735741853713989,0.0019893646240234375,0.28361988067626953,0.28362685441970825,0.4875592589378357,3.0289065837860107,1.0289065837860107,2.0,1.5,3.0,True,,False,False,-0.14174281785354056,-0.7096554030923311,0.11311773533583491,False,,False,timeout
89,1787741854.5718794,4.450004399754107,0.04827979952096939,20.712596363737372,0.04827979952096939,20.712596363737372,4.416331648826599e-06,False,False,7283059.379501783,7283059.3836602,4.158416762948036,7283059.429501783,0.0,0.008004399947822094,124.93128860609828,0.053143616765737534,1.0,89,88,-0.16720000429011597,-0.7323244006667148,0.113,-0.28080598965630976,-0.8229391721568301,0.113,-0.254585260491781,-0.813483115997601,0.113,-0.28080598965630976,-0.8229391721568301,0.113,7283059.3295017835,7283059.379501783,0.053143616765737534,0.049999999813735485,1,True,541,1,1.8763811454472603,16.407837574030243,4.399947822093797e-06,1,False,,True,69,0.019104599952697754,0.06413550022989511,15.591988780246165,False,False,False,,12.498181343078613,0.9938693642616272,14.190903663635254,4.088101387023926,,,3.5269789695739746,True,0.266196664,0.712787611121,3,0.30771851539611816,1.0,1.0462746620178223,0.08191364258527756,0.26619666814804077,0.2785148322582245,0.26619666814804077,0.26619666814804077,0.37645894289016724,0.2661965489387512,0.26438528299331665,0.3751802146434784,0.2661965489387512,0.26438528299331665,0.3751802146434784,0.26619625091552734,0.26438528299331665,0.3751800060272217,False,False,1.1268993839621544,,,,,,,,,,,1.6167005524039268,-0.7435958385467529,1.0,1.2461680173873901,-0.5620942711830139,1.0,1362.5401611328125,819.70751953125,1362.5401611328125,819.70751953125,13.67785358428955,7.321636199951172,13.306056022644043,7.821636199951172,-0.3717975616455078,0.5,0.6230838298797607,-0.015402793884277344,0.2852504253387451,0.28566598892211914,0.4466862082481384,3.2739834785461426,1.2739834785461426,2.0,1.5,3.0,True,,False,False,-0.15276085703440642,-0.7203421989645388,0.11313597498043018,False,,False,timeout
90,1787741854.6225328,4.500003799796104,0.04999940004199743,20.000239986080658,0.04999940004199743,20.000239986080658,3.816559910774231e-06,False,False,7283059.429501783,7283059.4337862,4.2844172567129135,7283059.479501783,0.0,0.00801439955830574,124.77541114900465,0.05121171660721302,1.0,90,89,-0.17965738374145654,-0.7413049901016714,0.113,-0.3092641343575621,-0.8294449892519195,0.113,-0.28080598965630976,-0.8229391721568301,0.113,-0.3092641343575621,-0.8294449892519195,0.113,7283059.379501783,7283059.429501783,0.05121171660721302,0.049999999813735485,1,True,547,1,1.8800751942775702,17.5533640877729,1.439955830574019e-05,1,False,,False,,,,,False,False,False,,12.76437759399414,1.2582546472549438,14.15743350982666,4.373835563659668,,,3.4128360748291016,False,0.266196664,0.712787611121,3,1.0,1.0,1.4142135381698608,0.26619666814804077,0.26619666814804077,0.37645894289016724,0.26619666814804077,0.26619666814804077,0.37645894289016724,0.2661965489387512,0.2656764090061188,0.3760911524295807,0.2661965489387512,0.2656764090061188,0.3760911524295807,0.26619625091552734,0.2656763792037964,0.3760909140110016,False,False,1.5094000846147537,,,,,,,,,,,2.083100378513336,-0.9539633393287659,1.0,1.3820441961288452,-0.7435958385467529,1.0,1313.6971435546875,872.1075439453125,1313.6971435546875,872.1075439453125,13.306056022644043,7.821636199951172,12.829073905944824,8.321636199951172,-0.47698211669921875,0.5,0.6910223960876465,-0.03347015380859375,0.2857341766357422,0.2876878082752228,0.4000459611415863,3.5513620376586914,1.5513620376586914,2.0,1.5,3.0,True,,False,False,-0.16435510998827163,-0.7303822217054092,0.11295731325745503,False,,False,timeout
91,1787741854.6772919,4.5537449000403285,0.05374110024422407,18.60773217250008,0.05374110024422407,18.60773217250008,0.0037449169903993607,True,False,7283059.479501783,7283059.4886927,9.190917015075684,7283059.529501783,0.0,0.008022700436413288,124.64630929770455,0.05727711692452431,1.0,91,90,-0.19499962155552472,-0.7505552262113501,0.113,-0.34111945484274825,-0.8331972758934323,0.113,-0.3092641343575621,-0.8294449892519195,0.113,-0.34111945484274825,-0.8331972758934323,0.113,7283059.429501783,7283059.479501783,0.05727711692452431,0.049999999813735485,1,True,554,1,1.8732328186648668,18.659987271693485,2.270043641328795e-05,1,False,,True,70,0.04007499944418669,0.062366100028157234,16.034351988476384,False,False,False,,13.030573844909668,1.5239310264587402,14.087010383605957,4.706820011138916,,,3.353631019592285,False,0.266196664,0.712787611121,3,-1.0,0.6927164793014526,1.2164933681488037,-0.26619666814804077,0.18439881503582,0.32382649183273315,0.26619666814804077,0.21431727707386017,0.34174925088882446,0.2661965489387512,0.22906826436519623,0.3511877954006195,0.2661965489387512,0.22906826436519623,0.3511877954006195,0.26619625091552734,0.22906827926635742,0.3511875867843628,False,False,1.5856996178627014,,,,,,,,,,,2.2940998896956444,-1.0,1.0,1.4142135381698608,-0.9539633393287659,1.0,1262.4971923828125,924.5075073242188,1262.4971923828125,924.5075073242188,12.829073905944824,8.321636199951172,12.329073905944824,8.821636199951172,-0.5,0.5,0.7071067690849304,-0.07042312622070312,0.33298444747924805,0.3403499126434326,0.41901108622550964,3.8274405002593994,1.8274405002593994,2.0,1.5,3.0,True,,False,False,-0.17888459884271107,-0.7410053090397521,0.1130724173558731,False,,False,timeout
92,1787741854.7213745,4.600001700222492,0.046256800182163715,21.61844304106432,0.046256800182163715,21.61844304106432,1.7173588275909424e-06,False,False,7283059.529501783,7283059.5336852,4.183417186141014,7283059.579501783,0.0,0.008002599701285362,124.95939286321942,0.04730731714516878,0.9461463464280454,92,91,-0.20640613313716363,-0.7563599995207779,0.113,-0.37264608037288854,-0.8360263559895141,0.113,-0.34111945484274825,-0.8331972758934323,0.113,-0.37264608037288854,-0.8360263559895141,0.113,7283059.479501783,7283059.529501783,0.04730731714516878,0.049999999813735485,1,True,559,1,1.6259219818936521,20.06009827139509,2.599701285362077e-06,1,False,,True,71,0.024429299868643284,0.08298519998788834,12.050341508437043,False,False,False,,13.296770095825195,1.7529993057250977,14.003912925720215,4.986889362335205,,,3.3103015422821045,False,0.266196664,0.712787611121,3,1.0,1.0,1.4142135381698608,0.26619666814804077,0.26619666814804077,0.37645894289016724,0.08191364258527756,0.26619666814804077,0.2785148322582245,0.1348418891429901,0.2555329203605652,0.2889280319213867,0.1348418891429901,0.2555329203605652,0.2889280319213867,0.1348419189453125,0.25553297996520996,0.2889280915260315,False,False,1.1379001662135124,,,,,,,,,,,1.6510002315044403,-1.0,1.0,1.4142135381698608,-1.0,1.0,1211.297119140625,976.9075317382812,1211.297119140625,976.9075317382812,12.329073905944824,8.821636199951172,11.829073905944824,9.321636199951172,-0.5,0.5,0.7071067690849304,-0.08309745788574219,0.28006935119628906,0.2921369969844818,0.36316680908203125,4.184539318084717,2.184539318084717,2.0,1.5,3.0,True,,False,False,-0.19184513177746745,-0.7491254309879248,0.11302206052755698,False,,False,timeout
93,1787741854.7709258,4.65000110026449,0.04999940004199743,20.000239986080658,0.04999940004199743,20.000239986080658,1.1175870895385742e-06,False,False,7283059.579501783,7283059.5834278,3.9260173216462135,7283059.629501782,0.0,0.008008799515664577,124.86265863492764,0.053357116878032684,1.0,93,92,-0.2227976691518752,-0.7635962374022727,0.113,-0.40346601865188086,-0.8387920206453844,0.113,-0.37264608037288854,-0.8360263559895141,0.113,-0.40346601865188086,-0.8387920206453844,0.113,7283059.529501783,7283059.579501783,0.053357116878032684,0.049999999813735485,1,True,566,1,1.874746247427107,21.44391047343013,8.799515664577318e-06,1,False,,True,72,0.011649600230157375,0.061686799861490726,16.21092360513697,False,False,False,,13.431612014770508,2.0085322856903076,13.89388370513916,5.26378059387207,,,3.287907600402832,False,0.266196664,0.712787611121,3,-0.10488426685333252,1.0,1.0054852962493896,-0.027919841930270195,0.26619666814804077,0.2676568329334259,0.26619666814804077,0.26619666814804077,0.37645894289016724,0.22846995294094086,0.2631339430809021,0.3484795391559601,0.22846995294094086,0.2631339430809021,0.3484795391559601,0.2284698486328125,0.2631340026855469,0.3484795391559601,False,False,1.145699992775917,,,,,,,,,,,1.5651006251573563,-1.0,1.0,1.4142135381698608,-1.0,1.0,1160.09716796875,995.5999755859375,1160.09716796875,1029.3074951171875,11.829073905944824,9.321636199951172,11.329073905944824,9.5,-0.5,0.17836380004882812,0.5308612585067749,-0.11002922058105469,0.27689123153686523,0.2979516386985779,0.3869204521179199,4.552980422973633,2.552980422973633,2.0,1.5,3.0,True,,True,False,-0.20555006627072206,-0.7562486706702947,0.11302841121907703,False,,False,timeout
94,1787741854.8230228,4.700003900565207,0.050002800300717354,19.99887994244302,0.050002800300717354,19.99887994244302,3.918074071407318e-06,False,False,7283059.629501782,7283059.6340307,4.528917372226715,7283059.679501782,0.0,0.008009599521756172,124.85018723891723,0.051398917101323605,1.0,94,93,-0.23723270324124257,-0.7688376017119076,0.113,-0.42521352757539405,-0.8314139123044983,0.113,-0.40346601865188086,-0.8387920206453844,0.113,-0.42521352757539405,-0.8314139123044983,0.113,7283059.579501783,7283059.629501782,0.051398917101323605,0.049999999813735485,1,True,572,1,1.8734031805750289,21.68523505047702,9.599521756172014e-06,1,False,,False,,,,,False,False,False,,13.66008186340332,2.2716662883758545,13.76488971710205,5.534784317016602,,,3.264800786972046,False,0.266196664,0.712787611121,3,0.6225492358207703,1.0,1.1779505014419556,0.16572053730487823,0.26619666814804077,0.31356653571128845,-0.26619666814804077,0.18439881503582,0.32382649183273315,-0.12412231415510178,0.20701254904270172,0.241372212767601,-0.12412232160568237,0.20701254904270172,0.2413722276687622,-0.12412261962890625,0.20701265335083008,0.2413724660873413,False,False,1.7478996887803078,,,,,,,,,,,2.396400086581707,-1.0,1.0,1.4142135381698608,-1.0,1.0,1108.8970947265625,995.5999755859375,1108.8970947265625,1048.0,11.329073905944824,9.5,10.829073905944824,9.5,-0.5,0.0,0.5,-0.12899398803710938,0.27100372314453125,0.30013740062713623,0.4003860056400299,4.6536149978637695,2.6536149978637695,2.0,1.5,3.0,True,,True,False,-0.21959512084515045,-0.7625226045238737,0.1129788946677843,False,,False,timeout
95,1787741854.8736458,4.75212650001049,0.05212259944528341,19.185535845152295,0.05212259944528341,19.185535845152295,0.002126517705619335,True,False,7283059.679501782,7283059.6855971,6.095318123698235,7283059.729501782,0.0,0.008001500740647316,124.9765553254327,0.04942101798951626,0.988420363472478,95,94,-0.25203682564688734,-0.772915594367607,0.113,-0.4422965534522151,-0.8179929881542468,0.113,-0.42521352757539405,-0.8314139123044983,0.113,-0.4422965534522151,-0.8179929881542468,0.113,7283059.629501782,7283059.679501782,0.04942101798951626,0.049999999813735485,1,True,578,1,1.6166950155093247,21.168921106972366,1.5007406473158125e-06,1,False,,True,73,0.03066559974104166,0.06277710013091564,15.929375487472273,False,False,False,,13.535959243774414,2.4786789417266846,13.590705871582031,5.843676567077637,,,3.365442991256714,False,0.266196664,0.712787611121,3,-0.1422218680381775,1.0,1.0100629329681396,-0.0378589890897274,0.26619666814804077,0.268875390291214,0.26619666814804077,0.26619666814804077,0.37645894289016724,0.15409213304519653,0.2491982877254486,0.2929917573928833,0.15409213304519653,0.2491982877254486,0.2929917573928833,0.15409183502197266,0.24919819831848145,0.2929915487766266,False,False,1.1585000902414322,,,,,,,,,,,1.665300689637661,-1.0,1.0,1.4142135381698608,-1.0,1.0,1057.6971435546875,995.5999755859375,1057.6971435546875,1048.0,10.829073905944824,9.5,10.329073905944824,9.5,-0.5,0.0,0.5,-0.17418384552001953,0.30889225006103516,0.35461869835853577,0.34836769104003906,4.582064151763916,2.582064151763916,2.0,1.5,3.0,True,,True,False,-0.23640126686403037,-0.7688050857123768,0.11305742351758168,False,,False,timeout
96,1787741854.920676,4.800002099946141,0.047875599935650826,20.8874667125653,0.047875599935650826,20.8874667125653,2.117827534675598e-06,False,False,7283059.729501782,7283059.7333487,3.8469182327389717,7283059.779501782,0.0,0.008000900037586689,124.9859384946934,0.047464217990636826,0.9492843633490964,96,95,-0.26712491586546877,-0.7757723017535079,0.113,-0.45900250393816877,-0.8048683054460115,0.113,-0.4422965534522151,-0.8179929881542468,0.113,-0.45900250393816877,-0.8048683054460115,0.113,7283059.679501782,7283059.729501782,0.047464217990636826,0.049999999813735485,1,True,584,1,1.6163354605457279,21.023103799925085,9.000375866888288e-07,1,False,,True,74,0.017651000060141087,0.08332449942827225,12.001272217192547,False,False,False,,13.690051078796387,2.727877140045166,13.416065216064453,6.097616672515869,,,3.380859851837158,False,0.266196664,0.712787611121,3,0.07281293720006943,1.0,1.0026473999023438,0.01938256062567234,0.26619666814804077,0.2669013738632202,-0.027919841930270195,0.26619666814804077,0.2676568329334259,0.024356167763471603,0.2613145112991333,0.2624471187591553,0.024356171488761902,0.2613145112991333,0.2624471187591553,0.02435588836669922,0.26131439208984375,0.26244696974754333,False,False,1.1013997718691826,,,,,,,,,,,1.5149004757404327,-1.0,1.0,1.4142135381698608,-1.0,1.0,1006.4971313476562,995.5999755859375,1006.4971313476562,1048.0,10.329073905944824,9.5,9.829073905944824,9.5,-0.5,0.0,0.5,-0.17464065551757812,0.2539401054382324,0.3081962466239929,0.34928131103515625,4.594097137451172,2.594097137451172,2.0,1.5,3.0,True,,True,False,-0.2511991086123764,-0.7730118177932486,0.11304923153722857,False,,False,timeout
97,1787741854.970389,4.850002599880099,0.050000499933958054,19.99980002841623,0.050000499933958054,19.99980002841623,2.61794775724411e-06,False,False,7283059.779501782,7283059.7829821,3.4803180024027824,7283059.829501782,0.0,0.00801329966634512,124.79253761092674,0.0455339178442955,0.9106783602784513,97,96,-0.28238710891729424,-0.7774727439297691,0.113,-0.4756605782278228,-0.7917812356761268,0.113,-0.45900250393816877,-0.8048683054460115,0.113,-0.4756605782278228,-0.7917812356761268,0.113,7283059.729501782,7283059.779501782,0.0455339178442955,0.049999999813735485,1,True,590,1,1.6213578698147681,21.00128769466662,1.329966634511931e-05,1,False,,False,,,,,False,False,False,,13.714406967163086,2.9891915321350098,13.216886520385742,6.336714267730713,,,3.3842923641204834,False,0.266196664,0.712787611121,3,0.20868101716041565,0.9612536430358887,0.9836443662643433,0.055550191551446915,0.25588253140449524,0.26184287667274475,0.16572053730487823,0.26619666814804077,0.31356653571128845,0.12511886656284332,0.26479440927505493,0.2928665578365326,0.12511886656284332,0.26479440927505493,0.2928665578365326,0.12511920928955078,0.26479434967041016,0.29286664724349976,False,False,1.0756002739071846,,,,,,,,,,,2.128300257027149,-1.0,1.0,1.4142135381698608,-1.0,1.0,955.297119140625,995.5999755859375,955.297119140625,1048.0,9.829073905944824,9.5,9.329073905944824,9.5,-0.5,0.0,0.5,-0.19917869567871094,0.23909759521484375,0.31119096279144287,0.3983573913574219,4.635046005249023,2.6350460052490234,2.0,1.5,3.0,True,,True,False,-0.2662454465747051,-0.7759473801170672,0.11301167295027384,False,,False,timeout
98,1787741855.027062,4.904868399724364,0.054865799844264984,18.226290381958737,0.054865799844264984,18.226290381958737,0.004868417978286743,True,False,7283059.829501782,7283059.838602,9.100218303501606,7283059.879501781,0.0,0.008006100542843342,124.90475165140171,0.05158341862261295,1.0,98,97,-0.30029185883002,-0.7780972202941477,0.113,-0.4922709818333204,-0.7787316173882494,0.113,-0.4756605782278228,-0.7917812356761268,0.113,-0.4922709818333204,-0.7787316173882494,0.113,7283059.779501782,7283059.829501782,0.05158341862261295,0.049999999813735485,1,True,597,1,1.6128284394418708,20.810787309551273,6.100542843341661e-06,1,False,,True,75,0.05407689977437258,0.06067680008709431,16.48076362900844,False,False,False,,13.839526176452637,3.25398588180542,12.954392433166504,6.5992865562438965,,,3.460418701171875,False,0.266196664,0.712787611121,3,-0.43002066016197205,1.0,1.0885392427444458,-0.11447006464004517,0.26619666814804077,0.28976553678512573,-0.0378589890897274,0.26619666814804077,0.268875390291214,0.00895036943256855,0.26579391956329346,0.26594457030296326,0.008950367569923401,0.26579391956329346,0.26594457030296326,0.008950233459472656,0.2657938003540039,0.2659444510936737,False,False,1.248599961400032,,,,,,,,,,,1.815900206565857,-1.0,1.0,1.4142135381698608,-1.0,1.0,904.0971069335938,995.5999755859375,904.0971069335938,1048.0,9.329073905944824,9.5,8.829073905944824,9.5,-0.5,0.0,0.5,-0.2624940872192383,0.2625722885131836,0.3712780177593231,0.5249881744384766,4.6429595947265625,2.6429595947265625,2.0,1.5,3.0,True,,True,False,-0.2841647482586242,-0.777906432933956,0.11303824014140076,False,,False,timeout
99,1787741855.0715888,4.950071300379932,0.045202900655567646,22.122474122174058,0.045202900655567646,22.122474122174058,7.131882011890411e-05,False,False,7283059.879501781,7283059.8835419,4.040118306875229,7283059.929501781,0.0,0.00800039991736412,124.9937516035409,0.049621518701314926,0.9924303777233898,99,98,-0.3156398992437345,-0.7775539136511073,0.113,-0.5088339190922502,-0.7657192900488002,0.113,-0.4922709818333204,-0.7787316173882494,0.113,-0.5088339190922502,-0.7657192900488002,0.113,7283059.829501782,7283059.879501781,0.049621518701314926,0.049999999813735485,1,True,603,1,1.6154753993207212,20.970996396375728,3.9991736412031686e-07,1,False,,True,76,0.01982410065829754,0.0686418004333973,14.568382438777865,False,False,False,,13.84847640991211,3.519779682159424,12.709460258483887,6.8063201904296875,,,3.4783194065093994,False,0.266196664,0.712787611121,3,-1.0,1.0,1.4142135381698608,-0.26619666814804077,0.26619666814804077,0.37645894289016724,0.01938256062567234,0.26619666814804077,0.2669013738632202,0.01638626679778099,0.26608097553253174,0.2665850520133972,0.01638626679778099,0.26608097553253174,0.2665850520133972,0.016386032104492188,0.2660808563232422,0.26658493280410767,False,False,1.1852001771330833,,,,,,,,,,,1.4931000769138336,-1.0,0.9343536496162415,1.368582010269165,-1.0,1.0,852.8971557617188,995.5999755859375,852.8971557617188,1044.56005859375,8.829073905944824,9.5,8.329073905944824,9.5,-0.5,0.0,0.5,-0.2449321746826172,0.20703363418579102,0.3207096755504608,0.4898643493652344,4.723696708679199,2.723696708679199,2.0,1.5,3.0,True,,True,False,-0.2995061864262001,-0.7783748784791144,0.11292648773200337,False,,False,timeout
100,1787741855.1212618,5.000002100132406,0.04993079975247383,20.027718461498402,0.04993079975247383,20.027718461498402,2.1187588572502136e-06,False,False,7283059.929501781,7283059.9334213,3.9195185527205467,7283059.979501781,0.0,0.008007299154996872,124.8860546662554,0.04768171813338995,0.9536343662203638,100,99,-0.33092921947191295,-0.7761032255269593,0.113,-0.525672958834066,-0.7524900485334186,0.113,-0.5088339190922502,-0.7657192900488002,0.113,-0.525672958834066,-0.7524900485334186,0.113,7283059.879501781,7283059.929501781,0.04768171813338995,0.049999999813735485,1,True,609,1,1.6167909037669392,21.233584414655358,7.299154996871782e-06,1,False,,True,77,0.00624260026961565,0.07925469987094402,12.617548254278548,False,False,False,,13.864862442016602,3.785860538482666,12.447461128234863,6.998664855957031,,,3.5115718841552734,True,0.266196664,0.712787611121,3,-1.0,1.0,1.4142135381698608,-0.26619666814804077,0.26619666814804077,0.37645894289016724,0.055550191551446915,0.25588253140449524,0.26184287667274475,0.04430175945162773,0.2588116228580475,0.2625758945941925,0.04430175945162773,0.2588116228580475,0.2625758945941925,0.04430198669433594,0.25881147384643555,0.26257580518722534,False,False,1.0943002998828888,,,,,,,,,,,1.6009006649255753,-1.0,0.8035808801651001,1.2828648090362549,-1.0,0.9343536496162415,801.6971435546875,995.5999755859375,801.6971435546875,1037.7076416015625,8.329073905944824,9.5,7.829073905944824,9.5,-0.5,0.0,0.5,-0.26199913024902344,0.19234466552734375,0.3250231146812439,0.5239982604980469,4.818484306335449,2.818484306335449,2.0,1.5,3.0,True,,True,False,-0.31485699300308745,-0.7778495452511186,0.11281241960084035,False,,False,timeout
101,1787741855.1719506,5.05000330042094,0.050001200288534164,19.999519896111597,0.050001200288534164,19.999519896111597,3.3192336559295654e-06,False,False,7283059.979501781,7283059.9836086,4.106818698346615,7283060.029501781,0.0,0.008004400879144669,124.93127407017846,0.053722319193184376,1.0,101,100,-0.34864122774441586,-0.7733958341444271,0.113,-0.5421406509999679,-0.7395525485213075,0.113,-0.525672958834066,-0.7524900485334186,0.113,-0.5421406509999679,-0.7395525485213075,0.113,7283059.929501781,7283059.979501781,0.053722319193184376,0.049999999813735485,1,True,616,1,1.868629082412657,21.512223197003618,4.4008791446684126e-06,1,False,,False,,,,,False,False,False,,13.909164428710938,4.044672012329102,12.170255661010742,7.177767276763916,,,3.5833070278167725,True,0.266196664,0.712787611121,3,-1.0,1.0,1.4142135381698608,-0.26619666814804077,0.26619666814804077,0.37645894289016724,-0.11447006464004517,0.26619666814804077,0.28976553678512573,-0.06886876374483109,0.26407554745674133,0.2729080319404602,-0.06886876374483109,0.26407554745674133,0.2729080319404602,-0.06886863708496094,0.26407575607299805,0.27290821075439453,False,False,1.5164995566010475,,,,,,,,,,,2.321699634194374,-1.0,0.657183051109314,1.1966158151626587,-1.0,0.8035808801651001,750.4971313476562,995.5999755859375,750.4971313476562,1030.036376953125,7.829073905944824,9.5,7.329073905944824,9.5,-0.5,0.0,0.5,-0.2772054672241211,0.17910242080688477,0.3300311267375946,0.5544109344482422,4.92327356338501,2.9232735633850098,2.0,1.5,3.0,True,,True,False,-0.3302057096296487,-0.7764463387268836,0.11294034770465392,False,,False,timeout
102,1787741855.223567,5.102032500319183,0.05202919989824295,19.21997651233861,0.05202919989824295,19.21997651233861,0.002032519318163395,True,False,7283060.029501781,7283060.0357331,6.231319159269333,7283060.079501781,0.0,0.008001599460840225,124.9750134200035,0.05174931883811951,1.0,102,101,-0.36368395708565665,-0.7702958335810299,0.113,-0.5585614867952482,-0.7266518602427033,0.113,-0.5421406509999679,-0.7395525485213075,0.113,-0.5585614867952482,-0.7266518602427033,0.113,7283059.979501781,7283060.029501781,0.05174931883811951,0.049999999813735485,1,True,622,1,1.6187989599668162,21.589274324613307,1.5994608402250532e-06,1,False,,True,78,0.04653829988092184,0.06357179954648018,15.730245283820468,False,False,False,,13.840295791625977,4.3087477684021,11.832637786865234,7.367465972900391,,,3.658749580383301,True,0.266196664,0.712787611121,3,-1.0,-0.806464672088623,1.2846732139587402,-0.26619666814804077,-0.21467821300029755,0.34197574853897095,-0.26619666814804077,0.26619666814804077,0.37645894289016724,-0.2095216065645218,0.2655875086784363,0.3382839560508728,-0.2095216065645218,0.2655875086784363,0.3382839560508728,-0.20952129364013672,0.26558732986450195,0.33828359842300415,False,False,1.4084996655583382,,,,,,,,,,,1.6278000548481941,-1.0,0.472120463848114,1.1058471202850342,-1.0,0.657183051109314,699.297119140625,995.5999755859375,699.297119140625,1020.3390502929688,7.329073905944824,9.5,6.829073905944824,9.5,-0.5,0.0,0.5,-0.3376178741455078,0.1896986961364746,0.38726145029067993,0.6752357482910156,4.982949733734131,2.982949733734131,2.0,1.5,3.0,True,,True,False,-0.34787184825039313,-0.77376398900784,0.11298907314164588,False,,False,timeout
103,1787741855.2714977,5.150000900030136,0.047968399710953236,20.847057771903472,0.047968399710953236,20.847057771903472,9.192153811454773e-07,False,False,7283060.079501781,,,7283060.1295017805,,0.008003800176084042,124.94065044103367,0.049792319536209106,0.995846394433999,103,102,-0.3785811149581148,-0.766557717796907,0.113,-0.5749356659200564,-0.7137878268073354,0.113,-0.5585614867952482,-0.7266518602427033,0.113,-0.5749356659200564,-0.7137878268073354,0.113,7283060.029501781,7283060.079501781,0.049792319536209106,0.049999999813735485,1,True,628,1,1.614794430323177,21.94693432322276,3.800176084041429e-06,1,False,,True,79,0.013242499902844429,0.061864799819886684,16.16428086587853,False,False,False,,13.63077449798584,4.574335098266602,11.529600143432617,7.516269207000732,,,3.6152329444885254,True,0.266196664,0.712787611121,3,-1.0,1.0,1.4142135381698608,-0.26619666814804077,0.26619666814804077,0.37645894289016724,-0.26619666814804077,0.26619666814804077,0.37645894289016724,-0.24991880357265472,0.2660216689109802,0.3650026321411133,-0.24991880357265472,0.2660216689109802,0.3650026321411133,-0.24991893768310547,0.266021728515625,0.3650027811527252,False,False,1.0703997686505318,,,,,,,,,,,1.5049995854496956,-1.0,0.3685130774974823,1.0657401084899902,-1.0,0.472120463848114,1129.4310302734375,807.0150756835938,1129.4310302734375,807.0150756835938,11.529600143432617,7.516269207000732,11.029600143432617,7.700525760650635,-0.5,0.18425655364990234,0.5328700542449951,-0.3030376434326172,0.1488032341003418,0.3376006782054901,0.6060752868652344,5.101973533630371,3.101973533630371,2.0,1.5,3.0,False,lag_over_hard_limit,False,False,-0.3629558008804582,-0.7706326018668583,0.11296861511003299,False,,False,timeout
104,1787741855.321564,5.200002499856055,0.050001599825918674,19.99936009010742,0.050001599825918674,19.99936009010742,2.5192275643348694e-06,False,False,7283060.1295017805,7283060.1339888,4.4870199635624886,7283060.17950178,0.0,0.008007500320672989,124.88291725924717,0.09783681947737932,1.0,104,-1,-0.3637182151958504,-0.7704337738667904,0.113,-0.3629558008804582,-0.7706326018668583,0.113,-0.3629558008804582,-0.7706326018668583,0.113,-0.3629558008804582,-0.7706326018668583,0.113,7283060.0831889,7283060.0831889,0.04414970055222511,0.0,1,True,634,2,1.1120365939752748,1.1908119398832713,7.500320672988725e-06,1,False,,True,80,0.001086999662220478,0.08107290044426918,12.334577824650744,False,False,False,,13.380855560302734,4.840356826782227,11.289913177490234,7.624669075012207,,,3.482016086578369,False,0.266196664,0.712787611121,3,-1.0,1.0,1.4142135381698608,-0.26619666814804077,0.26619666814804077,0.37645894289016724,-0.26619666814804077,0.26619666814804077,0.37645894289016724,-0.26152151823043823,0.2661464214324951,0.3731319010257721,-0.26152151823043823,0.2661464214324951,0.3731319010257721,-0.2615213394165039,0.2661466598510742,0.37313196063041687,False,False,1.3300999999046326,,,,,,,,,,,1.6794996336102486,-1.0,0.32937973737716675,1.0528490543365479,-1.0,0.3685130774974823,1129.4310302734375,804.9645385742188,1129.4310302734375,804.9645385742188,11.529600143432617,7.516269207000732,11.029600143432617,7.680959224700928,-0.5,0.1646900177001953,0.5264245271682739,-0.2396869659423828,0.10839986801147461,0.2630596458911896,,0.2630596458911896,0.0,2.0,1.5,3.0,True,,False,False,-0.3745343283236449,-0.7678505314424297,0.11296692406090127,False,,False,timeout
105,1787741855.376252,5.254714599810541,0.05471209995448589,18.277492562557164,0.05471209995448589,18.277492562557164,0.004714619368314743,True,False,7283060.17950178,7283060.1884061,8.904319256544113,7283060.22950178,0.0,0.008005100302398205,124.9203585494632,0.0538879195228219,1.0,105,104,-0.379927357067283,-0.7642490371695633,0.113,-0.38516361472511934,-0.7622795071416419,0.113,-0.3629558008804582,-0.7706326018668583,0.113,-0.38516361472511934,-0.7622795071416419,0.113,7283060.1295017805,7283060.17950178,0.0538879195228219,0.049999999813735485,1,True,640,2,0.8342409095010765,1.391816709989683,5.100302398204637e-06,1,False,,False,,,,,False,False,False,,13.11933422088623,5.106503486633301,11.327404975891113,7.598508358001709,,,3.069380760192871,False,0.266196664,0.712787611121,3,-1.0,1.0,1.4142135381698608,-0.26619666814804077,0.26619666814804077,0.37645894289016724,-0.26619666814804077,-0.21467821300029755,0.34197574853897095,-0.2648538649082184,-0.07657935470342636,0.27570268511772156,-0.2648538649082184,-0.07657936215400696,0.27570268511772156,-0.26485347747802734,-0.07657957077026367,0.2757023870944977,False,False,1.6158996149897575,,,,,,,,,,,2.1813996136188507,-1.0,0.39349377155303955,1.0746335983276367,-1.0,0.32937973737716675,1078.2310791015625,825.5836181640625,1078.2310791015625,825.5836181640625,11.029600143432617,7.680959224700928,10.529600143432617,7.877706050872803,-0.5,0.196746826171875,0.5373167991638184,0.037491798400878906,-0.026160717010498047,0.04571671411395073,-0.08319167047739029,0.3090078830718994,0.0,2.0,1.5,3.0,True,,False,False,-0.37246159232814596,-0.7679648494041258,0.11277442117596671,False,,False,timeout
106,1787741855.4217637,5.30024650041014,0.045531900599598885,21.96262371724517,0.045531900599598885,21.96262371724517,0.00024652015417814255,False,False,7283060.22950178,7283060.2336139,4.112119786441326,7283060.27950178,0.0,0.008005499839782715,124.91412404139678,0.051918319426476955,1.0,106,105,-0.3946092413072156,-0.7597385758997216,0.113,-0.40820734168577344,-0.7557309102283237,0.113,-0.38516361472511934,-0.7622795071416419,0.113,-0.40820734168577344,-0.7557309102283237,0.113,7283060.17950178,7283060.22950178,0.051918319426476955,0.049999999813735485,1,True,646,2,1.9443061377690647,3.361236014470176,5.499839782714677e-06,1,False,,True,81,0.03468760009855032,0.06216149963438511,16.087127979242673,False,False,False,,12.854480743408203,5.029923915863037,11.234373092651367,7.614798545837402,,,3.0506272315979004,False,0.266196664,0.712787611121,3,-1.0,0.33718574047088623,1.0553171634674072,-0.26619666814804077,0.08975771814584732,0.28092190623283386,-0.26619666814804077,0.26619666814804077,0.37645894289016724,-0.26581090688705444,0.16774708032608032,0.31431594491004944,-0.26581090688705444,0.16774708032608032,0.31431594491004944,-0.2658109664916992,0.16774702072143555,0.3143159747123718,False,False,1.1215992271900177,,,,,,,,,,,1.5803994610905647,-1.0,0.40072301030158997,1.0773017406463623,-1.0,0.39349377155303955,1027.031005859375,846.58154296875,1027.031005859375,846.58154296875,10.529600143432617,7.877706050872803,10.029600143432617,8.078067779541016,-0.5,0.2003617286682129,0.5386509299278259,-0.0930318832397461,0.01629018783569336,0.09444735199213028,0.17221814393997192,0.7522135972976685,0.0,2.0,1.5,3.0,True,,False,False,-0.3762000359648607,-0.7659925851612174,0.11285452643957627,False,,False,timeout
107,1787741855.4714463,5.350002800114453,0.04975629970431328,20.097957564021023,0.04975629970431328,20.097957564021023,2.820044755935669e-06,False,False,7283060.27950178,7283060.283446,3.944220021367073,7283060.32950178,0.0,0.008004999719560146,124.92192817402714,0.04995071981102228,0.9990143999420643,107,106,-0.40936412098823644,-0.755469783469479,0.113,-0.4309978701816866,-0.7492542675907825,0.113,-0.40820734168577344,-0.7557309102283237,0.113,-0.4309978701816866,-0.7492542675907825,0.113,7283060.22950178,7283060.27950178,0.04995071981102228,0.049999999813735485,1,True,652,2,1.8565372760179535,4.107417039837196,4.999719560146165e-06,1,False,,True,82,0.006155800074338913,0.06683870032429695,14.961392055023005,False,False,False,,12.588669776916504,5.197670936584473,10.891054153442383,7.730721950531006,,,3.049302577972412,False,0.266196664,0.712787611121,3,-1.0,1.0,1.4142135381698608,-0.26619666814804077,0.26619666814804077,0.37645894289016724,-0.26619666814804077,0.26619666814804077,0.37645894289016724,-0.2660858929157257,0.23792070150375366,0.3569425344467163,-0.2660858929157257,0.23792070150375366,0.3569425344467163,-0.2660856246948242,0.23792076110839844,0.356942355632782,False,False,1.2042997404932976,,,,,,,,,,,1.480800099670887,-1.0,0.3686816990375519,1.0657984018325806,-1.0,0.40072301030158997,975.8310546875,865.900390625,975.8310546875,865.900390625,10.029600143432617,8.078067779541016,9.529600143432617,8.262408256530762,-0.5,0.1843404769897461,0.5328990817070007,-0.3433189392089844,0.11592340469360352,0.362361878156662,0.671685516834259,0.9288445115089417,0.0,2.0,1.5,3.0,True,,False,False,-0.3915440126692311,-0.7606770067879453,0.11295962011695097,False,,False,timeout
108,1787741855.5220997,5.400002900511026,0.050000100396573544,19.99995984145122,0.050000100396573544,19.99995984145122,2.9206275939941406e-06,False,False,7283060.32950178,7283060.3329928,3.491019830107689,7283060.37950178,0.0,0.008029100485146046,124.54695290587217,0.048011720180511475,0.9602344071873814,108,107,-0.4240661762183292,-0.7510231529435643,0.113,-0.4533632042656673,-0.7419269511895545,0.113,-0.4309978701816866,-0.7492542675907825,0.113,-0.4533632042656673,-0.7419269511895545,0.113,7283060.27950178,7283060.32950178,0.048011720180511475,0.049999999813735485,1,True,658,2,1.7712742918260516,4.838847840578102,2.9100485146045518e-05,1,False,,False,,,,,False,False,False,,12.32258415222168,5.435591697692871,10.552659034729004,7.864456653594971,,,3.0053317546844482,False,0.266196664,0.712787611121,3,-1.0,0.8885663747787476,1.3377406597137451,-0.26619666814804077,0.23653340339660645,0.3561021089553833,-0.26619666814804077,0.26619666814804077,0.37645894289016724,-0.26616477966308594,0.258075475692749,0.3707379698753357,-0.26616477966308594,0.258075475692749,0.3707379698753357,-0.26616477966308594,0.2580757141113281,0.37073811888694763,False,False,1.3985000550746918,,,,,,,,,,,1.7344001680612564,-1.0,0.34911584854125977,1.0591892004013062,-1.0,0.3686816990375519,924.6310424804688,884.1940307617188,924.6310424804688,884.1940307617188,9.529600143432617,8.262408256530762,9.029600143432617,8.436965942382812,-0.5,0.17455768585205078,0.5295945405960083,-0.3383951187133789,0.13373470306396484,0.36386293172836304,0.6826160550117493,1.0977317094802856,0.0,2.0,1.5,3.0,True,,False,False,-0.4071123092313794,-0.7561489742066021,0.11318333645734414,False,,False,timeout
109,1787741855.575699,5.452157700434327,0.05215479992330074,19.173690656863947,0.05215479992330074,19.173690656863947,0.002157720737159252,True,False,7283060.37950178,7283060.387115,7.613220252096653,7283060.429501779,0.0,0.008005800656974316,124.90943040517031,0.05404232069849968,1.0,109,108,-0.44116457977076257,-0.745659341630994,0.113,-0.4751687033932459,-0.7349335872953452,0.113,-0.4533632042656673,-0.7419269511895545,0.113,-0.4751687033932459,-0.7349335872953452,0.113,7283060.32950178,7283060.37950178,0.05404232069849968,0.049999999813735485,1,True,665,2,1.9106284262365263,5.476170951557142,5.800656974315477e-06,1,False,,True,83,0.04272390063852072,0.07809009961783886,12.805720634162958,False,False,False,,12.056419372558594,5.693667411804199,10.203472137451172,7.997646331787109,,,2.9566421508789062,False,0.266196664,0.712787611121,3,-1.0,0.2181464433670044,1.023517370223999,-0.26619666814804077,0.058069854974746704,0.27245694398880005,-0.26619666814804077,0.08975771814584732,0.28092190623283386,-0.26618751883506775,0.1381007432937622,0.2998793423175812,-0.26618751883506775,0.1381007432937622,0.2998793423175812,-0.2661876678466797,0.13810062408447266,0.29987940192222595,False,False,1.814199611544609,,,,,,,,,,,2.334500662982464,-1.0,0.3266199827194214,1.0519888401031494,-1.0,0.34911584854125977,873.4310302734375,901.3088989257812,873.4310302734375,901.3088989257812,9.029600143432617,8.436965942382812,8.529600143432617,8.600275993347168,-0.5,0.16331005096435547,0.5259944200515747,-0.34918689727783203,0.13318967819213867,0.3737258017063141,0.7053961753845215,1.2533862590789795,0.0,2.0,1.5,3.0,True,,False,False,-0.42292399042205076,-0.7513448154547436,0.11307991198549416,False,,False,timeout
110,1787741855.6212068,5.500002999790013,0.04784529935568571,20.90069481154087,0.04784529935568571,20.90069481154087,3.020279109477997e-06,False,False,7283060.429501779,7283060.4335287,4.026920534670353,7283060.479501779,0.0,0.00800430029630661,124.9328439690632,0.05206412076950073,1.0,110,109,-0.455759009900932,-0.7408709678221284,0.113,-0.4962651981016856,-0.7273509360564897,0.113,-0.4751687033932459,-0.7349335872953452,0.113,-0.4962651981016856,-0.7273509360564897,0.113,7283060.37950178,7283060.429501779,0.05206412076950073,0.049999999813735485,1,True,671,2,1.8872325612813174,6.157501878118789,4.300296306609941e-06,1,False,,True,84,0.02826519962400198,0.06579350028187037,15.199069751811846,False,False,False,,11.790231704711914,5.831768035888672,9.870950698852539,8.122639656066895,,,2.988600254058838,False,0.266196664,0.712787611121,3,-1.0,1.0,1.4142135381698608,-0.26619666814804077,0.26619666814804077,0.37645894289016724,-0.26619666814804077,0.26619666814804077,0.37645894289016724,-0.26619407534599304,0.22940589487552643,0.3514062464237213,-0.26619407534599304,0.22940589487552643,0.3514062464237213,-0.26619434356689453,0.22940587997436523,0.351406455039978,False,False,1.1032996699213982,,,,,,,,,,,1.5580002218484879,-1.0,0.31030863523483276,1.0470393896102905,-1.0,0.3266199827194214,822.2310791015625,917.5690307617188,822.2310791015625,917.5690307617188,8.529600143432617,8.600275993347168,8.029600143432617,8.755430221557617,-0.5,0.15515422821044922,0.5235196352005005,-0.3325214385986328,0.12499332427978516,0.3552377223968506,0.6747145652770996,1.4238531589508057,0.0,2.0,1.5,3.0,True,,False,False,-0.4378222629140995,-0.7467391945690599,0.11304118753447694,False,,False,timeout
111,1787741855.6707993,5.550002699717879,0.04999969992786646,20.000120029573768,0.04999969992786646,20.000120029573768,2.7203932404518127e-06,False,False,7283060.479501779,7283060.4828408,3.339020535349846,7283060.529501779,0.0,0.008266599848866463,120.96871970125935,0.0503713209182024,1.0,111,110,-0.47028024686271447,-0.7358649939472716,0.113,-0.5169262295739915,-0.7195086922582016,0.113,-0.4962651981016856,-0.7273509360564897,0.113,-0.5169262295739915,-0.7195086922582016,0.113,7283060.429501779,7283060.479501779,0.0503713209182024,0.049999999813735485,1,True,677,2,1.886677594324174,6.8297196549898205,0.00026659984886646254,1,False,,False,,,,,False,False,False,,11.52403736114502,6.061173915863037,9.539652824401855,8.243061065673828,,,2.949307441711426,False,0.266196664,0.712787611121,3,-0.1407608985900879,1.0,1.009858250617981,-0.03747008368372917,0.26619666814804077,0.2688209116458893,-0.26619666814804077,0.23653340339660645,0.3561021089553833,-0.26619601249694824,0.23448629677295685,0.35474517941474915,-0.26619601249694824,0.23448629677295685,0.35474517941474915,-0.26619625091552734,0.23448610305786133,0.3547452390193939,False,False,1.12839974462986,,,,,,,,,,,1.938600093126297,-1.0,0.2957398295402527,1.0428144931793213,-1.0,0.31030863523483276,771.0310668945312,933.06591796875,771.0310668945312,933.06591796875,8.029600143432617,8.755430221557617,7.529600143432617,8.903300285339355,-0.5,0.14787006378173828,0.5214072465896606,-0.3312978744506836,0.1204214096069336,0.35250476002693176,0.6725687980651855,1.5946100950241089,0.0,2.0,1.5,3.0,True,,False,False,-0.45245261209715354,-0.7420399970672821,0.11300310259714777,False,,False,timeout
112,1787741855.7265458,5.6040425999090075,0.054039900191128254,18.504845428344634,0.054039900191128254,18.504845428344634,0.004042620770633221,True,False,7283060.529501779,7283060.5388442,9.342420846223831,7283060.579501779,0.0,0.008002699352800846,124.95783683914257,0.056410220451653004,1.0,112,111,-0.4871566274210194,-0.729839020315569,0.113,-0.5374041899900539,-0.7117359361743771,0.113,-0.5169262295739915,-0.7195086922582016,0.113,-0.5374041899900539,-0.7117359361743771,0.113,7283060.479501779,7283060.529501779,0.056410220451653004,0.049999999813735485,1,True,684,2,1.8914960395422202,7.232405816814033,2.6993528008459333e-06,1,False,,True,85,0.05024449992924929,0.062096799723804,16.103889482997996,False,False,False,,11.257841110229492,6.295660018920898,9.148818016052246,8.376420974731445,,,2.9626920223236084,False,0.266196664,0.712787611121,3,-1.0,1.0,1.4142135381698608,-0.26619666814804077,0.26619666814804077,0.37645894289016724,-0.26619666814804077,0.058069854974746704,0.27245694398880005,-0.2661965489387512,0.10873879492282867,0.28754952549934387,-0.2661965489387512,0.10873879492282867,0.28754952549934387,-0.26619625091552734,0.10873889923095703,0.28754928708076477,False,False,1.4487998560070992,,,,,,,,,,,2.206699922680855,-1.0,0.2725098431110382,1.0364660024642944,-1.0,0.2957398295402527,719.8310546875,947.3453979492188,719.8310546875,947.3453979492188,7.529600143432617,8.903300285339355,7.029600143432617,9.039555549621582,-0.5,0.13625526428222656,0.518233060836792,-0.3908348083496094,0.1333599090576172,0.4129609167575836,0.7913373112678528,1.7027825117111206,0.0,2.0,1.5,3.0,True,,False,False,-0.4693561947611635,-0.7362356584277755,0.11294216624001008,False,,False,timeout
113,1787741855.77166,5.650134200230241,0.04609160032123327,21.695927089329647,0.04609160032123327,21.695927089329647,0.00013422127813100815,False,False,7283060.579501779,7283060.5836546,4.152821376919746,7283060.629501779,0.0,0.008002500049769878,124.96094892604921,0.04643202107399702,0.9286404249393956,113,112,-0.49914700912690163,-0.7253592483164127,0.113,-0.5575651597240007,-0.7031176384922768,0.113,-0.5374041899900539,-0.7117359361743771,0.113,-0.5575651597240007,-0.7031176384922768,0.113,7283060.529501779,7283060.579501779,0.04643202107399702,0.049999999813735485,1,True,689,2,1.6169704582624518,7.867780748357264,2.500049769878221e-06,1,False,,True,87,0.006480799987912178,0.062179300002753735,16.082522639459,False,False,False,,10.991644859313965,6.4043989181518555,8.80474853515625,8.487907409667969,,,3.020517110824585,False,0.266196664,0.712787611121,3,-1.0,1.0,1.4142135381698608,-0.26619666814804077,0.26619666814804077,0.37645894289016724,-0.26619666814804077,0.26619666814804077,0.37645894289016724,-0.2661965489387512,0.22097285091876984,0.3459618389606476,-0.2661965489387512,0.22097285091876984,0.3459618389606476,-0.26619625091552734,0.22097301483154297,0.3459617495536804,False,False,1.0999003425240517,,,,,,,,,,,1.557299867272377,-1.0,0.24839608371257782,1.030388593673706,-1.0,0.2725098431110382,668.6310424804688,960.361328125,668.6310424804688,960.361328125,7.029600143432617,9.039555549621582,6.529600143432617,9.163753509521484,-0.5,0.12419795989990234,0.515194296836853,-0.3440694808959961,0.11148643493652344,0.3616808354854584,0.6971310377120972,1.8588887453079224,0.0,2.0,1.5,3.0,True,,False,False,-0.48397759921877526,-0.7309575564960658,0.11291459008127899,False,,False,timeout
114,1787741855.8206518,5.70000210031867,0.04986790008842945,20.05297993752947,0.04986790008842945,20.05297993752947,2.12155282497406e-06,False,False,7283060.629501779,7283060.6323661,2.864321693778038,7283060.679501778,0.0,0.008000499568879604,124.99219472366532,0.052446020767092705,1.0,114,113,-0.5158371129337099,-0.7188354271111622,0.113,-0.5770147504023789,-0.6944913885868349,0.113,-0.5575651597240007,-0.7031176384922768,0.113,-0.5770147504023789,-0.6944913885868349,0.113,7283060.579501779,7283060.629501779,0.052446020767092705,0.049999999813735485,1,True,696,2,1.8848525610893265,8.469102961178564,4.995688796041731e-07,1,False,,False,,,,,False,False,False,,10.725448608398438,6.625371932983398,8.464473724365234,8.59533405303955,,,2.9987926483154297,False,0.266196664,0.712787611121,3,-1.0,1.0,1.4142135381698608,-0.26619666814804077,0.26619666814804077,0.37645894289016724,-0.03747008368372917,0.26619666814804077,0.2688209116458893,-0.10316307842731476,0.25320786237716675,0.2734169661998749,-0.10316307842731476,0.25320786237716675,0.2734169661998749,-0.10316276550292969,0.2532076835632324,0.2734166979789734,False,False,1.1688992381095886,,,,,,,,,,,1.4409003779292107,-1.0,0.21760229766368866,1.0234016180038452,-1.0,0.24839608371257782,617.4310302734375,971.763671875,617.4310302734375,971.763671875,6.529600143432617,9.163753509521484,6.029600143432617,9.272554397583008,-0.5,0.10880088806152344,0.5117007493972778,-0.3402748107910156,0.10742664337158203,0.3568297028541565,0.6912667751312256,2.0166399478912354,0.01663994789123535,2.0,1.5,3.0,True,,False,False,-0.49827300171527156,-0.7256729611461035,0.11286945065359534,False,,False,timeout
115,1787741855.8732636,5.750003299675882,0.05000119935721159,19.99952026862275,0.05000119935721159,19.99952026862275,3.3210963010787964e-06,False,False,7283060.679501778,7283060.6836369,4.135121591389179,7283060.729501778,0.0,0.008000600151717663,124.99062333283938,0.05047372169792652,1.0,115,114,-0.5300361476288098,-0.712977879819413,0.113,-0.5958727194148647,-0.6852691230417738,0.113,-0.5770147504023789,-0.6944913885868349,0.113,-0.5958727194148647,-0.6852691230417738,0.113,7283060.629501779,7283060.679501778,0.05047372169792652,0.049999999813735485,1,True,702,2,1.8807863302754941,9.023700518719796,6.001517176626447e-07,1,False,,False,,,,,False,False,False,,10.622285842895508,6.878579616546631,8.117152214050293,8.699894905090332,,,3.097238063812256,False,0.266196664,0.712787611121,3,-1.0,1.0,1.4142135381698608,-0.26619666814804077,0.26619666814804077,0.37645894289016724,-0.26619666814804077,0.26619666814804077,0.37645894289016724,-0.21937131881713867,0.26246607303619385,0.34207049012184143,-0.21937131881713867,0.26246607303619385,0.34207049012184143,-0.21937179565429688,0.2624659538269043,0.34207069873809814,False,False,1.7410004511475563,,,,,,,,,,,2.025200054049492,-1.0,0.15968993306159973,1.0126701593399048,-1.0,0.21760229766368866,566.2310791015625,980.1315307617188,566.2310791015625,980.1315307617188,6.029600143432617,9.272554397583008,5.529600143432617,9.352399826049805,-0.5,0.07984542846679688,0.5063351392745972,-0.3473215103149414,0.10456085205078125,0.36271917819976807,0.7066863179206848,2.1646738052368164,0.1646738052368164,2.0,1.5,3.0,True,,False,False,-0.512644368958936,-0.7201366605227039,0.11288331428782043,False,,False,timeout
116,1787741855.9249258,5.802393300458789,0.05239000078290701,19.087611854479384,0.05239000078290701,19.087611854479384,0.002393322065472603,True,False,7283060.729501778,7283060.7364276,6.925821304321289,7283060.779501778,0.0,0.008011000230908394,124.82835740557789,0.049034821800887585,0.9806964396711306,116,115,-0.5441095537489987,-0.7068248269444644,0.113,-0.6141660255113779,-0.6754468097371673,0.113,-0.5958727194148647,-0.6852691230417738,0.113,-0.6141660255113779,-0.6754468097371673,0.113,7283060.679501778,7283060.729501778,0.049034821800887585,0.049999999813735485,1,True,708,2,1.6698361007974256,9.34604511097967,1.1000230908393693e-05,1,False,,True,89,0.008270200341939926,0.12311150040477514,8.122717997198682,False,False,False,,10.402914047241211,7.141045570373535,7.718554496765137,8.81127643585205,,,3.1615593433380127,False,0.266196664,0.712787611121,3,-1.0,1.0,1.4142135381698608,-0.26619666814804077,0.26619666814804077,0.37645894289016724,-0.26619666814804077,0.26619666814804077,0.37645894289016724,-0.2527479827404022,0.2651251554489136,0.3662961721420288,-0.2527479827404022,0.2651251554489136,0.3662961721420288,-0.2527475357055664,0.2651252746582031,0.3662959635257721,False,False,1.3496000319719315,,,,,,,,,,,1.962999813258648,-1.0,0.12082637846469879,1.0072730779647827,-1.0,0.15968993306159973,515.0310668945312,986.4627685546875,515.0310668945312,986.4627685546875,5.529600143432617,9.352399826049805,5.029600143432617,9.412813186645508,-0.5,0.060413360595703125,0.5036365389823914,-0.39859771728515625,0.11138153076171875,0.41386711597442627,0.8120602369308472,2.254847288131714,0.25484728813171387,2.0,1.5,3.0,True,,False,False,-0.5288149680314052,-0.7135263663371134,0.11298333120908077,False,,False,timeout
117,1787741855.9714894,5.850002800114453,0.04760949965566397,21.00421149628765,0.04760949965566397,21.00421149628765,2.8219074010849e-06,False,False,7283060.779501778,7283060.7834403,3.9385221898555756,7283060.829501778,0.0,0.00800000037997961,124.99999406281887,0.04708282183855772,0.941656440279098,117,116,-0.5580209476899428,-0.7003142177117133,0.113,-0.6317063842750383,-0.6646861547870714,0.113,-0.6141660255113779,-0.6754468097371673,0.113,-0.6317063842750383,-0.6646861547870714,0.113,7283060.729501778,7283060.779501778,0.04708282183855772,0.049999999813735485,1,True,714,2,1.814358819638312,9.998819629865487,3.799796102765818e-10,1,False,,True,90,0.023108200170099735,0.027373599819839,36.53154888584477,False,False,False,,10.150166511535645,7.406170845031738,7.397370338439941,8.892359733581543,,,3.128361225128174,False,0.266196664,0.712787611121,3,-1.0,1.0,1.4142135381698608,-0.26619666814804077,0.26619666814804077,0.37645894289016724,-0.26619666814804077,0.26619666814804077,0.37645894289016724,-0.2623339295387268,0.2658889591693878,0.3735184371471405,-0.2623339295387268,0.2658889591693878,0.3735184371471405,-0.26233386993408203,0.26588916778564453,0.37351855635643005,False,False,1.150599680840969,,,,,,,,,,,1.4591999351978302,-0.9647595882415771,0.0979626327753067,0.9697204232215881,-1.0,0.12082637846469879,465.6353454589844,991.5960693359375,465.6353454589844,991.5960693359375,5.029600143432617,9.412813186645508,4.547220230102539,9.46179485321045,-0.4823799133300781,0.048981666564941406,0.4848603904247284,-0.3211841583251953,0.08108329772949219,0.33126088976860046,0.6524373888969421,2.42429518699646,0.42429518699645996,2.0,1.5,3.0,True,,False,False,-0.5415539952011234,-0.7079317804225845,0.11295520360684486,False,,False,timeout
118,1787741856.0211132,5.900002900511026,0.050000100396573544,19.99995984145122,0.050000100396573544,19.99995984145122,2.9224902391433716e-06,False,False,7283060.829501778,7283060.8336302,4.1284216567873955,7283060.879501778,0.0,0.008010799996554852,124.83147755905316,0.05313142202794552,1.0,118,117,-0.5740367125595381,-0.6922765824656233,0.113,-0.6486319199487135,-0.6538940840721706,0.113,-0.6317063842750383,-0.6646861547870714,0.113,-0.6486319199487135,-0.6538940840721706,0.113,7283060.779501778,7283060.829501778,0.05313142202794552,0.049999999813735485,1,True,721,2,2.1405178838536933,10.52944698649476,1.0799996554851365e-05,1,False,,True,91,0.0076639000326395035,0.03253920003771782,30.7321630169411,False,False,False,,9.887832641601562,7.672060012817383,7.056185722351074,8.972723007202148,,,3.116079092025757,False,0.266196664,0.712787611121,3,-1.0,0.35512876510620117,1.0611863136291504,-0.26619666814804077,0.09453409165143967,0.2824842631816864,-0.26619666814804077,0.26619666814804077,0.37645894289016724,-0.26508721709251404,0.26610833406448364,0.37561267614364624,-0.26508721709251404,0.26610833406448364,0.37561267614364624,-0.2650871276855469,0.26610851287841797,0.375612735748291,False,False,1.1427002027630806,,,,,,,,,,,1.5974994748830795,-0.9234147667884827,0.06202105060219765,0.9254952073097229,-0.9647595882415771,0.0979626327753067,418.35650634765625,994.8460083007812,418.35650634765625,994.8460083007812,4.547220230102539,9.46179485321045,4.085512638092041,9.492805480957031,-0.46170759201049805,0.03101062774658203,0.46274784207344055,-0.3411846160888672,0.08036327362060547,0.3505213260650635,0.7168200016021729,2.5561883449554443,0.5561883449554443,2.0,1.5,3.0,True,,False,False,-0.554876484296144,-0.7018194754959327,0.1129770518747241,False,,False,timeout
119,1787741856.075829,5.954290299676359,0.05428739916533232,18.420480910395046,0.05428739916533232,18.420480910395046,0.004290321841835976,True,False,7283060.879501778,7283060.8878298,8.328022435307503,7283060.9295017775,0.0,0.008005700074136257,124.91099975512023,0.05116192251443863,1.0,119,118,-0.5875815175051554,-0.6850337862180281,0.113,-0.6641194731769515,-0.6432243916277122,0.113,-0.6486319199487135,-0.6538940840721706,0.113,-0.6641194731769515,-0.6432243916277122,0.113,7283060.829501778,7283060.879501778,0.05116192251443863,0.049999999813735485,1,True,727,2,1.9002055623056329,10.621292159224293,5.700074136257005e-06,1,False,,False,,,,,False,False,False,,9.622745513916016,7.938168525695801,6.638407230377197,9.058481216430664,,,3.1876912117004395,False,0.266196664,0.712787611121,3,-1.0,0.6438937187194824,1.1893692016601562,-0.26619666814804077,0.17140236496925354,0.3166061341762543,-0.26619666814804077,0.26619666814804077,0.37645894289016724,-0.26587799191474915,0.26617133617401123,0.37621575593948364,-0.26587799191474915,0.26617133617401123,0.37621575593948364,-0.26587772369384766,0.2661714553833008,0.3762156367301941,False,False,1.518099568784237,,,,,,,,,,,2.1924003958702087,-0.8609710335731506,-0.004030119627714157,0.8609804511070251,-0.9234147667884827,0.06202105060219765,374.2747802734375,994.6348876953125,374.2747802734375,994.6348876953125,4.085512638092041,9.492805480957031,3.655027151107788,9.490790367126465,-0.43048548698425293,-0.0020151138305664062,0.4304902255535126,-0.41777849197387695,0.08575820922851562,0.42648956179618835,0.9132108688354492,2.5895769596099854,0.5895769596099854,2.0,1.5,3.0,True,,False,False,-0.5707961361953712,-0.6939383030961461,0.11280334966518124,False,,False,timeout
120,1787741856.121419,6.000003499910235,0.045713200233876705,21.875519431670188,0.045713200233876705,21.875519431670188,3.5222619771957397e-06,False,False,7283060.9295017775,7283060.933506,4.0042223408818245,7283060.979501777,0.0,0.008002600632607937,124.95937832075894,0.04945982247591019,0.9891964532032477,120,119,-0.6009268368619718,-0.6774300209380356,0.113,-0.6779937888464475,-0.6323249289996513,0.113,-0.6641194731769515,-0.6432243916277122,0.113,-0.6779937888464475,-0.6323249289996513,0.113,7283060.879501778,7283060.9295017775,0.04945982247591019,0.049999999813735485,1,True,733,2,1.872496112365513,10.801785345855407,2.6006326079366926e-06,1,False,,True,92,0.031556000001728535,0.06544679962098598,15.279585950591583,False,False,False,,9.356867790222168,8.204339981079102,6.2674455642700195,9.124436378479004,,,3.2235240936279297,False,0.266196664,0.712787611121,3,-1.0,-0.42376768589019775,1.086084246635437,-0.26619666814804077,-0.11280554533004761,0.28911203145980835,-0.26619666814804077,0.26619666814804077,0.37645894289016724,-0.266105055809021,0.26618942618370056,0.3763890266418457,-0.266105055809021,0.26618942618370056,0.3763890266418457,-0.26610469818115234,0.2661895751953125,0.37638890743255615,False,False,1.1635003611445427,,,,,,,,,,,1.7100004479289055,-0.811953067779541,-0.07243266701698303,0.8151774406433105,-0.8609710335731506,-0.004030119627714157,332.7027893066406,990.83935546875,332.7027893066406,990.83935546875,3.655027151107788,9.490790367126465,3.2490506172180176,9.454573631286621,-0.4059765338897705,-0.03621673583984375,0.40758875012397766,-0.37096166610717773,0.06595516204833984,0.3767792880535126,0.8609925508499146,2.6379811763763428,0.6379811763763428,2.0,1.5,3.0,True,,False,False,-0.5846156799804348,-0.6866235040429509,0.11277594940767155,False,,False,timeout
121,1787741856.1710174,6.050002899952233,0.04999940004199743,20.000239986080658,0.04999940004199743,20.000239986080658,2.9224902391433716e-06,False,False,7283060.979501777,7283060.9834511,3.9493227377533913,7283061.029501777,0.0,0.008004100061953068,124.93596934818824,0.04750922229140997,0.9501844493679122,121,120,-0.6140085898687926,-0.6693819654041033,0.113,-0.6903997156858309,-0.6205898322271779,0.113,-0.6779937888464475,-0.6323249289996513,0.113,-0.6903997156858309,-0.6205898322271779,0.113,7283060.9295017775,7283060.979501777,0.04750922229140997,0.049999999813735485,1,True,739,2,1.866464946200582,10.930533141921579,4.100061953067613e-06,1,False,,True,93,0.014753799885511398,0.0763127002865076,13.103978711873783,False,False,False,,9.090763092041016,8.470529556274414,5.8992133140563965,9.182011604309082,,,3.269892454147339,False,0.266196664,0.712787611121,3,-1.0,0.41798821091651917,1.0838422775268555,-0.26619666814804077,0.11126706749200821,0.28851521015167236,-0.26619666814804077,0.09453409165143967,0.2824842631816864,-0.2661702632904053,0.14383567869663239,0.30254805088043213,-0.2661702632904053,0.14383567869663239,0.30254805088043213,-0.2661705017089844,0.14383602142333984,0.3025484085083008,False,False,1.1378005146980286,,,,,,,,,,,1.519700512290001,-0.7643522620201111,-0.15972132980823517,0.7808618545532227,-0.811953067779541,-0.07243266701698303,293.56793212890625,982.4699096679688,293.56793212890625,982.4699096679688,3.2490506172180176,9.454573631286621,2.8668744564056396,9.374712944030762,-0.38217616081237793,-0.07986068725585938,0.3904309868812561,-0.36823225021362305,0.057575225830078125,0.37270620465278625,0.8873153924942017,2.664141893386841,0.6641418933868408,2.0,1.5,3.0,True,,False,False,-0.5980865151194494,-0.6791212356593991,0.11294264051782942,False,,False,timeout
122,1787741856.2216904,6.100002800114453,0.04999990016222,20.00003993519174,0.04999990016222,20.00003993519174,2.8228387236595154e-06,False,False,7283061.029501777,7283061.0334482,3.9464225992560387,7283061.079501777,0.0,0.008012000471353531,124.81277348590346,0.05356752313673496,1.0,122,121,-0.6288337136855741,-0.6593183332012672,0.113,-0.7010541198644835,-0.6082392280994605,0.113,-0.6903997156858309,-0.6205898322271779,0.113,-0.7010541198644835,-0.6082392280994605,0.113,7283060.979501777,7283061.029501777,0.05356752313673496,0.049999999813735485,1,True,746,2,2.117530385388004,10.962930046778421,1.2000471353530717e-05,1,False,,False,,,,,False,False,False,,8.824592590332031,8.614365577697754,5.528924942016602,9.226985931396484,,,3.3521230220794678,False,0.266196664,0.712787611121,3,-1.0,1.0,1.4142135381698608,-0.26619666814804077,0.26619666814804077,0.37645894289016724,-0.26619666814804077,0.17140236496925354,0.3166061341762543,-0.2661891579627991,0.16348497569561005,0.31238439679145813,-0.2661891579627991,0.16348497569561005,0.31238439679145813,-0.2661895751953125,0.1634845733642578,0.31238454580307007,False,False,1.7093997448682785,,,,,,,,,,,1.9541997462511063,-0.6906952261924744,-0.257176011800766,0.7370206117630005,-0.7643522620201111,-0.15972132980823517,258.204345703125,968.9939575195312,258.204345703125,968.9939575195312,2.8668744564056396,9.374712944030762,2.52152681350708,9.246125221252441,-0.34534764289855957,-0.1285877227783203,0.36851024627685547,-0.3702883720397949,0.044974327087402344,0.373009592294693,0.9047954082489014,2.6661462783813477,0.6661462783813477,2.0,1.5,3.0,True,,False,False,-0.6112778739854724,-0.6711582844962868,0.11296076914421697,False,,False,timeout
123,1787741856.2753382,6.151794000528753,0.051791200414299965,19.3082993249929,0.051791200414299965,19.3082993249929,0.0017940234392881393,True,False,7283061.079501777,7283061.0868152,7.313422858715057,7283061.129501777,0.0,0.008012799546122551,124.80032655801391,0.05160412285476923,1.0,123,122,-0.6410001665847984,-0.6499459478921642,0.113,-0.7092693844205668,-0.5947999969624236,0.113,-0.7010541198644835,-0.6082392280994605,0.113,-0.7092693844205668,-0.5947999969624236,0.113,7283061.029501777,7283061.079501777,0.05160412285476923,0.049999999813735485,1,True,752,2,1.8752275942675949,10.650658172032264,1.2799546122550798e-05,1,False,,True,94,0.04076809994876385,0.06660609971731901,15.013639955560686,False,False,False,,8.558403015136719,8.777850151062012,5.099583148956299,9.261615753173828,,,3.4924867153167725,False,0.266196664,0.712787611121,3,-1.0,-0.32502299547195435,1.0514941215515137,-0.26619666814804077,-0.08652003854513168,0.27990424633026123,-0.26619666814804077,-0.11280554533004761,0.28911203145980835,-0.2661946415901184,-0.03345160186290741,0.2682882845401764,-0.2661946415901184,-0.03345160186290741,0.2682882845401764,-0.26619434356689453,-0.03345203399658203,0.2682880461215973,False,False,1.8271999433636665,,,,,,,,,,,1.9642999395728111,-0.6156589984893799,-0.38565167784690857,0.7264731526374817,-0.6906952261924744,-0.257176011800766,226.6826171875,948.7857666015625,226.6826171875,948.7857666015625,2.52152681350708,9.246125221252441,2.2136974334716797,9.053298950195312,-0.3078293800354004,-0.1928262710571289,0.3632366955280304,-0.42934179306030273,0.03462982177734375,0.43073612451553345,1.0590531826019287,2.5781028270721436,0.5781028270721436,2.0,1.5,3.0,True,,False,False,-0.6261141809382619,-0.6613496219067798,0.11289274642312747,False,,False,timeout
124,1787741856.3208814,6.200001100078225,0.04820709954947233,20.743832533914517,0.04820709954947233,20.743832533914517,1.123175024986267e-06,False,False,7283061.129501777,7283061.1333203,3.8185231387615204,7283061.179501777,0.0,0.008027699775993824,124.56868441822124,0.04964492283761501,0.9928984604511353,124,123,-0.6524643399134603,-0.6397287078238473,0.113,-0.7153789659460796,-0.5799709958858759,0.113,-0.7092693844205668,-0.5947999969624236,0.113,-0.7153789659460796,-0.5799709958858759,0.113,7283061.079501777,7283061.129501777,0.04964492283761501,0.049999999813735485,1,True,758,2,1.8742973565023417,10.550559837453934,2.769977599382384e-05,1,False,,True,95,0.02387579996138811,0.07598379999399185,13.160700044997373,False,False,False,,8.292208671569824,8.74439811706543,4.728063106536865,9.27146053314209,,,3.602905511856079,True,0.266196664,0.712787611121,3,-1.0,1.0,1.4142135381698608,-0.26619666814804077,0.26619666814804077,0.37645894289016724,-0.26619666814804077,0.11126706749200821,0.28851521015167236,-0.26619601249694824,0.06970195472240448,0.2751702666282654,-0.26619601249694824,0.06970195472240448,0.2751702666282654,-0.26619625091552734,0.0697021484375,0.27517056465148926,False,False,1.0865991935133934,,,,,,,,,,,1.4834003522992134,-0.5440886616706848,-0.4660431146621704,0.7163997888565063,-0.6156589984893799,-0.38565167784690857,198.8252716064453,924.3650512695312,198.8252716064453,924.3650512695312,2.2136974334716797,9.053298950195312,1.9416531324386597,8.820277214050293,-0.27204430103302,-0.23302173614501953,0.35819998383522034,-0.3715200424194336,0.009844779968261719,0.37165045738220215,0.8524002432823181,2.5238125324249268,0.5238125324249268,2.0,1.5,3.0,True,,False,False,-0.6384585348719173,-0.652183652166602,0.11289586251233936,False,,False,timeout
125,1787741856.371527,6.250002300366759,0.050001200288534164,19.999519896111597,0.050001200288534164,19.999519896111597,2.323649823665619e-06,False,False,7283061.179501777,7283061.1833411,3.8393232971429825,7283061.229501776,0.0,0.008005499839782715,124.91412404139678,0.04767792299389839,0.95355846343025,125,124,-0.6630562645181077,-0.6286109372560266,0.113,-0.7194668763794435,-0.5646401979336758,0.113,-0.7153789659460796,-0.5799709958858759,0.113,-0.7194668763794435,-0.5646401979336758,0.113,7283061.129501777,7283061.179501777,0.04767792299389839,0.049999999813735485,1,True,764,2,1.8692036673837547,10.397039319475992,5.499839782714677e-06,1,False,,True,96,0.010765500366687775,0.06488340068608522,15.412262449653909,False,False,False,,8.026012420654297,8.81410026550293,4.3575663566589355,9.255216598510742,,,3.6948721408843994,True,0.266196664,0.712787611121,3,-1.0,-0.41989484429359436,1.0845791101455688,-0.26619666814804077,-0.11177460849285126,0.2887113392353058,-0.26619666814804077,0.26619666814804077,0.37645894289016724,-0.2661965489387512,0.20976100862026215,0.33891043066978455,-0.2661965489387512,0.20976100862026215,0.33891043066978455,-0.26619672775268555,0.2097606658935547,0.33891037106513977,False,False,1.0895999148488045,,,,,,,,,,,1.4848997816443443,-0.49433326721191406,-0.585290253162384,0.7661135792732239,-0.5440886616706848,-0.4660431146621704,173.51541137695312,893.69580078125,173.51541137695312,893.69580078125,1.9416531324386597,8.820277214050293,1.6944864988327026,8.527631759643555,-0.24716663360595703,-0.2926454544067383,0.3830570578575134,-0.3704967498779297,-0.016243934631347656,0.37085267901420593,0.8150493502616882,2.454752206802368,0.45475220680236816,2.0,1.5,3.0,True,,False,False,-0.6501635896559712,-0.6421442375537514,0.11285524860303864,False,,False,timeout
126,1787741856.4261985,6.30366890039295,0.05366660002619028,18.633563510861165,0.05366660002619028,18.633563510861165,0.0036689238622784615,True,False,7283061.229501776,7283061.237831,8.329223841428757,7283061.279501776,0.0,0.008338499814271927,119.92564877058939,0.05425752326846123,1.0,126,125,-0.6740057670533118,-0.6144373003452005,0.113,-0.7212431419611172,-0.5474433998655122,0.113,-0.7194668763794435,-0.5646401979336758,0.113,-0.7212431419611172,-0.5474433998655122,0.113,7283061.179501777,7283061.229501776,0.05425752326846123,0.049999999813735485,1,True,771,2,1.8789294163053476,10.075151370524212,0.0003384998142719267,1,False,,False,,,,,False,False,False,,7.759815692901611,9.023860931396484,3.9359686374664307,9.19908618927002,,,3.82785964012146,True,0.266196664,0.712787611121,3,-1.0,-0.6252748966217041,1.1793934106826782,-0.26619666814804077,-0.16644608974456787,0.3139505684375763,-0.26619666814804077,-0.08652003854513168,0.27990424633026123,-0.26619669795036316,-0.0014245472848415375,0.2662005126476288,-0.26619669795036316,-0.001424551010131836,0.2662005126476288,-0.26619672775268555,-0.0014247894287109375,0.26620054244995117,False,False,1.8926998600363731,,,,,,,,,,,2.347400411963463,-0.4797394275665283,-0.7380810976028442,0.880291759967804,-0.49433326721191406,-0.585290253162384,148.95277404785156,855.0203857421875,148.95277404785156,855.0203857421875,1.6944864988327026,8.527631759643555,1.4546167850494385,8.158591270446777,-0.23986971378326416,-0.36904048919677734,0.4401458501815796,-0.4215977191925049,-0.056130409240722656,0.4253178536891937,0.8221152424812317,2.3398919105529785,0.3398919105529785,2.0,1.5,3.0,True,,False,False,-0.6626411546142688,-0.6293984290285998,0.11278139584891794,False,,False,timeout
127,1787741856.4717178,6.350002200342715,0.046333299949765205,21.582749363507563,0.046333299949765205,21.582749363507563,2.2239983081817627e-06,False,False,7283061.279501776,7283061.283366,3.8642240688204765,7283061.329501776,0.0,0.008005400188267231,124.9156789769994,0.05228142347186804,1.0,127,126,-0.6818470683850435,-0.6012378204246566,0.113,-0.7216396650913267,-0.527532590193865,0.113,-0.7212431419611172,-0.5474433998655122,0.113,-0.7216396650913267,-0.527532590193865,0.113,7283061.229501776,7283061.279501776,0.05228142347186804,0.049999999813735485,1,True,777,2,1.8759029704924868,10.25072606183921,5.400188267230821e-06,1,False,,True,97,0.030920100398361683,0.06311520002782345,15.84404390002985,False,False,False,,7.493618965148926,9.022436141967773,3.5826995372772217,9.114487648010254,,,3.9120025634765625,True,0.266196664,0.712787611121,3,-1.0,-1.0,1.4142135381698608,-0.26619666814804077,-0.26619666814804077,0.37645894289016724,-0.26619666814804077,0.26619666814804077,0.37645894289016724,-0.26619669795036316,0.18933247029781342,0.326661080121994,-0.26619669795036316,0.18933247029781342,0.326661080121994,-0.26619672775268555,0.1893320083618164,0.3266608417034149,False,False,1.20449997484684,,,,,,,,,,,1.5588998794555664,-0.45770037174224854,-0.8369870185852051,0.9539585709571838,-0.4797394275665283,-0.7380810976028442,125.51850891113281,811.1622314453125,125.51850891113281,811.1622314453125,1.4546167850494385,8.158591270446777,1.225766658782959,7.740097999572754,-0.2288501262664795,-0.41849327087402344,0.47697901725769043,-0.353269100189209,-0.08459854125976562,0.36325743794441223,0.5985641479492188,2.3329110145568848,0.33291101455688477,2.0,1.5,3.0,True,,False,False,-0.6722816984199325,-0.6173741498400145,0.11284583807259899,False,,False,timeout
128,1787741856.5213263,6.400002299807966,0.05000009946525097,19.99996021397876,0.05000009946525097,19.99996021397876,2.323649823665619e-06,False,False,7283061.329501776,7283061.3333697,3.867924213409424,7283061.379501776,0.0,0.008001499809324741,124.9765698718915,0.050586423836648464,1.0,128,127,-0.6880956911127233,-0.5872146563669558,0.113,-0.720188398453626,-0.5056483647003928,0.113,-0.7216396650913267,-0.527532590193865,0.113,-0.720188398453626,-0.5056483647003928,0.113,7283061.279501776,7283061.329501776,0.050586423836648464,0.049999999813735485,1,True,783,2,1.884344813843582,10.648489679239672,1.499809324741197e-06,1,False,,True,98,0.017254799604415894,0.0800433000549674,12.493238026334236,False,False,False,,7.22742223739624,9.21176815032959,3.2480807304382324,8.992952346801758,,,3.9853532314300537,True,0.266196664,0.712787611121,3,-1.0,-1.0,1.4142135381698608,-0.26619666814804077,-0.26619666814804077,0.37645894289016724,-0.26619666814804077,-0.11177460849285126,0.2887113392353058,-0.26619669795036316,-0.025293059647083282,0.26739561557769775,-0.26619669795036316,-0.025293052196502686,0.26739561557769775,-0.26619672775268555,-0.025293350219726562,0.26739567518234253,False,False,1.087700016796589,,,,,,,,,,,1.5516998246312141,-0.43194860219955444,-0.9780740737915039,1.069209337234497,-0.45770037174224854,-0.8369870185852051,103.4027328491211,759.9111938476562,103.4027328491211,759.9111938476562,1.225766658782959,7.740097999572754,1.0097923278808594,7.251060962677002,-0.2159743309020996,-0.48903703689575195,0.5346046686172485,-0.33461880683898926,-0.1215353012084961,0.3560064136981964,0.5601504445075989,2.378948926925659,0.3789489269256592,2.0,1.5,3.0,True,,False,False,-0.6805342127364624,-0.6044743553413804,0.11295127810033953,False,,False,timeout
129,1787741856.570954,6.45000210031867,0.04999980051070452,20.000079796036562,0.04999980051070452,20.000079796036562,2.1243467926979065e-06,False,False,7283061.379501776,7283061.3833056,3.8038240745663643,7283061.429501776,0.0,0.008005100302398205,124.9203585494632,0.04861172381788492,0.9722344799795541,129,128,-0.6926876133626716,-0.5725651702951112,0.113,-0.7167585513709761,-0.48065844810688085,0.113,-0.720188398453626,-0.5056483647003928,0.113,-0.7167585513709761,-0.48065844810688085,0.113,7283061.329501776,7283061.379501776,0.04861172381788492,0.049999999813735485,1,True,789,2,1.8730635601314902,11.372767663043684,5.100302398204637e-06,1,False,,True,99,0.0017427997663617134,0.06346569955348969,15.756542621218372,False,False,False,,6.961225509643555,9.186474800109863,2.932222604751587,8.830092430114746,,,4.044734001159668,True,0.266196664,0.712787611121,3,-1.0,-1.0,1.4142135381698608,-0.26619666814804077,-0.26619666814804077,0.37645894289016724,-0.26619666814804077,-0.16644608974456787,0.3139505684375763,-0.26619669795036316,-0.12590527534484863,0.2944703996181488,-0.26619669795036316,-0.12590527534484863,0.2944703996181488,-0.26619672775268555,-0.12590503692626953,0.29447034001350403,False,False,1.1214995756745338,,,,,,,,,,,1.5153000131249428,-0.3858256936073303,-1.0,1.0718495845794678,-0.43194860219955444,-0.9780740737915039,83.6484603881836,707.5111694335938,83.6484603881836,707.5111694335938,1.0097923278808594,7.251060962677002,0.8168795108795166,6.751060962677002,-0.19291281700134277,-0.5,0.5359247922897339,-0.3158581256866455,-0.16285991668701172,0.3553726375102997,0.5173571705818176,2.487785816192627,0.48778581619262695,2.0,1.5,3.0,True,,False,False,-0.6873142501295253,-0.5905084078334194,0.11293751609995181,False,,False,timeout
130,1787741856.622512,6.500971199944615,0.05096909962594509,19.619730529651427,0.05096909962594509,19.619730529651427,0.0009712241590023041,False,False,7283061.429501776,7283061.4336607,4.158924333751202,7283061.4795017755,0.0,0.008004799485206604,124.92505300701983,0.046625823713839054,0.9325164777506757,130,129,-0.6958040747447751,-0.557529557100032,0.113,-0.7126077202158033,-0.455710849159529,0.113,-0.7167585513709761,-0.48065844810688085,0.113,-0.7126077202158033,-0.455710849159529,0.113,7283061.379501776,7283061.429501776,0.046625823713839054,0.049999999813735485,1,True,795,2,1.8776671365593058,12.196629767217283,4.799485206603837e-06,1,False,,False,,,,,False,False,False,,6.695028781890869,9.060569763183594,2.650108575820923,8.629874229431152,,,4.067785263061523,True,0.266196664,0.712787611121,3,-1.0,-1.0,1.4142135381698608,-0.26619666814804077,-0.26619666814804077,0.37645894289016724,-0.26619666814804077,-0.26619666814804077,0.37645894289016724,-0.26619669795036316,-0.22590318322181702,0.34913167357444763,-0.26619669795036316,-0.22590318322181702,0.34913167357444763,-0.26619672775268555,-0.22590351104736328,0.34913191199302673,False,False,1.1769002303481102,,,,,,,,,,,1.640399917960167,-0.34896138310432434,-1.0,1.0591384172439575,-0.3858256936073303,-1.0,65.7816390991211,655.1112060546875,65.7816390991211,655.1112060546875,0.8168795108795166,6.751060962677002,0.6423988342285156,6.251060962677002,-0.17448067665100098,-0.5,0.5295692086219788,-0.28211402893066406,-0.20021820068359375,0.3459416925907135,0.5380370616912842,2.6250081062316895,0.6250081062316895,2.0,1.5,3.0,True,,False,False,-0.692225055207106,-0.5759619332199476,0.11296104753625465,False,,False,timeout
131,1787741856.6710749,6.55000239983201,0.049031199887394905,20.395176995394785,0.049031199887394905,20.395176995394785,2.4242326617240906e-06,False,False,7283061.4795017755,7283061.4833857,3.8839243352413177,7283061.529501775,0.0,0.008060099557042122,124.06794642211317,0.052708824165165424,1.0,131,130,-0.6979487406125674,-0.5397429487953216,0.113,-0.7077147240533682,-0.4308024021680297,0.113,-0.7126077202158033,-0.455710849159529,0.113,-0.7077147240533682,-0.4308024021680297,0.113,7283061.429501776,7283061.4795017755,0.052708824165165424,0.049999999813735485,1,True,802,2,2.1219773470749943,13.05939885342655,6.009955704212172e-05,1,False,,True,100,0.0204517999663949,0.06551000010222197,15.26484503800332,False,False,False,,6.428832054138184,8.83466625213623,2.393301486968994,8.399354934692383,,,4.058940887451172,True,0.266196664,0.712787611121,3,-1.0,-0.18486791849136353,1.0169445276260376,-0.26619666814804077,-0.04921122267842293,0.27070724964141846,-0.26619666814804077,-0.26619666814804077,0.37645894289016724,-0.26619669795036316,-0.25462397933006287,0.3683667480945587,-0.26619669795036316,-0.25462397933006287,0.3683667480945587,-0.26619672775268555,-0.2546243667602539,0.3683670163154602,False,False,1.2223999947309494,,,,,,,,,,,1.60910002887249,-0.37982940673828125,-1.0,1.0697057247161865,-0.34896138310432434,-1.0,51.20000076293945,602.711181640625,46.334373474121094,602.711181640625,0.6423988342285156,6.251060962677002,0.5,5.751060962677002,-0.14239883422851562,-0.5,0.5198821425437927,-0.2568070888519287,-0.23051929473876953,0.3450927734375,0.5707656741142273,2.771430492401123,0.771430492401123,2.0,1.5,3.0,True,,True,False,-0.6956889908665201,-0.5608414135462164,0.1128353719634119,False,,False,timeout
132,1787741856.7206643,6.600001499988139,0.049999100156128407,20.000359944026506,0.049999100156128407,20.000359944026506,1.5245750546455383e-06,False,False,7283061.529501775,7283061.5333307,3.8289250805974007,7283061.579501775,0.0,0.008260000497102737,121.065368016716,0.05128602497279644,1.0,132,131,-0.6986528080633939,-0.5244015250462557,0.113,-0.7011736394035928,-0.40604054417601027,0.113,-0.7077147240533682,-0.4308024021680297,0.113,-0.7011736394035928,-0.40604054417601027,0.113,7283061.4795017755,7283061.529501775,0.05128602497279644,0.049999999813735485,1,True,808,2,1.878203492661921,13.716713738991404,0.00026000049710273726,1,False,,True,101,0.008945399895310402,0.08151420019567013,12.26780116347284,False,False,False,,6.162635326385498,8.580041885375977,2.1339476108551025,8.106125831604004,,,4.056466102600098,True,0.266196664,0.712787611121,3,-1.0,-1.0,1.4142135381698608,-0.26619666814804077,-0.26619666814804077,0.37645894289016724,-0.26619666814804077,-0.26619666814804077,0.37645894289016724,-0.26619669795036316,-0.26287296414375305,0.37411612272262573,-0.26619669795036316,-0.26287296414375305,0.37411612272262573,-0.26619672775268555,-0.26287269592285156,0.3741159737110138,False,False,1.0799001902341843,,,,,,,,,,,1.5532998368144035,-0.3877577781677246,-1.0,1.0725464820861816,-0.37982940673828125,-1.0,51.20000076293945,550.3111572265625,31.3468017578125,550.3111572265625,0.5,5.751060962677002,0.5,5.251060962677002,0.0,-0.5,0.5,-0.2593538761138916,-0.2932291030883789,0.39146870374679565,0.6791030764579773,2.8663766384124756,0.8663766384124756,2.0,1.5,3.0,True,,True,False,-0.6979172927052917,-0.5431690027553371,0.11292494280931757,False,,False,timeout
133,1787741856.7733333,6.652803200297058,0.05280170030891895,18.938784057131695,0.05280170030891895,18.938784057131695,0.0028032250702381134,True,False,7283061.579501775,7283061.5858668,6.365024484694004,7283061.629501775,0.0,0.008002400398254395,124.96250502763337,0.04931262508034706,0.9862525052810182,133,132,-0.6981704499053616,-0.5090532957481233,0.113,-0.6899725892575289,-0.3848240135703304,0.113,-0.7011736394035928,-0.40604054417601027,0.113,-0.6899725892575289,-0.3848240135703304,0.113,7283061.529501775,7283061.579501775,0.04931262508034706,0.049999999813735485,1,True,814,2,1.8739696926730343,14.322943011099499,2.4003982543943647e-06,1,False,,False,,,,,False,False,False,,5.8964385986328125,8.317169189453125,1.9333429336547852,7.837718486785889,,,3.9919919967651367,True,0.266196664,0.712787611121,3,-1.0,-0.5155248641967773,1.1250625848770142,-0.26619666814804077,-0.1372310072183609,0.2994879186153412,-0.26619666814804077,-0.26619666814804077,0.37645894289016724,-0.26619669795036316,-0.26524198055267334,0.3757844865322113,-0.26619669795036316,-0.26524198055267334,0.3757844865322113,-0.26619672775268555,-0.2652416229248047,0.3757842779159546,False,False,1.1268006637692451,,,,,,,,,,,2.1741995587944984,-0.3955676555633545,-1.0,1.0753947496414185,-0.3877577781677246,-1.0,51.20000076293945,497.91119384765625,30.946935653686523,497.91119384765625,0.5,5.251060962677002,0.5,4.751060962677002,0.0,-0.5,0.5,-0.20060467720031738,-0.26840734481811523,0.33508914709091187,0.5368146896362305,2.957240343093872,0.9572403430938721,2.0,1.5,3.0,True,,True,False,-0.6987597622217991,-0.527783629117703,0.11294030273197925,False,,False,timeout
134,1787741856.8218634,6.700002400204539,0.04719919990748167,21.186799817797066,0.04719919990748167,21.186799817797066,2.425163984298706e-06,False,False,7283061.629501775,7283061.633436,3.9342250674962997,7283061.679501775,0.0,0.008003399707376957,124.94690213688466,0.047341424971818924,0.9468285029635896,134,133,-0.6965329227019732,-0.4937837731543817,0.113,-0.6783175023403386,-0.3627474667228616,0.113,-0.6899725892575289,-0.3848240135703304,0.113,-0.6783175023403386,-0.3627474667228616,0.113,7283061.579501775,7283061.629501775,0.047341424971818924,0.049999999813735485,1,True,820,2,1.8704583561976895,15.099274294650558,3.399707376956773e-06,1,False,,True,102,0.045230899937450886,0.06128389947116375,16.317499516664007,False,False,False,,5.630241870880127,8.05192756652832,1.7570481300354004,7.556485652923584,,,3.904752492904663,True,0.266196664,0.712787611121,3,-1.0,-1.0,1.4142135381698608,-0.26619666814804077,-0.26619666814804077,0.37645894289016724,-0.26619666814804077,-0.04921122267842293,0.27070724964141846,-0.26619669795036316,-0.11125783622264862,0.2885116934776306,-0.26619669795036316,-0.11125783622264862,0.2885116934776306,-0.26619672775268555,-0.11125802993774414,0.2885117828845978,False,False,1.1024996638298035,,,,,,,,,,,1.6951998695731163,-0.3900582194328308,-1.0,1.0733803510665894,-0.3955676555633545,-1.0,51.20000076293945,445.51116943359375,31.229021072387695,445.51116943359375,0.5,4.751060962677002,0.5,4.251060962677002,0.0,-0.5,0.5,-0.17629480361938477,-0.2812328338623047,0.3319213092327118,0.5624656677246094,3.074179172515869,1.0741791725158691,2.0,1.5,3.0,True,,True,False,-0.6985243547647234,-0.512381986209075,0.11304599715927305,False,,False,timeout
135,1787741856.8714433,6.750001899898052,0.04999949969351292,20.000200124597306,0.04999949969351292,20.000200124597306,1.925043761730194e-06,False,False,7283061.679501775,7283061.683548,4.046224988996983,7283061.729501775,0.0,0.008011099882423878,124.8268046431391,0.05339512508362532,1.0,135,134,-0.6934628788800652,-0.4761314328406127,0.113,-0.6666407991939918,-0.3406299753763055,0.113,-0.6783175023403386,-0.3627474667228616,0.113,-0.6666407991939918,-0.3406299753763055,0.113,7283061.629501775,7283061.679501775,0.05339512508362532,0.049999999813735485,1,True,827,2,1.871797165619592,15.684593302810356,1.109988242387755e-05,1,False,,True,103,0.015157099813222885,0.06392460037022829,15.643429825268514,False,False,False,,5.364045143127441,7.940669536590576,1.5862398147583008,7.21408224105835,,,3.84704327583313,True,0.266196664,0.712787611121,3,-1.0,-0.9632804989814758,1.3884917497634888,-0.26619666814804077,-0.2564220726490021,0.3696118891239166,-0.26619666814804077,-0.26619666814804077,0.37645894289016724,-0.26619669795036316,-0.2216963768005371,0.34642454981803894,-0.26619669795036316,-0.2216963768005371,0.34642454981803894,-0.26619672775268555,-0.2216963768005371,0.34642457962036133,False,False,1.1219996958971024,,,,,,,,,,,1.5716003254055977,-0.24952083826065063,-1.0,1.0306602716445923,-0.3900582194328308,-1.0,51.20000076293945,393.1111755371094,38.42453384399414,393.1111755371094,0.5,4.251060962677002,0.5,3.751060962677002,0.0,-0.5,0.5,-0.1708083152770996,-0.3424034118652344,0.3826428949832916,0.6848068237304688,3.155853748321533,1.1558537483215332,2.0,1.5,3.0,True,,True,False,-0.696768312895043,-0.49455521283249315,0.11302999509238607,False,,False,timeout
136,1787741856.9261613,6.804642000235617,0.054640100337564945,18.301576933827523,0.054640100337564945,18.301576933827523,0.00464202556759119,True,False,7283061.729501775,7283061.7380234,8.521625772118568,7283061.779501774,0.0,0.00800230074673891,124.96406116797334,0.051426125690340996,1.0,136,135,-0.6900317135210665,-0.46116071287039695,0.113,-0.654717237955185,-0.31804489641915606,0.113,-0.6666407991939918,-0.3406299753763055,0.113,-0.654717237955185,-0.31804489641915606,0.113,7283061.679501775,7283061.729501775,0.051426125690340996,0.049999999813735485,1,True,833,2,1.8615167119493157,16.602260255238335,2.3007467389105085e-06,1,False,,True,104,0.004843800328671932,0.07986530009657145,12.521082357304373,False,False,False,,5.097848415374756,7.718973159790039,1.4617314338684082,6.910985946655273,,,3.7248075008392334,True,0.266196664,0.712787611121,3,-1.0,-1.0,1.4142135381698608,-0.26619666814804077,-0.26619666814804077,0.37645894289016724,-0.26619666814804077,-0.1372310072183609,0.2994879186153412,-0.26619669795036316,-0.1614905148744583,0.3113516867160797,-0.26619669795036316,-0.1614905148744583,0.3113516867160797,-0.26619672775268555,-0.16149044036865234,0.3113516569137573,False,False,1.073099672794342,,,,,,,,,,,1.5540998429059982,-0.17468899488449097,-1.0,1.0151435136795044,-0.24952083826065063,-1.0,51.20000076293945,340.711181640625,42.255924224853516,340.711181640625,0.5,3.751060962677002,0.5,3.251060962677002,0.0,-0.5,0.5,-0.12450838088989258,-0.30309629440307617,0.32767316699028015,0.6061925888061523,3.30303692817688,1.3030369281768799,2.0,1.5,3.0,True,,True,False,-0.6942969457782715,-0.4792805903805418,0.11295225383677154,False,,False,timeout
137,1787741856.9727457,6.850194999948144,0.0455529997125268,21.952451129689404,0.0455529997125268,21.952451129689404,0.0001950254663825035,False,False,7283061.779501774,7283061.783957,4.455225542187691,7283061.829501774,0.0,0.0080035999417305,124.9437762107566,0.049499125219881535,0.989982508085603,137,136,-0.6860045139482828,-0.4463388903471048,0.113,-0.6423021573491844,-0.29452880335517145,0.113,-0.654717237955185,-0.31804489641915606,0.113,-0.6423021573491844,-0.29452880335517145,0.113,7283061.729501775,7283061.779501774,0.049499125219881535,0.049999999813735485,1,True,839,2,1.8611306024321876,17.658594247985636,3.599941730499101e-06,1,False,,False,,,,,False,False,False,,4.83165168762207,7.557482719421387,1.358902931213379,6.604726314544678,,,3.6010732650756836,True,0.266196664,0.712787611121,3,-1.0,-1.0,1.4142135381698608,-0.26619666814804077,-0.26619666814804077,0.37645894289016724,-0.26619666814804077,-0.26619666814804077,0.37645894289016724,-0.26619669795036316,-0.23612374067306519,0.3558301627635956,-0.26619669795036316,-0.23612374067306519,0.3558301627635956,-0.26619672775268555,-0.23612356185913086,0.3558300733566284,False,False,1.6294000670313835,,,,,,,,,,,2.240300178527832,-0.08033018559217453,-1.0,1.0032212734222412,-0.17468899488449097,-1.0,51.20000076293945,288.3111877441406,47.087093353271484,288.3111877441406,0.5,3.251060962677002,0.5,2.751060962677002,0.0,-0.5,0.5,-0.1028285026550293,-0.3062596321105957,0.32306140661239624,0.6125192642211914,3.461904764175415,1.461904764175415,2.0,1.5,3.0,True,,True,False,-0.6909930012749587,-0.4642691830191701,0.11301762999248323,False,,False,timeout
138,1787741857.0212822,6.900000900030136,0.04980590008199215,20.077942540015666,0.04980590008199215,20.077942540015666,9.257346391677856e-07,False,False,7283061.829501774,7283061.8333988,3.8970261812210083,7283061.879501774,0.0,0.00801709946244955,124.73339075856485,0.04753722529858351,0.9507445095134694,138,137,-0.6814986591216559,-0.4316552016647989,0.113,-0.6298556610793733,-0.27095320413917084,0.113,-0.6423021573491844,-0.29452880335517145,0.113,-0.6298556610793733,-0.27095320413917084,0.113,7283061.779501774,7283061.829501774,0.04753722529858351,0.049999999813735485,1,True,845,2,1.8643187042299831,18.743761765664157,1.7099462449550462e-05,1,False,,True,105,0.03580179996788502,0.0649510994553566,15.39619819195422,False,False,False,,4.565454959869385,7.321359157562256,1.2750756740570068,6.296130657196045,,,3.4464023113250732,False,0.266196664,0.712787611121,3,-1.0,-1.0,1.4142135381698608,-0.26619666814804077,-0.26619666814804077,0.37645894289016724,-0.26619666814804077,-0.2564220726490021,0.3696118891239166,-0.26619669795036316,-0.25059211254119873,0.365591436624527,-0.26619669795036316,-0.25059211254119873,0.365591436624527,-0.26619672775268555,-0.2505922317504883,0.36559152603149414,False,False,1.0644001886248589,,,,,,,,,,,1.4872001484036446,-0.04569792002439499,-1.0,1.0010435581207275,-0.08033018559217453,-1.0,51.20000076293945,235.9111785888672,48.860267639160156,235.9111785888672,0.5,2.751060962677002,0.5,2.251060962677002,0.0,-0.5,0.5,-0.08382725715637207,-0.3085956573486328,0.3197785019874573,0.6171913146972656,3.628809928894043,1.628809928894043,2.0,1.5,3.0,True,,True,False,-0.6869502893363042,-0.449483492119815,0.11301451028922133,False,,False,timeout
139,1787741857.0709088,6.950001800432801,0.05000090040266514,19.999639845419626,0.05000090040266514,19.999639845419626,1.8263235688209534e-06,False,False,7283061.879501774,7283061.8833947,3.8929255679249763,7283061.929501774,0.0,0.00802330020815134,124.63699151928049,0.053612626157701015,1.0,139,138,-0.6757563003317874,-0.41468073016946183,0.113,-0.6168900524778745,-0.24639432545120837,0.113,-0.6298556610793733,-0.27095320413917084,0.113,-0.6168900524778745,-0.24639432545120837,0.113,7283061.829501774,7283061.879501774,0.053612626157701015,0.049999999813735485,1,True,852,2,1.8598185057213608,19.68823260293041,2.3300208151340318e-05,1,False,,True,106,0.007249100133776665,0.06461350060999393,15.476641732135581,False,False,False,,4.299258232116699,7.070766925811768,1.1898337602615356,5.935107707977295,,,3.310323715209961,False,0.266196664,0.712787611121,3,-1.0,-0.44279736280441284,1.0936496257781982,-0.26619666814804077,-0.11787118017673492,0.2911258935928345,-0.26619666814804077,-0.26619666814804077,0.37645894289016724,-0.26619669795036316,-0.2617148756980896,0.3733033239841461,-0.26619669795036316,-0.2617148756980896,0.3733033239841461,-0.26619672775268555,-0.2617149353027344,0.3733033835887909,False,False,1.1951001361012459,,,,,,,,,,,1.5134001150727272,0.04852242022752762,-1.0,1.0011764764785767,-0.04569792002439499,-1.0,53.684349060058594,183.51119995117188,53.684349060058594,183.51119995117188,0.5,2.251060962677002,0.5242612361907959,1.751060962677002,0.0242612361907959,-0.5,0.5005882382392883,-0.08524191379547119,-0.36102294921875,0.37094977498054504,0.7220458984375,3.7480757236480713,1.7480757236480713,2.0,1.5,3.0,True,,False,False,-0.6817183075359593,-0.432297384016944,0.11297844222282558,False,,False,timeout
140,1787741857.1236644,7.002079199999571,0.0520773995667696,19.202187672943953,0.0520773995667696,19.202187672943953,0.002079226076602936,True,False,7283061.929501774,7283061.9353259,5.824126303195953,7283061.979501774,0.0,0.007999599911272526,125.00625169902108,0.05164142604917288,1.0,140,139,-0.670451283736336,-0.4002662766665501,0.113,-0.6031488161967055,-0.22231019422178788,0.113,-0.6168900524778745,-0.24639432545120837,0.113,-0.6031488161967055,-0.22231019422178788,0.113,7283061.879501774,7283061.929501774,0.05164142604917288,0.049999999813735485,1,True,858,2,1.8585693897462108,20.88420890499288,0.0,1,False,,False,,,,,False,False,False,,4.033061504364014,6.809051990509033,1.127680778503418,5.627138137817383,,,3.1365838050842285,False,0.266196664,0.712787611121,3,-1.0,-0.7983970046043396,1.279624104499817,-0.26619666814804077,-0.21253062784671783,0.3406316637992859,-0.26619666814804077,-0.26619666814804077,0.37645894289016724,-0.26619669795036316,-0.26490944623947144,0.375549852848053,-0.26619669795036316,-0.26490944623947144,0.375549852848053,-0.26619672775268555,-0.2649092674255371,0.3755497336387634,False,False,1.1440003290772438,,,,,,,,,,,2.261299639940262,0.1454179584980011,-1.0,1.010517954826355,0.04852242022752762,-1.0,61.1297492980957,131.11119079589844,61.1297492980957,131.11119079589844,0.5242612361907959,1.751060962677002,0.5969702005386353,1.251060962677002,0.07270896434783936,-0.5,0.5052589774131775,-0.062152981758117676,-0.3079695701599121,0.3141787052154541,0.6084749102592468,3.9227654933929443,1.9227654933929443,2.0,1.5,3.0,True,,False,False,-0.6768309830345803,-0.41772244233917133,0.11290133630788382,False,,False,timeout
141,1787741857.1723278,7.050003000535071,0.04792380053550005,20.866458603575058,0.04792380053550005,20.866458603575058,3.026798367500305e-06,False,False,7283061.979501774,7283061.9842537,4.75192628800869,7283062.029501773,0.0,0.008037100546061993,124.42297993770634,0.04970672633498907,0.9941345304032211,141,140,-0.6647247302782344,-0.38601436441301107,0.113,-0.5868608764025038,-0.19934500994470897,0.113,-0.6031488161967055,-0.22231019422178788,0.113,-0.5868608764025038,-0.19934500994470897,0.113,7283061.929501774,7283061.979501774,0.04970672633498907,0.049999999813735485,1,True,864,2,1.8672708390458366,22.092677746536552,3.710054606199248e-05,1,False,,True,107,0.04334900062531233,0.07834600005298853,12.763893489439921,False,False,False,,3.766864776611328,6.544142723083496,1.0769591331481934,5.322023391723633,,,2.954516649246216,False,0.266196664,0.712787611121,3,-0.17017173767089844,-1.0,1.014375925064087,-0.04529915004968643,-0.26619666814804077,0.27002349495887756,-0.26619666814804077,-0.26619666814804077,0.37645894289016724,-0.26619669795036316,-0.26582691073417664,0.37619760632514954,-0.26619669795036316,-0.26582691073417664,0.37619760632514954,-0.26619672775268555,-0.2658267021179199,0.3761974573135376,False,False,1.3209003955125809,,,,,,,,,,,2.217100001871586,0.24201244115829468,-1.0,1.028868317604065,0.1454179584980011,-1.0,73.52078247070312,78.71118927001953,73.52078247070312,78.71118927001953,0.5969702005386353,1.251060962677002,0.717976450920105,0.751060962677002,0.12100625038146973,-0.5,0.5144341588020325,-0.05072164535522461,-0.30511474609375,0.3093019425868988,0.583146333694458,4.099161148071289,2.099161148071289,2.0,1.5,3.0,True,,False,False,-0.6715519568967027,-0.40339417212566453,0.11296395549467331,False,,False,timeout
142,1787741857.2209327,7.100001499988139,0.04999849945306778,20.000600236786557,0.04999849945306778,20.000600236786557,1.5264376997947693e-06,False,False,7283062.029501773,7283062.0335771,4.075326956808567,7283062.079501773,0.0,0.00801630038768053,124.74582433772098,0.04774102661758661,0.954820535908716,142,141,-0.6585163279099924,-0.3719658003225953,0.113,-0.568417937650997,-0.17646560375856019,0.113,-0.5868608764025038,-0.19934500994470897,0.113,-0.568417937650997,-0.17646560375856019,0.113,7283061.979501774,7283062.029501773,0.04774102661758661,0.049999999813735485,1,True,870,2,1.867878851301246,23.393679371362154,1.630038768053038e-05,1,False,,True,108,0.0287517998367548,0.06413169950246811,15.592912830284734,False,False,False,,3.5006680488586426,6.278316020965576,1.0341347455978394,5.017096042633057,,,2.7702817916870117,False,0.266196664,0.712787611121,3,-1.0,-0.32221734523773193,1.0506303310394287,-0.26619666814804077,-0.08577318489551544,0.2796742916107178,-0.26619666814804077,-0.11787118017673492,0.2911258935928345,-0.26619669795036316,-0.16036584973335266,0.31076982617378235,-0.26619669795036316,-0.16036584973335266,0.31076982617378235,-0.26619672775268555,-0.16036605834960938,0.3107699751853943,False,False,1.1264001950621605,,,,,,,,,,,1.6124006360769272,0.3371833860874176,-1.0,1.0553163290023804,0.24201244115829468,-1.0,90.78457641601562,52.400001525878906,90.78457641601562,26.311187744140625,0.717976450920105,0.751060962677002,0.8865681290626526,0.5,0.1685916781425476,-0.25106096267700195,0.3024148941040039,-0.042824387550354004,-0.30492734909057617,0.30791983008384705,0.5565306544303894,4.277734279632568,2.2777342796325684,2.0,1.5,3.0,True,,True,False,-0.6659354176596122,-0.3891079402268029,0.11296412374732387,False,,False,timeout
143,1787741857.2756677,7.154138600453734,0.05413710046559572,18.471620966023156,0.05413710046559572,18.471620966023156,0.004138627089560032,True,False,7283062.079501773,7283062.0876035,8.10172688215971,7283062.129501773,0.0,0.008002599701285362,124.95939286321942,0.053778826259076595,1.0,143,142,-0.6506407034380546,-0.35587062208976195,0.113,-0.554976998084859,-0.16815990658842894,0.113,-0.568417937650997,-0.17646560375856019,0.113,-0.554976998084859,-0.16815990658842894,0.113,7283062.029501773,7283062.079501773,0.053778826259076595,0.049999999813735485,1,True,877,2,1.8704185672016143,22.938470117104217,2.599701285362077e-06,1,False,,True,109,0.003465300425887108,0.06436070054769516,15.537431872093121,False,False,False,,3.234471321105957,6.117949962615967,0.9962098002433777,4.663661956787109,,,2.6692261695861816,False,0.266196664,0.712787611121,3,-1.0,-1.0,1.4142135381698608,-0.26619666814804077,-0.26619666814804077,0.37645894289016724,-0.26619666814804077,-0.21253062784671783,0.3406316637992859,-0.26619669795036316,-0.19754831492900848,0.3314906060695648,-0.26619669795036316,-0.19754831492900848,0.3314906060695648,-0.26619672775268555,-0.19754838943481445,0.3314906656742096,False,False,1.0858001187443733,,,,,,,,,,,1.6453005373477936,0.47401463985443115,-1.0,1.1066570281982422,0.3371833860874176,-1.0,115.05412292480469,52.400001525878906,115.05412292480469,0.0,0.8865681290626526,0.5,1.1235754489898682,0.5,0.23700731992721558,0.0,0.23700731992721558,-0.03792494535446167,-0.35343408584594727,0.3554629981517792,0.9003323316574097,4.16510534286499,2.1651053428649902,2.0,1.5,3.0,True,,True,False,-0.6589241722285913,-0.37264052966156586,0.11303010784966183,False,,False,timeout
144,1787741857.3222249,7.200010499916971,0.04587189946323633,21.799838500288004,0.04587189946323633,21.799838500288004,1.0526739060878754e-05,False,False,7283062.129501773,7283062.1334361,3.934326581656933,7283062.179501773,0.0,0.0080016003921628,124.97499887390704,0.051908127032220364,1.0,144,143,-0.6431817845827008,-0.34244534185002545,0.113,-0.5454457510857444,-0.17518390390165145,0.113,-0.554976998084859,-0.16815990658842894,0.113,-0.5454457510857444,-0.17518390390165145,0.113,7283062.079501773,7283062.129501773,0.051908127032220364,0.049999999813735485,1,True,883,2,1.8706427067809066,21.242403471597658,1.6003921627996687e-06,1,False,,False,,,,,False,False,False,,2.9682745933532715,5.920401573181152,0.981727123260498,4.3610358238220215,,,2.5254688262939453,False,0.266196664,0.712787611121,3,-1.0,-1.0,1.4142135381698608,-0.26619666814804077,-0.26619666814804077,0.37645894289016724,-0.04529915004968643,-0.26619666814804077,0.27002349495887756,-0.10874368250370026,-0.2464800328016281,0.26940229535102844,-0.10874368250370026,-0.2464800328016281,0.26940229535102844,-0.10874366760253906,-0.24647998809814453,0.26940223574638367,False,False,1.558799296617508,,,,,,,,,,,2.0951004698872566,0.6924589276313782,-1.0,1.2163467407226562,0.47401463985443115,-1.0,150.50802612304688,52.400001525878906,150.50802612304688,0.0,1.1235754489898682,0.5,1.4698048830032349,0.5,0.3462294340133667,0.0,0.3462294340133667,-0.014482676982879639,-0.3026261329650879,0.3029724657535553,-0.061106450855731964,3.863640546798706,1.863640546798706,2.0,1.5,3.0,True,,True,False,-0.652199787417742,-0.3588345097778564,0.1130348302139817,False,,False,timeout
145,1787741857.3708508,7.250061900354922,0.05005140043795109,19.979460939154016,0.05005140043795109,19.979460939154016,6.192736327648163e-05,False,False,7283062.179501773,7283062.1833572,3.8554267957806587,7283062.229501773,0.0,0.008024199865758419,124.62301746337216,0.04996082652360201,0.9992165341944118,145,144,-0.634750869607313,-0.3296114878365048,0.113,-0.5320754998136106,-0.18503703319536347,0.113,-0.5454457510857444,-0.17518390390165145,0.113,-0.5320754998136106,-0.18503703319536347,0.113,7283062.129501773,7283062.179501773,0.04996082652360201,0.049999999813735485,1,True,889,2,1.8724982842270785,19.603328973567322,2.419986575841887e-05,1,False,,True,111,0.005503600463271141,0.06607000064104795,15.135462241523276,False,False,False,,2.8595309257507324,5.673921585083008,0.9818557500839233,4.060373306274414,,,2.475722551345825,False,0.266196664,0.712787611121,3,-1.0,0.2218160629272461,1.024305820465088,-0.26619666814804077,0.05904669687151909,0.2726668119430542,-0.26619666814804077,-0.08577318489551544,0.2796742916107178,-0.22097422182559967,-0.1319301724433899,0.2573619484901428,-0.22097422182559967,-0.1319301724433899,0.2573619484901428,-0.22097420692443848,-0.13193035125732422,0.25736203789711,False,False,1.1523999273777008,,,,,,,,,,,1.520000398159027,0.8954797387123108,-1.0,1.342342734336853,0.6924589276313782,-1.0,196.35658264160156,52.400001525878906,196.35658264160156,0.0,1.4698048830032349,0.5,1.9175447225570679,0.5,0.447739839553833,0.0,0.447739839553833,0.00012862682342529297,-0.3006625175476074,0.3006625473499298,0.00037150748539716005,3.5936543941497803,1.5936543941497803,2.0,1.5,3.0,True,,True,False,-0.6449146875508825,-0.34533789567471335,0.11304340229994958,False,,False,timeout
146,1787741857.420405,7.300002600066364,0.049940699711441994,20.02374828102155,0.049940699711441994,20.02374828102155,2.627260982990265e-06,False,False,7283062.229501773,7283062.2328281,3.3263275399804115,7283062.2795017725,0.0,0.008006499148905277,124.8985332293115,0.04798472672700882,0.9596945381153171,146,145,-0.6250007612864336,-0.3177551227028061,0.113,-0.514455976002485,-0.19802163929371594,0.113,-0.5320754998136106,-0.18503703319536347,0.113,-0.514455976002485,-0.19802163929371594,0.113,7283062.179501773,7283062.229501773,0.04798472672700882,0.049999999813735485,1,True,895,2,1.8696612588528199,18.162388767425035,6.499148905277086e-06,1,False,,False,,,,,False,False,False,,2.638556718826294,5.541991233825684,1.00307297706604,3.7602367401123047,,,2.418564796447754,False,0.266196664,0.712787611121,3,-1.0,0.34035855531692505,1.0563350915908813,-0.26619666814804077,0.0906023159623146,0.2811928987503052,-0.26619666814804077,-0.26619666814804077,0.37645894289016724,-0.2532082200050354,-0.22763371467590332,0.34048715233802795,-0.2532082200050354,-0.22763371467590332,0.34048715233802795,-0.2532081604003906,-0.22763347625732422,0.34048697352409363,False,False,1.1312002316117287,,,,,,,,,,,1.5990007668733597,1.0,-1.0,1.4142135381698608,0.8954797387123108,-1.0,247.5565948486328,52.400001525878906,247.5565948486328,0.0,1.9175447225570679,0.5,2.4175448417663574,0.5,0.5000001192092896,0.0,0.5000001192092896,0.0212172269821167,-0.3001365661621094,0.3008855879306793,0.04738739877939224,3.3860599994659424,1.3860599994659424,2.0,1.5,3.0,True,,True,False,-0.6367888764946847,-0.3322673010038555,0.11301852244744726,False,,False,timeout
147,1787741857.4740312,7.35146819986403,0.05146559979766607,19.430454593581736,0.05146559979766607,19.430454593581736,0.001468227244913578,True,False,7283062.2795017725,7283062.2853086,5.8068279176950455,7283062.329501772,0.0,0.00804890040308237,124.24057323619566,0.05405242741107941,1.0,147,146,-0.6117394209604513,-0.30573114607068547,0.113,-0.4948583530886396,-0.2124639940774276,0.113,-0.514455976002485,-0.19802163929371594,0.113,-0.4948583530886396,-0.2124639940774276,0.113,7283062.229501773,7283062.2795017725,0.05405242741107941,0.049999999813735485,1,True,902,2,1.8700217361595737,16.82176879470284,4.890040308237059e-05,1,False,,False,,,,,False,False,False,,2.3853485584259033,5.314357757568359,1.0664242506027222,3.41314435005188,,,2.313908815383911,False,0.266196664,0.712787611121,3,-1.0,-0.4333038628101349,1.0898404121398926,-0.26619666814804077,-0.11534404754638672,0.2901118993759155,-0.26619666814804077,-0.26619666814804077,0.37645894289016724,-0.2624661922454834,-0.2551208436489105,0.3660261631011963,-0.2624661922454834,-0.2551208436489105,0.3660261631011963,-0.2624661922454834,-0.25512075424194336,0.3660260736942291,False,False,1.969500444829464,,,,,,,,,,,2.088499255478382,1.0,-1.0,1.4142135381698608,1.0,-1.0,298.7565612792969,52.400001525878906,298.7565612792969,0.0,2.4175448417663574,0.5,2.9175448417663574,0.5,0.5,0.0,0.5,0.06335127353668213,-0.3470923900604248,0.35282644629478455,0.12670251727104187,3.2112205028533936,1.2112205028533936,2.0,1.5,3.0,True,,True,False,-0.6258486295338043,-0.31800421307443966,0.11301375230562868,False,,False,timeout
148,1787741857.5226831,7.400005100294948,0.04853690043091774,20.602881336093837,0.04853690043091774,20.602881336093837,5.127862095832825e-06,False,False,7283062.329501772,7283062.3347123,5.210528150200844,7283062.379501772,0.0,0.008025399409234524,124.60439026241333,0.052089027129113674,1.0,148,147,-0.5988571420994022,-0.2973896935451351,0.113,-0.4751942268650123,-0.2269553580903904,0.113,-0.4948583530886396,-0.2124639940774276,0.113,-0.4751942268650123,-0.2269553580903904,0.113,7283062.2795017725,7283062.329501772,0.052089027129113674,0.049999999813735485,1,True,908,2,1.8755235029350714,16.105412793050835,2.5399409234523607e-05,1,False,,True,112,0.035196300595998764,0.028034599497914314,35.670208168103024,False,False,False,,2.12288236618042,5.059237003326416,1.170487880706787,3.1241767406463623,,,2.1567368507385254,False,0.266196664,0.712787611121,3,0.09320676326751709,-0.8769207000732422,0.8818601965904236,0.024811329320073128,-0.23343336582183838,0.2347482442855835,-0.26619666814804077,0.05904669687151909,0.2726668119430542,-0.26512521505355835,-0.031186088919639587,0.26695308089256287,-0.26512521505355835,-0.031186088919639587,0.26695308089256287,-0.2651252746582031,-0.03118610382080078,0.26695317029953003,False,False,1.4781998470425606,,,,,,,,,,,1.8760999664664268,1.0,-0.9292687773704529,1.3651155233383179,1.0,-1.0,349.9565734863281,52.400001525878906,349.9565734863281,3.7063159942626953,2.9175448417663574,0.5,3.4175448417663574,0.5,0.5,0.0,0.5,0.10406363010406494,-0.2889676094055176,0.30713436007499695,0.20812726020812988,3.152540445327759,1.1525404453277588,2.0,1.5,3.0,True,,True,False,-0.6147318798482188,-0.3073772114293266,0.11303207686765286,False,,False,timeout
149,1787741857.5712988,7.450002999976277,0.04999789968132973,20.0008401627603,0.04999789968132973,20.0008401627603,3.0277296900749207e-06,False,False,7283062.379501772,7283062.3838948,4.393028095364571,7283062.429501772,0.0,0.008195099420845509,122.024144997722,0.05031092744320631,1.0,149,148,-0.5848791624753961,-0.2910537649764272,0.113,-0.4554632582440223,-0.24149598122123445,0.113,-0.4751942268650123,-0.2269553580903904,0.113,-0.4554632582440223,-0.24149598122123445,0.113,7283062.329501772,7283062.379501772,0.05031092744320631,0.049999999813735485,1,True,914,2,1.8850205169152718,15.741712830101957,0.0001950994208455084,1,False,,True,113,0.0255726994946599,0.12032859958708286,8.310576234009034,False,False,False,,1.8577570915222168,5.028050899505615,1.3184783458709717,2.8489835262298584,,,2.2448065280914307,False,0.266196664,0.712787611121,3,-1.0,-1.0,1.4142135381698608,-0.26619666814804077,-0.26619666814804077,0.37645894289016724,-0.26619666814804077,0.0906023159623146,0.2811928987503052,-0.2658889591693878,0.05562317371368408,0.2716447412967682,-0.2658889591693878,0.05562317371368408,0.2716447412967682,-0.26588892936706543,0.05562305450439453,0.2716446816921234,False,False,1.1032000184059143,,,,,,,,,,,1.7491001635789871,1.0,-0.760185956954956,1.2561380863189697,1.0,-0.9292687773704529,401.1565856933594,52.400001525878906,401.1565856933594,12.566255569458008,3.4175448417663574,0.5,3.9175448417663574,0.5,0.5,0.0,0.5,0.14799046516418457,-0.2751932144165039,0.3124619722366333,0.29598093032836914,3.1502068042755127,1.1502068042755127,2.0,1.5,3.0,True,,True,False,-0.6022038256031823,-0.29848143732890614,0.11312635605286497,False,,False,timeout
150,1787741857.6214635,7.500002400018275,0.04999940004199743,20.000239986080658,0.04999940004199743,20.000239986080658,2.4279579520225525e-06,False,False,7283062.429501772,7283062.4335235,4.021728411316872,7283062.479501772,0.0,0.008020900189876556,124.67428547011882,0.048370327800512314,0.9674065596141166,150,149,-0.570140727362395,-0.28677042304283284,0.113,-0.4352762328730841,-0.25637269273449176,0.113,-0.4554632582440223,-0.24149598122123445,0.113,-0.4352762328730841,-0.25637269273449176,0.113,7283062.379501772,7283062.429501772,0.048370327800512314,0.049999999813735485,1,True,920,2,1.8907872913657635,15.71447684690914,2.090018987655623e-05,1,False,,True,115,0.014116499572992325,0.027941000647842884,35.789698894595695,False,False,False,,1.5918681621551514,5.08367395401001,1.5093635320663452,2.5929932594299316,,,2.49204683303833,False,0.266196664,0.712787611121,3,0.3992297947406769,-1.0,1.076747179031372,0.10627364367246628,-0.26619666814804077,0.28662651777267456,-0.26619666814804077,-0.11534404754638672,0.2901118993759155,-0.26610827445983887,-0.06624017655849457,0.27422869205474854,-0.26610827445983887,-0.06624017655849457,0.27422869205474854,-0.26610827445983887,-0.06624031066894531,0.2742287218570709,False,False,1.1320002377033234,,,,,,,,,,,1.570800319314003,1.0,-0.698076605796814,1.2195535898208618,1.0,-0.760185956954956,452.3565673828125,52.400001525878906,452.3565673828125,15.820785522460938,3.9175448417663574,0.5,4.417544841766357,0.5,0.5,0.0,0.5,0.19088518619537354,-0.25599026679992676,0.3193245530128479,0.38177037239074707,3.1906044483184814,1.1906044483184814,2.0,1.5,3.0,True,,True,False,-0.5884247804447474,-0.29158620307024147,0.11309655945503688,False,,False,timeout
151,1787741857.6720827,7.550004499964416,0.05000209994614124,19.999160056820212,0.05000209994614124,19.999160056820212,4.5280903577804565e-06,False,False,7283062.479501772,7283062.4837003,4.19852789491415,7283062.529501772,0.0,0.008007500320672989,124.88291725924717,0.04651042819023132,0.9302085672699234,151,150,-0.5549703566933104,-0.28442265419691004,0.113,-0.4154092254174892,-0.2710135688971633,0.113,-0.4352762328730841,-0.25637269273449176,0.113,-0.4154092254174892,-0.2710135688971633,0.113,7283062.429501772,7283062.479501772,0.04651042819023132,0.049999999813735485,1,True,926,2,1.901760169927871,15.921432800969448,7.500320672988725e-06,1,False,,False,,,,,False,False,False,,1.3257598876953125,5.0174336433410645,1.7350196838378906,2.361905574798584,,,2.686879873275757,False,0.266196664,0.712787611121,3,-0.4962314963340759,-1.0,1.1163537502288818,-0.13209517300128937,-0.26619666814804077,0.29716965556144714,0.024811329320073128,-0.23343336582183838,0.2347482442855835,-0.058744389563798904,-0.18541346490383148,0.19449692964553833,-0.058744385838508606,-0.18541346490383148,0.19449692964553833,-0.05874443054199219,-0.18541336059570312,0.19449684023857117,False,False,1.7280001193284988,,,,,,,,,,,2.190200611948967,1.0,-0.5908544063568115,1.1615115404129028,1.0,-0.698076605796814,503.55657958984375,52.400001525878906,503.55657958984375,21.439228057861328,4.417544841766357,0.5,4.917544841766357,0.5,0.5,0.0,0.5,0.2256561517715454,-0.23108768463134766,0.32298949360847473,0.4513123035430908,3.265368938446045,1.265368938446045,2.0,1.5,3.0,True,,True,False,-0.5738407071479042,-0.28678244318251067,0.11310219616752298,False,,False,timeout
152,1787741857.721638,7.600002000108361,0.04999750014394522,20.000999992418656,0.04999750014394522,20.000999992418656,2.028420567512512e-06,False,False,7283062.529501772,7283062.533709,4.207228310406208,7283062.579501771,0.0,0.008009400218725204,124.85329396601965,0.05253462865948677,1.0,152,151,-0.5370702196555499,-0.2838298491896522,0.113,-0.39547433755835354,-0.28570446913036157,0.113,-0.4154092254174892,-0.2710135688971633,0.113,-0.39547433755835354,-0.28570446913036157,0.113,7283062.479501772,7283062.529501772,0.05253462865948677,0.049999999813735485,1,True,933,2,1.907162061879622,16.06793868607882,9.400218725204301e-06,1,False,,True,116,0.03265049960464239,0.03372679930180311,29.650011880805355,False,False,False,,1.2670154571533203,4.832020282745361,2.0337915420532227,2.124028205871582,,,2.8144567012786865,False,0.266196664,0.712787611121,3,0.7401278018951416,-0.8403653502464294,1.1198227405548096,0.197019562125206,-0.22370246052742004,0.29809311032295227,-0.26619666814804077,-0.26619666814804077,0.37645894289016724,-0.20661380887031555,-0.24299469590187073,0.3189603388309479,-0.20661380887031555,-0.24299469590187073,0.3189603388309479,-0.20661377906799316,-0.2429947853088379,0.31896036863327026,False,False,1.2633996084332466,,,,,,,,,,,1.8637999892234802,1.0,-0.4482922852039337,1.095885992050171,1.0,-0.5908544063568115,554.756591796875,52.400001525878906,554.756591796875,28.90948486328125,4.917544841766357,0.5,5.417544841766357,0.5,0.5,0.0,0.5,0.29877185821533203,-0.23787736892700195,0.3819034695625305,0.5975437164306641,3.3096072673797607,1.3096072673797607,2.0,1.5,3.0,True,,True,False,-0.5561405735702033,-0.2836528924610486,0.11313038755062868,False,,False,timeout
153,1787741857.7712486,7.650002700276673,0.050000700168311596,19.99971993659719,0.050000700168311596,19.99971993659719,2.728775143623352e-06,False,False,7283062.579501771,7283062.5834887,3.9869286119937897,7283062.629501771,0.0,0.008007199503481388,124.88760890311498,0.0505811283364892,1.0,153,152,-0.521753499391299,-0.28491863581671106,0.113,-0.3754712208057693,-0.3004456502517073,0.113,-0.39547433755835354,-0.28570446913036157,0.113,-0.3754712208057693,-0.3004456502517073,0.113,7283062.529501772,7283062.579501771,0.0505811283364892,0.049999999813735485,1,True,939,2,1.9077456111048805,16.618048918664094,7.1995034813879255e-06,1,False,,True,117,0.01946649979799986,0.0814648000523448,12.275240341318643,False,False,False,,1.0604016780853271,4.589025497436523,2.31295108795166,1.9495028257369995,,,2.9216363430023193,False,0.266196664,0.712787611121,3,1.0,-1.0,1.4142135381698608,0.26619666814804077,-0.26619666814804077,0.37645894289016724,0.10627364367246628,-0.26619666814804077,0.28662651777267456,0.01640849933028221,-0.2595328092575073,0.2600509822368622,0.01640850305557251,-0.2595328092575073,0.2600509822368622,0.016408443450927734,-0.2595329284667969,0.26005110144615173,False,False,1.135900616645813,,,,,,,,,,,1.497199758887291,1.0,-0.341974139213562,1.0568568706512451,1.0,-0.4482922852039337,605.9566040039062,52.400001525878906,605.9566040039062,34.480552673339844,5.417544841766357,0.5,5.917544841766357,0.5,0.5,0.0,0.5,0.2791595458984375,-0.17452538013458252,0.329225093126297,0.558319091796875,3.426304340362549,1.4263043403625488,2.0,1.5,3.0,True,,True,False,-0.5407365328508756,-0.28303000257094835,0.1131638194267691,False,,False,timeout
154,1787741857.8229527,7.7014135997742414,0.05141089949756861,19.451128258265417,0.05141089949756861,19.451128258265417,0.0014136284589767456,True,False,7283062.629501771,7283062.6353187,5.816929042339325,7283062.679501771,0.0,0.008006399497389793,124.90008777678594,0.04861842840909958,0.9723685718043468,154,153,-0.5065721645466168,-0.28723247120518774,0.113,-0.3553995242802652,-0.31523737083979575,0.113,-0.3754712208057693,-0.3004456502517073,0.113,-0.3553995242802652,-0.31523737083979575,0.113,7283062.579501771,7283062.629501771,0.04861842840909958,0.049999999813735485,1,True,945,2,1.8998713302822972,17.274320194846908,6.3994973897932295e-06,1,False,,True,118,0.007244899868965149,0.06297900062054396,15.878308486111427,False,False,False,,1.0768101215362549,4.329492568969727,2.6057140827178955,1.7960208654403687,,,2.9590582847595215,False,0.266196664,0.712787611121,3,-1.0,-0.5362995266914368,1.1347322463989258,-0.26619666814804077,-0.14276114106178284,0.30206194519996643,-0.13209517300128937,-0.26619666814804077,0.29716965556144714,-0.08944309502840042,-0.264282763004303,0.2790079712867737,-0.08944309502840042,-0.264282763004303,0.2790079712867737,-0.08944308757781982,-0.2642827033996582,0.2790079116821289,False,False,1.100500114262104,,,,,,,,,,,1.5769004821777344,1.0,-0.24005594849586487,1.0284098386764526,1.0,-0.341974139213562,657.1565551757812,52.400001525878906,657.1565551757812,39.821067810058594,5.917544841766357,0.5,6.417544841766357,0.5,0.5,0.0,0.5,0.29276299476623535,-0.15348196029663086,0.33055540919303894,0.5855259895324707,3.5563876628875732,1.5563876628875732,2.0,1.5,3.0,True,,True,False,-0.5252620520549537,-0.28382196332510123,0.1130874533500964,False,,False,timeout
155,1787741857.871499,7.750003799796104,0.048590200021862984,20.580281611313673,0.048590200021862984,20.580281611313673,3.828667104244232e-06,False,False,7283062.679501771,7283062.683472,3.9702290669083595,7283062.729501771,0.0,0.008011199533939362,124.82525191933001,0.04681332875043154,0.9362665784964955,155,154,-0.49158264958331715,-0.29057455576414987,0.113,-0.33486328893127615,-0.33037143062529983,0.113,-0.3553995242802652,-0.31523737083979575,0.113,-0.33486328893127615,-0.33037143062529983,0.113,7283062.629501771,7283062.679501771,0.04681332875043154,0.049999999813735485,1,True,951,2,1.8988936888743098,18.068223723268463,1.1199533939361406e-05,1,False,,False,,,,,False,False,False,,0.9873670339584351,4.065209865570068,2.905989170074463,1.6642042398452759,,,3.073424816131592,False,0.266196664,0.712787611121,3,1.0,-1.0,1.4142135381698608,0.26619666814804077,-0.26619666814804077,0.37645894289016724,0.197019562125206,-0.22370246052742004,0.29809311032295227,0.11474394053220749,-0.2353576123714447,0.26183846592903137,0.11474394798278809,-0.2353576123714447,0.26183846592903137,0.11474394798278809,-0.23535752296447754,0.2618383765220642,False,False,2.086400054395199,,,,,,,,,,,1.5994003042578697,1.0,-0.18132859468460083,1.0163071155548096,1.0,-0.24005594849586487,708.3565673828125,52.400001525878906,708.3565673828125,42.89838409423828,6.417544841766357,0.5,6.917544841766357,0.5,0.5,0.0,0.5,0.3002750873565674,-0.13181662559509277,0.3279340863227844,0.6005501747131348,3.6995127201080322,1.6995127201080322,2.0,1.5,3.0,True,,True,False,-0.5099879184249906,-0.28590310925421386,0.1130582283024004,False,,False,timeout
156,1787741857.9211328,7.800001500174403,0.04999770037829876,20.000919890988524,0.04999770037829876,20.000919890988524,1.5292316675186157e-06,False,False,7283062.729501771,7283062.7332887,3.786928951740265,7283062.779501771,0.0,0.008004100061953068,124.93596934818824,0.053077428601682186,1.0,156,155,-0.47436226537164855,-0.2955243530358896,0.113,-0.3146520083845859,-0.34526601684994906,0.113,-0.33486328893127615,-0.33037143062529983,0.113,-0.3146520083845859,-0.34526601684994906,0.113,7283062.679501771,7283062.729501771,0.053077428601682186,0.049999999813735485,1,True,958,2,1.8971364855430668,18.624769123944404,4.100061953067613e-06,1,False,,True,119,0.024600899778306484,0.06362579949200153,15.716894844295215,False,False,False,,1.1021109819412231,3.829852342605591,3.2637624740600586,1.5345227718353271,,,3.1529788970947266,False,0.266196664,0.712787611121,3,1.0,-1.0,1.4142135381698608,0.26619666814804077,-0.26619666814804077,0.37645894289016724,0.26619666814804077,-0.26619666814804077,0.37645894289016724,0.22269757091999054,-0.2573392987251282,0.34032002091407776,0.22269757091999054,-0.2573392987251282,0.34032002091407776,0.22269761562347412,-0.2573392391204834,0.34032002091407776,False,False,1.0957997292280197,,,,,,,,,,,1.5492001548409462,1.0,-0.1485557109117508,1.0109741687774658,1.0,-0.18132859468460083,759.5565795898438,52.400001525878906,759.5565795898438,44.615684509277344,6.917544841766357,0.5,7.417544841766357,0.5,0.5,0.0,0.5,0.3577733039855957,-0.12968146800994873,0.38055095076560974,0.7155466079711914,3.797415256500244,1.7974152565002441,2.0,1.5,3.0,True,,True,False,-0.4924352517260147,-0.289756472879459,0.1131068045589789,False,,False,timeout
157,1787741857.9748757,7.853296600282192,0.05329510010778904,18.763451011021758,0.05329510010778904,18.763451011021758,0.003296629525721073,True,False,7283062.779501771,7283062.7867861,7.284329272806644,7283062.82950177,0.0,0.008002199232578278,124.96564643489936,0.05111522879451513,1.0,157,156,-0.45983233406631596,-0.30050217579991745,0.113,-0.2943710738353228,-0.36021193418866665,0.113,-0.3146520083845859,-0.34526601684994906,0.113,-0.2943710738353228,-0.36021193418866665,0.113,7283062.729501771,7283062.779501771,0.05111522879451513,0.049999999813735485,1,True,964,2,1.8980558651515673,19.488568757266464,2.1992325782774214e-06,1,False,,True,120,0.014023699797689915,0.08144710026681423,12.27790795159164,False,False,False,,1.3248085975646973,3.5725131034851074,3.573251247406006,1.439922571182251,,,3.0989410877227783,False,0.266196664,0.712787611121,3,1.0,-0.6727203130722046,1.2052189111709595,0.26619666814804077,-0.1790759116411209,0.3208252489566803,-0.26619666814804077,-0.14276114106178284,0.30206194519996643,-0.1257801651954651,-0.17566940188407898,0.2160564512014389,-0.1257801651954651,-0.17566940188407898,0.2160564512014389,-0.1257801055908203,-0.17566943168640137,0.2160564363002777,False,False,1.1094994843006134,,,,,,,,,,,1.586100086569786,1.0,-0.1434321105480194,1.010233998298645,1.0,-0.1485557109117508,810.756591796875,52.400001525878906,810.756591796875,44.8841552734375,7.417544841766357,0.5,7.917544841766357,0.5,0.5,0.0,0.5,0.30948877334594727,-0.09460020065307617,0.32362401485443115,0.6189775466918945,3.9575304985046387,1.9575304985046387,2.0,1.5,3.0,True,,True,False,-0.47765876274586216,-0.29398465637422544,0.11304458466559739,False,,False,timeout
158,1787741858.021429,7.900036999955773,0.04674039967358112,21.39476784502606,0.04674039967358112,21.39476784502606,3.7029385566711426e-05,False,False,7283062.82950177,7283062.8333005,3.7987297400832176,7283062.87950177,0.0,0.00803690031170845,124.42607985856978,0.049175829626619816,0.9835165961962812,158,157,-0.44550422721564686,-0.30603493346532384,0.113,-0.27402012458976566,-0.37520944845260323,0.113,-0.2943710738353228,-0.36021193418866665,0.113,-0.27402012458976566,-0.37520944845260323,0.113,7283062.779501771,7283062.82950177,0.049175829626619816,0.049999999813735485,1,True,970,2,1.8928635979357067,20.383898203011924,3.690031170845015e-05,1,False,,False,,,,,False,False,False,,1.199028491973877,3.396843671798706,3.885374069213867,1.356545329093933,,,3.3733174800872803,False,0.266196664,0.712787611121,3,1.0,-1.0,1.4142135381698608,0.26619666814804077,-0.26619666814804077,0.37645894289016724,0.26619666814804077,-0.26619666814804077,0.37645894289016724,0.1536160707473755,-0.2401961237192154,0.28511765599250793,0.1536160707473755,-0.2401961237192154,0.28511765599250793,0.1536160707473755,-0.24019622802734375,0.2851177453994751,False,False,1.8980000168085098,,,,,,,,,,,1.6037002205848694,1.0,-0.08134962618350983,1.0033034086227417,1.0,-0.1434321105480194,861.9566650390625,52.400001525878906,861.9566650390625,48.13727951049805,7.917544841766357,0.5,8.417545318603516,0.5,0.5000004768371582,0.0,0.5000004768371582,0.31212282180786133,-0.08337724208831787,0.32306721806526184,0.6242456436157227,4.1221442222595215,2.1221442222595215,2.0,1.5,3.0,True,,True,False,-0.46302485905707175,-0.2988711195913917,0.11302215165719168,False,,False,timeout
159,1787741858.0715237,7.950002999976277,0.049966000020504,20.013609246080154,0.049966000020504,20.013609246080154,3.0295923352241516e-06,False,False,7283062.87950177,7283062.8834862,3.9844298735260963,7283062.92950177,0.0,0.008018500171601772,124.71160174587119,0.047229429706931114,0.944588597657489,159,158,-0.4313622839240731,-0.31202811294023364,0.113,-0.25359879745948294,-0.39025882729137124,0.113,-0.27402012458976566,-0.37520944845260323,0.113,-0.25359879745948294,-0.39025882729137124,0.113,7283062.82950177,7283062.87950177,0.047229429706931114,0.049999999813735485,1,True,976,2,1.6338448347385786,21.055436984698108,1.8500171601772142e-05,1,False,,True,121,0.047657099552452564,0.0636598002165556,15.70850044452286,False,False,False,,1.3526445627212524,3.1566474437713623,4.250099182128906,1.2743345499038696,,,3.455190896987915,False,0.266196664,0.712787611121,3,1.0,-1.0,1.4142135381698608,0.26619666814804077,-0.26619666814804077,0.37645894289016724,0.26619666814804077,-0.26619666814804077,0.37645894289016724,0.23386213183403015,-0.2587290108203888,0.34875810146331787,0.23386213183403015,-0.2587290108203888,0.34875810146331787,0.23386216163635254,-0.2587289810180664,0.34875810146331787,False,False,1.1585000902414322,,,,,,,,,,,1.6197999939322472,1.0,-0.04933803156018257,1.0012164115905762,1.0,-0.08134962618350983,913.1566162109375,52.400001525878906,913.1566162109375,49.8146858215332,8.417545318603516,0.5,8.917545318603516,0.5,0.5,0.0,0.5,0.36472511291503906,-0.08221077919006348,0.3738756775856018,0.7294495701789856,4.238773345947266,2.2387733459472656,2.0,1.5,3.0,True,,True,False,-0.4462828146551581,-0.3053705944537705,0.1130102325628631,False,,False,timeout
160,1787741858.1217537,8.000002400018275,0.04999940004199743,20.000239986080658,0.04999940004199743,20.000239986080658,2.4298205971717834e-06,False,False,7283062.92950177,7283062.9334187,3.9169294759631157,7283062.97950177,0.0,0.008002899587154388,124.95471036586785,0.0533054294064641,1.0,160,159,-0.4150766829412281,-0.3195037027101859,0.113,-0.23270421179372866,-0.40565697126883726,0.113,-0.25359879745948294,-0.39025882729137124,0.113,-0.23270421179372866,-0.40565697126883726,0.113,7283062.87950177,7283062.92950177,0.0533054294064641,0.049999999813735485,1,True,983,2,1.888722879988563,22.058418962126368,2.899587154388261e-06,1,False,,True,122,0.013542000204324722,0.0632967995479703,15.798587087205524,False,False,False,,1.586506724357605,2.897918462753296,4.56198787689209,1.2097907066345215,,,3.4210031032562256,False,0.266196664,0.712787611121,3,1.0,-0.1266498565673828,1.0079882144927979,0.26619666814804077,-0.03371376916766167,0.2683230936527252,0.26619666814804077,-0.1790759116411209,0.3208252489566803,0.2569097876548767,-0.20195326209068298,0.3267839550971985,0.2569097876548767,-0.20195326209068298,0.3267839550971985,0.25690972805023193,-0.20195317268371582,0.3267838656902313,False,False,1.1130999773740768,,,,,,,,,,,1.5592994168400764,1.0,-0.02675081416964531,1.000357747077942,1.0,-0.04933803156018257,964.3566284179688,52.400001525878906,964.3566284179688,50.99825668334961,8.917545318603516,0.5,9.417545318603516,0.5,0.5,0.0,0.5,0.3118886947631836,-0.06454384326934814,0.3184972107410431,0.6237773895263672,4.413012981414795,2.413012981414795,2.0,1.5,3.0,True,,True,False,-0.4320627307756204,-0.3112452908705845,0.11301498647715916,False,,False,timeout
161,1787741858.1734028,8.051845700480044,0.051843300461769104,19.28889540389952,0.051843300461769104,19.28889540389952,0.0018457304686307907,True,False,7283062.97950177,7283062.9853834,5.8816298842430115,7283063.02950177,0.0,0.008010500110685825,124.83615082484334,0.05135163012892008,1.0,161,160,-0.4012827531603194,-0.32626011498594387,0.113,-0.21213963119374715,-0.4208119199230101,0.113,-0.23270421179372866,-0.40565697126883726,0.113,-0.21213963119374715,-0.4208119199230101,0.113,7283062.92950177,7283062.97950177,0.05135163012892008,0.049999999813735485,1,True,989,2,1.889016599025266,23.034933369936045,1.0500110685825181e-05,1,False,,True,123,0.0057165008038282394,0.08389410004019737,11.919789347771248,False,False,False,,1.843416452407837,2.69596529006958,4.873857021331787,1.156308889389038,,,3.3991339206695557,False,0.266196664,0.712787611121,3,0.0813298225402832,-1.0,1.0033018589019775,0.02164972759783268,-0.26619666814804077,0.2670755982398987,0.26619666814804077,-0.26619666814804077,0.37645894289016724,0.26352936029434204,-0.24774514138698578,0.3616979122161865,0.26352936029434204,-0.24774514138698578,0.3616979122161865,0.26352930068969727,-0.24774503707885742,0.361697793006897,False,False,1.142699271440506,,,,,,,,,,,1.6176998615264893,1.0,-0.00658508762717247,1.0000216960906982,1.0,-0.02675081416964531,1015.556640625,52.400001525878906,1015.556640625,52.0549430847168,9.417545318603516,0.5,9.917545318603516,0.5,0.5,0.0,0.5,0.31186914443969727,-0.0534818172454834,0.31642165780067444,0.6237382888793945,4.590843677520752,2.590843677520752,2.0,1.5,3.0,True,,True,False,-0.4181199939810735,-0.31769594123337286,0.11302491222598575,False,,False,timeout
162,1787741858.2220664,8.100001900456846,0.04815619997680187,20.765758105534214,0.04815619997680187,20.765758105534214,1.930631697177887e-06,False,False,7283063.02950177,7283063.0336698,4.168029874563217,7283063.0795017695,0.0,0.008018000051379204,124.71938059266868,0.04939393047243357,0.987878613128806,162,161,-0.3876231377761981,-0.3332842405235672,0.113,-0.191503560661911,-0.43601955266870995,0.113,-0.21213963119374715,-0.4208119199230101,0.113,-0.191503560661911,-0.43601955266870995,0.113,7283062.97950177,7283063.02950177,0.04939393047243357,0.049999999813735485,1,True,995,2,1.8877278243576507,24.027533175355543,1.800005137920363e-05,1,False,,False,,,,,False,False,False,,2.106945753097534,2.4482202529907227,5.185310363769531,1.1069860458374023,,,3.3578622341156006,False,0.266196664,0.712787611121,3,1.0,-1.0,1.4142135381698608,0.26619666814804077,-0.26619666814804077,0.37645894289016724,0.26619666814804077,-0.26619666814804077,0.37645894289016724,0.2654305696487427,-0.26089712977409363,0.3721836805343628,0.2654305696487427,-0.26089712977409363,0.3721836805343628,0.2654306888580322,-0.260897159576416,0.37218379974365234,False,False,1.7181998118758202,,,,,,,,,,,2.1834000945091248,1.0,0.006669092923402786,1.0000221729278564,1.0,-0.00658508762717247,1066.756591796875,52.74945831298828,1066.756591796875,52.74945831298828,9.917545318603516,0.5,10.417545318603516,0.5033345222473145,0.5,0.003334522247314453,0.5000110864639282,0.31145334243774414,-0.04932284355163574,0.31533461809158325,0.6229066848754883,4.771003723144531,2.7710037231445312,2.0,1.5,3.0,True,,False,False,-0.40426267579098635,-0.3243692327700192,0.11300673008199352,False,,False,timeout
163,1787741858.270607,8.150001199916005,0.049999299459159374,20.000280220262365,0.049999299459159374,20.000280220262365,1.2302771210670471e-06,False,False,7283063.0795017695,7283063.0831776,3.67583055049181,7283063.129501769,0.0,0.008028600364923477,124.55471122575065,0.04743813071399927,0.9487626178144016,163,162,-0.3740827778638112,-0.3405356990801119,0.113,-0.17079562676176865,-0.4512801447077688,0.113,-0.191503560661911,-0.43601955266870995,0.113,-0.17079562676176865,-0.4512801447077688,0.113,7283063.02950177,7283063.0795017695,0.04743813071399927,0.049999999813735485,1,True,1001,2,1.6299636234707353,24.77940269806959,2.8600364923477006e-05,1,False,,True,124,0.03825639933347702,0.05967330001294613,16.757913502069602,False,False,False,,2.3723764419555664,2.1873230934143066,5.548104763031006,1.0580356121063232,,,3.370540142059326,False,0.266196664,0.712787611121,3,1.0,-0.7848321199417114,1.2712047100067139,0.26619666814804077,-0.2089196890592575,0.3383904695510864,0.26619666814804077,-0.03371376916766167,0.2683230936527252,0.2659766674041748,-0.098963662981987,0.28379109501838684,0.2659766674041748,-0.098963662981987,0.28379109501838684,0.2659766674041748,-0.09896373748779297,0.28379112482070923,False,False,1.101600006222725,,,,,,,,,,,1.4930004253983498,1.0,0.04431110993027687,1.0009812116622925,1.0,0.006669092923402786,1117.9566650390625,55.07136154174805,1117.9566650390625,55.07136154174805,10.417545318603516,0.5033345222473145,10.917545318603516,0.5254901051521301,0.5,0.022155582904815674,0.5004906058311462,0.3627943992614746,-0.0489504337310791,0.3660818636417389,0.7249036431312561,4.900932788848877,2.900932788848877,2.0,1.5,3.0,True,,False,False,-0.38831939936819476,-0.33259869076555276,0.11302546643532872,False,,False,timeout
164,1787741858.3252835,8.203728300519288,0.05372710060328245,18.61258077899899,0.05372710060328245,18.61258077899899,0.0037283310666680336,True,False,7283063.129501769,,,7283063.179501769,,0.008000600151717663,124.99062333283938,0.05348443053662777,1.0,164,163,-0.3584541645815504,-0.349302672966494,0.113,-0.1511316421313165,-0.4679585738716542,0.113,-0.17079562676176865,-0.4512801447077688,0.113,-0.1511316421313165,-0.4679585738716542,0.113,7283063.0795017695,7283063.129501769,0.05348443053662777,0.049999999813735485,1,True,1008,2,1.880510687436842,25.76810512199716,6.001517176626447e-07,1,False,,True,125,0.012912600301206112,0.06583429966121912,15.189650457982589,False,False,False,,2.638353109359741,2.0883593559265137,5.858994007110596,1.019930362701416,,,3.3932385444641113,False,0.266196664,0.712787611121,3,1.0,-0.7356780171394348,1.241459608078003,0.26619666814804077,-0.19583503901958466,0.3304724395275116,0.02164972759783268,-0.26619666814804077,0.2670755982398987,0.09182345122098923,-0.2181652933359146,0.2367015928030014,0.09182345867156982,-0.2181652933359146,0.2367015928030014,0.09182333946228027,-0.21816527843475342,0.23670153319835663,False,False,1.112399622797966,,,,,,,,,,,1.5449002385139465,1.0,0.07929705083370209,1.0031391382217407,1.0,0.04431110993027687,651.1610107421875,111.04386901855469,651.1610107421875,111.04386901855469,5.858994007110596,1.019930362701416,6.358994007110596,1.0595788955688477,0.5,0.03964853286743164,0.5015695691108704,0.31088924407958984,-0.03810524940490723,0.31321579217910767,0.6171897053718567,5.082657814025879,3.082657814025879,2.0,1.5,3.0,False,lag_over_hard_limit,False,False,-0.37472289462671715,-0.339870808805488,0.11302014254793172,False,,False,timeout
165,1787741858.3708193,8.250003299675882,0.046274999156594276,21.609940966525077,0.046274999156594276,21.609940966525077,3.330409526824951e-06,False,False,7283063.179501769,7283063.1832088,3.707030788064003,7283063.229501769,0.0,0.008002299815416336,124.9640757115238,0.10150813031941652,1.0,165,-1,-0.3717424611337294,-0.34159872756550974,0.113,-0.37472289462671715,-0.339870808805488,0.113,-0.37472289462671715,-0.339870808805488,0.113,-0.37472289462671715,-0.339870808805488,0.113,7283063.1370129,7283063.1370129,0.043996999971568584,0.0,1,True,1014,3,1.0231602650137206,1.3675547347461818,2.299815416335893e-06,1,False,,False,,,,,False,False,False,,2.7301764488220215,1.8701940774917603,6.134036064147949,0.9889799952507019,,,3.5160770416259766,True,0.266196664,0.712787611121,3,1.0,-1.0,1.4142135381698608,0.26619666814804077,-0.26619666814804077,0.37645894289016724,0.26619666814804077,-0.26619666814804077,0.37645894289016724,0.21611449122428894,-0.2524014711380005,0.3322829604148865,0.21611449122428894,-0.2524014711380005,0.3322829604148865,0.21611452102661133,-0.2524014711380005,0.33228299021720886,False,False,1.1077001690864563,,,,,,,,,,,1.9784001633524895,0.9118505120277405,0.031627554446458817,0.9123988747596741,1.0,0.07929705083370209,646.6477661132812,108.5459976196289,646.6477661132812,108.5459976196289,5.858994007110596,1.019930362701416,6.314919471740723,1.0357441902160645,0.45592546463012695,0.015813827514648438,0.45619961619377136,0.2750420570373535,-0.03095036745071411,0.2767780125141144,,0.2767780125141144,0.0,2.0,1.5,3.0,True,,False,False,-0.3627414506976352,-0.3464636523105452,0.11299666162319254,False,,False,timeout
166,1787741858.422371,8.300002300180495,0.04999900050461292,20.00039980614692,0.04999900050461292,20.00039980614692,2.3311004042625427e-06,False,False,7283063.229501769,7283063.2346907,5.188930779695511,7283063.279501769,0.0,0.008013100363314152,124.79564146959072,0.04955513123422861,0.9911026283767173,166,165,-0.36130960541050894,-0.35039528221634303,0.113,-0.3571483346475617,-0.3536603414269568,0.113,-0.37472289462671715,-0.339870808805488,0.113,-0.3571483346475617,-0.3536603414269568,0.113,7283063.179501769,7283063.229501769,0.04955513123422861,0.049999999813735485,1,True,1019,3,0.4957838919099013,1.0089991671992422,1.3100363314151597e-05,1,False,,True,126,0.04555050004273653,0.07884180080145597,12.683627084042111,False,False,False,,2.946290969848633,1.6177926063537598,6.111122131347656,0.9969912767410278,,,3.2251434326171875,False,0.266196664,0.712787611121,3,0.5273257493972778,-1.0,1.1305186748504639,0.1403723508119583,-0.26619666814804077,0.30094030499458313,0.26619666814804077,-0.2089196890592575,0.3383904695510864,0.2518124580383301,-0.2214081883430481,0.3353074789047241,0.2518124580383301,-0.2214081883430481,0.3353074789047241,0.2518124580383301,-0.22140812873840332,0.33530744910240173,False,False,1.9149994477629662,,,,,,,,,,,2.070200629532337,0.8567644953727722,0.01850302889943123,0.8569642901420593,0.9118505120277405,0.031627554446458817,690.5140991210938,109.51554870605469,690.5140991210938,109.51554870605469,6.314919471740723,1.0357441902160645,6.743301868438721,1.044995665550232,0.42838239669799805,0.00925147533416748,0.4284822940826416,-0.02291393280029297,0.008011281490325928,0.024274038150906563,-0.049588944762945175,0.20744913816452026,0.0,2.0,1.5,3.0,True,,False,False,-0.3639204241076359,-0.3461806064045106,0.11301732857811929,False,,False,timeout
167,1787741858.471022,8.350000999867916,0.04999869968742132,20.000520138558326,0.04999869968742132,20.000520138558326,1.0309740900993347e-06,False,False,7283063.279501769,7283063.2834906,3.988831304013729,7283063.329501769,0.0,0.00800700020045042,124.89071749289411,0.04758543148636818,0.9517086332727546,167,166,-0.34921424985500293,-0.3598626975663936,0.113,-0.3402899314934219,-0.36684347524575395,0.113,-0.3571483346475617,-0.3536603414269568,0.113,-0.3402899314934219,-0.36684347524575395,0.113,7283063.229501769,7283063.279501769,0.04758543148636818,0.049999999813735485,1,True,1025,3,1.7041485344003724,2.8370081260687416,7.000200450420213e-06,1,False,,True,127,0.028720899485051632,0.0638824999332428,15.653739303330331,False,False,False,,3.198103427886963,1.3963844776153564,6.16903018951416,1.0210436582565308,,,2.9945428371429443,False,0.266196664,0.712787611121,3,1.0,-1.0,1.4142135381698608,0.26619666814804077,-0.26619666814804077,0.37645894289016724,0.26619666814804077,-0.19583503901958466,0.3304724395275116,0.2620653510093689,-0.2031799554824829,0.33160269260406494,0.2620653510093689,-0.2031799554824829,0.33160269260406494,0.26206541061401367,-0.2031799554824829,0.3316027522087097,False,False,1.139400526881218,,,,,,,,,,,1.5849005430936813,0.787437379360199,-0.005371522158384323,0.787455677986145,0.8567644953727722,0.01850302889943123,730.8309326171875,109.23406982421875,730.8309326171875,109.23406982421875,6.743301868438721,1.044995665550232,7.137020587921143,1.0423098802566528,0.3937187194824219,-0.0026857852935791016,0.3937278687953949,0.057908058166503906,0.02405238151550293,0.06270454823970795,0.13632740080356598,0.574770987033844,0.0,2.0,1.5,3.0,True,,False,False,-0.36240397305149535,-0.3490719231077839,0.11305110100996828,False,,False,timeout
168,1787741858.5226734,8.401111399754882,0.05111039988696575,19.56548965008238,0.05111039988696575,19.56548965008238,0.001111431047320366,True,False,7283063.329501769,7283063.3342969,4.7951312735676765,7283063.379501768,0.0,0.008010299876332283,124.83927136793724,0.05366133153438568,1.0,168,167,-0.33494407849906266,-0.37070147973276585,0.113,-0.3246328988901605,-0.3784357904203987,0.113,-0.3402899314934219,-0.36684347524575395,0.113,-0.3246328988901605,-0.3784357904203987,0.113,7283063.279501769,7283063.329501769,0.05366133153438568,0.049999999813735485,1,True,1032,3,2.133766693739529,3.422714067036623,1.0299876332282853e-05,1,False,,False,,,,,False,False,False,,3.4601688385009766,1.1932045221328735,6.442130088806152,1.0359840393066406,,,2.986103057861328,False,0.266196664,0.712787611121,3,0.8600868582725525,0.8114191293716431,1.18243408203125,0.22895225882530212,0.21599707007408142,0.3147600293159485,0.26619666814804077,-0.26619666814804077,0.37645894289016724,0.26501011848449707,-0.2480974942445755,0.3630189299583435,0.26501011848449707,-0.2480974942445755,0.3630189299583435,0.26501011848449707,-0.2480974793434143,0.3630189001560211,False,False,1.213899813592434,,,,,,,,,,,2.204999327659607,0.7234445214271545,-0.034183990210294724,0.7242516875267029,0.787437379360199,-0.005371522158384323,767.8712768554688,107.44283294677734,767.8712768554688,107.44283294677734,7.137020587921143,1.0423098802566528,7.498743057250977,1.025217890739441,0.361722469329834,-0.017091989517211914,0.36212605237960815,0.2730998992919922,0.014940381050109863,0.2735082507133484,0.6933510303497314,0.6949192881584167,0.0,2.0,1.5,3.0,True,,False,False,-0.3519963373932142,-0.3578752990283231,0.11292526396436092,False,,False,timeout
169,1787741858.5732641,8.450003299862146,0.04889190010726452,20.453285673211475,0.04889190010726452,20.453285673211475,3.3313408493995667e-06,False,False,7283063.379501768,7283063.3845905,5.088731646537781,7283063.429501768,0.0,0.008003400638699532,124.94688759733131,0.0516887316480279,1.0,169,168,-0.3223520040013151,-0.3794960685280305,0.113,-0.3094568085561427,-0.3882633732594538,0.113,-0.3246328988901605,-0.3784357904203987,0.113,-0.3094568085561427,-0.3882633732594538,0.113,7283063.329501769,7283063.379501768,0.0516887316480279,0.049999999813735485,1,True,1038,3,2.027127955485681,3.58628872525791,3.4006386995313886e-06,1,False,,True,128,0.04693679977208376,0.06658289954066277,15.018871315288562,False,False,False,,3.7251789569854736,0.9451070427894592,6.772036552429199,1.0385609865188599,,,3.048290491104126,False,0.266196664,0.712787611121,3,1.0,0.17962411046028137,1.0160043239593506,0.26619666814804077,0.047815341502428055,0.2704569697380066,0.1403723508119583,-0.26619666814804077,0.30094030499458313,0.17616987228393555,-0.26099836826324463,0.31489041447639465,0.17616987228393555,-0.26099836826324463,0.31489041447639465,0.17616987228393555,-0.26099836826324463,0.31489041447639465,False,False,1.5920000150799751,,,,,,,,,,,2.292799763381481,0.6516610383987427,-0.05275016650557518,0.6537925601005554,0.7234445214271545,-0.034183990210294724,801.236328125,104.67872619628906,801.236328125,104.67872619628906,7.498743057250977,1.025217890739441,7.824573516845703,0.9988428354263306,0.32583045959472656,-0.02637505531311035,0.32689622044563293,0.3299064636230469,0.0025769472122192383,0.3299165368080139,0.9096753001213074,0.7268289923667908,0.0,2.0,1.5,3.0,True,,False,False,-0.3388876705522503,-0.3677701783146299,0.11299771730094461,False,,False,timeout
170,1787741858.6229289,8.500001300126314,0.049998000264167786,20.000799926325712,0.049998000264167786,20.000799926325712,1.3317912817001343e-06,False,False,7283063.429501768,7283063.4346397,5.137931555509567,7283063.479501768,0.0,0.008027799427509308,124.56713810926121,0.04974963143467903,0.9949926324002171,170,169,-0.3094336105001064,-0.3878041655900675,0.113,-0.2950805444379986,-0.3967881053335655,0.113,-0.3094568085561427,-0.3882633732594538,0.113,-0.2950805444379986,-0.3967881053335655,0.113,7283063.379501768,7283063.429501768,0.04974963143467903,0.049999999813735485,1,True,1044,3,1.9145059052865683,3.607554602833058,2.7799427509307695e-05,1,False,,True,129,0.03654529992491007,0.08204449992626905,12.188507467272885,False,False,False,,3.901348829269409,0.6841086745262146,7.102602005004883,1.0322946310043335,,,3.220132827758789,False,0.266196664,0.712787611121,3,1.0,0.38498416543006897,1.0715469121932983,0.26619666814804077,0.10248149931430817,0.2852422297000885,0.26619666814804077,-0.26619666814804077,0.37645894289016724,0.24033986032009125,-0.2647036612033844,0.3575350046157837,0.24033986032009125,-0.2647036612033844,0.3575350046157837,0.240339994430542,-0.2647036612033844,0.35753509402275085,False,False,2.1093999966979027,,,,,,,,,,,1.5650996938347816,0.5875116586685181,-0.09707367420196533,0.5954773426055908,0.6516610383987427,-0.05275016650557518,831.3169555664062,99.59207153320312,831.3169555664062,99.59207153320312,7.824573516845703,0.9988428354263306,8.118329048156738,0.9503059983253479,0.29375553131103516,-0.048536837100982666,0.29773837327957153,0.3305654525756836,-0.006266355514526367,0.3306248188018799,1.009474277496338,0.7227460741996765,0.0,2.0,1.5,3.0,True,,False,False,-0.325424238125121,-0.3772764354151991,0.11299658517917545,False,,False,timeout
171,1787741858.6745274,8.552967900410295,0.05296660028398037,18.879822277406916,0.05296660028398037,18.879822277406916,0.0029679322615265846,True,False,7283063.479501768,7283063.4867143,7.212531752884388,7283063.529501768,0.0,0.008081999607384205,123.73175557770868,0.05606873147189617,1.0,171,170,-0.2938428351981306,-0.39663328881096993,0.113,-0.28156310234275894,-0.4032534050051571,0.113,-0.2950805444379986,-0.3967881053335655,0.113,-0.28156310234275894,-0.4032534050051571,0.113,7283063.429501768,7283063.479501768,0.05606873147189617,0.049999999813735485,1,True,1051,3,1.8850844143247176,3.2799428777236064,8.19996073842047e-05,1,False,,True,130,0.025410400703549385,0.060131900012493134,16.630108142138162,False,False,False,,4.141688823699951,0.4194050133228302,7.466704845428467,1.0160630941390991,,,3.3781256675720215,False,0.266196664,0.712787611121,3,1.0,-1.0,1.4142135381698608,0.26619666814804077,-0.26619666814804077,0.37645894289016724,0.22895225882530212,0.21599707007408142,0.3147600293159485,0.23222297430038452,0.07793386280536652,0.24495142698287964,0.23222297430038452,0.07793387770652771,0.24495142698287964,0.2322230339050293,0.07793387770652771,0.24495147168636322,False,False,1.2087002396583557,,,,,,,,,,,1.5877997502684593,0.5549788475036621,-0.12205813825130463,0.5682426691055298,0.5875116586685181,-0.09707367420196533,859.7318115234375,93.19622039794922,859.7318115234375,93.19622039794922,8.118329048156738,0.9503059983253479,8.395818710327148,0.889276921749115,0.27748966217041016,-0.06102907657623291,0.2841215431690216,0.364102840423584,-0.016231536865234375,0.3644644618034363,1.215423822402954,0.6549336314201355,0.0,2.0,1.5,3.0,True,,False,False,-0.3102344478467664,-0.38732369564276964,0.11302889174064129,False,,False,timeout
172,1787741858.7211435,8.600003600120544,0.0470356997102499,21.260446983040897,0.0470356997102499,21.260446983040897,3.632158041000366e-06,False,False,7283063.529501768,7283063.5333232,3.821432590484619,7283063.579501768,0.0,0.00801939982920885,124.69761095558873,0.0461205318570137,0.9224106405765214,172,171,-0.2823398433881641,-0.4022455491482154,0.113,-0.26844279141025057,-0.40869931393887277,0.113,-0.28156310234275894,-0.4032534050051571,0.113,-0.26844279141025057,-0.40869931393887277,0.113,7283063.479501768,7283063.529501768,0.0461205318570137,0.049999999813735485,1,True,1056,3,1.6287366084174784,3.1607171762397828,1.9399829208850694e-05,1,False,,False,,,,,False,False,False,,4.3739118576049805,0.4973388910293579,7.771636009216309,0.9867110848426819,,,3.4327850341796875,False,0.266196664,0.712787611121,3,1.0,0.42782267928123474,1.0876728296279907,0.26619666814804077,0.11388497054576874,0.28953489661216736,0.26619666814804077,0.047815341502428055,0.2704569697380066,0.2564390301704407,0.0564657598733902,0.26258209347724915,0.2564390301704407,0.0564657598733902,0.26258209347724915,0.256439208984375,0.056465744972229004,0.26258227229118347,False,False,1.3287998735904694,,,,,,,,,,,2.1430999040603638,0.5592696666717529,-0.1464252769947052,0.5781201720237732,0.5549788475036621,-0.12205813825130463,888.3663940429688,85.52354431152344,888.3663940429688,85.52354431152344,8.395818710327148,0.889276921749115,8.675453186035156,0.8160642981529236,0.2796344757080078,-0.0732126235961914,0.28905972838401794,0.3049311637878418,-0.029352009296417236,0.3063405752182007,1.0703810453414917,0.6317415833473206,0.0,2.0,1.5,3.0,True,,False,False,-0.2969279475150459,-0.395002288848259,0.11302630912874925,False,,False,timeout
173,1787741858.7730975,8.650003099814057,0.04999949969351292,20.000200124597306,0.04999949969351292,20.000200124597306,3.1320378184318542e-06,False,False,7283063.579501768,7283063.5845593,5.057532340288162,7283063.629501767,0.0,0.00800669938325882,124.8954097228749,0.05217663198709488,1.0,173,172,-0.26578313793879116,-0.40909159752678,0.113,-0.2541777120323325,-0.4135445419141739,0.113,-0.26844279141025057,-0.40869931393887277,0.113,-0.2541777120323325,-0.4135445419141739,0.113,7283063.529501768,7283063.579501768,0.05217663198709488,0.049999999813735485,1,True,1063,3,1.893081631576279,3.1359183374183033,6.6993832588194135e-06,1,False,,True,131,0.04149390012025833,0.06409990042448044,15.600648259635818,False,False,False,,4.6303510665893555,0.5538046360015869,8.071648597717285,0.9437270164489746,,,3.463317394256592,False,0.266196664,0.712787611121,3,1.0,1.0,1.4142135381698608,0.26619666814804077,0.26619666814804077,0.37645894289016724,0.26619666814804077,0.10248149931430817,0.2852422297000885,0.26339420676231384,0.08926521241664886,0.2781093120574951,0.26339420676231384,0.08926521241664886,0.2781093120574951,0.2633943557739258,0.08926522731781006,0.27810946106910706,False,False,1.5721991658210754,,,,,,,,,,,2.11349967867136,0.5676624178886414,-0.1419515758752823,0.5851417183876038,0.5592696666717529,-0.1464252769947052,917.4307250976562,78.08528137207031,917.4307250976562,78.08528137207031,8.675453186035156,0.8160642981529236,8.959284782409668,0.745088517665863,0.2838315963745117,-0.07097578048706055,0.2925712466239929,0.30001258850097656,-0.042984068393707275,0.30307620763778687,1.0417125225067139,0.6171529293060303,0.0,2.0,1.5,3.0,True,,False,False,-0.2832957817939189,-0.40190258230637355,0.11296576923354844,False,,False,timeout
174,1787741858.822286,8.700002499856055,0.04999940004199743,20.000239986080658,0.04999940004199743,20.000239986080658,2.532266080379486e-06,False,False,7283063.629501767,7283063.6337898,4.288032650947571,7283063.679501767,0.0,0.008059299550950527,124.08026202253002,0.05029813200235367,1.0,174,173,-0.25143658852509404,-0.4145784988438846,0.113,-0.24018121208257417,-0.41887682135710563,0.113,-0.2541777120323325,-0.4135445419141739,0.113,-0.24018121208257417,-0.41887682135710563,0.113,7283063.579501768,7283063.629501767,0.05029813200235367,0.049999999813735485,1,True,1069,3,1.8944410924953188,3.0992474826188907,5.9299550950527025e-05,1,False,,True,132,0.028474699705839157,0.08117160014808178,12.31957973202074,False,False,False,,4.893745422363281,0.643069863319397,8.367940902709961,0.8842877149581909,,,3.4825594425201416,False,0.266196664,0.712787611121,3,0.929079532623291,1.0,1.364986777305603,0.24731788039207458,0.26619666814804077,0.3633549213409424,0.26619666814804077,-0.26619666814804077,0.37645894289016724,0.26539182662963867,-0.16410359740257263,0.3120301365852356,0.26539182662963867,-0.16410359740257263,0.3120301365852356,0.26539182662963867,-0.16410359740257263,0.3120301365852356,False,False,1.1758003383874893,,,,,,,,,,,1.705799251794815,0.5574072003364563,-0.12271839380264282,0.5707561373710632,0.5676624178886414,-0.1419515758752823,945.9700317382812,71.65483093261719,945.9700317382812,71.65483093261719,8.959284782409668,0.745088517665863,9.237988471984863,0.6837292909622192,0.2787036895751953,-0.0613592267036438,0.28537818789482117,0.2962923049926758,-0.05943930149078369,0.30219557881355286,1.0317522287368774,0.6075063943862915,0.0,2.0,1.5,3.0,True,,False,False,-0.2691745496737911,-0.4079260367509038,0.11298630028277208,False,,False,timeout
175,1787741858.871888,8.75000249966979,0.049999999813735485,20.000000074505806,0.049999999813735485,20.000000074505806,2.532266080379486e-06,False,False,7283063.679501767,7283063.6834429,3.9411326870322227,7283063.729501767,0.0,0.00801099929958582,124.82837191755858,0.04835033230483532,0.9670066496990869,175,174,-0.2370630359424579,-0.4199942062098525,0.113,-0.22651478652836823,-0.4239399735818701,0.113,-0.24018121208257417,-0.41887682135710563,0.113,-0.22651478652836823,-0.4239399735818701,0.113,7283063.629501767,7283063.679501767,0.04835033230483532,0.049999999813735485,1,True,1075,3,1.640015095132697,2.7662222849322644,1.0999299585819078e-05,1,False,,True,133,0.014769099652767181,0.06280159950256348,15.923161319468962,False,False,False,,5.15913724899292,0.47896626591682434,8.707819938659668,0.8030252456665039,,,3.563448190689087,True,0.266196664,0.712787611121,3,0.7360143661499023,-0.9765734672546387,1.2228707075119019,0.1959245651960373,-0.2599605917930603,0.32552409172058105,0.26619666814804077,0.11388497054576874,0.28953489661216736,0.2659655213356018,0.03404320776462555,0.2681353986263275,0.2659655213356018,0.03404320776462555,0.2681353986263275,0.26596546173095703,0.03404322266578674,0.26813533902168274,False,False,1.1579003185033798,,,,,,,,,,,1.5163999050855637,0.5701729655265808,-0.0961170643568039,0.5782176852226257,0.5574072003364563,-0.12271839380264282,975.1629028320312,66.61830139160156,975.1629028320312,66.61830139160156,9.237988471984863,0.6837292909622192,9.523075103759766,0.6356707811355591,0.28508663177490234,-0.048058509826660156,0.2891089916229248,0.33987903594970703,-0.08126246929168701,0.3494586646556854,1.2243478298187256,0.5434244871139526,0.0,2.0,1.5,3.0,True,,False,False,-0.25242082172434105,-0.41424076691000694,0.11296389837827422,False,,False,timeout
176,1787741858.9226744,8.800004200078547,0.05000170040875673,19.99931985962764,0.05000170040875673,19.99931985962764,4.23286110162735e-06,False,False,7283063.729501767,7283063.7340204,4.518632777035236,7283063.779501767,0.0,0.00800700020045042,124.89071749289411,0.046382732689380646,0.9276546572433958,176,175,-0.22290786151868486,-0.42595198185422495,0.113,-0.21268433911756604,-0.4305429019511063,0.113,-0.22651478652836823,-0.4239399735818701,0.113,-0.21268433911756604,-0.4305429019511063,0.113,7283063.679501767,7283063.729501767,0.046382732689380646,0.049999999813735485,1,True,1081,3,1.6389321143503368,2.75941314272989,7.000200450420213e-06,1,False,,False,,,,,False,False,False,,5.425102710723877,0.5130094885826111,8.99767780303955,0.7330344915390015,,,3.5793442726135254,True,0.266196664,0.712787611121,3,1.0,-1.0,1.4142135381698608,0.26619666814804077,-0.26619666814804077,0.37645894289016724,0.26619666814804077,0.26619666814804077,0.37645894289016724,0.266130268573761,0.1995193213224411,0.33261582255363464,0.266130268573761,0.1995193213224411,0.33261582255363464,0.2661304473876953,0.1995193362236023,0.3326159417629242,False,False,1.9707996398210526,,,,,,,,,,,2.171199768781662,0.5603674054145813,-0.06686358153820038,0.5643424391746521,0.5701729655265808,-0.0961170643568039,1003.8536987304688,63.114646911621094,1003.8536987304688,63.114646911621094,9.523075103759766,0.6356707811355591,9.803258895874023,0.6022390127182007,0.2801837921142578,-0.0334317684173584,0.2821713089942932,0.2898578643798828,-0.06999075412750244,0.29818832874298096,1.0288840532302856,0.5343425869941711,0.0,2.0,1.5,3.0,True,,False,False,-0.23802614310842876,-0.41962371847395347,0.1130221789993467,False,,False,timeout
177,1787741858.973362,8.85000430047512,0.050000100396573544,19.99995984145122,0.050000100396573544,19.99995984145122,4.3334439396858215e-06,False,False,7283063.779501767,7283063.7836975,4.195732995867729,7283063.829501767,0.0,0.008011700585484505,124.81744535133865,0.052655733190476894,1.0,177,176,-0.20689789709513778,-0.4339946636900717,0.113,-0.20032034003503657,-0.43749619856864813,0.113,-0.21268433911756604,-0.4305429019511063,0.113,-0.20032034003503657,-0.43749619856864813,0.113,7283063.729501767,7283063.779501767,0.052655733190476894,0.049999999813735485,1,True,1088,3,1.8977279171870438,2.642807798448044,1.1700585484504533e-05,1,False,,True,134,0.03521199990063906,0.06370509974658489,15.69733041746957,False,False,False,,5.691233158111572,0.7125288248062134,9.287605285644531,0.6695424914360046,,,3.5966291427612305,True,0.266196664,0.712787611121,3,1.0,-1.0,1.4142135381698608,0.26619666814804077,-0.26619666814804077,0.37645894289016724,0.24731788039207458,0.26619666814804077,0.3633549213409424,0.2527211010456085,0.2470461130142212,0.35341155529022217,0.2527211010456085,0.2470461130142212,0.35341155529022217,0.25272130966186523,0.2470461130142212,0.3534117043018341,False,False,1.1272002011537552,,,,,,,,,,,1.783500425517559,0.567084550857544,-0.03319115564227104,0.5680550336837769,0.5603674054145813,-0.06686358153820038,1032.888427734375,61.37542724609375,1032.888427734375,61.37542724609375,9.803258895874023,0.6022390127182007,10.086801528930664,0.5856434106826782,0.2835426330566406,-0.01659560203552246,0.2840278744697571,0.28992748260498047,-0.06349200010299683,0.2967981994152069,1.0469096899032593,0.5200272798538208,0.0,2.0,1.5,3.0,True,,False,False,-0.2237922083406801,-0.42535065649269366,0.11302262471052857,False,,False,timeout
178,1787741859.0254178,8.903792399913073,0.05378809943795204,18.591473029337333,0.05378809943795204,18.591473029337333,0.0037924330681562424,True,False,7283063.829501767,7283063.8372081,7.706332951784134,7283063.8795017665,0.0,0.008001100271940231,124.98281061505863,0.05067723337560892,1.0,178,177,-0.19363836959074598,-0.4417458682653736,0.113,-0.1878731371282193,-0.4452286311844897,0.113,-0.20032034003503657,-0.43749619856864813,0.113,-0.1878731371282193,-0.4452286311844897,0.113,7283063.779501767,7283063.829501767,0.05067723337560892,0.049999999813735485,1,True,1094,3,1.635501053111032,2.3090507215565736,1.1002719402311567e-06,1,False,,True,135,0.02477720007300377,0.07978480029851198,12.533715648325693,False,False,False,,5.9439544677734375,0.9595749378204346,9.632038116455078,0.6163300275802612,,,3.70402193069458,True,0.266196664,0.712787611121,3,1.0,-1.0,1.4142135381698608,0.26619666814804077,-0.26619666814804077,0.37645894289016724,0.1959245651960373,-0.2599605917930603,0.32552409172058105,0.21223729848861694,-0.11434198915958405,0.24107833206653595,0.21223729848861694,-0.11434197425842285,0.24107833206653595,0.21223735809326172,-0.11434197425842285,0.24107837677001953,False,False,1.1009005829691887,,,,,,,,,,,1.5369001775979996,0.6000555157661438,0.013466868549585342,0.6002066135406494,0.567084550857544,-0.03319115564227104,1063.611328125,62.081092834472656,1063.611328125,62.081092834472656,10.086801528930664,0.5856434106826782,10.386829376220703,0.5923768281936646,0.30002784729003906,0.006733417510986328,0.30010339617729187,0.3444328308105469,-0.05321246385574341,0.34851905703544617,1.2215476036071777,0.45579758286476135,0.0,2.0,1.5,3.0,True,,False,False,-0.20762047491749522,-0.4332615933627143,0.11306464890196966,False,,False,timeout
179,1787741859.0710003,8.950002300553024,0.04620990063995123,21.640384120095685,0.04620990063995123,21.640384120095685,2.333894371986389e-06,False,False,7283063.8795017665,7283063.8834455,3.943733870983124,7283063.929501766,0.0,0.008007699623703957,124.87980905775417,0.048731133341789246,0.9746226704665373,179,178,-0.18118022348765667,-0.45072220208706065,0.113,-0.17567404921609575,-0.45495066912765997,0.113,-0.1878731371282193,-0.4452286311844897,0.113,-0.17567404921609575,-0.45495066912765997,0.113,7283063.829501767,7283063.8795017665,0.048731133341789246,0.049999999813735485,1,True,1100,3,1.639539576831142,2.333707792552985,7.699623703956437e-06,1,False,,True,136,0.0037264004349708557,0.06400949973613024,15.62268107269004,False,False,False,,6.156191825866699,0.8452329635620117,9.927886962890625,0.5889772176742554,,,3.7803902626037598,True,0.266196664,0.712787611121,3,1.0,-1.0,1.4142135381698608,0.26619666814804077,-0.26619666814804077,0.37645894289016724,0.26619666814804077,-0.26619666814804077,0.37645894289016724,0.25069889426231384,-0.2225821167230606,0.33525025844573975,0.25069889426231384,-0.2225821167230606,0.33525025844573975,0.2506990432739258,-0.22258210182189941,0.3352503478527069,False,False,1.1053001508116722,,,,,,,,,,,1.5537003055214882,0.5796719789505005,0.032141853123903275,0.5805624127388,0.6000555157661438,0.013466868549585342,1093.29052734375,63.76531982421875,1093.29052734375,63.76531982421875,10.386829376220703,0.5923768281936646,10.676665306091309,0.6084477305412292,0.28983592987060547,0.016070902347564697,0.29028114676475525,0.2958488464355469,-0.02735280990600586,0.2971106171607971,0.9835299253463745,0.4589550197124481,0.0,2.0,1.5,3.0,True,,False,False,-0.19435965699487034,-0.4409697552894111,0.11303628067685295,False,,False,timeout
180,1787741859.1236212,9.000002100132406,0.04999979957938194,20.000080168568573,0.04999979957938194,20.000080168568573,2.1336600184440613e-06,False,False,7283063.929501766,7283063.9353659,5.864134058356285,7283063.979501766,0.0,0.008011399768292904,124.82213207706191,0.054769533686339855,1.0,180,179,-0.16710348838955263,-0.4618112110966512,0.113,-0.16386104345332225,-0.4643891301451156,0.113,-0.17567404921609575,-0.45495066912765997,0.113,-0.16386104345332225,-0.4643891301451156,0.113,7283063.8795017665,7283063.929501766,0.054769533686339855,0.049999999813735485,1,True,1107,3,1.8918410264124508,2.306016454108393,1.1399768292903734e-05,1,False,,False,,,,,False,False,False,,6.406890869140625,0.6226508617401123,10.226888656616211,0.5816864967346191,,,3.8202176094055176,True,0.266196664,0.712787611121,3,1.0,-1.0,1.4142135381698608,0.26619666814804077,-0.26619666814804077,0.37645894289016724,0.26619666814804077,-0.26619666814804077,0.37645894289016724,0.2617455720901489,-0.2536700367927551,0.3644986152648926,0.2617455720901489,-0.2536700367927551,0.3644986152648926,0.2617454528808594,-0.2536700367927551,0.3644985258579254,False,False,2.031199634075165,,,,,,,,,,,3.5552000626921654,0.5787032246589661,0.03976042941212654,0.58006751537323,0.5796719789505005,0.032141853123903275,1122.9200439453125,65.84877014160156,1122.9200439453125,65.84877014160156,10.676665306091309,0.6084477305412292,10.96601676940918,0.6283279657363892,0.2893514633178711,0.019880235195159912,0.29003360867500305,0.29900169372558594,-0.0072907209396362305,0.29909056425094604,1.027071475982666,0.45057207345962524,0.0,2.0,1.5,3.0,True,,False,False,-0.18168812533706546,-0.44976155780017274,0.11302162095375423,False,,False,timeout
181,1787741859.1712599,9.05000239983201,0.05000029969960451,19.99988012087675,0.05000029969960451,19.99988012087675,2.4335458874702454e-06,False,False,7283063.979501766,7283063.9835606,4.0588341653347015,7283064.029501766,0.0,0.008006899617612362,124.89228637266189,0.05281093344092369,1.0,181,180,-0.1553998407736509,-0.4717582494923216,0.113,-0.15280699250810925,-0.4739947186547004,0.113,-0.16386104345332225,-0.4643891301451156,0.113,-0.15280699250810925,-0.4739947186547004,0.113,7283063.929501766,7283063.979501766,0.05281093344092369,0.049999999813735485,1,True,1113,3,1.8917377084430766,2.2341386138236956,6.8996176123617414e-06,1,False,,True,137,0.025675700046122074,0.0672507006675005,14.869733550348851,False,False,False,,6.668636322021484,0.3689808249473572,10.524925231933594,0.5896750688552856,,,3.8625988960266113,True,0.266196664,0.712787611121,3,1.0,-1.0,1.4142135381698608,0.26619666814804077,-0.26619666814804077,0.37645894289016724,0.26619666814804077,-0.26619666814804077,0.37645894289016724,0.2649182081222534,-0.2625988721847534,0.37301450967788696,0.2649182081222534,-0.2625988721847534,0.37301450967788696,0.26491832733154297,-0.06898081302642822,0.2737518548965454,False,True,1.3520997017621994,,,,,,,,,,,1.5596002340316772,0.5914909839630127,0.067853182554245,0.5953701734542847,0.5787032246589661,0.03976042941212654,1153.2044677734375,69.40428161621094,1153.2044677734375,69.40428161621094,10.96601676940918,0.6283279657363892,11.261762619018555,0.6622545719146729,0.295745849609375,0.03392660617828369,0.297685444355011,0.2980365753173828,0.007988572120666504,0.2981436252593994,1.0270644426345825,0.44278189539909363,0.0,2.0,1.5,3.0,True,,False,False,-0.16961314177359,-0.4592743177597584,0.11302605640763605,False,,False,timeout
182,1787741859.2230034,9.100004700012505,0.050002300180494785,19.999079970126783,0.050002300180494785,19.999079970126783,4.733912646770477e-06,False,False,7283064.029501766,7283064.034689,5.1872339099645615,7283064.079501766,0.0,0.00801290012896061,124.79875998775422,0.050891634076833725,1.0,182,181,-0.14436588814967583,-0.48244238410170187,0.113,-0.1416727108031809,-0.4851121110976984,0.113,-0.15280699250810925,-0.4739947186547004,0.113,-0.1416727108031809,-0.4851121110976984,0.113,7283063.979501766,7283064.029501766,0.050891634076833725,0.049999999813735485,1,True,1119,3,1.8904649151562543,2.2696807614764154,1.290012896060927e-05,1,False,,True,138,0.012183300219476223,0.07828549947589636,12.773757677919575,False,False,False,,6.933554649353027,0.30000001192092896,10.822748184204102,0.6058476567268372,,,3.901201009750366,True,0.266196664,0.712787611121,3,1.0,-1.0,1.4142135381698608,0.26619666814804077,-0.26619666814804077,0.37645894289016724,0.26619666814804077,-0.26619666814804077,0.37645894289016724,0.26582950353622437,-0.20955383777618408,0.3384939134120941,0.26582950353622437,-0.20955383777618408,0.3384939134120941,0.26582956314086914,0.0,0.26582956314086914,False,True,1.4594001695513725,,,,,,,,,,,2.0269006490707397,0.588949978351593,0.09686864912509918,0.5968631505966187,0.5914909839630127,0.067853182554245,1183.3587646484375,74.48019409179688,1183.3587646484375,74.48019409179688,11.261762619018555,0.6622545719146729,11.55623722076416,0.7106888890266418,0.29447460174560547,0.048434317111968994,0.2984311878681183,0.2978229522705078,0.016172587871551514,0.29826173186302185,1.0001349449157715,0.4426233470439911,0.0,2.0,1.5,3.0,True,,False,False,-0.1578433877576054,-0.46918558354712814,0.11300170826994256,False,,False,timeout
183,1787741859.2715797,9.15000220015645,0.04999750014394522,20.000999992418656,0.04999750014394522,20.000999992418656,2.234242856502533e-06,False,False,7283064.079501766,7283064.0836192,4.117433913052082,7283064.129501766,0.0,0.008013599552214146,124.7878676098435,0.048951733857393265,0.9790346807950537,183,182,-0.1338490104452482,-0.49363645818871527,0.113,-0.13131841630720184,-0.49637919387795615,0.113,-0.1416727108031809,-0.4851121110976984,0.113,-0.13131841630720184,-0.49637919387795615,0.113,7283064.029501766,7283064.079501766,0.048951733857393265,0.049999999813735485,1,True,1125,3,1.628295966135112,2.001463063398792,1.3599552214145494e-05,1,False,,True,139,0.03352100029587746,0.06325739994645119,15.808427169730695,False,False,False,,7.1993842124938965,0.30000001192092896,11.16987133026123,0.6418400406837463,,,3.985175371170044,True,0.266196664,0.712787611121,3,1.0,-1.0,1.4142135381698608,0.26619666814804077,-0.26619666814804077,0.37645894289016724,0.26619666814804077,-0.26619666814804077,0.37645894289016724,0.2660912275314331,-0.18974168598651886,0.3268125653266907,0.2660912275314331,-0.18974168598651886,0.3268125653266907,0.26609134674072266,0.0,0.26609134674072266,False,True,1.0882997885346413,,,,,,,,,,,1.523599959909916,0.5819171071052551,0.12436912953853607,0.5950589776039124,0.588949978351593,0.09686864912509918,1213.15283203125,80.99713897705078,1213.15283203125,80.99713897705078,11.55623722076416,0.7106888890266418,11.847195625305176,0.7728734612464905,0.2909584045410156,0.06218457221984863,0.29752933979034424,0.3471231460571289,0.03599238395690918,0.34898415207862854,1.1673123836517334,0.3924522399902344,0.0,2.0,1.5,3.0,True,,False,False,-0.1447753788383402,-0.4815638857243646,0.11304736205896475,False,,False,timeout
184,1787741859.3223557,9.200001300312579,0.049999100156128407,20.000359944026506,0.049999100156128407,20.000359944026506,1.3345852494239807e-06,False,False,7283064.129501766,7283064.133736,4.234234802424908,7283064.179501765,0.0,0.00802220031619072,124.65408000118879,0.04699133429676294,0.9398266894363861,184,183,-0.12377981131650771,-0.505234934058236,0.113,-0.12134404612524397,-0.5080884218287495,0.113,-0.13131841630720184,-0.49637919387795615,0.113,-0.12134404612524397,-0.5080884218287495,0.113,7283064.079501766,7283064.129501766,0.04699133429676294,0.049999999813735485,1,True,1131,3,1.6147338577106363,1.989880425280314,2.2200316190719438e-05,1,False,,True,140,0.04898600000888109,0.028656200505793095,34.89646158072636,False,False,False,,7.465475559234619,0.30000001192092896,11.467317581176758,0.6865113973617554,,,4.020463943481445,True,0.266196664,0.712787611121,3,1.0,0.5533891916275024,1.1429084539413452,0.26619666814804077,0.14731036126613617,0.3042384088039398,0.26619666814804077,-0.26619666814804077,0.37645894289016724,0.26616641879081726,-0.18974168598651886,0.326873779296875,0.26616641879081726,-0.18974168598651886,0.326873779296875,0.26616621017456055,0.0,0.26616621017456055,False,True,1.1716997250914574,,,,,,,,,,,1.6204994171857834,0.5626944303512573,0.17125599086284637,0.5881782174110413,0.5819171071052551,0.12436912953853607,1241.9627685546875,89.970947265625,1241.9627685546875,89.970947265625,11.847195625305176,0.7728734612464905,12.12854290008545,0.8585014343261719,0.28134727478027344,0.0856279730796814,0.2940891683101654,0.29744625091552734,0.04467135667800903,0.3007819950580597,1.0090217590332031,0.3895712196826935,0.0,2.0,1.5,3.0,True,,False,False,-0.13411367119809942,-0.4928275196312363,0.11306285147583578,False,,False,timeout
185,1787741859.3750236,9.253428099676967,0.05342679936438799,18.717198332987866,0.05342679936438799,18.717198332987866,0.003428134135901928,True,False,7283064.179501765,7283064.186773,7.271234877407551,7283064.229501765,0.0,0.008001300506293774,124.97968289197564,0.05328633449971676,1.0,185,184,-0.11365492037167882,-0.5200096949749717,0.113,-0.11333036301673294,-0.5205110833989655,0.113,-0.12134404612524397,-0.5080884218287495,0.113,-0.11333036301673294,-0.5205110833989655,0.113,7283064.129501766,7283064.179501765,0.05328633449971676,0.049999999813735485,1,True,1138,3,1.8762743924348042,1.935991741783775,1.3005062937734846e-06,1,False,,True,141,0.022075499407947063,0.034544299356639385,28.948336444050668,False,False,False,,7.73164176940918,0.30000001192092896,11.759236335754395,0.7422744035720825,,,4.051805019378662,True,0.266196664,0.712787611121,3,1.0,-1.0,1.4142135381698608,0.26619666814804077,-0.26619666814804077,0.37645894289016724,0.26619666814804077,-0.26619666814804077,0.37645894289016724,0.2661879062652588,-0.18974168598651886,0.3268912732601166,0.2661879062652588,-0.18974168598651886,0.3268912732601166,0.2661876678466797,0.0,0.2661876678466797,False,True,1.0859007015824318,,,,,,,,,,,1.4970004558563232,0.5400317311286926,0.22802402079105377,0.5861989259719849,0.5626944303512573,0.17125599086284637,1269.6124267578125,101.9194107055664,1269.6124267578125,101.9194107055664,12.12854290008545,0.8585014343261719,12.398558616638184,0.9725134372711182,0.2700157165527344,0.11401200294494629,0.2930993437767029,0.2919187545776367,0.05576300621032715,0.29719704389572144,1.0048211812973022,0.3871641159057617,0.0,2.0,1.5,3.0,True,,False,False,-0.12412172779430782,-0.5044379789005728,0.11309033519007104,False,,False,timeout
186,1787741859.4210668,9.300001500174403,0.04657340049743652,21.47148349313771,0.04657340049743652,21.47148349313771,1.5348196029663086e-06,False,False,7283064.229501765,7283064.2334711,3.9693349972367287,7283064.279501765,0.0,0.008071599528193474,123.8911812345344,0.05138063430786133,1.0,186,185,-0.10672566889204224,-0.5337176229560591,0.113,-0.10647446628912352,-0.5342198088104453,0.113,-0.11333036301673294,-0.5205110833989655,0.113,-0.10647446628912352,-0.5342198088104453,0.113,7283064.179501765,7283064.229501765,0.05138063430786133,0.049999999813735485,1,True,1144,3,1.8774971138124243,1.9336473795607168,7.159952819347365e-05,1,False,,True,142,0.005538600496947765,0.08033009991049767,12.448633838550952,False,False,False,,7.997829437255859,0.30000001192092896,12.047859191894531,0.8192079663276672,,,4.083174705505371,True,0.266196664,0.712787611121,3,1.0,-1.0,1.4142135381698608,0.26619666814804077,-0.26619666814804077,0.37645894289016724,0.26619666814804077,-0.26619666814804077,0.37645894289016724,0.26619407534599304,-0.18974168598651886,0.3268963098526001,0.26619407534599304,-0.18974168598651886,0.3268963098526001,0.26619434356689453,0.0,0.26619434356689453,False,True,1.1245999485254288,,,,,,,,,,,1.622299663722515,0.5038283467292786,0.298854261636734,0.5857959389686584,0.5400317311286926,0.22802402079105377,1295.4083251953125,117.5793685913086,1295.4083251953125,117.5793685913086,12.398558616638184,0.9725134372711182,12.650472640991211,1.1219406127929688,0.25191402435302734,0.14942717552185059,0.2928978502750397,0.2886228561401367,0.07693356275558472,0.29870039224624634,1.0092754364013672,0.38274359703063965,0.0,2.0,1.5,3.0,True,,False,False,-0.11511442884047893,-0.5169212243570294,0.11309613463171916,False,,False,timeout
187,1787741859.4716454,9.350001700222492,0.05000020004808903,19.999919981084542,0.05000020004808903,19.999919981084542,1.7350539565086365e-06,False,False,7283064.279501765,7283064.2837639,4.262135364115238,7283064.329501765,0.0,0.008033699356019497,124.47565631774846,0.049437934532761574,0.9887586943386446,187,186,-0.10216736185479419,-0.5483848956128025,0.113,-0.10197701732672373,-0.5490108690781184,0.113,-0.10647446628912352,-0.5342198088104453,0.113,-0.10197701732672373,-0.5490108690781184,0.113,7283064.229501765,7283064.279501765,0.049437934532761574,0.049999999813735485,1,True,1150,3,1.8726577043880488,1.9380836225603195,3.369935601949675e-05,1,False,,False,,,,,False,False,False,,8.264023780822754,0.30000001192092896,12.32776927947998,0.9259694814682007,,,4.1116743087768555,True,0.266196664,0.712787611121,3,1.0,-1.0,1.4142135381698608,0.26619666814804077,-0.26619666814804077,0.37645894289016724,0.26619666814804077,0.14731036126613617,0.3042384088039398,0.26619601249694824,0.10500100255012512,0.28615647554397583,0.26619601249694824,0.10500100255012512,0.28615647554397583,0.26619625091552734,0.10500100255012512,0.28615671396255493,False,False,1.6782991588115692,,,,,,,,,,,2.328000031411648,0.44677257537841797,0.3948264420032501,0.5962328910827637,0.5038283467292786,0.298854261636734,1318.283203125,138.26828002929688,1318.283203125,138.26828002929688,12.650472640991211,1.1219406127929688,12.873859405517578,1.3193538188934326,0.2233867645263672,0.19741320610046387,0.2981168031692505,0.2799100875854492,0.10676151514053345,0.2995791733264923,1.007893681526184,0.3775475323200226,0.0,2.0,1.5,3.0,True,,False,False,-0.10767406237779102,-0.5304866045336774,0.11311006169782767,False,,False,timeout
188,1787741859.5212922,9.400000699795783,0.04999899957329035,20.00040017869085,0.04999899957329035,20.00040017869085,7.348135113716125e-07,False,False,7283064.329501765,7283064.333018,3.516235388815403,7283064.379501765,0.0,0.008019600063562393,124.6944974904134,0.047467934899032116,0.9493587015172791,188,187,-0.100725275183399,-0.5636749785806711,0.113,-0.10061558348570505,-0.5649599881632884,0.113,-0.10197701732672373,-0.5490108690781184,0.113,-0.10061558348570505,-0.5649599881632884,0.113,7283064.279501765,7283064.329501765,0.047467934899032116,0.049999999813735485,1,True,1156,3,1.6328608029789926,1.7617986264610672,1.9600063562393022e-05,1,False,,True,143,0.04072429984807968,0.06310910079628229,15.845575160831784,False,False,False,,8.530220031738281,0.4050010144710541,12.628698348999023,1.0925637483596802,,,4.1557512283325195,True,0.266196664,0.712787611121,3,1.0,-0.2770404815673828,1.0376663208007812,0.26619666814804077,-0.07374725490808487,0.2762233316898346,0.26619666814804077,-0.26619666814804077,0.37645894289016724,0.2661965489387512,-0.15958409011363983,0.31036701798439026,0.2661965489387512,-0.15958407521247864,0.31036701798439026,0.26619625091552734,-0.10500100255012512,0.28615671396255493,False,True,1.0715993121266365,,,,,,,,,,,1.4280006289482117,0.38920265436172485,0.5394635200500488,0.6652064323425293,0.44677257537841797,0.3948264420032501,1338.21044921875,166.53616333007812,1338.21044921875,166.53616333007812,12.873859405517578,1.3193538188934326,13.068460464477539,1.589085578918457,0.19460105895996094,0.2697317600250244,0.3326030671596527,0.30092906951904297,0.1665942668914795,0.3439650535583496,1.1264476776123047,0.3339725732803345,0.0,2.0,1.5,3.0,True,,False,False,-0.1017673833237276,-0.5473801208310333,0.11312272625411891,False,,False,timeout
189,1787741859.5728693,9.451293899677694,0.05129319988191128,19.49576166630722,0.05129319988191128,19.49576166630722,0.0012939348816871643,True,False,7283064.379501765,7283064.3848568,5.355034954845905,7283064.4295017645,0.0,0.00801900029182434,124.70382386935887,0.05361293535679579,1.0,189,188,-0.10291767794792384,-0.5814523817067361,0.113,-0.10311092214057935,-0.5828383104350098,0.113,-0.10061558348570505,-0.5649599881632884,0.113,-0.10311092214057935,-0.5828383104350098,0.113,7283064.329501765,7283064.379501765,0.05361293535679579,0.049999999813735485,1,True,1163,3,1.906117566279974,2.0460117353767493,1.9000291824340654e-05,1,False,,True,144,0.011864699423313141,0.06502799969166517,15.377991092169069,False,False,False,,8.796416282653809,0.30000001192092896,12.852517127990723,1.2778520584106445,,,4.172307014465332,True,0.266196664,0.712787611121,3,0.6246781349182129,-1.0,1.1790771484375,0.16628724336624146,-0.26619666814804077,0.31386640667915344,0.26619666814804077,-0.26619666814804077,0.37645894289016724,0.2661965489387512,-0.2198992818593979,0.3452771306037903,0.2661965489387512,-0.2198992818593979,0.3452771306037903,0.26619625091552734,0.0,0.26619625091552734,False,True,1.1024000123143196,,,,,,,,,,,1.7264001071453094,0.2492174506187439,0.8445662260055542,0.8805688619613647,0.38920265436172485,0.5394635200500488,1350.9703369140625,210.7914581298828,1350.9703369140625,210.7914581298828,13.068460464477539,1.589085578918457,13.193069458007812,2.011368751525879,0.12460899353027344,0.4222831726074219,0.4402845501899719,0.22381877899169922,0.18528831005096436,0.29056257009506226,0.8455022573471069,0.3788110613822937,0.0,2.0,1.5,3.0,True,,False,False,-0.09983925293983498,-0.5626418663643465,0.11312739572759822,False,,False,timeout
190,1787741859.6204572,9.50000340025872,0.04870950058102608,20.52987585730929,0.04870950058102608,20.52987585730929,3.4356489777565002e-06,False,False,7283064.4295017645,7283064.4330595,3.5577351227402687,7283064.479501764,0.0,0.008064799942076206,123.99563624420911,0.0517094349488616,1.0,190,189,-0.10975072215909625,-0.5952050930339852,0.113,-0.1147200552293457,-0.604756090204266,0.113,-0.10311092214057935,-0.5828383104350098,0.113,-0.1147200552293457,-0.604756090204266,0.113,7283064.379501765,7283064.4295017645,0.0517094349488616,0.049999999813735485,1,True,1169,3,1.9189745312588342,2.9954023878012417,6.479994207620604e-05,1,False,,False,,,,,False,False,False,,9.062612533569336,0.30000001192092896,13.029654502868652,1.4995930194854736,,,4.144447326660156,True,0.266196664,0.712787611121,3,1.0,-0.9040917754173279,1.3481030464172363,0.26619666814804077,-0.2406662255525589,0.3588605523109436,0.26619666814804077,-0.26619666814804077,0.37645894289016724,0.2661965489387512,-0.18974168598651886,0.3268983066082001,0.2661965489387512,-0.18974168598651886,0.3268983066082001,0.26619625091552734,0.0,0.26619625091552734,False,True,1.5575997531414032,,,,,,,,,,,1.72480009496212,0.14671605825424194,1.0,1.0107054710388184,0.2492174506187439,0.8445662260055542,1358.482177734375,263.19146728515625,1358.482177734375,263.19146728515625,13.193069458007812,2.011368751525879,13.266427040100098,2.511368751525879,0.07335758209228516,0.5,0.5053526759147644,0.1771373748779297,0.2217409610748291,0.28380751609802246,0.5969053506851196,0.5372325778007507,0.0,2.0,1.5,3.0,True,,False,False,-0.10129659778676854,-0.5779786884136471,0.11315839859726538,False,,False,timeout
191,1787741859.6731565,9.550003199838102,0.04999979957938194,20.000080168568573,0.04999979957938194,20.000080168568573,3.2354146242141724e-06,False,False,7283064.479501764,7283064.4849968,5.495036020874977,7283064.529501764,0.0,0.008013400249183178,124.790971236203,0.04974063578993082,0.9948127195045826,191,190,-0.11779805403279027,-0.6082853751816726,0.113,-0.13095943572712312,-0.6287197083878221,0.113,-0.1147200552293457,-0.604756090204266,0.113,-0.13095943572712312,-0.6287197083878221,0.113,7283064.4295017645,7283064.479501764,0.04974063578993082,0.049999999813735485,1,True,1175,3,1.686208647939549,4.114481577843108,1.3400249183177781e-05,1,False,,True,145,0.04718989972025156,0.0799399996176362,12.509382096361456,False,False,False,,9.328808784484863,0.30000001192092896,13.154829025268555,1.793997883796692,,,4.107366561889648,True,0.266196664,0.712787611121,3,0.6292123794555664,1.0,1.181485652923584,0.16749423742294312,0.26619666814804077,0.31450754404067993,0.26619666814804077,-0.07374725490808487,0.2762233316898346,0.2661965489387512,-0.052566129714250565,0.2713370621204376,0.2661965489387512,-0.052566129714250565,0.2713370621204376,0.26619625091552734,0.0,0.26619625091552734,False,True,1.563199795782566,,,,,,,,,,,2.3087002336978912,0.06132102757692337,1.0,1.0018783807754517,0.14671605825424194,1.0,1361.6217041015625,315.5914611816406,1361.6217041015625,315.5914611816406,13.266427040100098,2.511368751525879,13.297087669372559,3.011368751525879,0.030660629272460938,0.5,0.5009391903877258,0.12517452239990234,0.29440486431121826,0.3199107348918915,0.6123584508895874,0.7259993553161621,0.0,2.0,1.5,3.0,True,,False,False,-0.10772368227599423,-0.5947640957325184,0.11310952717637142,False,,False,timeout
192,1787741859.7247517,9.603176100179553,0.05317290034145117,18.80657240019773,0.05317290034145117,18.80657240019773,0.003176135942339897,True,False,7283064.529501764,7283064.5369308,7.429036311805248,7283064.579501764,0.0,0.008023000322282314,124.6416502343513,0.05579133611172438,1.0,192,191,-0.12817615431835216,-0.6228913333831251,0.113,-0.14842366157673237,-0.6502948252922467,0.113,-0.13095943572712312,-0.6287197083878221,0.113,-0.14842366157673237,-0.6502948252922467,0.113,7283064.479501764,7283064.529501764,0.05579133611172438,0.049999999813735485,1,True,1182,3,1.9185360709744903,5.324562721749649,2.3000322282314134e-05,1,False,,True,146,0.03525310009717941,0.06361510045826435,15.719538172482572,False,False,False,,9.59500503540039,0.30000001192092896,13.205464363098145,2.062882661819458,,,4.017856597900391,True,0.266196664,0.712787611121,3,1.0,1.0,1.4142135381698608,0.26619666814804077,0.26619666814804077,0.37645894289016724,0.16628724336624146,-0.26619666814804077,0.31386640667915344,0.1949823498725891,-0.18974168598651886,0.272066205739975,0.1949823498725891,-0.18974168598651886,0.272066205739975,0.19498252868652344,0.0,0.19498252868652344,False,True,1.1589005589485168,,,,,,,,,,,1.6077999025583267,0.02440590411424637,1.0,1.0002977848052979,0.06132102757692337,1.0,1362.871337890625,367.991455078125,1362.871337890625,367.991455078125,13.297087669372559,3.011368751525879,13.309290885925293,3.511368751525879,0.012203216552734375,0.5,0.5001488924026489,0.050635337829589844,0.2688847780227661,0.2736109793186188,0.5419417023658752,0.9529011845588684,0.0,2.0,1.5,3.0,True,,False,False,-0.11611670959577815,-0.6079706355604286,0.11314364898185027,False,,False,timeout
193,1787741859.77132,9.650002100504935,0.046826000325381756,21.35565696517445,0.046826000325381756,21.35565696517445,2.1364539861679077e-06,False,False,7283064.579501764,7283064.5834522,3.9504356682300568,7283064.629501764,0.0,0.008000699803233147,124.98906653089172,0.045817336067557335,0.9163467247648043,193,192,-0.13604524910811058,-0.6329862806115761,0.113,-0.1662714049330606,-0.6708170377687137,0.113,-0.14842366157673237,-0.6502948252922467,0.113,-0.1662714049330606,-0.6708170377687137,0.113,7283064.529501764,7283064.579501764,0.045817336067557335,0.049999999813735485,1,True,1187,3,1.6423954730905541,6.484256686310327,6.998032331465009e-07,1,False,,True,147,0.0029915999621152878,0.06487719994038343,15.413735502131935,False,False,False,,9.789987564086914,0.30000001192092896,13.232343673706055,2.3345112800598145,,,3.998631238937378,True,0.266196664,0.712787611121,3,1.0,0.9836995005607605,1.4027347564697266,0.26619666814804077,0.2618575394153595,0.3734033405780792,0.26619666814804077,-0.2406662255525589,0.3588605523109436,0.24574308097362518,-0.1715439110994339,0.29969480633735657,0.24574308097362518,-0.1715439110994339,0.29969480633735657,0.2457427978515625,0.0,0.2457427978515625,False,True,1.0934993624687195,,,,,,,,,,,1.560300588607788,-0.012190185487270355,1.0,1.0000742673873901,0.02440590411424637,1.0,1362.247314453125,420.3914489746094,1362.247314453125,420.3914489746094,13.309290885925293,3.511368751525879,13.30319595336914,4.011368751525879,-0.006094932556152344,0.5,0.5000371336936951,0.026879310607910156,0.27162861824035645,0.2729553282260895,0.5442451238632202,1.179370403289795,0.0,2.0,1.5,3.0,True,,False,False,-0.1254751255840076,-0.6204166524126298,0.11315239628700205,False,,False,timeout
194,1787741859.822923,9.700004000216722,0.0500018997117877,19.999240144155063,0.0500018997117877,19.999240144155063,4.036352038383484e-06,False,False,7283064.629501764,7283064.6344961,4.994336515665054,7283064.679501764,0.0,0.008073500357568264,123.86201222652818,0.052108136005699635,1.0,194,193,-0.1474299045705371,-0.6468246288858807,0.113,-0.1844471787680762,-0.6909802011804091,0.113,-0.1662714049330606,-0.6708170377687137,0.113,-0.1844471787680762,-0.6909802011804091,0.113,7283064.579501764,7283064.629501764,0.052108136005699635,0.049999999813735485,1,True,1194,3,1.8808931710524224,7.642721180218053,7.350035756826384e-05,1,False,,False,,,,,False,False,False,,10.035730361938477,0.30000001192092896,13.249874114990234,2.6087727546691895,,,3.9574172496795654,True,0.266196664,0.712787611121,3,1.0,0.7826011180877686,1.2698285579681396,0.26619666814804077,0.2083258032798767,0.3380241096019745,0.16749423742294312,0.26619666814804077,0.31450754404067993,0.18996819853782654,0.18974168598651886,0.26849547028541565,0.18996819853782654,0.18974168598651886,0.26849547028541565,0.18996810913085938,0.18974167108535767,0.2684954106807709,False,False,1.9130995497107506,,,,,,,,,,,2.7355002239346504,-0.019824348390102386,1.0,1.0001964569091797,-0.012190185487270355,1.0,1361.2322998046875,472.79144287109375,1361.2322998046875,472.79144287109375,13.30319595336914,4.011368751525879,13.293283462524414,4.511368751525879,-0.009912490844726562,0.5,0.5000982284545898,0.017530441284179688,0.274261474609375,0.2748211622238159,0.5480141639709473,1.4036091566085815,0.0,2.0,1.5,3.0,True,,False,False,-0.1351944772622691,-0.632539848535984,0.11312361646516478,False,,False,timeout
195,1787741859.8705223,9.750001200474799,0.04999720025807619,20.001119959481475,0.04999720025807619,20.001119959481475,1.2367963790893555e-06,False,False,7283064.679501764,7283064.6831177,3.615936264395714,7283064.729501763,0.0,0.00800039991736412,124.9937516035409,0.05015393625944853,1.0,195,194,-0.15743413444457688,-0.6584796714081965,0.113,-0.20226389796338512,-0.7100457469248186,0.113,-0.1844471787680762,-0.6909802011804091,0.113,-0.20226389796338512,-0.7100457469248186,0.113,7283064.629501764,7283064.679501764,0.05015393625944853,0.049999999813735485,1,True,1200,3,1.6212704569240572,8.454042946417479,3.9991736412031686e-07,1,False,,True,148,0.038679299876093864,0.0790890995413065,12.643967446837879,False,False,False,,10.225698471069336,0.4897416830062866,13.262445449829102,2.9297358989715576,,,3.895562171936035,True,0.266196664,0.712787611121,3,1.0,1.0,1.4142135381698608,0.26619666814804077,0.26619666814804077,0.37645894289016724,0.26619666814804077,0.26619666814804077,0.37645894289016724,0.2443028837442398,0.24423784017562866,0.3454504609107971,0.2443028837442398,0.24423784017562866,0.3454504609107971,0.24430274963378906,0.24423784017562866,0.34545037150382996,False,False,1.0692998766899109,,,,,,,,,,,1.4875000342726707,-0.06594585627317429,1.0,1.0021721124649048,-0.019824348390102386,1.0,1357.855712890625,525.1914672851562,1357.855712890625,525.1914672851562,13.293283462524414,4.511368751525879,13.260310173034668,5.011368751525879,-0.032973289489746094,0.5,0.5010860562324524,0.012571334838867188,0.32096314430236816,0.32120925188064575,0.6411758065223694,1.5819334983825684,0.0,2.0,1.5,3.0,True,,False,False,-0.14673372276890387,-0.6463004361196212,0.11313859006499748,False,,False,timeout
196,1787741859.9221468,9.800556399859488,0.05055519938468933,19.780359135579843,0.05055519938468933,19.780359135579843,0.0005564363673329353,False,False,7283064.729501763,7283064.7340957,4.59393672645092,7283064.779501763,0.0,0.008001899346709251,124.97032975192896,0.0482677360996604,0.9653547255894345,196,195,-0.16769411209672053,-0.6699099440483189,0.113,-0.22112993701197473,-0.7282160520024471,0.113,-0.20226389796338512,-0.7100457469248186,0.113,-0.22112993701197473,-0.7282160520024471,0.113,7283064.679501764,7283064.729501763,0.0482677360996604,0.049999999813735485,1,True,1206,3,1.613755469905526,9.522549181140953,1.8993467092512373e-06,1,False,,True,149,0.010325899347662926,0.06454950012266636,15.491986740403169,False,False,False,,10.470001220703125,0.7339795231819153,13.268342971801758,3.2091012001037598,,,3.7358992099761963,True,0.266196664,0.712787611121,3,1.0,-0.12865447998046875,1.0082420110702515,0.26619666814804077,-0.034247394651174545,0.2683906853199005,0.26619666814804077,0.2618575394153595,0.3734033405780792,0.2599084675312042,0.2567969560623169,0.36537253856658936,0.2599084675312042,0.2567969560623169,0.36537253856658936,0.25990867614746094,0.2567969560623169,0.3653726875782013,False,False,1.1097006499767303,,,,,,,,,,,1.6296003013849258,-0.10461881011724472,1.0,1.0054576396942139,-0.06594585627317429,1.0,1352.4993896484375,577.5914306640625,1352.4993896484375,577.5914306640625,13.260310173034668,5.011368751525879,13.208001136779785,5.511368751525879,-0.05230903625488281,0.5,0.5027288198471069,0.00589752197265625,0.27936530113220215,0.27942755818367004,0.5555367469787598,1.8022854328155518,0.0,2.0,1.5,3.0,True,,False,False,-0.15684229868852928,-0.6579666600922267,0.11312955988171913,False,,False,timeout
197,1787741859.9717727,9.850001499988139,0.049445100128650665,20.224450904095875,0.049445100128650665,20.224450904095875,1.5366822481155396e-06,False,False,7283064.779501763,7283064.782797,3.295237198472023,7283064.829501763,0.0,0.008024299517273903,124.62146980522111,0.0463228365406394,0.9264567342641082,197,196,-0.1782052208814672,-0.6811098784725483,0.113,-0.2396316116714082,-0.7453572044688428,0.113,-0.22112993701197473,-0.7282160520024471,0.113,-0.2396316116714082,-0.7453572044688428,0.113,7283064.729501763,7283064.779501763,0.0463228365406394,0.049999999813735485,1,True,1212,3,1.619081944016436,10.507760236885208,2.4299517273902727e-05,1,False,,False,,,,,False,False,False,,10.729909896850586,0.9907764792442322,13.268675804138184,3.4892497062683105,,,3.5619797706604004,True,0.266196664,0.712787611121,3,1.0,1.0,1.4142135381698608,0.26619666814804077,0.26619666814804077,0.37645894289016724,0.26619666814804077,0.2083258032798767,0.3380241096019745,0.2643906772136688,0.22224733233451843,0.34539297223091125,0.2643906772136688,0.22224733233451843,0.34539297223091125,0.2643909454345703,0.22224730253219604,0.3453931510448456,False,False,1.2515000998973846,,,,,,,,,,,1.8050000071525574,-0.15346583724021912,1.0,1.0117074251174927,-0.10461881011724472,1.0,1344.6419677734375,629.991455078125,1344.6419677734375,629.991455078125,13.208001136779785,5.511368751525879,13.131268501281738,6.011368751525879,-0.07673263549804688,0.5,0.5058536529541016,0.00033283233642578125,0.2801485061645508,0.2801487147808075,0.5541620850563049,2.023029088973999,0.023029088973999023,2.0,1.5,3.0,True,,False,False,-0.16707217517957668,-0.6693544174713868,0.11308404875841499,False,,False,timeout
198,1787741860.022463,9.90000469982624,0.050003199838101864,19.998720146665725,0.050003199838101864,19.998720146665725,4.736706614494324e-06,False,False,7283064.829501763,7283064.834536,5.034237168729305,7283064.879501763,0.0,0.008013400249183178,124.790971236203,0.052428336814045906,1.0,198,197,-0.19079112301346343,-0.6938652723599602,0.113,-0.25882034768493717,-0.7613030368172298,0.113,-0.2396316116714082,-0.7453572044688428,0.113,-0.25882034768493717,-0.7613030368172298,0.113,7283064.779501763,7283064.829501763,0.052428336814045906,0.049999999813735485,1,True,1219,3,1.8684369518067143,11.447398779213396,1.3400249183177781e-05,1,False,,True,150,0.045152599923312664,0.07867259997874498,12.710905706309065,False,False,False,,10.994300842285156,1.2130237817764282,13.261579513549805,3.77451229095459,,,3.420785903930664,False,0.266196664,0.712787611121,3,1.0,1.0,1.4142135381698608,0.26619666814804077,0.26619666814804077,0.37645894289016724,0.26619666814804077,0.26619666814804077,0.37645894289016724,0.2656780481338501,0.25357386469841003,0.36726629734039307,0.2656780481338501,0.25357386469841003,0.36726629734039307,0.26567840576171875,0.2535738945007324,0.36726656556129456,False,False,1.492200419306755,,,,,,,,,,,2.242700196802616,-0.23549115657806396,1.0,1.0273538827896118,-0.15346583724021912,1.0,1332.584716796875,682.3914794921875,1332.584716796875,682.3914794921875,13.131268501281738,6.011368751525879,13.01352310180664,6.511368751525879,-0.11774539947509766,0.5,0.5136769413948059,-0.007096290588378906,0.2852625846862793,0.28535082936286926,0.5595255494117737,2.2406489849090576,0.24064898490905762,2.0,1.5,3.0,True,,False,False,-0.17764806327969881,-0.680585351089089,0.11309662381608476,False,,False,timeout
199,1787741860.0740252,9.9524405002594,0.052435800433158875,19.070939925380237,0.052435800433158875,19.070939925380237,0.0024405373260378838,True,False,7283064.879501763,7283064.8859408,6.439037621021271,7283064.929501763,0.0,0.008001299574971199,124.9796974391625,0.05044583696871996,1.0,199,198,-0.2019285336793565,-0.704442103374833,0.113,-0.2793270214640739,-0.7761522281306219,0.113,-0.25882034768493717,-0.7613030368172298,0.113,-0.2793270214640739,-0.7761522281306219,0.113,7283064.829501763,7283064.879501763,0.05044583696871996,0.049999999813735485,1,True,1225,3,1.753119683087848,12.304233779575513,1.2995749711988691e-06,1,False,,True,151,0.03240779973566532,0.06484310049563646,15.421841219133157,False,False,False,,11.259979248046875,1.4665976762771606,13.247243881225586,4.083255767822266,,,3.285745143890381,False,0.266196664,0.712787611121,3,1.0,1.0,1.4142135381698608,0.26619666814804077,0.26619666814804077,0.37645894289016724,0.26619666814804077,-0.034247394651174545,0.2683906853199005,0.2660478353500366,0.048418447375297546,0.27041780948638916,0.2660478353500366,0.048418447375297546,0.27041780948638916,0.26604747772216797,0.048418402671813965,0.2704174518585205,False,False,1.0999999940395355,,,,,,,,,,,1.5400992706418037,-0.3390277028083801,1.0,1.055907130241394,-0.23549115657806396,1.0,1315.2265625,734.7914428710938,1315.2265625,734.7914428710938,13.01352310180664,6.511368751525879,12.844009399414062,7.011368751525879,-0.16951370239257812,0.5,0.5279535055160522,-0.01433563232421875,0.3087434768676758,0.30907610058784485,0.591439962387085,2.439335584640503,0.43933558464050293,2.0,1.5,3.0,True,,False,False,-0.1892016140925369,-0.6923858040056481,0.11311843003935607,False,,False,timeout
200,1787741860.168236,10.000001800246537,0.04756129998713732,21.02549762665117,0.04756129998713732,21.02549762665117,1.8374994397163391e-06,False,False,7283064.929501763,7283064.9335563,4.054537042975426,7283064.979501762,0.0,0.008380299434065819,119.3274784353184,0.04889203701168299,0.9778407438764004,200,199,-0.21345348028804284,-0.7145946893979868,0.113,-0.3008513505047684,-0.7889888188116072,0.113,-0.2793270214640739,-0.7761522281306219,0.113,-0.3008513505047684,-0.7889888188116072,0.113,7283064.879501763,7283064.929501763,0.04889203701168299,0.049999999813735485,1,True,1231,3,1.8618511278699992,13.338832766612724,0.0003802994340658186,1,False,,True,152,0.0011675003916025162,0.06495619937777519,15.394989386373346,False,False,False,,11.526026725769043,1.5150160789489746,13.226670265197754,4.352596759796143,,,3.3081796169281006,False,0.266196664,0.712787611121,3,1.0,1.0,1.4142135381698608,0.26619666814804077,0.26619666814804077,0.37645894289016724,0.26619666814804077,0.26619666814804077,0.37645894289016724,0.26615381240844727,0.20364804565906525,0.33512741327285767,0.26615381240844727,0.20364804565906525,0.33512741327285767,0.26615428924560547,0.20364809036254883,0.3351278007030487,False,False,1.145300455391407,,,,,,,,,,,1.587100327014923,-0.4248756170272827,1.0,1.086517095565796,-0.3390277028083801,1.0,1293.472900390625,787.1914672851562,1293.472900390625,787.1914672851562,12.844009399414062,7.011368751525879,12.631571769714355,7.511368751525879,-0.21243762969970703,0.5,0.5432584285736084,-0.02057361602783203,0.26934099197387695,0.2701255977153778,0.4956609606742859,2.6861679553985596,0.6861679553985596,2.0,1.5,3.0,True,,False,False,-0.1994621641617719,-0.7023134762285215,0.1132526625733696,False,,False,timeout
201,1787741860.1763568,10.05522090010345,0.05521909985691309,18.109675865620005,0.05521909985691309,18.109675865620005,0.005220937542617321,True,False,7283064.979501762,7283064.9885516,9.049837477505207,7283065.029501762,0.0,0.00800270028412342,124.95782229704426,0.0549218375235796,1.0,201,200,-0.22742872650358,-0.7258089504337657,0.113,-0.3239379815884804,-0.8005334404400399,0.113,-0.3008513505047684,-0.7889888188116072,0.113,-0.3239379815884804,-0.8005334404400399,0.113,7283064.929501763,7283064.979501762,0.0549218375235796,0.049999999813735485,1,True,1238,3,1.8893296683432173,14.094868939095416,2.700284123420549e-06,1,False,,False,,,,,False,False,False,,11.792181015014648,1.7186641693115234,13.187435150146484,4.6880083084106445,,,3.280813694000244,False,0.266196664,0.712787611121,3,1.0,1.0,1.4142135381698608,0.26619666814804077,0.26619666814804077,0.37645894289016724,0.26619666814804077,0.26619666814804077,0.37645894289016724,0.2661845088005066,0.2482319474220276,0.36396878957748413,0.2661845088005066,0.2482319474220276,0.36396878957748413,0.26618480682373047,0.2482318878173828,0.36396899819374084,False,False,1.4075003564357758,,,,,,,,,,,2.174600027501583,-0.5844252705574036,1.0,1.1582542657852173,-0.4248756170272827,1.0,1263.5504150390625,839.5914306640625,1263.5504150390625,839.5914306640625,12.631571769714355,7.511368751525879,12.339359283447266,8.011368751525879,-0.29221248626708984,0.5,0.5791270136833191,-0.03923511505126953,0.33541154861450195,0.3376985490322113,0.5964860916137695,2.8775594234466553,0.8775594234466553,2.0,1.5,3.0,True,,False,False,-0.21258840816234145,-0.7141171040196839,0.1131494607922146,False,,False,timeout
202,1787741860.2259643,10.104664700105786,0.0494438000023365,20.224982706684038,0.0494438000023365,20.224982706684038,0.004664737731218338,True,False,7283065.029501762,7283065.0388206,9.318837895989418,7283065.079501762,0.0,0.008005599491298199,124.91256914450496,0.0529450373724103,1.0,202,201,-0.23993256166011645,-0.7347270944998173,0.113,-0.3489808149965875,-0.8093740601628852,0.113,-0.3239379815884804,-0.8005334404400399,0.113,-0.3489808149965875,-0.8093740601628852,0.113,7283064.979501762,7283065.029501762,0.0529450373724103,0.049999999813735485,1,True,1244,3,1.8738939583319107,15.088642861511264,5.599491298198533e-06,1,False,,True,153,0.040213399566709995,0.07893110066652298,12.669277275441944,False,False,False,,12.058365821838379,1.9668960571289062,13.135395050048828,4.983642101287842,,,3.203240394592285,False,0.266196664,0.712787611121,3,0.5818418264389038,1.0,1.1569528579711914,0.15488435328006744,0.26619666814804077,0.30797699093818665,0.26619666814804077,0.26619666814804077,0.37645894289016724,0.2661932706832886,0.2610369622707367,0.3728259205818176,0.2661932706832886,0.2610369622707367,0.3728259205818176,0.2661933898925781,0.26103687286376953,0.3728259205818176,False,False,1.3597002252936363,,,,,,,,,,,2.108200453221798,-0.8338000178337097,1.0,1.3020070791244507,-0.5844252705574036,1.0,1220.85986328125,891.9913940429688,1220.85986328125,891.9913940429688,12.339359283447266,8.011368751525879,11.922459602355957,8.511368751525879,-0.4168996810913086,0.5,0.651003360748291,-0.05204010009765625,0.29563379287719727,0.3001791536808014,0.48607465624809265,3.1306231021881104,1.1306231021881104,2.0,1.5,3.0,True,,False,False,-0.22465764143714587,-0.7238728776515779,0.1131031770350612,False,,False,timeout
203,1787741860.2704625,10.150001999922097,0.045337299816310406,22.056893640592225,0.045337299816310406,22.056893640592225,2.037733793258667e-06,False,False,7283065.079501762,7283065.0835241,4.02233749628067,7283065.129501762,0.0,0.008470600470900536,118.05538502675796,0.0514365378767252,1.0,203,202,-0.2530218119132239,-0.742758514292241,0.113,-0.3778718492571254,-0.8145962499698501,0.113,-0.3489808149965875,-0.8093740601628852,0.113,-0.3778718492571254,-0.8145962499698501,0.113,7283065.029501762,7283065.079501762,0.0514365378767252,0.049999999813735485,1,True,1250,3,1.8681446909902575,16.271835140295742,0.0004706004709005354,1,False,,True,154,0.022590599954128265,0.06573489960283041,15.212619263769927,False,False,False,,12.324559211730957,2.227932929992676,13.069154739379883,5.278072357177734,,,3.139708995819092,False,0.266196664,0.712787611121,3,1.0,1.0,1.4142135381698608,0.26619666814804077,0.26619666814804077,0.37645894289016724,0.26619666814804077,0.26619666814804077,0.37645894289016724,0.26619571447372437,0.26471471786499023,0.3754118084907532,0.26619571447372437,0.26471471786499023,0.3754118084907532,0.26619529724121094,0.26471471786499023,0.3754115104675293,False,False,1.0883994400501251,,,,,,,,,,,1.587199978530407,-1.0,1.0,1.4142135381698608,-0.8338000178337097,1.0,1169.659912109375,944.3914184570312,1169.659912109375,944.3914184570312,11.922459602355957,8.511368751525879,11.422459602355957,9.011368751525879,-0.5,0.5,0.7071067690849304,-0.06624031066894531,0.2944302558898926,0.3017895817756653,0.4125259220600128,3.430614471435547,1.4306144714355469,2.0,1.5,3.0,True,,False,False,-0.23706236083557886,-0.7330491519817047,0.113143747940851,False,,False,timeout
204,1787741860.3205454,10.200002499856055,0.050000499933958054,19.99980002841623,0.050000499933958054,19.99980002841623,2.537854015827179e-06,False,False,7283065.129501762,7283065.1336852,4.183437675237656,7283065.179501762,0.0,0.008006799966096878,124.89384076463645,0.049474737606942654,0.9894947558250082,204,203,-0.26667342886049716,-0.7497917828203695,0.113,-0.4090493222245438,-0.8179302655998563,0.113,-0.3778718492571254,-0.8145962499698501,0.113,-0.4090493222245438,-0.8179302655998563,0.113,7283065.079501762,7283065.129501762,0.049474737606942654,0.049999999813735485,1,True,1256,3,1.8602640170451223,17.64363054515241,6.799966096877885e-06,1,False,,False,,,,,False,False,False,,12.590754508972168,2.492647647857666,12.977919578552246,5.569375038146973,,,3.1009914875030518,False,0.266196664,0.712787611121,3,0.34208929538726807,1.0,1.056894063949585,0.09106303006410599,0.26619666814804077,0.28134167194366455,0.26619666814804077,0.26619666814804077,0.37645894289016724,0.26619628071784973,0.2657710313796997,0.3761577904224396,0.26619628071784973,0.2657710313796997,0.3761577904224396,0.26619625091552734,0.26577091217041016,0.3761577308177948,False,False,1.6121994704008102,,,,,,,,,,,1.9447002559900284,-1.0,1.0,1.4142135381698608,-1.0,1.0,1118.4598388671875,995.5999755859375,1118.4598388671875,996.7913818359375,11.422459602355957,9.011368751525879,10.922459602355957,9.5,-0.5,0.4886312484741211,0.6991140842437744,-0.09123516082763672,0.2913026809692383,0.30525580048561096,0.382537841796875,3.7771387100219727,1.7771387100219727,2.0,1.5,3.0,True,,True,False,-0.25013390766642396,-0.7412774634930156,0.11309394878358155,False,,False,timeout
205,1787741860.372238,10.250001500360668,0.04999900050461292,20.00039980614692,0.04999900050461292,20.00039980614692,1.5385448932647705e-06,False,False,7283065.179501762,7283065.1843444,4.842638038098812,7283065.2295017615,0.0,0.008023299276828766,124.63700598680062,0.04751523770391941,0.9503047576185493,205,204,-0.28074136191120186,-0.7559532432593901,0.113,-0.4390152450774413,-0.820570879865526,0.113,-0.4090493222245438,-0.8179302655998563,0.113,-0.4390152450774413,-0.820570879865526,0.113,7283065.129501762,7283065.179501762,0.04751523770391941,0.049999999813735485,1,True,1262,3,1.871009061438832,18.966467258590846,2.3299276828765703e-05,1,False,,True,155,0.04294969979673624,0.0627129003405571,15.945682540108727,False,False,False,,12.856950759887695,2.758418560028076,12.867953300476074,5.854299068450928,,,3.095900058746338,False,0.266196664,0.712787611121,3,0.20453310012817383,1.0,1.020702600479126,0.054446030408144,0.26619666814804077,0.2717076241970062,0.15488435328006744,0.26619666814804077,0.30797699093818665,0.1868545114994049,0.26607438921928406,0.32513102889060974,0.1868545114994049,0.26607438921928406,0.32513102889060974,0.18685436248779297,0.26607441902160645,0.32513096928596497,False,False,1.5655998140573502,,,,,,,,,,,2.0034993067383766,-1.0,1.0,1.4142135381698608,-1.0,1.0,1067.2598876953125,995.5999755859375,1067.2598876953125,1048.0,10.922459602355957,9.5,10.422459602355957,9.5,-0.5,0.0,0.5,-0.10996627807617188,0.2849240303039551,0.30540838837623596,0.3973437249660492,4.132321357727051,2.132321357727051,2.0,1.5,3.0,True,,True,False,-0.2635220691271717,-0.7486345694088313,0.11302144494383687,False,,False,timeout
206,1787741860.4227695,10.302175500430167,0.052174000069499016,19.166634696744314,0.052174000069499016,19.166634696744314,0.0021755388006567955,True,False,7283065.2295017615,7283065.2357532,6.251438520848751,7283065.279501761,0.0,0.008020400069653988,124.68205966228584,0.053605638444423676,1.0,206,205,-0.29770962612958984,-0.761686487741465,0.113,-0.4557306072531538,-0.8074388030588865,0.113,-0.4390152450774413,-0.820570879865526,0.113,-0.4557306072531538,-0.8074388030588865,0.113,7283065.179501762,7283065.2295017615,0.053605638444423676,0.049999999813735485,1,True,1269,3,1.8675276320497411,18.317776074041515,2.0400069653987718e-05,1,False,,True,156,0.03063079994171858,0.07993549946695566,12.510086340467385,False,False,False,,13.043805122375488,3.0244929790496826,12.706230163574219,6.180241107940674,,,3.1737520694732666,False,0.266196664,0.712787611121,3,1.0,1.0,1.4142135381698608,0.26619666814804077,0.26619666814804077,0.37645894289016724,0.26619666814804077,0.26619666814804077,0.37645894289016724,0.24340857565402985,0.26616156101226807,0.3606795072555542,0.24340857565402985,0.26616156101226807,0.3606795072555542,0.243408203125,0.2661616802215576,0.36067935824394226,False,False,1.2352997437119484,,,,,,,,,,,1.543399877846241,-1.0,1.0,1.4142135381698608,-1.0,1.0,1016.0598754882812,995.5999755859375,1016.0598754882812,1048.0,10.422459602355957,9.5,9.922459602355957,9.5,-0.5,0.0,0.5,-0.16172313690185547,0.3259420394897461,0.3638579249382019,0.32344627380371094,4.029442310333252,2.029442310333252,2.0,1.5,3.0,True,,True,False,-0.27994585565087454,-0.7559236714838826,0.11306597581222429,False,,False,timeout
207,1787741860.4703808,10.350002400577068,0.04782690014690161,20.908735396366335,0.04782690014690161,20.908735396366335,2.4391338229179382e-06,False,False,7283065.279501761,7283065.2835739,4.072139039635658,7283065.329501761,0.0,0.00800349935889244,124.94534642386532,0.05167913809418678,1.0,207,206,-0.31269944067994737,-0.7650137487374659,0.113,-0.4723980527976124,-0.7943443709574785,0.113,-0.4557306072531538,-0.8074388030588865,0.113,-0.4723980527976124,-0.7943443709574785,0.113,7283065.2295017615,7283065.279501761,0.05167913809418678,0.049999999813735485,1,True,1275,3,1.8690933237486884,18.105229109549093,3.4993588924406294e-06,1,False,,True,157,0.012131300754845142,0.06419800035655499,15.576809159880542,False,False,False,,13.287213325500488,3.2906546592712402,12.543227195739746,6.450382232666016,,,3.2461352348327637,False,0.266196664,0.712787611121,3,1.0,1.0,1.4142135381698608,0.26619666814804077,0.26619666814804077,0.37645894289016724,0.09106303006410599,0.26619666814804077,0.28134167194366455,0.13481846451759338,0.2661866247653961,0.2983812093734741,0.13481846451759338,0.2661866247653961,0.2983812093734741,0.13481807708740234,0.2661867141723633,0.29838109016418457,False,False,1.1310996487736702,,,,,,,,,,,1.575300469994545,-1.0,1.0,1.4142135381698608,-1.0,1.0,964.8599243164062,995.5999755859375,964.8599243164062,1048.0,9.922459602355957,9.5,9.422459602355957,9.5,-0.5,0.0,0.5,-0.16300296783447266,0.2701411247253418,0.3155094087123871,0.3260059356689453,4.021018981933594,2.0210189819335938,2.0,1.5,3.0,True,,True,False,-0.2944293306101937,-0.7610720224244516,0.11312983451224194,False,,False,timeout
208,1787741860.5209816,10.400002700276673,0.05000029969960451,19.99988012087675,0.05000029969960451,19.99988012087675,2.7390196919441223e-06,False,False,7283065.329501761,7283065.3330542,3.5524386912584305,7283065.379501761,0.0,0.008004399947822094,124.93128860609828,0.04971283860504627,0.9942567758048205,208,207,-0.32793489092028993,-0.7669257739558232,0.113,-0.48934318905749286,-0.7810317769182628,0.113,-0.4723980527976124,-0.7943443709574785,0.113,-0.48934318905749286,-0.7810317769182628,0.113,7283065.279501761,7283065.329501761,0.04971283860504627,0.049999999813735485,1,True,1281,3,1.870479245846463,18.07201750984669,4.399947822093797e-06,1,False,,False,,,,,False,False,False,,13.42203140258789,3.5568413734436035,12.34926700592041,6.704537391662598,,,3.325479507446289,False,0.266196664,0.712787611121,3,-0.44006970524787903,1.0,1.092548131942749,-0.11714509129524231,0.26619666814804077,0.29083266854286194,0.054446030408144,0.26619666814804077,0.2717076241970062,0.07752987742424011,0.26619380712509155,0.2772544324398041,0.07752987742424011,0.26619380712509155,0.2772544324398041,0.0775299072265625,0.26619386672973633,0.27725449204444885,False,False,1.4459993690252304,,,,,,,,,,,1.8229000270366669,-1.0,1.0,1.4142135381698608,-1.0,1.0,913.659912109375,995.5999755859375,913.659912109375,1048.0,9.422459602355957,9.5,8.922459602355957,9.5,-0.5,0.0,0.5,-0.19396018981933594,0.25415515899658203,0.3197114169597626,0.3879203796386719,4.047321319580078,2.047321319580078,2.0,1.5,3.0,True,,True,False,-0.30936013727438233,-0.7647261554267649,0.11309729457693532,False,,False,timeout
209,1787741860.576743,10.454125800170004,0.05412309989333153,18.47639920793246,0.05412309989333153,18.47639920793246,0.004125839099287987,True,False,7283065.379501761,7283065.3888346,9.332839399576187,7283065.429501761,0.0,0.008007200434803963,124.88759437735776,0.055730839259922504,1.0,209,208,-0.3458387100076944,-0.7675438325497811,0.113,-0.5059144879340793,-0.7680128804477269,0.113,-0.48934318905749286,-0.7810317769182628,0.113,-0.5059144879340793,-0.7680128804477269,0.113,7283065.329501761,7283065.379501761,0.055730839259922504,0.049999999813735485,1,True,1288,3,1.874958397068222,17.88245956690621,7.200434803962541e-06,1,False,,True,158,0.03898909967392683,0.0663249995559454,15.07727111489079,False,False,False,,13.499561309814453,3.82303524017334,12.089693069458008,6.97926664352417,,,3.456808567047119,False,0.266196664,0.712787611121,3,-1.0,1.0,1.4142135381698608,-0.26619666814804077,0.26619666814804077,0.37645894289016724,0.26619666814804077,0.26619666814804077,0.37645894289016724,0.2120092362165451,0.2661958634853363,0.34030595421791077,0.2120092362165451,0.2661958634853363,0.34030595421791077,0.21200942993164062,0.26619577407836914,0.34030601382255554,False,False,1.4218008145689964,,,,,,,,,,,2.4421997368335724,-1.0,0.8267762660980225,1.2975202798843384,-1.0,1.0,862.4598999023438,995.5999755859375,862.4598999023438,1038.923095703125,8.922459602355957,9.5,8.422459602355957,9.5,-0.5,0.0,0.5,-0.25957393646240234,0.27472925186157227,0.37796133756637573,0.5191478729248047,4.047896385192871,2.047896385192871,2.0,1.5,3.0,True,,True,False,-0.32709154504374993,-0.767244927653422,0.11303688836197903,False,,False,timeout
210,1787741860.6202419,10.500001700595021,0.04587590042501688,21.79793727720892,0.04587590042501688,21.79793727720892,1.7397105693817139e-06,False,False,7283065.429501761,7283065.4335944,4.092639312148094,7283065.479501761,0.0,0.008004900068044662,124.92348330392932,0.05374643951654434,1.0,210,209,-0.3611782452775955,-0.7668073032215188,0.113,-0.5224384878661045,-0.7550311434097132,0.113,-0.5059144879340793,-0.7680128804477269,0.113,-0.5224384878661045,-0.7550311434097132,0.113,7283065.379501761,7283065.429501761,0.05374643951654434,0.049999999813735485,1,True,1294,3,2.1342659642455746,18.30279630391896,4.900068044662309e-06,1,False,,True,159,0.020537100732326508,0.07748700026422739,12.905390537639118,False,False,False,,13.711570739746094,4.089231014251709,11.884074211120605,7.159688949584961,,,3.573157548904419,True,0.266196664,0.712787611121,3,-0.750799298286438,1.0,1.2504796981811523,-0.19986027479171753,0.26619666814804077,0.33287355303764343,0.26619666814804077,0.26619666814804077,0.37645894289016724,0.2506334185600281,0.26619642972946167,0.36561957001686096,0.2506334185600281,0.26619642972946167,0.36561957001686096,0.25063323974609375,0.26619625091552734,0.3656193017959595,False,False,1.1979006230831146,,,,,,,,,,,1.587199978530407,-1.0,0.6577696204185486,1.196938157081604,-1.0,0.8267762660980225,811.2598876953125,995.5999755859375,811.2598876953125,1030.067138671875,8.422459602355957,9.5,7.922459602355957,9.5,-0.5,0.0,0.5,-0.20561885833740234,0.18042230606079102,0.27355313301086426,0.4112377166748047,4.178496360778809,2.1784963607788086,2.0,1.5,3.0,True,,True,False,-0.33986433126495014,-0.767911587898328,0.112917869446412,False,,False,timeout
211,1787741860.6708236,10.550002000294626,0.05000029969960451,19.99988012087675,0.05000029969960451,19.99988012087675,2.039596438407898e-06,False,False,7283065.479501761,7283065.4833793,3.877539187669754,7283065.52950176,0.0,0.008003100752830505,124.95156950839635,0.0518489396199584,1.0,211,210,-0.3764326734680635,-0.7650299493508868,0.113,-0.5389153910708433,-0.7420864069364235,0.113,-0.5224384878661045,-0.7550311434097132,0.113,-0.5389153910708433,-0.7420864069364235,0.113,7283065.429501761,7283065.479501761,0.0518489396199584,0.049999999813735485,1,True,1300,3,1.8771796011715751,18.28648892565786,3.1007528305052046e-06,1,False,,True,160,0.006185200065374374,0.06410859990864992,15.598531264524995,False,False,False,,13.962203979492188,4.355427265167236,11.571349143981934,7.3908610343933105,,,3.8639416694641113,True,0.266196664,0.712787611121,3,-1.0,1.0,1.4142135381698608,-0.26619666814804077,0.26619666814804077,0.37645894289016724,-0.11714509129524231,0.26619666814804077,0.29083266854286194,-0.01151459664106369,0.2661965489387512,0.26644545793533325,-0.011514604091644287,0.2661965489387512,0.26644545793533325,-0.011514663696289062,0.26619672775268555,0.26644566655158997,False,False,1.0933997109532356,,,,,,,,,,,1.571199856698513,-0.9842425584793091,0.4272814393043518,1.0729877948760986,-1.0,0.6577696204185486,760.8666381835938,995.5999755859375,760.8666381835938,1017.9895629882812,7.922459602355957,9.5,7.430338382720947,9.5,-0.49212121963500977,0.0,0.49212121963500977,-0.3127250671386719,0.2311720848083496,0.38889265060424805,0.6254501342773438,4.214601039886475,2.2146010398864746,2.0,1.5,3.0,True,,True,False,-0.3578118216074005,-0.7674056616196904,0.11298611819293589,False,,False,timeout
212,1787741860.721525,10.600036799907684,0.05003479961305857,19.98608983614297,0.05003479961305857,19.98608983614297,3.683939576148987e-05,False,False,7283065.52950176,7283065.5343849,4.88313939422369,7283065.57950176,0.0,0.00803030002862215,124.52834843476967,0.049926339648664,0.9985267966930821,212,211,-0.39155228458471364,-0.76233438238975,0.113,-0.5553453986144914,-0.7291785130643809,0.113,-0.5389153910708433,-0.7420864069364235,0.113,-0.5553453986144914,-0.7291785130643809,0.113,7283065.479501761,7283065.52950176,0.049926339648664,0.049999999813735485,1,True,1306,3,1.8871195117650175,18.598348075517997,3.0300028622150255e-05,1,False,,False,,,,,False,False,False,,13.950689315795898,4.621623992919922,11.28639030456543,7.567022800445557,,,3.971632242202759,True,0.266196664,0.712787611121,3,-1.0,1.0,1.4142135381698608,-0.26619666814804077,0.26619666814804077,0.37645894289016724,-0.26619666814804077,0.26619666814804077,0.37645894289016724,-0.19304883480072021,0.26619669795036316,0.3288290202617645,-0.19304883480072021,0.26619669795036316,0.3288290202617645,-0.19304847717285156,0.26619672775268555,0.3288288414478302,False,False,1.8384000286459923,,,,,,,,,,,2.6233000680804253,-0.8607103824615479,0.313879132270813,0.9161563515663147,-0.9842425584793091,0.4272814393043518,716.7982788085938,995.5999755859375,716.7982788085938,1012.0472412109375,7.430338382720947,9.5,6.999983310699463,9.5,-0.4303550720214844,0.0,0.4303550720214844,-0.2849588394165039,0.1761617660522461,0.3350141942501068,0.5790419578552246,4.313413619995117,2.313413619995117,2.0,1.5,3.0,True,,True,False,-0.372993082355651,-0.7657500397823434,0.11289368741559776,False,,False,timeout
213,1787741860.7720976,10.651515600271523,0.05147880036383867,19.42547209593584,0.05147880036383867,19.42547209593584,0.0015156399458646774,True,False,7283065.57950176,7283065.5850049,5.503139458596706,7283065.62950176,0.0,0.00800309982150793,124.95158404903934,0.04794703982770443,0.9589408001264215,213,212,-0.4065216793490774,-0.7588977618470538,0.113,-0.5694827780058367,-0.7180717748399765,0.113,-0.5553453986144914,-0.7291785130643809,0.113,-0.5694827780058367,-0.7180717748399765,0.113,7283065.52950176,7283065.57950176,0.04794703982770443,0.049999999813735485,1,True,1312,3,1.8846777059779964,18.684310422021298,3.099821507930589e-06,1,False,,True,161,0.02651310060173273,0.06435019988566637,15.539967269359549,False,False,False,,13.757640838623047,4.887820720672607,10.987017631530762,7.730893611907959,,,3.969813108444214,True,0.266196664,0.712787611121,3,-1.0,1.0,1.4142135381698608,-0.26619666814804077,0.26619666814804077,0.37645894289016724,-0.19986027479171753,0.26619666814804077,0.33287355303764343,-0.1979038417339325,0.26619669795036316,0.3317025899887085,-0.1979038417339325,0.26619669795036316,0.3317025899887085,-0.19790363311767578,0.26619672775268555,0.33170250058174133,False,False,1.2317001819610596,,,,,,,,,,,1.6048997640609741,-0.8785510659217834,0.25029510259628296,0.9135094881057739,-0.8607103824615479,0.313879132270813,671.8164672851562,995.5999755859375,671.8164672851562,1008.7155151367188,6.999983310699463,9.5,6.5607075691223145,9.5,-0.43927574157714844,0.0,0.43927574157714844,-0.29937267303466797,0.16387081146240234,0.3412882089614868,0.695641040802002,4.361900806427002,2.361900806427002,2.0,1.5,3.0,True,,True,False,-0.3881940748044475,-0.76329068140884,0.11295336395829457,False,,False,timeout
214,1787741860.8226905,10.700001999735832,0.048486399464309216,20.62434024898258,0.048486399464309216,20.62434024898258,2.039596438407898e-06,False,False,7283065.62950176,7283065.634718,5.2162399515509605,7283065.67950176,0.0,0.008001099340617657,124.98282516297361,0.05401233956217766,1.0,214,213,-0.4237882422774229,-0.7541081672271662,0.113,-0.5839056437105806,-0.7067407502282725,0.113,-0.5694827780058367,-0.7180717748399765,0.113,-0.5839056437105806,-0.7067407502282725,0.113,7283065.57950176,7283065.62950176,0.05401233956217766,0.049999999813735485,1,True,1319,3,2.1389767651113303,18.836555988812023,1.0993406176565412e-06,1,False,,True,162,0.012085099704563618,0.08142689988017082,12.280953855195477,False,False,False,,13.559737205505371,5.154017448425293,10.675869941711426,7.878325939178467,,,3.967183828353882,True,0.266196664,0.712787611121,3,-1.0,1.0,1.4142135381698608,-0.26619666814804077,0.26619666814804077,0.37645894289016724,-0.26619666814804077,0.26619666814804077,0.37645894289016724,-0.2465820610523224,0.26619669795036316,0.3628545105457306,-0.2465820610523224,0.26619669795036316,0.3628545105457306,-0.24658203125,0.26619672775268555,0.3628545105457306,False,False,1.6465997323393822,,,,,,,,,,,1.9792001694440842,-0.854547917842865,0.21391484141349792,0.8809152841567993,-0.8785510659217834,0.25029510259628296,628.0635986328125,995.5999755859375,628.0635986328125,1006.8092041015625,6.5607075691223145,9.5,6.133433818817139,9.5,-0.4272737503051758,0.0,0.4272737503051758,-0.31114768981933594,0.1474323272705078,0.3443096876144409,0.7083197832107544,4.4231648445129395,2.4231648445129395,2.0,1.5,3.0,True,,True,False,-0.40321568102571337,-0.7599640645421802,0.11301871761962326,False,,False,timeout
215,1787741860.8703055,10.750001500360668,0.04999950062483549,20.000199752060826,0.04999950062483549,20.000199752060826,1.5404075384140015e-06,False,False,7283065.67950176,7283065.6837702,4.268440417945385,7283065.72950176,0.0,0.008003399707376957,124.94690213688466,0.052088639698922634,1.0,215,214,-0.4384109509760454,-0.7494087105621582,0.113,-0.5976537760474272,-0.6959398158603866,0.113,-0.5839056437105806,-0.7067407502282725,0.113,-0.5976537760474272,-0.6959398158603866,0.113,7283065.62950176,7283065.67950176,0.052088639698922634,0.049999999813735485,1,True,1325,3,1.8866487421241191,18.684554743401772,3.399707376956773e-06,1,False,,True,163,0.03293580003082752,0.06267290003597736,15.95585970053963,False,False,False,,13.313155174255371,5.4202141761779785,10.302755355834961,8.033296585083008,,,3.9863150119781494,True,0.266196664,0.712787611121,3,-1.0,1.0,1.4142135381698608,-0.26619666814804077,0.26619666814804077,0.37645894289016724,-0.26619666814804077,0.26619666814804077,0.37645894289016724,-0.26056310534477234,0.26619669795036316,0.37249672412872314,-0.26056310534477234,0.26619669795036316,0.37249672412872314,-0.2605628967285156,0.26619672775268555,0.3724966049194336,False,False,1.0553998872637749,,,,,,,,,,,1.4378000050783157,-0.8403638005256653,0.18923638761043549,0.8614068627357483,-0.854547917842865,0.21391484141349792,585.0369873046875,995.5999755859375,585.0369873046875,1005.5159301757812,6.133433818817139,9.5,5.713252067565918,9.5,-0.4201817512512207,0.0,0.4201817512512207,-0.37311458587646484,0.15497064590454102,0.404017835855484,0.8732448220252991,4.419780731201172,2.419780731201172,2.0,1.5,3.0,True,,True,False,-0.42047292725599483,-0.7552542686916845,0.1129667917316866,False,,False,timeout
216,1787741860.9269986,10.803370600566268,0.05336910020560026,18.737434135999646,0.05336910020560026,18.737434135999646,0.0033706407994031906,True,False,7283065.72950176,7283065.7387861,9.284340776503086,7283065.779501759,0.0,0.008007300086319447,124.88604014085973,0.05811674054712057,1.0,216,215,-0.4552696677752762,-0.743335645736875,0.113,-0.611369077429233,-0.6851646744498235,0.113,-0.5976537760474272,-0.6959398158603866,0.113,-0.611369077429233,-0.6851646744498235,0.113,7283065.67950176,7283065.72950176,0.05811674054712057,0.049999999813735485,1,True,1332,3,2.1401288164638146,18.79866546653793,7.300086319446397e-06,1,False,,True,164,0.05203850008547306,0.02914960030466318,34.30578771400944,False,False,False,,13.052592277526855,5.686410903930664,9.974360466003418,8.155648231506348,,,3.9462192058563232,True,0.266196664,0.712787611121,3,-1.0,1.0,1.4142135381698608,-0.26619666814804077,0.26619666814804077,0.37645894289016724,-0.26619666814804077,0.26619666814804077,0.37645894289016724,-0.26457858085632324,0.26619669795036316,0.3753165602684021,-0.26457858085632324,0.26619669795036316,0.3753165602684021,-0.26457881927490234,0.26619672775268555,0.3753167390823364,False,False,2.6416992768645287,,,,,,,,,,,1.6298005357384682,-0.8430774807929993,0.14205525815486908,0.854961633682251,-0.8403638005256653,0.18923638761043549,541.8713989257812,995.5999755859375,541.8713989257812,1003.0437622070312,5.713252067565918,9.5,5.291713237762451,9.5,-0.4215388298034668,0.0,0.4215388298034668,-0.32839488983154297,0.12235164642333984,0.35044702887535095,0.7815544009208679,4.468145847320557,2.4681458473205566,2.0,1.5,3.0,True,,True,False,-0.4351594962562588,-0.7506563744372967,0.11294461158600325,False,,False,timeout
217,1787741860.9704928,10.850002099759877,0.04663149919360876,21.444731936413024,0.04663149919360876,21.444731936413024,2.1401792764663696e-06,False,False,7283065.779501759,7283065.7835195,4.017740488052368,7283065.829501759,0.0,0.008001800626516342,124.97187154178812,0.04813094064593315,0.9626188165046976,217,216,-0.46717308197808693,-0.7386301885499799,0.113,-0.6253694767394947,-0.6741655517785171,0.113,-0.611369077429233,-0.6851646744498235,0.113,-0.6253694767394947,-0.6741655517785171,0.113,7283065.72950176,7283065.779501759,0.04813094064593315,0.049999999813735485,1,True,1337,3,1.8907795316631761,18.973342849711745,1.8006265163419966e-06,1,False,,True,165,0.01732149999588728,0.03426409978419542,29.185065602139577,False,False,False,,12.788013458251953,5.95260763168335,9.641683578491211,8.266829490661621,,,3.905766725540161,True,0.266196664,0.712787611121,3,-1.0,0.6938463449478149,1.217137098312378,-0.26619666814804077,0.18469958007335663,0.3239978551864624,-0.26619666814804077,0.26619666814804077,0.37645894289016724,-0.2657319903373718,0.26619669795036316,0.37613052129745483,-0.2657319903373718,0.26619669795036316,0.37613052129745483,-0.2657318115234375,0.26619672775268555,0.37613043189048767,False,False,1.1128000915050507,,,,,,,,,,,1.626799814403057,-0.823630690574646,0.1103769987821579,0.8309937119483948,-0.8430774807929993,0.14205525815486908,499.7015686035156,995.5999755859375,499.7015686035156,1001.3836669921875,5.291713237762451,9.5,4.8798980712890625,9.5,-0.41181516647338867,0.0,0.41181516647338867,-0.33267688751220703,0.11118125915527344,0.3507637083530426,0.7891963124275208,4.521388053894043,2.521388053894043,2.0,1.5,3.0,True,,True,False,-0.44959294592934046,-0.7455894472709956,0.11288928280543406,False,,False,timeout
218,1787741861.020163,10.900001799687743,0.04999969992786646,20.000120029573768,0.04999969992786646,20.000120029573768,1.8402934074401855e-06,False,False,7283065.829501759,7283065.8332684,3.7666410207748413,7283065.879501759,0.0,0.008007300086319447,124.88604014085973,0.046601240523159504,0.932024813935253,218,217,-0.48131496469453594,-0.732636469846965,0.113,-0.6387016566149198,-0.6636914018149341,0.113,-0.6253694767394947,-0.6741655517785171,0.113,-0.6387016566149198,-0.6636914018149341,0.113,7283065.779501759,7283065.829501759,0.046601240523159504,0.049999999813735485,1,True,1343,3,1.8834532276010845,19.065929959510658,7.300086319446397e-06,1,False,,True,166,0.005202199332416058,0.08135019987821579,12.292532796441021,False,False,False,,12.522281646728516,6.218804359436035,9.300671577453613,8.36972713470459,,,3.87365984916687,True,0.266196664,0.712787611121,3,-1.0,1.0,1.4142135381698608,-0.26619666814804077,0.26619666814804077,0.37645894289016724,-0.26619666814804077,0.26619666814804077,0.37645894289016724,-0.2660631537437439,0.26619669795036316,0.3763645589351654,-0.2660631537437439,0.26619669795036316,0.3763645589351654,-0.26606273651123047,0.26619672775268555,0.3763642907142639,False,False,1.097000204026699,,,,,,,,,,,1.4535998925566673,-0.7969034910202026,0.0988973081111908,0.803016722202301,-0.823630690574646,0.1103769987821579,458.90008544921875,995.5999755859375,458.90008544921875,1000.7822265625,4.8798980712890625,9.5,4.481446266174316,9.5,-0.3984518051147461,0.0,0.3984518051147461,-0.34101200103759766,0.10289764404296875,0.35619813203811646,0.8280705213546753,4.562976360321045,2.562976360321045,2.0,1.5,3.0,True,,True,False,-0.463999474521944,-0.7400465740874473,0.11293867069092603,False,,False,timeout
219,1787741861.0717752,10.950003100559115,0.05000130087137222,19.99947966498889,0.05000130087137222,19.99947966498889,3.141351044178009e-06,False,False,7283065.879501759,7283065.884006,4.504241049289703,7283065.929501759,0.0,0.008016200736165047,124.74737508611845,0.052777741104364395,1.0,219,218,-0.49763264086468095,-0.7252308038758172,0.113,-0.6516865136072755,-0.6534901188541253,0.113,-0.6387016566149198,-0.6636914018149341,0.113,-0.6516865136072755,-0.6534901188541253,0.113,7283065.829501759,7283065.879501759,0.052777741104364395,0.049999999813735485,1,True,1350,3,2.144527421336042,19.138362739867127,1.6200736165046525e-05,1,False,,False,,,,,False,False,False,,12.256218910217285,6.485001087188721,8.957639694213867,8.462533950805664,,,3.8459408283233643,True,0.266196664,0.712787611121,3,-0.5773091316223145,1.0,1.1546800136566162,-0.15367776155471802,0.26619666814804077,0.30737194418907166,-0.26619666814804077,0.26619666814804077,0.37645894289016724,-0.26615819334983826,0.26619669795036316,0.37643176317214966,-0.26615819334983826,0.26619669795036316,0.37643176317214966,-0.2661581039428711,0.26619672775268555,0.3764317035675049,False,False,1.876799389719963,,,,,,,,,,,2.2847000509500504,-0.7528693079948425,0.08322572708129883,0.7574554681777954,-0.7969034910202026,0.0988973081111908,420.3531799316406,995.5999755859375,420.3531799316406,999.9610595703125,4.481446266174316,9.5,4.105011463165283,9.5,-0.3764348030090332,0.0,0.3764348030090332,-0.3430318832397461,0.09280681610107422,0.3553645610809326,0.8609118461608887,4.594849586486816,2.5948495864868164,2.0,1.5,3.0,True,,True,False,-0.4781235731369937,-0.734134932553514,0.11288795102075286,False,,False,timeout
220,1787741861.1212797,11.000706600025296,0.0507034994661808,19.72250457124758,0.0507034994661808,19.72250457124758,0.0007066410034894943,False,False,7283065.929501759,7283065.9338354,4.33364138007164,7283065.979501759,0.0,0.008001300506293774,124.97968289197564,0.05079264100641012,1.0,220,219,-0.5114774299316264,-0.7185791086757082,0.113,-0.663694979430312,-0.6440559173178191,0.113,-0.6516865136072755,-0.6534901188541253,0.113,-0.663694979430312,-0.6440559173178191,0.113,7283065.879501759,7283065.929501759,0.05079264100641012,0.049999999813735485,1,True,1356,3,1.890350682123262,18.83842480531661,1.3005062937734846e-06,1,False,,True,167,0.040409999899566174,0.062118600122630596,16.098237855100784,False,False,False,,11.990060806274414,6.751197814941406,8.55156421661377,8.561177253723145,,,3.885779619216919,True,0.266196664,0.712787611121,3,-1.0,1.0,1.4142135381698608,-0.26619666814804077,0.26619666814804077,0.37645894289016724,-0.26619666814804077,0.18469958007335663,0.3239978551864624,-0.26618558168411255,0.20810657739639282,0.33788031339645386,-0.26618558168411255,0.20810657739639282,0.33788031339645386,-0.2661857604980469,0.20810651779174805,0.337880402803421,False,False,1.0587004944682121,,,,,,,,,,,1.4478005468845367,-0.6781754493713379,0.04528475180268288,0.679685652256012,-0.7528693079948425,0.08322572708129883,385.6305847167969,995.5999755859375,385.6305847167969,997.9728393554688,4.105011463165283,9.5,3.7659237384796143,9.5,-0.33908772468566895,0.0,0.33908772468566895,-0.40607547760009766,0.09864330291748047,0.4178849160671234,1.0787404775619507,4.544581413269043,2.544581413269043,2.0,1.5,3.0,True,,True,False,-0.4944514091699443,-0.7267918246131846,0.11290789086104029,False,,False,timeout
221,1787741861.1709843,11.05000129994005,0.04929469991475344,20.286156559007868,0.04929469991475344,20.286156559007868,1.341104507446289e-06,False,False,7283065.979501759,7283065.9835325,4.030741751194,7283066.0295017585,0.0,0.00801989994943142,124.68983482404867,0.04884244129061699,0.9768488294513853,221,220,-0.5252067888672528,-0.7116922013130842,0.113,-0.674733112270824,-0.6353840377175006,0.113,-0.663694979430312,-0.6440559173178191,0.113,-0.674733112270824,-0.6353840377175006,0.113,7283065.929501759,7283065.979501759,0.04884244129061699,0.049999999813735485,1,True,1362,3,1.8853314914127222,18.672478749208892,1.9899949431419206e-05,1,False,,True,168,0.010744799859821796,0.06572180055081844,15.215651300161266,False,False,False,,11.723875045776367,6.959304332733154,8.198424339294434,8.639062881469727,,,3.905174970626831,True,0.266196664,0.712787611121,3,-1.0,1.0,1.4142135381698608,-0.26619666814804077,0.26619666814804077,0.37645894289016724,-0.26619666814804077,0.26619666814804077,0.37645894289016724,-0.26619353890419006,0.2495124638080597,0.36484992504119873,-0.26619353890419006,0.2495124638080597,0.36484992504119873,-0.2661933898925781,0.2495126724243164,0.3648499548435211,False,False,1.1812001466751099,,,,,,,,,,,1.5779994428157806,-0.6335392594337463,0.009868744760751724,0.6336160898208618,-0.6781754493713379,0.04528475180268288,353.1933898925781,995.5999755859375,353.1933898925781,996.1170654296875,3.7659237384796143,9.5,3.4491541385650635,9.5,-0.3167695999145508,0.0,0.3167695999145508,-0.35313987731933594,0.07788562774658203,0.3616268038749695,1.0414410829544067,4.515337944030762,2.5153379440307617,2.0,1.5,3.0,True,,True,False,-0.5083673727901981,-0.7201694699911875,0.11286784405298608,False,,False,timeout
222,1787741861.220574,11.100005299784243,0.05000399984419346,19.99840019030241,0.05000399984419346,19.99840019030241,5.341134965419769e-06,False,False,7283066.0295017585,7283066.0333441,3.8423417136073112,7283066.079501758,0.0,0.008020099252462387,124.68673622623473,0.04707094095647335,0.9414188226365254,222,221,-0.5388336085309837,-0.704604480936369,0.113,-0.6848064640246212,-0.6274701183216429,0.113,-0.674733112270824,-0.6353840377175006,0.113,-0.6848064640246212,-0.6274701183216429,0.113,7283065.979501759,7283066.0295017585,0.04707094095647335,0.049999999813735485,1,True,1368,3,1.8880954655607927,18.397999822300992,2.009925246238692e-05,1,False,,False,,,,,False,False,False,,11.457681655883789,7.208817005157471,7.844204902648926,8.710848808288574,,,3.9132227897644043,True,0.266196664,0.712787611121,3,-1.0,0.6165275573730469,1.1747791767120361,-0.26619666814804077,0.16411757469177246,0.3127223253250122,-0.15367776155471802,0.26619666814804077,0.30737194418907166,-0.18599364161491394,0.261404812335968,0.32082098722457886,-0.18599364161491394,0.261404812335968,0.32082098722457886,-0.18599319458007812,0.26140499114990234,0.3208208680152893,False,False,1.6286000609397888,,,,,,,,,,,1.9407998770475388,-0.5851315855979919,-0.034113284200429916,0.5861251354217529,-0.6335392594337463,0.009868744760751724,323.2346496582031,993.8125,323.2346496582031,993.8125,3.4491541385650635,9.5,3.156588315963745,9.482943534851074,-0.29256582260131836,-0.01705646514892578,0.29306259751319885,-0.3542194366455078,0.07178592681884766,0.36142030358314514,1.1182242631912231,4.465336799621582,2.465336799621582,2.0,1.5,3.0,True,,False,False,-0.5220956321372583,-0.7133410828608755,0.11295119669148881,False,,False,timeout
223,1787741861.275277,11.152667299844325,0.05266200006008148,18.989024322264846,0.05266200006008148,18.989024322264846,0.0026673413813114166,True,False,7283066.079501758,7283066.0875792,8.077441714704037,7283066.129501758,0.0,0.008000700734555721,124.98905198152372,0.053108641877770424,1.0,223,222,-0.5545930586672693,-0.6960747047846872,0.113,-0.6938323532559232,-0.619385481781329,0.113,-0.6848064640246212,-0.6274701183216429,0.113,-0.6938323532559232,-0.619385481781329,0.113,7283066.0295017585,7283066.079501758,0.053108641877770424,0.049999999813735485,1,True,1375,3,1.8846259866239705,17.780754920787427,7.007345557211164e-07,1,False,,True,169,0.043698799796402454,0.07873780000954866,12.700380247844471,False,False,False,,11.271688461303711,7.470221996307373,7.426114082336426,8.788111686706543,,,4.065129280090332,True,0.266196664,0.712787611121,3,-1.0,-0.32838624715805054,1.0525386333465576,-0.26619666814804077,-0.08741532266139984,0.28018227219581604,-0.26619666814804077,0.26619666814804077,0.37645894289016724,-0.24316123127937317,0.2648204565048218,0.3595236539840698,-0.24316123127937317,0.2648204565048218,0.3595236539840698,-0.24316120147705078,0.26482057571411133,0.3595237135887146,False,False,1.7186999320983887,,,,,,,,,,,2.084900625050068,-0.4603625535964966,-0.11002184450626373,0.47332704067230225,-0.5851315855979919,-0.034113284200429916,299.6640930175781,988.04736328125,299.6640930175781,988.04736328125,3.156588315963745,9.482943534851074,2.9264070987701416,9.427932739257812,-0.23018121719360352,-0.05501079559326172,0.23666343092918396,-0.4180908203125,0.07726287841796875,0.4251699447631836,1.408864140510559,4.325695037841797,2.325695037841797,2.0,1.5,3.0,True,,False,False,-0.5380291746945493,-0.7050644811048878,0.11294360499253445,False,,False,timeout
224,1787741861.3202543,11.200002300553024,0.047335000708699226,21.126016373254643,0.047335000708699226,21.126016373254643,2.3422762751579285e-06,False,False,7283066.129501758,7283066.1335653,4.063542000949383,7283066.179501758,0.0,0.008295000530779362,120.55454322026962,0.05141534190624952,1.0,224,223,-0.5679463352971521,-0.6884844675347975,0.113,-0.7003681641251831,-0.6117657994979664,0.113,-0.6938323532559232,-0.619385481781329,0.113,-0.7003681641251831,-0.6117657994979664,0.113,7283066.079501758,7283066.129501758,0.05141534190624952,0.049999999813735485,1,True,1381,3,1.8824840844899815,17.1864240570546,0.00029500053077936156,1,False,,True,170,0.032546800561249256,0.07000259961932898,14.285183770859303,False,False,False,,11.02852725982666,7.735042572021484,7.0654401779174805,8.849127769470215,,,4.116703033447266,True,0.266196664,0.712787611121,3,-1.0,0.27937015891075134,1.0382907390594482,-0.26619666814804077,0.07436740398406982,0.27638953924179077,-0.26619666814804077,0.26619666814804077,0.37645894289016724,-0.2595806121826172,0.26580142974853516,0.3715272545814514,-0.2595806121826172,0.26580142974853516,0.3715272545814514,-0.2595806121826172,0.26580142974853516,0.3715272545814514,False,False,1.1312998831272125,,,,,,,,,,,1.6004005447030067,-0.4048486053943634,-0.16296331584453583,0.4364165663719177,-0.4603625535964966,-0.11002184450626373,278.93585205078125,979.5079956054688,278.93585205078125,979.5079956054688,2.9264070987701416,9.427932739257812,2.723982810974121,9.346450805664062,-0.2024242877960205,-0.08148193359375,0.21820838749408722,-0.3606739044189453,0.061016082763671875,0.36579862236976624,1.422324776649475,4.179307460784912,2.179307460784912,2.0,1.5,3.0,True,,False,False,-0.5515677455049053,-0.6977643611197487,0.11299792512686606,False,,False,timeout
225,1787741861.3708966,11.25000200048089,0.04999969992786646,20.000120029573768,0.04999969992786646,20.000120029573768,2.0423904061317444e-06,False,False,7283066.179501758,7283066.1834191,3.9173420518636703,7283066.229501758,0.0,0.008016999810934067,124.73494119784559,0.04944584146142006,0.9889168329124035,225,224,-0.58109589194685,-0.6805470658566422,0.113,-0.7051694721370869,-0.6035128064114365,0.113,-0.7003681641251831,-0.6117657994979664,0.113,-0.7051694721370869,-0.6035128064114365,0.113,7283066.129501758,7283066.179501758,0.04944584146142006,0.049999999813735485,1,True,1387,3,1.8796079376205908,16.48366981549126,1.6999810934066606e-05,1,False,,True,171,0.004072200506925583,0.058199199847877026,17.182366812839913,False,False,False,,10.768946647644043,8.00084400177002,6.70228910446167,8.903361320495605,,,4.165602207183838,True,0.266196664,0.712787611121,3,-1.0,0.8484266996383667,1.3114221096038818,-0.26619666814804077,0.22584836184978485,0.3490961790084839,-0.26619666814804077,0.16411757469177246,0.3127223253250122,-0.2642964720726013,0.19332244992256165,0.3274541199207306,-0.2642964720726013,0.19332244992256165,0.3274541199207306,-0.2642965316772461,0.19332218170166016,0.32745400071144104,False,False,1.1188993230462074,,,,,,,,,,,1.5403004363179207,-0.3675362765789032,-0.2211931198835373,0.4289630651473999,-0.4048486053943634,-0.16296331584453583,260.1180114746094,967.91748046875,260.1180114746094,967.91748046875,2.723982810974121,9.346450805664062,2.540214776992798,9.235854148864746,-0.18376803398132324,-0.1105966567993164,0.21448150277137756,-0.36315107345581055,0.054233551025390625,0.36717841029167175,1.4510488510131836,4.002904891967773,2.0029048919677734,2.0,1.5,3.0,True,,False,False,-0.5649652074174729,-0.6901955682174776,0.11300432704300371,False,,False,timeout
226,1787741861.4265893,11.30495909973979,0.05495709925889969,18.19601131582761,0.05495709925889969,18.19601131582761,0.004959141835570335,True,False,7283066.229501758,7283066.2388052,9.30344220250845,7283066.279501758,0.0,0.008068999275565147,123.93110543809792,0.05555774178355932,1.0,226,225,-0.5960955973756872,-0.6707443023427136,0.113,-0.708441380615035,-0.5949489775511662,0.113,-0.7051694721370869,-0.6035128064114365,0.113,-0.708441380615035,-0.5949489775511662,0.113,7283066.179501758,7283066.229501758,0.05555774178355932,0.049999999813735485,1,True,1394,3,1.8801551513787447,15.432263131187726,6.899927556514723e-05,1,False,,False,,,,,False,False,False,,10.504650115966797,8.19416618347168,6.2768964767456055,8.956930160522461,,,4.296010971069336,True,0.266196664,0.712787611121,3,-1.0,0.5325644016265869,1.1329717636108398,-0.26619666814804077,0.14176687598228455,0.3015933036804199,-0.26619666814804077,-0.08741532266139984,0.28018227219581604,-0.2656509280204773,-0.00678403303027153,0.26573753356933594,-0.2656509280204773,-0.006784036755561829,0.26573753356933594,-0.26565074920654297,-0.0067844390869140625,0.2657373547554016,False,False,1.562800258398056,,,,,,,,,,,2.4623004719614983,-0.31992748379707336,-0.27000269293785095,0.4186347723007202,-0.3675362765789032,-0.2211931198835373,243.73770141601562,953.7694091796875,243.73770141601562,953.7694091796875,2.540214776992798,9.235854148864746,2.380250930786133,9.100852966308594,-0.15996384620666504,-0.13500118255615234,0.20931734144687653,-0.42539262771606445,0.05356884002685547,0.42875227332115173,1.570552110671997,3.747077465057373,1.747077465057373,2.0,1.5,3.0,True,,False,False,-0.5803514579979161,-0.6810212857081884,0.1129365375333313,False,,False,timeout
227,1787741861.4725256,11.350518500432372,0.04555940069258213,21.949366866075074,0.04555940069258213,21.949366866075074,0.0005185427144169807,False,False,7283066.279501758,7283066.2851821,5.6803422048687935,7283066.329501757,0.0,0.008031200617551804,124.51438428951059,0.05360984243452549,1.0,227,226,-0.6085733212013945,-0.6617885276503136,0.113,-0.7110118179819723,-0.5859092390323971,0.113,-0.708441380615035,-0.5949489775511662,0.113,-0.7110118179819723,-0.5859092390323971,0.113,7283066.229501758,7283066.279501758,0.05360984243452549,0.049999999813735485,1,True,1400,3,1.8677523532896816,14.615541822778452,3.120061755180342e-05,1,False,,True,172,0.03918199986219406,0.07847250066697598,12.743317614457464,False,False,False,,10.238999366760254,8.187381744384766,5.907227993011475,8.990612030029297,,,4.405612945556641,True,0.266196664,0.712787611121,3,-1.0,-0.3134766221046448,1.0479825735092163,-0.26619666814804077,-0.0834464356303215,0.27896949648857117,-0.26619666814804077,0.07436740398406982,0.27638953924179077,-0.2660398781299591,0.05105958878993988,0.2708953619003296,-0.2660398781299591,0.05105958878993988,0.2708953619003296,-0.2660398483276367,0.051059722900390625,0.2708953619003296,False,False,1.2971004471182823,,,,,,,,,,,2.041400410234928,-0.275299608707428,-0.27462485432624817,0.38885560631752014,-0.31992748379707336,-0.27000269293785095,229.64234924316406,939.3790283203125,229.64234924316406,939.3790283203125,2.380250930786133,9.100852966308594,2.242601156234741,8.963540077209473,-0.1376497745513916,-0.1373128890991211,0.19442811608314514,-0.36966848373413086,0.03368186950683594,0.37119975686073303,1.2458759546279907,3.5286993980407715,1.5286993980407715,2.0,1.5,3.0,True,,False,False,-0.5933648876526351,-0.672630657406115,0.11295929774886948,False,,False,timeout
228,1787741861.5215487,11.40000220015645,0.04948369972407818,20.20867488841809,0.04948369972407818,20.20867488841809,2.2426247596740723e-06,False,False,7283066.329501757,7283066.334,4.498242400586605,7283066.379501757,0.0,0.008245300501585007,121.28120737476681,0.05186514277011156,1.0,228,227,-0.62065494268878,-0.652305352474425,0.113,-0.7126454511365568,-0.5775736345964042,0.113,-0.7110118179819723,-0.5859092390323971,0.113,-0.7126454511365568,-0.5775736345964042,0.113,7283066.279501758,7283066.329501757,0.05186514277011156,0.049999999813735485,1,True,1406,3,1.8640734099916505,13.715900692043187,0.00024530050158500655,1,False,,True,173,0.024668900296092033,0.0656280992552638,15.23737562641346,False,False,False,,9.972959518432617,8.238441467285156,5.538424968719482,9.011037826538086,,,4.501333236694336,True,0.266196664,0.712787611121,3,-1.0,0.12212271988391876,1.0074293613433838,-0.26619666814804077,0.03250866010785103,0.26817435026168823,-0.26619666814804077,0.22584836184978485,0.3490961790084839,-0.26615163683891296,0.17564690113067627,0.318886399269104,-0.26615163683891296,0.17564690113067627,0.318886399269104,-0.26615142822265625,0.17564678192138672,0.3188861310482025,False,False,1.0967999696731567,,,,,,,,,,,1.6267001628875732,-0.24479421973228455,-0.3162282109260559,0.39990559220314026,-0.275299608707428,-0.27462485432624817,217.10888671875,922.80859375,217.10888671875,922.80859375,2.242601156234741,8.963540077209473,2.120203971862793,8.805425643920898,-0.12239718437194824,-0.15811443328857422,0.1999531090259552,-0.3688030242919922,0.020425796508789062,0.36936822533607483,1.268730640411377,3.296166181564331,1.296166181564331,2.0,1.5,3.0,True,,False,False,-0.605999039422141,-0.6638240554595863,0.11296919801394024,False,,False,timeout
229,1787741861.570149,11.450002700090408,0.050000499933958054,19.99980002841623,0.050000499933958054,19.99980002841623,2.7427449822425842e-06,False,False,7283066.379501757,7283066.3832392,3.7374431267380714,7283066.429501757,0.0,0.008005299605429173,124.91724848396713,0.04989104252308607,0.9978208541788938,229,228,-0.632243719291527,-0.6422269847113218,0.113,-0.7130551468664142,-0.5686417604596876,0.113,-0.7126454511365568,-0.5775736345964042,0.113,-0.7130551468664142,-0.5686417604596876,0.113,7283066.329501757,7283066.379501757,0.04989104252308607,0.049999999813735485,1,True,1412,3,1.8747320729983192,12.803765777393078,5.299605429172349e-06,1,False,,False,,,,,False,False,False,,9.706808090209961,8.414088249206543,5.172986030578613,9.014604568481445,,,4.573419094085693,True,0.266196664,0.712787611121,3,-1.0,1.0,1.4142135381698608,-0.26619666814804077,0.26619666814804077,0.37645894289016724,-0.26619666814804077,0.14176687598228455,0.3015933036804199,-0.26618367433547974,0.15149760246276855,0.30627647042274475,-0.26618367433547974,0.15149760246276855,0.30627647042274475,-0.26618385314941406,0.15149784088134766,0.30627673864364624,False,False,1.8357997760176659,,,,,,,,,,,1.58619973808527,-0.2068529725074768,-0.3936477303504944,0.444687157869339,-0.24479421973228455,-0.3162282109260559,206.5180206298828,902.1814575195312,206.5180206298828,902.1814575195312,2.120203971862793,8.805425643920898,2.016777515411377,8.608601570129395,-0.10342645645141602,-0.1968240737915039,0.22234375774860382,-0.36543893814086914,0.003566741943359375,0.36545634269714355,1.104636549949646,3.0599400997161865,1.0599400997161865,2.0,1.5,3.0,True,,False,False,-0.6181010393871086,-0.6545333100070904,0.11296841853798098,False,,False,timeout
230,1787741861.6248832,11.503267699852586,0.05326499976217747,18.774054340840948,0.05326499976217747,18.774054340840948,0.003267742693424225,True,False,7283066.429501757,7283066.4379951,8.493343368172646,7283066.479501757,0.0,0.008011800236999989,124.81589286036032,0.055925242602825165,1.0,230,229,-0.6449584710595597,-0.6296046395015651,0.113,-0.71254920567986,-0.5588438021316431,0.113,-0.7130551468664142,-0.5686417604596876,0.113,-0.71254920567986,-0.5588438021316431,0.113,7283066.379501757,7283066.429501757,0.055925242602825165,0.049999999813735485,1,True,1419,3,1.8679491776961796,11.653126486654482,1.180023699998839e-05,1,False,,True,174,0.05103529989719391,0.06377700064331293,15.679633565597143,False,False,False,,9.440624237060547,8.56558609008789,4.743546009063721,8.996445655822754,,,4.716798305511475,True,0.266196664,0.712787611121,3,-1.0,0.6241152286529541,1.1787790060043335,-0.26619666814804077,0.16613739728927612,0.313787043094635,-0.26619666814804077,-0.0834464356303215,0.27896949648857117,-0.2661929726600647,-0.015967529267072678,0.26667144894599915,-0.2661929726600647,-0.015967532992362976,0.26667144894599915,-0.2661933898925781,-0.015967369079589844,0.2666718661785126,False,False,1.8161004409193993,,,,,,,,,,,2.0399000495672226,-0.1721055507659912,-0.47683483362197876,0.5069435834884644,-0.2068529725074768,-0.3936477303504944,197.7062225341797,877.1953125,197.7062225341797,877.1953125,2.016777515411377,8.608601570129395,1.9307247400283813,8.370183944702148,-0.0860527753829956,-0.2384176254272461,0.2534720003604889,-0.4294400215148926,-0.018158912658691406,0.42982378602027893,0.9707266688346863,2.7542130947113037,0.7542130947113037,2.0,1.5,3.0,True,,False,False,-0.6317842636238368,-0.6428471343543887,0.11299875137420266,False,,False,timeout
231,1787741861.672412,11.550003400072455,0.046735700219869614,21.39691917090078,0.046735700219869614,21.39691917090078,3.443099558353424e-06,False,False,7283066.479501757,7283066.4840802,4.578443244099617,7283066.529501757,0.0,0.008004899136722088,124.92349783803625,0.05396284256130457,1.0,231,230,-0.6548583272028371,-0.6178662666655448,0.113,-0.7103953861176763,-0.5476859437491758,0.113,-0.71254920567986,-0.5588438021316431,0.113,-0.7103953861176763,-0.5476859437491758,0.113,7283066.429501757,7283066.479501757,0.05396284256130457,0.049999999813735485,1,True,1425,3,1.8668946517798126,10.815484329857568,4.8991367220876936e-06,1,False,,True,175,0.034126199781894684,0.07711450010538101,12.967729786660712,False,False,False,,9.174430847167969,8.5496187210083,4.380891799926758,8.955278396606445,,,4.810673236846924,True,0.266196664,0.712787611121,3,-1.0,0.8210557699203491,1.2938827276229858,-0.26619666814804077,0.2185623049736023,0.34442728757858276,-0.26619666814804077,0.03250866010785103,0.26817435026168823,-0.26619571447372437,0.018585745245218277,0.2668437361717224,-0.26619571447372437,0.018585745245218277,0.2668437361717224,-0.26619529724121094,0.018586158752441406,0.26684337854385376,False,False,1.275000162422657,,,,,,,,,,,1.8333997577428818,-0.15105390548706055,-0.5371050834655762,0.5579418540000916,-0.1721055507659912,-0.47683483362197876,189.9722442626953,849.0509643554688,189.9722442626953,849.0509643554688,1.9307247400283813,8.370183944702148,1.855197787284851,8.101631164550781,-0.07552695274353027,-0.2685527801513672,0.27897119522094727,-0.3626542091369629,-0.041167259216308594,0.36498332023620605,0.6385003328323364,2.5190584659576416,0.5190584659576416,2.0,1.5,3.0,True,,False,False,-0.6427440639619496,-0.6320705104037552,0.11288316661264915,False,,False,timeout
232,1787741861.7200155,11.600002500228584,0.049999100156128407,20.000359944026506,0.049999100156128407,20.000359944026506,2.543441951274872e-06,False,False,7283066.529501757,7283066.5334497,3.9479434490203857,7283066.5795017565,0.0,0.00800239946693182,124.96251957082161,0.05198194272816181,1.0,232,231,-0.6635384469784125,-0.6052016250050436,0.113,-0.7072928892506961,-0.5355923440533157,0.113,-0.7103953861176763,-0.5476859437491758,0.113,-0.7072928892506961,-0.5355923440533157,0.113,7283066.479501757,7283066.529501757,0.05198194272816181,0.049999999813735485,1,True,1431,3,1.8756133288231127,10.095954537745508,2.3994669318197492e-06,1,False,,True,176,0.019244800321757793,0.0634199995547533,15.767896673298706,False,False,False,,8.908235549926758,8.568204879760742,4.026872634887695,8.88922119140625,,,4.891907215118408,True,0.266196664,0.712787611121,3,-1.0,-0.23333117365837097,1.0268609523773193,-0.26619666814804077,-0.062111981213092804,0.2733469605445862,-0.26619666814804077,0.26619666814804077,0.37645894289016724,-0.26619628071784973,0.19507986307144165,0.33002516627311707,-0.26619628071784973,0.19507986307144165,0.33002516627311707,-0.26619625091552734,0.19507980346679688,0.3300251066684723,False,False,1.1333003640174866,,,,,,,,,,,1.5382003039121628,-0.13615167140960693,-0.6273667812347412,0.641970694065094,-0.15105390548706055,-0.5371050834655762,183.0012969970703,816.1768798828125,183.0012969970703,816.1768798828125,1.855197787284851,8.101631164550781,1.7871220111846924,7.787947654724121,-0.06807577610015869,-0.31368350982666016,0.32098543643951416,-0.3540191650390625,-0.06605720520019531,0.36012929677963257,0.5715115070343018,2.31007981300354,0.31007981300354004,2.0,1.5,3.0,True,,False,False,-0.6528652320286208,-0.620624373879936,0.11288237473298002,False,,False,timeout
233,1787741861.7756946,11.655047100037336,0.05504459980875254,18.167086389480698,0.05504459980875254,18.167086389480698,0.005047143436968327,True,False,7283066.5795017565,7283066.5880621,8.560343645513058,7283066.629501756,0.0,0.008002500049769878,124.96094892604921,0.05802084319293499,1.0,233,232,-0.6717138415825191,-0.5892696596626523,0.113,-0.7024887117351504,-0.5220441147362026,0.113,-0.7072928892506961,-0.5355923440533157,0.113,-0.7024887117351504,-0.5220441147362026,0.113,7283066.529501757,7283066.5795017565,0.05802084319293499,0.049999999813735485,1,True,1438,3,1.8739874304394777,9.266582909249163,2.500049769878221e-06,1,False,,False,,,,,False,False,False,,8.64203929901123,8.763284683227539,3.626195192337036,8.769654273986816,,,5.015848636627197,True,0.266196664,0.712787611121,3,-1.0,0.6570396423339844,1.1965371370315552,-0.26619666814804077,0.17490176856517792,0.3185141980648041,-0.26619666814804077,0.16613739728927612,0.313787043094635,-0.2661965489387512,0.17445002496242523,0.31826627254486084,-0.2661965489387512,0.17445002496242523,0.31826627254486084,-0.26619625091552734,0.17444992065429688,0.31826597452163696,False,False,1.1529000476002693,,,,,,,,,,,2.0302999764680862,-0.07185106724500656,-0.7783453464508057,0.7816547155380249,-0.13615167140960693,-0.6273667812347412,179.32252502441406,775.3916625976562,179.32252502441406,775.3916625976562,1.7871220111846924,7.787947654724121,1.7511965036392212,7.398775100708008,-0.03592550754547119,-0.3891725540161133,0.3908272385597229,-0.4006774425506592,-0.1195669174194336,0.4181371331214905,0.6287639737129211,2.084691286087036,0.08469128608703613,2.0,1.5,3.0,True,,False,False,-0.6633435117949503,-0.6060357182097192,0.11285946890672013,False,,False,timeout
234,1787741861.823263,11.70065509993583,0.04560799989849329,21.92597794741348,0.04560799989849329,21.92597794741348,0.0006551435217261314,False,False,7283066.629501756,7283066.6355846,6.082843989133835,7283066.679501756,0.0,0.008009100332856178,124.85796886544726,0.04804614372551441,0.9609228780900049,234,233,-0.6757800550476757,-0.5771413429930129,0.113,-0.695313366365515,-0.5058549348511172,0.113,-0.7024887117351504,-0.5220441147362026,0.113,-0.695313366365515,-0.5058549348511172,0.113,7283066.5795017565,7283066.629501756,0.04804614372551441,0.049999999813735485,1,True,1443,3,1.8814888083564643,9.2689008595481,9.100332856178117e-06,1,False,,True,177,0.0411098999902606,0.06488910038024187,15.41090867557305,False,False,False,,8.375843048095703,8.937734603881836,3.3588151931762695,8.651561737060547,,,5.025183200836182,True,0.266196664,0.712787611121,3,-1.0,-1.0,1.4142135381698608,-0.26619666814804077,-0.26619666814804077,0.37645894289016724,-0.26619666814804077,0.2185623049736023,0.34442728757858276,-0.2661965489387512,0.20589269697666168,0.336529940366745,-0.2661965489387512,0.20589269697666168,0.336529940366745,-0.26619625091552734,0.20589256286621094,0.3365296423435211,False,False,1.6053002327680588,,,,,,,,,,,2.0061004906892776,-0.005219213664531708,-0.912024736404419,0.9120396971702576,-0.07185106724500656,-0.7783453464508057,179.05531311035156,727.6015625,179.05531311035156,727.6015625,1.7511965036392212,7.398775100708008,1.748586893081665,6.942762851715088,-0.0026096105575561523,-0.4560122489929199,0.45601969957351685,-0.2673799991607666,-0.11809253692626953,0.2922976315021515,0.3637683391571045,2.0381147861480713,0.03811478614807129,2.0,1.5,3.0,True,,False,False,-0.6695120187078281,-0.5948802017710695,0.11278875774197122,False,,False,timeout
235,1787741861.8707805,11.75000139977783,0.04934629984200001,20.26494394112347,0.04934629984200001,20.26494394112347,1.4435499906539917e-06,False,False,7283066.679501756,7283066.6834652,3.963443450629711,7283066.729501756,0.0,0.008016600273549557,124.74115783213726,0.04624434374272823,0.9248868783000368,235,234,-0.6784066601634751,-0.5620254230474495,0.113,-0.6852316441918075,-0.4877757632394396,0.113,-0.695313366365515,-0.5058549348511172,0.113,-0.6852316441918075,-0.4877757632394396,0.113,7283066.629501756,7283066.679501756,0.04624434374272823,0.049999999813735485,1,True,1449,3,1.6238246936646008,9.07790160590557,1.6600273549556566e-05,1,False,,True,178,0.025790699757635593,0.07909649983048439,12.642784473941948,False,False,False,,8.109646797180176,9.143627166748047,3.0160906314849854,8.434078216552734,,,5.142740249633789,True,0.266196664,0.712787611121,3,-1.0,-0.8517844676971436,1.3135968446731567,-0.26619666814804077,-0.2267421931028366,0.34967511892318726,-0.26619666814804077,-0.062111981213092804,0.2733469605445862,-0.2661965489387512,0.014862246811389923,0.26661112904548645,-0.2661965489387512,0.014862239360809326,0.26661112904548645,-0.26619672775268555,0.014862060546875,0.2666112780570984,False,False,1.1385995894670486,,,,,,,,,,,1.5297997742891312,0.04730195552110672,-1.0,1.0011180639266968,-0.005219213664531708,-0.912024736404419,181.47715759277344,675.2015380859375,181.47715759277344,675.2015380859375,1.748586893081665,6.942762851715088,1.7722378969192505,6.442762851715088,0.02365100383758545,-0.5,0.5005590319633484,-0.3427245616912842,-0.2174835205078125,0.40590542554855347,0.48120996356010437,1.957188606262207,0.0,2.0,1.5,3.0,True,,False,False,-0.6760053103937131,-0.5780846101400159,0.11287079943998779,False,,False,timeout
236,1787741861.9204354,11.800001099705696,0.04999969992786646,20.000120029573768,0.04999969992786646,20.000120029573768,1.1436641216278076e-06,False,False,7283066.729501756,7283066.7334098,3.9080437272787094,7283066.779501756,0.0,0.008006799966096878,124.89384076463645,0.05230294354259968,1.0,236,235,-0.6784126912979167,-0.5441262373505593,0.113,-0.6734336680689981,-0.46832494987179424,0.113,-0.6852316441918075,-0.4877757632394396,0.113,-0.6734336680689981,-0.46832494987179424,0.113,7283066.679501756,7283066.729501756,0.05230294354259968,0.049999999813735485,1,True,1456,3,1.8781040536771758,9.473059878721042,6.799966096877885e-06,1,False,,True,179,0.009782599285244942,0.06435289978981018,15.539315295289038,False,False,False,,7.84345006942749,9.158489227294922,2.7716562747955322,8.195160865783691,,,5.162469387054443,True,0.266196664,0.712787611121,3,-0.8001605272293091,-1.0,1.280725121498108,-0.21300005912780762,-0.26619666814804077,0.34092476963996887,-0.26619666814804077,0.17490176856517792,0.3185141980648041,-0.26619669795036316,0.12893638014793396,0.29577910900115967,-0.26619669795036316,0.12893638014793396,0.29577910900115967,-0.26619672775268555,0.128936767578125,0.295779287815094,False,False,1.1355001479387283,,,,,,,,,,,1.5623997896909714,0.10784081369638443,-1.0,1.0057979822158813,0.04730195552110672,-1.0,186.99859619140625,622.8015747070312,186.99859619140625,622.8015747070312,1.7722378969192505,6.442762851715088,1.8261582851409912,5.942762851715088,0.05392038822174072,-0.5,0.5028989911079407,-0.24443435668945312,-0.23891735076904297,0.34180352091789246,0.4536951184272766,2.0173587799072266,0.017358779907226562,2.0,1.5,3.0,True,,False,False,-0.6788334708875136,-0.5629012671630986,0.11277935612607001,False,,False,timeout
237,1787741861.9741364,11.852506000548601,0.052504900842905045,19.045841129992905,0.052504900842905045,19.045841129992905,0.0025060446932911873,True,False,7283066.779501756,7283066.7865111,7.009344175457954,7283066.829501756,0.0,0.008003199473023415,124.95002821942963,0.050330343656241894,1.0,237,236,-0.6761395536817268,-0.5289445719422717,0.113,-0.6601644979960065,-0.448857572365774,0.113,-0.6734336680689981,-0.46832494987179424,0.113,-0.6601644979960065,-0.448857572365774,0.113,7283066.729501756,7283066.779501756,0.050330343656241894,0.049999999813735485,1,True,1462,3,1.8778516490699566,10.0436898942325,3.1994730234144453e-06,1,False,,False,,,,,False,False,False,,7.577253341674805,9.287425994873047,2.575498104095459,7.919794082641602,,,5.185361385345459,True,0.266196664,0.712787611121,3,-0.5430481433868408,-0.31176120042800903,0.6261759400367737,-0.14455761015415192,-0.08298978954553604,0.16668595373630524,-0.26619666814804077,-0.26619666814804077,0.37645894289016724,-0.26619669795036316,-0.1527094542980194,0.30688899755477905,-0.26619669795036316,-0.1527094542980194,0.30688899755477905,-0.26619672775268555,-0.1527090072631836,0.3068888187408447,False,False,1.729300245642662,,,,,,,,,,,2.4407999590039253,0.17370682954788208,-1.0,1.01497483253479,0.10784081369638443,-1.0,195.89239501953125,570.4015502929688,195.89239501953125,570.4015502929688,1.8261582851409912,5.942762851715088,1.9130116701126099,5.442762851715088,0.08685338497161865,-0.5,0.507487416267395,-0.19615817070007324,-0.27536678314208984,0.33809006214141846,0.5025810599327087,2.1142759323120117,0.11427593231201172,2.0,1.5,3.0,True,,False,False,-0.6792862422576637,-0.5474573833065352,0.11291724742454985,False,,False,timeout
238,1787741862.0207138,11.900003200396895,0.04749719984829426,21.053872716581047,0.04749719984829426,21.053872716581047,3.244727849960327e-06,False,False,7283066.829501756,7283066.8337447,4.242944531142712,7283066.879501755,0.0,0.008023399859666824,124.6354435140324,0.04837134387344122,0.9674268810727703,238,237,-0.6721461704123335,-0.514119836967681,0.113,-0.6454783632509209,-0.43042421198099234,0.113,-0.6601644979960065,-0.448857572365774,0.113,-0.6454783632509209,-0.43042421198099234,0.113,7283066.779501756,7283066.829501756,0.04837134387344122,0.049999999813735485,1,True,1468,3,1.8717708705906784,10.655518621963314,2.3399859666824174e-05,1,False,,True,180,0.02993299998342991,0.06601249985396862,15.148646123267225,False,False,False,,7.311056613922119,9.134716987609863,2.4298229217529297,7.615988731384277,,,5.112042427062988,True,0.266196664,0.712787611121,3,-1.0,0.26510393619537354,1.0345433950424194,-0.26619666814804077,0.07056978344917297,0.2753920257091522,-0.26619666814804077,-0.2267421931028366,0.34967511892318726,-0.26619669795036316,-0.2054789662361145,0.3362770974636078,-0.26619669795036316,-0.2054789662361145,0.3362770974636078,-0.26619672775268555,-0.20547866821289062,0.33627694845199585,False,False,1.3268999755382538,,,,,,,,,,,1.747800037264824,0.2068195939064026,-1.0,1.0211632251739502,0.17370682954788208,-1.0,206.48158264160156,518.0015869140625,206.48158264160156,518.0015869140625,1.9130116701126099,5.442762851715088,2.0164215564727783,4.942762851715088,0.10340988636016846,-0.5,0.5105816125869751,-0.1456751823425293,-0.3038053512573242,0.3369257152080536,0.5406864881515503,2.2338318824768066,0.23383188247680664,2.0,1.5,3.0,True,,False,False,-0.6774335890728619,-0.5320748841307051,0.11288997963345333,False,,False,timeout
239,1787741862.070354,11.950002199970186,0.04999899957329035,20.00040017869085,0.04999899957329035,20.00040017869085,2.2444874048233032e-06,False,False,7283066.879501755,7283066.8834756,3.973844461143017,7283066.929501755,0.0,0.008006500080227852,124.89851870101295,0.04644664470106363,0.9289328974818174,239,238,-0.6667529548290816,-0.49974276005521595,0.113,-0.6297908191587416,-0.4121250302980083,0.113,-0.6454783632509209,-0.43042421198099234,0.113,-0.6297908191587416,-0.4121250302980083,0.113,7283066.829501756,7283066.879501755,0.04644664470106363,0.049999999813735485,1,True,1474,3,1.6130495044926456,11.12238389077828,6.500080227851701e-06,1,False,,True,181,0.011781299486756325,0.08012779988348484,12.480063117346496,False,False,False,,7.044859886169434,8.929238319396973,2.319141149520874,7.24202823638916,,,5.017877101898193,True,0.266196664,0.712787611121,3,-1.0,-0.8530240654945374,1.3144010305404663,-0.26619666814804077,-0.22707216441631317,0.34988918900489807,-0.21300005912780762,-0.26619666814804077,0.34092476963996887,-0.22827881574630737,-0.24875770509243011,0.3376264274120331,-0.22827881574630737,-0.24875770509243011,0.3376264274120331,-0.22827863693237305,-0.24875736236572266,0.33762606978416443,False,False,1.105000264942646,,,,,,,,,,,1.5215007588267326,0.24359408020973206,-1.0,1.0292415618896484,0.2068195939064026,-1.0,218.95358276367188,465.6015625,218.95358276367188,465.6015625,2.0164215564727783,4.942762851715088,2.138218641281128,4.442762851715088,0.12179708480834961,-0.5,0.5146207809448242,-0.11068177223205566,-0.3739604949951172,0.3899960517883301,0.6733370423316956,2.3191075325012207,0.3191075325012207,2.0,1.5,3.0,True,,False,False,-0.6728202654722163,-0.5146881479284027,0.112873535482824,False,,False,timeout
240,1787741862.125063,12.00446300022304,0.054460800252854824,18.361830809630458,0.054460800252854824,18.361830809630458,0.004463044926524162,True,False,7283066.929501755,7283066.937761,8.259245194494724,7283066.979501755,0.0,0.008003399707376957,124.94690213688466,0.0524934446439147,1.0,240,239,-0.6591040308989063,-0.4835418919329439,0.113,-0.6131775892280386,-0.393276194033912,0.113,-0.6297908191587416,-0.4121250302980083,0.113,-0.6131775892280386,-0.393276194033912,0.113,7283066.879501755,7283066.929501755,0.0524934446439147,0.049999999813735485,1,True,1481,3,1.8637458764635375,11.99132481032518,3.399707376956773e-06,1,False,,True,182,0.005858699791133404,0.06787450052797794,14.73307342553186,False,False,False,,6.8165812492370605,8.68048095703125,2.26198673248291,6.913414478302002,,,4.885371685028076,True,0.266196664,0.712787611121,3,-1.0,-1.0,1.4142135381698608,-0.26619666814804077,-0.26619666814804077,0.37645894289016724,-0.14455761015415192,-0.08298978954553604,0.16668595373630524,-0.1686033308506012,-0.13060030341148376,0.21326866745948792,-0.1686033308506012,-0.13060030341148376,0.21326866745948792,-0.16860342025756836,-0.1305999755859375,0.21326853334903717,False,False,1.0759998112916946,,,,,,,,,,,1.4809994027018547,0.25417909026145935,-1.0,1.031798005104065,0.24359408020973206,-1.0,231.96754455566406,413.2015686035156,231.96754455566406,413.2015686035156,2.138218641281128,4.442762851715088,2.265308141708374,3.942762851715088,0.1270895004272461,-0.5,0.5158989429473877,-0.05715441703796387,-0.3286137580871582,0.33354702591896057,0.5941281318664551,2.4737496376037598,0.47374963760375977,2.0,1.5,3.0,True,,False,False,-0.6673557910087824,-0.5002522816557355,0.11283813707972006,False,,False,timeout
241,1787741862.169603,12.050075099803507,0.04561209958046675,21.92400720856637,0.04561209958046675,21.92400720856637,7.51446932554245e-05,False,False,7283066.979501755,7283066.9828588,3.357045352458954,7283067.029501755,0.0,0.00811269972473383,123.26352927265641,0.05062154494225979,1.0,241,240,-0.6516518659475603,-0.470112711300036,0.113,-0.5960841850800936,-0.37470244427297333,0.113,-0.6131775892280386,-0.393276194033912,0.113,-0.5960841850800936,-0.37470244427297333,0.113,7283066.929501755,7283066.979501755,0.05062154494225979,0.049999999813735485,1,True,1487,3,1.8584013336645517,12.89956934956719,0.00011269972473382933,1,False,,False,,,,,False,False,False,,6.647977828979492,8.549880981445312,2.2308878898620605,6.582892894744873,,,4.835258483886719,True,0.266196664,0.712787611121,3,-1.0,-1.0,1.4142135381698608,-0.26619666814804077,-0.26619666814804077,0.37645894289016724,-0.26619666814804077,0.07056978344917297,0.2753920257091522,-0.2381666749715805,0.012791335582733154,0.2385099232196808,-0.2381666749715805,0.012791335582733154,0.2385099232196808,-0.23816680908203125,0.012791633605957031,0.23851007223129272,False,False,1.169099472463131,,,,,,,,,,,1.7697997391223907,0.36386924982070923,-1.0,1.0641433000564575,0.25417909026145935,-1.0,250.59765625,360.8015441894531,250.59765625,360.8015441894531,2.265308141708374,3.942762851715088,2.4472427368164062,3.442762851715088,0.18193459510803223,-0.5,0.532071590423584,-0.03109884262084961,-0.3305215835571289,0.3319814205169678,0.6060770750045776,2.6403543949127197,0.6403543949127197,2.0,1.5,3.0,True,,False,False,-0.6608897647630171,-0.48623770521798315,0.11289347151475568,False,,False,timeout
242,1787741862.2202036,12.100001900456846,0.04992680065333843,20.029322666665472,0.04992680065333843,20.029322666665472,1.9455328583717346e-06,False,False,7283067.029501755,7283067.0332346,3.732845187187195,7283067.079501755,0.0,0.008022099733352661,124.6556429412617,0.04866374470293522,0.9732748976844359,242,241,-0.6434258820089415,-0.45714369063994076,0.113,-0.5762130200342979,-0.35690013415196986,0.113,-0.5960841850800936,-0.37470244427297333,0.113,-0.5762130200342979,-0.35690013415196986,0.113,7283066.979501755,7283067.029501755,0.04866374470293522,0.049999999813735485,1,True,1493,3,1.8550398730624937,13.923944297661206,2.2099733352660966e-05,1,False,,True,183,0.019793100655078888,0.06038049980998039,16.561638329378457,False,False,False,,6.409811019897461,8.56267261505127,2.2232086658477783,6.253104209899902,,,4.78139591217041,True,0.266196664,0.712787611121,3,-1.0,-1.0,1.4142135381698608,-0.26619666814804077,-0.26619666814804077,0.37645894289016724,-0.26619666814804077,-0.22707216441631317,0.34988918900489807,-0.25814613699913025,-0.15818031132221222,0.3027547597885132,-0.25814613699913025,-0.15818031132221222,0.3027547597885132,-0.2581462860107422,-0.15818023681640625,0.30275484919548035,False,False,1.092500053346157,,,,,,,,,,,1.531899906694889,0.4906538426876068,-1.0,1.1138856410980225,0.36386924982070923,-1.0,275.7191467285156,308.40155029296875,275.7191467285156,308.40155029296875,2.4472427368164062,3.442762851715088,2.6925697326660156,2.942762851715088,0.24532699584960938,-0.5,0.556942880153656,-0.0076792240142822266,-0.3297886848449707,0.3298780620098114,0.5775242447853088,2.8192570209503174,0.8192570209503174,2.0,1.5,3.0,True,,False,False,-0.6535517230073463,-0.47268579807085825,0.11283406704361758,False,,False,timeout
243,1787741862.2708666,12.150002900511026,0.05000100005418062,19.99959998632846,0.05000100005418062,19.99959998632846,2.9457733035087585e-06,False,False,7283067.079501755,7283067.0835164,4.014645703136921,7283067.129501754,0.0,0.008011999540030956,124.81278799426094,0.04671894479542971,0.9343788993894268,243,242,-0.6343960111347133,-0.44472147326490163,0.113,-0.5539604946829882,-0.3407654672372639,0.113,-0.5762130200342979,-0.35690013415196986,0.113,-0.5539604946829882,-0.3407654672372639,0.113,7283067.029501755,7283067.079501755,0.04671894479542971,0.049999999813735485,1,True,1499,3,1.5974852755118043,14.741304541201593,1.1999540030956102e-05,1,False,,True,184,0.008316200226545334,0.08186979964375496,12.214516272805856,False,False,False,,6.151664733886719,8.404492378234863,2.2417547702789307,5.871303558349609,,,4.658802509307861,True,0.266196664,0.712787611121,3,-1.0,-1.0,1.4142135381698608,-0.26619666814804077,-0.26619666814804077,0.37645894289016724,-0.26619666814804077,-0.26619666814804077,0.37645894289016724,-0.2638844847679138,-0.23517301678657532,0.35347044467926025,-0.2638844847679138,-0.23517301678657532,0.35347044467926025,-0.2638845443725586,-0.23517322540283203,0.35347065329551697,False,False,1.1066999286413193,,,,,,,,,,,1.5489999204874039,0.5215814709663391,-1.0,1.1278507709503174,0.4906538426876068,-1.0,302.42413330078125,256.00152587890625,302.42413330078125,256.00152587890625,2.6925697326660156,2.942762851715088,2.9533605575561523,2.442762851715088,0.2607908248901367,-0.5,0.5639253854751587,0.018546104431152344,-0.38180065155029297,0.3822508454322815,0.6301077604293823,2.963036298751831,0.963036298751831,2.0,1.5,3.0,True,,False,False,-0.6439836220780761,-0.45749763583112213,0.11279189659320775,False,,False,timeout
244,1787741862.3224952,12.201886899769306,0.0518839992582798,19.273764827224976,0.0518839992582798,19.273764827224976,0.001886945217847824,True,False,7283067.129501754,7283067.1353552,5.853445269167423,7283067.179501754,0.0,0.008003000169992447,124.95313991739472,0.05301174521446228,1.0,244,243,-0.6229487415229589,-0.4309379228750957,0.113,-0.5304490172312251,-0.3248025007546171,0.113,-0.5539604946829882,-0.3407654672372639,0.113,-0.5304490172312251,-0.3248025007546171,0.113,7283067.079501755,7283067.129501754,0.05301174521446228,0.049999999813735485,1,True,1506,3,1.8715883576422545,15.950209150839658,3.000169992446733e-06,1,False,,False,,,,,False,False,False,,5.88778018951416,8.169319152832031,2.2781686782836914,5.551558971405029,,,4.458919525146484,True,0.266196664,0.712787611121,3,-1.0,-1.0,1.4142135381698608,-0.26619666814804077,-0.26619666814804077,0.37645894289016724,-0.26619666814804077,-0.26619666814804077,0.37645894289016724,-0.26553261280059814,-0.2572863698005676,0.36973482370376587,-0.26553261280059814,-0.2572863698005676,0.36973482370376587,-0.2655324935913086,-0.25728654861450195,0.36973488330841064,False,False,1.3397997245192528,,,,,,,,,,,2.30490043759346,0.5407408475875854,-1.0,1.1368379592895508,0.5215814709663391,-1.0,330.11004638671875,203.60154724121094,330.11004638671875,203.60154724121094,2.9533605575561523,2.442762851715088,3.22373104095459,1.942762851715088,0.2703704833984375,-0.5,0.5684190392494202,0.03641390800476074,-0.3197445869445801,0.32181137800216675,0.5325861573219299,3.1812729835510254,1.1812729835510254,2.0,1.5,3.0,True,,False,False,-0.635125948304627,-0.44515056496289773,0.11297283519303775,False,,False,timeout
245,1787741862.370101,12.250001300126314,0.04811440035700798,20.783798459089546,0.04811440035700798,20.783798459089546,1.3457611203193665e-06,False,False,7283067.179501754,7283067.1831471,3.6453455686569214,7283067.229501754,0.0,0.008137800730764866,122.8833235273888,0.05116214603185654,1.0,245,244,-0.6125110515641775,-0.41967077889312154,0.113,-0.5057270548288599,-0.30827332907325283,0.113,-0.5304490172312251,-0.3248025007546171,0.113,-0.5057270548288599,-0.30827332907325283,0.113,7283067.129501754,7283067.179501754,0.05116214603185654,0.049999999813735485,1,True,1512,3,1.8685521355093948,17.299729859175365,0.0001378007307648657,1,False,,True,185,0.04237999953329563,0.061211200430989265,16.336879410287338,False,False,False,,5.622247695922852,7.912032604217529,2.336261034011841,5.231698513031006,,,4.240507125854492,True,0.266196664,0.712787611121,3,-1.0,-1.0,1.4142135381698608,-0.26619666814804077,-0.26619666814804077,0.37645894289016724,-0.26619666814804077,-0.26619666814804077,0.37645894289016724,-0.26600590348243713,-0.26363757252693176,0.3745182454586029,-0.26600590348243713,-0.26363757252693176,0.3745182454586029,-0.2660059928894043,-0.2636375427246094,0.3745182752609253,False,False,1.0832995176315308,,,,,,,,,,,1.5179002657532692,0.5934398770332336,-1.0,1.162828803062439,0.5407408475875854,-1.0,360.49420166015625,151.20155334472656,360.49420166015625,151.20155334472656,3.22373104095459,1.942762851715088,3.520451068878174,1.442762851715088,0.296720027923584,-0.5,0.5814144611358643,0.058092355728149414,-0.31986045837402344,0.32509294152259827,0.5435982346534729,3.406567335128784,1.4065673351287842,2.0,1.5,3.0,True,,False,False,-0.6253843586915462,-0.4332140712169135,0.11292315633774833,False,,False,timeout
246,1787741862.4212835,12.300002300180495,0.05000100005418062,19.99959998632846,0.05000100005418062,19.99959998632846,2.3460015654563904e-06,False,False,7283067.229501754,7283067.2336883,4.1865454986691475,7283067.279501754,0.0,0.008023999631404877,124.62612735999286,0.04922444559633732,0.9844889155942533,246,245,-0.6015978743461489,-0.40886331894123373,0.113,-0.4799205792443294,-0.2923700140064275,0.113,-0.5057270548288599,-0.30827332907325283,0.113,-0.4799205792443294,-0.2923700140064275,0.113,7283067.179501754,7283067.229501754,0.04922444559633732,0.049999999813735485,1,True,1518,3,1.873772300868649,18.718952021997335,2.3999631404876542e-05,1,False,,True,186,0.013019099831581116,0.06616139970719814,15.114553265583396,False,False,False,,5.356241703033447,7.64839506149292,2.4113428592681885,4.918877601623535,,,4.015307426452637,True,0.266196664,0.712787611121,3,-1.0,-1.0,1.4142135381698608,-0.26619666814804077,-0.26619666814804077,0.37645894289016724,-0.26619666814804077,-0.26619666814804077,0.37645894289016724,-0.2661418914794922,-0.26546165347099304,0.3759007751941681,-0.2661418914794922,-0.26546165347099304,0.3759007751941681,-0.2661418914794922,-0.26546144485473633,0.37590062618255615,False,False,1.1385995894670486,,,,,,,,,,,1.4721006155014038,0.686301052570343,-1.0,1.212851643562317,0.5934398770332336,-1.0,395.6328125,98.80154418945312,395.6328125,98.80154418945312,3.520451068878174,1.442762851715088,3.8636016845703125,0.9427628517150879,0.34315061569213867,-0.5,0.6064258813858032,0.07508182525634766,-0.3128209114074707,0.321705162525177,0.5285980105400085,3.648766279220581,1.648766279220581,2.0,1.5,3.0,True,,False,False,-0.6150810740691446,-0.42187505999011915,0.11301355200418672,False,,False,timeout
247,1787741862.4764988,12.354385300539434,0.05438300035893917,18.388099100818103,0.05438300035893917,18.388099100818103,0.004385346546769142,True,False,7283067.279501754,7283067.2887218,9.220045991241932,7283067.329501754,0.0,0.008012800477445126,124.80031205255334,0.05527004599571228,1.0,247,246,-0.5883080001834439,-0.3968445924376627,0.113,-0.4512614157129823,-0.2770136807048367,0.113,-0.4799205792443294,-0.2923700140064275,0.113,-0.4512614157129823,-0.2770136807048367,0.113,7283067.229501754,7283067.279501754,0.05527004599571228,0.049999999813735485,1,True,1525,3,1.8712207788834243,20.07593527317583,1.2800477445125413e-05,1,False,,True,187,0.0016777003183960915,0.07913549989461899,12.636553775886332,False,False,False,,5.090099811553955,7.382933616638184,2.5174214839935303,4.5595245361328125,,,3.8197267055511475,True,0.266196664,0.712787611121,3,-1.0,-1.0,1.4142135381698608,-0.26619666814804077,-0.26619666814804077,0.37645894289016724,-0.26619666814804077,-0.26619666814804077,0.37645894289016724,-0.26618093252182007,-0.26598548889160156,0.3762985169887543,-0.26618093252182007,-0.26598548889160156,0.3762985169887543,-0.26618099212646484,-0.26598548889160156,0.37629854679107666,False,False,1.7327005043625832,,,,,,,,,,,1.5860004350543022,0.8153683543205261,-1.0,1.2902811765670776,0.686301052570343,-1.0,437.37969970703125,52.400001525878906,437.37969970703125,46.401546478271484,3.8636016845703125,0.9427628517150879,4.2712860107421875,0.5,0.407684326171875,-0.4427628517150879,0.6018682718276978,0.1060786247253418,-0.35935306549072266,0.3746829330921173,0.5875625014305115,3.8591666221618652,1.8591666221618652,2.0,1.5,3.0,True,,True,False,-0.6023634041904761,-0.40919727756439594,0.11305923420797886,False,,False,timeout
248,1787741862.5226834,12.400047800503671,0.04566249996423721,21.899808393828593,0.04566249996423721,21.899808393828593,4.784669727087021e-05,False,False,7283067.329501754,7283067.3349274,5.425645969808102,7283067.3795017535,0.0,0.008007300086319447,124.88604014085973,0.05333074647933245,1.0,248,247,-0.5763601369411014,-0.38719426696407433,0.113,-0.42125949376904104,-0.2667022474943344,0.113,-0.4512614157129823,-0.2770136807048367,0.113,-0.42125949376904104,-0.2667022474943344,0.113,7283067.279501754,7283067.329501754,0.05333074647933245,0.049999999813735485,1,True,1531,3,1.8713627974730789,21.51166331535551,7.300086319446397e-06,1,False,,True,188,0.019539200700819492,0.06572620011866093,15.214632797797798,False,False,False,,4.82391881942749,7.116948127746582,2.621337413787842,4.2585225105285645,,,3.608595371246338,True,0.266196664,0.712787611121,3,-1.0,-1.0,1.4142135381698608,-0.26619666814804077,-0.26619666814804077,0.37645894289016724,-0.26619666814804077,-0.26619666814804077,0.37645894289016724,-0.26619216799736023,-0.2661360204219818,0.37641286849975586,-0.26619216799736023,-0.2661360204219818,0.37641286849975586,-0.2661919593811035,-0.26613616943359375,0.37641283869743347,False,False,1.4995001256465912,,,,,,,,,,,2.3574000224471092,0.8961213231086731,-1.0,1.3427708148956299,0.8153683543205261,-1.0,483.2610778808594,52.400001525878906,483.2610778808594,0.0,4.2712860107421875,0.5,4.719346523284912,0.5,0.4480605125427246,0.0,0.4480605125427246,0.10391592979431152,-0.30100202560424805,0.31843483448028564,0.4848574697971344,4.104731559753418,2.104731559753418,2.0,1.5,3.0,True,,True,False,-0.5910129798274908,-0.3988344528429813,0.11298816666106237,False,,False,timeout
249,1787741862.571216,12.450001900084317,0.04995409958064556,20.018377038016805,0.04995409958064556,20.018377038016805,1.94646418094635e-06,False,False,7283067.3795017535,7283067.383791,4.289246164262295,7283067.429501753,0.0,0.008058999665081501,124.08487921061193,0.05140774603933096,1.0,249,248,-0.5636265677174235,-0.37861598119886275,0.113,-0.40330005316897993,-0.27993735330300024,0.113,-0.42125949376904104,-0.2667022474943344,0.113,-0.40330005316897993,-0.27993735330300024,0.113,7283067.329501754,7283067.3795017535,0.05140774603933096,0.049999999813735485,1,True,1537,3,1.8719522379644904,20.6967975131921,5.899966508150084e-05,1,False,,True,189,0.03504739981144667,0.027797800488770008,35.974069257889255,False,False,False,,4.557726860046387,6.850811958312988,2.7391269207000732,3.9644761085510254,,,3.4114866256713867,False,0.266196664,0.712787611121,3,-1.0,-1.0,1.4142135381698608,-0.26619666814804077,-0.26619666814804077,0.37645894289016724,-0.26619666814804077,-0.26619666814804077,0.37645894289016724,-0.2661953270435333,-0.26617929339408875,0.3764457106590271,-0.2661953270435333,-0.26617929339408875,0.3764457106590271,-0.26619529724121094,-0.26617908477783203,0.3764455318450928,False,False,1.29029992967844,,,,,,,,,,,1.6788002103567123,0.9271441102027893,-1.0,1.3636701107025146,0.8961213231086731,-1.0,530.7308349609375,52.400001525878906,530.7308349609375,0.0,4.719346523284912,0.5,5.182918548583984,0.5,0.46357202529907227,0.0,0.46357202529907227,0.11778950691223145,-0.29404640197753906,0.31676119565963745,0.26288750767707825,3.990471601486206,1.990471601486206,2.0,1.5,3.0,True,,True,False,-0.5791864391306915,-0.38902319643987815,0.11302811853070717,False,,False,timeout
250,1787741862.6202068,12.500002400018275,0.050000499933958054,19.99980002841623,0.050000499933958054,19.99980002841623,2.446584403514862e-06,False,False,7283067.429501753,7283067.4326162,3.114446997642517,7283067.479501753,0.0,0.008008299395442009,124.87045633797838,0.049433546140789986,0.9886709264988859,250,249,-0.550053771208495,-0.37144012004264465,0.113,-0.3848929735462288,-0.2935023440986945,0.113,-0.40330005316897993,-0.27993735330300024,0.113,-0.3848929735462288,-0.2935023440986945,0.113,7283067.3795017535,7283067.429501753,0.049433546140789986,0.049999999813735485,1,True,1543,3,1.8720410805050614,20.133473177242582,8.299395442008806e-06,1,False,,False,,,,,False,False,False,,4.291531562805176,6.584632873535156,2.877859354019165,3.679335594177246,,,3.230978488922119,False,0.266196664,0.712787611121,3,-1.0,-1.0,1.4142135381698608,-0.26619666814804077,-0.26619666814804077,0.37645894289016724,-0.26619666814804077,-0.26619666814804077,0.37645894289016724,-0.26619628071784973,-0.26619160175323486,0.3764550983905792,-0.26619628071784973,-0.26619160175323486,0.3764550983905792,-0.26619625091552734,-0.2661914825439453,0.3764549791812897,False,False,1.195400021970272,,,,,,,,,,,1.6496004536747932,0.8932708501815796,-1.0,1.3408701419830322,0.9271441102027893,-1.0,576.4662475585938,52.400001525878906,576.4662475585938,0.0,5.182918548583984,0.5,5.62955379486084,0.5,0.44663524627685547,0.0,0.44663524627685547,0.1387324333190918,-0.2851405143737793,0.31709903478622437,0.29926833510398865,3.927018165588379,1.927018165588379,2.0,1.5,3.0,True,,True,False,-0.5666711133264959,-0.3800608912854255,0.11299501775034682,False,,False,timeout
251,1787741862.6728952,12.552283300086856,0.052280900068581104,19.127444223190853,0.052280900068581104,19.127444223190853,0.002283346839249134,True,False,7283067.479501753,7283067.4855534,6.0516465455293655,7283067.529501753,0.0,0.008007500320672989,124.88291725924717,0.055467646569013596,1.0,251,250,-0.5333927561877947,-0.36486588387121904,0.113,-0.36682127350591887,-0.3068201788521423,0.113,-0.3848929735462288,-0.2935023440986945,0.113,-0.36682127350591887,-0.3068201788521423,0.113,7283067.429501753,7283067.479501753,0.055467646569013596,0.049999999813735485,1,True,1550,3,1.879832097869191,19.519285108813335,7.500320672988725e-06,1,False,,False,,,,,False,False,False,,4.025335311889648,6.318441390991211,3.0741324424743652,3.364757537841797,,,3.1030685901641846,False,0.266196664,0.712787611121,3,-0.2963526248931885,-0.645126461982727,0.7099387645721436,-0.07888808101415634,-0.17173051834106445,0.18898333609104156,-0.26619666814804077,-0.26619666814804077,0.37645894289016724,-0.2661965489387512,-0.2661951780319214,0.3764578104019165,-0.2661965489387512,-0.2661951780319214,0.3764578104019165,-0.26619648933410645,-0.26619529724121094,0.3764578402042389,False,False,1.5420997515320778,,,,,,,,,,,1.8860995769500732,0.9097936749458313,-1.0,1.3519335985183716,0.8932708501815796,-1.0,623.0477905273438,52.400001525878906,623.0477905273438,0.0,5.62955379486084,0.5,6.084450721740723,0.5,0.4548969268798828,0.0,0.4548969268798828,0.1962730884552002,-0.3145780563354492,0.37078630924224854,0.4394482970237732,3.838881731033325,1.8388817310333252,2.0,1.5,3.0,True,,True,False,-0.5510783175081726,-0.37123749386079435,0.11301945615134917,False,,False,timeout
252,1787741862.722656,12.600342700257897,0.04805940017104149,20.80758387414408,0.04805940017104149,20.80758387414408,0.00034274719655513763,False,False,7283067.529501753,7283067.5347135,5.2117472514510155,7283067.579501753,0.0,0.008008199743926525,124.87201018660993,0.053520746529102325,1.0,252,251,-0.5185825837704008,-0.36081279824084267,0.113,-0.34829895629441004,-0.32047009332192583,0.113,-0.36682127350591887,-0.3068201788521423,0.113,-0.34829895629441004,-0.32047009332192583,0.113,7283067.479501753,7283067.529501753,0.053520746529102325,0.049999999813735485,1,True,1556,3,1.8954047702592538,19.395105085479425,8.19974392652495e-06,1,False,,True,191,0.013250299729406834,0.14469619933515787,6.9110315584980455,False,False,False,,3.759138822555542,6.05224609375,3.270906448364258,3.1147429943084717,,,2.9778003692626953,False,0.266196664,0.712787611121,3,-1.0,0.36985325813293457,1.0662041902542114,-0.26619666814804077,0.09845370799303055,0.2838200032711029,-0.26619666814804077,-0.26619666814804077,0.37645894289016724,-0.266196608543396,-0.26619628071784973,0.37645861506462097,-0.266196608543396,-0.26619628071784973,0.37645861506462097,-0.26619648933410645,-0.26619625091552734,0.3764584958553314,False,False,1.6674008220434189,,,,,,,,,,,1.824699342250824,1.0,-1.0,1.4142135381698608,0.9097936749458313,-1.0,674.247802734375,52.400001525878906,674.247802734375,0.0,6.084450721740723,0.5,6.584450721740723,0.5,0.5,0.0,0.5,0.19677400588989258,-0.2500145435333252,0.31816235184669495,0.43256834149360657,3.840951919555664,1.840951919555664,2.0,1.5,3.0,True,,True,False,-0.5370047674632059,-0.3652710273934642,0.11305714125842263,False,,False,timeout
253,1787741862.770654,12.650002100504935,0.04965940024703741,20.137174332057267,0.04965940024703741,20.137174332057267,2.1476298570632935e-06,False,False,7283067.579501753,7283067.5835632,4.061447456479073,7283067.629501753,0.0,0.008016100153326988,124.74894036658982,0.05155204702168703,1.0,253,252,-0.503443190572281,-0.358252119791503,0.113,-0.32813391258630353,-0.3353306055759796,0.113,-0.34829895629441004,-0.32047009332192583,0.113,-0.32813391258630353,-0.3353306055759796,0.113,7283067.529501753,7283067.579501753,0.05155204702168703,0.049999999813735485,1,True,1562,3,1.896893247363116,19.57697530277505,1.6100153326988054e-05,1,False,,True,192,0.026702800765633583,0.027671100571751595,36.13878665241321,False,False,False,,3.4929423332214355,5.786049842834473,3.4954514503479004,2.8830673694610596,,,2.9029836654663086,False,0.266196664,0.712787611121,3,-1.0,-1.0,1.4142135381698608,-0.26619666814804077,-0.26619666814804077,0.37645894289016724,-0.26619666814804077,-0.26619666814804077,0.37645894289016724,-0.266196608543396,-0.2661965489387512,0.3764587938785553,-0.266196608543396,-0.2661965489387512,0.3764587938785553,-0.26619672775268555,-0.26619672775268555,0.3764590322971344,False,False,1.184999942779541,,,,,,,,,,,1.4992998912930489,1.0,-1.0,1.4142135381698608,1.0,-1.0,725.4478149414062,52.400001525878906,725.4478149414062,0.0,6.584450721740723,0.5,7.084450721740723,0.5,0.5,0.0,0.5,0.22454500198364258,-0.2316756248474121,0.32263609766960144,0.44909000396728516,3.901400566101074,1.9014005661010742,2.0,1.5,3.0,True,,True,False,-0.5222315114599527,-0.3608632714711297,0.1130358373693437,False,,False,timeout
254,1787741862.8258634,12.705221300013363,0.055219199508428574,18.109643183932096,0.055219199508428574,18.109643183932096,0.005221347324550152,True,False,7283067.629501753,7283067.6388127,9.310947731137276,7283067.679501752,0.0,0.008004499599337578,124.92973328186015,0.05759154725819826,1.0,254,253,-0.4855725989100067,-0.35700889588831247,0.113,-0.3078994539627238,-0.3502422727502478,0.113,-0.32813391258630353,-0.3353306055759796,0.113,-0.3078994539627238,-0.3502422727502478,0.113,7283067.579501753,7283067.629501753,0.05759154725819826,0.049999999813735485,1,True,1569,3,1.9061135554741573,19.686254119179793,4.499599337577653e-06,1,False,,True,193,0.0016133999451994896,0.035978599451482296,27.794300368709894,False,False,False,,3.22674560546875,5.519853115081787,3.78193998336792,2.639857530593872,,,2.9330215454101562,False,0.266196664,0.712787611121,3,0.9946585893630981,-0.8336009979248047,1.2977813482284546,0.26477479934692383,-0.2219018042087555,0.3454650640487671,-0.07888808101415634,-0.17173051834106445,0.18898333609104156,-0.13268545269966125,-0.19886240363121033,0.23906418681144714,-0.13268545269966125,-0.19886240363121033,0.23906418681144714,-0.13268542289733887,-0.19886255264282227,0.2390642911195755,False,False,1.1085998266935349,,,,,,,,,,,1.693899743258953,1.0,-0.9623593091964722,1.3878527879714966,1.0,-1.0,776.6477661132812,52.400001525878906,776.6477661132812,1.97237229347229,7.084450721740723,0.5,7.584450721740723,0.5,0.5,0.0,0.5,0.28648853302001953,-0.2432098388671875,0.3758014142513275,0.5729770660400391,3.9351704120635986,1.9351704120635986,2.0,1.5,3.0,True,,True,False,-0.504623833184524,-0.35761585996594836,0.11309463541700301,False,,False,timeout
255,1787741862.872534,12.750905600376427,0.04568430036306381,21.8893578768366,0.04568430036306381,21.8893578768366,0.000905647873878479,False,False,7283067.679501752,7283067.6850045,5.502747371792793,7283067.729501752,0.0,0.008008399978280067,124.86888800661103,0.047622147016227245,0.9524429438726714,255,254,-0.4727760041180484,-0.35719289787350694,0.113,-0.28759522138119625,-0.3652053594390037,0.113,-0.3078994539627238,-0.3502422727502478,0.113,-0.28759522138119625,-0.3652053594390037,0.113,7283067.629501753,7283067.679501752,0.047622147016227245,0.049999999813735485,1,True,1574,3,1.6478757242001079,20.183263642120288,8.399978280067277e-06,1,False,,False,,,,,False,False,False,,3.094060182571411,5.320990562438965,4.047850608825684,2.454047679901123,,,3.0214364528656006,False,0.266196664,0.712787611121,3,0.975975513458252,-1.0,1.3973289728164673,0.2598014175891876,-0.26619666814804077,0.37196430563926697,-0.26619666814804077,0.09845370799303055,0.2838200032711029,-0.22785058617591858,0.0130607970058918,0.22822462022304535,-0.22785058617591858,0.013060793280601501,0.22822462022304535,-0.22785067558288574,0.013060569763183594,0.22822467982769012,False,False,1.7320001497864723,,,,,,,,,,,2.4776002392172813,1.0,-0.8737810254096985,1.3279658555984497,1.0,-0.9623593091964722,827.8477783203125,52.400001525878906,827.8477783203125,6.6138739585876465,7.584450721740723,0.5,8.084450721740723,0.5,0.5,0.0,0.5,0.26591062545776367,-0.18580985069274902,0.3243975341320038,0.5318212509155273,4.040524959564209,2.040524959564209,2.0,1.5,3.0,True,,True,False,-0.48923757091155345,-0.35644342773688176,0.11306747931594889,False,,False,timeout
256,1787741862.920647,12.800003600306809,0.049097999930381775,20.36742843736902,0.049097999930381775,20.36742843736902,3.6479905247688293e-06,False,False,7283067.729501752,7283067.7337398,4.2380476370453835,7283067.779501752,0.0,0.008033200167119503,124.48339132554867,0.05368824768811464,1.0,256,255,-0.45492514897403474,-0.3587180624089294,0.113,-0.2672208533188166,-0.38022013206445954,0.113,-0.28759522138119625,-0.3652053594390037,0.113,-0.2672208533188166,-0.38022013206445954,0.113,7283067.679501752,7283067.729501752,0.05368824768811464,0.049999999813735485,1,True,1581,3,1.9125817111842185,20.80573122941257,3.3200167119502855e-05,1,False,,True,194,0.03194310050457716,0.08030930068343878,12.451857898025727,False,False,False,,2.8662095069885254,5.334051132202148,4.322981834411621,2.2875871658325195,,,3.376851797103882,False,0.266196664,0.712787611121,3,1.0,-1.0,1.4142135381698608,0.26619666814804077,-0.26619666814804077,0.37645894289016724,-0.26619666814804077,-0.26619666814804077,0.37645894289016724,-0.25518321990966797,-0.18599052727222443,0.3157704174518585,-0.25518321990966797,-0.18599052727222443,0.3157704174518585,-0.25518321990966797,-0.1859903335571289,0.31577029824256897,False,False,1.3095000758767128,,,,,,,,,,,1.7055999487638474,0.9060027003288269,-0.7862733602523804,1.1996110677719116,1.0,-0.8737810254096985,874.2350463867188,52.400001525878906,874.2350463867188,11.199275970458984,8.084450721740723,0.5,8.53745174407959,0.5,0.4530010223388672,0.0,0.4530010223388672,0.2751312255859375,-0.16646051406860352,0.32156848907470703,0.550262451171875,4.164626598358154,2.1646265983581543,2.0,1.5,3.0,True,,True,False,-0.4739143098702524,-0.35643659436137853,0.11305960034561963,False,,False,timeout
257,1787741862.970371,12.850003600120544,0.049999999813735485,20.000000074505806,0.049999999813735485,20.000000074505806,3.6479905247688293e-06,False,False,7283067.779501752,7283067.7836614,4.159647971391678,7283067.829501752,0.0,0.008017400279641151,124.72871069432979,0.05173824820667505,1.0,257,256,-0.4397406425638762,-0.36102196783324725,0.113,-0.2483820610932768,-0.39410327096421127,0.113,-0.2672208533188166,-0.38022013206445954,0.113,-0.2483820610932768,-0.39410327096421127,0.113,7283067.729501752,7283067.779501752,0.05173824820667505,0.049999999813735485,1,True,1587,3,1.9115699803617179,21.3311646810681,1.740027964115126e-05,1,False,,True,195,0.0189648000523448,0.06470039952546358,15.455855100345069,False,False,False,,2.6110262870788574,5.1480607986450195,4.609166622161865,2.1384103298187256,,,3.612555980682373,True,0.266196664,0.712787611121,3,1.0,-1.0,1.4142135381698608,0.26619666814804077,-0.26619666814804077,0.37645894289016724,0.26477479934692383,-0.2219018042087555,0.3454650640487671,0.11543641239404678,-0.211587592959404,0.2410287857055664,0.11543640494346619,-0.211587592959404,0.2410287857055664,0.11543631553649902,-0.21158742904663086,0.2410285919904709,False,False,1.1535994708538055,,,,,,,,,,,1.587199978530407,0.8209276795387268,-0.7080702781677246,1.0841059684753418,0.9060027003288269,-0.7862733602523804,916.2666015625,52.400001525878906,916.2666015625,15.297117233276367,8.53745174407959,0.5,8.947916030883789,0.5,0.4104642868041992,0.0,0.4104642868041992,0.28618478775024414,-0.14917683601379395,0.32273125648498535,0.6317530274391174,4.256267547607422,2.256267547607422,2.0,1.5,3.0,True,,True,False,-0.458541279088743,-0.3575661926234697,0.11306052223840421,False,,False,timeout
258,1787741863.0251696,12.903535000048578,0.05353139992803335,18.680624854653193,0.05353139992803335,18.680624854653193,0.0035350481048226357,True,False,7283067.829501752,7283067.8375066,8.004847913980484,7283067.879501752,0.0,0.008001499809324741,124.9765698718915,0.049762047827243805,0.9952409602524376,258,257,-0.4246836466934151,-0.36405198820880375,0.113,-0.23149650288722903,-0.40654698535778033,0.113,-0.2483820610932768,-0.39410327096421127,0.113,-0.23149650288722903,-0.40654698535778033,0.113,7283067.779501752,7283067.829501752,0.049762047827243805,0.049999999813735485,1,True,1593,3,1.641096340443637,21.421467984450835,1.499809324741197e-06,1,False,,False,,,,,False,False,False,,2.7264626026153564,4.936473369598389,4.9547834396362305,1.9863805770874023,,,3.6970882415771484,True,0.266196664,0.712787611121,3,1.0,-1.0,1.4142135381698608,0.26619666814804077,-0.26619666814804077,0.37645894289016724,0.2598014175891876,-0.26619666814804077,0.37196430563926697,0.2183379828929901,-0.2505122125148773,0.3323068618774414,0.2183379828929901,-0.2505122125148773,0.3323068618774414,0.2183380126953125,-0.25051212310791016,0.33230680227279663,False,False,1.6262996941804886,,,,,,,,,,,2.379300072789192,0.9883209466934204,-0.5957044363021851,1.1539679765701294,0.8209276795387268,-0.7080702781677246,966.8685913085938,52.400001525878906,966.8685913085938,21.185087203979492,8.947916030883789,0.5,9.442076683044434,0.5,0.49416065216064453,0.0,0.49416065216064453,0.34561681747436523,-0.15202975273132324,0.3775765299797058,0.8420143127441406,4.260802268981934,2.2608022689819336,2.0,1.5,3.0,True,,True,False,-0.4406553805890965,-0.360281606493772,0.11308750971515055,False,,False,timeout
259,1787741863.0727613,12.950003299862146,0.04646829981356859,21.520047086121348,0.04646829981356859,21.520047086121348,3.3481046557426453e-06,False,False,7283067.879501752,7283067.8847899,5.288148298859596,7283067.929501751,0.0,0.008013300597667694,124.79252310727671,0.04816694837063551,0.9633389710014275,259,258,-0.4097793580029309,-0.3677604601534869,0.113,-0.21133172274680473,-0.4214073033771562,0.113,-0.23149650288722903,-0.40654698535778033,0.113,-0.21133172274680473,-0.4214073033771562,0.113,7283067.829501752,7283067.879501752,0.04816694837063551,0.049999999813735485,1,True,1599,3,1.637190549832305,22.194266908061262,1.3300597667693925e-05,1,False,,True,196,0.03913129959255457,0.06273130048066378,15.941005404602425,False,False,False,,2.944800615310669,4.6859612464904785,5.253481864929199,1.8711742162704468,,,3.6404716968536377,True,0.266196664,0.712787611121,3,1.0,0.599090576171875,1.1657227277755737,0.26619666814804077,0.1594759225845337,0.31031152606010437,0.26619666814804077,-0.26619666814804077,0.37645894289016724,0.2524510622024536,-0.2616918683052063,0.36361268162727356,0.2524510622024536,-0.2616918683052063,0.36361268162727356,0.25245118141174316,-0.2616920471191406,0.3636128604412079,False,False,1.4442997053265572,,,,,,,,,,,2.596300095319748,1.0,-0.47674456238746643,1.1078290939331055,0.9883209466934204,-0.5957044363021851,1018.068603515625,52.400001525878906,1018.068603515625,27.4185848236084,9.442076683044434,0.5,9.942076683044434,0.5,0.5,0.0,0.5,0.29869842529296875,-0.11520636081695557,0.3201456665992737,0.6044560670852661,4.407317161560059,2.4073171615600586,2.0,1.5,3.0,True,,True,False,-0.425565279377445,-0.36342000151548004,0.11306629340413651,False,,False,timeout
260,1787741863.1203296,13.00000200048089,0.049998700618743896,20.000519766009926,0.049998700618743896,20.000519766009926,2.0489096641540527e-06,False,False,7283067.929501751,7283067.9334418,3.9400486275553703,7283067.979501751,0.0,0.00800669938325882,124.8954097228749,0.046320647932589054,0.9264129621029383,260,259,-0.39504845463337024,-0.3721077022577986,0.113,-0.19028743986200283,-0.4369157658538161,0.113,-0.21133172274680473,-0.4214073033771562,0.113,-0.19028743986200283,-0.4369157658538161,0.113,7283067.879501752,7283067.929501751,0.046320647932589054,0.049999999813735485,1,True,1605,3,1.6333218666818066,23.110534835400344,6.6993832588194135e-06,1,False,,True,197,0.02350750006735325,0.08013749960809946,12.47855254893591,False,False,False,,3.197251796722412,4.424269199371338,5.5541887283325195,1.7659119367599487,,,3.5527474880218506,True,0.266196664,0.712787611121,3,1.0,-1.0,1.4142135381698608,0.26619666814804077,-0.26619666814804077,0.37645894289016724,0.26619666814804077,-0.26619666814804077,0.37645894289016724,0.26224881410598755,-0.26490288972854614,0.3727572560310364,0.26224881410598755,-0.26490288972854614,0.3727572560310364,0.2622487545013428,-0.26490306854248047,0.3727573752403259,False,False,1.0852999985218048,,,,,,,,,,,1.5254002064466476,1.0,-0.39686325192451477,1.0758719444274902,1.0,-0.47674456238746643,1069.2686767578125,52.400001525878906,1069.2686767578125,31.604366302490234,9.942076683044434,0.5,10.442076683044434,0.5,0.5,0.0,0.5,0.3007068634033203,-0.10526227951049805,0.3185981214046478,0.6014137268066406,4.566847324371338,2.566847324371338,2.0,1.5,3.0,True,,True,False,-0.410599499420269,-0.36711407746802305,0.11305243579790018,False,,False,timeout
261,1787741863.1711087,13.050003699958324,0.05000169947743416,19.99932023213134,0.05000169947743416,19.99932023213134,3.748573362827301e-06,False,False,7283067.979501751,7283067.9837672,4.26544900983572,7283068.029501751,0.0,0.008048399351537228,124.24830780905548,0.0524002481251955,1.0,261,260,-0.37807914466174913,-0.3778635451311196,0.113,-0.1695752670198229,-0.45217948175667627,0.113,-0.19028743986200283,-0.4369157658538161,0.113,-0.1695752670198229,-0.45217948175667627,0.113,7283067.929501751,7283067.979501751,0.0524002481251955,0.049999999813735485,1,True,1612,3,1.886234839324393,24.0214353549171,4.8399351537227464e-05,1,False,,True,198,0.011569700203835964,0.06531460024416447,15.310512446860532,False,False,False,,3.459500551223755,4.159366130828857,5.857252597808838,1.6730680465698242,,,3.4541125297546387,False,0.266196664,0.712787611121,3,0.27741551399230957,-1.0,1.0377665758132935,0.07384708523750305,-0.26619666814804077,0.2762500047683716,0.26619666814804077,-0.26619666814804077,0.37645894289016724,0.26506277918815613,-0.2658251225948334,0.3753948211669922,0.26506277918815613,-0.2658251225948334,0.3753948211669922,0.2650628089904785,-0.2658250331878662,0.3753947615623474,False,False,1.1371998116374016,,,,,,,,,,,1.7250003293156624,1.0,-0.33914420008659363,1.055944561958313,1.0,-0.39686325192451477,1120.4686279296875,52.400001525878906,1120.4686279296875,34.628841400146484,10.442076683044434,0.5,10.942076683044434,0.5,0.5,0.0,0.5,0.30306386947631836,-0.09284389019012451,0.31696638464927673,0.6061277389526367,4.732515335083008,2.732515335083008,2.0,1.5,3.0,True,,True,False,-0.395834009864481,-0.37149542548340997,0.1130008326997451,False,,False,timeout
262,1787741863.2217402,13.10107020009309,0.0510665001347661,19.58230929006234,0.0510665001347661,19.58230929006234,0.001070248894393444,True,False,7283068.029501751,7283068.0345333,5.031549371778965,7283068.079501751,0.0,0.008016100153326988,124.74894036658982,0.05043654888868332,1.0,262,261,-0.36371283382084635,-0.383297010802112,0.113,-0.1487908325656904,-0.4674964504362457,0.113,-0.1695752670198229,-0.45217948175667627,0.113,-0.1487908325656904,-0.4674964504362457,0.113,7283067.979501751,7283068.029501751,0.05043654888868332,0.049999999813735485,1,True,1618,3,1.8861480667335702,24.968767258188844,1.6100153326988054e-05,1,False,,False,,,,,False,False,False,,3.7245633602142334,3.893541097640991,6.160422325134277,1.5878523588180542,,,3.35404372215271,False,0.266196664,0.712787611121,3,1.0,-1.0,1.4142135381698608,0.26619666814804077,-0.26619666814804077,0.37645894289016724,0.26619666814804077,0.1594759225845337,0.31031152606010437,0.2658710181713104,0.037324219942092896,0.2684780955314636,0.2658710181713104,0.037324219942092896,0.2684780955314636,0.2658710479736328,0.03732419013977051,0.268478125333786,False,False,1.4035003259778023,,,,,,,,,,,2.270999364554882,1.0,-0.287613183259964,1.040539026260376,1.0,-0.33914420008659363,1171.6685791015625,52.400001525878906,1171.6685791015625,37.329071044921875,10.942076683044434,0.5,11.442076683044434,0.5,0.5,0.0,0.5,0.30316972732543945,-0.08521568775177002,0.3149183988571167,0.6063394546508789,4.903839111328125,2.903839111328125,2.0,1.5,3.0,True,,True,False,-0.38121727716729426,-0.37627210574596887,0.1130250009489597,False,,False,timeout
263,1787741863.2712853,13.150001999922097,0.048931799829006195,20.43660775803329,0.048931799829006195,20.43660775803329,2.0489096641540527e-06,False,False,7283068.079501751,,,7283068.129501751,,0.008004399947822094,124.93128860609828,0.048456449061632156,0.96912898484293,263,262,-0.349500816591863,-0.38912244685969644,0.113,-0.12793375767415943,-0.4828669510657442,0.113,-0.1487908325656904,-0.4674964504362457,0.113,-0.12793375767415943,-0.4828669510657442,0.113,7283068.029501751,7283068.079501751,0.048456449061632156,0.049999999813735485,1,True,1624,3,1.6298328781741909,25.688017364432163,4.399947822093797e-06,1,False,,True,199,0.03090559970587492,0.06194220017641783,16.14408266338451,False,False,False,,3.990434408187866,3.9308652877807617,6.516051292419434,1.5028104782104492,,,3.5034542083740234,True,0.266196664,0.712787611121,3,1.0,-0.5143251419067383,1.1245133876800537,0.26619666814804077,-0.13691164553165436,0.29934170842170715,0.26619666814804077,-0.26619666814804077,0.37645894289016724,0.2661031484603882,-0.1790217161178589,0.3207174241542816,0.2661031484603882,-0.1790217161178589,0.3207174241542816,0.26610302925109863,-0.17902183532714844,0.32071739435195923,False,False,1.1781994253396988,,,,,,,,,,,1.4010993763804436,1.0,-0.19852228462696075,1.0195151567459106,1.0,-0.287613183259964,718.443603515625,147.0919647216797,718.443603515625,147.0919647216797,6.516051292419434,1.5028104782104492,7.016051292419434,1.403549313545227,0.5,-0.09926116466522217,0.5097575783729553,0.35562896728515625,-0.08504188060760498,0.36565569043159485,0.7112579345703125,5.02706241607666,3.02706241607666,2.0,1.5,3.0,False,lag_over_hard_limit,False,False,-0.36444801623858125,-0.38262510440245473,0.11303584399847486,False,,False,timeout
264,1787741863.3208845,13.200001100078225,0.049999100156128407,20.000359944026506,0.049999100156128407,20.000359944026506,1.1492520570755005e-06,False,False,7283068.129501751,7283068.1338023,4.300549626350403,7283068.1795017505,0.0,0.0080035999417305,124.9437762107566,0.09650524891912937,1.0,264,-1,-0.3635875088456271,-0.3829991551511673,0.113,-0.36444801623858125,-0.38262510440245473,0.113,-0.36444801623858125,-0.38262510440245473,0.113,-0.36444801623858125,-0.38262510440245473,0.113,7283068.0830304,7283068.0830304,0.042976600117981434,0.0,1,True,1630,4,1.1103379616455624,1.2041286842856749,3.599941730499101e-06,1,False,,True,200,0.017950300127267838,0.0808860994875431,12.363063694943103,False,False,False,,4.256537437438965,3.7518434524536133,6.754754066467285,1.4501174688339233,,,3.396914482116699,False,0.266196664,0.712787611121,3,1.0,-1.0,1.4142135381698608,0.26619666814804077,-0.26619666814804077,0.37645894289016724,0.07384708523750305,-0.26619666814804077,0.2762500047683716,0.1290653795003891,-0.24115897715091705,0.27352428436279297,0.1290653795003891,-0.24115897715091705,0.27352428436279297,0.12906551361083984,-0.24115896224975586,0.27352431416511536,False,False,1.1499002575874329,,,,,,,,,,,1.4772005379199982,1.0,-0.16858917474746704,1.0141116380691528,1.0,-0.19852228462696075,718.443603515625,148.6604766845703,718.443603515625,148.6604766845703,6.516051292419434,1.5028104782104492,7.016051292419434,1.418515920639038,0.5,-0.08429455757141113,0.5070557594299316,0.23870277404785156,-0.05269300937652588,0.24444952607154846,,0.24444952607154846,0.0,2.0,1.5,3.0,True,,False,False,-0.35327778422545486,-0.3871215563086942,0.11302063636975525,False,,False,timeout
265,1787741863.373542,13.252899000421166,0.052897900342941284,18.904342015787407,0.052897900342941284,18.904342015787407,0.0028990497812628746,True,False,7283068.1795017505,7283068.1863445,6.842749193310738,7283068.22950175,0.0,0.00800270028412342,124.95782229704426,0.052550649270415306,1.0,265,264,-0.34841922312173584,-0.38989340286777224,0.113,-0.3418294386134811,-0.39288155801326374,0.113,-0.36444801623858125,-0.38262510440245473,0.113,-0.3418294386134811,-0.39288155801326374,0.113,7283068.129501751,7283068.1795017505,0.052550649270415306,0.049999999813735485,1,True,1636,4,0.791466588149349,1.5148658694678403,2.700284123420549e-06,1,False,,True,201,0.0061172004789114,0.06273100059479475,15.941081610660254,False,False,False,,4.385602951049805,3.5106844902038574,6.709071159362793,1.463679552078247,,,3.0965681076049805,False,0.266196664,0.712787611121,3,1.0,-1.0,1.4142135381698608,0.26619666814804077,-0.26619666814804077,0.37645894289016724,0.26619666814804077,-0.26619666814804077,0.37645894289016724,0.22681090235710144,-0.2590055465698242,0.34427759051322937,0.22681090235710144,-0.2590055465698242,0.34427759051322937,0.22681093215942383,-0.2590055465698242,0.34427762031555176,False,False,1.099499873816967,,,,,,,,,,,1.6270997002720833,1.0,-0.2507714331150055,1.0309637784957886,1.0,-0.16858917474746704,769.6436157226562,135.52005004882812,769.6436157226562,135.52005004882812,7.016051292419434,1.418515920639038,7.516051292419434,1.2931301593780518,0.5,-0.12538576126098633,0.5154818892478943,-0.04568290710449219,0.01356208324432373,0.047653522342443466,-0.09328722208738327,0.31028464436531067,0.0,2.0,1.5,3.0,True,,False,False,-0.3555334653647054,-0.3864258877048969,0.11307636700369773,False,,False,timeout
266,1787741863.421134,13.300004200078547,0.04710519965738058,21.229078897308465,0.04710519965738058,21.229078897308465,4.2496249079704285e-06,False,False,7283068.22950175,7283068.2328124,3.3106496557593346,7283068.27950175,0.0,0.008027300238609314,124.57488449108321,0.05059104971587658,1.0,266,265,-0.3341227341694146,-0.3955069568753353,0.113,-0.3178092148704043,-0.4016889896906911,0.113,-0.3418294386134811,-0.39288155801326374,0.113,-0.3178092148704043,-0.4016889896906911,0.113,7283068.1795017505,7283068.22950175,0.05059104971587658,0.049999999813735485,1,True,1642,4,1.9625577862609638,3.706580753328865,2.73002386093138e-05,1,False,,False,,,,,False,False,False,,4.6124138832092285,3.251678943634033,6.781651973724365,1.450667142868042,,,2.819439172744751,False,0.266196664,0.712787611121,3,1.0,-1.0,1.4142135381698608,0.26619666814804077,-0.26619666814804077,0.37645894289016724,0.26619666814804077,-0.13691164553165436,0.29934170842170715,0.25488460063934326,-0.17197853326797485,0.30747807025909424,0.25488460063934326,-0.17197853326797485,0.30747807025909424,0.2548847198486328,-0.17197847366333008,0.3074781596660614,False,False,1.2397998943924904,,,,,,,,,,,1.770099624991417,1.0,-0.2663492262363434,1.0348632335662842,1.0,-0.2507714331150055,820.8436279296875,121.56333923339844,820.8436279296875,121.56333923339844,7.516051292419434,1.2931301593780518,8.016051292419434,1.1599555015563965,0.5,-0.13317465782165527,0.5174316167831421,0.07258081436157227,-0.013012409210205078,0.07373803108930588,0.14271318912506104,0.7511060237884521,0.0,2.0,1.5,3.0,True,,False,False,-0.3522303359726408,-0.3879394689755406,0.11310578404234087,False,,False,timeout
267,1787741863.4706936,13.350001900456846,0.04999770037829876,20.000919890988524,0.04999770037829876,20.000919890988524,1.950189471244812e-06,False,False,7283068.27950175,7283068.2831691,3.6673499271273613,7283068.32950175,0.0,0.008005600422620773,124.9125546129409,0.048623450100421906,0.9724690056311674,267,266,-0.31968058658951765,-0.40073650749235057,0.113,-0.2932382441728653,-0.41012079383652045,0.113,-0.3178092148704043,-0.4016889896906911,0.113,-0.2932382441728653,-0.41012079383652045,0.113,7283068.22950175,7283068.27950175,0.048623450100421906,0.049999999813735485,1,True,1648,4,1.863307417519882,4.6690554730982905,5.600422620773149e-06,1,False,,True,202,0.01906870026141405,0.06473169941455126,15.448381690025684,False,False,False,,4.867298603057861,3.079700469970703,7.1054558753967285,1.384267807006836,,,2.8078176975250244,False,0.266196664,0.712787611121,3,0.6872546672821045,-0.02315199375152588,0.6876445412635803,0.1829449087381363,-0.006162983365356922,0.18304868042469025,0.26619666814804077,-0.26619666814804077,0.37645894289016724,0.2629477381706238,-0.23913604021072388,0.3554258942604065,0.2629477381706238,-0.23913604021072388,0.3554258942604065,0.26294755935668945,-0.2391359806060791,0.35542571544647217,False,False,1.0930998250842094,,,,,,,,,,,1.543000340461731,1.0,-0.17211240530014038,1.0147032737731934,1.0,-0.2663492262363434,872.0436401367188,112.54463958740234,872.0436401367188,112.54463958740234,8.016051292419434,1.1599555015563965,8.516051292419434,1.073899269104004,0.5,-0.08605623245239258,0.5073516368865967,0.3238039016723633,-0.06639933586120605,0.330541729927063,0.6377363801002502,0.9378166198730469,0.0,2.0,1.5,3.0,True,,False,False,-0.33717150258982514,-0.3943133997217521,0.11294525279983497,False,,False,timeout
268,1787741863.5253644,13.404757999815047,0.05475609935820103,18.26280563665144,0.05475609935820103,18.26280563665144,0.004758049733936787,True,False,7283068.32950175,7283068.3382311,8.729349821805954,7283068.37950175,0.0,0.008007700555026531,124.8797945338113,0.054674750193953514,1.0,268,267,-0.30302315383919987,-0.4073385860597066,0.113,-0.26972572990216825,-0.42120658163151425,0.113,-0.2932382441728653,-0.41012079383652045,0.113,-0.26972572990216825,-0.42120658163151425,0.113,7283068.27950175,7283068.32950175,0.054674750193953514,0.049999999813735485,1,True,1655,4,2.0039593737044386,5.610685295581145,7.700555026531053e-06,1,False,,True,203,0.0145431999117136,0.08442850038409233,11.844341607995869,False,False,False,,5.130246162414551,2.840564489364624,7.426889419555664,1.3045004606246948,,,2.7629809379577637,False,0.266196664,0.712787611121,3,1.0,-1.0,1.4142135381698608,0.26619666814804077,-0.26619666814804077,0.37645894289016724,0.26619666814804077,-0.26619666814804077,0.37645894289016724,0.26526349782943726,-0.2584245204925537,0.3703349232673645,0.26526349782943726,-0.2584245204925537,0.3703349232673645,0.26526355743408203,-0.2584245204925537,0.3703349828720093,False,False,1.1229002848267555,,,,,,,,,,,1.5727998688817024,1.0,-0.11061087250709534,1.006098747253418,1.0,-0.17211240530014038,923.2435913085938,106.7486343383789,923.2435913085938,106.7486343383789,8.516051292419434,1.073899269104004,9.016051292419434,1.0185937881469727,0.5,-0.05530548095703125,0.503049373626709,0.32143354415893555,-0.07976734638214111,0.3311832547187805,0.6510394811630249,1.1133060455322266,0.0,2.0,1.5,3.0,True,,False,False,-0.32167539321724586,-0.40001197405967465,0.11299368091407794,False,,False,timeout
269,1787741863.5708992,13.450263700447977,0.0455057006329298,21.97526872658145,0.0455057006329298,21.97526872658145,0.0002637505531311035,False,False,7283068.37950175,7283068.3843161,4.814350046217442,7283068.42950175,0.0,0.008070399984717369,123.90959579372331,0.05277275014668703,1.0,269,268,-0.2890546643327839,-0.41372466794055046,0.113,-0.24746662325636187,-0.43344444768722884,0.113,-0.26972572990216825,-0.42120658163151425,0.113,-0.24746662325636187,-0.43344444768722884,0.113,7283068.32950175,7283068.37950175,0.05277275014668703,0.049999999813735485,1,True,1661,4,1.8959053902886915,6.498372097447993,7.039998471736891e-05,1,False,,False,,,,,False,False,False,,5.395509719848633,2.5821399688720703,7.746240139007568,1.228919267654419,,,2.712404727935791,False,0.266196664,0.712787611121,3,1.0,-1.0,1.4142135381698608,0.26619666814804077,-0.26619666814804077,0.37645894289016724,0.26619666814804077,-0.26619666814804077,0.37645894289016724,0.2659286856651306,-0.2639644145965576,0.3746935725212097,0.2659286856651306,-0.2639644145965576,0.3746935725212097,0.2659287452697754,-0.2639644145965576,0.3746936321258545,False,False,1.773499883711338,,,,,,,,,,,2.4386001750826836,1.0,-0.06436893343925476,1.0020695924758911,1.0,-0.11061087250709534,974.443603515625,103.37569427490234,974.443603515625,103.37569427490234,9.016051292419434,1.0185937881469727,9.516051292419434,0.9864093065261841,0.5,-0.032184481620788574,0.5010347962379456,0.3193507194519043,-0.07558119297027588,0.32817280292510986,0.6474996209144592,1.2871118783950806,0.0,2.0,1.5,3.0,True,,False,False,-0.3063156006727239,-0.405882127661391,0.11301906648553077,False,,False,timeout
270,1787741863.6204436,13.500001700595021,0.04973800014704466,20.10535198527515,0.04973800014704466,20.10535198527515,1.7508864402770996e-06,False,False,7283068.42950175,7283068.4331447,3.6429502069950104,7283068.479501749,0.0,0.00830090045928955,120.46885815633392,0.05108815059065819,1.0,270,269,-0.27539700931442423,-0.420750609577773,0.113,-0.2261202745836214,-0.4471144415775711,0.113,-0.24746662325636187,-0.43344444768722884,0.113,-0.2261202745836214,-0.4471144415775711,0.113,7283068.37950175,7283068.42950175,0.05108815059065819,0.049999999813735485,1,True,1667,4,1.879548615542435,7.468131710107824,0.0003009004592895506,1,False,,True,204,0.029093900695443153,0.05900309979915619,16.948262098160157,False,False,False,,5.661438465118408,2.3181755542755127,8.049261093139648,1.16744065284729,,,2.650639057159424,False,0.266196664,0.712787611121,3,0.5372670888900757,-1.0,1.1351898908615112,0.1430187076330185,-0.26619666814804077,0.30218374729156494,0.1829449087381363,-0.006162983365356922,0.18304868042469025,0.2067788988351822,-0.08020675182342529,0.2217896282672882,0.2067788988351822,-0.08020675182342529,0.2217896282672882,0.20677900314331055,-0.08020663261413574,0.2217896729707718,False,False,1.1176001280546188,,,,,,,,,,,1.5081996098160744,1.0,-0.025977086275815964,1.0003373622894287,1.0,-0.06436893343925476,1025.6436767578125,102.01449584960938,1025.6436767578125,102.01449584960938,9.516051292419434,0.9864093065261841,10.016051292419434,0.9734207391738892,0.5,-0.012988567352294922,0.5001686811447144,0.3030209541320801,-0.061478614807128906,0.3091946244239807,0.6114231944084167,1.4779194593429565,0.0,2.0,1.5,3.0,True,,False,False,-0.292016448959793,-0.41197196990327,0.1130033403495615,False,,False,timeout
271,1787741863.6700332,13.550001099705696,0.04999939911067486,20.000240358618637,0.04999939911067486,20.000240358618637,1.150183379650116e-06,False,False,7283068.479501749,7283068.4834461,3.9443504065275192,7283068.529501749,0.0,0.008016400039196014,124.74427362787806,0.04914955049753189,0.9829910136125647,271,270,-0.26204752564272454,-0.4283462442585803,0.113,-0.20538151385459136,-0.46174970974936846,0.113,-0.2261202745836214,-0.4471144415775711,0.113,-0.20538151385459136,-0.46174970974936846,0.113,7283068.42950175,7283068.479501749,0.04914955049753189,0.049999999813735485,1,True,1673,4,1.6255394725047758,8.203390107659747,1.6400039196014238e-05,1,False,,True,205,0.014795699156820774,0.08091359958052635,12.358861862334846,False,False,False,,5.868217468261719,2.237968921661377,8.401298522949219,1.1159577369689941,,,2.7704527378082275,False,0.266196664,0.712787611121,3,0.5934438705444336,-1.0,1.1628308296203613,0.1579727828502655,-0.26619666814804077,0.3095417022705078,0.26619666814804077,-0.26619666814804077,0.37645894289016724,0.24913117289543152,-0.2127780318260193,0.32762911915779114,0.24913117289543152,-0.2127780318260193,0.32762911915779114,0.2491312026977539,-0.21277809143066406,0.3276291787624359,False,False,1.126900315284729,,,,,,,,,,,1.5122005715966225,1.0,-0.010731484740972519,1.000057578086853,1.0,-0.025977086275815964,1076.8436279296875,101.45216369628906,1076.8436279296875,101.45216369628906,10.016051292419434,0.9734207391738892,10.516051292419434,0.968055009841919,0.5,-0.005365729331970215,0.5000287890434265,0.3520374298095703,-0.0514829158782959,0.35578200221061707,0.7062730193138123,1.6210315227508545,0.0,2.0,1.5,3.0,True,,False,False,-0.27601804760836784,-0.4200359217146392,0.11303021407375469,False,,False,timeout
272,1787741863.7237427,13.6030283998698,0.05302730016410351,18.858210712318023,0.05302730016410351,18.858210712318023,0.003028450533747673,True,False,7283068.529501749,7283068.5366429,7.141150534152985,7283068.579501749,0.0,0.008003500290215015,124.94533188467403,0.05519275087863207,1.0,272,271,-0.24675649968397018,-0.43768942539544625,0.113,-0.18456202505647243,-0.47644194742650614,0.113,-0.20538151385459136,-0.46174970974936846,0.113,-0.18456202505647243,-0.47644194742650614,0.113,7283068.479501749,7283068.529501749,0.05519275087863207,0.049999999813735485,1,True,1680,4,1.8926769971125617,9.220576198536111,3.500290215015245e-06,1,False,,True,206,0.0027962997555732727,0.06407800037413836,15.60598012049696,False,False,False,,6.117348670959473,2.025190830230713,8.701940536499023,1.084092617034912,,,2.750596523284912,False,0.266196664,0.712787611121,3,1.0,-0.23294389247894287,1.0267730951309204,0.26619666814804077,-0.06200888752937317,0.27332356572151184,0.26619666814804077,-0.26619666814804077,0.37645894289016724,0.26129525899887085,-0.2508541941642761,0.36221960186958313,0.26129525899887085,-0.2508541941642761,0.36221960186958313,0.2612953186035156,-0.2508542537689209,0.3622196912765503,False,False,1.1566998437047005,,,,,,,,,,,1.6540996730327606,1.0,0.005785215646028519,1.000016689300537,1.0,-0.010731484740972519,1128.0435791015625,101.75531005859375,1128.0435791015625,101.75531005859375,10.516051292419434,0.968055009841919,11.016051292419434,0.9709476232528687,0.5,0.002892613410949707,0.5000083446502686,0.3006420135498047,-0.03186511993408203,0.3023259937763214,0.6018986105918884,1.81781804561615,0.0,2.0,1.5,3.0,True,,False,False,-0.26272511069753196,-0.42752943454203696,0.1130258784871113,False,,False,timeout
273,1787741863.7699368,13.650004800409079,0.046976400539278984,21.287284434742016,0.046976400539278984,21.287284434742016,4.851259291172028e-06,False,False,7283068.579501749,7283068.5826194,3.1176507472991943,7283068.629501749,0.0,0.008000500500202179,124.99218017356904,0.04521465115249157,0.9042930264185854,273,272,-0.23598724966187498,-0.44460748628348634,0.113,-0.16362327182340408,-0.49193476601310276,0.113,-0.18456202505647243,-0.47644194742650614,0.113,-0.16362327182340408,-0.49193476601310276,0.113,7283068.529501749,7283068.579501749,0.04521465115249157,0.049999999813735485,1,True,1685,4,1.6291235808957194,10.275738265381944,5.005002021787885e-07,1,False,,False,,,,,False,False,False,,6.378643989562988,1.774336576461792,9.006427764892578,1.0622674226760864,,,2.7225520610809326,False,0.266196664,0.712787611121,3,1.0,-1.0,1.4142135381698608,0.26619666814804077,-0.26619666814804077,0.37645894289016724,0.1430187076330185,-0.26619666814804077,0.30218374729156494,0.17698922753334045,-0.2617901563644409,0.3160051703453064,0.17698922753334045,-0.2617901563644409,0.3160051703453064,0.17698907852172852,-0.2617901563644409,0.3160051107406616,False,False,1.16020068526268,,,,,,,,,,,1.6652001067996025,0.960591733455658,0.0261509008705616,0.9609476327896118,1.0,0.005785215646028519,1177.22607421875,103.12562561035156,1177.22607421875,103.12562561035156,11.016051292419434,0.9709476232528687,11.496347427368164,0.9840230941772461,0.48029613494873047,0.013075470924377441,0.480474054813385,0.3044872283935547,-0.021825194358825684,0.30526840686798096,0.6087015271186829,2.011697292327881,0.01169729232788086,2.0,1.5,3.0,True,,False,False,-0.24958960721088566,-0.4356420731553558,0.11304000917227197,False,,False,timeout
274,1787741863.8204956,13.700003100559115,0.04999830015003681,20.00067996310198,0.04999830015003681,20.00067996310198,3.1515955924987793e-06,False,False,7283068.629501749,7283068.633683,4.1812509298324585,7283068.679501749,0.0,0.008051100187003613,124.20662726495907,0.051303750835359097,1.0,274,273,-0.22113052272599315,-0.4546267101853358,0.113,-0.14456538350995043,-0.5074676002250152,0.113,-0.16362327182340408,-0.49193476601310276,0.113,-0.14456538350995043,-0.5074676002250152,0.113,7283068.579501749,7283068.629501749,0.051303750835359097,0.049999999813735485,1,True,1692,4,1.8847657657530221,11.187656987680688,5.110018700361235e-05,1,False,,True,207,0.017094500362873077,0.0650263000279665,15.378393043582676,False,False,False,,6.555633068084717,1.512546420097351,9.309030532836914,1.0448675155639648,,,2.7928340435028076,False,0.266196664,0.712787611121,3,1.0,-1.0,1.4142135381698608,0.26619666814804077,-0.26619666814804077,0.37645894289016724,0.1579727828502655,-0.26619666814804077,0.3095417022705078,0.16343450546264648,-0.2649310827255249,0.3112865388393402,0.16343450546264648,-0.2649310827255249,0.3112865388393402,0.16343450546264648,-0.2649310827255249,0.3112865388393402,False,False,1.2878002598881721,,,,,,,,,,,1.744900830090046,0.8814821243286133,0.020891834050416946,0.8817296624183655,0.960591733455658,0.0261509008705616,1222.3577880859375,104.22035217285156,1222.3577880859375,104.22035217285156,11.496347427368164,0.9840230941772461,11.937088012695312,0.9944689869880676,0.44074058532714844,0.010445892810821533,0.44086435437202454,0.30260276794433594,-0.017399907112121582,0.30310261249542236,0.6285816431045532,2.1881630420684814,0.18816304206848145,2.0,1.5,3.0,True,,False,False,-0.23665058744505274,-0.4439327130525769,0.11301468387566099,False,,False,timeout
275,1787741863.8701155,13.750002199783921,0.04999909922480583,20.00036031656895,0.04999909922480583,20.00036031656895,2.2510066628456116e-06,False,False,7283068.679501749,7283068.6833497,3.8479510694742203,7283068.729501748,0.0,0.008012000471353531,124.81277348590346,0.04936865158379078,0.9873730353540667,275,274,-0.20855364596031892,-0.4634442688328166,0.113,-0.12670919509326142,-0.5213982349430343,0.113,-0.14456538350995043,-0.5074676002250152,0.113,-0.12670919509326142,-0.5213982349430343,0.113,7283068.629501749,7283068.679501749,0.04936865158379078,0.049999999813735485,1,True,1698,4,1.627840866610568,11.656354562900747,1.2000471353530717e-05,1,False,,True,208,0.006971299648284912,0.08294080011546612,12.056792297733432,False,False,False,,6.719067573547363,1.2476153373718262,9.661690711975098,1.031484603881836,,,2.950549840927124,False,0.266196664,0.712787611121,3,1.0,-1.0,1.4142135381698608,0.26619666814804077,-0.26619666814804077,0.37645894289016724,0.26619666814804077,-0.06200888752937317,0.27332356572151184,0.23668210208415985,-0.12029065936803818,0.26549625396728516,0.23668210208415985,-0.12029066681861877,0.26549625396728516,0.23668193817138672,-0.12029063701629639,0.2654961049556732,False,False,1.0885000228881836,,,,,,,,,,,1.515500247478485,0.7988937497138977,0.008344579488039017,0.7989373207092285,0.8814821243286133,0.020891834050416946,1263.26123046875,104.65760803222656,1263.26123046875,104.65760803222656,11.937088012695312,0.9944689869880676,12.33653450012207,0.9986412525177002,0.3994464874267578,0.004172265529632568,0.3994682729244232,0.3526601791381836,-0.013382911682128906,0.352914035320282,0.7989851236343384,2.27569842338562,0.2756984233856201,2.0,1.5,3.0,True,,False,False,-0.22177692786170855,-0.45395058930259513,0.11303812393709912,False,,False,timeout
276,1787741863.9219763,13.80134170036763,0.051339500583708286,19.478179347878832,0.051339500583708286,19.478179347878832,0.0013417517766356468,True,False,7283068.729501748,7283068.7344841,4.982351325452328,7283068.779501748,0.0,0.008001800626516342,124.97187154178812,0.04740325175225735,0.9480650385769644,276,275,-0.19603735305579814,-0.47234773801474134,0.113,-0.11005464061563927,-0.5337241217410029,0.113,-0.12670919509326142,-0.5213982349430343,0.113,-0.11005464061563927,-0.5337241217410029,0.113,7283068.679501749,7283068.729501748,0.04740325175225735,0.049999999813735485,1,True,1704,4,1.6253245651988348,12.189327773073021,1.8006265163419966e-06,1,False,,False,,,,,False,False,False,,6.95574951171875,1.1273247003555298,9.963735580444336,1.0237140655517578,,,3.009770154953003,False,0.266196664,0.712787611121,3,1.0,-1.0,1.4142135381698608,0.26619666814804077,-0.26619666814804077,0.37645894289016724,0.26619666814804077,-0.26619666814804077,0.37645894289016724,0.25771966576576233,-0.2242906540632248,0.34165146946907043,0.25771966576576233,-0.2242906540632248,0.34165146946907043,0.2577195167541504,-0.224290668964386,0.3416513502597809,False,False,1.325800083577633,,,,,,,,,,,1.979299820959568,0.7766371369361877,0.021003980189561844,0.7769211530685425,0.7988937497138977,0.008344579488039017,1303.0250244140625,105.75821685791016,1303.0250244140625,105.75821685791016,12.33653450012207,0.9986412525177002,12.724853515625,1.0091432332992554,0.3883190155029297,0.010501980781555176,0.38846102356910706,0.3020448684692383,-0.007770538330078125,0.3021447956562042,0.755872905254364,2.3729312419891357,0.37293124198913574,2.0,1.5,3.0,True,,False,False,-0.20913856095951835,-0.46272872017317007,0.11302900777328344,False,,False,timeout
277,1787741863.9711545,13.85000320058316,0.048661500215530396,20.55012680601344,0.048661500215530396,20.55012680601344,3.252178430557251e-06,False,False,7283068.779501748,7283068.7836006,4.098852165043354,7283068.829501748,0.0,0.008003500290215015,124.94533188467403,0.05343135166913271,1.0,277,276,-0.18150056805516168,-0.4828265979112398,0.113,-0.09414441687820006,-0.5462173090253295,0.113,-0.11005464061563927,-0.5337241217410029,0.113,-0.09414441687820006,-0.5462173090253295,0.113,7283068.729501748,7283068.779501748,0.05343135166913271,0.049999999813735485,1,True,1711,4,1.885842239231975,12.679089086508844,3.500290215015245e-06,1,False,,True,209,0.043051800690591335,0.059853799641132355,16.707377075402682,False,False,False,,7.2134690284729,0.9030340313911438,10.26388931274414,1.0199744701385498,,,3.0526609420776367,False,0.266196664,0.712787611121,3,1.0,-1.0,1.4142135381698608,0.26619666814804077,-0.26619666814804077,0.37645894289016724,0.26619666814804077,-0.26619666814804077,0.37645894289016724,0.2637619376182556,-0.2541607618331909,0.36628958582878113,0.2637619376182556,-0.2541607618331909,0.36628958582878113,0.2637619972229004,-0.2541607618331909,0.3662896156311035,False,False,1.254100352525711,,,,,,,,,,,1.6857003793120384,0.7454307675361633,0.05736886337399483,0.7476350665092468,0.7766371369361877,0.021003980189561844,1341.1910400390625,108.76432800292969,1341.1910400390625,108.76432800292969,12.724853515625,1.0091432332992554,13.09756851196289,1.0378276109695435,0.3727149963378906,0.028684377670288086,0.3738171458244324,0.3001537322998047,-0.003739595413208008,0.30017703771591187,0.7721313238143921,2.4609880447387695,0.46098804473876953,2.0,1.5,3.0,True,,False,False,-0.19669746112424225,-0.4716599277033601,0.11300355563371854,False,,False,timeout
278,1787741864.0212271,13.900004300288856,0.050001099705696106,19.999560127396165,0.050001099705696106,19.999560127396165,4.352070391178131e-06,False,False,7283068.829501748,7283068.8336964,4.194651730358601,7283068.879501748,0.0,0.00803850032389164,124.40131364153194,0.05150845181196928,1.0,278,277,-0.16916055366930888,-0.4919726190018013,0.113,-0.07978843987933534,-0.5589983317802012,0.113,-0.09414441687820006,-0.5462173090253295,0.113,-0.07978843987933534,-0.5589983317802012,0.113,7283068.779501748,7283068.829501748,0.05150845181196928,0.049999999813735485,1,True,1717,4,1.886353671808457,13.057662535502335,3.850032389163954e-05,1,False,,True,210,0.013941099867224693,0.06421330012381077,15.573097755011544,False,False,False,,7.477231025695801,0.6488732695579529,10.564208030700684,1.0166537761688232,,,3.1088082790374756,False,0.266196664,0.712787611121,3,1.0,-1.0,1.4142135381698608,0.26619666814804077,-0.26619666814804077,0.37645894289016724,0.26619666814804077,-0.26619666814804077,0.37645894289016724,0.2654973864555359,-0.26273980736732483,0.3735251724720001,0.2654973864555359,-0.26273980736732483,0.3735251724720001,0.26549720764160156,-0.26273980736732483,0.37352505326271057,False,False,1.0937992483377457,,,,,,,,,,,1.6867006197571754,0.7066791653633118,0.10171328485012054,0.7139614820480347,0.7454307675361633,0.05736886337399483,1377.3729248046875,114.09410095214844,1377.3729248046875,114.09410095214844,13.09756851196289,1.0378276109695435,13.450907707214355,1.0886842012405396,0.35333919525146484,0.050856590270996094,0.3569803833961487,0.30031871795654297,-0.0033206939697265625,0.3003370761871338,0.8003336787223816,2.5334489345550537,0.5334489345550537,2.0,1.5,3.0,True,,False,False,-0.1842373629571496,-0.4806358612014758,0.11302760053194051,False,,False,timeout
279,1787741864.0769396,13.954539000056684,0.05453469976782799,18.336948846465212,0.05453469976782799,18.336948846465212,0.004539052024483681,True,False,7283068.879501748,7283068.8893674,9.865651838481426,7283068.929501748,0.0,0.008021499961614609,124.66496350873444,0.05757815204560757,1.0,279,278,-0.15501980072204863,-0.5029792712520497,0.113,-0.06740102924855967,-0.5724769335221309,0.113,-0.07978843987933534,-0.5589983317802012,0.113,-0.06740102924855967,-0.5724769335221309,0.113,7283068.829501748,7283068.879501748,0.05757815204560757,0.049999999813735485,1,True,1724,4,1.8846905521096209,13.068133862542073,2.1499961614608598e-05,1,False,,True,211,3.1599774956703186e-05,0.07882190030068159,12.686829373375977,False,False,False,,7.742728233337402,0.38613346219062805,10.914444923400879,1.0169637203216553,,,3.233841896057129,False,0.266196664,0.712787611121,3,1.0,-1.0,1.4142135381698608,0.26619666814804077,-0.26619666814804077,0.37645894289016724,0.26619666814804077,-0.26619666814804077,0.37645894289016724,0.2659957706928253,-0.2652038335800171,0.3756152391433716,0.2659957706928253,-0.2652038335800171,0.3756152391433716,0.26599597930908203,-0.0861334502696991,0.2795940339565277,False,True,2.3549003526568413,,,,,,,,,,,1.574699766933918,0.6775507926940918,0.13075204193592072,0.6900515556335449,0.7066791653633118,0.10171328485012054,1412.0635986328125,120.94551086425781,1412.0635986328125,120.94551086425781,13.450907707214355,1.0886842012405396,13.78968334197998,1.1540602445602417,0.338775634765625,0.06537604331970215,0.34502601623535156,0.3502368927001953,0.00030994415283203125,0.35023704171180725,0.971226155757904,2.5374765396118164,0.5374765396118164,2.0,1.5,3.0,True,,False,False,-0.1698303533191383,-0.49132371808693653,0.1130382087056675,False,,False,timeout
280,1787741864.1225798,14.000002600252628,0.04546360019594431,21.995618378000945,0.04546360019594431,21.995618378000945,2.652406692504883e-06,False,False,7283068.929501748,7283068.9346076,5.105852149426937,7283068.9795017475,0.0,0.008008900098502636,124.86109049942607,0.04794595204293728,0.9589190444309974,280,279,-0.1451120765662291,-0.5110831390893555,0.113,-0.05542599336785655,-0.5856488595518179,0.113,-0.06740102924855967,-0.5724769335221309,0.113,-0.05542599336785655,-0.5856488595518179,0.113,7283068.879501748,7283068.929501748,0.04794595204293728,0.049999999813735485,1,True,1729,4,1.623444604701451,13.286899274207423,8.90009850263579e-06,1,False,,True,212,0.018129900097846985,0.06844469998031855,14.610335063015144,False,False,False,,8.008724212646484,0.30000001192092896,11.214995384216309,1.0220961570739746,,,3.286578416824341,False,0.266196664,0.712787611121,3,1.0,-1.0,1.4142135381698608,0.26619666814804077,-0.26619666814804077,0.37645894289016724,0.26619666814804077,-0.26619666814804077,0.37645894289016724,0.26613903045654297,-0.21448028087615967,0.3418066203594208,0.26613903045654297,-0.21448028087615967,0.3418066203594208,0.26613903045654297,0.0,0.26613903045654297,False,True,1.6745002940297127,,,,,,,,,,,1.899300143122673,0.6495234966278076,0.15797975659370422,0.6684597134590149,0.6775507926940918,0.13075204193592072,1445.319091796875,129.22366333007812,1445.319091796875,129.22366333007812,13.78968334197998,1.1540602445602417,14.114444732666016,1.2330501079559326,0.32476139068603516,0.07898986339569092,0.3342294991016388,0.3005504608154297,0.005132436752319336,0.3005942702293396,0.8581331968307495,2.5780677795410156,0.5780677795410156,2.0,1.5,3.0,True,,False,False,-0.1576263711501439,-0.5007415527258132,0.11303551064376945,False,,False,timeout
281,1787741864.1711354,14.050002600066364,0.049999999813735485,20.000000074505806,0.049999999813735485,20.000000074505806,2.652406692504883e-06,False,False,7283068.9795017475,7283068.9835856,4.083852283656597,7283069.029501747,0.0,0.00800629984587431,124.90164236295816,0.04616885259747505,0.9233770553893487,281,280,-0.13348109419298745,-0.5211145825447184,0.113,-0.045455304991553334,-0.5994775475751227,0.113,-0.05542599336785655,-0.5856488595518179,0.113,-0.045455304991553334,-0.5994775475751227,0.113,7283068.929501748,7283068.9795017475,0.04616885259747505,0.049999999813735485,1,True,1735,4,1.6523426740227836,13.437601482426034,6.299845874309373e-06,1,False,,True,213,0.03448500018566847,0.02736539952456951,36.54249590261486,False,False,False,,8.274863243103027,0.30000001192092896,11.508578300476074,1.0323799848556519,,,3.3156137466430664,False,0.266196664,0.712787611121,3,1.0,-1.0,1.4142135381698608,0.26619666814804077,-0.26619666814804077,0.37645894289016724,0.26619666814804077,-0.26619666814804077,0.37645894289016724,0.2661800980567932,-0.18974168598651886,0.326884925365448,0.2661800980567932,-0.18974168598651886,0.326884925365448,0.26618003845214844,0.0,0.26618003845214844,False,True,1.1135004460811615,,,,,,,,,,,1.5255007892847061,0.6234539151191711,0.20206572115421295,0.6553818583488464,0.6495234966278076,0.15797975659370422,1477.239990234375,139.8118896484375,1477.239990234375,139.8118896484375,14.114444732666016,1.2330501079559326,14.42617130279541,1.3340829610824585,0.31172657012939453,0.10103285312652588,0.3276905417442322,0.2935829162597656,0.010283827781677246,0.2937629818916321,0.8607757687568665,2.613581418991089,0.6135814189910889,2.0,1.5,3.0,True,,False,False,-0.14588761848016252,-0.5102012149098659,0.11301390028651714,False,,False,timeout
282,1787741864.2201288,14.100003100000322,0.050000499933958054,19.99980002841623,0.050000499933958054,19.99980002841623,3.1525269150733948e-06,False,False,7283069.029501747,7283069.0325482,3.0464529991149902,7283069.079501747,0.0,0.0080035999417305,124.9437762107566,0.05221195239573717,1.0,282,281,-0.12033070437965036,-0.5332865924206629,0.113,-0.03630699370048656,-0.6133965830000864,0.113,-0.045455304991553334,-0.5994775475751227,0.113,-0.03630699370048656,-0.6133965830000864,0.113,7283068.9795017475,7283069.029501747,0.05221195239573717,0.049999999813735485,1,True,1742,4,1.9425818790388378,13.551825580377386,3.599941730499101e-06,1,False,,False,,,,,False,False,False,,8.541043281555176,0.30000001192092896,11.800748825073242,1.0504683256149292,,,3.3449788093566895,False,0.266196664,0.712787611121,3,1.0,0.8842917680740356,1.3349052667617798,0.26619666814804077,0.23539552092552185,0.35534733533859253,0.26619666814804077,-0.26619666814804077,0.37645894289016724,0.26619189977645874,-0.18974168598651886,0.32689452171325684,0.26619189977645874,-0.18974168598651886,0.32689452171325684,0.2661914825439453,0.0,0.2661914825439453,False,True,1.1777998879551888,,,,,,,,,,,1.6029998660087585,0.5859053730964661,0.26083502173423767,0.6413423418998718,0.6234539151191711,0.20206572115421295,1484.800048828125,153.47964477539062,1507.23828125,153.47964477539062,14.42617130279541,1.3340829610824585,14.5,1.4645004272460938,0.07382869720458984,0.13041746616363525,0.1498645842075348,0.29217052459716797,0.018088340759277344,0.292729914188385,0.8651880025863647,2.6406970024108887,0.6406970024108887,2.0,1.5,3.0,True,,True,False,-0.13449357328973652,-0.5199910779741783,0.11306982489556759,False,,False,timeout
283,1787741864.2727814,14.152149500325322,0.052146400325000286,19.176779102057694,0.052146400325000286,19.176779102057694,0.0021495530381798744,True,False,7283069.079501747,7283069.0859854,6.483652628958225,7283069.129501747,0.0,0.008000100031495094,124.99843702743246,0.05023385304957628,1.0,283,282,-0.10964810412312351,-0.5443198310831561,0.113,-0.03896797484545856,-0.6213623323054661,0.113,-0.03630699370048656,-0.6133965830000864,0.113,-0.03896797484545856,-0.6213623323054661,0.113,7283069.029501747,7283069.079501747,0.05023385304957628,0.049999999813735485,1,True,1748,4,1.8319198257883818,12.28677300571384,1.0003149509413278e-07,1,False,,False,,,,,False,False,False,,8.807234764099121,0.30000001192092896,12.120586395263672,1.0786361694335938,,,3.403611898422241,False,0.266196664,0.712787611121,3,1.0,-0.4786508083343506,1.108650803565979,0.26619666814804077,-0.1274152547121048,0.29511916637420654,0.26619666814804077,-0.26619666814804077,0.37645894289016724,0.2661951780319214,-0.18974168598651886,0.32689720392227173,0.2661951780319214,-0.18974168598651886,0.32689720392227173,0.26619529724121094,0.0,0.26619529724121094,False,True,1.79390050470829,,,,,,,,,,,2.1814005449414253,0.5440745949745178,0.32283470034599304,0.632644772529602,0.5859053730964661,0.26083502173423767,1484.800048828125,170.39617919921875,1512.6566162109375,170.39617919921875,14.5,1.4645004272460938,14.5,1.6259177923202515,0.0,0.16141736507415771,0.16141736507415771,0.3198375701904297,0.02816784381866455,0.32107552886009216,1.2149379253387451,2.4104979038238525,0.41049790382385254,2.0,1.5,3.0,True,,True,False,-0.1223340721103358,-0.5311039655006505,0.11301174496590025,False,,False,timeout
284,1787741864.322333,14.200003599748015,0.04785409942269325,20.896851305612127,0.04785409942269325,20.896851305612127,3.6526471376419067e-06,False,False,7283069.129501747,7283069.1344746,4.9728527665138245,7283069.179501747,0.0,0.008013899438083172,124.78319795826985,0.04834325239062309,0.9668650514143149,284,283,-0.0998977710924105,-0.5561810475008998,0.113,-0.045630358326530486,-0.6284049585968247,0.113,-0.03896797484545856,-0.6213623323054661,0.113,-0.045630358326530486,-0.6284049585968247,0.113,7283069.079501747,7283069.129501747,0.04834325239062309,0.049999999813735485,1,True,1754,4,1.8904793141810445,10.92295651037281,1.3899438083171678e-05,1,False,,True,215,0.012586100026965141,0.14463379979133606,6.914013193615221,False,False,False,,9.073430061340332,0.30000001192092896,12.406708717346191,1.1153055429458618,,,3.4315404891967773,False,0.266196664,0.712787611121,3,1.0,-1.0,1.4142135381698608,0.26619666814804077,-0.26619666814804077,0.37645894289016724,0.26619666814804077,-0.26619666814804077,0.37645894289016724,0.26619628071784973,-0.18974168598651886,0.32689809799194336,0.26619628071784973,-0.18974168598651886,0.32689809799194336,0.26619625091552734,0.0,0.26619625091552734,False,True,1.5984997153282166,,,,,,,,,,,1.8804995343089104,0.4863249361515045,0.40596750378608704,0.6334994435310364,0.5440745949745178,0.32283470034599304,1484.800048828125,191.66888427734375,1509.69970703125,191.66888427734375,14.5,1.6259177923202515,14.5,1.8289015293121338,0.0,0.20298373699188232,0.20298373699188232,0.28612232208251953,0.036669373512268066,0.2884625196456909,0.2271711826324463,2.154667854309082,0.15466785430908203,2.0,1.5,3.0,True,,True,False,-0.11190092573347828,-0.5415757669233953,0.11303551970755812,False,,False,timeout
285,1787741864.3708768,14.250002699904144,0.049999100156128407,20.000359944026506,0.049999100156128407,20.000359944026506,2.7529895305633545e-06,False,False,7283069.179501747,7283069.1835149,4.013152793049812,7283069.229501747,0.0,0.008005700074136257,124.91099975512023,0.046370052732527256,0.9274010581053833,285,284,-0.09156726472693572,-0.569072872747346,0.113,-0.053790876651552466,-0.6370312229165223,0.113,-0.045630358326530486,-0.6284049585968247,0.113,-0.053790876651552466,-0.6370312229165223,0.113,7283069.129501747,7283069.179501747,0.046370052732527256,0.049999999813735485,1,True,1760,4,1.890825007849332,9.662583407017365,5.700074136257005e-06,1,False,,True,216,0.02671519946306944,0.02753010019659996,36.3238779684319,False,False,False,,9.33962631225586,0.30000001192092896,12.702048301696777,1.1711554527282715,,,3.4734411239624023,False,0.266196664,0.712787611121,3,1.0,-1.0,1.4142135381698608,0.26619666814804077,-0.26619666814804077,0.37645894289016724,0.26619666814804077,0.23539552092552185,0.35534733533859253,0.2661965489387512,0.16778701543807983,0.31466343998908997,0.2661965489387512,0.16778701543807983,0.31466343998908997,0.26619625091552734,0.16778701543807983,0.31466320157051086,False,False,1.1510001495480537,,,,,,,,,,,1.4744000509381294,0.4286874234676361,0.49075794219970703,0.6516258716583252,0.4863249361515045,0.40596750378608704,1484.800048828125,217.3845977783203,1506.748779296875,217.3845977783203,14.5,1.8289015293121338,14.5,2.0742805004119873,0.0,0.24537897109985352,0.24537897109985352,0.29533958435058594,0.05584990978240967,0.3005739152431488,0.2751447558403015,1.9144868850708008,0.0,2.0,1.5,3.0,True,,True,False,-0.10184499419572808,-0.5532019309445817,0.11305834629747748,False,,False,timeout
286,1787741864.4260514,14.30541449971497,0.05541179981082678,18.046697696410366,0.05541179981082678,18.046697696410366,0.005414552986621857,True,False,7283069.229501747,7283069.2387974,9.29565355181694,7283069.279501746,0.0,0.008001799695193768,124.9718860871566,0.052415452897548676,1.0,286,285,-0.08452549304028244,-0.5855189807093432,0.113,-0.06378947581876587,-0.6476004730312637,0.113,-0.053790876651552466,-0.6370312229165223,0.113,-0.06378947581876587,-0.6476004730312637,0.113,7283069.179501747,7283069.229501747,0.052415452897548676,0.049999999813735485,1,True,1767,4,1.8700114153317806,8.412686187933653,1.799695193767381e-06,1,False,,True,217,0.0021639997139573097,0.035605600103735924,28.085469619569054,False,False,False,,9.605822563171387,0.4677870273590088,13.044859886169434,1.2689954042434692,,,3.531134605407715,True,0.266196664,0.712787611121,3,1.0,-0.9343497157096863,1.368579387664795,0.26619666814804077,-0.24872078001499176,0.36431124806404114,0.26619666814804077,-0.1274152547121048,0.29511916637420654,0.2661965489387512,-0.04262950271368027,0.2695883512496948,0.2661965489387512,-0.042629510164260864,0.2695883512496948,0.26619625091552734,-0.042629510164260864,0.26958805322647095,False,False,1.0858001187443733,,,,,,,,,,,1.5644999220967293,0.40580764412879944,0.6137136220932007,0.7357473969459534,0.4286874234676361,0.49075794219970703,1484.800048828125,249.54318237304688,1505.577392578125,249.54318237304688,14.5,2.0742805004119873,14.5,2.3811373710632324,0.0,0.3068568706512451,0.3068568706512451,0.34281158447265625,0.09783995151519775,0.3565002679824829,0.39872997999191284,1.66310453414917,0.0,2.0,1.5,3.0,True,,True,False,-0.09150065598104291,-0.5681686703117265,0.1130900022405976,False,,False,timeout
287,1787741864.472595,14.350951599888504,0.04553710017353296,21.960115953567442,0.04553710017353296,21.960115953567442,0.0009516533464193344,False,False,7283069.279501746,7283069.284736,5.234253592789173,7283069.329501746,0.0,0.008008000440895557,124.87511799988951,0.050455253571271896,1.0,287,286,-0.08172317724104103,-0.600592215575069,0.113,-0.0759388809951539,-0.6604432822995515,0.113,-0.06378947581876587,-0.6476004730312637,0.113,-0.0759388809951539,-0.6604432822995515,0.113,7283069.229501747,7283069.279501746,0.050455253571271896,0.049999999813735485,1,True,1773,4,1.8841535388626804,7.8931034243537574,8.000440895557237e-06,1,False,,False,,,,,False,False,False,,9.872018814086914,0.4251575171947479,13.319535255432129,1.3899089097976685,,,3.5799601078033447,True,0.266196664,0.712787611121,3,1.0,-1.0,1.4142135381698608,0.26619666814804077,-0.26619666814804077,0.37645894289016724,0.26619666814804077,-0.26619666814804077,0.37645894289016724,0.2661965489387512,-0.2019854038953781,0.3341537117958069,0.2661965489387512,-0.2019854038953781,0.3341537117958069,0.26619625091552734,-0.12515750527381897,0.29415106773376465,False,True,1.712600700557232,,,,,,,,,,,2.1747006103396416,0.26657426357269287,0.7767195105552673,0.8211912512779236,0.40580764412879944,0.6137136220932007,1484.800048828125,290.2433166503906,1498.44873046875,290.2433166503906,14.5,2.3811373710632324,14.5,2.7694971561431885,0.0,0.38835978507995605,0.38835978507995605,0.2746753692626953,0.12091350555419922,0.3001110255718231,0.39403876662254333,1.5414379835128784,0.0,2.0,1.5,3.0,True,,True,False,-0.0849335239354944,-0.5820264876040045,0.11310428234137376,False,,False,timeout
288,1787741864.5211284,14.40000080037862,0.04904920049011707,20.387692154156316,0.04904920049011707,20.387692154156316,8.540228009223938e-07,False,False,7283069.329501746,7283069.333572,4.0702540427446365,7283069.379501746,0.0,0.008021599613130093,124.66341480858229,0.04848805349320173,0.9697610734766762,288,287,-0.08243345942765469,-0.6159037676959355,0.113,-0.09125826550361753,-0.676636991414803,0.113,-0.0759388809951539,-0.6604432822995515,0.113,-0.09125826550361753,-0.676636991414803,0.113,7283069.279501746,7283069.329501746,0.04848805349320173,0.049999999813735485,1,True,1779,4,1.9028433035471648,8.03583247528488,2.1599613130092454e-05,1,False,,True,218,0.032004100270569324,0.07996340002864599,12.505721363045609,False,False,False,,10.138215065002441,0.30000001192092896,13.569239616394043,1.5530835390090942,,,3.6526904106140137,True,0.266196664,0.712787611121,3,1.0,-0.6648656129837036,1.2008522748947144,0.26619666814804077,-0.1769850105047226,0.3196628987789154,0.26619666814804077,-0.26619666814804077,0.37645894289016724,0.2661965489387512,-0.22568847239017487,0.3489926755428314,0.2661965489387512,-0.22568847239017487,0.3489926755428314,0.26619625091552734,0.0,0.26619625091552734,False,True,1.246100291609764,,,,,,,,,,,1.7182007431983948,0.1254589557647705,0.966609537601471,0.974717378616333,0.26657426357269287,0.7767195105552673,1484.800048828125,340.89361572265625,1491.2235107421875,340.89361572265625,14.5,2.7694971561431885,14.5,3.2528018951416016,0.0,0.4833047389984131,0.4833047389984131,0.24970436096191406,0.16317462921142578,0.2982921898365021,0.4201635718345642,1.5316581726074219,0.0,2.0,1.5,3.0,True,,True,False,-0.08111883077791013,-0.5969209556471623,0.11307656382730609,False,,False,timeout
289,1787741864.5707498,14.450003400444984,0.05000260006636381,19.998960027534423,0.05000260006636381,19.998960027534423,3.45427542924881e-06,False,False,7283069.379501746,7283069.3835412,4.039454273879528,7283069.429501746,0.0,0.008005700074136257,124.91099975512023,0.0467995535582304,0.9359910746514465,289,288,-0.08633997853709667,-0.6307358901343625,0.113,-0.10957482115122545,-0.6959989294865844,0.113,-0.09125826550361753,-0.676636991414803,0.113,-0.10957482115122545,-0.6959989294865844,0.113,7283069.329501746,7283069.379501746,0.0467995535582304,0.049999999813735485,1,True,1785,4,1.918561434989471,8.844418690112759,5.700074136257005e-06,1,False,,True,219,0.01924470067024231,0.06496640015393496,15.392572123906282,False,False,False,,10.404411315917969,0.30000001192092896,13.778042793273926,1.7601733207702637,,,3.6760706901550293,True,0.266196664,0.712787611121,3,1.0,-0.345429927110672,1.0579800605773926,0.26619666814804077,-0.09195229411125183,0.2816307842731476,0.26619666814804077,-0.24872078001499176,0.36431124806404114,0.2661965489387512,-0.1772850900888443,0.3198290169239044,0.2661965489387512,-0.1772850900888443,0.3198290169239044,0.26619625091552734,0.0,0.26619625091552734,False,True,1.172499731183052,,,,,,,,,,,1.4840997755527496,0.049226291477680206,1.0,1.0012109279632568,0.1254589557647705,0.966609537601471,1484.800048828125,393.29364013671875,1487.3204345703125,393.29364013671875,14.5,3.2528018951416016,14.5,3.7528018951416016,0.0,0.5,0.5,0.2088031768798828,0.20708978176116943,0.29408323764801025,0.42848697304725647,1.6580597162246704,0.0,2.0,1.5,3.0,True,,True,False,-0.08076718695238459,-0.6123778858579353,0.113124382164834,False,,False,timeout
290,1787741864.624405,14.502732699736953,0.052729299291968346,18.964788332628547,0.052729299291968346,18.964788332628547,0.0027327537536621094,True,False,7283069.429501746,7283069.437248,7.746254093945026,7283069.479501746,0.0,0.008259300142526627,121.07563386043591,0.0533207543194294,1.0,290,289,-0.09362739931694035,-0.6470931437625966,0.113,-0.1285651376012634,-0.7160730819715352,0.113,-0.10957482115122545,-0.6959989294865844,0.113,-0.1285651376012634,-0.7160730819715352,0.113,7283069.379501746,7283069.429501746,0.0533207543194294,0.049999999813735485,1,True,1792,4,1.9287009187985056,9.660875379950337,0.0002593001425266264,1,False,,False,,,,,False,False,False,,10.670607566833496,0.30000001192092896,13.955456733703613,2.0430901050567627,,,3.718682050704956,True,0.266196664,0.712787611121,3,1.0,-0.4617408812046051,1.1014556884765625,0.26619666814804077,-0.12291388213634491,0.29320383071899414,0.26619666814804077,-0.26619666814804077,0.37645894289016724,0.2661965489387512,-0.18974168598651886,0.3268983066082001,0.2661965489387512,-0.18974168598651886,0.3268983066082001,0.26619625091552734,0.0,0.26619625091552734,False,True,1.8086005002260208,,,,,,,,,,,2.7932999655604362,-0.03622310608625412,1.0,1.0006558895111084,0.049226291477680206,1.0,1482.9454345703125,445.69366455078125,1482.9454345703125,445.69366455078125,14.5,3.7528018951416016,14.481888771057129,4.252801895141602,-0.018111228942871094,0.5,0.5003278851509094,0.1774139404296875,0.282916784286499,0.3339425325393677,0.565833568572998,1.794335961341858,0.0,2.0,1.5,3.0,True,,False,False,-0.08471014014666482,-0.629991885899858,0.11313487705392997,False,,False,timeout
291,1787741864.6719742,14.5500044003129,0.04727170057594776,21.154305595445585,0.04727170057594776,21.154305595445585,4.454515874385834e-06,False,False,7283069.479501746,7283069.4851561,5.654354579746723,7283069.5295017455,0.0,0.008432600647211075,118.58737794380566,0.052017354406416416,1.0,291,290,-0.10134137953106606,-0.6603713604586031,0.113,-0.14754423451616322,-0.7347576259197288,0.113,-0.1285651376012634,-0.7160730819715352,0.113,-0.14754423451616322,-0.7347576259197288,0.113,7283069.429501746,7283069.479501746,0.052017354406416416,0.049999999813735485,1,True,1798,4,1.9122880123872685,10.66887009324268,0.00043260064721107466,1,False,,True,220,0.03870960045605898,0.06254479940980673,15.988539565820476,False,False,False,,10.936803817749023,0.30000001192092896,14.055166244506836,2.3075814247131348,,,3.7087152004241943,True,0.266196664,0.712787611121,3,1.0,0.29879599809646606,1.0436853170394897,0.26619666814804077,0.0795385017991066,0.27782556414604187,0.26619666814804077,-0.1769850105047226,0.3196628987789154,0.2661965489387512,-0.12615272402763367,0.29457613825798035,0.2661965489387512,-0.12615272402763367,0.29457613825798035,0.26619625091552734,0.0,0.26619625091552734,False,True,1.8436992540955544,,,,,,,,,,,2.4031996726989746,-0.08760910481214523,1.0,1.0038303136825562,-0.03622310608625412,1.0,1478.4598388671875,498.0936584472656,1478.4598388671875,498.0936584472656,14.481888771057129,4.252801895141602,14.438084602355957,4.752801895141602,-0.043804168701171875,0.5,0.5019150972366333,0.09970951080322266,0.26449131965637207,0.2826617360115051,0.5210755467414856,1.9914755821228027,0.0,2.0,1.5,3.0,True,,False,False,-0.09104729222390762,-0.6442558745996603,0.1130861758366221,False,,False,timeout
292,1787741864.7205567,14.600001700222492,0.049997299909591675,20.001080094490387,0.049997299909591675,20.001080094490387,1.7546117305755615e-06,False,False,7283069.5295017455,7283069.5335037,4.001954570412636,7283069.579501745,0.0,0.008306699804961681,120.38475248650363,0.05034635402262211,1.0,292,291,-0.10998528503350052,-0.6730654903589571,0.113,-0.16719789324620765,-0.7528235566480591,0.113,-0.14754423451616322,-0.7347576259197288,0.113,-0.16719789324620765,-0.7528235566480591,0.113,7283069.479501746,7283069.5295017455,0.05034635402262211,0.049999999813735485,1,True,1804,4,1.892531098411165,11.708121699196324,0.0003066998049616812,1,False,,True,221,0.02504140045493841,0.08076960034668446,12.380895729429586,False,False,False,,11.20300006866455,0.30000001192092896,14.123152732849121,2.5800042152404785,,,3.704822540283203,True,0.266196664,0.712787611121,3,1.0,1.0,1.4142135381698608,0.26619666814804077,0.26619666814804077,0.37645894289016724,0.26619666814804077,-0.09195229411125183,0.2816307842731476,0.2661965489387512,-0.06554245948791504,0.27414670586586,0.2661965489387512,-0.06554245948791504,0.27414670586586,0.26619625091552734,0.0,0.26619625091552734,False,True,1.1256001889705658,,,,,,,,,,,1.559399999678135,-0.1453450322151184,1.0,1.010507345199585,-0.08760910481214523,1.0,1471.0181884765625,550.49365234375,1471.0181884765625,550.49365234375,14.438084602355957,4.752801895141602,14.365411758422852,5.252801895141602,-0.07267284393310547,0.5,0.5052537322044373,0.06798648834228516,0.27242279052734375,0.28077808022499084,0.5288740396499634,2.195502758026123,0.19550275802612305,2.0,1.5,3.0,True,,False,False,-0.09890249105601133,-0.657724965480546,0.11308584842873802,False,,False,timeout
293,1787741864.7752652,14.654612800106406,0.054611099883913994,18.311295727895708,0.054611099883913994,18.311295727895708,0.004612854681909084,True,False,7283069.579501745,7283069.5880263,8.524554781615734,7283069.629501745,0.0,0.008007599972188473,124.88136313916047,0.056551454588770866,1.0,293,292,-0.12096352406047559,-0.6872260248197418,0.113,-0.1871965722592416,-0.7692918967303725,0.113,-0.16719789324620765,-0.7528235566480591,0.113,-0.1871965722592416,-0.7692918967303725,0.113,7283069.5295017455,7283069.579501745,0.056551454588770866,0.049999999813735485,1,True,1811,4,1.8801329908269124,12.426002420862737,7.599972188472581e-06,1,False,,True,222,0.01577330008149147,0.06342910043895245,15.765634276375296,False,False,False,,11.469196319580078,0.30000001192092896,14.177227973937988,2.9016952514648438,,,3.7552967071533203,True,0.266196664,0.712787611121,3,0.35228586196899414,1.0,1.0602383613586426,0.09377732127904892,0.26619666814804077,0.2822319269180298,0.26619666814804077,-0.12291388213634491,0.29320383071899414,0.2661965489387512,-0.08761149644851685,0.2802434265613556,0.2661965489387512,-0.08761149644851685,0.2802434265613556,0.26619625091552734,0.0,0.26619625091552734,False,True,1.0952996090054512,,,,,,,,,,,1.5965001657605171,-0.22476965188980103,1.0,1.0249494314193726,-0.1453450322151184,1.0,1459.5098876953125,602.8936767578125,1459.5098876953125,602.8936767578125,14.365411758422852,5.252801895141602,14.253026962280273,5.752801895141602,-0.11238479614257812,0.5,0.5124747157096863,0.05407524108886719,0.32169103622436523,0.3262042999267578,0.6146776080131531,2.358625888824463,0.3586258888244629,2.0,1.5,3.0,True,,False,False,-0.1091090618132659,-0.6726333250206982,0.1131218348228011,False,,False,timeout
294,1787741864.8208303,14.70017550047487,0.04556270036846399,21.947777280824763,0.04556270036846399,21.947777280824763,0.00017555523663759232,False,False,7283069.629501745,7283069.6333801,3.878355026245117,7283069.679501745,0.0,0.008009299635887146,124.85486190569215,0.046576954424381256,0.9315390919578787,294,293,-0.12937121380333594,-0.6968760970339151,0.113,-0.20858867860244734,-0.7840041781295137,0.113,-0.1871965722592416,-0.7692918967303725,0.113,-0.20858867860244734,-0.7840041781295137,0.113,7283069.579501745,7283069.629501745,0.046576954424381256,0.049999999813735485,1,True,1816,4,1.874602825703214,13.650105495475588,9.29963588714583e-06,1,False,,False,,,,,False,False,False,,11.735392570495605,0.30000001192092896,14.201428413391113,3.133807897567749,,,3.7565674781799316,True,0.266196664,0.712787611121,3,1.0,0.5256057977676392,1.129717469215393,0.26619666814804077,0.13991451263427734,0.3007270097732544,0.26619666814804077,0.0795385017991066,0.27782556414604187,0.2661965489387512,0.05669406056404114,0.272166907787323,0.2661965489387512,0.05669406056404114,0.272166907787323,0.26619625091552734,0.05669406056404114,0.2721666097640991,False,False,1.4448994770646095,,,,,,,,,,,1.990700140595436,-0.2871024012565613,1.0,1.0403978824615479,-0.22476965188980103,1.0,1444.8104248046875,655.2936401367188,1444.8104248046875,655.2936401367188,14.253026962280273,5.752801895141602,14.109476089477539,6.252801895141602,-0.14355087280273438,0.5,0.5201988816261292,0.024200439453125,0.23211264610290527,0.2333708256483078,0.43154406547546387,2.619502067565918,0.619502067565918,2.0,1.5,3.0,True,,False,False,-0.11697461386901403,-0.6828142657902776,0.11305279732264743,False,,False,timeout
295,1787741864.8713706,14.750003499910235,0.0498279994353652,20.06903771637788,0.0498279994353652,20.06903771637788,3.5548582673072815e-06,False,False,7283069.679501745,7283069.6841957,4.693955183029175,7283069.729501745,0.0,0.008019600063562393,124.6944974904134,0.052616355009377,1.0,295,294,-0.1418287345784251,-0.7097545078654482,0.113,-0.23091321868398712,-0.797903421323364,0.113,-0.20858867860244734,-0.7840041781295137,0.113,-0.23091321868398712,-0.797903421323364,0.113,7283069.629501745,7283069.679501745,0.052616355009377,0.049999999813735485,1,True,1823,4,1.8747317055474735,14.407105494252068,1.9600063562393022e-05,1,False,,True,223,0.03065949957817793,0.06388140004128218,15.654008825006471,False,False,False,,12.001588821411133,0.3566940724849701,14.217486381530762,3.460771322250366,,,3.8138561248779297,True,0.266196664,0.712787611121,3,1.0,0.5248053073883057,1.129345178604126,0.26619666814804077,0.13970142602920532,0.3006279468536377,0.26619666814804077,0.26619666814804077,0.37645894289016724,0.2661965489387512,0.2060249149799347,0.3366108536720276,0.2661965489387512,0.2060249149799347,0.3366108536720276,0.26619625091552734,0.2060249149799347,0.3366106152534485,False,False,1.540299504995346,,,,,,,,,,,1.918099820613861,-0.3816326856613159,1.0,1.0703473091125488,-0.2871024012565613,1.0,1425.2708740234375,707.6936645507812,1425.2708740234375,707.6936645507812,14.109476089477539,6.252801895141602,13.918660163879395,6.752801895141602,-0.19081592559814453,0.5,0.5351735353469849,0.016057968139648438,0.3269634246826172,0.3273575007915497,0.5956116318702698,2.794119119644165,0.794119119644165,2.0,1.5,3.0,True,,False,False,-0.12863085187890702,-0.6964402338257397,0.11308885844810035,False,,False,timeout
296,1787741864.9209387,14.800001099705696,0.0499975997954607,20.00096012790579,0.0499975997954607,20.00096012790579,1.1548399925231934e-06,False,False,7283069.729501745,7283069.7336039,4.102155566215515,7283069.779501745,0.0,0.008002200163900852,124.96563189098329,0.050662155263125896,1.0,296,295,-0.1530940082110473,-0.7201938377575355,0.113,-0.25386265335052777,-0.8100665779136011,0.113,-0.23091321868398712,-0.797903421323364,0.113,-0.25386265335052777,-0.8100665779136011,0.113,7283069.679501745,7283069.729501745,0.050662155263125896,0.049999999813735485,1,True,1829,4,1.8747028925260625,15.376816713754573,2.200163900852037e-06,1,False,,True,224,0.01716409996151924,0.08079289924353361,12.377325351151285,False,False,False,,12.26778507232666,0.5627189874649048,14.212383270263672,3.743218183517456,,,3.7278730869293213,True,0.266196664,0.712787611121,3,1.0,1.0,1.4142135381698608,0.26619666814804077,0.26619666814804077,0.37645894289016724,0.09377732127904892,0.26619666814804077,0.2822319269180298,0.1432981789112091,0.24891459941864014,0.2872156798839569,0.1432981789112091,0.24891459941864014,0.2872156798839569,0.14329814910888672,0.24891459941864014,0.2872156500816345,False,False,1.241300255060196,,,,,,,,,,,1.540900208055973,-0.5383021235466003,1.0,1.135680079460144,-0.3816326856613159,1.0,1397.709716796875,760.0936279296875,1397.709716796875,760.0936279296875,13.918660163879395,6.752801895141602,13.64950942993164,7.252801895141602,-0.2691507339477539,0.5,0.5678398609161377,-0.005103111267089844,0.28244686126708984,0.2824929654598236,0.49647998809814453,3.0238828659057617,1.0238828659057617,2.0,1.5,3.0,True,,False,False,-0.13930945588150376,-0.7074888310072182,0.1131414711031413,False,,False,timeout
297,1787741864.9736524,14.853002700023353,0.053001600317656994,18.867354834696553,0.053001600317656994,18.867354834696553,0.003002755343914032,True,False,7283069.779501745,7283069.7866381,7.1363551542162895,7283069.829501744,0.0,0.008004900068044662,124.92348330392932,0.04898845497518778,0.9797691031536799,297,296,-0.16494020788719424,-0.7299675895243154,0.113,-0.2797736889007524,-0.819844991675443,0.113,-0.25386265335052777,-0.8100665779136011,0.113,-0.2797736889007524,-0.819844991675443,0.113,7283069.729501745,7283069.779501745,0.04898845497518778,0.049999999813735485,1,True,1835,4,1.872766518870716,16.454750517281834,4.900068044662309e-06,1,False,,True,225,0.005623499862849712,0.06320280022919178,15.822083774353485,False,False,False,,12.411083221435547,0.8116335868835449,14.194581985473633,4.028110980987549,,,3.677851915359497,True,0.266196664,0.712787611121,3,1.0,1.0,1.4142135381698608,0.26619666814804077,0.26619666814804077,0.37645894289016724,0.26619666814804077,0.13991451263427734,0.3007270097732544,0.2308986932039261,0.17122069001197815,0.28745561838150024,0.2308986932039261,0.17122069001197815,0.28745561838150024,0.23089885711669922,0.17122066020965576,0.2874557375907898,False,False,1.1291000992059708,,,,,,,,,,,1.6429005190730095,-0.6467505693435669,1.0,1.1909183263778687,-0.5383021235466003,1.0,1364.5960693359375,812.49365234375,1364.5960693359375,812.49365234375,13.64950942993164,7.252801895141602,13.326133728027344,7.752801895141602,-0.3233757019042969,0.5,0.5954593420028687,-0.017801284790039062,0.2848927974700928,0.2854484021663666,0.45663273334503174,3.2704334259033203,1.2704334259033203,2.0,1.5,3.0,True,,False,False,-0.15043818834754136,-0.7181189745546683,0.11316491207625756,False,,False,timeout
298,1787741865.021211,14.900004000402987,0.047001300379633904,21.276007087525375,0.047001300379633904,21.276007087525375,4.055909812450409e-06,False,False,7283069.829501744,7283069.8329332,3.4314552322030067,7283069.879501744,0.0,0.008004199713468552,124.93441390740344,0.04722425527870655,0.9444851090926122,298,297,-0.17735940798583824,-0.7390023229553644,0.113,-0.3065490453333864,-0.8277392388620795,0.113,-0.2797736889007524,-0.819844991675443,0.113,-0.3065490453333864,-0.8277392388620795,0.113,7283069.779501745,7283069.829501744,0.04722425527870655,0.049999999813735485,1,True,1841,4,1.872741780626348,17.54538384204057,4.199713468551469e-06,1,False,,False,,,,,False,False,False,,12.641982078552246,0.9828542470932007,14.159232139587402,4.313457012176514,,,3.6599128246307373,True,0.266196664,0.712787611121,3,1.0,1.0,1.4142135381698608,0.26619666814804077,0.26619666814804077,0.37645894289016724,0.26619666814804077,0.13970142602920532,0.3006279468536377,0.2560586929321289,0.14875414967536926,0.2961314916610718,0.2560586929321289,0.14875414967536926,0.2961314916610718,0.2560586929321289,0.14875411987304688,0.2961314618587494,False,False,1.15169957280159,,,,,,,,,,,1.6086995601654053,-0.7771095037460327,1.0,1.2664514780044556,-0.6467505693435669,1.0,1324.80810546875,864.8936767578125,1324.80810546875,864.8936767578125,13.326133728027344,7.752801895141602,12.937579154968262,8.252801895141602,-0.38855457305908203,0.5,0.6332256197929382,-0.03534984588623047,0.28534603118896484,0.2875273525714874,0.43462076783180237,3.5388057231903076,1.5388057231903076,2.0,1.5,3.0,True,,False,False,-0.162121514292116,-0.7281163537060887,0.11313581963407046,False,,False,timeout
299,1787741865.0708055,14.950001999735832,0.04999799933284521,20.00080029888455,0.04999799933284521,20.00080029888455,2.055428922176361e-06,False,False,7283069.879501744,7283069.8833062,3.8044555112719536,7283069.929501744,0.0,0.008002200163900852,124.96563189098329,0.053284755907952785,1.0,299,298,-0.1925040100272425,-0.7485755211490371,0.113,-0.3351280537372897,-0.8335960032208001,0.113,-0.3065490453333864,-0.8277392388620795,0.113,-0.3351280537372897,-0.8335960032208001,0.113,7283069.829501744,7283069.879501744,0.053284755907952785,0.049999999813735485,1,True,1848,4,1.8697209381121853,18.473751904691728,2.200163900852037e-06,1,False,,True,226,0.023044499568641186,0.06454449985176325,15.493186906656023,False,False,False,,12.898040771484375,1.1316083669662476,14.090239524841309,4.6451897621154785,,,3.7103357315063477,True,0.266196664,0.712787611121,3,0.7644132971763611,1.0,1.2587008476257324,0.20348426699638367,0.26619666814804077,0.3350619375705719,0.26619666814804077,0.26619666814804077,0.37645894289016724,0.26328492164611816,0.2324657142162323,0.3512253761291504,0.26328492164611816,0.2324657142162323,0.3512253761291504,0.26328468322753906,0.2324657440185547,0.35122519731521606,False,False,1.1847000569105148,,,,,,,,,,,1.5606004744768143,-0.966530978679657,1.0,1.3907487392425537,-0.7771095037460327,1.0,1275.3216552734375,917.2936401367188,1275.3216552734375,917.2936401367188,12.937579154968262,8.252801895141602,12.454313278198242,8.752801895141602,-0.48326587677001953,0.5,0.6953746676445007,-0.06899261474609375,0.33173274993896484,0.33883121609687805,0.4805135726928711,3.7872800827026367,1.7872800827026367,2.0,1.5,3.0,True,,False,False,-0.17658791730941487,-0.7387647670728671,0.11311285254068149,False,,False,timeout
300,1787741865.1254935,15.004843899980187,0.0548419002443552,18.234233233063957,0.0548419002443552,18.234233233063957,0.004843955859541893,True,False,7283069.929501744,7283069.9384245,8.922755718231201,7283069.979501744,0.0,0.008001400157809258,124.9781263625484,0.051311356015503407,1.0,300,299,-0.20602514735580071,-0.7558580718073283,0.113,-0.36637889264716145,-0.8372644002441316,0.113,-0.3351280537372897,-0.8335960032208001,0.113,-0.36637889264716145,-0.8372644002441316,0.113,7283069.879501744,7283069.929501744,0.051311356015503407,0.049999999813735485,1,True,1854,4,1.8726741454896283,19.855872713054655,1.4001578092573408e-06,1,False,,True,227,0.013878200203180313,0.07980080042034388,12.531202628702792,False,False,False,,13.161325454711914,1.3640741109848022,14.012178421020508,4.92722225189209,,,3.6633284091949463,True,0.266196664,0.712787611121,3,0.30122262239456177,1.0,1.0443825721740723,0.0801844596862793,0.26619666814804077,0.27801117300987244,0.26619666814804077,0.26619666814804077,0.37645894289016724,0.2653602957725525,0.2565087378025055,0.36907023191452026,0.2653602957725525,0.2565087378025055,0.36907023191452026,0.26535987854003906,0.2565087080001831,0.369069904088974,False,False,1.09149981290102,,,,,,,,,,,1.5793992206454277,-1.0,1.0,1.4142135381698608,-0.966530978679657,1.0,1224.12158203125,969.6936645507812,1224.12158203125,969.6936645507812,12.454313278198242,8.752801895141602,11.954313278198242,9.252801895141602,-0.5,0.5,0.7071067690849304,-0.07806110382080078,0.28203248977661133,0.29263606667518616,0.3696453869342804,4.130618095397949,2.130618095397949,2.0,1.5,3.0,True,,False,False,-0.1894570279576748,-0.7471299829283886,0.11309343259229794,False,,False,timeout
301,1787741865.1710453,15.050380599685013,0.04553669970482588,21.96030907997538,0.04553669970482588,21.96030907997538,0.00038065575063228607,False,False,7283069.979501744,7283069.9836669,4.165155813097954,7283070.029501744,0.0,0.00800270028412342,124.95782229704426,0.04933055583387613,0.9866111203529355,301,300,-0.21995115104951066,-0.762334272202009,0.113,-0.39732113925044993,-0.8400208274528335,0.113,-0.36637889264716145,-0.8372644002441316,0.113,-0.39732113925044993,-0.8400208274528335,0.113,7283069.929501744,7283069.979501744,0.04933055583387613,0.049999999813735485,1,True,1860,4,1.8706882246430596,21.23413346749213,2.700284123420549e-06,1,False,,False,,,,,False,False,False,,13.426685333251953,1.6205828189849854,13.910233497619629,5.2054924964904785,,,3.6173741817474365,True,0.266196664,0.712787611121,3,1.0,1.0,1.4142135381698608,0.26619666814804077,0.26619666814804077,0.37645894289016724,0.26619666814804077,0.26619666814804077,0.37645894289016724,0.2659563422203064,0.2634141743183136,0.37432578206062317,0.2659563422203064,0.2634141743183136,0.37432578206062317,0.26595592498779297,0.2634141445159912,0.3743254840373993,False,False,1.149599440395832,,,,,,,,,,,2.2860001772642136,-1.0,1.0,1.4142135381698608,-1.0,1.0,1172.921630859375,995.5999755859375,1172.921630859375,1022.0936279296875,11.954313278198242,9.252801895141602,11.454313278198242,9.5,-0.5,0.24719810485839844,0.5577695965766907,-0.1019449234008789,0.27827024459838867,0.2963563799858093,0.3802151679992676,4.495145797729492,2.495145797729492,2.0,1.5,3.0,True,,True,False,-0.2029368768746919,-0.7545598370772051,0.11314169042356659,False,,False,timeout
302,1787741865.2206004,15.100003100000322,0.04962250031530857,20.152148594807898,0.04962250031530857,20.152148594807898,3.1562522053718567e-06,False,False,7283070.029501744,7283070.0335346,4.032856784760952,7283070.079501743,0.0,0.008006200194358826,124.9031969878296,0.04735045600682497,0.9470091236643833,302,301,-0.23425030588909784,-0.7679357432742401,0.113,-0.42126416884671253,-0.8345166438885842,0.113,-0.39732113925044993,-0.8400208274528335,0.113,-0.42126416884671253,-0.8345166438885842,0.113,7283069.979501744,7283070.029501744,0.04735045600682497,0.049999999813735485,1,True,1866,4,1.872826474808896,21.723543854638798,6.200194358825517e-06,1,False,,True,228,0.045083499513566494,0.06378479953855276,15.67771643454928,False,False,False,,13.692641258239746,1.8839969635009766,13.790369987487793,5.479295253753662,,,3.5966262817382812,True,0.266196664,0.712787611121,3,1.0,1.0,1.4142135381698608,0.26619666814804077,0.26619666814804077,0.37645894289016724,0.20348426699638367,0.26619666814804077,0.3350619375705719,0.22142690420150757,0.26539748907089233,0.34563812613487244,0.22142690420150757,0.26539748907089233,0.34563812613487244,0.22142696380615234,0.2653975486755371,0.3456381857395172,False,False,1.1400999501347542,,,,,,,,,,,1.7123008146882057,-1.0,1.0,1.4142135381698608,-1.0,1.0,1121.7215576171875,995.5999755859375,1121.7215576171875,1048.0,11.454313278198242,9.5,10.954313278198242,9.5,-0.5,0.0,0.5,-0.11986351013183594,0.2738027572631836,0.29888996481895447,0.41019752621650696,4.650078296661377,2.650078296661377,2.0,1.5,3.0,True,,True,False,-0.21676850538724085,-0.761217536550146,0.11301581455410355,False,,False,timeout
303,1787741865.2702012,15.150002400390804,0.04999930039048195,20.000279847722904,0.04999930039048195,20.000279847722904,2.4568289518356323e-06,False,False,7283070.079501743,7283070.0834368,3.9350567385554314,7283070.129501743,0.0,0.008002299815416336,124.9640757115238,0.05341435596346855,1.0,303,302,-0.2514136779922558,-0.7730648988560331,0.113,-0.4380304918489827,-0.8213445307679572,0.113,-0.42126416884671253,-0.8345166438885842,0.113,-0.4380304918489827,-0.8213445307679572,0.113,7283070.029501744,7283070.079501743,0.05341435596346855,0.049999999813735485,1,True,1873,4,1.8692781841774748,21.144807819195776,2.299815416335893e-06,1,False,,True,229,0.01040669996291399,0.0644900007173419,15.506279870936513,False,False,False,,13.914068222045898,2.1493945121765137,13.624848365783691,5.792632579803467,,,3.6547000408172607,True,0.266196664,0.712787611121,3,0.7526972889900208,1.0,1.2516202926635742,0.20036551356315613,0.26619666814804077,0.3331771492958069,0.0801844596862793,0.26619666814804077,0.27801117300987244,0.12075106054544449,0.26596716046333313,0.29209476709365845,0.12075106054544449,0.26596716046333313,0.29209476709365845,0.12075138092041016,0.26596713066101074,0.292094886302948,False,False,1.1100992560386658,,,,,,,,,,,1.563199795782566,-1.0,1.0,1.4142135381698608,-1.0,1.0,1070.521728515625,995.5999755859375,1070.521728515625,1048.0,10.954313278198242,9.5,10.454313278198242,9.5,-0.5,0.0,0.5,-0.16552162170410156,0.3133373260498047,0.3543694317340851,0.3310432434082031,4.569062232971191,2.5690622329711914,2.0,1.5,3.0,True,,True,False,-0.23344127657971725,-0.7679260130679018,0.11306879903566316,False,,False,timeout
304,1787741865.3228931,15.20222679991275,0.05222439952194691,19.148137827410682,0.05222439952194691,19.148137827410682,0.0022268565371632576,True,False,7283070.129501743,7283070.1355683,6.066557019948959,7283070.179501743,0.0,0.008002899587154388,124.95471036586785,0.051440056413412094,1.0,304,303,-0.26646334518193115,-0.7761177128897906,0.113,-0.454748679082574,-0.8082102345133237,0.113,-0.4380304918489827,-0.8213445307679572,0.113,-0.454748679082574,-0.8082102345133237,0.113,7283070.079501743,7283070.129501743,0.051440056413412094,0.049999999813735485,1,True,1879,4,1.871774755354462,20.971305861213864,2.899587154388261e-06,1,False,,True,230,0.003836600109934807,0.08413819968700409,11.885207952155163,False,False,False,,14.034819602966309,2.4153616428375244,13.458476066589355,6.050445079803467,,,3.6804895401000977,True,0.266196664,0.712787611121,3,-0.33044031262397766,1.0,1.0531812906265259,-0.08796211332082748,0.26619666814804077,0.2803533375263214,0.26619666814804077,0.26619666814804077,0.37645894289016724,0.22442297637462616,0.2661307454109192,0.3481253385543823,0.22442297637462616,0.2661307454109192,0.3481253385543823,0.22442340850830078,0.2661306858062744,0.34812554717063904,False,False,1.0740002617239952,,,,,,,,,,,1.5417002141475677,-1.0,1.0,1.4142135381698608,-1.0,1.0,1019.3216552734375,995.5999755859375,1019.3216552734375,1048.0,10.454313278198242,9.5,9.954313278198242,9.5,-0.5,0.0,0.5,-0.16637229919433594,0.2578125,0.3068338632583618,0.3327445983886719,4.57432222366333,2.57432222366333,2.0,1.5,3.0,True,,True,False,-0.24809544265893904,-0.7725171442547437,0.11310067714935504,False,,False,timeout
305,1787741865.370464,15.250003700144589,0.047776900231838226,20.930616995817704,0.047776900231838226,20.930616995817704,3.7569552659988403e-06,False,False,7283070.179501743,7283070.183434,3.9322571828961372,7283070.229501743,0.0,0.00802369974553585,124.63078526291696,0.04948445688933134,0.9896891414735062,305,304,-0.28170580280629576,-0.7779855940426252,0.113,-0.4714189375455464,-0.7951135925009617,0.113,-0.454748679082574,-0.8082102345133237,0.113,-0.4714189375455464,-0.7951135925009617,0.113,7283070.129501743,7283070.179501743,0.04948445688933134,0.049999999813735485,1,True,1885,4,1.8718313438719387,20.9198259621421,2.369974553585036e-05,1,False,,False,,,,,False,False,False,,14.25924301147461,2.681492328643799,13.26638412475586,6.295483589172363,,,3.7478928565979004,True,0.266196664,0.712787611121,3,-1.0,1.0,1.4142135381698608,-0.26619666814804077,0.26619666814804077,0.37645894289016724,0.26619666814804077,0.26619666814804077,0.37645894289016724,0.2541988790035248,0.2661777138710022,0.36805930733680725,0.2541988790035248,0.2661777138710022,0.36805930733680725,0.2541990280151367,0.2661776542663574,0.368059366941452,False,False,1.739799976348877,,,,,,,,,,,1.9367001950740814,-1.0,1.0,1.4142135381698608,-1.0,1.0,968.1217041015625,995.5999755859375,968.1217041015625,1048.0,9.954313278198242,9.5,9.454313278198242,9.5,-0.5,0.0,0.5,-0.1920919418334961,0.24503850936889648,0.3113569915294647,0.3841838836669922,4.608550548553467,2.608550548553467,2.0,1.5,3.0,True,,True,False,-0.2631075476942308,-0.7758712725398716,0.11309904221163503,False,,False,timeout
306,1787741865.4200363,15.30000129994005,0.0499975997954607,20.00096012790579,0.0499975997954607,20.00096012790579,1.3569369912147522e-06,False,False,7283070.229501743,7283070.2333652,3.863457590341568,7283070.279501743,0.0,0.008022399619221687,124.65098318014448,0.04753465671092272,0.9506931377600623,306,305,-0.29704395932481964,-0.7787458573284954,0.113,-0.4880414730507884,-0.7820544430382534,0.113,-0.4714189375455464,-0.7951135925009617,0.113,-0.4880414730507884,-0.7820544430382534,0.113,7283070.179501743,7283070.229501743,0.04753465671092272,0.049999999813735485,1,True,1891,4,1.871104707582678,20.973228458535534,2.239961922168715e-05,1,False,,True,231,0.03721939958631992,0.058794500306248665,17.008393553669173,False,False,False,,14.513442039489746,2.9476699829101562,13.050158500671387,6.5254364013671875,,,3.8654379844665527,True,0.266196664,0.712787611121,3,-1.0,1.0,1.4142135381698608,-0.26619666814804077,0.26619666814804077,0.37645894289016724,0.20036551356315613,0.26619666814804077,0.3331771492958069,0.21582716703414917,0.2661912143230438,0.34269392490386963,0.21582716703414917,0.2661912143230438,0.34269392490386963,0.18655776977539062,0.2661912441253662,0.325056254863739,False,True,1.1326000094413757,,,,,,,,,,,1.5650000423192978,-1.0,0.9995385408401489,1.4138872623443604,-1.0,1.0,916.9216918945312,995.5999755859375,916.9216918945312,1047.975830078125,9.454313278198242,9.5,8.954313278198242,9.5,-0.5,0.0,0.5,-0.21622562408447266,0.22995281219482422,0.3156450688838959,0.4324512481689453,4.6667046546936035,2.6667046546936035,2.0,1.5,3.0,True,,True,False,-0.27834888993469664,-0.77797401984711,0.11304393261454225,False,,False,timeout
307,1787741865.4747417,15.354033100418746,0.05403180047869682,18.50761942301499,0.05403180047869682,18.50761942301499,0.004033157601952553,True,False,7283070.279501743,7283070.2876868,8.18505696952343,7283070.3295017425,0.0,0.008003300055861473,124.94845788864532,0.053578357212245464,1.0,307,306,-0.3149556659347912,-0.7783437257051379,0.113,-0.5049410169420416,-0.7687776676956544,0.113,-0.4880414730507884,-0.7820544430382534,0.113,-0.5049410169420416,-0.7687776676956544,0.113,7283070.229501743,7283070.279501743,0.053578357212245464,0.049999999813735485,1,True,1898,4,1.8747823956692444,20.8972628154276,3.300055861472917e-06,1,False,,True,232,0.010802200064063072,0.06462909933179617,15.47290632763036,False,False,False,,14.699999809265137,3.2138612270355225,12.773537635803223,6.775091171264648,,,4.048902988433838,True,0.266196664,0.712787611121,3,-1.0,1.0,1.4142135381698608,-0.26619666814804077,0.26619666814804077,0.37645894289016724,-0.08796211332082748,0.26619666814804077,0.2803533375263214,-0.009116601198911667,0.2661951184272766,0.26635119318962097,-0.009116604924201965,0.2661951184272766,0.26635119318962097,-0.009116172790527344,0.26619505882263184,0.2663511037826538,False,False,1.1355001479387283,,,,,,,,,,,1.641400158405304,-1.0,0.831302285194397,1.300408959388733,-1.0,0.9995385408401489,865.7216796875,995.5999755859375,865.7216796875,1039.1602783203125,8.954313278198242,9.5,8.454313278198242,9.5,-0.5,0.0,0.5,-0.27662086486816406,0.24965476989746094,0.3726212680339813,0.5532417297363281,4.691652297973633,2.691652297973633,2.0,1.5,3.0,True,,True,False,-0.2962216023541504,-0.7790618930563721,0.11300072336795,False,,False,timeout
308,1787741865.5213208,15.400002700276673,0.04596959985792637,21.753506732505823,0.04596959985792637,21.753506732505823,2.757646143436432e-06,False,False,7283070.3295017425,7283070.3334926,3.9908578619360924,7283070.379501742,0.0,0.008002099581062794,124.9672026534798,0.051599957048892975,1.0,308,307,-0.3302537282736409,-0.7769871671043134,0.113,-0.5214677935559259,-0.7557937492152611,0.113,-0.5049410169420416,-0.7687776676956544,0.113,-0.5214677935559259,-0.7557937492152611,0.113,7283070.279501743,7283070.3295017425,0.051599957048892975,0.049999999813735485,1,True,1904,4,1.8710549489786916,21.10929364169235,2.099581062793565e-06,1,False,,False,,,,,False,False,False,,14.69088363647461,3.4800562858581543,12.514429092407227,6.971714496612549,,,4.114441871643066,True,0.266196664,0.712787611121,3,-1.0,1.0,1.4142135381698608,-0.26619666814804077,0.26619666814804077,0.37645894289016724,-0.26619666814804077,0.26619666814804077,0.37645894289016724,-0.19235996901988983,0.26619619131088257,0.32842469215393066,-0.19235996901988983,0.26619619131088257,0.32842469215393066,-0.19235992431640625,0.26619625091552734,0.32842469215393066,False,False,1.5984997153282166,,,,,,,,,,,2.1156007423996925,-1.0,0.6837746500968933,1.2114238739013672,-1.0,0.831302285194397,814.5216674804688,995.5999755859375,814.5216674804688,1031.4298095703125,8.454313278198242,9.5,7.954313278198242,9.5,-0.5,0.0,0.5,-0.2591085433959961,0.1966233253479004,0.3252659738063812,0.5182170867919922,4.782966613769531,2.7829666137695312,2.0,1.5,3.0,True,,True,False,-0.31162833688929054,-0.7787634216838059,0.11284386653669326,False,,False,timeout
309,1787741865.5739233,15.450003200210631,0.050000499933958054,19.99980002841623,0.050000499933958054,19.99980002841623,3.257766366004944e-06,False,False,7283070.379501742,7283070.3851998,5.698057822883129,7283070.429501742,0.0,0.008016499690711498,124.74272295658827,0.049633157439529896,0.9926631524885563,309,308,-0.3454555170934801,-0.7747997929172948,0.113,-0.5379474615793342,-0.7428468406196601,0.113,-0.5214677935559259,-0.7557937492152611,0.113,-0.5379474615793342,-0.7428468406196601,0.113,7283070.3295017425,7283070.379501742,0.049633157439529896,0.049999999813735485,1,True,1910,4,1.877252049491102,21.389706159982662,1.6499690711498094e-05,1,False,,True,233,0.04111870005726814,0.08021080028265715,12.467149018287703,False,False,False,,14.498523712158203,3.7462525367736816,12.243165016174316,7.154421806335449,,,4.0868401527404785,True,0.266196664,0.712787611121,3,-1.0,1.0,1.4142135381698608,-0.26619666814804077,0.26619666814804077,0.37645894289016724,-0.26619666814804077,0.26619666814804077,0.37645894289016724,-0.24498984217643738,0.2661965489387512,0.3617742657661438,-0.24498984217643738,0.2661965489387512,0.3617742657661438,-0.24498939514160156,0.26619672775268555,0.36177411675453186,False,False,1.854599453508854,,,,,,,,,,,2.2227996960282326,-1.0,0.5373537540435791,1.1352308988571167,-1.0,0.6837746500968933,763.3216552734375,995.5999755859375,763.3216552734375,1023.75732421875,7.954313278198242,9.5,7.454313278198242,9.5,-0.5,0.0,0.5,-0.27126407623291016,0.1827073097229004,0.3270568251609802,0.5425281524658203,4.888351917266846,2.8883519172668457,2.0,1.5,3.0,True,,True,False,-0.32690004814553164,-0.7776453669953844,0.11293067453801642,False,,False,timeout
310,1787741865.6215339,15.500001500360668,0.04999830015003681,20.00067996310198,0.04999830015003681,20.00067996310198,1.5581026673316956e-06,False,False,7283070.429501742,,,7283070.479501742,,0.008019799366593361,124.69139866085935,0.047671057283878326,0.9534211492293371,310,309,-0.3605325877652889,-0.7718722616471333,0.113,-0.5543802221459452,-0.7299367838923577,0.113,-0.5379474615793342,-0.7428468406196601,0.113,-0.5543802221459452,-0.7299367838923577,0.113,7283070.379501742,7283070.429501742,0.047671057283878326,0.049999999813735485,1,True,1916,4,1.8862076871831728,21.719265248552727,1.9799366593360734e-05,1,False,,True,234,0.027751600369811058,0.06588369980454445,15.178261132369242,False,False,False,,14.253534317016602,4.012449264526367,11.958640098571777,7.321943283081055,,,4.027318000793457,True,0.266196664,0.712787611121,3,-1.0,-0.1497793197631836,1.0111547708511353,-0.26619666814804077,-0.03987075760960579,0.2691660225391388,-0.26619666814804077,0.26619666814804077,0.37645894289016724,-0.2601056694984436,0.26619669795036316,0.3721769154071808,-0.2601056694984436,0.26619669795036316,0.3721769154071808,-0.26010608673095703,0.26619672775268555,0.37217721343040466,False,False,1.103399321436882,,,,,,,,,,,1.6246000304818153,-1.0,0.4110264182090759,1.081176519393921,-1.0,0.5373537540435791,1173.36474609375,788.87744140625,1173.36474609375,788.87744140625,11.958640098571777,7.321943283081055,11.458640098571777,7.527456283569336,-0.5,0.20551300048828125,0.5405882000923157,-0.28452491760253906,0.16752147674560547,0.33017855882644653,0.5690498352050781,5.0032877922058105,3.0032877922058105,2.0,1.5,3.0,False,lag_over_hard_limit,False,False,-0.34205134315856467,-0.7756434074927143,0.11300084656525737,False,,False,timeout
311,1787741865.6731102,15.551445200107992,0.05144369974732399,19.438726314625498,0.05144369974732399,19.438726314625498,0.0014452580362558365,True,False,7283070.479501742,7283070.4848786,5.376857705414295,7283070.529501742,0.0,0.008030599914491177,124.52369818542512,0.10373715776950121,1.0,311,-1,-0.34297439913439387,-0.7754550555292745,0.113,-0.34205134315856467,-0.7756434074927143,0.113,-0.34205134315856467,-0.7756434074927143,0.113,-0.34205134315856467,-0.7756434074927143,0.113,7283070.4335115,7283070.4335115,0.049727399833500385,0.0,1,True,1923,5,1.3670486521001697,1.4612435069654288,3.059991449117644e-05,1,False,,False,,,,,False,False,False,,13.993428230285645,4.278645992279053,11.67518138885498,7.468260288238525,,,3.9430835247039795,True,0.266196664,0.712787611121,3,-1.0,1.0,1.4142135381698608,-0.26619666814804077,0.26619666814804077,0.37645894289016724,-0.26619666814804077,0.26619666814804077,0.37645894289016724,-0.2644473910331726,0.26619669795036316,0.3752240836620331,-0.2644473910331726,0.26619669795036316,0.3752240836620331,-0.2644472122192383,0.26619672775268555,0.37522396445274353,False,False,1.2151002883911133,,,,,,,,,,,2.028900198638439,-1.0,0.3294317424297333,1.0528652667999268,-1.0,0.4110264182090759,1173.36474609375,784.6018676757812,1173.36474609375,784.6018676757812,11.958640098571777,7.321943283081055,11.458640098571777,7.486659049987793,-0.5,0.16471576690673828,0.5264326333999634,-0.2834587097167969,0.1463170051574707,0.31899452209472656,,0.31899452209472656,0.0,2.0,1.5,3.0,True,,False,False,-0.3564135333945168,-0.7729506967943189,0.11299229377326218,False,,False,timeout
312,1787741865.721685,15.600002899765968,0.04855769965797663,20.594056288573153,0.04855769965797663,20.594056288573153,2.9578804969787598e-06,False,False,7283070.529501742,7283070.534252,4.750258289277554,7283070.579501742,0.0,0.008007099851965904,124.88916317866074,0.05177385825663805,1.0,312,311,-0.35734202123447767,-0.7700258163087127,0.113,-0.3645526010999337,-0.7673621645600918,0.113,-0.34205134315856467,-0.7756434074927143,0.113,-0.3645526010999337,-0.7673621645600918,0.113,7283070.479501742,7283070.529501742,0.05177385825663805,0.049999999813735485,1,True,1929,5,0.5428549004345975,1.299083140159234,7.099851965904069e-06,1,False,,True,235,0.04324069991707802,0.06313419993966818,15.839275716736925,False,False,False,,13.728981018066406,4.544842720031738,11.738040924072266,7.426326274871826,,,3.5023977756500244,True,0.266196664,0.712787611121,3,-1.0,1.0,1.4142135381698608,-0.26619666814804077,0.26619666814804077,0.37645894289016724,-0.26619666814804077,0.26619666814804077,0.37645894289016724,-0.26569420099258423,0.26619669795036316,0.37610384821891785,-0.26569420099258423,0.26619669795036316,0.37610384821891785,-0.26569461822509766,0.26619672775268555,0.3761041462421417,False,False,1.4765001833438873,,,,,,,,,,,2.0329002290964127,-1.0,0.4144456386566162,1.082481026649475,-1.0,0.3294317424297333,1122.1646728515625,806.31884765625,1122.1646728515625,806.31884765625,11.458640098571777,7.486659049987793,10.958640098571777,7.693881988525391,-0.5,0.20722293853759766,0.5412405729293823,0.06285953521728516,-0.04193401336669922,0.07556310296058655,-0.13833501935005188,0.28584063053131104,0.0,2.0,1.5,3.0,True,,False,False,-0.3529588353956205,-0.7732158786872365,0.11271657767244854,False,,False,timeout
313,1787741865.7703063,15.65001180022955,0.050008900463581085,19.99644044820079,0.050008900463581085,19.99644044820079,1.1858530342578888e-05,False,False,7283070.579501742,7283070.5835195,4.017758183181286,7283070.629501741,0.0,0.008020400069653988,124.68205966228584,0.04981895815581083,0.9963791668280183,313,312,-0.3720524270240882,-0.7656119476380391,0.113,-0.3881016402665472,-0.7610835637454147,0.113,-0.3645526010999337,-0.7673621645600918,0.113,-0.3881016402665472,-0.7610835637454147,0.113,7283070.529501742,7283070.579501742,0.04981895815581083,0.049999999813735485,1,True,1935,5,1.897637897545907,3.5641131882498835,2.0400069653987718e-05,1,False,,True,237,0.001586100086569786,0.06209899950772524,16.103319021679216,False,False,False,,13.463286399841309,4.811039447784424,11.696770668029785,7.414447784423828,,,3.146158456802368,False,0.266196664,0.712787611121,3,-1.0,1.0,1.4142135381698608,-0.26619666814804077,0.26619666814804077,0.37645894289016724,-0.26619666814804077,-0.03987075760960579,0.2691660225391388,-0.2660524845123291,0.048035621643066406,0.27035412192344666,-0.2660524845123291,0.048035621643066406,0.27035412192344666,-0.26605224609375,0.048035621643066406,0.27035388350486755,False,False,1.1565005406737328,,,,,,,,,,,1.5369998291134834,-1.0,0.3813086450099945,1.0702319145202637,-1.0,0.4144456386566162,1070.9647216796875,826.2994384765625,1070.9647216796875,826.2994384765625,10.958640098571777,7.693881988525391,10.458640098571777,7.884536266326904,-0.5,0.19065427780151367,0.5351159572601318,-0.04127025604248047,-0.011878490447998047,0.04294569417834282,0.06203846633434296,0.7892529368400574,0.0,2.0,1.5,3.0,True,,False,False,-0.3540689811115371,-0.7716696827148254,0.11295022179123519,False,,False,timeout
314,1787741865.8228893,15.703235699795187,0.05322389956563711,18.788551912976118,0.05322389956563711,18.788551912976118,0.0032357582822442055,True,False,7283070.629501741,7283070.6357861,6.284358911216259,7283070.679501741,0.0,0.008035399951040745,124.44931255356866,0.055875358171761036,1.0,314,313,-0.3892390137779341,-0.7605382761113542,0.113,-0.41118869699218197,-0.7539500647941015,0.113,-0.3881016402665472,-0.7610835637454147,0.113,-0.41118869699218197,-0.7539500647941015,0.113,7283070.579501742,7283070.629501741,0.055875358171761036,0.049999999813735485,1,True,1942,5,2.14799245353656,4.439642770014693,3.5399951040744615e-05,1,False,,False,,,,,False,False,False,,13.197234153747559,4.85907506942749,11.373323440551758,7.52151346206665,,,3.2272634506225586,False,0.266196664,0.712787611121,3,-1.0,1.0,1.4142135381698608,-0.26619666814804077,0.26619666814804077,0.37645894289016724,-0.26619666814804077,0.26619666814804077,0.37645894289016724,-0.2661551833152771,0.20353811979293823,0.3350616991519928,-0.2661551833152771,0.20353811979293823,0.3350616991519928,-0.2661552429199219,0.2035379409790039,0.335061639547348,False,False,1.2747002765536308,,,,,,,,,,,1.516999676823616,-1.0,0.3238958716392517,1.0511462688446045,-1.0,0.3813086450099945,1019.7647094726562,843.271484375,1019.7647094726562,843.271484375,10.458640098571777,7.884536266326904,9.958640098571777,8.046483993530273,-0.5,0.16194772720336914,0.5255730748176575,-0.32344722747802734,0.10706567764282227,0.34070685505867004,0.6360633969306946,0.9840890169143677,0.0,2.0,1.5,3.0,True,,False,False,-0.3686151119219266,-0.7665403823244207,0.11287134819923418,False,,False,timeout
315,1787741865.8724105,15.75000480003655,0.04676910024136305,21.38163862121064,0.04676910024136305,21.38163862121064,4.858709871768951e-06,False,False,7283070.679501741,7283070.6842141,4.712359048426151,7283070.729501741,0.0,0.008023099973797798,124.64010211337826,0.05391315836459398,1.0,315,314,-0.40385171728538855,-0.7558064994716996,0.113,-0.43291116886398706,-0.7461612439490914,0.113,-0.41118869699218197,-0.7539500647941015,0.113,-0.43291116886398706,-0.7461612439490914,0.113,7283070.629501741,7283070.679501741,0.05391315836459398,0.049999999813735485,1,True,1948,5,2.3348062391413262,5.396425958152487,2.309997379779799e-05,1,False,,False,,,,,False,False,False,,12.931078910827637,5.062613010406494,11.094959259033203,7.631200313568115,,,3.1573684215545654,False,0.266196664,0.712787611121,3,-1.0,1.0,1.4142135381698608,-0.26619666814804077,0.26619666814804077,0.37645894289016724,-0.26619666814804077,0.26619666814804077,0.37645894289016724,-0.2661847770214081,0.24820031225681305,0.36394742131233215,-0.2661847770214081,0.24820031225681305,0.36394742131233215,-0.26618480682373047,0.2482004165649414,0.3639475107192993,False,False,2.170700579881668,,,,,,,,,,,2.158300019800663,-1.0,0.30122703313827515,1.0443838834762573,-1.0,0.3238958716392517,968.564697265625,859.0558471679688,968.564697265625,859.0558471679688,9.958640098571777,8.046483993530273,9.458640098571777,8.197097778320312,-0.5,0.15061378479003906,0.5221920013427734,-0.2783641815185547,0.10968685150146484,0.2991952896118164,0.5681761503219604,1.209827184677124,0.0,2.0,1.5,3.0,True,,False,False,-0.38156402030052944,-0.7627627751053021,0.11302845792995612,False,,False,timeout
316,1787741865.9220412,15.800003800541162,0.04999900050461292,20.00039980614692,0.04999900050461292,20.00039980614692,3.859400749206543e-06,False,False,7283070.729501741,7283070.7343897,4.887958988547325,7283070.779501741,0.0,0.008004599250853062,124.92817799634736,0.05194455850869417,1.0,316,315,-0.41836303346157594,-0.7507719708994195,0.113,-0.4541736827014402,-0.73811435694568,0.113,-0.43291116886398706,-0.7461612439490914,0.113,-0.4541736827014402,-0.73811435694568,0.113,7283070.679501741,7283070.729501741,0.05194455850869417,0.049999999813735485,1,True,1954,5,1.9187235561678493,5.716845835795246,4.5992508530615095e-06,1,False,,True,238,0.03638270031660795,0.029532600194215775,33.86088571353967,False,False,False,,12.664894104003906,5.3108134269714355,10.686372756958008,7.784581661224365,,,3.16766095161438,False,0.266196664,0.712787611121,3,-1.0,1.0,1.4142135381698608,-0.26619666814804077,0.26619666814804077,0.37645894289016724,-0.26619666814804077,0.26619666814804077,0.37645894289016724,-0.2661932706832886,0.2610279321670532,0.37281957268714905,-0.2661932706832886,0.2610279321670532,0.37281957268714905,-0.2661933898925781,0.26102781295776367,0.37281957268714905,False,False,1.5531005337834358,,,,,,,,,,,1.9763996824622154,-1.0,0.27153024077415466,1.0362087488174438,-1.0,0.30122703313827515,917.3646850585938,873.2839965820312,917.3646850585938,873.2839965820312,9.458640098571777,8.197097778320312,8.958640098571777,8.332862854003906,-0.5,0.13576507568359375,0.5181043744087219,-0.4085865020751953,0.15338134765625,0.4364272654056549,0.8339109420776367,1.295182228088379,0.0,2.0,1.5,3.0,True,,False,False,-0.40021293235601196,-0.7569947481305785,0.11297030339222063,False,,False,timeout
317,1787741865.975805,15.855125900357962,0.055122099816799164,18.141544014534027,0.055122099816799164,18.141544014534027,0.005125959403812885,True,False,7283070.779501741,7283070.7889633,9.461559355258942,7283070.829501741,0.0,0.008055400103330612,124.14032663461828,0.058030858635902405,1.0,317,316,-0.43515746520296844,-0.7445220781185349,0.113,-0.47474407256154155,-0.729476630783259,0.113,-0.4541736827014402,-0.73811435694568,0.113,-0.47474407256154155,-0.729476630783259,0.113,7283070.729501741,7283070.779501741,0.058030858635902405,0.049999999813735485,1,True,1961,5,1.9000191171123388,6.134939841471011,5.5400103330612016e-05,1,False,,True,240,0.004047799855470657,0.059391300193965435,16.837482876012317,False,False,False,,12.398700714111328,5.571841239929199,10.300683975219727,7.9190521240234375,,,3.1481857299804688,False,0.266196664,0.712787611121,3,-1.0,1.0,1.4142135381698608,-0.26619666814804077,0.26619666814804077,0.37645894289016724,-0.26619666814804077,0.26619666814804077,0.37645894289016724,-0.26619571447372437,0.2647120952606201,0.37540996074676514,-0.26619571447372437,0.2647120952606201,0.37540996074676514,-0.26619529724121094,0.2647123336791992,0.3754098415374756,False,False,1.4838995411992073,,,,,,,,,,,1.605999656021595,-1.0,0.2573295831680298,1.0325785875320435,-1.0,0.27153024077415466,866.1647338867188,886.7681884765625,866.1647338867188,886.7681884765625,8.958640098571777,8.332862854003906,8.458640098571777,8.461527824401855,-0.5,0.12866497039794922,0.5162893533706665,-0.38568878173828125,0.13447046279907227,0.40845823287963867,0.7864214181900024,1.4043934345245361,0.0,2.0,1.5,3.0,True,,False,False,-0.4173835637813503,-0.7512370509441778,0.11306951794525152,False,,False,timeout
318,1787741866.0219126,15.901235399767756,0.04610949940979481,21.687505021743416,0.04610949940979481,21.687505021743416,0.0012354589998722076,True,False,7283070.829501741,7283070.8348181,5.316358990967274,7283070.87950174,0.0,0.008000900037586689,124.9859384946934,0.04806085955351591,0.9612171946511313,318,317,-0.4470608080780276,-0.7398159207674911,0.113,-0.4948999807352926,-0.7205777243364959,0.113,-0.47474407256154155,-0.729476630783259,0.113,-0.4948999807352926,-0.7205777243364959,0.113,7283070.779501741,7283070.829501741,0.04806085955351591,0.049999999813735485,1,True,1966,5,1.887835054749739,7.044060684521154,9.000375866888288e-07,1,False,,True,241,0.013652799651026726,0.028063599951565266,35.63334717306018,False,False,False,,12.132505416870117,5.836553573608398,10.020683288574219,8.007030487060547,,,3.0283267498016357,False,0.266196664,0.712787611121,3,0.26316070556640625,0.9695608019828796,1.0046401023864746,0.07005250453948975,0.25809386372566223,0.2674318552017212,-0.26619666814804077,0.26619666814804077,0.37645894289016724,-0.26619628071784973,0.2657703459262848,0.37615731358528137,-0.26619628071784973,0.2657703459262848,0.37615731358528137,-0.26619625091552734,0.26577043533325195,0.37615737318992615,False,False,1.1282004415988922,,,,,,,,,,,1.613600179553032,-1.0,0.2561658024787903,1.0322891473770142,-1.0,0.2573295831680298,814.9647216796875,900.1912231445312,814.9647216796875,900.1912231445312,8.458640098571777,8.461527824401855,7.958640098571777,8.589611053466797,-0.5,0.1280832290649414,0.5161446928977966,-0.2800006866455078,0.08797836303710938,0.29349714517593384,0.5676886439323425,1.6268210411071777,0.0,2.0,1.5,3.0,True,,False,False,-0.4295019275733948,-0.746749722997248,0.11301488142598833,False,,False,timeout
319,1787741866.0714996,15.950003400444984,0.048768000677227974,20.505249059081194,0.048768000677227974,20.505249059081194,3.4598633646965027e-06,False,False,7283070.87950174,7283070.8837004,4.198659211397171,7283070.92950174,0.0,0.00800629984587431,124.90164236295816,0.0463364589959383,0.9267291833711012,319,318,-0.4612897692533604,-0.7340309824179669,0.113,-0.5154687570815595,-0.7118234847003775,0.113,-0.4948999807352926,-0.7205777243364959,0.113,-0.5154687570815595,-0.7118234847003775,0.113,7283070.829501741,7283070.87950174,0.0463364589959383,0.049999999813735485,1,True,1972,5,1.8883860546251272,7.743755045841619,6.299845874309373e-06,1,False,,False,,,,,False,False,False,,11.86630916595459,6.10232400894165,9.684310913085938,8.10649585723877,,,2.9627387523651123,False,0.266196664,0.712787611121,3,-1.0,1.0,1.4142135381698608,-0.26619666814804077,0.26619666814804077,0.37645894289016724,-0.26619666814804077,0.26619666814804077,0.37645894289016724,-0.2661965489387512,0.2660742402076721,0.3763722777366638,-0.2661965489387512,0.2660742402076721,0.3763722777366638,-0.26619625091552734,0.26607418060302734,0.3763720393180847,False,False,2.024199813604355,,,,,,,,,,,1.8996000289916992,-1.0,0.25014322996139526,1.0308111906051636,-1.0,0.2561658024787903,763.7647094726562,913.2987060546875,763.7647094726562,913.2987060546875,7.958640098571777,8.589611053466797,7.458640098571777,8.714682579040527,-0.5,0.12507152557373047,0.515405535697937,-0.33637237548828125,0.09946537017822266,0.3507702052593231,0.6791382431983948,1.7920212745666504,0.0,2.0,1.5,3.0,True,,False,False,-0.4438087268854369,-0.741173344776546,0.11299739234174072,False,,False,timeout
320,1787741866.1209593,16.00000200048089,0.04999860003590584,20.0005600013173,0.04999860003590584,20.0005600013173,2.0600855350494385e-06,False,False,7283070.92950174,7283070.9336223,4.120559431612492,7283070.97950174,0.0,0.008033299818634987,124.48184713338875,0.05238435976207256,1.0,320,319,-0.47783856102009353,-0.7271562451197736,0.113,-0.5353056251024646,-0.7030641659944086,0.113,-0.5154687570815595,-0.7118234847003775,0.113,-0.5353056251024646,-0.7030641659944086,0.113,7283070.87950174,7283070.92950174,0.05238435976207256,0.049999999813735485,1,True,1979,5,1.8765436421614572,8.107817846970661,3.329981863498671e-05,1,False,,True,242,0.03309550043195486,0.03627699986100197,27.565675326834484,False,False,False,,11.600112915039062,6.368398189544678,9.2847261428833,8.217577934265137,,,2.9631876945495605,False,0.266196664,0.712787611121,3,-1.0,1.0,1.4142135381698608,-0.26619666814804077,0.26619666814804077,0.37645894289016724,-0.26619666814804077,0.26619666814804077,0.37645894289016724,-0.2661965489387512,0.2661615014076233,0.37643399834632874,-0.2661965489387512,0.2661615014076233,0.37643399834632874,-0.26619625091552734,0.2661614418029785,0.37643373012542725,False,False,1.1590998619794846,,,,,,,,,,,1.7971992492675781,-1.0,0.2378116250038147,1.027888298034668,-1.0,0.25014322996139526,712.564697265625,925.7600708007812,712.564697265625,925.7600708007812,7.458640098571777,8.714682579040527,6.958640098571777,8.833588600158691,-0.5,0.11890602111816406,0.5139442086219788,-0.3995847702026367,0.11108207702636719,0.4147375226020813,0.8044092059135437,1.8925387859344482,0.0,2.0,1.5,3.0,True,,False,False,-0.4605051296230919,-0.7343460534696735,0.11297960414730257,False,,False,timeout
321,1787741866.1747136,16.054004300385714,0.0540022999048233,18.517729833034082,0.0540022999048233,18.517729833034082,0.004004360176622868,True,False,7283070.97950174,7283070.9877313,8.22956021875143,7283071.02950174,0.0,0.008000300265848637,124.99530852220137,0.050412059761583805,1.0,321,320,-0.4919647399167351,-0.7211247443230109,0.113,-0.5547573774933616,-0.694039460336206,0.113,-0.5353056251024646,-0.7030641659944086,0.113,-0.5547573774933616,-0.694039460336206,0.113,7283070.92950174,7283070.97950174,0.050412059761583805,0.049999999813735485,1,True,1985,5,1.6289238182654906,8.46742872587568,3.0026584863646066e-07,1,False,,True,243,0.01907279994338751,0.07956760004162788,12.567929653236037,False,False,False,,11.333916664123535,6.634559631347656,8.886457443237305,8.326351165771484,,,2.975267171859741,False,0.266196664,0.712787611121,3,-1.0,1.0,1.4142135381698608,-0.26619666814804077,0.26619666814804077,0.37645894289016724,0.07005250453948975,0.25809386372566223,0.2674318552017212,-0.026522304862737656,0.26041096448898315,0.26175808906555176,-0.026522308588027954,0.26041096448898315,0.26175808906555176,-0.02652263641357422,0.26041078567504883,0.2617579400539398,False,False,1.212000846862793,,,,,,,,,,,1.5926994383335114,-1.0,0.2189246565103531,1.0236835479736328,-1.0,0.2378116250038147,661.3646850585938,937.2317504882812,661.3646850585938,937.2317504882812,6.958640098571777,8.833588600158691,6.458640098571777,8.9430513381958,-0.5,0.10946273803710938,0.5118418335914612,-0.3982686996459961,0.10877323150634766,0.4128553867340088,0.8028668165206909,1.9934316873550415,0.0,2.0,1.5,3.0,True,,False,False,-0.47698326064506485,-0.7275196284114528,0.11299588914007941,False,,False,timeout
322,1787741866.2208207,16.10012060031295,0.04611629992723465,21.684306884504313,0.04611629992723465,21.684306884504313,0.00012066029012203217,False,False,7283071.02950174,7283071.033646,4.144259728491306,7283071.07950174,0.0,0.008005700074136257,124.91099975512023,0.04846186004579067,0.9692372045265034,322,321,-0.5060431983489753,-0.7149826104696437,0.113,-0.574066407550785,-0.6850809711825405,0.113,-0.5547573774933616,-0.694039460336206,0.113,-0.574066407550785,-0.6850809711825405,0.113,7283070.97950174,7283071.02950174,0.04846186004579067,0.049999999813735485,1,True,1991,5,1.8849911051690154,9.315494323539946,5.700074136257005e-06,1,False,,True,244,0.004761200398206711,0.06778149958699942,14.753288228987506,False,False,False,,11.307394027709961,6.894970417022705,8.59836483001709,8.40229606628418,,,3.100140333175659,False,0.266196664,0.712787611121,3,-1.0,-1.0,1.4142135381698608,-0.26619666814804077,-0.26619666814804077,0.37645894289016724,-0.26619666814804077,0.26619666814804077,0.37645894289016724,-0.19735932350158691,0.2645348906517029,0.33004456758499146,-0.19735932350158691,0.2645348906517029,0.33004456758499146,-0.1973590850830078,0.26453495025634766,0.3300444483757019,False,False,1.0994002223014832,,,,,,,,,,,1.6170991584658623,-1.0,0.18428079783916473,1.0168379545211792,-1.0,0.2189246565103531,610.1647338867188,946.8880615234375,610.1647338867188,946.8880615234375,6.458640098571777,8.9430513381958,5.958640098571777,9.035191535949707,-0.5,0.09214019775390625,0.5084189176559448,-0.28809261322021484,0.07594490051269531,0.29793453216552734,0.5815643668174744,2.2069976329803467,0.20699763298034668,2.0,1.5,3.0,True,,False,False,-0.48876366505535856,-0.7225146500972552,0.1129275095902043,False,,False,timeout
323,1787741866.2713623,16.15000330004841,0.049882699735462666,20.047030439474767,0.049882699735462666,20.047030439474767,3.3602118492126465e-06,False,False,7283071.07950174,7283071.0838811,4.379360005259514,7283071.1295017395,0.0,0.008031499572098255,124.50974952100343,0.04650885984301567,0.9301772003254936,323,322,-0.5200407234082575,-0.7086585968749503,0.113,-0.5925653314227433,-0.6751851396539068,0.113,-0.574066407550785,-0.6850809711825405,0.113,-0.5925653314227433,-0.6751851396539068,0.113,7283071.02950174,7283071.07950174,0.04650885984301567,0.049999999813735485,1,True,1997,5,1.8887357355490138,9.876347234497269,3.149957209825499e-05,1,False,,False,,,,,False,False,False,,11.110034942626953,7.159505367279053,8.25110912322998,8.491175651550293,,,3.153855323791504,False,0.266196664,0.712787611121,3,-1.0,1.0,1.4142135381698608,-0.26619666814804077,0.26619666814804077,0.37645894289016724,-0.26619666814804077,0.26619666814804077,0.37645894289016724,-0.24642565846443176,0.2657194137573242,0.3623981475830078,-0.24642565846443176,0.2657194137573242,0.3623981475830078,-0.24642562866210938,0.2657194137573242,0.3623981177806854,False,False,1.606999896466732,,,,,,,,,,,2.5016004219651222,-1.0,0.16229428350925446,1.013084053993225,-1.0,0.18428079783916473,558.9647216796875,955.3922729492188,558.9647216796875,955.3922729492188,5.958640098571777,9.035191535949707,5.458640098571777,9.116338729858398,-0.5,0.0811471939086914,0.5065420269966125,-0.3472557067871094,0.08887958526611328,0.3584496080875397,0.7033825516700745,2.3561339378356934,0.35613393783569336,2.0,1.5,3.0,True,,False,False,-0.5028218619980688,-0.716420235355966,0.11299309342937328,False,,False,timeout
324,1787741866.3199587,16.20000100042671,0.04999770037829876,20.000919890988524,0.04999770037829876,20.000919890988524,1.06077641248703e-06,False,False,7283071.1295017395,7283071.1332692,3.767460584640503,7283071.179501739,0.0,0.008024499751627445,124.61836014104063,0.052577960304915905,1.0,324,323,-0.5362485531766826,-0.7010148574776005,0.113,-0.6112706087840316,-0.6650990863394223,0.113,-0.5925653314227433,-0.6751851396539068,0.113,-0.6112706087840316,-0.6650990863394223,0.113,7283071.07950174,7283071.1295017395,0.052577960304915905,0.049999999813735485,1,True,2004,5,1.8867485997156836,10.204321824064735,2.4499751627445054e-05,1,False,,True,245,0.02527420036494732,0.060424099676311016,16.549688044289475,False,False,False,,10.863609313964844,7.425224781036377,7.840869903564453,8.590283393859863,,,3.2394931316375732,False,0.266196664,0.712787611121,3,-1.0,1.0,1.4142135381698608,-0.26619666814804077,0.26619666814804077,0.37645894289016724,-0.26619666814804077,0.26619666814804077,0.37645894289016724,-0.2605181932449341,0.26605960726737976,0.37236735224723816,-0.2605181932449341,0.26605960726737976,0.37236735224723816,-0.26051807403564453,0.26605939865112305,0.37236711382865906,False,False,1.2408001348376274,,,,,,,,,,,1.5352992340922356,-0.9623809456825256,0.13274244964122772,0.9714924693107605,-1.0,0.16229428350925446,509.6908264160156,962.3479614257812,509.6908264160156,962.3479614257812,5.458640098571777,9.116338729858398,4.977449417114258,9.182709693908691,-0.48119068145751953,0.06637096405029297,0.4857464134693146,-0.41023921966552734,0.09910774230957031,0.4220409393310547,0.8307658433914185,2.4396214485168457,0.4396214485168457,2.0,1.5,3.0,True,,False,False,-0.5191815536781652,-0.7090584289767851,0.1129773392846258,False,,False,timeout
325,1787741866.3725991,16.25189180020243,0.05189079977571964,19.271238915610482,0.05189079977571964,19.271238915610482,0.0018918607383966446,True,False,7283071.179501739,7283071.1853407,5.838960409164429,7283071.229501739,0.0,0.008000700734555721,124.98905198152372,0.050607360899448395,1.0,325,324,-0.5500354855022226,-0.6942438876974213,0.113,-0.6284717114889293,-0.6551545796578666,0.113,-0.6112706087840316,-0.6650990863394223,0.113,-0.6284717114889293,-0.6551545796578666,0.113,7283071.1295017395,7283071.179501739,0.050607360899448395,0.049999999813735485,1,True,2010,5,1.867092900127317,10.630717326619484,7.007345557211164e-07,1,False,,True,246,0.013245499692857265,0.07960380055010319,12.562214279839479,False,False,False,,10.6030912399292,7.6912841796875,7.481853008270264,8.67055892944336,,,3.271254539489746,False,0.266196664,0.712787611121,3,-1.0,0.9631303548812866,1.3883875608444214,-0.26619666814804077,0.2563820779323578,0.3695841431617737,-0.26619666814804077,-0.26619666814804077,0.37645894289016724,-0.26456570625305176,-0.11332612484693527,0.2878156006336212,-0.26456570625305176,-0.11332613229751587,0.2878156006336212,-0.26456546783447266,-0.1133260726928711,0.2878153622150421,False,False,1.1676996946334839,,,,,,,,,,,1.5365993604063988,-0.9098051190376282,0.1011812835931778,0.9154140949249268,-0.9623809456825256,0.13274244964122772,463.1087951660156,967.64990234375,463.1087951660156,967.64990234375,4.977449417114258,9.182709693908691,4.522546768188477,9.23330020904541,-0.45490264892578125,0.05059051513671875,0.45770713686943054,-0.35901689529418945,0.0802755355834961,0.3678821623325348,0.7547525763511658,2.556234836578369,0.5562348365783691,2.0,1.5,3.0,True,,False,False,-0.5332540044731789,-0.7024282724224004,0.11296351827908122,False,,False,timeout
326,1787741866.4202316,16.300002899952233,0.04811109974980354,20.78522430791209,0.04811109974980354,20.78522430791209,2.960674464702606e-06,False,False,7283071.229501739,7283071.2326134,3.1116604804992676,7283071.279501739,0.0,0.008008900098502636,124.86109049942607,0.04863816034048796,0.9727632104335845,326,325,-0.5637100967521846,-0.6872489422658247,0.113,-0.6442039155090094,-0.6453370176972556,0.113,-0.6284717114889293,-0.6551545796578666,0.113,-0.6442039155090094,-0.6453370176972556,0.113,7283071.179501739,7283071.229501739,0.04863816034048796,0.049999999813735485,1,True,2016,5,1.871987530989435,10.947076721745157,8.90009850263579e-06,1,False,,False,,,,,False,False,False,,10.338525772094727,7.577958106994629,7.125936985015869,8.74575424194336,,,3.4182560443878174,False,0.266196664,0.712787611121,3,-1.0,1.0,1.4142135381698608,-0.26619666814804077,0.26619666814804077,0.37645894289016724,-0.26619666814804077,0.26619666814804077,0.37645894289016724,-0.2657281756401062,0.15719303488731384,0.30874118208885193,-0.2657281756401062,0.15719303488731384,0.30874118208885193,-0.2657279968261719,0.15719318389892578,0.30874109268188477,False,False,1.176600344479084,,,,,,,,,,,1.6401000320911407,-0.797095537185669,0.07025901973247528,0.800186038017273,-0.9098051190376282,0.1011812835931778,422.2975158691406,971.3314208984375,422.2975158691406,971.3314208984375,4.522546768188477,9.23330020904541,4.123999118804932,9.26842975616455,-0.3985476493835449,0.035129547119140625,0.40009286999702454,-0.35591602325439453,0.0751953125,0.3637726604938507,0.7910006046295166,2.648648977279663,0.6486489772796631,2.0,1.5,3.0,True,,False,False,-0.5470249223385379,-0.695736312643453,0.11294316271348644,False,,False,timeout
327,1787741866.4708016,16.350001299753785,0.049998399801552296,20.000640099864818,0.049998399801552296,20.000640099864818,1.3606622815132141e-06,False,False,7283071.279501739,7283071.2832798,3.7780608981847763,7283071.329501739,0.0,0.008019099943339825,124.70227420354563,0.04666406102478504,0.9332812239724443,327,326,-0.5772766620524798,-0.6800465671402498,0.113,-0.6580725123182962,-0.6364684966323298,0.113,-0.6442039155090094,-0.6453370176972556,0.113,-0.6580725123182962,-0.6364684966323298,0.113,7283071.229501739,7283071.279501739,0.04666406102478504,0.049999999813735485,1,True,2022,5,1.611499395831068,10.791352215522434,1.909994333982451e-05,1,False,,True,247,0.04642799962311983,0.063689099624753,15.701273936856635,False,False,False,,10.072797775268555,7.735151290893555,6.705006122589111,8.827397346496582,,,3.5404834747314453,True,0.266196664,0.712787611121,3,-1.0,1.0,1.4142135381698608,-0.26619666814804077,0.26619666814804077,0.37645894289016724,-0.26619666814804077,0.26619666814804077,0.37645894289016724,-0.26606205105781555,0.23488952219486237,0.3549114167690277,-0.26606205105781555,0.23488952219486237,0.3549114167690277,-0.26606178283691406,0.23488950729370117,0.354911208152771,False,False,1.1967001482844353,,,,,,,,,,,1.4903005212545395,-0.704727292060852,0.006277162581682205,0.7047552466392517,-0.797095537185669,0.07025901973247528,386.2154846191406,971.6603393554688,386.2154846191406,971.6603393554688,4.123999118804932,9.26842975616455,3.7716355323791504,9.271568298339844,-0.35236358642578125,0.0031385421752929688,0.3523775637149811,-0.4209308624267578,0.08164310455322266,0.42877545952796936,1.065936803817749,2.6184167861938477,0.6184167861938477,2.0,1.5,3.0,True,,False,False,-0.5630467884573552,-0.6876098679476372,0.11298555561917448,False,,False,timeout
328,1787741866.5204434,16.400003700517118,0.050002400763332844,19.999039740773966,0.050002400763332844,19.999039740773966,3.7616118788719177e-06,False,False,7283071.329501739,7283071.3336825,4.180761054158211,7283071.379501739,0.0,0.008012200705707073,124.8096542673603,0.053013261407613754,1.0,328,327,-0.592923208193402,-0.6713119631119522,0.113,-0.6694819766653738,-0.6275168750731062,0.113,-0.6580725123182962,-0.6364684966323298,0.113,-0.6694819766653738,-0.6275168750731062,0.113,7283071.279501739,7283071.329501739,0.053013261407613754,0.049999999813735485,1,True,2029,5,1.8651605840397183,10.685027936246913,1.2200705707073045e-05,1,False,,True,248,0.017208000645041466,0.06517679989337921,15.342882768651886,False,False,False,,9.80673599243164,7.970040798187256,6.34178352355957,8.889842987060547,,,3.584959030151367,True,0.266196664,0.712787611121,3,-1.0,-0.09614521265029907,1.0046112537384033,-0.26619666814804077,-0.025593535974621773,0.26742419600486755,-0.26619666814804077,0.2563820779323578,0.3695841431617737,-0.26615792512893677,0.25020915269851685,0.3653008043766022,-0.26615792512893677,0.25020915269851685,0.3653008043766022,-0.2661581039428711,0.25020933151245117,0.3653010427951813,False,False,1.2099994346499443,,,,,,,,,,,1.5392005443572998,-0.6360068917274475,-0.0570046566426754,0.6385564208030701,-0.704727292060852,0.006277162581682205,353.65191650390625,968.67333984375,353.65191650390625,968.67333984375,3.7716355323791504,9.271568298339844,3.453632116317749,9.24306583404541,-0.31800341606140137,-0.028502464294433594,0.31927818059921265,-0.363222599029541,0.062445640563964844,0.3685513734817505,1.0323143005371094,2.5983407497406006,0.5983407497406006,2.0,1.5,3.0,True,,False,False,-0.5766095615676406,-0.6803533839503348,0.11299341072221564,False,,False,timeout
329,1787741866.5710235,16.450001999735832,0.04999829921871424,20.000680335656348,0.04999829921871424,20.000680335656348,2.061016857624054e-06,False,False,7283071.379501739,7283071.3834475,3.9457613602280617,7283071.429501738,0.0,0.008283600211143494,120.72045662642583,0.05131496116518974,1.0,329,328,-0.606096641538974,-0.6634143251766571,0.113,-0.6793069017974551,-0.6183039671588589,0.113,-0.6694819766653738,-0.6275168750731062,0.113,-0.6793069017974551,-0.6183039671588589,0.113,7283071.329501739,7283071.379501739,0.05131496116518974,0.049999999813735485,1,True,2035,5,1.8655378956499336,10.464466937137178,0.0002836002111434935,1,False,,True,249,0.002586299553513527,0.07897280063480139,12.662587523321598,False,False,False,,9.54057788848877,8.220250129699707,5.977049827575684,8.946707725524902,,,3.636821746826172,True,0.266196664,0.712787611121,3,-1.0,0.4003013074398041,1.0771448612213135,-0.26619666814804077,0.10655887424945831,0.28673240542411804,-0.26619666814804077,0.26619666814804077,0.37645894289016724,-0.26618558168411255,0.261604905128479,0.37321826815605164,-0.26618558168411255,0.261604905128479,0.37321826815605164,-0.2661857604980469,0.26160526275634766,0.37321868538856506,False,False,1.132199540734291,,,,,,,,,,,1.58619973808527,-0.5867902636528015,-0.13604481518268585,0.6023545265197754,-0.6360068917274475,-0.0570046566426754,323.6082763671875,961.5445556640625,323.6082763671875,961.5445556640625,3.453632116317749,9.24306583404541,3.1602370738983154,9.175043106079102,-0.2933950424194336,-0.0680227279663086,0.3011772632598877,-0.3647336959838867,0.05686473846435547,0.3691399097442627,1.1219089031219482,2.5407607555389404,0.5407607555389404,2.0,1.5,3.0,True,,False,False,-0.5900299513583079,-0.6728944529629329,0.11289133627575318,False,,False,timeout
330,1787741866.621613,16.500002800486982,0.050000800751149654,19.999679704669674,0.050000800751149654,19.999679704669674,2.8619542717933655e-06,False,False,7283071.429501738,7283071.4336949,4.193161614239216,7283071.479501738,0.0,0.008005199953913689,124.91880349735757,0.049352461472153664,0.9870492331201182,330,329,-0.6189515198498102,-0.6550091851315948,0.113,-0.6873644328369651,-0.608469470621627,0.113,-0.6793069017974551,-0.6183039671588589,0.113,-0.6873644328369651,-0.608469470621627,0.113,7283071.379501739,7283071.429501738,0.049352461472153664,0.049999999813735485,1,True,2041,5,1.8663630839754346,10.140093150820075,5.199953913688493e-06,1,False,,False,,,,,False,False,False,,9.274392127990723,8.481855392456055,5.610311031341553,8.995149612426758,,,3.699859619140625,True,0.266196664,0.712787611121,3,-1.0,1.0,1.4142135381698608,-0.26619666814804077,0.26619666814804077,0.37645894289016724,-0.26619666814804077,0.26619666814804077,0.37645894289016724,-0.26619353890419006,0.26487797498703003,0.37552541494369507,-0.26619353890419006,0.26487797498703003,0.37552541494369507,-0.2661933898925781,0.2648782730102539,0.3755255341529846,False,False,1.6728993505239487,,,,,,,,,,,2.229600213468075,-0.532813310623169,-0.24516496062278748,0.5865116119384766,-0.5867902636528015,-0.13604481518268585,296.3282165527344,948.6978759765625,296.3282165527344,948.6978759765625,3.1602370738983154,9.175043106079102,2.8938302993774414,9.052460670471191,-0.266406774520874,-0.12258243560791016,0.29325589537620544,-0.36673879623413086,0.04844188690185547,0.36992427706718445,1.149893045425415,2.456669330596924,0.45666933059692383,2.0,1.5,3.0,True,,False,False,-0.6032635707000484,-0.6651191472811282,0.11291037337382548,False,,False,timeout
331,1787741866.6701381,16.55000239983201,0.0499995993450284,20.000160263272846,0.0499995993450284,20.000160263272846,2.4614855647087097e-06,False,False,7283071.479501738,7283071.4833307,3.8289614021778107,7283071.529501738,0.0,0.008004800416529179,124.92503847255101,0.04740916192531586,0.948183242038575,331,330,-0.6313152579042947,-0.6458994676251635,0.113,-0.6932669873302024,-0.5972971441202256,0.113,-0.6873644328369651,-0.608469470621627,0.113,-0.6932669873302024,-0.5972971441202256,0.113,7283071.429501738,7283071.479501738,0.04740916192531586,0.049999999813735485,1,True,2047,5,1.6210613226511854,9.494598836100515,4.800416529178453e-06,1,False,,True,250,0.034884799271821976,0.06461719982326031,15.475755723478892,False,False,False,,9.008198738098145,8.746733665466309,5.182471752166748,9.035758972167969,,,3.8366289138793945,True,0.266196664,0.712787611121,3,-1.0,-0.4080200791358948,1.080037236213684,-0.26619666814804077,-0.10861358791589737,0.28750231862068176,-0.26619666814804077,-0.025593535974621773,0.26742419600486755,-0.26619571447372437,0.05783356726169586,0.2724057137966156,-0.26619571447372437,0.05783356726169586,0.2724057137966156,-0.26619529724121094,0.05783367156982422,0.27240535616874695,False,False,1.1487994343042374,,,,,,,,,,,1.5317006036639214,-0.47032982110977173,-0.39588093757629395,0.6147615909576416,-0.532813310623169,-0.24516496062278748,272.2473449707031,927.9537353515625,272.2473449707031,927.9537353515625,2.8938302993774414,9.052460670471191,2.658665418624878,8.854519844055176,-0.23516488075256348,-0.19794082641601562,0.3073810338973999,-0.4278392791748047,0.04060935974121094,0.42976221442222595,1.267471194267273,2.2887024879455566,0.28870248794555664,2.0,1.5,3.0,True,,False,False,-0.6182724707954004,-0.6555256294255772,0.11291817944098792,False,,False,timeout
332,1787741866.721856,16.601148100569844,0.05114570073783398,19.551985515378238,0.05114570073783398,19.551985515378238,0.0011481624096632004,True,False,7283071.529501738,7283071.5348564,5.354662425816059,7283071.579501738,0.0,0.008021200075745583,124.66962431516814,0.053519961424171925,1.0,332,331,-0.6447263274124084,-0.6340266524505431,0.113,-0.6966199758489636,-0.5840421470744025,0.113,-0.6932669873302024,-0.5972971441202256,0.113,-0.6966199758489636,-0.5840421470744025,0.113,7283071.479501738,7283071.529501738,0.053519961424171925,0.049999999813735485,1,True,2054,5,1.86513343347937,9.069099588284459,2.1200075745582414e-05,1,False,,True,251,0.010102100670337677,0.06793749984353781,14.719411257450323,False,False,False,,8.742003440856934,8.804567337036133,4.810044765472412,9.049019813537598,,,3.9395503997802734,True,0.266196664,0.712787611121,3,-1.0,1.0,1.4142135381698608,-0.26619666814804077,0.26619666814804077,0.37645894289016724,-0.26619666814804077,0.10655887424945831,0.28673240542411804,-0.26619628071784973,0.09256439656019211,0.2818308472633362,-0.26619628071784973,0.09256439656019211,0.2818308472633362,-0.26619625091552734,0.09256458282470703,0.28183087706565857,False,False,1.1709993705153465,,,,,,,,,,,1.7096996307373047,-0.41639629006385803,-0.48782873153686523,0.6413756608963013,-0.47032982110977173,-0.39588093757629395,250.92787170410156,902.3914184570312,250.92787170410156,902.3914184570312,2.658665418624878,8.854519844055176,2.450467348098755,8.610605239868164,-0.20819807052612305,-0.24391460418701172,0.3206879496574402,-0.37242698669433594,0.013260841369628906,0.3726629912853241,0.8991755247116089,2.16015362739563,0.16015362739562988,2.0,1.5,3.0,True,,False,False,-0.6307904367809635,-0.6464226390519651,0.11294764587860703,False,,False,timeout
333,1787741866.7714567,16.65000279992819,0.04885469935834408,20.468859969132247,0.04885469935834408,20.468859969132247,2.8619542717933655e-06,False,False,7283071.579501738,7283071.5830983,3.596561960875988,7283071.629501738,0.0,0.008003300055861473,124.94845788864532,0.051557961851358414,1.0,333,332,-0.6549820779074452,-0.6226013897719367,0.113,-0.6985462194972022,-0.5697872907492899,0.113,-0.6966199758489636,-0.5840421470744025,0.113,-0.6985462194972022,-0.5697872907492899,0.113,7283071.529501738,7283071.579501738,0.051557961851358414,0.049999999813735485,1,True,2060,5,1.8763442905856267,8.721191569671621,3.300055861472917e-06,1,False,,False,,,,,False,False,False,,8.475807189941406,8.89713191986084,4.444882869720459,9.034340858459473,,,4.03325891494751,True,0.266196664,0.712787611121,3,-1.0,-0.7945289611816406,1.2772142887115479,-0.26619666814804077,-0.21150095760822296,0.33999019861221313,-0.26619666814804077,0.26619666814804077,0.37645894289016724,-0.2661965489387512,0.21632738411426544,0.34301331639289856,-0.2661965489387512,0.21632738411426544,0.34301331639289856,-0.26619625091552734,0.21632766723632812,0.34301328659057617,False,False,1.2455005198717117,,,,,,,,,,,2.085399813950062,-0.371295690536499,-0.6067083477973938,0.7113054990768433,-0.41639629006385803,-0.48782873153686523,231.9175262451172,870.5999145507812,231.9175262451172,870.5999145507812,2.450467348098755,8.610605239868164,2.264819622039795,8.3072509765625,-0.18564772605895996,-0.30335426330566406,0.355652779340744,-0.3651618957519531,-0.014678955078125,0.36545678973197937,0.7740744948387146,2.0389323234558105,0.03893232345581055,2.0,1.5,3.0,True,,False,False,-0.6424147675917146,-0.6365344097138143,0.11297863627608215,False,,False,timeout
334,1787741866.8231761,16.700002199970186,0.04999940004199743,20.000239986080658,0.04999940004199743,20.000239986080658,2.2621825337409973e-06,False,False,7283071.629501738,7283071.635191,5.6892624124884605,7283071.6795017375,0.0,0.00802639964967966,124.58886221045705,0.04961046203970909,0.9922092444904493,334,333,-0.6637040641776654,-0.6099715291245288,0.113,-0.6981005501005401,-0.553661834553251,0.113,-0.6985462194972022,-0.5697872907492899,0.113,-0.6981005501005401,-0.553661834553251,0.113,7283071.579501738,7283071.629501738,0.04961046203970909,0.049999999813735485,1,True,2066,5,1.8752002939384151,8.471363393369986,2.639964967966063e-05,1,False,,True,252,0.04482940025627613,0.07569210045039654,13.211418286051291,False,False,False,,8.209610939025879,9.113459587097168,4.083681583404541,8.981853485107422,,,4.12802791595459,True,0.266196664,0.712787611121,3,-1.0,1.0,1.4142135381698608,-0.26619666814804077,0.26619666814804077,0.37645894289016724,-0.26619666814804077,-0.10861358791589737,0.28750231862068176,-0.2661965489387512,-0.015286434441804886,0.26663509011268616,-0.2661965489387512,-0.015286430716514587,0.26663509011268616,-0.26619672775268555,-0.015286445617675781,0.2666352689266205,False,False,1.7110006883740425,,,,,,,,,,,2.5192005559802055,-0.34992367029190063,-0.7696101665496826,0.8454267382621765,-0.371295690536499,-0.6067083477973938,214.00143432617188,830.2723388671875,214.00143432617188,830.2723388671875,2.264819622039795,8.3072509765625,2.089857816696167,7.922445774078369,-0.17496180534362793,-0.38480520248413086,0.4227134585380554,-0.36120128631591797,-0.05248737335205078,0.36499494314193726,0.6560138463973999,1.9399348497390747,0.0,2.0,1.5,3.0,True,,False,False,-0.6530569914722317,-0.6254077559930307,0.11301889730199223,False,,False,timeout
335,1787741866.8736982,16.75301230046898,0.05301010049879551,18.864329450247354,0.05301010049879551,18.864329450247354,0.0030123628675937653,True,False,7283071.6795017375,7283071.686597,7.095262408256531,7283071.729501737,0.0,0.008010400459170341,124.83770381981286,0.05564126279205084,1.0,335,334,-0.6714215564113408,-0.593820698694803,0.113,-0.6953587417368606,-0.534952173711748,0.113,-0.6981005501005401,-0.553661834553251,0.113,-0.6953587417368606,-0.534952173711748,0.113,7283071.629501738,7283071.6795017375,0.05564126279205084,0.049999999813735485,1,True,2073,5,1.88218535929358,8.23569133073421,1.0400459170341325e-05,1,False,,True,253,0.03261230047792196,0.06434729974716902,15.540667657060393,False,False,False,,7.943414211273193,9.098173141479492,3.6827964782714844,8.8646821975708,,,4.267010688781738,True,0.266196664,0.712787611121,3,-1.0,0.7780956625938416,1.2670568227767944,-0.26619666814804077,0.2071264684200287,0.3372862935066223,-0.26619666814804077,0.26619666814804077,0.37645894289016724,-0.26619669795036316,0.18535122275352478,0.32436978816986084,-0.26619669795036316,0.18535122275352478,0.32436978816986084,-0.26619672775268555,0.18535137176513672,0.3243699073791504,False,False,1.1360999196767807,,,,,,,,,,,1.6116006299853325,-0.3217437267303467,-0.8713153600692749,0.9288215637207031,-0.34992367029190063,-0.7696101665496826,197.5281524658203,784.6154174804688,197.5281524658203,784.6154174804688,2.089857816696167,7.922445774078369,1.9289859533309937,7.486788272857666,-0.16087186336517334,-0.4356575012207031,0.46441060304641724,-0.40088510513305664,-0.1171712875366211,0.417657732963562,0.6448588967323303,1.8507466316223145,0.0,2.0,1.5,3.0,True,,False,False,-0.663577683328794,-0.6109298961406076,0.11289421484374867,False,,False,timeout
336,1787741866.9213128,16.80000250041485,0.04699019994586706,21.281033090985034,0.04699019994586706,21.281033090985034,2.562999725341797e-06,False,False,7283071.729501737,7283071.7335907,4.088962450623512,7283071.779501737,0.0,0.008003899827599525,124.93909488368911,0.053670662455260754,1.0,336,335,-0.6756955152798587,-0.5790781384705384,0.113,-0.69132777964894,-0.513752735146737,0.113,-0.6953587417368606,-0.534952173711748,0.113,-0.69132777964894,-0.513752735146737,0.113,7283071.6795017375,7283071.729501737,0.053670662455260754,0.049999999813735485,1,True,2079,5,1.883856704913945,8.599440701551016,3.899827599525285e-06,1,False,,True,254,0.00113769993185997,0.06500620022416115,15.38314801590765,False,False,False,,7.677217483520508,9.283524513244629,3.365851640701294,8.710124969482422,,,4.349328994750977,True,0.266196664,0.712787611121,3,-1.0,-1.0,1.4142135381698608,-0.26619666814804077,-0.26619666814804077,0.37645894289016724,-0.26619666814804077,-0.21150095760822296,0.33999019861221313,-0.26619669795036316,-0.09752005338668823,0.28349751234054565,-0.26619669795036316,-0.09752005338668823,0.28349751234054565,-0.26619672775268555,-0.0975198745727539,0.28349748253822327,False,False,1.2020999565720558,,,,,,,,,,,1.5698997303843498,-0.2783092260360718,-1.0,1.0380058288574219,-0.3217437267303467,-0.8713153600692749,183.27874755859375,732.2154541015625,183.27874755859375,732.2154541015625,1.9289859533309937,7.486788272857666,1.7898313999176025,6.986788272857666,-0.1391545534133911,-0.5,0.5190029144287109,-0.31694483757019043,-0.1545572280883789,0.35262155532836914,0.5486046671867371,1.8870972394943237,0.0,2.0,1.5,3.0,True,,False,False,-0.6705617578312975,-0.5972017610813314,0.1127345826196046,False,,False,timeout
337,1787741866.9709032,16.85000289976597,0.050000399351119995,19.999840260827842,0.050000399351119995,19.999840260827842,2.962537109851837e-06,False,False,7283071.779501737,7283071.7833738,3.872063010931015,7283071.829501737,0.0,0.0080016003921628,124.97499887390704,0.05169766303151846,1.0,337,336,-0.6778921625662975,-0.5638854905963671,0.113,-0.6849755626943678,-0.49069171424467367,0.113,-0.69132777964894,-0.513752735146737,0.113,-0.6849755626943678,-0.49069171424467367,0.113,7283071.729501737,7283071.779501737,0.05169766303151846,0.049999999813735485,1,True,2085,5,1.8800798694986236,9.232718951913817,1.6003921627996687e-06,1,False,,False,,,,,False,False,False,,7.411020755767822,9.186004638671875,3.0819778442382812,8.508520126342773,,,4.381734371185303,True,0.266196664,0.712787611121,3,-1.0,-1.0,1.4142135381698608,-0.26619666814804077,-0.26619666814804077,0.37645894289016724,-0.26619666814804077,0.26619666814804077,0.37645894289016724,-0.26619669795036316,0.1617327630519867,0.311477392911911,-0.26619669795036316,0.1617327630519867,0.311477392911911,-0.26619672775268555,0.16173267364501953,0.3114773631095886,False,False,1.2886999174952507,,,,,,,,,,,2.243800088763237,-0.22113895416259766,-1.0,1.02415931224823,-0.2783092260360718,-1.0,171.95640563964844,679.8154296875,171.95640563964844,679.8154296875,1.7898313999176025,6.986788272857666,1.6792619228363037,6.486788272857666,-0.11056947708129883,-0.5,0.512079656124115,-0.2838737964630127,-0.20160484313964844,0.34817934036254883,0.5208741426467896,1.9963241815567017,0.0,2.0,1.5,3.0,True,,False,False,-0.6754658162861557,-0.582527532391846,0.112760933076617,False,,False,timeout
338,1787741867.0277565,16.905022700317204,0.055019800551235676,18.17527490069284,0.055019800551235676,18.17527490069284,0.005022763274610043,True,False,7283071.829501737,7283071.8404292,10.927462950348854,7283071.879501737,0.0,0.008011399768292904,124.82213207706191,0.05773706268519163,1.0,338,337,-0.6783353166752789,-0.5459785945700207,0.113,-0.6776216456955108,-0.46731208367877464,0.113,-0.6849755626943678,-0.49069171424467367,0.113,-0.6776216456955108,-0.46731208367877464,0.113,7283071.779501737,7283071.829501737,0.05773706268519163,0.049999999813735485,1,True,2092,5,1.8759292110951387,9.742765759614059,1.1399768292903734e-05,1,False,,True,255,0.04158159997314215,0.07846529968082905,12.744487105353196,False,False,False,,7.144824028015137,9.347737312316895,2.8037383556365967,8.222131729125977,,,4.4846415519714355,True,0.266196664,0.712787611121,3,-1.0,-0.9119600653648376,1.353392481803894,-0.26619666814804077,-0.24276073276996613,0.36026856303215027,-0.26619666814804077,0.2071264684200287,0.3372862935066223,-0.26619669795036316,0.19408881664276123,0.3294406533241272,-0.26619669795036316,0.19408881664276123,0.3294406533241272,-0.26619672775268555,0.19408893585205078,0.32944077253341675,False,False,1.8171994015574455,,,,,,,,,,,2.3545995354652405,-0.13897031545639038,-1.0,1.0096101760864258,-0.22113895416259766,-1.0,164.8411407470703,627.4154052734375,164.8411407470703,627.4154052734375,1.6792619228363037,6.486788272857666,1.6097767353057861,5.986788272857666,-0.06948518753051758,-0.5,0.5048050880432129,-0.27823948860168457,-0.2863883972167969,0.39929378032684326,0.6633943915367126,2.0678162574768066,0.06781625747680664,2.0,1.5,3.0,True,,False,False,-0.6783650843139828,-0.564736676249639,0.11278898793290476,False,,False,timeout
339,1787741867.071326,16.950631000101566,0.045608299784362316,21.92583377867704,0.045608299784362316,21.92583377867704,0.0006310632452368736,False,False,7283071.879501737,7283071.884157,4.655263386666775,7283071.929501737,0.0,0.008003300055861473,124.94845788864532,0.04777146317064762,0.9554292669722038,339,338,-0.6774479683401077,-0.533211795284372,0.113,-0.6686614233219104,-0.44515244581355806,0.113,-0.6776216456955108,-0.46731208367877464,0.113,-0.6686614233219104,-0.44515244581355806,0.113,7283071.829501737,7283071.879501737,0.04777146317064762,0.049999999813735485,1,True,2097,5,1.6199613766655134,10.469434480489461,3.300055861472917e-06,1,False,,True,256,0.021614099852740765,0.06480779964476824,15.430241506135248,False,False,False,,6.878627300262451,9.541826248168945,2.607905149459839,7.947695732116699,,,4.558543682098389,True,0.266196664,0.712787611121,3,-1.0,-1.0,1.4142135381698608,-0.26619666814804077,-0.26619666814804077,0.37645894289016724,-0.26619666814804077,-0.26619666814804077,0.37645894289016724,-0.26619669795036316,-0.13399693369865417,0.2980198860168457,-0.26619669795036316,-0.13399693369865417,0.2980198860168457,-0.26619672775268555,-0.13399696350097656,0.2980199456214905,False,False,1.1058999225497246,,,,,,,,,,,1.5592994168400764,-0.024593643844127655,-1.0,1.0003024339675903,-0.13897031545639038,-1.0,163.5819549560547,575.0154418945312,163.5819549560547,575.0154418945312,1.6097767353057861,5.986788272857666,1.5974799394607544,5.486788272857666,-0.012296795845031738,-0.5,0.5001512169837952,-0.1958332061767578,-0.27443599700927734,0.33714354038238525,0.5918713212013245,2.200322389602661,0.20032238960266113,2.0,1.5,3.0,True,,False,False,-0.6788250762836834,-0.549352193325908,0.11286357800278454,False,,False,timeout
340,1787741867.1214428,17.000003299675882,0.04937229957431555,20.254272306980408,0.04937229957431555,20.254272306980408,3.363005816936493e-06,False,False,7283071.929501737,7283071.9337384,4.236663691699505,7283071.979501736,0.0,0.008010600693523884,124.83458335508388,0.05381306353956461,1.0,340,339,-0.674729033041997,-0.5155053661899089,0.113,-0.657484858286353,-0.42410895029007467,0.113,-0.6686614233219104,-0.44515244581355806,0.113,-0.657484858286353,-0.42410895029007467,0.113,7283071.879501737,7283071.929501737,0.05381306353956461,0.049999999813735485,1,True,2104,5,1.8640440323474399,11.164783716528456,1.0600693523883653e-05,1,False,,False,,,,,False,False,False,,6.612430572509766,9.407829284667969,2.44084095954895,7.65519380569458,,,4.524808883666992,True,0.266196664,0.712787611121,3,-1.0,-1.0,1.4142135381698608,-0.26619666814804077,-0.26619666814804077,0.37645894289016724,-0.26619666814804077,-0.26619666814804077,0.37645894289016724,-0.26619669795036316,-0.22822727262973785,0.3506399393081665,-0.26619669795036316,-0.22822727262973785,0.3506399393081665,-0.26619672775268555,-0.2282276153564453,0.3506401777267456,False,False,1.910800114274025,,,,,,,,,,,2.0497003570199013,0.0517427995800972,-1.0,1.0013377666473389,-0.024593643844127655,-1.0,166.23118591308594,522.6154174804688,166.23118591308594,522.6154174804688,1.5974799394607544,5.486788272857666,1.6233513355255127,4.986788272857666,0.0258713960647583,-0.5,0.5006688833236694,-0.16706418991088867,-0.29250192642211914,0.3368498384952545,0.5928626656532288,2.3266372680664062,0.32663726806640625,2.0,1.5,3.0,True,,False,False,-0.6779329568834325,-0.5338682803567069,0.11293464884006846,False,,False,timeout
341,1787741867.171304,17.05000300053507,0.049999700859189034,20.000119657040273,0.049999700859189034,20.000119657040273,3.0640512704849243e-06,False,False,7283071.979501736,7283071.9841517,4.649963229894638,7283072.029501736,0.0,0.008011000230908394,124.82835740557789,0.051854963414371014,1.0,341,340,-0.6710896252992328,-0.5005860597249285,0.113,-0.6444757726180412,-0.4032682119295291,0.113,-0.657484858286353,-0.42410895029007467,0.113,-0.6444757726180412,-0.4032682119295291,0.113,7283071.929501737,7283071.979501736,0.051854963414371014,0.049999999813735485,1,True,2110,5,1.8677299785876775,11.956290141344997,1.1000230908393693e-05,1,False,,True,257,0.04210110008716583,0.06534670013934374,15.302991549192598,False,False,False,,6.34623384475708,9.179601669311523,2.3104875087738037,7.351159572601318,,,4.430626392364502,True,0.266196664,0.712787611121,3,-1.0,-1.0,1.4142135381698608,-0.26619666814804077,-0.26619666814804077,0.37645894289016724,-0.26619666814804077,-0.24276073276996613,0.36026856303215027,-0.26619669795036316,-0.2385866343975067,0.35746926069259644,-0.26619669795036316,-0.2385866343975067,0.35746926069259644,-0.26619672775268555,-0.23858642578125,0.3574691414833069,False,False,1.6088001430034637,,,,,,,,,,,1.8853005021810532,0.10436112433671951,-1.0,1.005430817604065,0.0517427995800972,-1.0,171.574462890625,470.2154235839844,171.574462890625,470.2154235839844,1.6233513355255127,4.986788272857666,1.6755318641662598,4.486788272857666,0.05218052864074707,-0.5,0.5027154088020325,-0.13035345077514648,-0.3040342330932617,0.33080029487609863,0.5929911136627197,2.462195634841919,0.46219563484191895,2.0,1.5,3.0,True,,False,False,-0.6755454233531626,-0.5187236027709852,0.11286991062091606,False,,False,timeout
342,1787741867.2244246,17.10373849980533,0.053735499270260334,18.609671698973965,0.053735499270260334,18.609671698973965,0.003738563507795334,True,False,7283072.029501736,7283072.0373896,7.887863554060459,7283072.079501736,0.0,0.00800280086696148,124.95625177034827,0.04987606406211853,0.997521284958427,342,341,-0.6664283106965694,-0.4859529445627161,0.113,-0.6307258423227182,-0.3829294142478583,0.113,-0.6444757726180412,-0.4032682119295291,0.113,-0.6307258423227182,-0.3829294142478583,0.113,7283071.979501736,7283072.029501736,0.04987606406211853,0.049999999813735485,1,True,2116,5,1.6119205793250977,12.515178207160007,2.8008669614790205e-06,1,False,,True,258,0.03136609960347414,0.07911130040884018,12.640419192101366,False,False,False,,6.0800371170043945,8.941015243530273,2.1893434524536133,6.9868621826171875,,,4.353873252868652,True,0.266196664,0.712787611121,3,-1.0,-1.0,1.4142135381698608,-0.26619666814804077,-0.26619666814804077,0.37645894289016724,-0.26619666814804077,-0.26619666814804077,0.37645894289016724,-0.26619669795036316,-0.2582666575908661,0.3708939850330353,-0.26619669795036316,-0.2582666575908661,0.3708939850330353,-0.26619672775268555,-0.2582664489746094,0.3708938658237457,False,False,1.1133002117276192,,,,,,,,,,,1.6088001430034637,0.17016863822937012,-1.0,1.0143753290176392,0.10436112433671951,-1.0,180.28709411621094,417.8154296875,180.28709411621094,417.8154296875,1.6755318641662598,4.486788272857666,1.7606161832809448,3.986788272857666,0.08508431911468506,-0.5,0.5071876645088196,-0.12114405632019043,-0.36429738998413086,0.383912056684494,0.6957319974899292,2.5523266792297363,0.5523266792297363,2.0,1.5,3.0,True,,False,False,-0.6714662265352587,-0.501264464379238,0.11292543247545622,False,,False,timeout
343,1787741867.2699757,17.150001600384712,0.04626310057938099,21.615498906826193,0.04626310057938099,21.615498906826193,1.6642734408378601e-06,False,False,7283072.079501736,7283072.0825559,3.0541643500328064,7283072.129501736,0.0,0.008001099340617657,124.98282516297361,0.04800736345350742,0.9601472726469757,343,342,-0.6608537671437262,-0.47164271829088344,0.113,-0.6150347104172825,-0.36279194963263484,0.113,-0.6307258423227182,-0.3829294142478583,0.113,-0.6150347104172825,-0.36279194963263484,0.113,7283072.029501736,7283072.079501736,0.04800736345350742,0.049999999813735485,1,True,2122,5,1.862787965966601,13.67251662892523,1.0993406176565412e-06,1,False,,False,,,,,False,False,False,,5.813840389251709,8.682748794555664,2.1232011318206787,6.72130823135376,,,4.179481506347656,True,0.266196664,0.712787611121,3,-1.0,-1.0,1.4142135381698608,-0.26619666814804077,-0.26619666814804077,0.37645894289016724,-0.26619666814804077,-0.26619666814804077,0.37645894289016724,-0.26619669795036316,-0.26391899585723877,0.37485188245773315,-0.26619669795036316,-0.26391899585723877,0.37485188245773315,-0.26619672775268555,-0.2639188766479492,0.374851793050766,False,False,1.1326000094413757,,,,,,,,,,,1.675499603152275,0.14366364479064941,-1.0,1.010266900062561,0.17016863822937012,-1.0,187.64266967773438,365.4154052734375,187.64266967773438,365.4154052734375,1.7606161832809448,3.986788272857666,1.8324480056762695,3.486788272857666,0.07183182239532471,-0.5,0.5051334500312805,-0.06614232063293457,-0.26555395126342773,0.2736671566963196,0.4942840337753296,2.758453845977783,0.7584538459777832,2.0,1.5,3.0,True,,False,False,-0.6677048884636047,-0.4889649366505229,0.11297192196095408,False,,False,timeout
344,1787741867.3215852,17.200001999735832,0.050000399351119995,19.999840260827842,0.050000399351119995,19.999840260827842,2.0638108253479004e-06,False,False,7283072.129501736,7283072.1344562,4.954463802278042,7283072.179501736,0.0,0.008006100542843342,124.90475165140171,0.054070464335381985,1.0,344,343,-0.653469931040643,-0.45531628908125715,0.113,-0.5999511942797437,-0.34210535467944125,0.113,-0.6150347104172825,-0.36279194963263484,0.113,-0.5999511942797437,-0.34210535467944125,0.113,7283072.079501736,7283072.129501736,0.054070464335381985,0.049999999813735485,1,True,2129,5,1.861381757988017,14.38371769094376,6.100542843341661e-06,1,False,,True,259,0.04910010006278753,0.06424110010266304,15.566358583553368,False,False,False,,5.547643661499023,8.418829917907715,2.059246063232422,6.347066879272461,,,4.057230472564697,True,0.266196664,0.712787611121,3,-1.0,-1.0,1.4142135381698608,-0.26619666814804077,-0.26619666814804077,0.37645894289016724,-0.26619666814804077,-0.26619666814804077,0.37645894289016724,-0.26619669795036316,-0.2655424475669861,0.3759966492652893,-0.26619669795036316,-0.2655424475669861,0.3759966492652893,-0.26619672775268555,-0.26554203033447266,0.3759963810443878,False,False,1.3530999422073364,,,,,,,,,,,2.299400046467781,0.16867348551750183,-1.0,1.0141255855560303,0.14366364479064941,-1.0,196.2787628173828,313.0154113769531,196.2787628173828,313.0154113769531,1.8324480056762695,3.486788272857666,1.9167847633361816,2.986788272857666,0.08433675765991211,-0.5,0.5070627927780151,-0.06395506858825684,-0.37424135208129883,0.3796667456626892,0.7153424620628357,2.869256019592285,0.8692560195922852,2.0,1.5,3.0,True,,False,False,-0.6613373041242204,-0.4721856166149777,0.11293341005395065,False,,False,timeout
345,1787741867.3713021,17.25000450015068,0.05000250041484833,19.998999884074763,0.05000250041484833,19.998999884074763,4.56441193819046e-06,False,False,7283072.179501736,7283072.1836145,4.11276426166296,7283072.229501735,0.0,0.008005299605429173,124.91724848396713,0.052106563933193684,1.0,345,344,-0.6465454421380578,-0.4416065489120234,0.113,-0.5838141776147764,-0.3215056050140724,0.113,-0.5999511942797437,-0.34210535467944125,0.113,-0.5838141776147764,-0.3215056050140724,0.113,7283072.129501736,7283072.179501736,0.052106563933193684,0.049999999813735485,1,True,2135,5,1.863332429996924,15.412917883250463,5.299605429172349e-06,1,False,,True,261,0.004277599975466728,0.06615579966455698,15.115832702053343,False,False,False,,5.281446933746338,8.153287887573242,2.0276741981506348,6.026088714599609,,,3.8874173164367676,True,0.266196664,0.712787611121,3,-1.0,-1.0,1.4142135381698608,-0.26619666814804077,-0.26619666814804077,0.37645894289016724,-0.26619666814804077,-0.26619666814804077,0.37645894289016724,-0.26619669795036316,-0.2660086452960968,0.3763260543346405,-0.26619669795036316,-0.2660086452960968,0.3763260543346405,-0.26619672775268555,-0.2660088539123535,0.37632620334625244,False,False,1.1130999773740768,,,,,,,,,,,1.593099907040596,0.2055239975452423,-1.0,1.0209016799926758,0.16867348551750183,-1.0,206.8015899658203,260.61541748046875,206.8015899658203,260.61541748046875,1.9167847633361816,2.986788272857666,2.0195467472076416,2.486788272857666,0.10276198387145996,-0.5,0.5104508399963379,-0.03157186508178711,-0.32097816467285156,0.322527140378952,0.6138414144515991,3.041322708129883,1.0413227081298828,2.0,1.5,3.0,True,,False,False,-0.6549988050060588,-0.45821164086811594,0.112888861260417,False,,False,timeout
346,1787741867.4207852,17.30110319983214,0.05109869968146086,19.569969612412866,0.05109869968146086,19.569969612412866,0.0011032642796635628,True,False,7283072.229501735,7283072.2334061,3.9043650031089783,7283072.279501735,0.0,0.008002200163900852,124.96563189098329,0.0501167643815279,1.0,346,345,-0.6391463759386066,-0.4281468265220576,0.113,-0.5666926844915727,-0.30026107049258205,0.113,-0.5838141776147764,-0.3215056050140724,0.113,-0.5666926844915727,-0.30026107049258205,0.113,7283072.179501736,7283072.229501735,0.0501167643815279,0.049999999813735485,1,True,2141,5,1.8593924896282144,16.557637018966627,2.200163900852037e-06,1,False,,False,,,,,False,False,False,,5.015250205993652,7.887279033660889,2.010158061981201,5.705442905426025,,,3.7136218547821045,True,0.266196664,0.712787611121,3,-1.0,-1.0,1.4142135381698608,-0.26619666814804077,-0.26619666814804077,0.37645894289016724,-0.26619666814804077,-0.26619666814804077,0.37645894289016724,-0.26619669795036316,-0.26614272594451904,0.3764208257198334,-0.26619669795036316,-0.26614272594451904,0.3764208257198334,-0.26619672775268555,-0.2661428451538086,0.37642091512680054,False,False,1.0952996090054512,,,,,,,,,,,1.458299346268177,0.26360994577407837,-1.0,1.0341615676879883,0.2055239975452423,-1.0,220.29840087890625,208.2154083251953,220.29840087890625,208.2154083251953,2.0195467472076416,2.486788272857666,2.1513516902923584,1.986788272857666,0.1318049430847168,-0.5,0.5170807838439941,-0.017516136169433594,-0.320645809173584,0.3211238980293274,0.6083930730819702,3.218668222427368,1.2186682224273682,2.0,1.5,3.0,True,,False,False,-0.6480981653170227,-0.4444438563124526,0.11292043880320501,False,,False,timeout
347,1787741867.4714224,17.350003600120544,0.048900400288403034,20.44973035194468,0.048900400288403034,20.44973035194468,3.664754331111908e-06,False,False,7283072.279501735,7283072.2836235,4.121764563024044,7283072.329501735,0.0,0.008023000322282314,124.6416502343513,0.04816356487572193,0.9632713011029038,347,346,-0.6312809291994564,-0.4149544146871074,0.113,-0.5479588873295895,-0.28009611961061076,0.113,-0.5666926844915727,-0.30026107049258205,0.113,-0.5479588873295895,-0.28009611961061076,0.113,7283072.229501735,7283072.279501735,0.04816356487572193,0.049999999813735485,1,True,2147,5,1.8599493054866287,17.712031063964197,2.3000322282314134e-05,1,False,,False,,,,,False,False,False,,4.749053478240967,7.62113618850708,2.0025291442871094,5.388281345367432,,,3.539637804031372,True,0.266196664,0.712787611121,3,-1.0,-1.0,1.4142135381698608,-0.26619666814804077,-0.26619666814804077,0.37645894289016724,-0.26619666814804077,-0.26619666814804077,0.37645894289016724,-0.26619669795036316,-0.26618120074272156,0.37644803524017334,-0.26619669795036316,-0.26618120074272156,0.37644803524017334,-0.26619672775268555,-0.26618099212646484,0.3764479160308838,False,False,1.712299883365631,,,,,,,,,,,2.087600529193878,0.3630814254283905,-1.0,1.0638741254806519,0.26360994577407837,-1.0,238.88818359375,155.81539916992188,238.88818359375,155.81539916992188,2.1513516902923584,1.986788272857666,2.332892417907715,1.486788272857666,0.18154072761535645,-0.5,0.5319370627403259,-0.007628917694091797,-0.31716156005859375,0.31725332140922546,0.5893471240997314,3.404747247695923,1.4047472476959229,2.0,1.5,3.0,True,,False,False,-0.6408445209597979,-0.43090680715313395,0.11299460098088299,False,,False,timeout
348,1787741867.5230803,17.400002900511026,0.04999930039048195,20.000279847722904,0.04999930039048195,20.000279847722904,2.9653310775756836e-06,False,False,7283072.329501735,7283072.3355597,6.057964637875557,7283072.379501735,0.0,0.008041099645197392,124.3611003623438,0.05422516446560621,1.0,348,347,-0.6214875349900626,-0.3999487895836718,0.113,-0.5270167154546674,-0.2601009794488851,0.113,-0.5479588873295895,-0.28009611961061076,0.113,-0.5270167154546674,-0.2601009794488851,0.113,7283072.279501735,7283072.329501735,0.05422516446560621,0.049999999813735485,1,True,2154,5,1.8517017960204645,18.72829849640688,4.1099645197391343e-05,1,False,,True,262,0.03846670035272837,0.02868680004030466,34.85923834638267,False,False,False,,4.482856750488281,7.354955196380615,2.009321928024292,5.01959753036499,,,3.401803731918335,False,0.266196664,0.712787611121,3,-1.0,-1.0,1.4142135381698608,-0.26619666814804077,-0.26619666814804077,0.37645894289016724,-0.26619666814804077,-0.26619666814804077,0.37645894289016724,-0.26619669795036316,-0.26619216799736023,0.37645578384399414,-0.26619669795036316,-0.26619216799736023,0.37645578384399414,-0.26619672775268555,-0.2661919593811035,0.3764556646347046,False,False,1.5786001458764076,,,,,,,,,,,2.826099283993244,0.5265834927558899,-1.0,1.130172610282898,0.3630814254283905,-1.0,265.8492736816406,103.4154052734375,265.8492736816406,103.4154052734375,2.332892417907715,1.486788272857666,2.596184253692627,0.986788272857666,0.2632918357849121,-0.5,0.5650863647460938,0.006792783737182617,-0.3686838150024414,0.36874639987945557,0.6558418273925781,3.5475962162017822,1.5475962162017822,2.0,1.5,3.0,True,,False,False,-0.6317407596660912,-0.41536780000479334,0.11292613854344452,False,,False,timeout
349,1787741867.5736637,17.452954400330782,0.052951499819755554,18.88520633794989,0.052951499819755554,18.88520633794989,0.002954465337097645,True,False,7283072.379501735,7283072.3862872,6.785465404391289,7283072.429501735,0.0,0.008002799935638905,124.95626631208104,0.052266464568674564,1.0,349,348,-0.612434270935938,-0.3875422878560852,0.113,-0.5024226167259184,-0.2426421055786087,0.113,-0.5270167154546674,-0.2601009794488851,0.113,-0.5024226167259184,-0.2426421055786087,0.113,7283072.329501735,7283072.379501735,0.052266464568674564,0.049999999813735485,1,True,2160,5,1.8534283860337393,20.046314333450773,2.799935638904405e-06,1,False,,True,264,0.001097399741411209,0.06342090014368296,15.767672766145768,False,False,False,,4.216660022735596,7.088763236999512,2.02911376953125,4.7084856033325195,,,3.2328131198883057,False,0.266196664,0.712787611121,3,-1.0,-1.0,1.4142135381698608,-0.26619666814804077,-0.26619666814804077,0.37645894289016724,-0.26619666814804077,-0.26619666814804077,0.37645894289016724,-0.26619669795036316,-0.2661953270435333,0.3764580190181732,-0.26619669795036316,-0.2661953270435333,0.3764580190181732,-0.26619672775268555,-0.26619529724121094,0.3764580190181732,False,False,1.0887999087572098,,,,,,,,,,,1.4925003051757812,0.6654530167579651,-1.0,1.2011775970458984,0.5265834927558899,-1.0,299.9204406738281,52.400001525878906,299.9204406738281,51.015411376953125,2.596184253692627,0.986788272857666,2.928910732269287,0.5,0.33272647857666016,-0.486788272857666,0.5896352529525757,0.019791841506958008,-0.3111119270324707,0.31174084544181824,0.5034626126289368,3.764651298522949,1.7646512985229492,2.0,1.5,3.0,True,,True,False,-0.6234498036786135,-0.40244789820563037,0.11297771282565033,False,,False,timeout
350,1787741867.621249,17.500002699904144,0.047048299573361874,21.254753286900655,0.047048299573361874,21.254753286900655,2.7650967240333557e-06,False,False,7283072.429501735,7283072.433722,4.2202649638056755,7283072.4795017345,0.0,0.008051699958741665,124.19737510391307,0.05035596527159214,1.0,350,349,-0.6026836334019656,-0.37567673680170377,0.113,-0.4748079887071011,-0.22723999406548204,0.113,-0.5024226167259184,-0.2426421055786087,0.113,-0.4748079887071011,-0.22723999406548204,0.113,7283072.379501735,7283072.429501735,0.05035596527159214,0.049999999813735485,1,True,2166,5,1.852977916004878,21.444852447584818,5.169995874166472e-05,1,False,,True,265,0.013956299982964993,0.02696469984948635,37.08552313142284,False,False,False,,3.95046329498291,6.822567939758301,2.0667033195495605,4.40018367767334,,,3.068631172180176,False,0.266196664,0.712787611121,3,-1.0,-1.0,1.4142135381698608,-0.26619666814804077,-0.26619666814804077,0.37645894289016724,-0.26619666814804077,-0.26619666814804077,0.37645894289016724,-0.26619669795036316,-0.26619628071784973,0.37645867466926575,-0.26619669795036316,-0.26619628071784973,0.37645867466926575,-0.26619672775268555,-0.26619625091552734,0.37645867466926575,False,False,1.1760005727410316,,,,,,,,,,,1.6238000243902206,0.7466441988945007,-1.0,1.2479894161224365,0.6654530167579651,-1.0,338.14862060546875,52.400001525878906,338.14862060546875,0.0,2.928910732269287,0.5,3.3022327423095703,0.5,0.3733220100402832,0.0,0.3733220100402832,0.03758955001831055,-0.3083019256591797,0.31058502197265625,0.46764153242111206,3.9943501949310303,1.9943501949310303,2.0,1.5,3.0,True,,True,False,-0.6144826553250339,-0.3899641520512313,0.11292541537222142,False,,False,timeout
351,1787741867.6708848,17.55000300053507,0.050000300630927086,19.999879748352193,0.050000300630927086,19.999879748352193,3.0659139156341553e-06,False,False,7283072.4795017345,7283072.4832452,3.743465058505535,7283072.529501734,0.0,0.008006799966096878,124.89384076463645,0.048407564871013165,0.9681513010269079,351,350,-0.5920380936811351,-0.3646118255216699,0.113,-0.45972462821833365,-0.23835558928164974,0.113,-0.4748079887071011,-0.22723999406548204,0.113,-0.45972462821833365,-0.23835558928164974,0.113,7283072.429501735,7283072.4795017345,0.048407564871013165,0.049999999813735485,1,True,2172,5,1.852672237856237,20.139841139546,6.799966096877885e-06,1,False,,False,,,,,False,False,False,,3.6842665672302246,6.556371688842773,2.1209049224853516,4.095896244049072,,,2.915139675140381,False,0.266196664,0.712787611121,3,0.01967000961303711,-1.0,1.000193476676941,0.0052360910922288895,-0.26619666814804077,0.2662481665611267,-0.26619666814804077,-0.26619666814804077,0.37645894289016724,-0.26619669795036316,-0.2661965489387512,0.3764588534832001,-0.26619669795036316,-0.2661965489387512,0.3764588534832001,-0.26619672775268555,-0.26619672775268555,0.3764590322971344,False,False,1.5478003770112991,,,,,,,,,,,1.9227992743253708,0.7378338575363159,-1.0,1.2427383661270142,0.7466441988945007,-1.0,375.92572021484375,52.400001525878906,375.92572021484375,0.0,3.3022327423095703,0.5,3.671149730682373,0.5,0.36891698837280273,0.0,0.36891698837280273,0.054201602935791016,-0.3042874336242676,0.30907711386680603,0.14518727362155914,3.784970998764038,1.784970998764038,2.0,1.5,3.0,True,,True,False,-0.6048990037187583,-0.3779467992479699,0.11287789015037325,False,,False,timeout
352,1787741867.726694,17.604939999990165,0.05493699945509434,18.202668691751228,0.05493699945509434,18.202668691751228,0.0049400655552744865,True,False,7283072.529501734,7283072.5395154,10.01366600394249,7283072.579501734,0.0,0.008008699864149094,124.86421228949972,0.05442996509373188,1.0,352,351,-0.5783843180869792,-0.35301796189963786,0.113,-0.44537849880865776,-0.2489278863208586,0.113,-0.45972462821833365,-0.23835558928164974,0.113,-0.44537849880865776,-0.2489278863208586,0.113,7283072.4795017345,7283072.529501734,0.05442996509373188,0.049999999813735485,1,True,2179,5,1.8575824623316588,18.746391940630843,8.699864149093461e-06,1,False,,True,266,0.037972900085151196,0.03391239978373051,29.48773918617669,False,False,False,,3.418069839477539,6.290174961090088,2.2127723693847656,3.748319387435913,,,2.813142776489258,False,0.266196664,0.712787611121,3,-1.0,-1.0,1.4142135381698608,-0.26619666814804077,-0.26619666814804077,0.37645894289016724,-0.26619666814804077,-0.26619666814804077,0.37645894289016724,-0.26619669795036316,-0.26619669795036316,0.3764589726924896,-0.26619669795036316,-0.26619669795036316,0.3764589726924896,-0.26619672775268555,-0.26619672775268555,0.3764590322971344,False,False,2.2155996412038803,,,,,,,,,,,1.609700731933117,0.7567111253738403,-1.0,1.2540382146835327,0.7378338575363159,-1.0,414.6693420410156,52.400001525878906,414.6693420410156,0.0,3.671149730682373,0.5,4.049505233764648,0.5,0.3783555030822754,0.0,0.3783555030822754,0.09186744689941406,-0.3475768566131592,0.359512597322464,0.2490192949771881,3.5606801509857178,1.5606801509857178,2.0,1.5,3.0,True,,True,False,-0.5927067209245771,-0.36484638147881193,0.1128638836791781,False,,False,timeout
353,1787741867.7712302,17.650507899932563,0.04556789994239807,21.945272906236408,0.04556789994239807,21.945272906236408,0.0005079656839370728,False,False,7283072.579501734,7283072.5843862,4.8844655975699425,7283072.629501734,0.0,0.008006500080227852,124.89851870101295,0.05244636535644531,1.0,353,352,-0.565673033037404,-0.34440600110647707,0.113,-0.43021852071614186,-0.2600999444366789,0.113,-0.44537849880865776,-0.2489278863208586,0.113,-0.43021852071614186,-0.2600999444366789,0.113,7283072.529501734,7283072.579501734,0.05244636535644531,0.049999999813735485,1,True,2185,5,1.8717428339139004,17.825870687380753,6.500080227851701e-06,1,False,,True,267,0.018792799673974514,0.08122039958834648,12.312177791150392,False,False,False,,3.1518731117248535,6.023978233337402,2.32092022895813,3.46036958694458,,,2.694916009902954,False,0.266196664,0.712787611121,3,-0.39946043491363525,-0.7391985654830933,0.8402280211448669,-0.10633503645658493,-0.19677218794822693,0.22366589307785034,-0.26619666814804077,-0.26619666814804077,0.37645894289016724,-0.26619669795036316,-0.26619669795036316,0.3764589726924896,-0.26619669795036316,-0.26619669795036316,0.3764589726924896,-0.26619672775268555,-0.26619672775268555,0.3764590322971344,False,False,1.09189935028553,,,,,,,,,,,1.5952996909618378,0.921016275882721,-1.0,1.3595112562179565,0.7567111253738403,-1.0,461.82537841796875,52.400001525878906,461.82537841796875,0.0,4.049505233764648,0.5,4.510013580322266,0.5,0.4605083465576172,0.0,0.4605083465576172,0.10814785957336426,-0.287949800491333,0.3075890839099884,0.2858366072177887,3.428089141845703,1.4280891418457031,2.0,1.5,3.0,True,,True,False,-0.5812894054704585,-0.3547241929287445,0.11292284313489147,False,,False,timeout
354,1787741867.820801,17.70000240020454,0.049494500271975994,20.204265009342954,0.049494500271975994,20.204265009342954,2.466142177581787e-06,False,False,7283072.629501734,7283072.633341,3.839266486465931,7283072.679501734,0.0,0.008004900068044662,124.92348330392932,0.05048056598752737,1.0,354,353,-0.5520399395272951,-0.3373506783127081,0.113,-0.4118962464162689,-0.2736024384404949,0.113,-0.43021852071614186,-0.2600999444366789,0.113,-0.4118962464162689,-0.2736024384404949,0.113,7283072.579501734,7283072.629501734,0.05048056598752737,0.049999999813735485,1,True,2191,5,1.8742072626125543,17.26918399168164,4.900068044662309e-06,1,False,,True,268,0.006104900501668453,0.06444850005209446,15.51626491216535,False,False,False,,2.885676383972168,5.757781505584717,2.4603397846221924,3.1811258792877197,,,2.611525535583496,False,0.266196664,0.712787611121,3,-1.0,-1.0,1.4142135381698608,-0.26619666814804077,-0.26619666814804077,0.37645894289016724,0.0052360910922288895,-0.26619666814804077,0.2662481665611267,-0.07272278517484665,-0.26619669795036316,0.2759515941143036,-0.07272279262542725,-0.26619669795036316,0.2759515941143036,-0.0727229118347168,-0.26619672775268555,0.27595165371894836,False,False,1.1289995163679123,,,,,,,,,,,1.5252996236085892,1.0,-1.0,1.4142135381698608,0.921016275882721,-1.0,513.025390625,52.400001525878906,513.025390625,0.0,4.510013580322266,0.5,5.010013580322266,0.5,0.5,0.0,0.5,0.1394195556640625,-0.27924370765686035,0.31211352348327637,0.30275142192840576,3.374847888946533,1.3748478889465332,2.0,1.5,3.0,True,,True,False,-0.5687994404324245,-0.34574021801599214,0.11300626904727364,False,,False,timeout
355,1787741867.8724706,17.750003299675882,0.050000899471342564,19.999640217935248,0.050000899471342564,19.999640217935248,3.3657997846603394e-06,False,False,7283072.679501734,7283072.6835511,4.049366340041161,7283072.729501734,0.0,0.008042399771511555,124.34099627107342,0.04854406602680683,0.9708813241529514,355,354,-0.5376096247316717,-0.3321193795373993,0.113,-0.39155754631230216,-0.2885909257704292,0.113,-0.4118962464162689,-0.2736024384404949,0.113,-0.39155754631230216,-0.2885909257704292,0.113,7283072.629501734,7283072.679501734,0.04854406602680683,0.049999999813735485,1,True,2197,5,1.8876251516667335,17.12639805155203,4.239977151155455e-05,1,False,,False,,,,,False,False,False,,2.812953472137451,5.491584777832031,2.629368543624878,2.9178030490875244,,,2.5803208351135254,False,0.266196664,0.712787611121,3,-1.0,-1.0,1.4142135381698608,-0.26619666814804077,-0.26619666814804077,0.37645894289016724,-0.26619666814804077,-0.26619666814804077,0.37645894289016724,-0.21062861382961273,-0.26619669795036316,0.3394482135772705,-0.21062861382961273,-0.26619669795036316,0.3394482135772705,-0.21062850952148438,-0.26619672775268555,0.3394481837749481,False,False,1.9626002758741379,,,,,,,,,,,1.7085997387766838,1.0,-0.9904344081878662,1.407465934753418,1.0,-1.0,564.2254028320312,52.400001525878906,564.2254028320312,0.5012370347976685,5.010013580322266,0.5,5.510013580322266,0.5,0.5,0.0,0.5,0.16902875900268555,-0.2633228302001953,0.31290513277053833,0.3380575180053711,3.3931169509887695,1.3931169509887695,2.0,1.5,3.0,True,,True,False,-0.5554761459760837,-0.3382098454638624,0.11308071395202657,False,,False,timeout
356,1787741867.9230285,17.802335100248456,0.05233180057257414,19.108839922547524,0.05233180057257414,19.108839922547524,0.002335166558623314,True,False,7283072.729501734,7283072.7357257,6.223966367542744,7283072.779501733,0.0,0.008005400188267231,124.9156789769994,0.05456676613539457,1.0,356,355,-0.5201140807606962,-0.3282989232838642,0.113,-0.3715410102757209,-0.30334199615545143,0.113,-0.39155754631230216,-0.2885909257704292,0.113,-0.3715410102757209,-0.30334199615545143,0.113,7283072.679501734,7283072.729501734,0.05456676613539457,0.049999999813735485,1,True,2204,5,1.8944305906133427,16.959743923170198,5.400188267230821e-06,1,False,,True,269,0.025967299938201904,0.06218250002712011,16.081695003640295,False,False,False,,2.602324962615967,5.225388050079346,2.870134115219116,2.6348438262939453,,,2.6043503284454346,False,0.266196664,0.712787611121,3,-0.6844449639320374,-1.0,1.211802363395691,-0.1821969747543335,-0.26619666814804077,0.32257774472236633,-0.10633503645658493,-0.19677218794822693,0.22366589307785034,-0.13628941774368286,-0.21671178936958313,0.25600549578666687,-0.13628941774368286,-0.21671178936958313,0.25600549578666687,-0.13628935813903809,-0.21671199798583984,0.2560056447982788,False,False,1.2285998091101646,,,,,,,,,,,1.6176998615264893,1.0,-0.8880579471588135,1.3374030590057373,1.0,-0.9904344081878662,615.4254150390625,52.400001525878906,615.4254150390625,5.8657636642456055,5.510013580322266,0.5,6.010013580322266,0.5,0.5,0.0,0.5,0.24076557159423828,-0.2829592227935791,0.3715292513370514,0.48153114318847656,3.395073175430298,1.3950731754302979,2.0,1.5,3.0,True,,True,False,-0.5387552936759432,-0.33167343131179217,0.11306784455055136,False,,False,timeout
357,1787741867.9706178,17.850002700462937,0.047667600214481354,20.97861011463718,0.047667600214481354,20.97861011463718,2.7669593691825867e-06,False,False,7283072.779501733,7283072.7837773,4.275566898286343,7283072.829501733,0.0,0.008013200014829636,124.79408952095906,0.05265566613525152,1.0,357,356,-0.5048287981091972,-0.3268487143706459,0.113,-0.35145582538435943,-0.3181436569166936,0.113,-0.3715410102757209,-0.30334199615545143,0.113,-0.35145582538435943,-0.3181436569166936,0.113,7283072.729501734,7283072.779501733,0.05265566613525152,0.049999999813735485,1,True,2210,5,1.907078125039331,17.269009627442347,1.3200014829635454e-05,1,False,,True,270,0.010920400731265545,0.08269490022212267,12.092644132999128,False,False,False,,2.4660356044769287,5.008676052093506,3.1056814193725586,2.418177366256714,,,2.6683008670806885,False,0.266196664,0.712787611121,3,0.08365896344184875,-1.0,1.003493309020996,0.022269736975431442,-0.26619666814804077,0.26712659001350403,-0.26619666814804077,-0.26619666814804077,0.37645894289016724,-0.228885680437088,-0.2519840598106384,0.3404183089733124,-0.228885680437088,-0.2519840598106384,0.3404183089733124,-0.22888565063476562,-0.2519841194152832,0.3404183089733124,False,False,1.2536998838186264,,,,,,,,,,,1.6585001721978188,1.0,-0.7972107529640198,1.2788842916488647,1.0,-0.8880579471588135,666.6253662109375,52.400001525878906,666.6253662109375,10.6261568069458,6.010013580322266,0.5,6.510013580322266,0.5,0.5,0.0,0.5,0.23554730415344238,-0.21666646003723145,0.3200420141220093,0.47109460830688477,3.4805960655212402,1.4805960655212402,2.0,1.5,3.0,True,,True,False,-0.5238613970472848,-0.3280523428660068,0.1130784449323675,False,,False,timeout
358,1787741868.0212688,17.900003700517118,0.05000100005418062,19.99959998632846,0.05000100005418062,19.99959998632846,3.7671998143196106e-06,False,False,7283072.829501733,7283072.8335509,4.049167037010193,7283072.879501733,0.0,0.00819579977542162,122.01371768486824,0.05088656675070524,1.0,358,357,-0.48947377207041254,-0.3268910960592041,0.113,-0.3313016378736783,-0.33299616875888594,0.113,-0.35145582538435943,-0.3181436569166936,0.113,-0.3313016378736783,-0.33299616875888594,0.113,7283072.779501733,7283072.829501733,0.05088656675070524,0.049999999813735485,1,True,2216,5,1.9084360121633341,17.737384729333293,0.00019579977542161925,1,False,,False,,,,,False,False,False,,2.237149953842163,4.756691932678223,3.366145372390747,2.225750684738159,,,2.771334409713745,False,0.266196664,0.712787611121,3,-0.5612844228744507,-1.0,1.1467519998550415,-0.14941203594207764,-0.26619666814804077,0.3052615821361542,-0.26619666814804077,-0.26619666814804077,0.37645894289016724,-0.25548046827316284,-0.26211464405059814,0.36602506041526794,-0.25548046827316284,-0.26211464405059814,0.36602506041526794,-0.2554805278778076,-0.2621145248413086,0.36602503061294556,False,False,1.640399917960167,,,,,,,,,,,1.7472999170422554,1.0,-0.7168124318122864,1.2303739786148071,1.0,-0.7972107529640198,717.8253784179688,52.400001525878906,717.8253784179688,14.839029312133789,6.510013580322266,0.5,7.010013580322266,0.5,0.5,0.0,0.5,0.2604639530181885,-0.1924266815185547,0.3238356113433838,0.520927906036377,3.5863802433013916,1.5863802433013916,2.0,1.5,3.0,True,,True,False,-0.5085474291914448,-0.32625794669245933,0.11308675921204646,False,,False,timeout
359,1787741868.0760372,17.954308699816465,0.0543049992993474,18.414510871967128,0.0543049992993474,18.414510871967128,0.004308766685426235,True,False,7283072.879501733,7283072.8878895,8.387766778469086,7283072.929501733,0.0,0.008017499931156635,124.72716040993295,0.05694606713950634,1.0,359,358,-0.4716337761117384,-0.3285295426746503,0.113,-0.31107809154424,-0.34789979418114214,0.113,-0.3313016378736783,-0.33299616875888594,0.113,-0.31107809154424,-0.34789979418114214,0.113,7283072.829501733,7283072.879501733,0.05694606713950634,0.049999999813735485,1,True,2223,5,1.9030925432743953,18.07504475437621,1.7499931156635118e-05,1,False,,True,271,0.05101349949836731,0.062488299794495106,16.00299581343538,False,False,False,,1.9816694259643555,4.494577407836914,3.691249370574951,2.030240297317505,,,2.999269962310791,False,0.266196664,0.712787611121,3,1.0,-1.0,1.4142135381698608,0.26619666814804077,-0.26619666814804077,0.37645894289016724,-0.1821969747543335,-0.26619666814804077,0.32257774472236633,-0.20324492454528809,-0.26502424478530884,0.3339855670928955,-0.20324492454528809,-0.26502424478530884,0.3339855670928955,-0.20324492454528809,-0.26502418518066406,0.33398550748825073,False,False,1.1583995074033737,,,,,,,,,,,1.6981996595859528,1.0,-0.6028670072555542,1.1676679849624634,1.0,-0.7168124318122864,769.025390625,52.400001525878906,769.025390625,20.809768676757812,7.010013580322266,0.5,7.510013580322266,0.5,0.5,0.0,0.5,0.3251039981842041,-0.1955103874206543,0.3793638348579407,0.6502079963684082,3.6545629501342773,1.6545629501342773,2.0,1.5,3.0,True,,True,False,-0.49051416793686436,-0.32614172635542377,0.11307252986979734,False,,False,timeout
360,1787741868.120543,18.000002400018275,0.045693700201809406,21.88485492712191,0.045693700201809406,21.88485492712191,2.4670735001564026e-06,False,False,7283072.929501733,7283072.933471,3.9692670106887817,7283072.979501733,0.0,0.008000900037586689,124.9859384946934,0.046962167136371136,0.9392433462263768,360,359,-0.4590088664892517,-0.3306300089183387,0.113,-0.2903862212745118,-0.36314854822073667,0.113,-0.31107809154424,-0.34789979418114214,0.113,-0.2903862212745118,-0.36314854822073667,0.113,7283072.879501733,7283072.929501733,0.046962167136371136,0.049999999813735485,1,True,2228,5,1.6498736501684295,18.822806243060764,9.000375866888288e-07,1,False,,True,272,0.01661560032516718,0.06445060018450022,15.515759312362322,False,False,False,,1.7784245014190674,4.22955322265625,3.980489730834961,1.8868672847747803,,,3.2151622772216797,False,0.266196664,0.712787611121,3,1.0,-1.0,1.4142135381698608,0.26619666814804077,-0.26619666814804077,0.37645894289016724,0.022269736975431442,-0.26619666814804077,0.26712659001350403,-0.042500872164964676,-0.2658599019050598,0.26923561096191406,-0.04250086843967438,-0.2658599019050598,0.26923561096191406,-0.042500853538513184,-0.26585984230041504,0.2692355513572693,False,False,1.1080000549554825,,,,,,,,,,,1.609700731933117,0.9270913004875183,-0.5045939087867737,1.0555156469345093,1.0,-0.6028670072555542,816.492431640625,52.400001525878906,816.492431640625,25.959280014038086,7.510013580322266,0.5,7.973559379577637,0.5,0.4635457992553711,0.0,0.4635457992553711,0.28924036026000977,-0.1433730125427246,0.32282471656799316,0.5784807205200195,3.7922208309173584,1.7922208309173584,2.0,1.5,3.0,True,,True,False,-0.4752101874802734,-0.3275129547080073,0.11309735167048054,False,,False,timeout
361,1787741868.170186,18.050001700408757,0.04999930039048195,20.000279847722904,0.04999930039048195,20.000279847722904,1.7676502466201782e-06,False,False,7283072.979501733,7283072.9833903,3.888566978275776,7283073.029501732,0.0,0.008008499629795551,124.86733423567992,0.05301006697118282,1.0,361,360,-0.44153097680992076,-0.3345749248875983,0.113,-0.27162127539545405,-0.3769772664828396,0.113,-0.2903862212745118,-0.36314854822073667,0.113,-0.27162127539545405,-0.3769772664828396,0.113,7283072.929501733,7283072.979501733,0.05301006697118282,0.049999999813735485,1,True,2235,5,1.8973242982260103,19.40933271617522,8.499629795551134e-06,1,False,,True,273,0.003176400437951088,0.07985549978911877,12.522619013603137,False,False,False,,1.7359236478805542,3.963693380355835,4.277853965759277,1.7580891847610474,,,3.365427017211914,False,0.266196664,0.712787611121,3,1.0,-0.5719321370124817,1.1520010232925415,0.26619666814804077,-0.15224643051624298,0.3066588342189789,-0.14941203594207764,-0.26619666814804077,0.3052615821361542,-0.11870582401752472,-0.2660999298095703,0.2913764715194702,-0.11870582401752472,-0.2660999298095703,0.2913764715194702,-0.1187058687210083,-0.2660999298095703,0.2913764715194702,False,False,1.1034002527594566,,,,,,,,,,,1.5563005581498146,0.9496861100196838,-0.4470323920249939,1.0496388673782349,0.9270913004875183,-0.5045939087867737,865.1163940429688,52.400001525878906,865.1163940429688,28.97550392150879,7.973559379577637,0.5,8.448402404785156,0.5,0.47484302520751953,0.0,0.47484302520751953,0.2973642349243164,-0.1287781000137329,0.3240513801574707,0.6414991021156311,3.90397572517395,1.9039757251739502,2.0,1.5,3.0,True,,True,False,-0.4599027289662532,-0.32983588654518076,0.11306471135350017,False,,False,timeout
362,1787741868.2203639,18.10000339988619,0.05000169947743416,19.99932023213134,0.05000169947743416,19.99932023213134,3.4673139452934265e-06,False,False,7283073.029501732,7283073.0329579,3.4561678767204285,7283073.079501732,0.0,0.008004199713468552,124.93441390740344,0.051073167473077774,1.0,362,361,-0.42674946357478216,-0.33874605007374475,0.113,-0.2519941376642007,-0.39144137204042084,0.113,-0.27162127539545405,-0.3769772664828396,0.113,-0.2519941376642007,-0.39144137204042084,0.113,7283072.979501733,7283073.029501732,0.051073167473077774,0.049999999813735485,1,True,2241,5,1.8975052183090633,20.150201457050805,4.199713468551469e-06,1,False,,False,,,,,False,False,False,,1.617217779159546,3.6975934505462646,4.579160213470459,1.6481132507324219,,,3.601870536804199,True,0.266196664,0.712787611121,3,1.0,-1.0,1.4142135381698608,0.26619666814804077,-0.26619666814804077,0.37645894289016724,0.26619666814804077,-0.26619666814804077,0.37645894289016724,0.1556478887796402,-0.26616889238357544,0.3083377182483673,0.155647873878479,-0.26616889238357544,0.3083377182483673,0.155647873878479,-0.26616883277893066,0.30833765864372253,False,False,1.2966999784111977,,,,,,,,,,,1.8708007410168648,0.9153710007667542,-0.40911421179771423,1.0026358366012573,0.9496861100196838,-0.4470323920249939,911.9833984375,52.400001525878906,911.9833984375,30.962413787841797,8.448402404785156,0.5,8.906087875366211,0.5,0.4576854705810547,0.0,0.4576854705810547,0.30130624771118164,-0.10997593402862549,0.3207493722438812,0.6345386505126953,4.035987854003906,2.0359878540039062,2.0,1.5,3.0,True,,True,False,-0.44489645227113306,-0.33320264973306923,0.11310059457502214,False,,False,timeout
363,1787741868.2729616,18.152260400354862,0.05225700046867132,19.136192108835477,0.05225700046867132,19.136192108835477,0.0022604679688811302,True,False,7283073.079501732,7283073.0853834,5.881668068468571,7283073.129501732,0.0,0.008001199923455715,124.98125400772393,0.04909086786210537,0.9818173608996621,363,362,-0.41215074399972773,-0.34351899090440496,0.113,-0.23350921434561844,-0.40506372929723206,0.113,-0.2519941376642007,-0.39144137204042084,0.113,-0.23350921434561844,-0.40506372929723206,0.113,7283073.029501732,7283073.079501732,0.04909086786210537,0.049999999813735485,1,True,2247,5,1.63964826422741,20.534189284522377,1.199923455715013e-06,1,False,,True,274,0.03986630029976368,0.06344000063836575,15.76292544037655,False,False,False,,1.772865653038025,3.431424617767334,4.934473991394043,1.5360006093978882,,,3.686244487762451,True,0.266196664,0.712787611121,3,1.0,-1.0,1.4142135381698608,0.26619666814804077,-0.26619666814804077,0.37645894289016724,0.26619666814804077,-0.26619666814804077,0.37645894289016724,0.2344456911087036,-0.26618868112564087,0.3547128438949585,0.2344456911087036,-0.26618868112564087,0.3547128438949585,0.2344456911087036,-0.2661886215209961,0.3547128140926361,False,False,1.0889004915952682,,,,,,,,,,,1.4725998044013977,0.9908477067947388,-0.3554539382457733,1.0526759624481201,0.9153710007667542,-0.40911421179771423,962.71484375,52.400001525878906,962.71484375,33.77421188354492,8.906087875366211,0.5,9.401512145996094,0.5,0.4954242706298828,0.0,0.4954242706298828,0.355313777923584,-0.11211264133453369,0.37258172035217285,0.7763274312019348,4.104511260986328,2.104511260986328,2.0,1.5,3.0,True,,True,False,-0.4276105990522906,-0.33805667941250556,0.11302603761905106,False,,False,timeout
364,1787741868.3205347,18.200001699849963,0.047741299495100975,20.946224978702478,0.047741299495100975,20.946224978702478,1.7676502466201782e-06,False,False,7283073.129501732,7283073.1333569,3.8551678881049156,7283073.179501732,0.0,0.008002899587154388,124.95471036586785,0.04711886774748564,0.942377358460342,364,363,-0.39773506822915633,-0.34881938910842336,0.113,-0.21294742969879493,-0.4202166174899068,0.113,-0.23350921434561844,-0.40506372929723206,0.113,-0.21294742969879493,-0.4202166174899068,0.113,7283073.079501732,7283073.129501732,0.04711886774748564,0.049999999813735485,1,True,2253,5,1.6343727784241986,21.444430929815,2.899587154388261e-06,1,False,,True,275,0.009192300029098988,0.06581159960478544,15.194889745960312,False,False,False,,2.0073113441467285,3.165235996246338,5.241120338439941,1.4501975774765015,,,3.660447597503662,True,0.266196664,0.712787611121,3,1.0,-0.3380746841430664,1.0556014776229858,0.26619666814804077,-0.08999435603618622,0.2809976041316986,0.26619666814804077,-0.15224643051624298,0.3066588342189789,0.2570773959159851,-0.18497204780578613,0.31670719385147095,0.2570773959159851,-0.18497204780578613,0.31670719385147095,0.2570774555206299,-0.18497204780578613,0.31670722365379333,False,False,1.085200347006321,,,,,,,,,,,1.5505999326705933,1.0,-0.2873547673225403,1.040467619895935,0.9908477067947388,-0.3554539382457733,1013.9148559570312,52.400001525878906,1013.9148559570312,37.342613220214844,9.401512145996094,0.5,9.901512145996094,0.5,0.5,0.0,0.5,0.30664634704589844,-0.08580303192138672,0.3184244632720947,0.6189570426940918,4.267520904541016,2.2675209045410156,2.0,1.5,3.0,True,,True,False,-0.41293281909397644,-0.3428072804370809,0.11301886425805406,False,,False,timeout
365,1787741868.3711033,18.25000310037285,0.05000140052288771,19.99943980653619,0.05000140052288771,19.99943980653619,3.168359398841858e-06,False,False,7283073.179501732,7283073.1829982,3.4964680671691895,7283073.229501732,0.0,0.008001299574971199,124.9796974391625,0.053150967694818974,1.0,365,364,-0.38114145024900575,-0.3555831973661914,0.113,-0.19231416971190554,-0.43542217902077446,0.113,-0.21294742969879493,-0.4202166174899068,0.113,-0.19231416971190554,-0.43542217902077446,0.113,7283073.129501732,7283073.179501732,0.053150967694818974,0.049999999813735485,1,True,2260,5,1.888572898304361,22.389763350293478,1.2995749711988691e-06,1,False,,False,,,,,False,False,False,,2.2643887996673584,2.9802639484405518,5.54825496673584,1.3752142190933228,,,3.655128240585327,True,0.266196664,0.712787611121,3,1.0,-0.29241132736206055,1.0418754816055298,0.26619666814804077,-0.07783892005681992,0.27734375,0.26619666814804077,-0.26619666814804077,0.37645894289016724,0.26357752084732056,-0.24286794662475586,0.3584102988243103,0.26357752084732056,-0.24286794662475586,0.3584102988243103,0.2635774612426758,-0.24286794662475586,0.3584102690219879,False,False,1.4033997431397438,,,,,,,,,,,1.815900206565857,1.0,-0.20645296573638916,1.0210890769958496,1.0,-0.2873547673225403,1065.1148681640625,52.400001525878906,1065.1148681640625,41.58186340332031,9.901512145996094,0.5,10.401512145996094,0.5,0.5,0.0,0.5,0.30713462829589844,-0.07498335838317871,0.3161553144454956,0.6142692565917969,4.440365791320801,2.440365791320801,2.0,1.5,3.0,True,,True,False,-0.3984927423815065,-0.34812643862960374,0.11301302681522984,False,,False,timeout
366,1787741868.4257996,18.304050500504673,0.05404740013182163,18.502277585249235,0.05404740013182163,18.502277585249235,0.004050568677484989,True,False,7283073.229501732,7283073.2384442,8.942468091845512,7283073.2795017315,0.0,0.008004099130630493,124.93598388520067,0.05117386765778065,1.0,366,365,-0.3670993416676057,-0.3618070868094745,0.113,-0.17120235779137957,-0.45098040662948197,0.113,-0.19231416971190554,-0.43542217902077446,0.113,-0.17120235779137957,-0.45098040662948197,0.113,7283073.179501732,7283073.229501732,0.05117386765778065,0.049999999813735485,1,True,2266,5,1.629734550439164,23.153515843269375,4.0991306304929975e-06,1,False,,True,276,0.04891359992325306,0.07817090023308992,12.792484121561872,False,False,False,,2.527966260910034,2.737396001815796,5.907369136810303,1.2990541458129883,,,3.6727633476257324,True,0.266196664,0.712787611121,3,1.0,0.3671770691871643,1.0652788877487183,0.26619666814804077,0.09774131327867508,0.2835736870765686,0.26619666814804077,-0.26619666814804077,0.37645894289016724,0.26544439792633057,-0.25949639081954956,0.37121301889419556,0.26544439792633057,-0.25949639081954956,0.37121301889419556,0.2654445171356201,-0.25949645042419434,0.3712131381034851,False,False,1.4419006183743477,,,,,,,,,,,2.1425997838377953,1.0,-0.14376957714557648,1.010282039642334,1.0,-0.20645296573638916,1116.3148193359375,52.400001525878906,1116.3148193359375,44.866477966308594,10.401512145996094,0.5,10.901512145996094,0.5,0.5,0.0,0.5,0.3591141700744629,-0.07616007328033447,0.3671012818813324,0.7182283401489258,4.5646257400512695,2.5646257400512695,2.0,1.5,3.0,True,,True,False,-0.3818803814789807,-0.35494239551108514,0.1130186000505474,False,,False,timeout
367,1787741868.4713044,18.35000320058316,0.045952700078487396,21.761506903663896,0.045952700078487396,21.761506903663896,3.2689422369003296e-06,False,False,7283073.2795017315,7283073.2836819,4.180168733000755,7283073.329501731,0.0,0.008009499870240688,124.851740583142,0.04919956810772419,0.9839913658201372,367,366,-0.35320749337547247,-0.36835974138145594,0.113,-0.1504236045710813,-0.4662931885566578,0.113,-0.17120235779137957,-0.45098040662948197,0.113,-0.1504236045710813,-0.4662931885566578,0.113,7283073.229501732,7283073.2795017315,0.04919956810772419,0.049999999813735485,1,True,2272,5,1.6252272339650455,24.144577072227534,9.499870240688157e-06,1,False,,True,277,0.03121220041066408,0.06460369937121868,15.478989744130748,False,False,False,,2.7934107780456543,2.4778995513916016,6.215559482574463,1.2413250207901,,,3.6387109756469727,True,0.266196664,0.712787611121,3,1.0,0.7484623789787292,1.2490780353546143,0.26619666814804077,0.19923819601535797,0.3325004279613495,0.26619666814804077,-0.08999435603618622,0.2809976041316986,0.26598066091537476,-0.1386774629354477,0.2999619245529175,0.26598066091537476,-0.1386774629354477,0.2999619245529175,0.26598072052001953,-0.13867735862731934,0.2999619245529175,False,False,1.1389991268515587,,,,,,,,,,,1.627400517463684,1.0,-0.1015787273645401,1.0051459074020386,1.0,-0.14376957714557648,1167.514892578125,52.400001525878906,1167.514892578125,47.07727813720703,10.901512145996094,0.5,11.401512145996094,0.5,0.5,0.0,0.5,0.30819034576416016,-0.057729125022888184,0.31355053186416626,0.6163806915283203,4.744229793548584,2.744229793548584,2.0,1.5,3.0,True,,True,False,-0.3677950223604891,-0.3611945361403189,0.11301371735574715,False,,False,timeout
368,1787741868.5209837,18.400002299807966,0.04999909922480583,20.00036031656895,0.04999909922480583,20.00036031656895,2.368353307247162e-06,False,False,7283073.329501731,7283073.3333359,3.834168426692486,7283073.379501731,0.0,0.008006500080227852,124.89851870101295,0.047231768257915974,0.9446353686773604,368,367,-0.3394498486853141,-0.37518983387804405,0.113,-0.12957224072074808,-0.4816594804673987,0.113,-0.1504236045710813,-0.4662931885566578,0.113,-0.12957224072074808,-0.4816594804673987,0.113,7283073.2795017315,7283073.329501731,0.047231768257915974,0.049999999813735485,1,True,2278,5,1.6298555202497753,25.16371798190386,6.500080227851701e-06,1,False,,True,278,0.0017833998426795006,0.06337210070341825,15.779814601381213,False,False,False,,3.059391498565674,2.3392221927642822,6.521697998046875,1.1902987957000732,,,3.6479570865631104,True,0.266196664,0.712787611121,3,1.0,0.6453067660331726,1.1901347637176514,0.26619666814804077,0.17177851498126984,0.31680992245674133,0.26619666814804077,-0.07783892005681992,0.27734375,0.266134649515152,-0.09531247615814209,0.28268730640411377,0.266134649515152,-0.09531247615814209,0.28268730640411377,0.26613473892211914,-0.09531235694885254,0.28268736600875854,False,False,1.0957997292280197,,,,,,,,,,,1.5025995671749115,1.0,-0.057201843708753586,1.0016347169876099,1.0,-0.1015787273645401,1218.71484375,52.400001525878906,1218.71484375,49.40262222290039,11.401512145996094,0.5,11.901512145996094,0.5,0.5,0.0,0.5,0.3061385154724121,-0.051026225090026855,0.3103618323802948,0.6122770309448242,4.928397178649902,2.9283971786499023,2.0,1.5,3.0,True,,True,False,-0.3539465836541009,-0.36774099127585475,0.11304817490455646,False,,False,timeout
369,1787741868.5726256,18.450004000216722,0.05000170040875673,19.99931985962764,0.05000170040875673,19.99931985962764,4.068948328495026e-06,False,False,7283073.379501731,,,7283073.429501731,,0.0080016003921628,124.97499887390704,0.05326526891440153,1.0,369,368,-0.3235499572061913,-0.38345490334899984,0.113,-0.10864788497123404,-0.4970795633357951,0.113,-0.12957224072074808,-0.4816594804673987,0.113,-0.10864788497123404,-0.4970795633357951,0.113,7283073.329501731,7283073.379501731,0.05326526891440153,0.049999999813735485,1,True,2285,5,1.882864479515493,26.191973027941685,1.6003921627996687e-06,1,False,,False,,,,,False,False,False,,3.325526237487793,2.2439098358154297,6.828792572021484,1.1434019804000854,,,3.672055721282959,True,0.266196664,0.712787611121,3,1.0,-1.0,1.4142135381698608,0.26619666814804077,-0.26619666814804077,0.37645894289016724,0.26619666814804077,0.09774131327867508,0.2835736870765686,0.2661788761615753,0.04229390621185303,0.26951801776885986,0.2661788761615753,0.04229390621185303,0.26951801776885986,0.26617884635925293,0.04229402542114258,0.26951801776885986,False,False,1.957499422132969,,,,,,,,,,,2.592400647699833,1.0,-0.03228491172194481,1.0005210638046265,1.0,-0.057201843708753586,750.4683837890625,118.13679504394531,750.4683837890625,118.13679504394531,6.828792572021484,1.1434019804000854,7.328792572021484,1.1272594928741455,0.5,-0.01614248752593994,0.5002605319023132,0.3070945739746094,-0.04689681529998779,0.31065478920936584,0.6141891479492188,5.1133599281311035,3.1133599281311035,2.0,1.5,3.0,False,lag_over_hard_limit,False,False,-0.340136959468815,-0.374544861636864,0.11301942806810117,False,,False,timeout
370,1787741868.6242418,18.501495100557804,0.05149110034108162,19.420831820953744,0.05149110034108162,19.420831820953744,0.0014951694756746292,True,False,7283073.429501731,7283073.4365294,7.027668878436089,7283073.479501731,0.0,0.00801130011677742,124.82368472325491,0.10128596890717745,1.0,370,-1,-0.33708128105632,-0.37618628072411847,0.113,-0.340136959468815,-0.374544861636864,0.113,-0.340136959468815,-0.374544861636864,0.113,-0.340136959468815,-0.374544861636864,0.113,7283073.3843212,7283073.3843212,0.046466500498354435,0.0,1,True,2291,6,1.1117594627401073,1.458522555335052,1.1300116777419877e-05,1,False,,True,279,0.03859390038996935,0.0794302998110652,12.589654104021058,False,False,False,,3.591705083847046,2.2862038612365723,7.119141578674316,1.1025983095169067,,,3.7207162380218506,True,0.266196664,0.712787611121,3,0.640283465385437,-1.0,1.1874185800552368,0.17044132947921753,-0.26619666814804077,0.31608688831329346,0.26619666814804077,0.19923819601535797,0.3325004279613495,0.2661915421485901,0.15416188538074493,0.3076098561286926,0.2661915421485901,0.15416188538074493,0.3076098561286926,0.2661914825439453,0.15416193008422852,0.30760982632637024,False,False,1.421700231730938,,,,,,,,,,,2.4143997579813004,0.9658949971199036,-0.02923966571688652,0.9663374423980713,1.0,-0.03228491172194481,748.7221069335938,118.29637145996094,748.7221069335938,118.29637145996094,6.828792572021484,1.1434019804000854,7.311739921569824,1.1287821531295776,0.48294734954833984,-0.014619827270507812,0.4831686019897461,0.29034900665283203,-0.04080367088317871,0.29320210218429565,,0.29320210218429565,0.0,2.0,1.5,3.0,True,,False,False,-0.327146054796155,-0.3811754861856005,0.11300428038112541,False,,False,timeout
371,1787741868.6708004,18.550002600066364,0.048507499508559704,20.615368966267546,0.048507499508559704,20.615368966267546,2.6691704988479614e-06,False,False,7283073.479501731,7283073.4834621,3.9603691548109055,7283073.529501731,0.0,0.008006500080227852,124.89851870101295,0.04933016933500767,0.9866033903755373,371,370,-0.325881080171966,-0.3841787100955441,0.113,-0.3205023348922697,-0.38781356248475357,0.113,-0.340136959468815,-0.374544861636864,0.113,-0.3205023348922697,-0.38781356248475357,0.113,7283073.429501731,7283073.479501731,0.04933016933500767,0.049999999813735485,1,True,2296,6,0.5311125474263112,1.1742165783162368,6.500080227851701e-06,1,False,,True,280,0.021458099596202374,0.06491259951144457,15.405329743784065,False,False,False,,3.857896566390991,2.440365791320801,7.0697784423828125,1.116328477859497,,,3.47408390045166,False,0.266196664,0.712787611121,3,1.0,-1.0,1.4142135381698608,0.26619666814804077,-0.26619666814804077,0.37645894289016724,0.26619666814804077,0.17177851498126984,0.31680992245674133,0.2661951780319214,0.16671881079673767,0.3140939772129059,0.2661951780319214,0.16671881079673767,0.3140939772129059,0.26619505882263184,0.1667187213897705,0.31409382820129395,False,False,1.1413004249334335,,,,,,,,,,,1.478699967265129,0.9638604521751404,-0.08200880885124207,0.9673429727554321,0.9658949971199036,-0.02923966571688652,798.0718383789062,113.99910736083984,798.0718383789062,113.99910736083984,7.311739921569824,1.1287821531295776,7.793670177459717,1.0877777338027954,0.4819302558898926,-0.04100441932678223,0.48367151618003845,-0.049363136291503906,0.013730168342590332,0.051237065345048904,-0.10297852009534836,0.24228176474571228,0.0,2.0,1.5,3.0,True,,False,False,-0.3295879190178576,-0.38037510764487475,0.11300282333446648,False,,False,timeout
372,1787741868.7214155,18.600002800114453,0.05000020004808903,19.999919981084542,0.05000020004808903,19.999919981084542,2.8694048523902893e-06,False,False,7283073.529501731,7283073.5335362,4.034469835460186,7283073.57950173,0.0,0.00800469983369112,124.92660821472438,0.04736966919153929,0.9473933873601011,372,371,-0.31274351877660594,-0.3921345202386511,0.113,-0.2992425504485985,-0.400051033477612,0.113,-0.3205023348922697,-0.38781356248475357,0.113,-0.2992425504485985,-0.400051033477612,0.113,7283073.479501731,7283073.529501731,0.04736966919153929,0.049999999813735485,1,True,2302,6,1.7112501767229706,3.275710463707212,4.699833691119981e-06,1,False,,False,,,,,False,False,False,,4.124091625213623,2.6070845127105713,7.1389336585998535,1.1263699531555176,,,3.358837366104126,False,0.266196664,0.712787611121,3,1.0,-0.45085370540618896,1.0969362258911133,0.26619666814804077,-0.12001575529575348,0.29200077056884766,0.26619666814804077,-0.26619666814804077,0.37645894289016724,0.26619619131088257,-0.14185799658298492,0.3016357123851776,0.26619619131088257,-0.14185798168182373,0.3016357123851776,0.26619625091552734,-0.14185786247253418,0.3016357123851776,False,False,1.630900427699089,,,,,,,,,,,2.0302003249526024,0.9912458062171936,-0.07831157743930817,0.9943344593048096,0.9638604521751404,-0.08200880885124207,848.8236083984375,109.89556884765625,848.8236083984375,109.89556884765625,7.793670177459717,1.0877777338027954,8.28929328918457,1.0486218929290771,0.4956231117248535,-0.03915584087371826,0.4971674382686615,0.06915521621704102,0.010041475296020508,0.06988043338060379,0.1407049149274826,0.6558729410171509,0.0,2.0,1.5,3.0,True,,False,False,-0.32715838351744453,-0.382912430237058,0.11304946957939453,False,,False,timeout
373,1787741868.776123,18.65339360013604,0.0533908000215888,18.729818612862996,0.0533908000215888,18.729818612862996,0.0033936696127057076,True,False,7283073.57950173,7283073.5882821,8.78036953508854,7283073.62950173,0.0,0.008002899587154388,124.95471036586785,0.05354626942425966,1.0,373,372,-0.2973520797264418,-0.4013120728332332,0.113,-0.2782004610828004,-0.4128139172998106,0.113,-0.2992425504485985,-0.400051033477612,0.113,-0.2782004610828004,-0.4128139172998106,0.113,7283073.529501731,7283073.57950173,0.05354626942425966,0.049999999813735485,1,True,2309,6,1.8636796423539677,4.09758094467064,2.899587154388261e-06,1,False,,True,281,0.04595229960978031,0.06541800033301115,15.28631255785086,False,False,False,,4.39028787612915,2.465226650238037,7.467541217803955,1.1109066009521484,,,3.362093210220337,False,0.266196664,0.712787611121,3,1.0,-1.0,1.4142135381698608,0.26619666814804077,-0.26619666814804077,0.37645894289016724,0.17044132947921753,-0.26619666814804077,0.31608688831329346,0.1979433298110962,-0.23048502206802368,0.3038172125816345,0.1979433298110962,-0.23048502206802368,0.3038172125816345,0.19794321060180664,-0.2304849624633789,0.30381709337234497,False,False,1.7577996477484703,,,,,,,,,,,2.3527992889285088,0.9503352046012878,-0.0283300019800663,0.9507573843002319,0.9912458062171936,-0.07831157743930817,897.480712890625,108.41107177734375,897.480712890625,108.41107177734375,8.28929328918457,1.0486218929290771,8.764460563659668,1.0344568490982056,0.47516727447509766,-0.014165043830871582,0.4753783643245697,0.32860755920410156,-0.01546335220336914,0.32897117733955383,0.6613560318946838,0.8241091370582581,0.0,2.0,1.5,3.0,True,,False,False,-0.31345435310175646,-0.39192920129713527,0.11290675400182179,False,,False,timeout
374,1787741868.8206732,18.700002499856055,0.04660889972001314,21.45512994314722,0.04660889972001314,21.45512994314722,2.5695189833641052e-06,False,False,7283073.62950173,7283073.6335148,4.0130699053406715,7283073.67950173,0.0,0.0080035999417305,124.9437762107566,0.05155976954847574,1.0,374,373,-0.28442792852213666,-0.40961117676225656,0.113,-0.2584704720321487,-0.4267145730732967,0.113,-0.2782004610828004,-0.4128139172998106,0.113,-0.2584704720321487,-0.4267145730732967,0.113,7283073.57950173,7283073.62950173,0.05155976954847574,0.049999999813735485,1,True,2315,6,2.0264962139237217,5.134741823764673,3.599941730499101e-06,1,False,,True,282,0.028951299376785755,0.07917959988117218,12.629515702286167,False,False,False,,4.588231086730957,2.234741687774658,7.740777015686035,1.085579752922058,,,3.3554611206054688,False,0.266196664,0.712787611121,3,0.47019684314727783,-1.0,1.105027198791504,0.12516483664512634,-0.26619666814804077,0.294154554605484,0.26619666814804077,-0.26619666814804077,0.37645894289016724,0.2465934306383133,-0.2559398412704468,0.35540613532066345,0.2465934306383133,-0.2559398412704468,0.35540613532066345,0.24659347534179688,-0.2559398412704468,0.35540616512298584,False,False,1.0816995054483414,,,,,,,,,,,1.608399674296379,0.8725666403770447,-0.03740024194121361,0.8733678460121155,0.9503352046012878,-0.0283300019800663,942.1561279296875,106.45130920410156,942.1561279296875,106.45130920410156,8.764460563659668,1.0344568490982056,9.200743675231934,1.0157567262649536,0.4362831115722656,-0.018700122833251953,0.43668368458747864,0.2732357978820801,-0.025326848030090332,0.2744070887565613,0.5761077404022217,1.0249593257904053,0.0,2.0,1.5,3.0,True,,False,False,-0.3015978674271165,-0.3988473183581869,0.11296477556079838,False,,False,timeout
375,1787741868.8702595,18.750002100132406,0.049999600276350975,20.00015989073785,0.049999600276350975,20.00015989073785,2.169981598854065e-06,False,False,7283073.67950173,7283073.6835188,4.017069935798645,7283073.72950173,0.0,0.008020699955523014,124.67739792602576,0.04962316993623972,0.9924634024220087,375,374,-0.2716109024136021,-0.4180760100450133,0.113,-0.23991237391787643,-0.4390361848244166,0.113,-0.2584704720321487,-0.4267145730732967,0.113,-0.23991237391787643,-0.4390361848244166,0.113,7283073.62950173,7283073.67950173,0.04962316993623972,0.049999999813735485,1,True,2321,6,1.6406760724763219,5.44076325326686,2.0699955523013902e-05,1,False,,True,283,0.015345999971032143,0.0633209003135562,15.792573937643663,False,False,False,,4.834824562072754,1.9788018465042114,8.122777938842773,1.05675208568573,,,3.4147932529449463,False,0.266196664,0.712787611121,3,1.0,-0.8675615787506104,1.3238818645477295,0.26619666814804077,-0.2309419959783554,0.3524129390716553,0.26619666814804077,-0.12001575529575348,0.29200077056884766,0.260566383600235,-0.15905484557151794,0.30527573823928833,0.260566383600235,-0.15905484557151794,0.30527573823928833,0.26056623458862305,-0.15905487537384033,0.30527564883232117,False,False,1.1597005650401115,,,,,,,,,,,1.5286998823285103,0.7917225956916809,-0.05963858589529991,0.7939656376838684,0.8725666403770447,-0.03740024194121361,982.6923828125,103.32624816894531,982.6923828125,103.32624816894531,9.200743675231934,1.0157567262649536,9.59660530090332,0.9859374165534973,0.3958616256713867,-0.0298193097114563,0.39698314666748047,0.3820009231567383,-0.028827667236328125,0.3830871284008026,0.876801609992981,1.0787450075149536,0.0,2.0,1.5,3.0,True,,False,False,-0.28519159745658634,-0.408870291314356,0.11303552859581079,False,,False,timeout
376,1787741868.9269662,18.8051998000592,0.055197699926793575,18.116696915383404,0.055197699926793575,18.116696915383404,0.005199870094656944,True,False,7283073.72950173,7283073.739246,9.744269773364067,7283073.77950173,0.0,0.008034399710595608,124.46480583748152,0.05569157004356384,1.0,376,375,-0.25658099235741766,-0.42783429399941936,0.113,-0.22292738241985044,-0.44947728119107966,0.113,-0.23991237391787643,-0.4390361848244166,0.113,-0.22292738241985044,-0.44947728119107966,0.113,7283073.67950173,7283073.72950173,0.05569157004356384,0.049999999813735485,1,True,2328,6,1.8724785467969074,5.873530240285421,3.439971059560759e-05,1,False,,False,,,,,False,False,False,,5.095390796661377,1.819746971130371,8.432381629943848,1.0422295331954956,,,3.4263741970062256,False,0.266196664,0.712787611121,3,1.0,-0.8177504539489746,1.29178786277771,0.26619666814804077,-0.21768245100975037,0.3438696265220642,0.26619666814804077,-0.26619666814804077,0.37645894289016724,0.26457953453063965,-0.2354242205619812,0.35415658354759216,0.26457953453063965,-0.2354242205619812,0.35415658354759216,0.26457929611206055,-0.23542428016662598,0.3541564643383026,False,False,1.6634995117783546,,,,,,,,,,,2.5818003341555595,0.7133672833442688,-0.08042220771312714,0.7178862690925598,0.7917225956916809,-0.05963858589529991,1019.216796875,99.11212158203125,1019.216796875,99.11212158203125,9.59660530090332,0.9859374165534973,9.953289031982422,0.9457263350486755,0.35668373107910156,-0.04021108150482178,0.3589431941509247,0.3096036911010742,-0.014522552490234375,0.3099440932273865,0.7804358005523682,1.165583848953247,0.0,2.0,1.5,3.0,True,,False,False,-0.272159688271081,-0.4174458229922969,0.11303865986614753,False,,False,timeout
377,1787741868.972576,18.850790199823678,0.04559039976447821,21.93444245205217,0.04559039976447821,21.93444245205217,0.0007902700453996658,False,False,7283073.77950173,7283073.7844613,4.9595702439546585,7283073.829501729,0.0,0.008009199984371662,124.85641536624111,0.05373026989400387,1.0,377,376,-0.2435473807956853,-0.43596136877316793,0.113,-0.2067210555687508,-0.4586208944528655,0.113,-0.22292738241985044,-0.44947728119107966,0.113,-0.2067210555687508,-0.4586208944528655,0.113,7283073.72950173,7283073.77950173,0.05373026989400387,0.049999999813735485,1,True,2334,6,1.8750085498754459,6.198772917819684,9.199984371661973e-06,1,False,,True,284,0.035687100142240524,0.06360880006104708,15.721095179287662,False,False,False,,5.3599700927734375,1.5843226909637451,8.73583984375,1.028357744216919,,,3.4213438034057617,False,0.266196664,0.712787611121,3,1.0,-1.0,1.4142135381698608,0.26619666814804077,-0.26619666814804077,0.37645894289016724,0.12516483664512634,-0.26619666814804077,0.294154554605484,0.1652064025402069,-0.25735846161842346,0.3058210611343384,0.1652064025402069,-0.25735846161842346,0.3058210611343384,0.1652064323425293,-0.2573584318161011,0.3058210611343384,False,False,1.2723002582788467,,,,,,,,,,,1.6032001003623009,0.6840386986732483,-0.0908856987953186,0.6900501251220703,0.7133672833442688,-0.08042220771312714,1054.2396240234375,94.3497085571289,1054.2396240234375,94.3497085571289,9.953289031982422,0.9457263350486755,10.295308113098145,0.9002834558486938,0.34201908111572266,-0.04544287919998169,0.34502479434013367,0.30345821380615234,-0.01387178897857666,0.3037751019001007,0.8444290161132812,1.220250129699707,0.0,2.0,1.5,3.0,True,,False,False,-0.25936396860791666,-0.42589172032479544,0.11305862008841795,False,,False,timeout
378,1787741869.021146,18.900001499801874,0.04921129997819662,20.320536146028584,0.04921129997819662,20.320536146028584,1.5702098608016968e-06,False,False,7283073.829501729,7283073.8335244,4.0226709097623825,7283073.879501729,0.0,0.008009999990463257,124.84394521730395,0.05178847070783377,1.0,378,377,-0.23033674505332558,-0.44379717628084,0.113,-0.19089039338970473,-0.46675935086520254,0.113,-0.2067210555687508,-0.4586208944528655,0.113,-0.19089039338970473,-0.46675935086520254,0.113,7283073.77950173,7283073.829501729,0.05178847070783377,0.049999999813735485,1,True,2340,6,1.8838782612122282,6.448056087047706,9.99999046325667e-06,1,False,,True,285,0.017647599801421165,0.0806860001757741,12.393723791258761,False,False,False,,5.525176525115967,1.326964259147644,9.036921501159668,1.010690689086914,,,3.525958299636841,True,0.266196664,0.712787611121,3,1.0,0.6006358861923218,1.1665176153182983,0.26619666814804077,0.15988726913928986,0.310523122549057,0.26619666814804077,-0.2309419959783554,0.3524129390716553,0.23719102144241333,-0.23852911591529846,0.3363862633705139,0.23719102144241333,-0.23852911591529846,0.3363862633705139,0.23719120025634766,-0.23852908611297607,0.33638638257980347,False,False,1.1358000338077545,,,,,,,,,,,1.5802998095750809,0.6227032542228699,-0.1018492728471756,0.6309775114059448,0.6840386986732483,-0.0908856987953186,1086.1219482421875,89.01280212402344,1086.1219482421875,89.01280212402344,10.295308113098145,0.9002834558486938,10.606659889221191,0.8493587970733643,0.3113517761230469,-0.05092465877532959,0.31548890471458435,0.30108165740966797,-0.017667055130004883,0.30159956216812134,0.8717799186706543,1.2632207870483398,0.0,2.0,1.5,3.0,True,,False,False,-0.24649316984012237,-0.43410857188748553,0.11297523461181927,False,,False,timeout
379,1787741869.0707357,18.950001399964094,0.04999990016222,20.00003993519174,0.04999990016222,20.00003993519174,1.4705583453178406e-06,False,False,7283073.879501729,7283073.8834096,3.907870501279831,7283073.929501729,0.0,0.00801329966634512,124.79253761092674,0.04983467049896717,0.9966934136923157,379,378,-0.21696874421825418,-0.4513615597884552,0.113,-0.17619718579655796,-0.47404056793757904,0.113,-0.19089039338970473,-0.46675935086520254,0.113,-0.17619718579655796,-0.47404056793757904,0.113,7283073.829501729,7283073.879501729,0.04983467049896717,0.049999999813735485,1,True,2346,6,1.630402982615484,6.295809506049421,1.329966634511931e-05,1,False,,True,286,0.006786799989640713,0.06701079942286015,14.922967769563106,False,False,False,,5.7623677253723145,1.088435173034668,9.38759708404541,0.9814159274101257,,,3.6268086433410645,True,0.266196664,0.712787611121,3,1.0,-0.8297847509384155,1.2994394302368164,0.26619666814804077,-0.22088593244552612,0.34590643644332886,0.26619666814804077,-0.21768245100975037,0.3438696265220642,0.25786593556404114,-0.2236698567867279,0.34135472774505615,0.25786593556404114,-0.2236698567867279,0.34135472774505615,0.25786590576171875,-0.2236698865890503,0.34135472774505615,False,False,1.0941000655293465,,,,,,,,,,,1.5717996284365654,0.616778552532196,-0.0925876647233963,0.6236892342567444,0.6227032542228699,-0.1018492728471756,1117.7010498046875,84.16120910644531,1117.7010498046875,84.16120910644531,10.606659889221191,0.8493587970733643,10.91504955291748,0.8030649423599243,0.30838966369628906,-0.04629385471343994,0.31184500455856323,0.3506755828857422,-0.02927476167678833,0.35189542174339294,1.111932635307312,1.2261946201324463,0.0,2.0,1.5,3.0,True,,False,False,-0.23113811646629648,-0.44329621188860086,0.11297897803837922,False,,False,timeout
380,1787741869.1234038,19.0026785004884,0.0526771005243063,18.98358091175841,0.0526771005243063,18.98358091175841,0.00267857126891613,True,False,7283073.929501729,7283073.9361027,6.600971333682537,7283073.979501729,0.0,0.008017700165510178,124.72404546901245,0.0558807710185647,1.0,380,379,-0.20122474038361096,-0.4599199900118007,0.113,-0.1618438638552709,-0.4810548412219769,0.113,-0.17619718579655796,-0.47404056793757904,0.113,-0.1618438638552709,-0.4810548412219769,0.113,7283073.879501729,7283073.929501729,0.0558807710185647,0.049999999813735485,1,True,2353,6,1.889301516662624,6.35863059393153,1.7700165510177446e-05,1,False,,False,,,,,False,False,False,,6.020233631134033,0.8647652864456177,9.686012268066406,0.9503297209739685,,,3.6667771339416504,True,0.266196664,0.712787611121,3,1.0,1.0,1.4142135381698608,0.26619666814804077,0.26619666814804077,0.37645894289016724,0.26619666814804077,-0.26619666814804077,0.37645894289016724,0.26380395889282227,-0.25398245453834534,0.3661961555480957,0.26380395889282227,-0.25398245453834534,0.3661961555480957,0.26380395889282227,-0.25398242473602295,0.3661961257457733,False,False,1.6211997717618942,,,,,,,,,,,1.9375002011656761,0.6299808025360107,-0.07169105112552643,0.6340468525886536,0.616778552532196,-0.0925876647233963,1149.9559326171875,80.40459442138672,1149.9559326171875,80.40459442138672,10.91504955291748,0.8030649423599243,11.230039596557617,0.7672194242477417,0.3149900436401367,-0.03584551811218262,0.31702306866645813,0.2984151840209961,-0.031086206436157227,0.3000299632549286,0.9611294865608215,1.2378286123275757,0.0,2.0,1.5,3.0,True,,False,False,-0.21779799531843388,-0.45084970385812645,0.11294385694876025,False,,False,timeout
381,1787741869.1709776,19.050002600066364,0.04732409957796335,21.13088276201781,0.04732409957796335,21.13088276201781,2.6710331439971924e-06,False,False,7283073.979501729,7283073.9834052,3.9034709334373474,7283074.029501729,0.0,0.00800199992954731,124.96875891082045,0.04591857083141804,0.9183714200495608,381,380,-0.18994855097187643,-0.4659770148389711,0.113,-0.14739276135990959,-0.48884762790926967,0.113,-0.1618438638552709,-0.4810548412219769,0.113,-0.14739276135990959,-0.48884762790926967,0.113,7283073.929501729,7283073.979501729,0.04591857083141804,0.049999999813735485,1,True,2358,6,1.6284981202435724,6.459707979358356,1.999929547309709e-06,1,False,,True,287,0.026219000108540058,0.06085960008203983,16.431261438655234,False,False,False,,6.2840375900268555,0.6107828617095947,9.984195709228516,0.9155212640762329,,,3.7126858234405518,True,0.266196664,0.712787611121,3,1.0,-0.07364451885223389,1.002708077430725,0.26619666814804077,-0.019603924825787544,0.26691755652427673,0.26619666814804077,0.15988726913928986,0.310523122549057,0.2655094563961029,0.0410187691450119,0.2686592936515808,0.2655094563961029,0.041018784046173096,0.2686592936515808,0.26550960540771484,0.041018784046173096,0.26865944266319275,False,False,1.1319005861878395,,,,,,,,,,,1.609499566257,0.634540855884552,-0.029541444033384323,0.635228157043457,0.6299808025360107,-0.07169105112552643,1182.444580078125,78.85662078857422,1182.444580078125,78.85662078857422,11.230039596557617,0.7672194242477417,11.547309875488281,0.7524486780166626,0.31727027893066406,-0.014770746231079102,0.3176139295101166,0.2981834411621094,-0.034808456897735596,0.3002082407474518,0.946956217288971,1.2546395063400269,0.0,2.0,1.5,3.0,True,,False,False,-0.204281865583378,-0.4582467696942435,0.11299612523337312,False,,False,timeout
382,1787741869.2221787,19.10000430047512,0.05000170040875673,19.99931985962764,0.05000170040875673,19.99931985962764,4.371628165245056e-06,False,False,7283074.029501729,7283074.0343673,4.865570925176144,7283074.0795017285,0.0,0.007998100481927395,125.02968701876304,0.052416871301829815,1.0,382,381,-0.1742713116184703,-0.4746566745146271,0.113,-0.13322642508621502,-0.49786566728493836,0.113,-0.14739276135990959,-0.48884762790926967,0.113,-0.13322642508621502,-0.49786566728493836,0.113,7283073.979501729,7283074.029501729,0.052416871301829815,0.049999999813735485,1,True,2365,6,2.0188887226506296,6.734063358227049,0.0,1,False,,True,288,0.011395100504159927,0.0808599004521966,12.367069392958108,False,False,False,,6.54954719543457,0.6518016457557678,10.25410270690918,0.8821117877960205,,,3.711707830429077,True,0.266196664,0.712787611121,3,1.0,-0.8981437683105469,1.3441213369369507,0.26619666814804077,-0.23908287286758423,0.3578006327152252,0.26619666814804077,-0.22088593244552612,0.34590643644332886,0.26599934697151184,-0.14566364884376526,0.30327141284942627,0.26599934697151184,-0.14566364884376526,0.30327141284942627,0.26599931716918945,-0.14566367864608765,0.30327141284942627,False,False,1.2825997546315193,,,,,,,,,,,1.924099400639534,0.6231391429901123,-0.002123188227415085,0.6231427788734436,0.634540855884552,-0.029541444033384323,1214.3492431640625,78.745361328125,1214.3492431640625,78.745361328125,11.547309875488281,0.7524486780166626,11.858879089355469,0.7513870596885681,0.3115692138671875,-0.0010616183280944824,0.31157100200653076,0.26990699768066406,-0.0334094762802124,0.2719668745994568,0.8537682890892029,1.2996912002563477,0.0,2.0,1.5,3.0,True,,False,False,-0.19193291807183185,-0.4648761457613812,0.11299093147774261,False,,False,timeout
383,1787741869.2708778,19.15000250004232,0.04999819956719875,20.000720199053898,0.04999819956719875,20.000720199053898,2.571381628513336e-06,False,False,7283074.0795017285,7283074.0841271,4.625371657311916,7283074.129501728,0.0,0.007996199652552605,125.05940865055474,0.05047327093780041,1.0,383,382,-0.16106811606426075,-0.48250438279027325,0.113,-0.1201802769623798,-0.507500581373827,0.113,-0.13322642508621502,-0.49786566728493836,0.113,-0.1201802769623798,-0.507500581373827,0.113,7283074.029501729,7283074.0795017285,0.05047327093780041,0.049999999813735485,1,True,2371,6,1.8912697047169353,6.683413722049942,0.0,1,False,,True,289,0.03162410017102957,0.06453830003738403,15.494675245873328,False,False,False,,6.81554651260376,0.5061379671096802,10.5738525390625,0.8453871607780457,,,3.7735865116119385,True,0.266196664,0.712787611121,3,1.0,-0.30216920375823975,1.0446560382843018,0.26619666814804077,-0.08043643832206726,0.2780839502811432,0.26619666814804077,0.26619666814804077,0.37645894289016724,0.2661399841308594,0.14790527522563934,0.30447736382484436,0.2661399841308594,0.14790529012680054,0.30447736382484436,0.2661399841308594,0.14790529012680054,0.30447736382484436,False,False,1.1369995772838593,,,,,,,,,,,1.950499601662159,0.6328981518745422,0.04496798291802406,0.6344936490058899,0.6231391429901123,-0.002123188227415085,1246.753662109375,81.1016845703125,1246.753662109375,81.1016845703125,11.858879089355469,0.7513870596885681,12.175328254699707,0.7738710641860962,0.3164491653442383,0.022484004497528076,0.3172469139099121,0.3197498321533203,-0.036724627017974854,0.321851909160614,1.0266458988189697,1.2884600162506104,0.0,2.0,1.5,3.0,True,,False,False,-0.17735695123882725,-0.47289380314142565,0.11302677810616847,False,,False,timeout
384,1787741869.3224247,19.20067729987204,0.05067479982972145,19.733674397535292,0.05067479982972145,19.733674397535292,0.0006773713976144791,False,False,7283074.129501728,7283074.1345825,5.080771632492542,7283074.179501728,0.0,0.008001000620424747,124.98436726116805,0.04849487170577049,0.9698974377285594,384,383,-0.14823233953197817,-0.4909377976672808,0.113,-0.10824924122141981,-0.5184848816090254,0.113,-0.1201802769623798,-0.507500581373827,0.113,-0.10824924122141981,-0.5184848816090254,0.113,7283074.0795017285,7283074.129501728,0.04849487170577049,0.049999999813735485,1,True,2377,6,1.9128917112685255,6.767931015611986,1.0006204247473005e-06,1,False,,True,290,0.048662399873137474,0.02976559940725565,33.59582941092194,False,False,False,,7.081686496734619,0.6540432572364807,10.864861488342285,0.8168427348136902,,,3.7866761684417725,True,0.266196664,0.712787611121,3,1.0,-0.8365024924278259,1.3037394285202026,0.26619666814804077,-0.2226741760969162,0.34705108404159546,0.26619666814804077,-0.019603924825787544,0.26691755652427673,0.2661803960800171,0.028506798669695854,0.26770251989364624,0.2661803960800171,0.028506800532341003,0.26770251989364624,0.26618051528930664,0.028506815433502197,0.2677026391029358,False,False,1.26700010150671,,,,,,,,,,,1.6649002209305763,0.6273737549781799,0.07555179297924042,0.6319065690040588,0.6328981518745422,0.04496798291802406,1278.875244140625,85.06060028076172,1278.875244140625,85.06060028076172,12.175328254699707,0.7738710641860962,12.489015579223633,0.8116469383239746,0.3136873245239258,0.03777587413787842,0.31595373153686523,0.29100894927978516,-0.02854442596435547,0.29240551590919495,0.9086114764213562,1.3111711740493774,0.0,2.0,1.5,3.0,True,,False,False,-0.16422838443771617,-0.4804477454674049,0.11302867266075124,False,,False,timeout
385,1787741869.3709335,19.25000170059502,0.0493244007229805,20.27394120034579,0.0493244007229805,20.27394120034579,1.7723068594932556e-06,False,False,7283074.179501728,7283074.183425,3.923271782696247,7283074.229501728,0.0,0.008002999238669872,124.95315445840323,0.046531771309673786,0.9306354296603628,385,384,-0.13583008128600452,-0.49999712933697066,0.113,-0.09669203351034802,-0.5299183645194836,0.113,-0.10824924122141981,-0.5184848816090254,0.113,-0.09669203351034802,-0.5299183645194836,0.113,7283074.129501728,7283074.179501728,0.046531771309673786,0.049999999813735485,1,True,2383,6,1.8965029012498205,6.822829585327817,2.9992386698721174e-06,1,False,,True,291,0.018986000679433346,0.03363690059632063,29.72925514158058,False,False,False,,7.347867012023926,0.6825500726699829,11.164117813110352,0.7980490922927856,,,3.817998170852661,True,0.266196664,0.712787611121,3,1.0,-1.0,1.4142135381698608,0.26619666814804077,-0.26619666814804077,0.37645894289016724,0.26619666814804077,-0.23908287286758423,0.3578006327152252,0.2661920189857483,-0.1622277945280075,0.3117307126522064,0.2661920189857483,-0.1622277945280075,0.3117307126522064,0.2661919593811035,-0.1622278094291687,0.31173068284988403,False,False,1.083199866116047,,,,,,,,,,,1.5559997409582138,0.6329373121261597,0.12086904048919678,0.6443748474121094,0.6273737549781799,0.07555179297924042,1311.281494140625,91.39413452148438,1311.281494140625,91.39413452148438,12.489015579223633,0.8116469383239746,12.8054838180542,0.872081458568573,0.3164682388305664,0.06043452024459839,0.32218703627586365,0.2992563247680664,-0.01879364252090454,0.2998458743095398,0.9332464933395386,1.3249675035476685,0.0,2.0,1.5,3.0,True,,False,False,-0.15109088513673385,-0.4887374873713041,0.11302557497730965,False,,False,timeout
386,1787741869.4205468,19.300001500174403,0.04999979957938194,20.000080168568573,0.04999979957938194,20.000080168568573,1.5720725059509277e-06,False,False,7283074.229501728,7283074.2335776,4.075871780514717,7283074.279501728,0.0,0.008004700765013695,124.92659367989368,0.052562772296369076,1.0,386,385,-0.12195591067095105,-0.5113348458764981,0.113,-0.08549329601762966,-0.5425334299749399,0.113,-0.09669203351034802,-0.5299183645194836,0.113,-0.08549329601762966,-0.5425334299749399,0.113,7283074.179501728,7283074.229501728,0.052562772296369076,0.049999999813735485,1,True,2390,6,2.138114839537232,6.9367467182367095,4.700765013694597e-06,1,False,,True,292,0.004965299740433693,0.07900339923799038,12.657683209143864,False,False,False,,7.614058971405029,0.5203222632408142,11.463836669921875,0.7927852869033813,,,3.8594071865081787,True,0.266196664,0.712787611121,3,1.0,-1.0,1.4142135381698608,0.26619666814804077,-0.26619666814804077,0.37645894289016724,0.26619666814804077,-0.08043643832206726,0.2780839502811432,0.2661953270435333,-0.10392794013023376,0.28576382994651794,0.2661953270435333,-0.10392794013023376,0.28576382994651794,0.26619529724121094,-0.10392794013023376,0.28576380014419556,False,False,1.1115996167063713,,,,,,,,,,,1.7695995047688484,0.6260200142860413,0.18494196236133575,0.6527668833732605,0.6329373121261597,0.12086904048919678,1343.3338623046875,101.08509826660156,1343.3338623046875,101.08509826660156,12.8054838180542,0.872081458568573,13.118494033813477,0.9645524621009827,0.31301021575927734,0.09247100353240967,0.32638365030288696,0.29971885681152344,-0.005263805389404297,0.29976508021354675,0.9106869101524353,1.3439885377883911,0.0,2.0,1.5,3.0,True,,False,False,-0.13842417560057285,-0.4976985526311426,0.1130355448926267,False,,False,timeout
387,1787741869.4742265,19.352491799741983,0.05249029956758022,19.051139129288448,0.05249029956758022,19.051139129288448,0.002491871826350689,True,False,7283074.279501728,7283074.2865682,7.0664724335074425,7283074.329501728,0.0,0.00800270028412342,124.95782229704426,0.05058547202497721,1.0,387,386,-0.11080843103281067,-0.521897147256086,0.113,-0.0762616713230899,-0.55657459499053,0.113,-0.08549329601762966,-0.5425334299749399,0.113,-0.0762616713230899,-0.55657459499053,0.113,7283074.229501728,7283074.279501728,0.05058547202497721,0.049999999813735485,1,True,2396,6,1.8732137519217624,6.767749785115949,2.700284123420549e-06,1,False,,False,,,,,False,False,False,,7.88025426864624,0.41639432311058044,11.812305450439453,0.8036847114562988,,,3.951078414916992,True,0.266196664,0.712787611121,3,1.0,-0.6365019083023071,1.1853837966918945,0.26619666814804077,-0.16943468153476715,0.3155452311038971,0.26619666814804077,-0.2226741760969162,0.34705108404159546,0.26619628071784973,-0.18856878578662872,0.32621872425079346,0.26619628071784973,-0.18856878578662872,0.32621872425079346,0.26619672775268555,-0.11639431118965149,0.29053112864494324,False,True,1.719399355351925,,,,,,,,,,,2.4351002648472786,0.5943097472190857,0.23025931417942047,0.6373565793037415,0.6260200142860413,0.18494196236133575,1373.7623291015625,113.15068054199219,1373.7623291015625,113.15068054199219,13.118494033813477,0.9645524621009827,13.415648460388184,1.0796821117401123,0.29715442657470703,0.11512964963912964,0.3186778724193573,0.3484687805175781,0.01089942455291748,0.34863919019699097,1.0333802700042725,1.3160573244094849,0.0,2.0,1.5,3.0,True,,False,False,-0.12433184103012224,-0.508935311553003,0.11303425331772504,False,,False,timeout
388,1787741869.520774,19.400002400390804,0.0475106006488204,21.047934278743497,0.0475106006488204,21.047934278743497,2.4726614356040955e-06,False,False,7283074.329501728,7283074.3332248,3.7230728194117546,7283074.379501727,0.0,0.008005199953913689,124.91880349735757,0.048607672564685345,0.9721534549152607,388,387,-0.10050288077711696,-0.5332821174841004,0.113,-0.06864767291701881,-0.5708363545159613,0.113,-0.0762616713230899,-0.55657459499053,0.113,-0.06864767291701881,-0.5708363545159613,0.113,7283074.279501728,7283074.329501728,0.048607672564685345,0.049999999813735485,1,True,2402,6,1.8749347775809773,6.799020369771609,5.199953913688493e-06,1,False,,True,293,0.03930690046399832,0.06401770003139973,15.620679898051865,False,False,False,,8.146450996398926,0.30000001192092896,12.108865737915039,0.8296722173690796,,,3.997659683227539,True,0.266196664,0.712787611121,3,1.0,-1.0,1.4142135381698608,0.26619666814804077,-0.26619666814804077,0.37645894289016724,0.26619666814804077,-0.26619666814804077,0.37645894289016724,0.26619669795036316,-0.22317157685756683,0.347370445728302,0.26619669795036316,-0.22317157685756683,0.347370445728302,0.26619625091552734,0.0,0.26619625091552734,False,True,1.079600304365158,,,,,,,,,,,1.4618001878261566,0.516627848148346,0.2981659471988678,0.5964958071708679,0.5943097472190857,0.23025931417942047,1400.2137451171875,128.7745819091797,1400.2137451171875,128.7745819091797,13.415648460388184,1.0796821117401123,13.673962593078613,1.2287651300430298,0.2583141326904297,0.14908301830291748,0.2982481122016907,0.29656028747558594,0.02598750591278076,0.2976967394351959,0.8972045183181763,1.330483317375183,0.0,2.0,1.5,3.0,True,,False,False,-0.11298200578759533,-0.5192889623728693,0.1130330306545887,False,,False,timeout
389,1787741869.5703564,19.45000210031867,0.04999969992786646,20.000120029573768,0.04999969992786646,20.000120029573768,2.1727755665779114e-06,False,False,7283074.379501727,7283074.3833277,3.8259727880358696,7283074.429501727,0.0,0.008004600182175636,124.92816346115139,0.04663507267832756,0.9327014570411349,389,388,-0.0912075485977722,-0.5455037159185113,0.113,-0.06345221961054576,-0.585417987368368,0.113,-0.06864767291701881,-0.5708363545159613,0.113,-0.06345221961054576,-0.585417987368368,0.113,7283074.329501728,7283074.379501727,0.04663507267832756,0.049999999813735485,1,True,2408,6,1.8638448415984312,6.724610060219166,4.600182175636125e-06,1,False,,True,294,0.010530800558626652,0.06589930038899183,15.174667926627112,False,False,False,,8.412647247314453,0.30000001192092896,12.406265258789062,0.8752472400665283,,,4.034834861755371,True,0.266196664,0.712787611121,3,1.0,-1.0,1.4142135381698608,0.26619666814804077,-0.26619666814804077,0.37645894289016724,0.26619666814804077,-0.26619666814804077,0.37645894289016724,0.2661965489387512,-0.18974168598651886,0.3268983066082001,0.2661965489387512,-0.18974168598651886,0.3268983066082001,0.26619625091552734,0.0,0.26619625091552734,False,True,1.0805996134877205,,,,,,,,,,,1.5230001881718636,0.4690967798233032,0.3694305419921875,0.5971019268035889,0.516627848148346,0.2981659471988678,1424.2315673828125,148.13275146484375,1424.2315673828125,148.13275146484375,13.673962593078613,1.2287651300430298,13.9085111618042,1.4134804010391235,0.23454856872558594,0.18471527099609375,0.29855111241340637,0.29739952087402344,0.04557502269744873,0.300871342420578,0.9400240182876587,1.3160666227340698,0.0,2.0,1.5,3.0,True,,False,False,-0.10237138544805877,-0.5305788912639932,0.11310057418843153,False,,False,timeout
390,1787741869.6250515,19.50429659988731,0.054294499568641186,18.41807195838985,0.054294499568641186,18.41807195838985,0.004296672530472279,True,False,7283074.429501727,7283074.4375558,8.054072968661785,7283074.479501727,0.0,0.008029099553823471,124.54696735249699,0.05283987242728472,1.0,390,389,-0.08215186303004776,-0.5609505684904805,0.113,-0.06144598213536314,-0.601123694872622,0.113,-0.06345221961054576,-0.585417987368368,0.113,-0.06144598213536314,-0.601123694872622,0.113,7283074.379501727,7283074.429501727,0.05283987242728472,0.049999999813735485,1,True,2415,6,1.8797168376028777,6.3985510790584215,2.9099553823470903e-05,1,False,,True,295,0.0014883996918797493,0.07853659987449646,12.732916902412711,False,False,False,,8.67884349822998,0.30000001192092896,12.74431324005127,0.9514907002449036,,,4.117339611053467,True,0.266196664,0.712787611121,3,1.0,-1.0,1.4142135381698608,0.26619666814804077,-0.26619666814804077,0.37645894289016724,0.26619666814804077,-0.16943468153476715,0.3155452311038971,0.2661965489387512,-0.12077094614505768,0.2923118472099304,0.2661965489387512,-0.12077094614505768,0.2923118472099304,0.26619625091552734,0.0,0.26619625091552734,False,True,1.075100153684616,,,,,,,,,,,1.4772005379199982,0.3973289728164673,0.46733224391937256,0.6134082674980164,0.4690967798233032,0.3694305419921875,1444.57470703125,172.62094116210938,1444.57470703125,172.62094116210938,13.9085111618042,1.4134804010391235,14.107175827026367,1.647146463394165,0.19866466522216797,0.2336660623550415,0.30670422315597534,0.33804798126220703,0.07624346017837524,0.34653931856155396,1.0475609302520752,1.2525140047073364,0.0,2.0,1.5,3.0,True,,False,False,-0.0912954134133756,-0.5445273018233642,0.11307305699902533,False,,False,timeout
391,1787741869.671594,19.550003199838102,0.045706599950790405,21.878678376353545,0.045706599950790405,21.878678376353545,3.2726675271987915e-06,False,False,7283074.479501727,7283074.4840777,4.575973376631737,7283074.529501727,0.0,0.008006300777196884,124.90162783393627,0.0508665731176734,1.0,391,390,-0.07651054347718737,-0.5752234407053385,0.113,-0.06262012153764061,-0.6171684738094034,0.113,-0.06144598213536314,-0.601123694872622,0.113,-0.06262012153764061,-0.6171684738094034,0.113,7283074.429501727,7283074.479501727,0.0508665731176734,0.049999999813735485,1,True,2421,6,2.128205253691097,6.543986601050324,6.300777196883989e-06,1,False,,False,,,,,False,False,False,,8.945039749145508,0.30000001192092896,12.983522415161133,1.0293132066726685,,,4.1038079261779785,True,0.266196664,0.712787611121,3,1.0,-0.960828423500061,1.386791706085205,0.26619666814804077,-0.2557693123817444,0.3691593110561371,0.26619666814804077,-0.26619666814804077,0.37645894289016724,0.2661965489387512,-0.18974168598651886,0.3268983066082001,0.2661965489387512,-0.18974168598651886,0.3268983066082001,0.26619625091552734,0.0,0.26619625091552734,False,True,1.9480995833873749,,,,,,,,,,,2.3356005549430847,0.2941960096359253,0.6287202835083008,0.6941472887992859,0.3973289728164673,0.46733224391937256,1459.6375732421875,205.56588745117188,1459.6375732421875,205.56588745117188,14.107175827026367,1.647146463394165,14.254273414611816,1.9615066051483154,0.14709758758544922,0.3143601417541504,0.3470734655857086,0.23920917510986328,0.07782250642776489,0.25154992938041687,0.698508083820343,1.2823084592819214,0.0,2.0,1.5,3.0,True,,False,False,-0.08443009741009515,-0.5554701032360891,0.11310992958452405,False,,False,timeout
392,1787741869.7201462,19.60000229999423,0.049999100156128407,20.000359944026506,0.049999100156128407,20.000359944026506,2.3730099201202393e-06,False,False,7283074.529501727,7283074.5332235,3.7217726930975914,7283074.579501727,0.0,0.008022899739444256,124.64321286274354,0.04889917280524969,0.9779834597482661,392,391,-0.07368655183602495,-0.5902946854923597,0.113,-0.06924025880340061,-0.6352390195518558,0.113,-0.06262012153764061,-0.6171684738094034,0.113,-0.06924025880340061,-0.6352390195518558,0.113,7283074.479501727,7283074.529501727,0.04889917280524969,0.049999999813735485,1,True,2427,6,1.8764830621864026,6.389391733572292,2.2899739444255662e-05,1,False,,True,296,0.030766800045967102,0.06333919987082481,15.788011248001542,False,False,False,,9.211236000061035,0.30000001192092896,13.30292797088623,1.1723021268844604,,,4.183640956878662,True,0.266196664,0.712787611121,3,1.0,0.12477505207061768,1.0077543258666992,0.26619666814804077,0.03321470320224762,0.2682608366012573,0.26619666814804077,-0.26619666814804077,0.37645894289016724,0.2661965489387512,-0.18974168598651886,0.3268983066082001,0.2661965489387512,-0.18974168598651886,0.3268983066082001,0.26619625091552734,0.0,0.26619625091552734,False,True,1.080700196325779,,,,,,,,,,,1.5129996463656425,0.1964002251625061,0.7948638796806335,0.818768322467804,0.2941960096359253,0.6287202835083008,1469.6932373046875,247.2167510986328,1469.6932373046875,247.2167510986328,14.254273414611816,1.9615066051483154,14.352473258972168,2.358938455581665,0.09819984436035156,0.3974318504333496,0.4093840420246124,0.31940555572509766,0.142988920211792,0.3499510586261749,0.7631894946098328,1.2360832691192627,0.0,2.0,1.5,3.0,True,,False,False,-0.07686642947431621,-0.5718021010803016,0.11317767452165457,False,,False,timeout
393,1787741869.7707436,19.65000220015645,0.04999990016222,20.00003993519174,0.04999990016222,20.00003993519174,2.273358404636383e-06,False,False,7283074.579501727,7283074.5833778,3.8760732859373093,7283074.6295017265,0.0,0.008020699955523014,124.67739792602576,0.046970972791314125,0.9394194593258927,393,392,-0.07428381301988099,-0.6056123119858939,0.113,-0.08115375978908711,-0.655178364158975,0.113,-0.06924025880340061,-0.6352390195518558,0.113,-0.08115375978908711,-0.655178364158975,0.113,7283074.529501727,7283074.579501727,0.046970972791314125,0.049999999813735485,1,True,2433,6,1.894635387175792,6.894129209890336,2.0699955523013902e-05,1,False,,True,297,0.0035137999802827835,0.06666410062462091,15.00057738168408,False,False,False,,9.477432250976562,0.30000001192092896,13.549241065979004,1.33548903465271,,,4.201412200927734,True,0.266196664,0.712787611121,3,1.0,-1.0,1.4142135381698608,0.26619666814804077,-0.26619666814804077,0.37645894289016724,0.26619666814804077,-0.26619666814804077,0.37645894289016724,0.2661965489387512,-0.18974168598651886,0.3268983066082001,0.2661965489387512,-0.18974168598651886,0.3268983066082001,0.26619625091552734,0.0,0.26619625091552734,False,True,1.142200082540512,,,,,,,,,,,1.4917002990841866,0.09854043275117874,1.0,1.0048433542251587,0.1964002251625061,0.7948638796806335,1474.738525390625,299.61676025390625,1474.738525390625,299.61676025390625,14.352473258972168,2.358938455581665,14.40174388885498,2.858938455581665,0.0492706298828125,0.5,0.5024217367172241,0.24631309509277344,0.1631869077682495,0.2954659163951874,0.5313012599945068,1.3010114431381226,0.0,2.0,1.5,3.0,True,,False,False,-0.07319806122279765,-0.5866978580573504,0.11317000192355164,False,,False,timeout
394,1787741869.8234386,19.701664100401103,0.051661900244653225,19.356624422724277,0.051661900244653225,19.356624422724277,0.0016641737893223763,True,False,7283074.6295017265,7283074.6354175,5.9157731011509895,7283074.679501726,0.0,0.008001799695193768,124.9718860871566,0.05300057306885719,1.0,394,393,-0.07898492019882801,-0.6228696934161599,0.113,-0.09851346410139954,-0.6772011774129779,0.113,-0.08115375978908711,-0.655178364158975,0.113,-0.09851346410139954,-0.6772011774129779,0.113,7283074.579501727,7283074.6295017265,0.05300057306885719,0.049999999813735485,1,True,2440,6,2.172405393480438,7.943591488531188,1.799695193767381e-06,1,False,,False,,,,,False,False,False,,9.74362850189209,0.30000001192092896,13.757344245910645,1.5382916927337646,,,4.200390815734863,True,0.266196664,0.712787611121,3,1.0,-1.0,1.4142135381698608,0.26619666814804077,-0.26619666814804077,0.37645894289016724,0.26619666814804077,-0.2557693123817444,0.3691593110561371,0.2661965489387512,-0.18230919539928436,0.3226410448551178,0.2661965489387512,-0.18230919539928436,0.3226410448551178,0.26619625091552734,0.0,0.26619625091552734,False,True,1.5919003635644913,,,,,,,,,,,2.3124003782868385,0.02339518815279007,1.0,1.000273585319519,0.09854043275117874,1.0,1475.9364013671875,352.0167541503906,1475.9364013671875,352.0167541503906,14.40174388885498,2.858938455581665,14.41344165802002,3.358938455581665,0.011697769165039062,0.5,0.5001368522644043,0.20810317993164062,0.2028026580810547,0.2905784845352173,0.4423236846923828,1.4694756269454956,0.0,2.0,1.5,3.0,True,,False,False,-0.07273373395533692,-0.602064972306507,0.11314411613733164,False,,False,timeout
395,1787741869.8733585,19.750004400499165,0.04834030009806156,20.686673396140126,0.04834030009806156,20.686673396140126,4.474073648452759e-06,False,False,7283074.679501726,7283074.6851754,5.673673935234547,7283074.729501726,0.0,0.008127199485898018,123.0436144375635,0.0513360733166337,1.0,395,394,-0.08546658292782161,-0.6367854269223168,0.113,-0.11740262073191354,-0.6979513764488863,0.113,-0.09851346410139954,-0.6772011774129779,0.113,-0.11740262073191354,-0.6979513764488863,0.113,7283074.6295017265,7283074.679501726,0.0513360733166337,0.049999999813735485,1,True,2446,6,1.9271407695536356,8.827213483776958,0.00012719948589801772,1,False,,True,298,0.03907520044595003,0.0770193999633193,12.98374176475346,False,False,False,,10.009824752807617,0.30000001192092896,13.935382843017578,1.8175263404846191,,,4.2086687088012695,True,0.266196664,0.712787611121,3,1.0,-0.42299026250839233,1.085781216621399,0.26619666814804077,-0.11259859800338745,0.28903132677078247,0.26619666814804077,0.03321470320224762,0.2682608366012573,0.2661965489387512,0.02367503009736538,0.2672472894191742,0.2661965489387512,0.02367503009736538,0.2672472894191742,0.26619625091552734,0.02367502450942993,0.2672469913959503,False,False,1.746700145304203,,,,,,,,,,,2.5671999901533127,-0.04772051423788071,1.0,1.0011379718780518,0.02339518815279007,1.0,1473.4932861328125,404.416748046875,1473.4932861328125,404.416748046875,14.41344165802002,3.358938455581665,14.389581680297852,3.858938455581665,-0.02385997772216797,0.5,0.5005689859390259,0.1780385971069336,0.2792346477508545,0.3311642110347748,0.5664898157119751,1.6138436794281006,0.0,2.0,1.5,3.0,True,,False,False,-0.07657193037731248,-0.6196903042428634,0.11317056127268299,False,,False,timeout
396,1787741869.920453,19.80000269971788,0.04999829921871424,20.000680335656348,0.04999829921871424,20.000680335656348,2.773478627204895e-06,False,False,7283074.729501726,7283074.7335627,4.060974344611168,7283074.779501726,0.0,0.008019600063562393,124.6944974904134,0.049375973641872406,0.9875194765162448,396,395,-0.09335108023576776,-0.6499621817802222,0.113,-0.13666507254642007,-0.7169939872146432,0.113,-0.11740262073191354,-0.6979513764488863,0.113,-0.13666507254642007,-0.7169939872146432,0.113,7283074.679501726,7283074.729501726,0.049375973641872406,0.049999999813735485,1,True,2452,6,1.9185695723953937,9.899303295652413,1.9600063562393022e-05,1,False,,True,299,0.02412759978324175,0.06467079930007458,15.462929340952908,False,False,False,,10.276021003723145,0.3236750364303589,14.036165237426758,2.077988624572754,,,4.149252891540527,True,0.266196664,0.712787611121,3,1.0,0.95011305809021,1.3793892860412598,0.26619666814804077,0.25291693210601807,0.36718884110450745,0.26619666814804077,-0.26619666814804077,0.37645894289016724,0.2661965489387512,-0.18294192850589752,0.3229990005493164,0.2661965489387512,-0.18294192850589752,0.3229990005493164,0.26619625091552734,-0.02367502450942993,0.2672469913959503,False,True,1.1152001097798347,,,,,,,,,,,1.5551000833511353,-0.10231911391019821,1.0,1.0052210092544556,-0.04772051423788071,1.0,1468.25439453125,456.8167419433594,1468.25439453125,456.8167419433594,14.389581680297852,3.858938455581665,14.338421821594238,4.358938217163086,-0.05115985870361328,0.4999997615814209,0.5026102662086487,0.10078239440917969,0.26046228408813477,0.2792806625366211,0.5101442337036133,1.8156776428222656,0.0,2.0,1.5,3.0,True,,False,False,-0.08278531465592677,-0.6339483373689183,0.11311092923213328,False,,False,timeout
397,1787741869.9741147,19.854384399950504,0.05438170023262501,18.38853871288257,0.05438170023262501,18.38853871288257,0.0043844738975167274,True,False,7283074.779501726,7283074.7873958,7.89407454431057,7283074.829501726,0.0,0.00807959958910942,123.76850968554318,0.055486373603343964,1.0,397,396,-0.10375921826923441,-0.6645450680200351,0.113,-0.15663875492646678,-0.7347572739072373,0.113,-0.13666507254642007,-0.7169939872146432,0.113,-0.15663875492646678,-0.7347572739072373,0.113,7283074.729501726,7283074.779501726,0.055486373603343964,0.049999999813735485,1,True,2459,6,1.8949474961406036,10.684679748201562,7.959958910942061e-05,1,False,,False,,,,,False,False,False,,10.542217254638672,0.30000001192092896,14.107845306396484,2.3936073780059814,,,4.134839057922363,True,0.266196664,0.712787611121,3,1.0,1.0,1.4142135381698608,0.26619666814804077,0.26619666814804077,0.37645894289016724,0.26619666814804077,-0.26619666814804077,0.37645894289016724,0.2661965489387512,-0.1965414434671402,0.3308914303779602,0.2661965489387512,-0.1965414434671402,0.3308914303779602,0.26619625091552734,0.0,0.26619625091552734,False,True,1.0689999908208847,,,,,,,,,,,2.1473998203873634,-0.15877294540405273,1.0,1.0125259160995483,-0.10231911391019821,1.0,1460.125244140625,509.21673583984375,1460.125244140625,509.21673583984375,14.338421821594238,4.358938217163086,14.259035110473633,4.858938217163086,-0.07938671112060547,0.5,0.506263017654419,0.07168006896972656,0.31561875343322754,0.32365602254867554,0.6101810336112976,1.978810429573059,0.0,2.0,1.5,3.0,True,,False,False,-0.09227023698826227,-0.6494758059317868,0.11305701363089313,False,,False,timeout
398,1787741870.0237389,19.90000590030104,0.045621500350534916,21.919489545860035,0.045621500350534916,21.919489545860035,5.974434316158295e-06,False,False,7283074.829501726,7283074.8354158,5.914074368774891,7283074.879501726,0.0,0.008003399707376957,124.94690213688466,0.05351577419787645,1.0,398,397,-0.11350194729278443,-0.6764176532371019,0.113,-0.1776300659716721,-0.7516361206902823,0.113,-0.15663875492646678,-0.7347572739072373,0.113,-0.1776300659716721,-0.7516361206902823,0.113,7283074.779501726,7283074.829501726,0.05351577419787645,0.049999999813735485,1,True,2465,6,2.1394286613497133,12.023778196777334,3.399707376956773e-06,1,False,,True,300,0.044847000390291214,0.06471180077642202,15.453132009955649,False,False,False,,10.8084135055542,0.30000001192092896,14.141392707824707,2.621622085571289,,,4.061856746673584,True,0.266196664,0.712787611121,3,0.8947567939758301,1.0,1.3418605327606201,0.23818127810955048,0.26619666814804077,0.3571988046169281,0.26619666814804077,-0.11259859800338745,0.28903132677078247,0.2661965489387512,-0.08025889098644257,0.2780325412750244,0.2661965489387512,-0.08025889098644257,0.2780325412750244,0.26619625091552734,0.0,0.26619625091552734,False,True,1.802300103008747,,,,,,,,,,,2.3965006694197655,-0.17777404189109802,1.0,1.015678882598877,-0.15877294540405273,1.0,1451.023193359375,561.6167602539062,1451.023193359375,561.6167602539062,14.259035110473633,4.858938217163086,14.170147895812988,5.358938217163086,-0.08888721466064453,0.5,0.5078394412994385,0.033547401428222656,0.22801470756530762,0.23046937584877014,0.43442514538764954,2.2404069900512695,0.24040699005126953,2.0,1.5,3.0,True,,False,False,-0.09977700489619691,-0.6600063524263742,0.1131032550755392,False,,False,timeout
399,1787741870.0712864,19.95000320021063,0.049997299909591675,20.001080094490387,0.049997299909591675,20.001080094490387,3.2745301723480225e-06,False,False,7283074.879501726,7283074.8838387,4.336974583566189,7283074.929501725,0.0,0.008015000261366367,124.76605956211456,0.0517021743580699,1.0,399,398,-0.12380630828512701,-0.6878070669147469,0.113,-0.19819556236422145,-0.7675073460339497,0.113,-0.1776300659716721,-0.7516361206902823,0.113,-0.19819556236422145,-0.7675073460339497,0.113,7283074.829501726,7283074.879501726,0.0517021743580699,0.049999999813735485,1,True,2471,6,1.8786388600751251,12.780858820966113,1.5000261366367174e-05,1,False,,True,301,0.030360800214111805,0.07949969917535782,12.578663949334361,False,False,False,,11.074609756469727,0.30000001192092896,14.167998313903809,2.9425315856933594,,,4.068418025970459,True,0.266196664,0.712787611121,3,1.0,-0.5974823236465454,1.164897084236145,0.26619666814804077,-0.15904779732227325,0.31009170413017273,0.26619666814804077,0.25291693210601807,0.36718884110450745,0.2661965489387512,0.1802760660648346,0.3214965760707855,0.2661965489387512,0.1802760660648346,0.3214965760707855,0.26619625091552734,0.1802760660648346,0.3214963674545288,False,False,1.2709004804491997,,,,,,,,,,,1.5981998294591904,-0.23292994499206543,1.0,1.0267698764801025,-0.17777404189109802,1.0,1439.09716796875,614.0167236328125,1439.09716796875,614.0167236328125,14.170147895812988,5.358938217163086,14.053683280944824,5.858938217163086,-0.11646461486816406,0.5,0.5133848786354065,0.026605606079101562,0.3209095001220703,0.32201051712036133,0.6129867434501648,2.416407585144043,0.41640758514404297,2.0,1.5,3.0,True,,False,False,-0.11103918177413959,-0.6740258280165223,0.11307957223724727,False,,False,timeout
